2025-09-02 13:41:32.425 | INFO     | Pendulum.WebCore:__init__:37 - 尝试初始化摄像头索引 0
2025-09-02 13:41:34.756 | INFO     | Pendulum.WebCore:__init__:44 - 摄像头初始化成功，使用索引 0
2025-09-02 13:41:39.671 | INFO     | Pendulum.SerialConncet:listPorts:37 - 设备名称: COM11
2025-09-02 13:41:39.671 | INFO     | Pendulum.SerialConncet:listPorts:38 - 描述信息: 蓝牙链接上的标准串行 (COM11)
2025-09-02 13:41:39.672 | INFO     | Pendulum.SerialConncet:listPorts:39 - 硬件ID:   BTHENUM\{00001101-0000-1000-8000-00805F9B34FB}_VID&000105D6_PID&000A\9&2D35CF3F&0&9C82AAE4BD69_C00000000
2025-09-02 13:41:39.672 | INFO     | Pendulum.SerialConncet:listPorts:40 - ------------------------------
2025-09-02 13:41:39.673 | INFO     | Pendulum.SerialConncet:listPorts:37 - 设备名称: COM6
2025-09-02 13:41:39.673 | INFO     | Pendulum.SerialConncet:listPorts:38 - 描述信息: 蓝牙链接上的标准串行 (COM6)
2025-09-02 13:41:39.673 | INFO     | Pendulum.SerialConncet:listPorts:39 - 硬件ID:   BTHENUM\{00001101-0000-1000-8000-00805F9B34FB}_VID&000105D6_PID&000A\9&2D35CF3F&0&EA92CA0534E4_C00000000
2025-09-02 13:41:39.673 | INFO     | Pendulum.SerialConncet:listPorts:40 - ------------------------------
2025-09-02 13:41:39.675 | INFO     | Pendulum.SerialConncet:listPorts:37 - 设备名称: COM4
2025-09-02 13:41:39.675 | INFO     | Pendulum.SerialConncet:listPorts:38 - 描述信息: 蓝牙链接上的标准串行 (COM4)
2025-09-02 13:41:39.676 | INFO     | Pendulum.SerialConncet:listPorts:39 - 硬件ID:   BTHENUM\{00001101-0000-1000-8000-00805F9B34FB}_LOCALMFG&0000\9&2D35CF3F&0&000000000000_00000002
2025-09-02 13:41:39.676 | INFO     | Pendulum.SerialConncet:listPorts:40 - ------------------------------
2025-09-02 13:41:39.676 | INFO     | Pendulum.SerialConncet:listPorts:37 - 设备名称: COM5
2025-09-02 13:41:39.676 | INFO     | Pendulum.SerialConncet:listPorts:38 - 描述信息: 蓝牙链接上的标准串行 (COM5)
2025-09-02 13:41:39.678 | INFO     | Pendulum.SerialConncet:listPorts:39 - 硬件ID:   BTHENUM\{00001101-0000-1000-8000-00805F9B34FB}_LOCALMFG&0000\9&2D35CF3F&0&000000000000_00000003
2025-09-02 13:41:39.678 | INFO     | Pendulum.SerialConncet:listPorts:40 - ------------------------------
2025-09-02 13:41:39.679 | INFO     | Pendulum.SerialConncet:listPorts:37 - 设备名称: COM7
2025-09-02 13:41:39.679 | INFO     | Pendulum.SerialConncet:listPorts:38 - 描述信息: 蓝牙链接上的标准串行 (COM7)
2025-09-02 13:41:39.679 | INFO     | Pendulum.SerialConncet:listPorts:39 - 硬件ID:   BTHENUM\{00001101-0000-1000-8000-00805F9B34FB}_LOCALMFG&0000\9&2D35CF3F&0&000000000000_00000004
2025-09-02 13:41:39.680 | INFO     | Pendulum.SerialConncet:listPorts:40 - ------------------------------
2025-09-02 13:41:39.680 | INFO     | Pendulum.SerialConncet:listPorts:37 - 设备名称: COM10
2025-09-02 13:41:39.681 | INFO     | Pendulum.SerialConncet:listPorts:38 - 描述信息: 蓝牙链接上的标准串行 (COM10)
2025-09-02 13:41:39.682 | INFO     | Pendulum.SerialConncet:listPorts:39 - 硬件ID:   BTHENUM\{00001101-0000-1000-8000-00805F9B34FB}_LOCALMFG&0000\9&2D35CF3F&0&000000000000_00000005
2025-09-02 13:41:39.682 | INFO     | Pendulum.SerialConncet:listPorts:40 - ------------------------------
2025-09-02 13:41:39.683 | INFO     | Pendulum.SerialConncet:listPorts:37 - 设备名称: COM3
2025-09-02 13:41:39.683 | INFO     | Pendulum.SerialConncet:listPorts:38 - 描述信息: 蓝牙链接上的标准串行 (COM3)
2025-09-02 13:41:39.683 | INFO     | Pendulum.SerialConncet:listPorts:39 - 硬件ID:   BTHENUM\{00001101-0000-1000-8000-00805F9B34FB}_VID&000105D6_PID&000A\9&2D35CF3F&0&3C0DF7422D81_C00000000
2025-09-02 13:41:39.684 | INFO     | Pendulum.SerialConncet:listPorts:40 - ------------------------------
2025-09-02 13:41:39.684 | INFO     | Pendulum.SerialConncet:listPorts:37 - 设备名称: COM12
2025-09-02 13:41:39.684 | INFO     | Pendulum.SerialConncet:listPorts:38 - 描述信息: USB-SERIAL CH340 (COM12)
2025-09-02 13:41:39.685 | INFO     | Pendulum.SerialConncet:listPorts:39 - 硬件ID:   USB VID:PID=1A86:7523 SER= LOCATION=1-2
2025-09-02 13:41:39.685 | INFO     | Pendulum.SerialConncet:listPorts:40 - ------------------------------
2025-09-02 13:41:39.686 | INFO     | Pendulum.SerialConncet:listPorts:37 - 设备名称: COM8
2025-09-02 13:41:39.686 | INFO     | Pendulum.SerialConncet:listPorts:38 - 描述信息: 蓝牙链接上的标准串行 (COM8)
2025-09-02 13:41:39.687 | INFO     | Pendulum.SerialConncet:listPorts:39 - 硬件ID:   BTHENUM\{00001101-0000-1000-8000-00805F9B34FB}_VID&000105D6_PID&000A\9&2D35CF3F&0&6D7B8BA295D3_C00000000
2025-09-02 13:41:39.687 | INFO     | Pendulum.SerialConncet:listPorts:40 - ------------------------------
2025-09-02 13:41:39.688 | INFO     | Pendulum.SerialConncet:auto_select_CH340:102 - 找到 CH340 设备: COM12
2025-09-02 13:41:39.688 | INFO     | Pendulum.SerialConncet:auto_select_CH340:104 - 找到第一个CH340
2025-09-02 13:44:20.333 | INFO     | Pendulum.SerialConncet:_run:160 - [串口] 尝试连接 COM12...
2025-09-02 13:44:20.356 | INFO     | Pendulum.SerialConncet:_run:162 - [串口] 连接成功: COM12@115200
2025-09-02 13:44:21.078 | INFO     | Pendulum.PendulumCore:autoDetectPivot:446 - 自动检测并设置摆轴: (295, 0), 置信度: 35.238
2025-09-02 13:46:12.020 | INFO     | Pendulum.PendulumAPP:_keyEventWeb:271 - u1
2025-09-02 13:46:12.021 | INFO     | Pendulum.SerialConncet:send:199 - sendu1
2025-09-02 13:46:12.023 | INFO     | Pendulum.SerialConncet:send:201 - [发送] u1
2025-09-02 13:46:12.964 | INFO     | Pendulum.PendulumAPP:_keyEventWeb:274 - u0
2025-09-02 13:46:12.965 | INFO     | Pendulum.SerialConncet:send:199 - sendu0
2025-09-02 13:46:12.966 | INFO     | Pendulum.SerialConncet:send:201 - [发送] u0
2025-09-02 13:46:13.365 | INFO     | Pendulum.PendulumAPP:_keyEventWeb:271 - u1
2025-09-02 13:46:13.366 | INFO     | Pendulum.SerialConncet:send:199 - sendu1
2025-09-02 13:46:13.367 | INFO     | Pendulum.SerialConncet:send:201 - [发送] u1
2025-09-02 13:46:14.047 | INFO     | Pendulum.PendulumAPP:_keyEventWeb:274 - u0
2025-09-02 13:46:14.047 | INFO     | Pendulum.SerialConncet:send:199 - sendu0
2025-09-02 13:46:14.048 | INFO     | Pendulum.SerialConncet:send:201 - [发送] u0
2025-09-02 13:46:14.726 | INFO     | Pendulum.PendulumAPP:_keyEventWeb:271 - u1
2025-09-02 13:46:14.726 | INFO     | Pendulum.SerialConncet:send:199 - sendu1
2025-09-02 13:46:14.727 | INFO     | Pendulum.SerialConncet:send:201 - [发送] u1
2025-09-02 13:46:15.605 | INFO     | Pendulum.PendulumAPP:_keyEventWeb:274 - u0
2025-09-02 13:46:15.607 | INFO     | Pendulum.SerialConncet:send:199 - sendu0
2025-09-02 13:46:15.608 | INFO     | Pendulum.SerialConncet:send:201 - [发送] u0
2025-09-02 13:47:09.921 | INFO     | Pendulum.WebCore:pendulum_roi:132 - 网页ROI数据已接收: x=245, y=1046, w=76, h=63
2025-09-02 13:47:09.925 | INFO     | Pendulum.PendulumCore:calibrate:45 - 🔍 HSV校准调试信息:
2025-09-02 13:47:09.926 | INFO     | Pendulum.PendulumCore:calibrate:46 -   原始ROI: (245, 1046, 76, 63)
2025-09-02 13:47:09.927 | INFO     | Pendulum.PendulumCore:calibrate:47 -   HSV图像尺寸: 720x1280
2025-09-02 13:47:09.928 | INFO     | Pendulum.PendulumCore:calibrate:57 -   调整后ROI: (245, 1046, 76, 63)
2025-09-02 13:47:09.928 | INFO     | Pendulum.PendulumCore:calibrate:60 -   ROI区域大小: (63, 76, 3)
2025-09-02 13:47:09.937 | INFO     | Pendulum.PendulumCore:calibrate:71 -   ROI区域平均HSV: (69.20071010860484, 190.83395989974937, 61.02589807852966)
2025-09-02 13:47:09.938 | INFO     | Pendulum.PendulumCore:calibrate:72 -   ROI区域HSV标准差: [ 2.4642014  26.53578076 13.48993861]
2025-09-02 13:47:09.939 | INFO     | Pendulum.PendulumCore:calibrate:79 -   计算的容差: [ 5.         53.07156152 30.        ]
2025-09-02 13:47:09.940 | INFO     | Pendulum.PendulumCore:calibrate:88 -   初始HSV阈值: 下限=[64, 137, 31], 上限=[74, 243, 91]
2025-09-02 13:47:09.942 | INFO     | Pendulum.PendulumCore:calibrate:103 - ✅ HSV校准成功: ROI=(245,1046,76,63)
2025-09-02 13:47:09.943 | INFO     | Pendulum.PendulumCore:calibrate:105 -   最终HSV阈值: 下限=[64, 137, 31], 上限=[74, 243, 91]
2025-09-02 13:47:09.943 | INFO     | Pendulum.PendulumAPP:_checkWebRoi:186 - 网页ROI HSV校准成功: x=245, y=1046, w=76, h=63
2025-09-02 13:47:09.943 | INFO     | Pendulum.PendulumAPP:_checkWebRoi:187 - 新的HSV阈值: 下限=[64, 137, 31], 上限=[74, 243, 91]
2025-09-02 13:47:12.621 | INFO     | Pendulum.PendulumCore:cleanRef:487 - 已删除摆轴固定点、参考角度、参考向量和自动检测摆轴
2025-09-02 13:47:12.621 | INFO     | Pendulum.PendulumAPP:_keyEventWeb:236 - 已删除摆轴固定点和参考角度
2025-09-02 13:47:12.622 | INFO     | Pendulum.PendulumCore:cleanRef:487 - 已删除摆轴固定点、参考角度、参考向量和自动检测摆轴
2025-09-02 13:47:12.623 | INFO     | Pendulum.PendulumAPP:_keyEventWeb:236 - 已删除摆轴固定点和参考角度
2025-09-02 13:47:12.726 | INFO     | Pendulum.PendulumCore:autoDetectPivot:446 - 自动检测并设置摆轴: (306, 0), 置信度: 34.953
2025-09-02 13:47:17.652 | INFO     | Pendulum.PendulumAPP:_keyEventWeb:271 - u1
2025-09-02 13:47:17.652 | INFO     | Pendulum.SerialConncet:send:199 - sendu1
2025-09-02 13:47:17.654 | INFO     | Pendulum.SerialConncet:send:201 - [发送] u1
2025-09-02 13:47:23.769 | INFO     | Pendulum.PendulumAPP:_keyEventWeb:274 - u0
2025-09-02 13:47:23.769 | INFO     | Pendulum.SerialConncet:send:199 - sendu0
2025-09-02 13:47:23.770 | INFO     | Pendulum.SerialConncet:send:201 - [发送] u0
2025-09-02 13:47:28.311 | WARNING  | Pendulum.WebCore:get_pendulum_length:227 - ⚠️ API返回异常摆长数据: 120.000000 cm，使用默认值
2025-09-02 13:47:28.327 | INFO     | Pendulum.PendulumAPP:_keyEventWeb:246 - ↓
2025-09-02 13:47:28.327 | INFO     | Pendulum.SerialConncet:send:199 - sendm1
2025-09-02 13:47:28.328 | INFO     | Pendulum.SerialConncet:send:201 - [发送] m1
2025-09-02 13:47:28.351 | INFO     | Pendulum.SerialConncet:_run:176 - [接收] L16150.085938
2025-09-02 13:47:28.372 | INFO     | Pendulum.SerialConncet:_run:176 - [接收] L16150.110352
2025-09-02 13:47:28.378 | WARNING  | Pendulum.PendulumAPP:_processSerialData:114 - ⚠️ 丢弃异常摆长数据: 16150.110352 cm (大于100)
2025-09-02 13:47:28.396 | INFO     | Pendulum.SerialConncet:_run:176 - [接收] L16150.136719
2025-09-02 13:47:28.412 | WARNING  | Pendulum.PendulumAPP:_processSerialData:114 - ⚠️ 丢弃异常摆长数据: 16150.136719 cm (大于100)
2025-09-02 13:47:28.415 | INFO     | Pendulum.SerialConncet:_run:176 - [接收] L16150.161133
2025-09-02 13:47:28.422 | WARNING  | Pendulum.WebCore:get_pendulum_length:227 - ⚠️ API返回异常摆长数据: 120.000000 cm，使用默认值
2025-09-02 13:47:28.435 | INFO     | Pendulum.SerialConncet:_run:176 - [接收] L16150.187500
2025-09-02 13:47:28.456 | WARNING  | Pendulum.PendulumAPP:_processSerialData:114 - ⚠️ 丢弃异常摆长数据: 16150.187500 cm (大于100)
2025-09-02 13:47:28.461 | INFO     | Pendulum.SerialConncet:_run:176 - [接收] L16150.211914
2025-09-02 13:47:28.476 | INFO     | Pendulum.SerialConncet:_run:176 - [接收] L16150.238281
2025-09-02 13:47:28.478 | WARNING  | Pendulum.PendulumAPP:_processSerialData:114 - ⚠️ 丢弃异常摆长数据: 16150.211914 cm (大于100)
2025-09-02 13:47:28.497 | INFO     | Pendulum.SerialConncet:_run:176 - [接收] L16150.264648
2025-09-02 13:47:28.519 | INFO     | Pendulum.SerialConncet:_run:176 - [接收] L16150.289063
2025-09-02 13:47:28.525 | WARNING  | Pendulum.WebCore:get_pendulum_length:227 - ⚠️ API返回异常摆长数据: 120.000000 cm，使用默认值
2025-09-02 13:47:28.541 | INFO     | Pendulum.SerialConncet:_run:176 - [接收] L16150.315430
2025-09-02 13:47:28.543 | WARNING  | Pendulum.PendulumAPP:_processSerialData:114 - ⚠️ 丢弃异常摆长数据: 16150.315430 cm (大于100)
2025-09-02 13:47:28.564 | INFO     | Pendulum.SerialConncet:_run:176 - [接收] L16150.339844
2025-09-02 13:47:28.573 | WARNING  | Pendulum.PendulumAPP:_processSerialData:114 - ⚠️ 丢弃异常摆长数据: 16150.339844 cm (大于100)
2025-09-02 13:47:28.581 | INFO     | Pendulum.SerialConncet:_run:176 - [接收] L16150.366211
2025-09-02 13:47:28.602 | INFO     | Pendulum.SerialConncet:_run:176 - [接收] L16150.390625
2025-09-02 13:47:28.615 | WARNING  | Pendulum.PendulumAPP:_processSerialData:114 - ⚠️ 丢弃异常摆长数据: 16150.390625 cm (大于100)
2025-09-02 13:47:28.623 | WARNING  | Pendulum.WebCore:get_pendulum_length:227 - ⚠️ API返回异常摆长数据: 120.000000 cm，使用默认值
2025-09-02 13:47:28.625 | INFO     | Pendulum.SerialConncet:_run:176 - [接收] L16150.416992
2025-09-02 13:47:28.645 | INFO     | Pendulum.SerialConncet:_run:176 - [接收] L16150.442383
2025-09-02 13:47:28.651 | WARNING  | Pendulum.PendulumAPP:_processSerialData:114 - ⚠️ 丢弃异常摆长数据: 16150.442383 cm (大于100)
2025-09-02 13:47:28.665 | INFO     | Pendulum.SerialConncet:_run:176 - [接收] L16150.467773
2025-09-02 13:47:28.689 | INFO     | Pendulum.SerialConncet:_run:176 - [接收] L16150.493164
2025-09-02 13:47:28.702 | WARNING  | Pendulum.PendulumAPP:_processSerialData:114 - ⚠️ 丢弃异常摆长数据: 16150.493164 cm (大于100)
2025-09-02 13:47:28.707 | INFO     | Pendulum.SerialConncet:_run:176 - [接收] L16150.518555
2025-09-02 13:47:28.719 | WARNING  | Pendulum.WebCore:get_pendulum_length:227 - ⚠️ API返回异常摆长数据: 120.000000 cm，使用默认值
2025-09-02 13:47:28.732 | WARNING  | Pendulum.PendulumAPP:_processSerialData:114 - ⚠️ 丢弃异常摆长数据: 16150.518555 cm (大于100)
2025-09-02 13:47:28.734 | INFO     | Pendulum.SerialConncet:_run:176 - [接收] L16150.543945
2025-09-02 13:47:28.750 | INFO     | Pendulum.SerialConncet:_run:176 - [接收] L16150.570313
2025-09-02 13:47:28.770 | INFO     | Pendulum.SerialConncet:_run:176 - [接收] L16150.594727
2025-09-02 13:47:28.776 | WARNING  | Pendulum.PendulumAPP:_processSerialData:114 - ⚠️ 丢弃异常摆长数据: 16150.594727 cm (大于100)
2025-09-02 13:47:28.791 | INFO     | Pendulum.SerialConncet:_run:176 - [接收] L16150.621094
2025-09-02 13:47:28.808 | WARNING  | Pendulum.PendulumAPP:_processSerialData:114 - ⚠️ 丢弃异常摆长数据: 16150.621094 cm (大于100)
2025-09-02 13:47:28.816 | INFO     | Pendulum.SerialConncet:_run:176 - [接收] L16150.645508
2025-09-02 13:47:28.820 | WARNING  | Pendulum.WebCore:get_pendulum_length:227 - ⚠️ API返回异常摆长数据: 120.000000 cm，使用默认值
2025-09-02 13:47:28.834 | INFO     | Pendulum.SerialConncet:_run:176 - [接收] L16150.671875
2025-09-02 13:47:28.853 | INFO     | Pendulum.SerialConncet:_run:176 - [接收] L16150.696289
2025-09-02 13:47:28.861 | WARNING  | Pendulum.PendulumAPP:_processSerialData:114 - ⚠️ 丢弃异常摆长数据: 16150.696289 cm (大于100)
2025-09-02 13:47:28.880 | INFO     | Pendulum.SerialConncet:_run:176 - [接收] L16150.722656
2025-09-02 13:47:28.889 | WARNING  | Pendulum.PendulumAPP:_processSerialData:114 - ⚠️ 丢弃异常摆长数据: 16150.722656 cm (大于100)
2025-09-02 13:47:28.895 | INFO     | Pendulum.SerialConncet:_run:176 - [接收] L16150.749023
2025-09-02 13:47:28.916 | INFO     | Pendulum.SerialConncet:_run:176 - [接收] L16150.773438
2025-09-02 13:47:28.936 | INFO     | Pendulum.PendulumAPP:_keyEventWeb:249 - stop
2025-09-02 13:47:28.937 | INFO     | Pendulum.SerialConncet:send:199 - sendm0
2025-09-02 13:47:28.938 | INFO     | Pendulum.SerialConncet:send:201 - [发送] m0
2025-09-02 13:47:28.938 | INFO     | Pendulum.SerialConncet:_run:176 - [接收] L16150.799805
2025-09-02 13:47:28.940 | WARNING  | Pendulum.PendulumAPP:_processSerialData:114 - ⚠️ 丢弃异常摆长数据: 16150.799805 cm (大于100)
2025-09-02 13:47:28.961 | INFO     | Pendulum.SerialConncet:_run:176 - [接收] L16150.824219
2025-09-02 13:47:28.962 | WARNING  | Pendulum.PendulumAPP:_processSerialData:114 - ⚠️ 丢弃异常摆长数据: 16150.824219 cm (大于100)
2025-09-02 13:47:29.012 | WARNING  | Pendulum.PendulumAPP:_processSerialData:114 - ⚠️ 丢弃异常摆长数据: 16150.824219 cm (大于100)
2025-09-02 13:47:29.051 | WARNING  | Pendulum.PendulumAPP:_processSerialData:114 - ⚠️ 丢弃异常摆长数据: 16150.824219 cm (大于100)
2025-09-02 13:47:29.098 | WARNING  | Pendulum.PendulumAPP:_processSerialData:114 - ⚠️ 丢弃异常摆长数据: 16150.824219 cm (大于100)
2025-09-02 13:47:29.134 | WARNING  | Pendulum.PendulumAPP:_processSerialData:114 - ⚠️ 丢弃异常摆长数据: 16150.824219 cm (大于100)
2025-09-02 13:47:29.178 | WARNING  | Pendulum.PendulumAPP:_processSerialData:114 - ⚠️ 丢弃异常摆长数据: 16150.824219 cm (大于100)
2025-09-02 13:47:29.211 | WARNING  | Pendulum.PendulumAPP:_processSerialData:114 - ⚠️ 丢弃异常摆长数据: 16150.824219 cm (大于100)
2025-09-02 13:47:29.259 | WARNING  | Pendulum.PendulumAPP:_processSerialData:114 - ⚠️ 丢弃异常摆长数据: 16150.824219 cm (大于100)
2025-09-02 13:47:29.283 | WARNING  | Pendulum.PendulumAPP:_processSerialData:114 - ⚠️ 丢弃异常摆长数据: 16150.824219 cm (大于100)
2025-09-02 13:47:29.334 | WARNING  | Pendulum.PendulumAPP:_processSerialData:114 - ⚠️ 丢弃异常摆长数据: 16150.824219 cm (大于100)
2025-09-02 13:47:29.368 | WARNING  | Pendulum.PendulumAPP:_processSerialData:114 - ⚠️ 丢弃异常摆长数据: 16150.824219 cm (大于100)
2025-09-02 13:47:29.420 | WARNING  | Pendulum.PendulumAPP:_processSerialData:114 - ⚠️ 丢弃异常摆长数据: 16150.824219 cm (大于100)
2025-09-02 13:47:29.452 | WARNING  | Pendulum.PendulumAPP:_processSerialData:114 - ⚠️ 丢弃异常摆长数据: 16150.824219 cm (大于100)
2025-09-02 13:47:29.498 | WARNING  | Pendulum.PendulumAPP:_processSerialData:114 - ⚠️ 丢弃异常摆长数据: 16150.824219 cm (大于100)
2025-09-02 13:47:29.527 | WARNING  | Pendulum.PendulumAPP:_processSerialData:114 - ⚠️ 丢弃异常摆长数据: 16150.824219 cm (大于100)
2025-09-02 13:47:29.575 | WARNING  | Pendulum.PendulumAPP:_processSerialData:114 - ⚠️ 丢弃异常摆长数据: 16150.824219 cm (大于100)
2025-09-02 13:47:29.598 | WARNING  | Pendulum.PendulumAPP:_processSerialData:114 - ⚠️ 丢弃异常摆长数据: 16150.824219 cm (大于100)
2025-09-02 13:47:29.658 | WARNING  | Pendulum.PendulumAPP:_processSerialData:114 - ⚠️ 丢弃异常摆长数据: 16150.824219 cm (大于100)
2025-09-02 13:47:29.688 | WARNING  | Pendulum.PendulumAPP:_processSerialData:114 - ⚠️ 丢弃异常摆长数据: 16150.824219 cm (大于100)
2025-09-02 13:47:29.744 | WARNING  | Pendulum.PendulumAPP:_processSerialData:114 - ⚠️ 丢弃异常摆长数据: 16150.824219 cm (大于100)
2025-09-02 13:47:29.768 | WARNING  | Pendulum.PendulumAPP:_processSerialData:114 - ⚠️ 丢弃异常摆长数据: 16150.824219 cm (大于100)
2025-09-02 13:47:29.819 | WARNING  | Pendulum.PendulumAPP:_processSerialData:114 - ⚠️ 丢弃异常摆长数据: 16150.824219 cm (大于100)
2025-09-02 13:47:29.843 | WARNING  | Pendulum.PendulumAPP:_processSerialData:114 - ⚠️ 丢弃异常摆长数据: 16150.824219 cm (大于100)
2025-09-02 13:47:29.896 | WARNING  | Pendulum.PendulumAPP:_processSerialData:114 - ⚠️ 丢弃异常摆长数据: 16150.824219 cm (大于100)
2025-09-02 13:47:29.919 | WARNING  | Pendulum.PendulumAPP:_processSerialData:114 - ⚠️ 丢弃异常摆长数据: 16150.824219 cm (大于100)
2025-09-02 13:47:29.975 | WARNING  | Pendulum.PendulumAPP:_processSerialData:114 - ⚠️ 丢弃异常摆长数据: 16150.824219 cm (大于100)
2025-09-02 13:47:30.013 | WARNING  | Pendulum.PendulumAPP:_processSerialData:114 - ⚠️ 丢弃异常摆长数据: 16150.824219 cm (大于100)
2025-09-02 13:47:30.058 | WARNING  | Pendulum.PendulumAPP:_processSerialData:114 - ⚠️ 丢弃异常摆长数据: 16150.824219 cm (大于100)
2025-09-02 13:47:30.081 | WARNING  | Pendulum.PendulumAPP:_processSerialData:114 - ⚠️ 丢弃异常摆长数据: 16150.824219 cm (大于100)
2025-09-02 13:47:30.139 | WARNING  | Pendulum.PendulumAPP:_processSerialData:114 - ⚠️ 丢弃异常摆长数据: 16150.824219 cm (大于100)
2025-09-02 13:47:30.163 | WARNING  | Pendulum.PendulumAPP:_processSerialData:114 - ⚠️ 丢弃异常摆长数据: 16150.824219 cm (大于100)
2025-09-02 13:47:30.217 | WARNING  | Pendulum.PendulumAPP:_processSerialData:114 - ⚠️ 丢弃异常摆长数据: 16150.824219 cm (大于100)
2025-09-02 13:47:30.244 | WARNING  | Pendulum.PendulumAPP:_processSerialData:114 - ⚠️ 丢弃异常摆长数据: 16150.824219 cm (大于100)
2025-09-02 13:47:30.296 | WARNING  | Pendulum.PendulumAPP:_processSerialData:114 - ⚠️ 丢弃异常摆长数据: 16150.824219 cm (大于100)
2025-09-02 13:47:30.322 | WARNING  | Pendulum.PendulumAPP:_processSerialData:114 - ⚠️ 丢弃异常摆长数据: 16150.824219 cm (大于100)
2025-09-02 13:47:30.375 | WARNING  | Pendulum.PendulumAPP:_processSerialData:114 - ⚠️ 丢弃异常摆长数据: 16150.824219 cm (大于100)
2025-09-02 13:47:30.407 | WARNING  | Pendulum.PendulumAPP:_processSerialData:114 - ⚠️ 丢弃异常摆长数据: 16150.824219 cm (大于100)
2025-09-02 13:47:30.461 | WARNING  | Pendulum.PendulumAPP:_processSerialData:114 - ⚠️ 丢弃异常摆长数据: 16150.824219 cm (大于100)
2025-09-02 13:47:30.486 | WARNING  | Pendulum.PendulumAPP:_processSerialData:114 - ⚠️ 丢弃异常摆长数据: 16150.824219 cm (大于100)
2025-09-02 13:47:30.542 | WARNING  | Pendulum.PendulumAPP:_processSerialData:114 - ⚠️ 丢弃异常摆长数据: 16150.824219 cm (大于100)
2025-09-02 13:47:30.568 | WARNING  | Pendulum.PendulumAPP:_processSerialData:114 - ⚠️ 丢弃异常摆长数据: 16150.824219 cm (大于100)
2025-09-02 13:47:30.617 | WARNING  | Pendulum.PendulumAPP:_processSerialData:114 - ⚠️ 丢弃异常摆长数据: 16150.824219 cm (大于100)
2025-09-02 13:47:30.650 | WARNING  | Pendulum.PendulumAPP:_processSerialData:114 - ⚠️ 丢弃异常摆长数据: 16150.824219 cm (大于100)
2025-09-02 13:47:30.702 | WARNING  | Pendulum.PendulumAPP:_processSerialData:114 - ⚠️ 丢弃异常摆长数据: 16150.824219 cm (大于100)
2025-09-02 13:47:30.728 | WARNING  | Pendulum.PendulumAPP:_processSerialData:114 - ⚠️ 丢弃异常摆长数据: 16150.824219 cm (大于100)
2025-09-02 13:47:30.779 | WARNING  | Pendulum.PendulumAPP:_processSerialData:114 - ⚠️ 丢弃异常摆长数据: 16150.824219 cm (大于100)
2025-09-02 13:47:30.807 | WARNING  | Pendulum.PendulumAPP:_processSerialData:114 - ⚠️ 丢弃异常摆长数据: 16150.824219 cm (大于100)
2025-09-02 13:47:30.856 | WARNING  | Pendulum.PendulumAPP:_processSerialData:114 - ⚠️ 丢弃异常摆长数据: 16150.824219 cm (大于100)
2025-09-02 13:47:30.881 | WARNING  | Pendulum.WebCore:get_pendulum_length:227 - ⚠️ API返回异常摆长数据: 120.000000 cm，使用默认值
2025-09-02 13:47:30.888 | INFO     | Pendulum.PendulumAPP:_keyEventWeb:243 - ↑
2025-09-02 13:47:30.890 | INFO     | Pendulum.SerialConncet:send:199 - sendm2
2025-09-02 13:47:30.893 | INFO     | Pendulum.SerialConncet:send:201 - [发送] m2
2025-09-02 13:47:30.896 | WARNING  | Pendulum.PendulumAPP:_processSerialData:114 - ⚠️ 丢弃异常摆长数据: 16150.824219 cm (大于100)
2025-09-02 13:47:30.915 | INFO     | Pendulum.SerialConncet:_run:176 - [接收] L16150.799805
2025-09-02 13:47:30.936 | WARNING  | Pendulum.PendulumAPP:_processSerialData:114 - ⚠️ 丢弃异常摆长数据: 16150.799805 cm (大于100)
2025-09-02 13:47:30.940 | INFO     | Pendulum.SerialConncet:_run:176 - [接收] L16150.773438
2025-09-02 13:47:30.958 | INFO     | Pendulum.SerialConncet:_run:176 - [接收] L16150.749023
2025-09-02 13:47:30.964 | WARNING  | Pendulum.PendulumAPP:_processSerialData:114 - ⚠️ 丢弃异常摆长数据: 16150.749023 cm (大于100)
2025-09-02 13:47:30.978 | INFO     | Pendulum.SerialConncet:_run:176 - [接收] L16150.722656
2025-09-02 13:47:30.991 | WARNING  | Pendulum.WebCore:get_pendulum_length:227 - ⚠️ API返回异常摆长数据: 120.000000 cm，使用默认值
2025-09-02 13:47:30.999 | INFO     | Pendulum.SerialConncet:_run:176 - [接收] L16150.696289
2025-09-02 13:47:31.020 | WARNING  | Pendulum.PendulumAPP:_processSerialData:114 - ⚠️ 丢弃异常摆长数据: 16150.696289 cm (大于100)
2025-09-02 13:47:31.020 | INFO     | Pendulum.SerialConncet:_run:176 - [接收] L16150.671875
2025-09-02 13:47:31.040 | INFO     | Pendulum.SerialConncet:_run:176 - [接收] L16150.645508
2025-09-02 13:47:31.047 | WARNING  | Pendulum.PendulumAPP:_processSerialData:114 - ⚠️ 丢弃异常摆长数据: 16150.645508 cm (大于100)
2025-09-02 13:47:31.062 | INFO     | Pendulum.SerialConncet:_run:176 - [接收] L16150.621094
2025-09-02 13:47:31.085 | INFO     | Pendulum.SerialConncet:_run:176 - [接收] L16150.594727
2025-09-02 13:47:31.091 | WARNING  | Pendulum.WebCore:get_pendulum_length:227 - ⚠️ API返回异常摆长数据: 120.000000 cm，使用默认值
2025-09-02 13:47:31.104 | WARNING  | Pendulum.PendulumAPP:_processSerialData:114 - ⚠️ 丢弃异常摆长数据: 16150.594727 cm (大于100)
2025-09-02 13:47:31.107 | INFO     | Pendulum.SerialConncet:_run:176 - [接收] L16150.570313
2025-09-02 13:47:31.125 | INFO     | Pendulum.SerialConncet:_run:176 - [接收] L16150.543945
2025-09-02 13:47:31.130 | WARNING  | Pendulum.PendulumAPP:_processSerialData:114 - ⚠️ 丢弃异常摆长数据: 16150.543945 cm (大于100)
2025-09-02 13:47:31.146 | INFO     | Pendulum.SerialConncet:_run:176 - [接收] L16150.518555
2025-09-02 13:47:31.166 | INFO     | Pendulum.SerialConncet:_run:176 - [接收] L16150.493164
2025-09-02 13:47:31.187 | INFO     | Pendulum.SerialConncet:_run:176 - [接收] L16150.467773
2025-09-02 13:47:31.193 | WARNING  | Pendulum.WebCore:get_pendulum_length:227 - ⚠️ API返回异常摆长数据: 120.000000 cm，使用默认值
2025-09-02 13:47:31.193 | WARNING  | Pendulum.PendulumAPP:_processSerialData:114 - ⚠️ 丢弃异常摆长数据: 16150.467773 cm (大于100)
2025-09-02 13:47:31.208 | INFO     | Pendulum.SerialConncet:_run:176 - [接收] L16150.442383
2025-09-02 13:47:31.228 | WARNING  | Pendulum.PendulumAPP:_processSerialData:114 - ⚠️ 丢弃异常摆长数据: 16150.442383 cm (大于100)
2025-09-02 13:47:31.229 | INFO     | Pendulum.SerialConncet:_run:176 - [接收] L16150.416992
2025-09-02 13:47:31.250 | INFO     | Pendulum.SerialConncet:_run:176 - [接收] L16150.390625
2025-09-02 13:47:31.264 | WARNING  | Pendulum.PendulumAPP:_processSerialData:114 - ⚠️ 丢弃异常摆长数据: 16150.390625 cm (大于100)
2025-09-02 13:47:31.271 | INFO     | Pendulum.SerialConncet:_run:176 - [接收] L16150.366211
2025-09-02 13:47:31.290 | WARNING  | Pendulum.PendulumAPP:_processSerialData:114 - ⚠️ 丢弃异常摆长数据: 16150.366211 cm (大于100)
2025-09-02 13:47:31.292 | INFO     | Pendulum.SerialConncet:_run:176 - [接收] L16150.339844
2025-09-02 13:47:31.296 | WARNING  | Pendulum.WebCore:get_pendulum_length:227 - ⚠️ API返回异常摆长数据: 120.000000 cm，使用默认值
2025-09-02 13:47:31.313 | INFO     | Pendulum.SerialConncet:_run:176 - [接收] L16150.315430
2025-09-02 13:47:31.334 | WARNING  | Pendulum.PendulumAPP:_processSerialData:114 - ⚠️ 丢弃异常摆长数据: 16150.315430 cm (大于100)
2025-09-02 13:47:31.336 | INFO     | Pendulum.SerialConncet:_run:176 - [接收] L16150.289063
2025-09-02 13:47:31.355 | INFO     | Pendulum.SerialConncet:_run:176 - [接收] L16150.264648
2025-09-02 13:47:31.359 | WARNING  | Pendulum.PendulumAPP:_processSerialData:114 - ⚠️ 丢弃异常摆长数据: 16150.264648 cm (大于100)
2025-09-02 13:47:31.376 | INFO     | Pendulum.SerialConncet:_run:176 - [接收] L16150.238281
2025-09-02 13:47:31.389 | WARNING  | Pendulum.WebCore:get_pendulum_length:227 - ⚠️ API返回异常摆长数据: 120.000000 cm，使用默认值
2025-09-02 13:47:31.396 | INFO     | Pendulum.SerialConncet:_run:176 - [接收] L16150.211914
2025-09-02 13:47:31.420 | WARNING  | Pendulum.PendulumAPP:_processSerialData:114 - ⚠️ 丢弃异常摆长数据: 16150.211914 cm (大于100)
2025-09-02 13:47:31.426 | INFO     | Pendulum.SerialConncet:_run:176 - [接收] L16150.187500
2025-09-02 13:47:31.439 | INFO     | Pendulum.SerialConncet:_run:176 - [接收] L16150.161133
2025-09-02 13:47:31.445 | WARNING  | Pendulum.PendulumAPP:_processSerialData:114 - ⚠️ 丢弃异常摆长数据: 16150.161133 cm (大于100)
2025-09-02 13:47:31.459 | INFO     | Pendulum.SerialConncet:_run:176 - [接收] L16150.136719
2025-09-02 13:47:31.485 | INFO     | Pendulum.SerialConncet:_run:176 - [接收] L16150.110352
2025-09-02 13:47:31.491 | WARNING  | Pendulum.WebCore:get_pendulum_length:227 - ⚠️ API返回异常摆长数据: 120.000000 cm，使用默认值
2025-09-02 13:47:31.504 | INFO     | Pendulum.SerialConncet:_run:176 - [接收] L16150.085938
2025-09-02 13:47:31.505 | WARNING  | Pendulum.PendulumAPP:_processSerialData:114 - ⚠️ 丢弃异常摆长数据: 16150.110352 cm (大于100)
2025-09-02 13:47:31.523 | INFO     | Pendulum.SerialConncet:_run:176 - [接收] L16150.059570
2025-09-02 13:47:31.529 | WARNING  | Pendulum.PendulumAPP:_processSerialData:114 - ⚠️ 丢弃异常摆长数据: 16150.059570 cm (大于100)
2025-09-02 13:47:31.545 | INFO     | Pendulum.SerialConncet:_run:176 - [接收] L16150.033203
2025-09-02 13:47:31.565 | INFO     | Pendulum.SerialConncet:_run:176 - [接收] L16150.008789
2025-09-02 13:47:31.577 | WARNING  | Pendulum.PendulumAPP:_processSerialData:114 - ⚠️ 丢弃异常摆长数据: 16150.008789 cm (大于100)
2025-09-02 13:47:31.588 | INFO     | Pendulum.SerialConncet:_run:176 - [接收] L16149.982422
2025-09-02 13:47:31.592 | WARNING  | Pendulum.WebCore:get_pendulum_length:227 - ⚠️ API返回异常摆长数据: 120.000000 cm，使用默认值
2025-09-02 13:47:31.607 | INFO     | Pendulum.SerialConncet:_run:176 - [接收] L16149.958008
2025-09-02 13:47:31.618 | WARNING  | Pendulum.PendulumAPP:_processSerialData:114 - ⚠️ 丢弃异常摆长数据: 16149.958008 cm (大于100)
2025-09-02 13:47:31.626 | INFO     | Pendulum.SerialConncet:_run:176 - [接收] L16149.931641
2025-09-02 13:47:31.648 | INFO     | Pendulum.SerialConncet:_run:176 - [接收] L16149.907227
2025-09-02 13:47:31.657 | WARNING  | Pendulum.PendulumAPP:_processSerialData:114 - ⚠️ 丢弃异常摆长数据: 16149.907227 cm (大于100)
2025-09-02 13:47:31.670 | INFO     | Pendulum.SerialConncet:_run:176 - [接收] L16149.880859
2025-09-02 13:47:31.684 | WARNING  | Pendulum.PendulumAPP:_processSerialData:114 - ⚠️ 丢弃异常摆长数据: 16149.880859 cm (大于100)
2025-09-02 13:47:31.694 | WARNING  | Pendulum.WebCore:get_pendulum_length:227 - ⚠️ API返回异常摆长数据: 120.000000 cm，使用默认值
2025-09-02 13:47:31.697 | INFO     | Pendulum.SerialConncet:_run:176 - [接收] L16149.854492
2025-09-02 13:47:31.711 | INFO     | Pendulum.SerialConncet:_run:176 - [接收] L16149.830078
2025-09-02 13:47:31.732 | INFO     | Pendulum.SerialConncet:_run:176 - [接收] L16149.803711
2025-09-02 13:47:31.738 | WARNING  | Pendulum.PendulumAPP:_processSerialData:114 - ⚠️ 丢弃异常摆长数据: 16149.803711 cm (大于100)
2025-09-02 13:47:31.753 | INFO     | Pendulum.SerialConncet:_run:176 - [接收] L16149.779297
2025-09-02 13:47:31.765 | WARNING  | Pendulum.PendulumAPP:_processSerialData:114 - ⚠️ 丢弃异常摆长数据: 16149.779297 cm (大于100)
2025-09-02 13:47:31.773 | INFO     | Pendulum.SerialConncet:_run:176 - [接收] L16149.752930
2025-09-02 13:47:31.790 | WARNING  | Pendulum.WebCore:get_pendulum_length:227 - ⚠️ API返回异常摆长数据: 120.000000 cm，使用默认值
2025-09-02 13:47:31.795 | INFO     | Pendulum.SerialConncet:_run:176 - [接收] L16149.728516
2025-09-02 13:47:31.816 | WARNING  | Pendulum.PendulumAPP:_processSerialData:114 - ⚠️ 丢弃异常摆长数据: 16149.728516 cm (大于100)
2025-09-02 13:47:31.816 | INFO     | Pendulum.SerialConncet:_run:176 - [接收] L16149.702148
2025-09-02 13:47:31.837 | INFO     | Pendulum.SerialConncet:_run:176 - [接收] L16149.675781
2025-09-02 13:47:31.841 | WARNING  | Pendulum.PendulumAPP:_processSerialData:114 - ⚠️ 丢弃异常摆长数据: 16149.675781 cm (大于100)
2025-09-02 13:47:31.858 | INFO     | Pendulum.SerialConncet:_run:176 - [接收] L16149.651367
2025-09-02 13:47:31.879 | INFO     | Pendulum.SerialConncet:_run:176 - [接收] L16149.625000
2025-09-02 13:47:31.889 | WARNING  | Pendulum.WebCore:get_pendulum_length:227 - ⚠️ API返回异常摆长数据: 120.000000 cm，使用默认值
2025-09-02 13:47:31.898 | WARNING  | Pendulum.PendulumAPP:_processSerialData:114 - ⚠️ 丢弃异常摆长数据: 16149.625000 cm (大于100)
2025-09-02 13:47:31.904 | INFO     | Pendulum.SerialConncet:_run:176 - [接收] L16149.600586
2025-09-02 13:47:31.923 | INFO     | Pendulum.SerialConncet:_run:176 - [接收] L16149.574219
2025-09-02 13:47:31.924 | WARNING  | Pendulum.PendulumAPP:_processSerialData:114 - ⚠️ 丢弃异常摆长数据: 16149.574219 cm (大于100)
2025-09-02 13:47:31.941 | INFO     | Pendulum.SerialConncet:_run:176 - [接收] L16149.547852
2025-09-02 13:47:31.964 | INFO     | Pendulum.SerialConncet:_run:176 - [接收] L16149.523438
2025-09-02 13:47:31.976 | WARNING  | Pendulum.PendulumAPP:_processSerialData:114 - ⚠️ 丢弃异常摆长数据: 16149.523438 cm (大于100)
2025-09-02 13:47:31.984 | INFO     | Pendulum.SerialConncet:_run:176 - [接收] L16149.497070
2025-09-02 13:47:31.989 | WARNING  | Pendulum.WebCore:get_pendulum_length:227 - ⚠️ API返回异常摆长数据: 120.000000 cm，使用默认值
2025-09-02 13:47:32.004 | INFO     | Pendulum.SerialConncet:_run:176 - [接收] L16149.472656
2025-09-02 13:47:32.009 | WARNING  | Pendulum.PendulumAPP:_processSerialData:114 - ⚠️ 丢弃异常摆长数据: 16149.472656 cm (大于100)
2025-09-02 13:47:32.026 | INFO     | Pendulum.SerialConncet:_run:176 - [接收] L16149.446289
2025-09-02 13:47:32.047 | INFO     | Pendulum.SerialConncet:_run:176 - [接收] L16149.421875
2025-09-02 13:47:32.058 | WARNING  | Pendulum.PendulumAPP:_processSerialData:114 - ⚠️ 丢弃异常摆长数据: 16149.421875 cm (大于100)
2025-09-02 13:47:32.068 | INFO     | Pendulum.SerialConncet:_run:176 - [接收] L16149.395508
2025-09-02 13:47:32.083 | WARNING  | Pendulum.PendulumAPP:_processSerialData:114 - ⚠️ 丢弃异常摆长数据: 16149.395508 cm (大于100)
2025-09-02 13:47:32.088 | INFO     | Pendulum.SerialConncet:_run:176 - [接收] L16149.370117
2025-09-02 13:47:32.092 | WARNING  | Pendulum.WebCore:get_pendulum_length:227 - ⚠️ API返回异常摆长数据: 120.000000 cm，使用默认值
2025-09-02 13:47:32.109 | INFO     | Pendulum.SerialConncet:_run:176 - [接收] L16149.344727
2025-09-02 13:47:32.129 | INFO     | Pendulum.SerialConncet:_run:176 - [接收] L16149.319336
2025-09-02 13:47:32.140 | WARNING  | Pendulum.PendulumAPP:_processSerialData:114 - ⚠️ 丢弃异常摆长数据: 16149.319336 cm (大于100)
2025-09-02 13:47:32.151 | INFO     | Pendulum.SerialConncet:_run:176 - [接收] L16149.293945
2025-09-02 13:47:32.165 | WARNING  | Pendulum.PendulumAPP:_processSerialData:114 - ⚠️ 丢弃异常摆长数据: 16149.293945 cm (大于100)
2025-09-02 13:47:32.172 | INFO     | Pendulum.SerialConncet:_run:176 - [接收] L16149.268555
2025-09-02 13:47:32.191 | WARNING  | Pendulum.WebCore:get_pendulum_length:227 - ⚠️ API返回异常摆长数据: 120.000000 cm，使用默认值
2025-09-02 13:47:32.195 | INFO     | Pendulum.SerialConncet:_run:176 - [接收] L16149.243164
2025-09-02 13:47:32.213 | INFO     | Pendulum.SerialConncet:_run:176 - [接收] L16149.216797
2025-09-02 13:47:32.218 | WARNING  | Pendulum.PendulumAPP:_processSerialData:114 - ⚠️ 丢弃异常摆长数据: 16149.216797 cm (大于100)
2025-09-02 13:47:32.236 | INFO     | Pendulum.SerialConncet:_run:176 - [接收] L16149.191406
2025-09-02 13:47:32.248 | WARNING  | Pendulum.PendulumAPP:_processSerialData:114 - ⚠️ 丢弃异常摆长数据: 16149.191406 cm (大于100)
2025-09-02 13:47:32.255 | INFO     | Pendulum.SerialConncet:_run:176 - [接收] L16149.166016
2025-09-02 13:47:32.277 | INFO     | Pendulum.SerialConncet:_run:176 - [接收] L16149.140625
2025-09-02 13:47:32.291 | WARNING  | Pendulum.WebCore:get_pendulum_length:227 - ⚠️ API返回异常摆长数据: 120.000000 cm，使用默认值
2025-09-02 13:47:32.301 | WARNING  | Pendulum.PendulumAPP:_processSerialData:114 - ⚠️ 丢弃异常摆长数据: 16149.140625 cm (大于100)
2025-09-02 13:47:32.302 | INFO     | Pendulum.SerialConncet:_run:176 - [接收] L16149.115234
2025-09-02 13:47:32.320 | INFO     | Pendulum.SerialConncet:_run:176 - [接收] L16149.089844
2025-09-02 13:47:32.330 | WARNING  | Pendulum.PendulumAPP:_processSerialData:114 - ⚠️ 丢弃异常摆长数据: 16149.089844 cm (大于100)
2025-09-02 13:47:32.339 | INFO     | Pendulum.SerialConncet:_run:176 - [接收] L16149.064453
2025-09-02 13:47:32.360 | INFO     | Pendulum.SerialConncet:_run:176 - [接收] L16149.039063
2025-09-02 13:47:32.376 | WARNING  | Pendulum.PendulumAPP:_processSerialData:114 - ⚠️ 丢弃异常摆长数据: 16149.039063 cm (大于100)
2025-09-02 13:47:32.382 | INFO     | Pendulum.SerialConncet:_run:176 - [接收] L16149.012695
2025-09-02 13:47:32.386 | WARNING  | Pendulum.WebCore:get_pendulum_length:227 - ⚠️ API返回异常摆长数据: 120.000000 cm，使用默认值
2025-09-02 13:47:32.402 | INFO     | Pendulum.SerialConncet:_run:176 - [接收] L16148.988281
2025-09-02 13:47:32.410 | WARNING  | Pendulum.PendulumAPP:_processSerialData:114 - ⚠️ 丢弃异常摆长数据: 16148.988281 cm (大于100)
2025-09-02 13:47:32.423 | INFO     | Pendulum.SerialConncet:_run:176 - [接收] L16148.961914
2025-09-02 13:47:32.444 | INFO     | Pendulum.SerialConncet:_run:176 - [接收] L16148.937500
2025-09-02 13:47:32.460 | WARNING  | Pendulum.PendulumAPP:_processSerialData:114 - ⚠️ 丢弃异常摆长数据: 16148.937500 cm (大于100)
2025-09-02 13:47:32.465 | INFO     | Pendulum.SerialConncet:_run:176 - [接收] L16148.911133
2025-09-02 13:47:32.484 | WARNING  | Pendulum.WebCore:get_pendulum_length:227 - ⚠️ API返回异常摆长数据: 120.000000 cm，使用默认值
2025-09-02 13:47:32.488 | INFO     | Pendulum.SerialConncet:_run:176 - [接收] L16148.884766
2025-09-02 13:47:32.491 | WARNING  | Pendulum.PendulumAPP:_processSerialData:114 - ⚠️ 丢弃异常摆长数据: 16148.884766 cm (大于100)
2025-09-02 13:47:32.508 | INFO     | Pendulum.SerialConncet:_run:176 - [接收] L16148.860352
2025-09-02 13:47:32.530 | INFO     | Pendulum.SerialConncet:_run:176 - [接收] L16148.833984
2025-09-02 13:47:32.541 | WARNING  | Pendulum.PendulumAPP:_processSerialData:114 - ⚠️ 丢弃异常摆长数据: 16148.833984 cm (大于100)
2025-09-02 13:47:32.549 | INFO     | Pendulum.SerialConncet:_run:176 - [接收] L16148.809570
2025-09-02 13:47:32.568 | WARNING  | Pendulum.PendulumAPP:_processSerialData:114 - ⚠️ 丢弃异常摆长数据: 16148.809570 cm (大于100)
2025-09-02 13:47:32.574 | INFO     | Pendulum.SerialConncet:_run:176 - [接收] L16148.783203
2025-09-02 13:47:32.592 | WARNING  | Pendulum.WebCore:get_pendulum_length:227 - ⚠️ API返回异常摆长数据: 120.000000 cm，使用默认值
2025-09-02 13:47:32.595 | INFO     | Pendulum.SerialConncet:_run:176 - [接收] L16148.758789
2025-09-02 13:47:32.612 | INFO     | Pendulum.SerialConncet:_run:176 - [接收] L16148.732422
2025-09-02 13:47:32.623 | WARNING  | Pendulum.PendulumAPP:_processSerialData:114 - ⚠️ 丢弃异常摆长数据: 16148.732422 cm (大于100)
2025-09-02 13:47:32.634 | INFO     | Pendulum.SerialConncet:_run:176 - [接收] L16148.706055
2025-09-02 13:47:32.647 | WARNING  | Pendulum.PendulumAPP:_processSerialData:114 - ⚠️ 丢弃异常摆长数据: 16148.706055 cm (大于100)
2025-09-02 13:47:32.654 | INFO     | Pendulum.SerialConncet:_run:176 - [接收] L16148.681641
2025-09-02 13:47:32.675 | INFO     | Pendulum.SerialConncet:_run:176 - [接收] L16148.655273
2025-09-02 13:47:32.687 | WARNING  | Pendulum.WebCore:get_pendulum_length:227 - ⚠️ API返回异常摆长数据: 120.000000 cm，使用默认值
2025-09-02 13:47:32.695 | INFO     | Pendulum.SerialConncet:_run:176 - [接收] L16148.630859
2025-09-02 13:47:32.696 | WARNING  | Pendulum.PendulumAPP:_processSerialData:114 - ⚠️ 丢弃异常摆长数据: 16148.655273 cm (大于100)
2025-09-02 13:47:32.720 | INFO     | Pendulum.SerialConncet:_run:176 - [接收] L16148.604492
2025-09-02 13:47:32.723 | WARNING  | Pendulum.PendulumAPP:_processSerialData:114 - ⚠️ 丢弃异常摆长数据: 16148.604492 cm (大于100)
2025-09-02 13:47:32.738 | INFO     | Pendulum.SerialConncet:_run:176 - [接收] L16148.580078
2025-09-02 13:47:32.758 | INFO     | Pendulum.SerialConncet:_run:176 - [接收] L16148.553711
2025-09-02 13:47:32.776 | WARNING  | Pendulum.PendulumAPP:_processSerialData:114 - ⚠️ 丢弃异常摆长数据: 16148.553711 cm (大于100)
2025-09-02 13:47:32.785 | WARNING  | Pendulum.WebCore:get_pendulum_length:227 - ⚠️ API返回异常摆长数据: 120.000000 cm，使用默认值
2025-09-02 13:47:32.788 | INFO     | Pendulum.SerialConncet:_run:176 - [接收] L16148.527344
2025-09-02 13:47:32.801 | INFO     | Pendulum.SerialConncet:_run:176 - [接收] L16148.502930
2025-09-02 13:47:32.809 | WARNING  | Pendulum.PendulumAPP:_processSerialData:114 - ⚠️ 丢弃异常摆长数据: 16148.502930 cm (大于100)
2025-09-02 13:47:32.821 | INFO     | Pendulum.SerialConncet:_run:176 - [接收] L16148.476563
2025-09-02 13:47:32.842 | INFO     | Pendulum.SerialConncet:_run:176 - [接收] L16148.452148
2025-09-02 13:47:32.863 | WARNING  | Pendulum.PendulumAPP:_processSerialData:114 - ⚠️ 丢弃异常摆长数据: 16148.452148 cm (大于100)
2025-09-02 13:47:32.863 | INFO     | Pendulum.SerialConncet:_run:176 - [接收] L16148.425781
2025-09-02 13:47:32.884 | INFO     | Pendulum.SerialConncet:_run:176 - [接收] L16148.401367
2025-09-02 13:47:32.887 | WARNING  | Pendulum.PendulumAPP:_processSerialData:114 - ⚠️ 丢弃异常摆长数据: 16148.401367 cm (大于100)
2025-09-02 13:47:32.894 | WARNING  | Pendulum.WebCore:get_pendulum_length:227 - ⚠️ API返回异常摆长数据: 120.000000 cm，使用默认值
2025-09-02 13:47:32.904 | INFO     | Pendulum.SerialConncet:_run:176 - [接收] L16148.375000
2025-09-02 13:47:32.926 | INFO     | Pendulum.SerialConncet:_run:176 - [接收] L16148.348633
2025-09-02 13:47:32.938 | WARNING  | Pendulum.PendulumAPP:_processSerialData:114 - ⚠️ 丢弃异常摆长数据: 16148.348633 cm (大于100)
2025-09-02 13:47:32.949 | INFO     | Pendulum.SerialConncet:_run:176 - [接收] L16148.324219
2025-09-02 13:47:32.966 | WARNING  | Pendulum.PendulumAPP:_processSerialData:114 - ⚠️ 丢弃异常摆长数据: 16148.324219 cm (大于100)
2025-09-02 13:47:32.968 | INFO     | Pendulum.SerialConncet:_run:176 - [接收] L16148.297852
2025-09-02 13:47:32.989 | INFO     | Pendulum.SerialConncet:_run:176 - [接收] L16148.273438
2025-09-02 13:47:32.992 | WARNING  | Pendulum.WebCore:get_pendulum_length:227 - ⚠️ API返回异常摆长数据: 120.000000 cm，使用默认值
2025-09-02 13:47:33.011 | INFO     | Pendulum.SerialConncet:_run:176 - [接收] L16148.247070
2025-09-02 13:47:33.021 | WARNING  | Pendulum.PendulumAPP:_processSerialData:114 - ⚠️ 丢弃异常摆长数据: 16148.247070 cm (大于100)
2025-09-02 13:47:33.031 | INFO     | Pendulum.SerialConncet:_run:176 - [接收] L16148.220703
2025-09-02 13:47:33.053 | INFO     | Pendulum.PendulumAPP:_keyEventWeb:246 - ↓
2025-09-02 13:47:33.056 | INFO     | Pendulum.SerialConncet:send:199 - sendm1
2025-09-02 13:47:33.057 | INFO     | Pendulum.SerialConncet:send:201 - [发送] m1
2025-09-02 13:47:33.057 | INFO     | Pendulum.SerialConncet:_run:176 - [接收] L16148.196289
2025-09-02 13:47:33.060 | WARNING  | Pendulum.PendulumAPP:_processSerialData:114 - ⚠️ 丢弃异常摆长数据: 16148.196289 cm (大于100)
2025-09-02 13:47:33.072 | INFO     | Pendulum.SerialConncet:_run:176 - [接收] L16148.169922
2025-09-02 13:47:33.091 | WARNING  | Pendulum.WebCore:get_pendulum_length:227 - ⚠️ API返回异常摆长数据: 120.000000 cm，使用默认值
2025-09-02 13:47:33.096 | INFO     | Pendulum.SerialConncet:_run:176 - [接收] L16148.196289
2025-09-02 13:47:33.111 | WARNING  | Pendulum.PendulumAPP:_processSerialData:114 - ⚠️ 丢弃异常摆长数据: 16148.196289 cm (大于100)
2025-09-02 13:47:33.114 | INFO     | Pendulum.SerialConncet:_run:176 - [接收] L16148.220703
2025-09-02 13:47:33.138 | INFO     | Pendulum.SerialConncet:_run:176 - [接收] L16148.247070
2025-09-02 13:47:33.139 | WARNING  | Pendulum.PendulumAPP:_processSerialData:114 - ⚠️ 丢弃异常摆长数据: 16148.220703 cm (大于100)
2025-09-02 13:47:33.156 | INFO     | Pendulum.SerialConncet:_run:176 - [接收] L16148.273438
2025-09-02 13:47:33.180 | INFO     | Pendulum.SerialConncet:_run:176 - [接收] L16148.297852
2025-09-02 13:47:33.185 | WARNING  | Pendulum.PendulumAPP:_processSerialData:114 - ⚠️ 丢弃异常摆长数据: 16148.297852 cm (大于100)
2025-09-02 13:47:33.192 | WARNING  | Pendulum.WebCore:get_pendulum_length:227 - ⚠️ API返回异常摆长数据: 120.000000 cm，使用默认值
2025-09-02 13:47:33.201 | INFO     | Pendulum.SerialConncet:_run:176 - [接收] L16148.324219
2025-09-02 13:47:33.219 | INFO     | Pendulum.SerialConncet:_run:176 - [接收] L16148.348633
2025-09-02 13:47:33.222 | INFO     | Pendulum.PendulumAPP:_keyEventWeb:249 - stop
2025-09-02 13:47:33.223 | INFO     | Pendulum.SerialConncet:send:199 - sendm0
2025-09-02 13:47:33.224 | INFO     | Pendulum.SerialConncet:send:201 - [发送] m0
2025-09-02 13:47:33.227 | WARNING  | Pendulum.PendulumAPP:_processSerialData:114 - ⚠️ 丢弃异常摆长数据: 16148.348633 cm (大于100)
2025-09-02 13:47:33.240 | INFO     | Pendulum.SerialConncet:_run:176 - [接收] L16148.375000
2025-09-02 13:47:33.254 | WARNING  | Pendulum.PendulumAPP:_processSerialData:114 - ⚠️ 丢弃异常摆长数据: 16148.375000 cm (大于100)
2025-09-02 13:47:33.277 | WARNING  | Pendulum.PendulumAPP:_processSerialData:114 - ⚠️ 丢弃异常摆长数据: 16148.375000 cm (大于100)
2025-09-02 13:47:33.338 | WARNING  | Pendulum.PendulumAPP:_processSerialData:114 - ⚠️ 丢弃异常摆长数据: 16148.375000 cm (大于100)
2025-09-02 13:47:33.364 | WARNING  | Pendulum.PendulumAPP:_processSerialData:114 - ⚠️ 丢弃异常摆长数据: 16148.375000 cm (大于100)
2025-09-02 13:47:33.424 | WARNING  | Pendulum.PendulumAPP:_processSerialData:114 - ⚠️ 丢弃异常摆长数据: 16148.375000 cm (大于100)
2025-09-02 13:47:33.451 | WARNING  | Pendulum.PendulumAPP:_processSerialData:114 - ⚠️ 丢弃异常摆长数据: 16148.375000 cm (大于100)
2025-09-02 13:47:33.501 | WARNING  | Pendulum.PendulumAPP:_processSerialData:114 - ⚠️ 丢弃异常摆长数据: 16148.375000 cm (大于100)
2025-09-02 13:47:33.536 | WARNING  | Pendulum.PendulumAPP:_processSerialData:114 - ⚠️ 丢弃异常摆长数据: 16148.375000 cm (大于100)
2025-09-02 13:47:33.584 | WARNING  | Pendulum.PendulumAPP:_processSerialData:114 - ⚠️ 丢弃异常摆长数据: 16148.375000 cm (大于100)
2025-09-02 13:47:33.614 | WARNING  | Pendulum.PendulumAPP:_processSerialData:114 - ⚠️ 丢弃异常摆长数据: 16148.375000 cm (大于100)
2025-09-02 13:47:33.656 | WARNING  | Pendulum.PendulumAPP:_processSerialData:114 - ⚠️ 丢弃异常摆长数据: 16148.375000 cm (大于100)
2025-09-02 13:47:33.682 | WARNING  | Pendulum.PendulumAPP:_processSerialData:114 - ⚠️ 丢弃异常摆长数据: 16148.375000 cm (大于100)
2025-09-02 13:47:33.740 | WARNING  | Pendulum.PendulumAPP:_processSerialData:114 - ⚠️ 丢弃异常摆长数据: 16148.375000 cm (大于100)
2025-09-02 13:47:33.767 | WARNING  | Pendulum.PendulumAPP:_processSerialData:114 - ⚠️ 丢弃异常摆长数据: 16148.375000 cm (大于100)
2025-09-02 13:47:33.817 | WARNING  | Pendulum.PendulumAPP:_processSerialData:114 - ⚠️ 丢弃异常摆长数据: 16148.375000 cm (大于100)
2025-09-02 13:47:33.845 | WARNING  | Pendulum.PendulumAPP:_processSerialData:114 - ⚠️ 丢弃异常摆长数据: 16148.375000 cm (大于100)
2025-09-02 13:47:33.860 | WARNING  | Pendulum.WebCore:get_pendulum_length:227 - ⚠️ API返回异常摆长数据: 120.000000 cm，使用默认值
2025-09-02 13:47:33.896 | INFO     | Pendulum.PendulumAPP:_keyEventWeb:246 - ↓
2025-09-02 13:47:33.897 | INFO     | Pendulum.SerialConncet:send:199 - sendm1
2025-09-02 13:47:33.901 | INFO     | Pendulum.SerialConncet:send:201 - [发送] m1
2025-09-02 13:47:33.905 | WARNING  | Pendulum.PendulumAPP:_processSerialData:114 - ⚠️ 丢弃异常摆长数据: 16148.375000 cm (大于100)
2025-09-02 13:47:33.924 | INFO     | Pendulum.SerialConncet:_run:176 - [接收] L16148.401367
2025-09-02 13:47:33.925 | WARNING  | Pendulum.PendulumAPP:_processSerialData:114 - ⚠️ 丢弃异常摆长数据: 16148.375000 cm (大于100)
2025-09-02 13:47:33.945 | INFO     | Pendulum.SerialConncet:_run:176 - [接收] L16148.425781
2025-09-02 13:47:33.966 | INFO     | Pendulum.SerialConncet:_run:176 - [接收] L16148.452148
2025-09-02 13:47:33.974 | WARNING  | Pendulum.WebCore:get_pendulum_length:227 - ⚠️ API返回异常摆长数据: 120.000000 cm，使用默认值
2025-09-02 13:47:33.978 | WARNING  | Pendulum.PendulumAPP:_processSerialData:114 - ⚠️ 丢弃异常摆长数据: 16148.452148 cm (大于100)
2025-09-02 13:47:33.987 | INFO     | Pendulum.SerialConncet:_run:176 - [接收] L16148.476563
2025-09-02 13:47:34.007 | WARNING  | Pendulum.PendulumAPP:_processSerialData:114 - ⚠️ 丢弃异常摆长数据: 16148.476563 cm (大于100)
2025-09-02 13:47:34.008 | INFO     | Pendulum.SerialConncet:_run:176 - [接收] L16148.502930
2025-09-02 13:47:34.028 | INFO     | Pendulum.SerialConncet:_run:176 - [接收] L16148.527344
2025-09-02 13:47:34.050 | INFO     | Pendulum.SerialConncet:_run:176 - [接收] L16148.553711
2025-09-02 13:47:34.054 | INFO     | Pendulum.PendulumAPP:_keyEventWeb:249 - stop
2025-09-02 13:47:34.055 | INFO     | Pendulum.SerialConncet:send:199 - sendm0
2025-09-02 13:47:34.056 | INFO     | Pendulum.SerialConncet:send:201 - [发送] m0
2025-09-02 13:47:34.061 | WARNING  | Pendulum.PendulumAPP:_processSerialData:114 - ⚠️ 丢弃异常摆长数据: 16148.553711 cm (大于100)
2025-09-02 13:47:34.071 | INFO     | Pendulum.SerialConncet:_run:176 - [接收] L16148.580078
2025-09-02 13:47:34.091 | WARNING  | Pendulum.PendulumAPP:_processSerialData:114 - ⚠️ 丢弃异常摆长数据: 16148.580078 cm (大于100)
2025-09-02 13:47:34.139 | WARNING  | Pendulum.PendulumAPP:_processSerialData:114 - ⚠️ 丢弃异常摆长数据: 16148.580078 cm (大于100)
2025-09-02 13:47:34.163 | WARNING  | Pendulum.PendulumAPP:_processSerialData:114 - ⚠️ 丢弃异常摆长数据: 16148.580078 cm (大于100)
2025-09-02 13:47:34.217 | WARNING  | Pendulum.PendulumAPP:_processSerialData:114 - ⚠️ 丢弃异常摆长数据: 16148.580078 cm (大于100)
2025-09-02 13:47:34.241 | WARNING  | Pendulum.PendulumAPP:_processSerialData:114 - ⚠️ 丢弃异常摆长数据: 16148.580078 cm (大于100)
2025-09-02 13:47:34.299 | WARNING  | Pendulum.PendulumAPP:_processSerialData:114 - ⚠️ 丢弃异常摆长数据: 16148.580078 cm (大于100)
2025-09-02 13:47:34.324 | WARNING  | Pendulum.PendulumAPP:_processSerialData:114 - ⚠️ 丢弃异常摆长数据: 16148.580078 cm (大于100)
2025-09-02 13:47:34.377 | WARNING  | Pendulum.PendulumAPP:_processSerialData:114 - ⚠️ 丢弃异常摆长数据: 16148.580078 cm (大于100)
2025-09-02 13:47:34.401 | WARNING  | Pendulum.PendulumAPP:_processSerialData:114 - ⚠️ 丢弃异常摆长数据: 16148.580078 cm (大于100)
2025-09-02 13:47:34.451 | WARNING  | Pendulum.PendulumAPP:_processSerialData:114 - ⚠️ 丢弃异常摆长数据: 16148.580078 cm (大于100)
2025-09-02 13:47:34.468 | WARNING  | Pendulum.WebCore:get_pendulum_length:227 - ⚠️ API返回异常摆长数据: 120.000000 cm，使用默认值
2025-09-02 13:47:34.480 | INFO     | Pendulum.PendulumAPP:_keyEventWeb:246 - ↓
2025-09-02 13:47:34.482 | INFO     | Pendulum.SerialConncet:send:199 - sendm1
2025-09-02 13:47:34.483 | INFO     | Pendulum.SerialConncet:send:201 - [发送] m1
2025-09-02 13:47:34.486 | WARNING  | Pendulum.PendulumAPP:_processSerialData:114 - ⚠️ 丢弃异常摆长数据: 16148.580078 cm (大于100)
2025-09-02 13:47:34.506 | INFO     | Pendulum.SerialConncet:_run:176 - [接收] L16148.604492
2025-09-02 13:47:34.526 | INFO     | Pendulum.SerialConncet:_run:176 - [接收] L16148.630859
2025-09-02 13:47:34.541 | WARNING  | Pendulum.PendulumAPP:_processSerialData:114 - ⚠️ 丢弃异常摆长数据: 16148.630859 cm (大于100)
2025-09-02 13:47:34.548 | INFO     | Pendulum.SerialConncet:_run:176 - [接收] L16148.655273
2025-09-02 13:47:34.565 | WARNING  | Pendulum.PendulumAPP:_processSerialData:114 - ⚠️ 丢弃异常摆长数据: 16148.655273 cm (大于100)
2025-09-02 13:47:34.569 | INFO     | Pendulum.SerialConncet:_run:176 - [接收] L16148.681641
2025-09-02 13:47:34.576 | WARNING  | Pendulum.WebCore:get_pendulum_length:227 - ⚠️ API返回异常摆长数据: 120.000000 cm，使用默认值
2025-09-02 13:47:34.590 | INFO     | Pendulum.SerialConncet:_run:176 - [接收] L16148.706055
2025-09-02 13:47:34.611 | INFO     | Pendulum.SerialConncet:_run:176 - [接收] L16148.732422
2025-09-02 13:47:34.620 | WARNING  | Pendulum.PendulumAPP:_processSerialData:114 - ⚠️ 丢弃异常摆长数据: 16148.732422 cm (大于100)
2025-09-02 13:47:34.633 | INFO     | Pendulum.SerialConncet:_run:176 - [接收] L16148.758789
2025-09-02 13:47:34.645 | WARNING  | Pendulum.PendulumAPP:_processSerialData:114 - ⚠️ 丢弃异常摆长数据: 16148.758789 cm (大于100)
2025-09-02 13:47:34.653 | INFO     | Pendulum.SerialConncet:_run:176 - [接收] L16148.783203
2025-09-02 13:47:34.674 | INFO     | Pendulum.SerialConncet:_run:176 - [接收] L16148.809570
2025-09-02 13:47:34.687 | WARNING  | Pendulum.WebCore:get_pendulum_length:227 - ⚠️ API返回异常摆长数据: 120.000000 cm，使用默认值
2025-09-02 13:47:34.694 | INFO     | Pendulum.SerialConncet:_run:176 - [接收] L16148.833984
2025-09-02 13:47:34.705 | WARNING  | Pendulum.PendulumAPP:_processSerialData:114 - ⚠️ 丢弃异常摆长数据: 16148.833984 cm (大于100)
2025-09-02 13:47:34.718 | INFO     | Pendulum.SerialConncet:_run:176 - [接收] L16148.860352
2025-09-02 13:47:34.729 | WARNING  | Pendulum.PendulumAPP:_processSerialData:114 - ⚠️ 丢弃异常摆长数据: 16148.860352 cm (大于100)
2025-09-02 13:47:34.736 | INFO     | Pendulum.SerialConncet:_run:176 - [接收] L16148.884766
2025-09-02 13:47:34.757 | INFO     | Pendulum.SerialConncet:_run:176 - [接收] L16148.911133
2025-09-02 13:47:34.772 | WARNING  | Pendulum.PendulumAPP:_processSerialData:114 - ⚠️ 丢弃异常摆长数据: 16148.911133 cm (大于100)
2025-09-02 13:47:34.782 | INFO     | Pendulum.SerialConncet:_run:176 - [接收] L16148.937500
2025-09-02 13:47:34.784 | WARNING  | Pendulum.WebCore:get_pendulum_length:227 - ⚠️ API返回异常摆长数据: 120.000000 cm，使用默认值
2025-09-02 13:47:34.800 | INFO     | Pendulum.SerialConncet:_run:176 - [接收] L16148.961914
2025-09-02 13:47:34.800 | WARNING  | Pendulum.PendulumAPP:_processSerialData:114 - ⚠️ 丢弃异常摆长数据: 16148.937500 cm (大于100)
2025-09-02 13:47:34.820 | INFO     | Pendulum.SerialConncet:_run:176 - [接收] L16148.988281
2025-09-02 13:47:34.845 | INFO     | Pendulum.SerialConncet:_run:176 - [接收] L16149.012695
2025-09-02 13:47:34.855 | WARNING  | Pendulum.PendulumAPP:_processSerialData:114 - ⚠️ 丢弃异常摆长数据: 16149.012695 cm (大于100)
2025-09-02 13:47:34.862 | INFO     | Pendulum.SerialConncet:_run:176 - [接收] L16149.039063
2025-09-02 13:47:34.881 | WARNING  | Pendulum.WebCore:get_pendulum_length:227 - ⚠️ API返回异常摆长数据: 120.000000 cm，使用默认值
2025-09-02 13:47:34.884 | WARNING  | Pendulum.PendulumAPP:_processSerialData:114 - ⚠️ 丢弃异常摆长数据: 16149.039063 cm (大于100)
2025-09-02 13:47:34.886 | INFO     | Pendulum.SerialConncet:_run:176 - [接收] L16149.064453
2025-09-02 13:47:34.904 | INFO     | Pendulum.SerialConncet:_run:176 - [接收] L16149.089844
2025-09-02 13:47:34.925 | INFO     | Pendulum.SerialConncet:_run:176 - [接收] L16149.115234
2025-09-02 13:47:34.932 | WARNING  | Pendulum.PendulumAPP:_processSerialData:114 - ⚠️ 丢弃异常摆长数据: 16149.115234 cm (大于100)
2025-09-02 13:47:34.947 | INFO     | Pendulum.SerialConncet:_run:176 - [接收] L16149.140625
2025-09-02 13:47:34.960 | WARNING  | Pendulum.PendulumAPP:_processSerialData:114 - ⚠️ 丢弃异常摆长数据: 16149.140625 cm (大于100)
2025-09-02 13:47:34.968 | INFO     | Pendulum.SerialConncet:_run:176 - [接收] L16149.166016
2025-09-02 13:47:34.987 | INFO     | Pendulum.SerialConncet:_run:176 - [接收] L16149.191406
2025-09-02 13:47:35.010 | INFO     | Pendulum.SerialConncet:_run:176 - [接收] L16149.216797
2025-09-02 13:47:35.016 | INFO     | Pendulum.PendulumAPP:_keyEventWeb:249 - stop
2025-09-02 13:47:35.017 | INFO     | Pendulum.SerialConncet:send:199 - sendm0
2025-09-02 13:47:35.019 | INFO     | Pendulum.SerialConncet:send:201 - [发送] m0
2025-09-02 13:47:35.022 | WARNING  | Pendulum.PendulumAPP:_processSerialData:114 - ⚠️ 丢弃异常摆长数据: 16149.216797 cm (大于100)
2025-09-02 13:47:35.030 | INFO     | Pendulum.SerialConncet:_run:176 - [接收] L16149.243164
2025-09-02 13:47:35.047 | WARNING  | Pendulum.PendulumAPP:_processSerialData:114 - ⚠️ 丢弃异常摆长数据: 16149.243164 cm (大于100)
2025-09-02 13:47:35.098 | WARNING  | Pendulum.PendulumAPP:_processSerialData:114 - ⚠️ 丢弃异常摆长数据: 16149.243164 cm (大于100)
2025-09-02 13:47:35.120 | WARNING  | Pendulum.PendulumAPP:_processSerialData:114 - ⚠️ 丢弃异常摆长数据: 16149.243164 cm (大于100)
2025-09-02 13:47:35.180 | WARNING  | Pendulum.PendulumAPP:_processSerialData:114 - ⚠️ 丢弃异常摆长数据: 16149.243164 cm (大于100)
2025-09-02 13:47:35.201 | WARNING  | Pendulum.PendulumAPP:_processSerialData:114 - ⚠️ 丢弃异常摆长数据: 16149.243164 cm (大于100)
2025-09-02 13:47:35.253 | WARNING  | Pendulum.PendulumAPP:_processSerialData:114 - ⚠️ 丢弃异常摆长数据: 16149.243164 cm (大于100)
2025-09-02 13:47:35.277 | WARNING  | Pendulum.PendulumAPP:_processSerialData:114 - ⚠️ 丢弃异常摆长数据: 16149.243164 cm (大于100)
2025-09-02 13:47:35.332 | WARNING  | Pendulum.PendulumAPP:_processSerialData:114 - ⚠️ 丢弃异常摆长数据: 16149.243164 cm (大于100)
2025-09-02 13:47:35.357 | WARNING  | Pendulum.PendulumAPP:_processSerialData:114 - ⚠️ 丢弃异常摆长数据: 16149.243164 cm (大于100)
2025-09-02 13:47:35.421 | WARNING  | Pendulum.PendulumAPP:_processSerialData:114 - ⚠️ 丢弃异常摆长数据: 16149.243164 cm (大于100)
2025-09-02 13:47:35.446 | WARNING  | Pendulum.PendulumAPP:_processSerialData:114 - ⚠️ 丢弃异常摆长数据: 16149.243164 cm (大于100)
2025-09-02 13:47:35.499 | WARNING  | Pendulum.PendulumAPP:_processSerialData:114 - ⚠️ 丢弃异常摆长数据: 16149.243164 cm (大于100)
2025-09-02 13:47:35.522 | WARNING  | Pendulum.PendulumAPP:_processSerialData:114 - ⚠️ 丢弃异常摆长数据: 16149.243164 cm (大于100)
2025-09-02 13:47:35.575 | WARNING  | Pendulum.PendulumAPP:_processSerialData:114 - ⚠️ 丢弃异常摆长数据: 16149.243164 cm (大于100)
2025-09-02 13:47:35.601 | WARNING  | Pendulum.PendulumAPP:_processSerialData:114 - ⚠️ 丢弃异常摆长数据: 16149.243164 cm (大于100)
2025-09-02 13:47:35.655 | WARNING  | Pendulum.PendulumAPP:_processSerialData:114 - ⚠️ 丢弃异常摆长数据: 16149.243164 cm (大于100)
2025-09-02 13:47:35.675 | WARNING  | Pendulum.PendulumAPP:_processSerialData:114 - ⚠️ 丢弃异常摆长数据: 16149.243164 cm (大于100)
2025-09-02 13:47:35.701 | WARNING  | Pendulum.WebCore:get_pendulum_length:227 - ⚠️ API返回异常摆长数据: 120.000000 cm，使用默认值
2025-09-02 13:47:35.732 | INFO     | Pendulum.PendulumAPP:_keyEventWeb:246 - ↓
2025-09-02 13:47:35.732 | INFO     | Pendulum.SerialConncet:send:199 - sendm1
2025-09-02 13:47:35.733 | INFO     | Pendulum.SerialConncet:send:201 - [发送] m1
2025-09-02 13:47:35.736 | WARNING  | Pendulum.PendulumAPP:_processSerialData:114 - ⚠️ 丢弃异常摆长数据: 16149.243164 cm (大于100)
2025-09-02 13:47:35.762 | INFO     | Pendulum.SerialConncet:_run:176 - [接收] L16149.268555
2025-09-02 13:47:35.764 | WARNING  | Pendulum.PendulumAPP:_processSerialData:114 - ⚠️ 丢弃异常摆长数据: 16149.268555 cm (大于100)
2025-09-02 13:47:35.777 | INFO     | Pendulum.SerialConncet:_run:176 - [接收] L16149.293945
2025-09-02 13:47:35.799 | INFO     | Pendulum.SerialConncet:_run:176 - [接收] L16149.319336
2025-09-02 13:47:35.810 | WARNING  | Pendulum.WebCore:get_pendulum_length:227 - ⚠️ API返回异常摆长数据: 120.000000 cm，使用默认值
2025-09-02 13:47:35.822 | WARNING  | Pendulum.PendulumAPP:_processSerialData:114 - ⚠️ 丢弃异常摆长数据: 16149.319336 cm (大于100)
2025-09-02 13:47:35.823 | INFO     | Pendulum.SerialConncet:_run:176 - [接收] L16149.344727
2025-09-02 13:47:35.841 | INFO     | Pendulum.SerialConncet:_run:176 - [接收] L16149.370117
2025-09-02 13:47:35.845 | WARNING  | Pendulum.PendulumAPP:_processSerialData:114 - ⚠️ 丢弃异常摆长数据: 16149.370117 cm (大于100)
2025-09-02 13:47:35.861 | INFO     | Pendulum.SerialConncet:_run:176 - [接收] L16149.395508
2025-09-02 13:47:35.885 | INFO     | Pendulum.SerialConncet:_run:176 - [接收] L16149.421875
2025-09-02 13:47:35.902 | WARNING  | Pendulum.PendulumAPP:_processSerialData:114 - ⚠️ 丢弃异常摆长数据: 16149.421875 cm (大于100)
2025-09-02 13:47:35.906 | INFO     | Pendulum.SerialConncet:_run:176 - [接收] L16149.446289
2025-09-02 13:47:35.924 | INFO     | Pendulum.SerialConncet:_run:176 - [接收] L16149.472656
2025-09-02 13:47:35.926 | WARNING  | Pendulum.PendulumAPP:_processSerialData:114 - ⚠️ 丢弃异常摆长数据: 16149.472656 cm (大于100)
2025-09-02 13:47:35.945 | INFO     | Pendulum.SerialConncet:_run:176 - [接收] L16149.497070
2025-09-02 13:47:35.955 | WARNING  | Pendulum.WebCore:get_pendulum_length:227 - ⚠️ API返回异常摆长数据: 120.000000 cm，使用默认值
2025-09-02 13:47:35.968 | INFO     | Pendulum.SerialConncet:_run:176 - [接收] L16149.523438
2025-09-02 13:47:35.979 | INFO     | Pendulum.PendulumAPP:_keyEventWeb:249 - stop
2025-09-02 13:47:35.981 | INFO     | Pendulum.SerialConncet:send:199 - sendm0
2025-09-02 13:47:35.984 | INFO     | Pendulum.SerialConncet:send:201 - [发送] m0
2025-09-02 13:47:35.987 | INFO     | Pendulum.SerialConncet:_run:176 - [接收] L16149.547852
2025-09-02 13:47:35.988 | WARNING  | Pendulum.PendulumAPP:_processSerialData:114 - ⚠️ 丢弃异常摆长数据: 16149.523438 cm (大于100)
2025-09-02 13:47:36.009 | WARNING  | Pendulum.PendulumAPP:_processSerialData:114 - ⚠️ 丢弃异常摆长数据: 16149.547852 cm (大于100)
2025-09-02 13:47:36.054 | WARNING  | Pendulum.PendulumAPP:_processSerialData:114 - ⚠️ 丢弃异常摆长数据: 16149.547852 cm (大于100)
2025-09-02 13:47:36.079 | WARNING  | Pendulum.PendulumAPP:_processSerialData:114 - ⚠️ 丢弃异常摆长数据: 16149.547852 cm (大于100)
2025-09-02 13:47:36.134 | WARNING  | Pendulum.PendulumAPP:_processSerialData:114 - ⚠️ 丢弃异常摆长数据: 16149.547852 cm (大于100)
2025-09-02 13:47:36.156 | WARNING  | Pendulum.PendulumAPP:_processSerialData:114 - ⚠️ 丢弃异常摆长数据: 16149.547852 cm (大于100)
2025-09-02 13:47:36.218 | WARNING  | Pendulum.PendulumAPP:_processSerialData:114 - ⚠️ 丢弃异常摆长数据: 16149.547852 cm (大于100)
2025-09-02 13:47:36.243 | WARNING  | Pendulum.PendulumAPP:_processSerialData:114 - ⚠️ 丢弃异常摆长数据: 16149.547852 cm (大于100)
2025-09-02 13:47:36.296 | WARNING  | Pendulum.PendulumAPP:_processSerialData:114 - ⚠️ 丢弃异常摆长数据: 16149.547852 cm (大于100)
2025-09-02 13:47:36.319 | WARNING  | Pendulum.PendulumAPP:_processSerialData:114 - ⚠️ 丢弃异常摆长数据: 16149.547852 cm (大于100)
2025-09-02 13:47:36.376 | WARNING  | Pendulum.PendulumAPP:_processSerialData:114 - ⚠️ 丢弃异常摆长数据: 16149.547852 cm (大于100)
2025-09-02 13:47:36.398 | WARNING  | Pendulum.PendulumAPP:_processSerialData:114 - ⚠️ 丢弃异常摆长数据: 16149.547852 cm (大于100)
2025-09-02 13:47:36.453 | WARNING  | Pendulum.PendulumAPP:_processSerialData:114 - ⚠️ 丢弃异常摆长数据: 16149.547852 cm (大于100)
2025-09-02 13:47:36.474 | WARNING  | Pendulum.PendulumAPP:_processSerialData:114 - ⚠️ 丢弃异常摆长数据: 16149.547852 cm (大于100)
2025-09-02 13:47:36.535 | WARNING  | Pendulum.PendulumAPP:_processSerialData:114 - ⚠️ 丢弃异常摆长数据: 16149.547852 cm (大于100)
2025-09-02 13:47:36.562 | WARNING  | Pendulum.PendulumAPP:_processSerialData:114 - ⚠️ 丢弃异常摆长数据: 16149.547852 cm (大于100)
2025-09-02 13:47:36.616 | WARNING  | Pendulum.PendulumAPP:_processSerialData:114 - ⚠️ 丢弃异常摆长数据: 16149.547852 cm (大于100)
2025-09-02 13:47:36.643 | WARNING  | Pendulum.WebCore:get_pendulum_length:227 - ⚠️ API返回异常摆长数据: 120.000000 cm，使用默认值
2025-09-02 13:47:36.652 | INFO     | Pendulum.PendulumAPP:_keyEventWeb:246 - ↓
2025-09-02 13:47:36.656 | INFO     | Pendulum.SerialConncet:send:199 - sendm1
2025-09-02 13:47:36.657 | INFO     | Pendulum.SerialConncet:send:201 - [发送] m1
2025-09-02 13:47:36.660 | WARNING  | Pendulum.PendulumAPP:_processSerialData:114 - ⚠️ 丢弃异常摆长数据: 16149.547852 cm (大于100)
2025-09-02 13:47:36.679 | INFO     | Pendulum.SerialConncet:_run:176 - [接收] L16149.574219
2025-09-02 13:47:36.699 | WARNING  | Pendulum.PendulumAPP:_processSerialData:114 - ⚠️ 丢弃异常摆长数据: 16149.574219 cm (大于100)
2025-09-02 13:47:36.703 | INFO     | Pendulum.SerialConncet:_run:176 - [接收] L16149.600586
2025-09-02 13:47:36.722 | INFO     | Pendulum.SerialConncet:_run:176 - [接收] L16149.625000
2025-09-02 13:47:36.725 | WARNING  | Pendulum.PendulumAPP:_processSerialData:114 - ⚠️ 丢弃异常摆长数据: 16149.625000 cm (大于100)
2025-09-02 13:47:36.742 | INFO     | Pendulum.SerialConncet:_run:176 - [接收] L16149.651367
2025-09-02 13:47:36.752 | WARNING  | Pendulum.WebCore:get_pendulum_length:227 - ⚠️ API返回异常摆长数据: 120.000000 cm，使用默认值
2025-09-02 13:47:36.767 | INFO     | Pendulum.SerialConncet:_run:176 - [接收] L16149.675781
2025-09-02 13:47:36.778 | WARNING  | Pendulum.PendulumAPP:_processSerialData:114 - ⚠️ 丢弃异常摆长数据: 16149.675781 cm (大于100)
2025-09-02 13:47:36.785 | INFO     | Pendulum.SerialConncet:_run:176 - [接收] L16149.702148
2025-09-02 13:47:36.802 | WARNING  | Pendulum.PendulumAPP:_processSerialData:114 - ⚠️ 丢弃异常摆长数据: 16149.702148 cm (大于100)
2025-09-02 13:47:36.805 | INFO     | Pendulum.SerialConncet:_run:176 - [接收] L16149.728516
2025-09-02 13:47:36.830 | INFO     | Pendulum.SerialConncet:_run:176 - [接收] L16149.752930
2025-09-02 13:47:36.848 | INFO     | Pendulum.SerialConncet:_run:176 - [接收] L16149.779297
2025-09-02 13:47:36.860 | WARNING  | Pendulum.PendulumAPP:_processSerialData:114 - ⚠️ 丢弃异常摆长数据: 16149.779297 cm (大于100)
2025-09-02 13:47:36.868 | WARNING  | Pendulum.WebCore:get_pendulum_length:227 - ⚠️ API返回异常摆长数据: 120.000000 cm，使用默认值
2025-09-02 13:47:36.874 | INFO     | Pendulum.SerialConncet:_run:176 - [接收] L16149.803711
2025-09-02 13:47:36.890 | INFO     | Pendulum.SerialConncet:_run:176 - [接收] L16149.830078
2025-09-02 13:47:36.901 | WARNING  | Pendulum.PendulumAPP:_processSerialData:114 - ⚠️ 丢弃异常摆长数据: 16149.830078 cm (大于100)
2025-09-02 13:47:36.911 | INFO     | Pendulum.SerialConncet:_run:176 - [接收] L16149.854492
2025-09-02 13:47:36.932 | INFO     | Pendulum.SerialConncet:_run:176 - [接收] L16149.880859
2025-09-02 13:47:36.945 | WARNING  | Pendulum.PendulumAPP:_processSerialData:114 - ⚠️ 丢弃异常摆长数据: 16149.880859 cm (大于100)
2025-09-02 13:47:36.952 | INFO     | Pendulum.SerialConncet:_run:176 - [接收] L16149.907227
2025-09-02 13:47:36.969 | INFO     | Pendulum.PendulumAPP:_keyEventWeb:249 - stop
2025-09-02 13:47:36.971 | INFO     | Pendulum.SerialConncet:send:199 - sendm0
2025-09-02 13:47:36.973 | INFO     | Pendulum.SerialConncet:send:201 - [发送] m0
2025-09-02 13:47:36.973 | INFO     | Pendulum.SerialConncet:_run:176 - [接收] L16149.931641
2025-09-02 13:47:36.975 | WARNING  | Pendulum.PendulumAPP:_processSerialData:114 - ⚠️ 丢弃异常摆长数据: 16149.931641 cm (大于100)
2025-09-02 13:47:36.994 | INFO     | Pendulum.SerialConncet:_run:176 - [接收] L16149.958008
2025-09-02 13:47:37.017 | WARNING  | Pendulum.PendulumAPP:_processSerialData:114 - ⚠️ 丢弃异常摆长数据: 16149.958008 cm (大于100)
2025-09-02 13:47:37.044 | WARNING  | Pendulum.PendulumAPP:_processSerialData:114 - ⚠️ 丢弃异常摆长数据: 16149.958008 cm (大于100)
2025-09-02 13:47:37.105 | WARNING  | Pendulum.PendulumAPP:_processSerialData:114 - ⚠️ 丢弃异常摆长数据: 16149.958008 cm (大于100)
2025-09-02 13:47:37.129 | WARNING  | Pendulum.PendulumAPP:_processSerialData:114 - ⚠️ 丢弃异常摆长数据: 16149.958008 cm (大于100)
2025-09-02 13:47:37.174 | WARNING  | Pendulum.PendulumAPP:_processSerialData:114 - ⚠️ 丢弃异常摆长数据: 16149.958008 cm (大于100)
2025-09-02 13:47:37.197 | WARNING  | Pendulum.PendulumAPP:_processSerialData:114 - ⚠️ 丢弃异常摆长数据: 16149.958008 cm (大于100)
2025-09-02 13:47:37.258 | WARNING  | Pendulum.PendulumAPP:_processSerialData:114 - ⚠️ 丢弃异常摆长数据: 16149.958008 cm (大于100)
2025-09-02 13:47:37.283 | WARNING  | Pendulum.PendulumAPP:_processSerialData:114 - ⚠️ 丢弃异常摆长数据: 16149.958008 cm (大于100)
2025-09-02 13:47:37.334 | WARNING  | Pendulum.PendulumAPP:_processSerialData:114 - ⚠️ 丢弃异常摆长数据: 16149.958008 cm (大于100)
2025-09-02 13:47:37.355 | WARNING  | Pendulum.PendulumAPP:_processSerialData:114 - ⚠️ 丢弃异常摆长数据: 16149.958008 cm (大于100)
2025-09-02 13:47:37.416 | WARNING  | Pendulum.PendulumAPP:_processSerialData:114 - ⚠️ 丢弃异常摆长数据: 16149.958008 cm (大于100)
2025-09-02 13:47:37.437 | WARNING  | Pendulum.PendulumAPP:_processSerialData:114 - ⚠️ 丢弃异常摆长数据: 16149.958008 cm (大于100)
2025-09-02 13:47:37.495 | WARNING  | Pendulum.PendulumAPP:_processSerialData:114 - ⚠️ 丢弃异常摆长数据: 16149.958008 cm (大于100)
2025-09-02 13:47:37.516 | WARNING  | Pendulum.PendulumAPP:_processSerialData:114 - ⚠️ 丢弃异常摆长数据: 16149.958008 cm (大于100)
2025-09-02 13:47:37.574 | WARNING  | Pendulum.PendulumAPP:_processSerialData:114 - ⚠️ 丢弃异常摆长数据: 16149.958008 cm (大于100)
2025-09-02 13:47:37.595 | WARNING  | Pendulum.PendulumAPP:_processSerialData:114 - ⚠️ 丢弃异常摆长数据: 16149.958008 cm (大于100)
2025-09-02 13:47:37.655 | WARNING  | Pendulum.PendulumAPP:_processSerialData:114 - ⚠️ 丢弃异常摆长数据: 16149.958008 cm (大于100)
2025-09-02 13:47:37.676 | WARNING  | Pendulum.PendulumAPP:_processSerialData:114 - ⚠️ 丢弃异常摆长数据: 16149.958008 cm (大于100)
2025-09-02 13:47:37.740 | WARNING  | Pendulum.PendulumAPP:_processSerialData:114 - ⚠️ 丢弃异常摆长数据: 16149.958008 cm (大于100)
2025-09-02 13:47:37.761 | WARNING  | Pendulum.PendulumAPP:_processSerialData:114 - ⚠️ 丢弃异常摆长数据: 16149.958008 cm (大于100)
2025-09-02 13:47:37.782 | WARNING  | Pendulum.WebCore:get_pendulum_length:227 - ⚠️ API返回异常摆长数据: 120.000000 cm，使用默认值
2025-09-02 13:47:37.816 | INFO     | Pendulum.PendulumAPP:_keyEventWeb:246 - ↓
2025-09-02 13:47:37.817 | INFO     | Pendulum.SerialConncet:send:199 - sendm1
2025-09-02 13:47:37.818 | INFO     | Pendulum.SerialConncet:send:201 - [发送] m1
2025-09-02 13:47:37.822 | WARNING  | Pendulum.PendulumAPP:_processSerialData:114 - ⚠️ 丢弃异常摆长数据: 16149.958008 cm (大于100)
2025-09-02 13:47:37.842 | INFO     | Pendulum.SerialConncet:_run:176 - [接收] L16149.982422
2025-09-02 13:47:37.846 | WARNING  | Pendulum.PendulumAPP:_processSerialData:114 - ⚠️ 丢弃异常摆长数据: 16149.982422 cm (大于100)
2025-09-02 13:47:37.863 | INFO     | Pendulum.SerialConncet:_run:176 - [接收] L16150.008789
2025-09-02 13:47:37.885 | INFO     | Pendulum.SerialConncet:_run:176 - [接收] L16150.033203
2025-09-02 13:47:37.889 | WARNING  | Pendulum.WebCore:get_pendulum_length:227 - ⚠️ API返回异常摆长数据: 120.000000 cm，使用默认值
2025-09-02 13:47:37.903 | WARNING  | Pendulum.PendulumAPP:_processSerialData:114 - ⚠️ 丢弃异常摆长数据: 16150.033203 cm (大于100)
2025-09-02 13:47:37.908 | INFO     | Pendulum.SerialConncet:_run:176 - [接收] L16150.059570
2025-09-02 13:47:37.925 | WARNING  | Pendulum.PendulumAPP:_processSerialData:114 - ⚠️ 丢弃异常摆长数据: 16150.059570 cm (大于100)
2025-09-02 13:47:37.928 | INFO     | Pendulum.SerialConncet:_run:176 - [接收] L16150.085938
2025-09-02 13:47:37.946 | INFO     | Pendulum.SerialConncet:_run:176 - [接收] L16150.110352
2025-09-02 13:47:37.968 | INFO     | Pendulum.SerialConncet:_run:176 - [接收] L16150.136719
2025-09-02 13:47:37.979 | WARNING  | Pendulum.PendulumAPP:_processSerialData:114 - ⚠️ 丢弃异常摆长数据: 16150.136719 cm (大于100)
2025-09-02 13:47:37.989 | INFO     | Pendulum.SerialConncet:_run:176 - [接收] L16150.161133
2025-09-02 13:47:37.996 | WARNING  | Pendulum.WebCore:get_pendulum_length:227 - ⚠️ API返回异常摆长数据: 120.000000 cm，使用默认值
2025-09-02 13:47:38.006 | WARNING  | Pendulum.PendulumAPP:_processSerialData:114 - ⚠️ 丢弃异常摆长数据: 16150.161133 cm (大于100)
2025-09-02 13:47:38.009 | INFO     | Pendulum.SerialConncet:_run:176 - [接收] L16150.187500
2025-09-02 13:47:38.030 | INFO     | Pendulum.SerialConncet:_run:176 - [接收] L16150.211914
2025-09-02 13:47:38.051 | INFO     | Pendulum.SerialConncet:_run:176 - [接收] L16150.238281
2025-09-02 13:47:38.056 | WARNING  | Pendulum.PendulumAPP:_processSerialData:114 - ⚠️ 丢弃异常摆长数据: 16150.238281 cm (大于100)
2025-09-02 13:47:38.072 | INFO     | Pendulum.SerialConncet:_run:176 - [接收] L16150.264648
2025-09-02 13:47:38.083 | WARNING  | Pendulum.PendulumAPP:_processSerialData:114 - ⚠️ 丢弃异常摆长数据: 16150.264648 cm (大于100)
2025-09-02 13:47:38.098 | INFO     | Pendulum.SerialConncet:_run:176 - [接收] L16150.289063
2025-09-02 13:47:38.114 | INFO     | Pendulum.SerialConncet:_run:176 - [接收] L16150.315430
2025-09-02 13:47:38.135 | INFO     | Pendulum.PendulumAPP:_keyEventWeb:249 - stop
2025-09-02 13:47:38.136 | INFO     | Pendulum.SerialConncet:send:199 - sendm0
2025-09-02 13:47:38.137 | INFO     | Pendulum.SerialConncet:send:201 - [发送] m0
2025-09-02 13:47:38.138 | INFO     | Pendulum.SerialConncet:_run:176 - [接收] L16150.339844
2025-09-02 13:47:38.143 | WARNING  | Pendulum.PendulumAPP:_processSerialData:114 - ⚠️ 丢弃异常摆长数据: 16150.339844 cm (大于100)
2025-09-02 13:47:38.159 | INFO     | Pendulum.SerialConncet:_run:176 - [接收] L16150.366211
2025-09-02 13:47:38.170 | WARNING  | Pendulum.PendulumAPP:_processSerialData:114 - ⚠️ 丢弃异常摆长数据: 16150.366211 cm (大于100)
2025-09-02 13:47:38.217 | WARNING  | Pendulum.PendulumAPP:_processSerialData:114 - ⚠️ 丢弃异常摆长数据: 16150.366211 cm (大于100)
2025-09-02 13:47:38.245 | WARNING  | Pendulum.PendulumAPP:_processSerialData:114 - ⚠️ 丢弃异常摆长数据: 16150.366211 cm (大于100)
2025-09-02 13:47:38.295 | WARNING  | Pendulum.PendulumAPP:_processSerialData:114 - ⚠️ 丢弃异常摆长数据: 16150.366211 cm (大于100)
2025-09-02 13:47:38.318 | WARNING  | Pendulum.PendulumAPP:_processSerialData:114 - ⚠️ 丢弃异常摆长数据: 16150.366211 cm (大于100)
2025-09-02 13:47:38.381 | WARNING  | Pendulum.PendulumAPP:_processSerialData:114 - ⚠️ 丢弃异常摆长数据: 16150.366211 cm (大于100)
2025-09-02 13:47:38.407 | WARNING  | Pendulum.PendulumAPP:_processSerialData:114 - ⚠️ 丢弃异常摆长数据: 16150.366211 cm (大于100)
2025-09-02 13:47:38.456 | WARNING  | Pendulum.PendulumAPP:_processSerialData:114 - ⚠️ 丢弃异常摆长数据: 16150.366211 cm (大于100)
2025-09-02 13:47:38.482 | WARNING  | Pendulum.PendulumAPP:_processSerialData:114 - ⚠️ 丢弃异常摆长数据: 16150.366211 cm (大于100)
2025-09-02 13:47:38.536 | WARNING  | Pendulum.PendulumAPP:_processSerialData:114 - ⚠️ 丢弃异常摆长数据: 16150.366211 cm (大于100)
2025-09-02 13:47:38.561 | WARNING  | Pendulum.PendulumAPP:_processSerialData:114 - ⚠️ 丢弃异常摆长数据: 16150.366211 cm (大于100)
2025-09-02 13:47:38.614 | WARNING  | Pendulum.PendulumAPP:_processSerialData:114 - ⚠️ 丢弃异常摆长数据: 16150.366211 cm (大于100)
2025-09-02 13:47:38.635 | WARNING  | Pendulum.PendulumAPP:_processSerialData:114 - ⚠️ 丢弃异常摆长数据: 16150.366211 cm (大于100)
2025-09-02 13:47:38.694 | WARNING  | Pendulum.PendulumAPP:_processSerialData:114 - ⚠️ 丢弃异常摆长数据: 16150.366211 cm (大于100)
2025-09-02 13:47:38.717 | WARNING  | Pendulum.PendulumAPP:_processSerialData:114 - ⚠️ 丢弃异常摆长数据: 16150.366211 cm (大于100)
2025-09-02 13:47:38.780 | WARNING  | Pendulum.PendulumAPP:_processSerialData:114 - ⚠️ 丢弃异常摆长数据: 16150.366211 cm (大于100)
2025-09-02 13:47:38.808 | WARNING  | Pendulum.PendulumAPP:_processSerialData:114 - ⚠️ 丢弃异常摆长数据: 16150.366211 cm (大于100)
2025-09-02 13:47:38.856 | WARNING  | Pendulum.PendulumAPP:_processSerialData:114 - ⚠️ 丢弃异常摆长数据: 16150.366211 cm (大于100)
2025-09-02 13:47:38.876 | WARNING  | Pendulum.PendulumAPP:_processSerialData:114 - ⚠️ 丢弃异常摆长数据: 16150.366211 cm (大于100)
2025-09-02 13:47:38.929 | WARNING  | Pendulum.PendulumAPP:_processSerialData:114 - ⚠️ 丢弃异常摆长数据: 16150.366211 cm (大于100)
2025-09-02 13:47:38.947 | WARNING  | Pendulum.PendulumAPP:_processSerialData:114 - ⚠️ 丢弃异常摆长数据: 16150.366211 cm (大于100)
2025-09-02 13:47:39.014 | WARNING  | Pendulum.PendulumAPP:_processSerialData:114 - ⚠️ 丢弃异常摆长数据: 16150.366211 cm (大于100)
2025-09-02 13:47:39.038 | WARNING  | Pendulum.PendulumAPP:_processSerialData:114 - ⚠️ 丢弃异常摆长数据: 16150.366211 cm (大于100)
2025-09-02 13:47:39.097 | WARNING  | Pendulum.PendulumAPP:_processSerialData:114 - ⚠️ 丢弃异常摆长数据: 16150.366211 cm (大于100)
2025-09-02 13:47:39.122 | WARNING  | Pendulum.PendulumAPP:_processSerialData:114 - ⚠️ 丢弃异常摆长数据: 16150.366211 cm (大于100)
2025-09-02 13:47:39.183 | WARNING  | Pendulum.PendulumAPP:_processSerialData:114 - ⚠️ 丢弃异常摆长数据: 16150.366211 cm (大于100)
2025-09-02 13:47:39.208 | WARNING  | Pendulum.PendulumAPP:_processSerialData:114 - ⚠️ 丢弃异常摆长数据: 16150.366211 cm (大于100)
2025-09-02 13:47:39.257 | WARNING  | Pendulum.PendulumAPP:_processSerialData:114 - ⚠️ 丢弃异常摆长数据: 16150.366211 cm (大于100)
2025-09-02 13:47:39.279 | WARNING  | Pendulum.PendulumAPP:_processSerialData:114 - ⚠️ 丢弃异常摆长数据: 16150.366211 cm (大于100)
2025-09-02 13:47:39.336 | WARNING  | Pendulum.PendulumAPP:_processSerialData:114 - ⚠️ 丢弃异常摆长数据: 16150.366211 cm (大于100)
2025-09-02 13:47:39.360 | WARNING  | Pendulum.PendulumAPP:_processSerialData:114 - ⚠️ 丢弃异常摆长数据: 16150.366211 cm (大于100)
2025-09-02 13:47:39.417 | WARNING  | Pendulum.PendulumAPP:_processSerialData:114 - ⚠️ 丢弃异常摆长数据: 16150.366211 cm (大于100)
2025-09-02 13:47:39.443 | WARNING  | Pendulum.PendulumAPP:_processSerialData:114 - ⚠️ 丢弃异常摆长数据: 16150.366211 cm (大于100)
2025-09-02 13:47:39.499 | WARNING  | Pendulum.PendulumAPP:_processSerialData:114 - ⚠️ 丢弃异常摆长数据: 16150.366211 cm (大于100)
2025-09-02 13:47:39.528 | WARNING  | Pendulum.PendulumAPP:_processSerialData:114 - ⚠️ 丢弃异常摆长数据: 16150.366211 cm (大于100)
2025-09-02 13:47:39.575 | WARNING  | Pendulum.PendulumAPP:_processSerialData:114 - ⚠️ 丢弃异常摆长数据: 16150.366211 cm (大于100)
2025-09-02 13:47:39.600 | WARNING  | Pendulum.PendulumAPP:_processSerialData:114 - ⚠️ 丢弃异常摆长数据: 16150.366211 cm (大于100)
2025-09-02 13:47:39.654 | WARNING  | Pendulum.PendulumAPP:_processSerialData:114 - ⚠️ 丢弃异常摆长数据: 16150.366211 cm (大于100)
2025-09-02 13:47:39.673 | WARNING  | Pendulum.PendulumAPP:_processSerialData:114 - ⚠️ 丢弃异常摆长数据: 16150.366211 cm (大于100)
2025-09-02 13:47:39.737 | WARNING  | Pendulum.PendulumAPP:_processSerialData:114 - ⚠️ 丢弃异常摆长数据: 16150.366211 cm (大于100)
2025-09-02 13:47:39.760 | WARNING  | Pendulum.PendulumAPP:_processSerialData:114 - ⚠️ 丢弃异常摆长数据: 16150.366211 cm (大于100)
2025-09-02 13:47:39.817 | WARNING  | Pendulum.PendulumAPP:_processSerialData:114 - ⚠️ 丢弃异常摆长数据: 16150.366211 cm (大于100)
2025-09-02 13:47:39.836 | WARNING  | Pendulum.PendulumAPP:_processSerialData:114 - ⚠️ 丢弃异常摆长数据: 16150.366211 cm (大于100)
2025-09-02 13:47:39.897 | WARNING  | Pendulum.PendulumAPP:_processSerialData:114 - ⚠️ 丢弃异常摆长数据: 16150.366211 cm (大于100)
2025-09-02 13:47:39.918 | WARNING  | Pendulum.PendulumAPP:_processSerialData:114 - ⚠️ 丢弃异常摆长数据: 16150.366211 cm (大于100)
2025-09-02 13:47:39.973 | WARNING  | Pendulum.PendulumAPP:_processSerialData:114 - ⚠️ 丢弃异常摆长数据: 16150.366211 cm (大于100)
2025-09-02 13:47:39.996 | WARNING  | Pendulum.PendulumAPP:_processSerialData:114 - ⚠️ 丢弃异常摆长数据: 16150.366211 cm (大于100)
2025-09-02 13:47:40.058 | WARNING  | Pendulum.PendulumAPP:_processSerialData:114 - ⚠️ 丢弃异常摆长数据: 16150.366211 cm (大于100)
2025-09-02 13:47:40.083 | WARNING  | Pendulum.PendulumAPP:_processSerialData:114 - ⚠️ 丢弃异常摆长数据: 16150.366211 cm (大于100)
2025-09-02 13:47:40.134 | WARNING  | Pendulum.PendulumAPP:_processSerialData:114 - ⚠️ 丢弃异常摆长数据: 16150.366211 cm (大于100)
2025-09-02 13:47:40.158 | WARNING  | Pendulum.PendulumAPP:_processSerialData:114 - ⚠️ 丢弃异常摆长数据: 16150.366211 cm (大于100)
2025-09-02 13:47:40.216 | WARNING  | Pendulum.PendulumAPP:_processSerialData:114 - ⚠️ 丢弃异常摆长数据: 16150.366211 cm (大于100)
2025-09-02 13:47:40.237 | WARNING  | Pendulum.PendulumAPP:_processSerialData:114 - ⚠️ 丢弃异常摆长数据: 16150.366211 cm (大于100)
2025-09-02 13:47:40.294 | WARNING  | Pendulum.PendulumAPP:_processSerialData:114 - ⚠️ 丢弃异常摆长数据: 16150.366211 cm (大于100)
2025-09-02 13:47:40.312 | WARNING  | Pendulum.PendulumAPP:_processSerialData:114 - ⚠️ 丢弃异常摆长数据: 16150.366211 cm (大于100)
2025-09-02 13:47:40.373 | WARNING  | Pendulum.PendulumAPP:_processSerialData:114 - ⚠️ 丢弃异常摆长数据: 16150.366211 cm (大于100)
2025-09-02 13:47:40.395 | WARNING  | Pendulum.PendulumAPP:_processSerialData:114 - ⚠️ 丢弃异常摆长数据: 16150.366211 cm (大于100)
2025-09-02 13:47:40.458 | WARNING  | Pendulum.PendulumAPP:_processSerialData:114 - ⚠️ 丢弃异常摆长数据: 16150.366211 cm (大于100)
2025-09-02 13:47:40.484 | WARNING  | Pendulum.PendulumAPP:_processSerialData:114 - ⚠️ 丢弃异常摆长数据: 16150.366211 cm (大于100)
2025-09-02 13:47:40.534 | WARNING  | Pendulum.PendulumAPP:_processSerialData:114 - ⚠️ 丢弃异常摆长数据: 16150.366211 cm (大于100)
2025-09-02 13:47:40.557 | WARNING  | Pendulum.PendulumAPP:_processSerialData:114 - ⚠️ 丢弃异常摆长数据: 16150.366211 cm (大于100)
2025-09-02 13:47:40.620 | WARNING  | Pendulum.PendulumAPP:_processSerialData:114 - ⚠️ 丢弃异常摆长数据: 16150.366211 cm (大于100)
2025-09-02 13:47:40.645 | WARNING  | Pendulum.PendulumAPP:_processSerialData:114 - ⚠️ 丢弃异常摆长数据: 16150.366211 cm (大于100)
2025-09-02 13:47:40.695 | WARNING  | Pendulum.PendulumAPP:_processSerialData:114 - ⚠️ 丢弃异常摆长数据: 16150.366211 cm (大于100)
2025-09-02 13:47:40.716 | WARNING  | Pendulum.PendulumAPP:_processSerialData:114 - ⚠️ 丢弃异常摆长数据: 16150.366211 cm (大于100)
2025-09-02 13:47:40.775 | WARNING  | Pendulum.PendulumAPP:_processSerialData:114 - ⚠️ 丢弃异常摆长数据: 16150.366211 cm (大于100)
2025-09-02 13:47:40.799 | WARNING  | Pendulum.PendulumAPP:_processSerialData:114 - ⚠️ 丢弃异常摆长数据: 16150.366211 cm (大于100)
2025-09-02 13:47:40.854 | WARNING  | Pendulum.PendulumAPP:_processSerialData:114 - ⚠️ 丢弃异常摆长数据: 16150.366211 cm (大于100)
2025-09-02 13:47:40.876 | WARNING  | Pendulum.PendulumAPP:_processSerialData:114 - ⚠️ 丢弃异常摆长数据: 16150.366211 cm (大于100)
2025-09-02 13:47:40.932 | WARNING  | Pendulum.PendulumAPP:_processSerialData:114 - ⚠️ 丢弃异常摆长数据: 16150.366211 cm (大于100)
2025-09-02 13:47:40.955 | WARNING  | Pendulum.PendulumAPP:_processSerialData:114 - ⚠️ 丢弃异常摆长数据: 16150.366211 cm (大于100)
2025-09-02 13:47:41.017 | WARNING  | Pendulum.PendulumAPP:_processSerialData:114 - ⚠️ 丢弃异常摆长数据: 16150.366211 cm (大于100)
2025-09-02 13:47:41.040 | WARNING  | Pendulum.PendulumAPP:_processSerialData:114 - ⚠️ 丢弃异常摆长数据: 16150.366211 cm (大于100)
2025-09-02 13:47:41.097 | WARNING  | Pendulum.PendulumAPP:_processSerialData:114 - ⚠️ 丢弃异常摆长数据: 16150.366211 cm (大于100)
2025-09-02 13:47:41.121 | WARNING  | Pendulum.PendulumAPP:_processSerialData:114 - ⚠️ 丢弃异常摆长数据: 16150.366211 cm (大于100)
2025-09-02 13:47:41.172 | WARNING  | Pendulum.PendulumAPP:_processSerialData:114 - ⚠️ 丢弃异常摆长数据: 16150.366211 cm (大于100)
2025-09-02 13:47:41.195 | WARNING  | Pendulum.PendulumAPP:_processSerialData:114 - ⚠️ 丢弃异常摆长数据: 16150.366211 cm (大于100)
2025-09-02 13:47:41.254 | WARNING  | Pendulum.PendulumAPP:_processSerialData:114 - ⚠️ 丢弃异常摆长数据: 16150.366211 cm (大于100)
2025-09-02 13:47:41.275 | WARNING  | Pendulum.PendulumAPP:_processSerialData:114 - ⚠️ 丢弃异常摆长数据: 16150.366211 cm (大于100)
2025-09-02 13:47:41.338 | WARNING  | Pendulum.PendulumAPP:_processSerialData:114 - ⚠️ 丢弃异常摆长数据: 16150.366211 cm (大于100)
2025-09-02 13:47:41.357 | WARNING  | Pendulum.PendulumAPP:_processSerialData:114 - ⚠️ 丢弃异常摆长数据: 16150.366211 cm (大于100)
2025-09-02 13:47:41.415 | WARNING  | Pendulum.PendulumAPP:_processSerialData:114 - ⚠️ 丢弃异常摆长数据: 16150.366211 cm (大于100)
2025-09-02 13:47:41.435 | WARNING  | Pendulum.PendulumAPP:_processSerialData:114 - ⚠️ 丢弃异常摆长数据: 16150.366211 cm (大于100)
2025-09-02 13:47:41.495 | WARNING  | Pendulum.PendulumAPP:_processSerialData:114 - ⚠️ 丢弃异常摆长数据: 16150.366211 cm (大于100)
2025-09-02 13:47:41.523 | WARNING  | Pendulum.PendulumAPP:_processSerialData:114 - ⚠️ 丢弃异常摆长数据: 16150.366211 cm (大于100)
2025-09-02 13:47:41.574 | WARNING  | Pendulum.PendulumAPP:_processSerialData:114 - ⚠️ 丢弃异常摆长数据: 16150.366211 cm (大于100)
2025-09-02 13:47:41.598 | WARNING  | Pendulum.PendulumAPP:_processSerialData:114 - ⚠️ 丢弃异常摆长数据: 16150.366211 cm (大于100)
2025-09-02 13:47:41.656 | WARNING  | Pendulum.PendulumAPP:_processSerialData:114 - ⚠️ 丢弃异常摆长数据: 16150.366211 cm (大于100)
2025-09-02 13:47:41.679 | WARNING  | Pendulum.PendulumAPP:_processSerialData:114 - ⚠️ 丢弃异常摆长数据: 16150.366211 cm (大于100)
2025-09-02 13:47:41.739 | WARNING  | Pendulum.PendulumAPP:_processSerialData:114 - ⚠️ 丢弃异常摆长数据: 16150.366211 cm (大于100)
2025-09-02 13:47:41.760 | WARNING  | Pendulum.PendulumAPP:_processSerialData:114 - ⚠️ 丢弃异常摆长数据: 16150.366211 cm (大于100)
2025-09-02 13:47:41.817 | WARNING  | Pendulum.PendulumAPP:_processSerialData:114 - ⚠️ 丢弃异常摆长数据: 16150.366211 cm (大于100)
2025-09-02 13:47:41.839 | WARNING  | Pendulum.PendulumAPP:_processSerialData:114 - ⚠️ 丢弃异常摆长数据: 16150.366211 cm (大于100)
2025-09-02 13:47:41.899 | WARNING  | Pendulum.PendulumAPP:_processSerialData:114 - ⚠️ 丢弃异常摆长数据: 16150.366211 cm (大于100)
2025-09-02 13:47:41.923 | WARNING  | Pendulum.PendulumAPP:_processSerialData:114 - ⚠️ 丢弃异常摆长数据: 16150.366211 cm (大于100)
2025-09-02 13:47:41.976 | WARNING  | Pendulum.PendulumAPP:_processSerialData:114 - ⚠️ 丢弃异常摆长数据: 16150.366211 cm (大于100)
2025-09-02 13:47:42.000 | WARNING  | Pendulum.PendulumAPP:_processSerialData:114 - ⚠️ 丢弃异常摆长数据: 16150.366211 cm (大于100)
2025-09-02 13:47:42.059 | WARNING  | Pendulum.PendulumAPP:_processSerialData:114 - ⚠️ 丢弃异常摆长数据: 16150.366211 cm (大于100)
2025-09-02 13:47:42.082 | WARNING  | Pendulum.PendulumAPP:_processSerialData:114 - ⚠️ 丢弃异常摆长数据: 16150.366211 cm (大于100)
2025-09-02 13:47:42.135 | WARNING  | Pendulum.PendulumAPP:_processSerialData:114 - ⚠️ 丢弃异常摆长数据: 16150.366211 cm (大于100)
2025-09-02 13:47:42.162 | WARNING  | Pendulum.PendulumAPP:_processSerialData:114 - ⚠️ 丢弃异常摆长数据: 16150.366211 cm (大于100)
2025-09-02 13:47:42.212 | WARNING  | Pendulum.PendulumAPP:_processSerialData:114 - ⚠️ 丢弃异常摆长数据: 16150.366211 cm (大于100)
2025-09-02 13:47:42.232 | WARNING  | Pendulum.PendulumAPP:_processSerialData:114 - ⚠️ 丢弃异常摆长数据: 16150.366211 cm (大于100)
2025-09-02 13:47:42.302 | WARNING  | Pendulum.PendulumAPP:_processSerialData:114 - ⚠️ 丢弃异常摆长数据: 16150.366211 cm (大于100)
2025-09-02 13:47:42.324 | WARNING  | Pendulum.PendulumAPP:_processSerialData:114 - ⚠️ 丢弃异常摆长数据: 16150.366211 cm (大于100)
2025-09-02 13:47:42.375 | WARNING  | Pendulum.PendulumAPP:_processSerialData:114 - ⚠️ 丢弃异常摆长数据: 16150.366211 cm (大于100)
2025-09-02 13:47:42.394 | WARNING  | Pendulum.PendulumAPP:_processSerialData:114 - ⚠️ 丢弃异常摆长数据: 16150.366211 cm (大于100)
2025-09-02 13:47:42.457 | WARNING  | Pendulum.PendulumAPP:_processSerialData:114 - ⚠️ 丢弃异常摆长数据: 16150.366211 cm (大于100)
2025-09-02 13:47:42.479 | WARNING  | Pendulum.PendulumAPP:_processSerialData:114 - ⚠️ 丢弃异常摆长数据: 16150.366211 cm (大于100)
2025-09-02 13:47:42.536 | WARNING  | Pendulum.PendulumAPP:_processSerialData:114 - ⚠️ 丢弃异常摆长数据: 16150.366211 cm (大于100)
2025-09-02 13:47:42.560 | WARNING  | Pendulum.PendulumAPP:_processSerialData:114 - ⚠️ 丢弃异常摆长数据: 16150.366211 cm (大于100)
2025-09-02 13:47:42.616 | WARNING  | Pendulum.PendulumAPP:_processSerialData:114 - ⚠️ 丢弃异常摆长数据: 16150.366211 cm (大于100)
2025-09-02 13:47:42.642 | WARNING  | Pendulum.PendulumAPP:_processSerialData:114 - ⚠️ 丢弃异常摆长数据: 16150.366211 cm (大于100)
2025-09-02 13:47:42.696 | WARNING  | Pendulum.PendulumAPP:_processSerialData:114 - ⚠️ 丢弃异常摆长数据: 16150.366211 cm (大于100)
2025-09-02 13:47:42.719 | WARNING  | Pendulum.PendulumAPP:_processSerialData:114 - ⚠️ 丢弃异常摆长数据: 16150.366211 cm (大于100)
2025-09-02 13:47:42.779 | WARNING  | Pendulum.PendulumAPP:_processSerialData:114 - ⚠️ 丢弃异常摆长数据: 16150.366211 cm (大于100)
2025-09-02 13:47:42.807 | WARNING  | Pendulum.PendulumAPP:_processSerialData:114 - ⚠️ 丢弃异常摆长数据: 16150.366211 cm (大于100)
2025-09-02 13:47:42.860 | WARNING  | Pendulum.PendulumAPP:_processSerialData:114 - ⚠️ 丢弃异常摆长数据: 16150.366211 cm (大于100)
2025-09-02 13:47:42.886 | WARNING  | Pendulum.PendulumAPP:_processSerialData:114 - ⚠️ 丢弃异常摆长数据: 16150.366211 cm (大于100)
2025-09-02 13:47:42.934 | WARNING  | Pendulum.PendulumAPP:_processSerialData:114 - ⚠️ 丢弃异常摆长数据: 16150.366211 cm (大于100)
2025-09-02 13:47:42.953 | WARNING  | Pendulum.PendulumAPP:_processSerialData:114 - ⚠️ 丢弃异常摆长数据: 16150.366211 cm (大于100)
2025-09-02 13:47:43.018 | WARNING  | Pendulum.PendulumAPP:_processSerialData:114 - ⚠️ 丢弃异常摆长数据: 16150.366211 cm (大于100)
2025-09-02 13:47:43.045 | WARNING  | Pendulum.PendulumAPP:_processSerialData:114 - ⚠️ 丢弃异常摆长数据: 16150.366211 cm (大于100)
2025-09-02 13:47:43.100 | WARNING  | Pendulum.PendulumAPP:_processSerialData:114 - ⚠️ 丢弃异常摆长数据: 16150.366211 cm (大于100)
2025-09-02 13:47:43.123 | WARNING  | Pendulum.PendulumAPP:_processSerialData:114 - ⚠️ 丢弃异常摆长数据: 16150.366211 cm (大于100)
2025-09-02 13:47:43.172 | WARNING  | Pendulum.PendulumAPP:_processSerialData:114 - ⚠️ 丢弃异常摆长数据: 16150.366211 cm (大于100)
2025-09-02 13:47:43.195 | WARNING  | Pendulum.PendulumAPP:_processSerialData:114 - ⚠️ 丢弃异常摆长数据: 16150.366211 cm (大于100)
2025-09-02 13:47:43.259 | WARNING  | Pendulum.PendulumAPP:_processSerialData:114 - ⚠️ 丢弃异常摆长数据: 16150.366211 cm (大于100)
2025-09-02 13:47:43.284 | WARNING  | Pendulum.PendulumAPP:_processSerialData:114 - ⚠️ 丢弃异常摆长数据: 16150.366211 cm (大于100)
2025-09-02 13:47:43.340 | WARNING  | Pendulum.PendulumAPP:_processSerialData:114 - ⚠️ 丢弃异常摆长数据: 16150.366211 cm (大于100)
2025-09-02 13:47:43.362 | WARNING  | Pendulum.PendulumAPP:_processSerialData:114 - ⚠️ 丢弃异常摆长数据: 16150.366211 cm (大于100)
2025-09-02 13:47:43.414 | WARNING  | Pendulum.PendulumAPP:_processSerialData:114 - ⚠️ 丢弃异常摆长数据: 16150.366211 cm (大于100)
2025-09-02 13:47:43.440 | WARNING  | Pendulum.PendulumAPP:_processSerialData:114 - ⚠️ 丢弃异常摆长数据: 16150.366211 cm (大于100)
2025-09-02 13:47:43.493 | WARNING  | Pendulum.PendulumAPP:_processSerialData:114 - ⚠️ 丢弃异常摆长数据: 16150.366211 cm (大于100)
2025-09-02 13:47:43.513 | WARNING  | Pendulum.PendulumAPP:_processSerialData:114 - ⚠️ 丢弃异常摆长数据: 16150.366211 cm (大于100)
2025-09-02 13:47:43.579 | WARNING  | Pendulum.PendulumAPP:_processSerialData:114 - ⚠️ 丢弃异常摆长数据: 16150.366211 cm (大于100)
2025-09-02 13:47:43.604 | WARNING  | Pendulum.PendulumAPP:_processSerialData:114 - ⚠️ 丢弃异常摆长数据: 16150.366211 cm (大于100)
2025-09-02 13:47:43.657 | WARNING  | Pendulum.PendulumAPP:_processSerialData:114 - ⚠️ 丢弃异常摆长数据: 16150.366211 cm (大于100)
2025-09-02 13:47:43.681 | WARNING  | Pendulum.PendulumAPP:_processSerialData:114 - ⚠️ 丢弃异常摆长数据: 16150.366211 cm (大于100)
2025-09-02 13:47:43.738 | WARNING  | Pendulum.PendulumAPP:_processSerialData:114 - ⚠️ 丢弃异常摆长数据: 16150.366211 cm (大于100)
2025-09-02 13:47:43.762 | WARNING  | Pendulum.PendulumAPP:_processSerialData:114 - ⚠️ 丢弃异常摆长数据: 16150.366211 cm (大于100)
2025-09-02 13:47:43.816 | WARNING  | Pendulum.PendulumAPP:_processSerialData:114 - ⚠️ 丢弃异常摆长数据: 16150.366211 cm (大于100)
2025-09-02 13:47:43.837 | WARNING  | Pendulum.PendulumAPP:_processSerialData:114 - ⚠️ 丢弃异常摆长数据: 16150.366211 cm (大于100)
2025-09-02 13:47:43.893 | WARNING  | Pendulum.PendulumAPP:_processSerialData:114 - ⚠️ 丢弃异常摆长数据: 16150.366211 cm (大于100)
2025-09-02 13:47:43.915 | WARNING  | Pendulum.PendulumAPP:_processSerialData:114 - ⚠️ 丢弃异常摆长数据: 16150.366211 cm (大于100)
2025-09-02 13:47:43.983 | WARNING  | Pendulum.PendulumAPP:_processSerialData:114 - ⚠️ 丢弃异常摆长数据: 16150.366211 cm (大于100)
2025-09-02 13:47:44.008 | WARNING  | Pendulum.PendulumAPP:_processSerialData:114 - ⚠️ 丢弃异常摆长数据: 16150.366211 cm (大于100)
2025-09-02 13:47:44.058 | WARNING  | Pendulum.PendulumAPP:_processSerialData:114 - ⚠️ 丢弃异常摆长数据: 16150.366211 cm (大于100)
2025-09-02 13:47:44.083 | WARNING  | Pendulum.PendulumAPP:_processSerialData:114 - ⚠️ 丢弃异常摆长数据: 16150.366211 cm (大于100)
2025-09-02 13:47:44.134 | WARNING  | Pendulum.PendulumAPP:_processSerialData:114 - ⚠️ 丢弃异常摆长数据: 16150.366211 cm (大于100)
2025-09-02 13:47:44.157 | WARNING  | Pendulum.PendulumAPP:_processSerialData:114 - ⚠️ 丢弃异常摆长数据: 16150.366211 cm (大于100)
2025-09-02 13:47:44.218 | WARNING  | Pendulum.PendulumAPP:_processSerialData:114 - ⚠️ 丢弃异常摆长数据: 16150.366211 cm (大于100)
2025-09-02 13:47:44.244 | WARNING  | Pendulum.PendulumAPP:_processSerialData:114 - ⚠️ 丢弃异常摆长数据: 16150.366211 cm (大于100)
2025-09-02 13:47:44.297 | WARNING  | Pendulum.PendulumAPP:_processSerialData:114 - ⚠️ 丢弃异常摆长数据: 16150.366211 cm (大于100)
2025-09-02 13:47:44.320 | WARNING  | Pendulum.PendulumAPP:_processSerialData:114 - ⚠️ 丢弃异常摆长数据: 16150.366211 cm (大于100)
2025-09-02 13:47:44.375 | WARNING  | Pendulum.PendulumAPP:_processSerialData:114 - ⚠️ 丢弃异常摆长数据: 16150.366211 cm (大于100)
2025-09-02 13:47:44.398 | WARNING  | Pendulum.PendulumAPP:_processSerialData:114 - ⚠️ 丢弃异常摆长数据: 16150.366211 cm (大于100)
2025-09-02 13:47:44.454 | WARNING  | Pendulum.PendulumAPP:_processSerialData:114 - ⚠️ 丢弃异常摆长数据: 16150.366211 cm (大于100)
2025-09-02 13:47:44.476 | WARNING  | Pendulum.PendulumAPP:_processSerialData:114 - ⚠️ 丢弃异常摆长数据: 16150.366211 cm (大于100)
2025-09-02 13:47:44.538 | WARNING  | Pendulum.PendulumAPP:_processSerialData:114 - ⚠️ 丢弃异常摆长数据: 16150.366211 cm (大于100)
2025-09-02 13:47:44.566 | WARNING  | Pendulum.PendulumAPP:_processSerialData:114 - ⚠️ 丢弃异常摆长数据: 16150.366211 cm (大于100)
2025-09-02 13:47:44.617 | WARNING  | Pendulum.PendulumAPP:_processSerialData:114 - ⚠️ 丢弃异常摆长数据: 16150.366211 cm (大于100)
2025-09-02 13:47:44.640 | WARNING  | Pendulum.PendulumAPP:_processSerialData:114 - ⚠️ 丢弃异常摆长数据: 16150.366211 cm (大于100)
2025-09-02 13:47:44.695 | WARNING  | Pendulum.PendulumAPP:_processSerialData:114 - ⚠️ 丢弃异常摆长数据: 16150.366211 cm (大于100)
2025-09-02 13:47:44.713 | WARNING  | Pendulum.PendulumAPP:_processSerialData:114 - ⚠️ 丢弃异常摆长数据: 16150.366211 cm (大于100)
2025-09-02 13:47:44.784 | WARNING  | Pendulum.PendulumAPP:_processSerialData:114 - ⚠️ 丢弃异常摆长数据: 16150.366211 cm (大于100)
2025-09-02 13:47:44.812 | INFO     | Pendulum.PendulumAPP:_keyEventWeb:289 - d1
2025-09-02 13:47:44.813 | INFO     | Pendulum.SerialConncet:send:199 - sendd1
2025-09-02 13:47:44.814 | INFO     | Pendulum.SerialConncet:send:201 - [发送] d1
2025-09-02 13:47:44.818 | WARNING  | Pendulum.PendulumAPP:_processSerialData:114 - ⚠️ 丢弃异常摆长数据: 16150.366211 cm (大于100)
2025-09-02 13:47:44.856 | WARNING  | Pendulum.PendulumAPP:_processSerialData:114 - ⚠️ 丢弃异常摆长数据: 16150.366211 cm (大于100)
2025-09-02 13:47:44.884 | WARNING  | Pendulum.PendulumAPP:_processSerialData:114 - ⚠️ 丢弃异常摆长数据: 16150.366211 cm (大于100)
2025-09-02 13:47:44.930 | WARNING  | Pendulum.PendulumAPP:_processSerialData:114 - ⚠️ 丢弃异常摆长数据: 16150.366211 cm (大于100)
2025-09-02 13:47:44.947 | WARNING  | Pendulum.PendulumAPP:_processSerialData:114 - ⚠️ 丢弃异常摆长数据: 16150.366211 cm (大于100)
2025-09-02 13:47:45.016 | WARNING  | Pendulum.PendulumAPP:_processSerialData:114 - ⚠️ 丢弃异常摆长数据: 16150.366211 cm (大于100)
2025-09-02 13:47:45.042 | WARNING  | Pendulum.PendulumAPP:_processSerialData:114 - ⚠️ 丢弃异常摆长数据: 16150.366211 cm (大于100)
2025-09-02 13:47:45.101 | WARNING  | Pendulum.PendulumAPP:_processSerialData:114 - ⚠️ 丢弃异常摆长数据: 16150.366211 cm (大于100)
2025-09-02 13:47:45.126 | WARNING  | Pendulum.PendulumAPP:_processSerialData:114 - ⚠️ 丢弃异常摆长数据: 16150.366211 cm (大于100)
2025-09-02 13:47:45.180 | WARNING  | Pendulum.PendulumAPP:_processSerialData:114 - ⚠️ 丢弃异常摆长数据: 16150.366211 cm (大于100)
2025-09-02 13:47:45.212 | WARNING  | Pendulum.PendulumAPP:_processSerialData:114 - ⚠️ 丢弃异常摆长数据: 16150.366211 cm (大于100)
2025-09-02 13:47:45.254 | WARNING  | Pendulum.PendulumAPP:_processSerialData:114 - ⚠️ 丢弃异常摆长数据: 16150.366211 cm (大于100)
2025-09-02 13:47:45.277 | WARNING  | Pendulum.PendulumAPP:_processSerialData:114 - ⚠️ 丢弃异常摆长数据: 16150.366211 cm (大于100)
2025-09-02 13:47:45.346 | WARNING  | Pendulum.PendulumAPP:_processSerialData:114 - ⚠️ 丢弃异常摆长数据: 16150.366211 cm (大于100)
2025-09-02 13:47:45.372 | WARNING  | Pendulum.PendulumAPP:_processSerialData:114 - ⚠️ 丢弃异常摆长数据: 16150.366211 cm (大于100)
2025-09-02 13:47:45.414 | WARNING  | Pendulum.PendulumAPP:_processSerialData:114 - ⚠️ 丢弃异常摆长数据: 16150.366211 cm (大于100)
2025-09-02 13:47:45.438 | WARNING  | Pendulum.PendulumAPP:_processSerialData:114 - ⚠️ 丢弃异常摆长数据: 16150.366211 cm (大于100)
2025-09-02 13:47:45.495 | WARNING  | Pendulum.PendulumAPP:_processSerialData:114 - ⚠️ 丢弃异常摆长数据: 16150.366211 cm (大于100)
2025-09-02 13:47:45.518 | WARNING  | Pendulum.PendulumAPP:_processSerialData:114 - ⚠️ 丢弃异常摆长数据: 16150.366211 cm (大于100)
2025-09-02 13:47:45.574 | WARNING  | Pendulum.PendulumAPP:_processSerialData:114 - ⚠️ 丢弃异常摆长数据: 16150.366211 cm (大于100)
2025-09-02 13:47:45.598 | WARNING  | Pendulum.PendulumAPP:_processSerialData:114 - ⚠️ 丢弃异常摆长数据: 16150.366211 cm (大于100)
2025-09-02 13:47:45.655 | WARNING  | Pendulum.PendulumAPP:_processSerialData:114 - ⚠️ 丢弃异常摆长数据: 16150.366211 cm (大于100)
2025-09-02 13:47:45.677 | WARNING  | Pendulum.PendulumAPP:_processSerialData:114 - ⚠️ 丢弃异常摆长数据: 16150.366211 cm (大于100)
2025-09-02 13:47:45.735 | WARNING  | Pendulum.PendulumAPP:_processSerialData:114 - ⚠️ 丢弃异常摆长数据: 16150.366211 cm (大于100)
2025-09-02 13:47:45.760 | WARNING  | Pendulum.PendulumAPP:_processSerialData:114 - ⚠️ 丢弃异常摆长数据: 16150.366211 cm (大于100)
2025-09-02 13:47:45.816 | WARNING  | Pendulum.PendulumAPP:_processSerialData:114 - ⚠️ 丢弃异常摆长数据: 16150.366211 cm (大于100)
2025-09-02 13:47:45.838 | WARNING  | Pendulum.PendulumAPP:_processSerialData:114 - ⚠️ 丢弃异常摆长数据: 16150.366211 cm (大于100)
2025-09-02 13:47:45.897 | WARNING  | Pendulum.PendulumAPP:_processSerialData:114 - ⚠️ 丢弃异常摆长数据: 16150.366211 cm (大于100)
2025-09-02 13:47:45.919 | WARNING  | Pendulum.PendulumAPP:_processSerialData:114 - ⚠️ 丢弃异常摆长数据: 16150.366211 cm (大于100)
2025-09-02 13:47:45.973 | WARNING  | Pendulum.PendulumAPP:_processSerialData:114 - ⚠️ 丢弃异常摆长数据: 16150.366211 cm (大于100)
2025-09-02 13:47:45.996 | WARNING  | Pendulum.PendulumAPP:_processSerialData:114 - ⚠️ 丢弃异常摆长数据: 16150.366211 cm (大于100)
2025-09-02 13:47:46.055 | WARNING  | Pendulum.PendulumAPP:_processSerialData:114 - ⚠️ 丢弃异常摆长数据: 16150.366211 cm (大于100)
2025-09-02 13:47:46.077 | WARNING  | Pendulum.PendulumAPP:_processSerialData:114 - ⚠️ 丢弃异常摆长数据: 16150.366211 cm (大于100)
2025-09-02 13:47:46.138 | WARNING  | Pendulum.PendulumAPP:_processSerialData:114 - ⚠️ 丢弃异常摆长数据: 16150.366211 cm (大于100)
2025-09-02 13:47:46.160 | WARNING  | Pendulum.PendulumAPP:_processSerialData:114 - ⚠️ 丢弃异常摆长数据: 16150.366211 cm (大于100)
2025-09-02 13:47:46.214 | WARNING  | Pendulum.PendulumAPP:_processSerialData:114 - ⚠️ 丢弃异常摆长数据: 16150.366211 cm (大于100)
2025-09-02 13:47:46.243 | WARNING  | Pendulum.PendulumAPP:_processSerialData:114 - ⚠️ 丢弃异常摆长数据: 16150.366211 cm (大于100)
2025-09-02 13:47:46.293 | WARNING  | Pendulum.PendulumAPP:_processSerialData:114 - ⚠️ 丢弃异常摆长数据: 16150.366211 cm (大于100)
2025-09-02 13:47:46.313 | WARNING  | Pendulum.PendulumAPP:_processSerialData:114 - ⚠️ 丢弃异常摆长数据: 16150.366211 cm (大于100)
2025-09-02 13:47:46.378 | WARNING  | Pendulum.PendulumAPP:_processSerialData:114 - ⚠️ 丢弃异常摆长数据: 16150.366211 cm (大于100)
2025-09-02 13:47:46.401 | WARNING  | Pendulum.PendulumAPP:_processSerialData:114 - ⚠️ 丢弃异常摆长数据: 16150.366211 cm (大于100)
2025-09-02 13:47:46.459 | WARNING  | Pendulum.PendulumAPP:_processSerialData:114 - ⚠️ 丢弃异常摆长数据: 16150.366211 cm (大于100)
2025-09-02 13:47:46.482 | WARNING  | Pendulum.PendulumAPP:_processSerialData:114 - ⚠️ 丢弃异常摆长数据: 16150.366211 cm (大于100)
2025-09-02 13:47:46.536 | WARNING  | Pendulum.PendulumAPP:_processSerialData:114 - ⚠️ 丢弃异常摆长数据: 16150.366211 cm (大于100)
2025-09-02 13:47:46.561 | WARNING  | Pendulum.PendulumAPP:_processSerialData:114 - ⚠️ 丢弃异常摆长数据: 16150.366211 cm (大于100)
2025-09-02 13:47:46.615 | WARNING  | Pendulum.PendulumAPP:_processSerialData:114 - ⚠️ 丢弃异常摆长数据: 16150.366211 cm (大于100)
2025-09-02 13:47:46.636 | WARNING  | Pendulum.PendulumAPP:_processSerialData:114 - ⚠️ 丢弃异常摆长数据: 16150.366211 cm (大于100)
2025-09-02 13:47:46.695 | WARNING  | Pendulum.PendulumAPP:_processSerialData:114 - ⚠️ 丢弃异常摆长数据: 16150.366211 cm (大于100)
2025-09-02 13:47:46.718 | WARNING  | Pendulum.PendulumAPP:_processSerialData:114 - ⚠️ 丢弃异常摆长数据: 16150.366211 cm (大于100)
2025-09-02 13:47:46.779 | WARNING  | Pendulum.PendulumAPP:_processSerialData:114 - ⚠️ 丢弃异常摆长数据: 16150.366211 cm (大于100)
2025-09-02 13:47:46.802 | WARNING  | Pendulum.PendulumAPP:_processSerialData:114 - ⚠️ 丢弃异常摆长数据: 16150.366211 cm (大于100)
2025-09-02 13:47:46.856 | WARNING  | Pendulum.PendulumAPP:_processSerialData:114 - ⚠️ 丢弃异常摆长数据: 16150.366211 cm (大于100)
2025-09-02 13:47:46.877 | WARNING  | Pendulum.PendulumAPP:_processSerialData:114 - ⚠️ 丢弃异常摆长数据: 16150.366211 cm (大于100)
2025-09-02 13:47:46.930 | WARNING  | Pendulum.PendulumAPP:_processSerialData:114 - ⚠️ 丢弃异常摆长数据: 16150.366211 cm (大于100)
2025-09-02 13:47:46.947 | WARNING  | Pendulum.PendulumAPP:_processSerialData:114 - ⚠️ 丢弃异常摆长数据: 16150.366211 cm (大于100)
2025-09-02 13:47:47.016 | WARNING  | Pendulum.PendulumAPP:_processSerialData:114 - ⚠️ 丢弃异常摆长数据: 16150.366211 cm (大于100)
2025-09-02 13:47:47.038 | WARNING  | Pendulum.PendulumAPP:_processSerialData:114 - ⚠️ 丢弃异常摆长数据: 16150.366211 cm (大于100)
2025-09-02 13:47:47.103 | WARNING  | Pendulum.PendulumAPP:_processSerialData:114 - ⚠️ 丢弃异常摆长数据: 16150.366211 cm (大于100)
2025-09-02 13:47:47.128 | WARNING  | Pendulum.PendulumAPP:_processSerialData:114 - ⚠️ 丢弃异常摆长数据: 16150.366211 cm (大于100)
2025-09-02 13:47:47.178 | WARNING  | Pendulum.PendulumAPP:_processSerialData:114 - ⚠️ 丢弃异常摆长数据: 16150.366211 cm (大于100)
2025-09-02 13:47:47.200 | WARNING  | Pendulum.PendulumAPP:_processSerialData:114 - ⚠️ 丢弃异常摆长数据: 16150.366211 cm (大于100)
2025-09-02 13:47:47.257 | WARNING  | Pendulum.PendulumAPP:_processSerialData:114 - ⚠️ 丢弃异常摆长数据: 16150.366211 cm (大于100)
2025-09-02 13:47:47.278 | WARNING  | Pendulum.PendulumAPP:_processSerialData:114 - ⚠️ 丢弃异常摆长数据: 16150.366211 cm (大于100)
2025-09-02 13:47:47.333 | WARNING  | Pendulum.PendulumAPP:_processSerialData:114 - ⚠️ 丢弃异常摆长数据: 16150.366211 cm (大于100)
2025-09-02 13:47:47.353 | WARNING  | Pendulum.PendulumAPP:_processSerialData:114 - ⚠️ 丢弃异常摆长数据: 16150.366211 cm (大于100)
2025-09-02 13:47:47.416 | WARNING  | Pendulum.PendulumAPP:_processSerialData:114 - ⚠️ 丢弃异常摆长数据: 16150.366211 cm (大于100)
2025-09-02 13:47:47.441 | WARNING  | Pendulum.PendulumAPP:_processSerialData:114 - ⚠️ 丢弃异常摆长数据: 16150.366211 cm (大于100)
2025-09-02 13:47:47.500 | WARNING  | Pendulum.PendulumAPP:_processSerialData:114 - ⚠️ 丢弃异常摆长数据: 16150.366211 cm (大于100)
2025-09-02 13:47:47.521 | WARNING  | Pendulum.PendulumAPP:_processSerialData:114 - ⚠️ 丢弃异常摆长数据: 16150.366211 cm (大于100)
2025-09-02 13:47:47.577 | WARNING  | Pendulum.PendulumAPP:_processSerialData:114 - ⚠️ 丢弃异常摆长数据: 16150.366211 cm (大于100)
2025-09-02 13:47:47.601 | WARNING  | Pendulum.PendulumAPP:_processSerialData:114 - ⚠️ 丢弃异常摆长数据: 16150.366211 cm (大于100)
2025-09-02 13:47:47.661 | WARNING  | Pendulum.PendulumAPP:_processSerialData:114 - ⚠️ 丢弃异常摆长数据: 16150.366211 cm (大于100)
2025-09-02 13:47:47.688 | WARNING  | Pendulum.PendulumAPP:_processSerialData:114 - ⚠️ 丢弃异常摆长数据: 16150.366211 cm (大于100)
2025-09-02 13:47:47.739 | WARNING  | Pendulum.PendulumAPP:_processSerialData:114 - ⚠️ 丢弃异常摆长数据: 16150.366211 cm (大于100)
2025-09-02 13:47:47.764 | WARNING  | Pendulum.PendulumAPP:_processSerialData:114 - ⚠️ 丢弃异常摆长数据: 16150.366211 cm (大于100)
2025-09-02 13:47:47.818 | WARNING  | Pendulum.PendulumAPP:_processSerialData:114 - ⚠️ 丢弃异常摆长数据: 16150.366211 cm (大于100)
2025-09-02 13:47:47.841 | WARNING  | Pendulum.PendulumAPP:_processSerialData:114 - ⚠️ 丢弃异常摆长数据: 16150.366211 cm (大于100)
2025-09-02 13:47:47.897 | WARNING  | Pendulum.PendulumAPP:_processSerialData:114 - ⚠️ 丢弃异常摆长数据: 16150.366211 cm (大于100)
2025-09-02 13:47:47.917 | WARNING  | Pendulum.PendulumAPP:_processSerialData:114 - ⚠️ 丢弃异常摆长数据: 16150.366211 cm (大于100)
2025-09-02 13:47:47.974 | WARNING  | Pendulum.PendulumAPP:_processSerialData:114 - ⚠️ 丢弃异常摆长数据: 16150.366211 cm (大于100)
2025-09-02 13:47:47.995 | WARNING  | Pendulum.PendulumAPP:_processSerialData:114 - ⚠️ 丢弃异常摆长数据: 16150.366211 cm (大于100)
2025-09-02 13:47:48.059 | WARNING  | Pendulum.PendulumAPP:_processSerialData:114 - ⚠️ 丢弃异常摆长数据: 16150.366211 cm (大于100)
2025-09-02 13:47:48.085 | WARNING  | Pendulum.PendulumAPP:_processSerialData:114 - ⚠️ 丢弃异常摆长数据: 16150.366211 cm (大于100)
2025-09-02 13:47:48.135 | INFO     | Pendulum.PendulumAPP:_keyEventWeb:268 - u2
2025-09-02 13:47:48.136 | INFO     | Pendulum.SerialConncet:send:199 - sendu2
2025-09-02 13:47:48.137 | INFO     | Pendulum.SerialConncet:send:201 - [发送] u2
2025-09-02 13:47:48.140 | WARNING  | Pendulum.PendulumAPP:_processSerialData:114 - ⚠️ 丢弃异常摆长数据: 16150.366211 cm (大于100)
2025-09-02 13:47:48.165 | WARNING  | Pendulum.PendulumAPP:_processSerialData:114 - ⚠️ 丢弃异常摆长数据: 16150.366211 cm (大于100)
2025-09-02 13:47:48.217 | WARNING  | Pendulum.PendulumAPP:_processSerialData:114 - ⚠️ 丢弃异常摆长数据: 16150.366211 cm (大于100)
2025-09-02 13:47:48.241 | WARNING  | Pendulum.PendulumAPP:_processSerialData:114 - ⚠️ 丢弃异常摆长数据: 16150.366211 cm (大于100)
2025-09-02 13:47:48.296 | WARNING  | Pendulum.PendulumAPP:_processSerialData:114 - ⚠️ 丢弃异常摆长数据: 16150.366211 cm (大于100)
2025-09-02 13:47:48.320 | WARNING  | Pendulum.PendulumAPP:_processSerialData:114 - ⚠️ 丢弃异常摆长数据: 16150.366211 cm (大于100)
2025-09-02 13:47:48.375 | WARNING  | Pendulum.PendulumAPP:_processSerialData:114 - ⚠️ 丢弃异常摆长数据: 16150.366211 cm (大于100)
2025-09-02 13:47:48.395 | WARNING  | Pendulum.PendulumAPP:_processSerialData:114 - ⚠️ 丢弃异常摆长数据: 16150.366211 cm (大于100)
2025-09-02 13:47:48.457 | WARNING  | Pendulum.PendulumAPP:_processSerialData:114 - ⚠️ 丢弃异常摆长数据: 16150.366211 cm (大于100)
2025-09-02 13:47:48.479 | WARNING  | Pendulum.PendulumAPP:_processSerialData:114 - ⚠️ 丢弃异常摆长数据: 16150.366211 cm (大于100)
2025-09-02 13:47:48.532 | WARNING  | Pendulum.PendulumAPP:_processSerialData:114 - ⚠️ 丢弃异常摆长数据: 16150.366211 cm (大于100)
2025-09-02 13:47:48.552 | WARNING  | Pendulum.PendulumAPP:_processSerialData:114 - ⚠️ 丢弃异常摆长数据: 16150.366211 cm (大于100)
2025-09-02 13:47:48.618 | WARNING  | Pendulum.PendulumAPP:_processSerialData:114 - ⚠️ 丢弃异常摆长数据: 16150.366211 cm (大于100)
2025-09-02 13:47:48.645 | WARNING  | Pendulum.PendulumAPP:_processSerialData:114 - ⚠️ 丢弃异常摆长数据: 16150.366211 cm (大于100)
2025-09-02 13:47:48.698 | WARNING  | Pendulum.PendulumAPP:_processSerialData:114 - ⚠️ 丢弃异常摆长数据: 16150.366211 cm (大于100)
2025-09-02 13:47:48.723 | WARNING  | Pendulum.PendulumAPP:_processSerialData:114 - ⚠️ 丢弃异常摆长数据: 16150.366211 cm (大于100)
2025-09-02 13:47:48.776 | WARNING  | Pendulum.PendulumAPP:_processSerialData:114 - ⚠️ 丢弃异常摆长数据: 16150.366211 cm (大于100)
2025-09-02 13:47:48.796 | WARNING  | Pendulum.PendulumAPP:_processSerialData:114 - ⚠️ 丢弃异常摆长数据: 16150.366211 cm (大于100)
2025-09-02 13:47:48.854 | WARNING  | Pendulum.PendulumAPP:_processSerialData:114 - ⚠️ 丢弃异常摆长数据: 16150.366211 cm (大于100)
2025-09-02 13:47:48.872 | WARNING  | Pendulum.PendulumAPP:_processSerialData:114 - ⚠️ 丢弃异常摆长数据: 16150.366211 cm (大于100)
2025-09-02 13:47:48.936 | WARNING  | Pendulum.PendulumAPP:_processSerialData:114 - ⚠️ 丢弃异常摆长数据: 16150.366211 cm (大于100)
2025-09-02 13:47:48.954 | WARNING  | Pendulum.PendulumAPP:_processSerialData:114 - ⚠️ 丢弃异常摆长数据: 16150.366211 cm (大于100)
2025-09-02 13:47:49.014 | WARNING  | Pendulum.PendulumAPP:_processSerialData:114 - ⚠️ 丢弃异常摆长数据: 16150.366211 cm (大于100)
2025-09-02 13:47:49.037 | WARNING  | Pendulum.PendulumAPP:_processSerialData:114 - ⚠️ 丢弃异常摆长数据: 16150.366211 cm (大于100)
2025-09-02 13:47:49.098 | WARNING  | Pendulum.PendulumAPP:_processSerialData:114 - ⚠️ 丢弃异常摆长数据: 16150.366211 cm (大于100)
2025-09-02 13:47:49.119 | WARNING  | Pendulum.PendulumAPP:_processSerialData:114 - ⚠️ 丢弃异常摆长数据: 16150.366211 cm (大于100)
2025-09-02 13:47:49.178 | WARNING  | Pendulum.PendulumAPP:_processSerialData:114 - ⚠️ 丢弃异常摆长数据: 16150.366211 cm (大于100)
2025-09-02 13:47:49.201 | WARNING  | Pendulum.PendulumAPP:_processSerialData:114 - ⚠️ 丢弃异常摆长数据: 16150.366211 cm (大于100)
2025-09-02 13:47:49.259 | WARNING  | Pendulum.PendulumAPP:_processSerialData:114 - ⚠️ 丢弃异常摆长数据: 16150.366211 cm (大于100)
2025-09-02 13:47:49.282 | WARNING  | Pendulum.PendulumAPP:_processSerialData:114 - ⚠️ 丢弃异常摆长数据: 16150.366211 cm (大于100)
2025-09-02 13:47:49.339 | WARNING  | Pendulum.PendulumAPP:_processSerialData:114 - ⚠️ 丢弃异常摆长数据: 16150.366211 cm (大于100)
2025-09-02 13:47:49.363 | WARNING  | Pendulum.PendulumAPP:_processSerialData:114 - ⚠️ 丢弃异常摆长数据: 16150.366211 cm (大于100)
2025-09-02 13:47:49.414 | WARNING  | Pendulum.PendulumAPP:_processSerialData:114 - ⚠️ 丢弃异常摆长数据: 16150.366211 cm (大于100)
2025-09-02 13:47:49.437 | WARNING  | Pendulum.PendulumAPP:_processSerialData:114 - ⚠️ 丢弃异常摆长数据: 16150.366211 cm (大于100)
2025-09-02 13:47:49.492 | WARNING  | Pendulum.PendulumAPP:_processSerialData:114 - ⚠️ 丢弃异常摆长数据: 16150.366211 cm (大于100)
2025-09-02 13:47:49.512 | WARNING  | Pendulum.PendulumAPP:_processSerialData:114 - ⚠️ 丢弃异常摆长数据: 16150.366211 cm (大于100)
2025-09-02 13:47:49.575 | WARNING  | Pendulum.PendulumAPP:_processSerialData:114 - ⚠️ 丢弃异常摆长数据: 16150.366211 cm (大于100)
2025-09-02 13:47:49.599 | WARNING  | Pendulum.PendulumAPP:_processSerialData:114 - ⚠️ 丢弃异常摆长数据: 16150.366211 cm (大于100)
2025-09-02 13:47:49.655 | WARNING  | Pendulum.PendulumAPP:_processSerialData:114 - ⚠️ 丢弃异常摆长数据: 16150.366211 cm (大于100)
2025-09-02 13:47:49.677 | WARNING  | Pendulum.PendulumAPP:_processSerialData:114 - ⚠️ 丢弃异常摆长数据: 16150.366211 cm (大于100)
2025-09-02 13:47:49.736 | WARNING  | Pendulum.PendulumAPP:_processSerialData:114 - ⚠️ 丢弃异常摆长数据: 16150.366211 cm (大于100)
2025-09-02 13:47:49.755 | WARNING  | Pendulum.PendulumAPP:_processSerialData:114 - ⚠️ 丢弃异常摆长数据: 16150.366211 cm (大于100)
2025-09-02 13:47:49.815 | WARNING  | Pendulum.PendulumAPP:_processSerialData:114 - ⚠️ 丢弃异常摆长数据: 16150.366211 cm (大于100)
2025-09-02 13:47:49.837 | WARNING  | Pendulum.PendulumAPP:_processSerialData:114 - ⚠️ 丢弃异常摆长数据: 16150.366211 cm (大于100)
2025-09-02 13:47:49.907 | WARNING  | Pendulum.PendulumAPP:_processSerialData:114 - ⚠️ 丢弃异常摆长数据: 16150.366211 cm (大于100)
2025-09-02 13:47:49.931 | WARNING  | Pendulum.PendulumAPP:_processSerialData:114 - ⚠️ 丢弃异常摆长数据: 16150.366211 cm (大于100)
2025-09-02 13:47:49.972 | WARNING  | Pendulum.PendulumAPP:_processSerialData:114 - ⚠️ 丢弃异常摆长数据: 16150.366211 cm (大于100)
2025-09-02 13:47:49.990 | WARNING  | Pendulum.PendulumAPP:_processSerialData:114 - ⚠️ 丢弃异常摆长数据: 16150.366211 cm (大于100)
2025-09-02 13:47:50.057 | WARNING  | Pendulum.PendulumAPP:_processSerialData:114 - ⚠️ 丢弃异常摆长数据: 16150.366211 cm (大于100)
2025-09-02 13:47:50.078 | WARNING  | Pendulum.PendulumAPP:_processSerialData:114 - ⚠️ 丢弃异常摆长数据: 16150.366211 cm (大于100)
2025-09-02 13:47:50.134 | WARNING  | Pendulum.PendulumAPP:_processSerialData:114 - ⚠️ 丢弃异常摆长数据: 16150.366211 cm (大于100)
2025-09-02 13:47:50.159 | WARNING  | Pendulum.PendulumAPP:_processSerialData:114 - ⚠️ 丢弃异常摆长数据: 16150.366211 cm (大于100)
2025-09-02 13:47:50.215 | WARNING  | Pendulum.PendulumAPP:_processSerialData:114 - ⚠️ 丢弃异常摆长数据: 16150.366211 cm (大于100)
2025-09-02 13:47:50.234 | WARNING  | Pendulum.PendulumAPP:_processSerialData:114 - ⚠️ 丢弃异常摆长数据: 16150.366211 cm (大于100)
2025-09-02 13:47:50.295 | WARNING  | Pendulum.PendulumAPP:_processSerialData:114 - ⚠️ 丢弃异常摆长数据: 16150.366211 cm (大于100)
2025-09-02 13:47:50.319 | WARNING  | Pendulum.PendulumAPP:_processSerialData:114 - ⚠️ 丢弃异常摆长数据: 16150.366211 cm (大于100)
2025-09-02 13:47:50.380 | WARNING  | Pendulum.PendulumAPP:_processSerialData:114 - ⚠️ 丢弃异常摆长数据: 16150.366211 cm (大于100)
2025-09-02 13:47:50.402 | WARNING  | Pendulum.PendulumAPP:_processSerialData:114 - ⚠️ 丢弃异常摆长数据: 16150.366211 cm (大于100)
2025-09-02 13:47:50.458 | WARNING  | Pendulum.PendulumAPP:_processSerialData:114 - ⚠️ 丢弃异常摆长数据: 16150.366211 cm (大于100)
2025-09-02 13:47:50.478 | WARNING  | Pendulum.PendulumAPP:_processSerialData:114 - ⚠️ 丢弃异常摆长数据: 16150.366211 cm (大于100)
2025-09-02 13:47:50.536 | WARNING  | Pendulum.PendulumAPP:_processSerialData:114 - ⚠️ 丢弃异常摆长数据: 16150.366211 cm (大于100)
2025-09-02 13:47:50.557 | WARNING  | Pendulum.PendulumAPP:_processSerialData:114 - ⚠️ 丢弃异常摆长数据: 16150.366211 cm (大于100)
2025-09-02 13:47:50.613 | WARNING  | Pendulum.PendulumAPP:_processSerialData:114 - ⚠️ 丢弃异常摆长数据: 16150.366211 cm (大于100)
2025-09-02 13:47:50.635 | WARNING  | Pendulum.PendulumAPP:_processSerialData:114 - ⚠️ 丢弃异常摆长数据: 16150.366211 cm (大于100)
2025-09-02 13:47:50.696 | WARNING  | Pendulum.PendulumAPP:_processSerialData:114 - ⚠️ 丢弃异常摆长数据: 16150.366211 cm (大于100)
2025-09-02 13:47:50.720 | WARNING  | Pendulum.PendulumAPP:_processSerialData:114 - ⚠️ 丢弃异常摆长数据: 16150.366211 cm (大于100)
2025-09-02 13:47:50.775 | WARNING  | Pendulum.PendulumAPP:_processSerialData:114 - ⚠️ 丢弃异常摆长数据: 16150.366211 cm (大于100)
2025-09-02 13:47:50.798 | WARNING  | Pendulum.PendulumAPP:_processSerialData:114 - ⚠️ 丢弃异常摆长数据: 16150.366211 cm (大于100)
2025-09-02 13:47:50.853 | WARNING  | Pendulum.PendulumAPP:_processSerialData:114 - ⚠️ 丢弃异常摆长数据: 16150.366211 cm (大于100)
2025-09-02 13:47:50.876 | WARNING  | Pendulum.PendulumAPP:_processSerialData:114 - ⚠️ 丢弃异常摆长数据: 16150.366211 cm (大于100)
2025-09-02 13:47:50.931 | WARNING  | Pendulum.PendulumAPP:_processSerialData:114 - ⚠️ 丢弃异常摆长数据: 16150.366211 cm (大于100)
2025-09-02 13:47:50.950 | WARNING  | Pendulum.PendulumAPP:_processSerialData:114 - ⚠️ 丢弃异常摆长数据: 16150.366211 cm (大于100)
2025-09-02 13:47:51.022 | WARNING  | Pendulum.PendulumAPP:_processSerialData:114 - ⚠️ 丢弃异常摆长数据: 16150.366211 cm (大于100)
2025-09-02 13:47:51.043 | WARNING  | Pendulum.PendulumAPP:_processSerialData:114 - ⚠️ 丢弃异常摆长数据: 16150.366211 cm (大于100)
2025-09-02 13:47:51.097 | WARNING  | Pendulum.PendulumAPP:_processSerialData:114 - ⚠️ 丢弃异常摆长数据: 16150.366211 cm (大于100)
2025-09-02 13:47:51.119 | WARNING  | Pendulum.PendulumAPP:_processSerialData:114 - ⚠️ 丢弃异常摆长数据: 16150.366211 cm (大于100)
2025-09-02 13:47:51.176 | WARNING  | Pendulum.PendulumAPP:_processSerialData:114 - ⚠️ 丢弃异常摆长数据: 16150.366211 cm (大于100)
2025-09-02 13:47:51.195 | WARNING  | Pendulum.PendulumAPP:_processSerialData:114 - ⚠️ 丢弃异常摆长数据: 16150.366211 cm (大于100)
2025-09-02 13:47:51.258 | WARNING  | Pendulum.PendulumAPP:_processSerialData:114 - ⚠️ 丢弃异常摆长数据: 16150.366211 cm (大于100)
2025-09-02 13:47:51.279 | WARNING  | Pendulum.PendulumAPP:_processSerialData:114 - ⚠️ 丢弃异常摆长数据: 16150.366211 cm (大于100)
2025-09-02 13:47:51.335 | WARNING  | Pendulum.PendulumAPP:_processSerialData:114 - ⚠️ 丢弃异常摆长数据: 16150.366211 cm (大于100)
2025-09-02 13:47:51.355 | WARNING  | Pendulum.PendulumAPP:_processSerialData:114 - ⚠️ 丢弃异常摆长数据: 16150.366211 cm (大于100)
2025-09-02 13:47:51.417 | WARNING  | Pendulum.PendulumAPP:_processSerialData:114 - ⚠️ 丢弃异常摆长数据: 16150.366211 cm (大于100)
2025-09-02 13:47:51.442 | WARNING  | Pendulum.PendulumAPP:_processSerialData:114 - ⚠️ 丢弃异常摆长数据: 16150.366211 cm (大于100)
2025-09-02 13:47:51.496 | WARNING  | Pendulum.PendulumAPP:_processSerialData:114 - ⚠️ 丢弃异常摆长数据: 16150.366211 cm (大于100)
2025-09-02 13:47:51.517 | WARNING  | Pendulum.PendulumAPP:_processSerialData:114 - ⚠️ 丢弃异常摆长数据: 16150.366211 cm (大于100)
2025-09-02 13:47:51.575 | WARNING  | Pendulum.PendulumAPP:_processSerialData:114 - ⚠️ 丢弃异常摆长数据: 16150.366211 cm (大于100)
2025-09-02 13:47:51.600 | WARNING  | Pendulum.PendulumAPP:_processSerialData:114 - ⚠️ 丢弃异常摆长数据: 16150.366211 cm (大于100)
2025-09-02 13:47:51.658 | WARNING  | Pendulum.PendulumAPP:_processSerialData:114 - ⚠️ 丢弃异常摆长数据: 16150.366211 cm (大于100)
2025-09-02 13:47:51.680 | WARNING  | Pendulum.PendulumAPP:_processSerialData:114 - ⚠️ 丢弃异常摆长数据: 16150.366211 cm (大于100)
2025-09-02 13:47:51.735 | WARNING  | Pendulum.PendulumAPP:_processSerialData:114 - ⚠️ 丢弃异常摆长数据: 16150.366211 cm (大于100)
2025-09-02 13:47:51.758 | WARNING  | Pendulum.PendulumAPP:_processSerialData:114 - ⚠️ 丢弃异常摆长数据: 16150.366211 cm (大于100)
2025-09-02 13:47:51.818 | WARNING  | Pendulum.PendulumAPP:_processSerialData:114 - ⚠️ 丢弃异常摆长数据: 16150.366211 cm (大于100)
2025-09-02 13:47:51.843 | WARNING  | Pendulum.PendulumAPP:_processSerialData:114 - ⚠️ 丢弃异常摆长数据: 16150.366211 cm (大于100)
2025-09-02 13:47:51.895 | WARNING  | Pendulum.PendulumAPP:_processSerialData:114 - ⚠️ 丢弃异常摆长数据: 16150.366211 cm (大于100)
2025-09-02 13:47:51.916 | WARNING  | Pendulum.PendulumAPP:_processSerialData:114 - ⚠️ 丢弃异常摆长数据: 16150.366211 cm (大于100)
2025-09-02 13:47:51.976 | WARNING  | Pendulum.PendulumAPP:_processSerialData:114 - ⚠️ 丢弃异常摆长数据: 16150.366211 cm (大于100)
2025-09-02 13:47:52.001 | WARNING  | Pendulum.PendulumAPP:_processSerialData:114 - ⚠️ 丢弃异常摆长数据: 16150.366211 cm (大于100)
2025-09-02 13:47:52.057 | WARNING  | Pendulum.PendulumAPP:_processSerialData:114 - ⚠️ 丢弃异常摆长数据: 16150.366211 cm (大于100)
2025-09-02 13:47:52.079 | WARNING  | Pendulum.PendulumAPP:_processSerialData:114 - ⚠️ 丢弃异常摆长数据: 16150.366211 cm (大于100)
2025-09-02 13:47:52.144 | WARNING  | Pendulum.PendulumAPP:_processSerialData:114 - ⚠️ 丢弃异常摆长数据: 16150.366211 cm (大于100)
2025-09-02 13:47:52.168 | WARNING  | Pendulum.PendulumAPP:_processSerialData:114 - ⚠️ 丢弃异常摆长数据: 16150.366211 cm (大于100)
2025-09-02 13:47:52.216 | WARNING  | Pendulum.PendulumAPP:_processSerialData:114 - ⚠️ 丢弃异常摆长数据: 16150.366211 cm (大于100)
2025-09-02 13:47:52.240 | WARNING  | Pendulum.PendulumAPP:_processSerialData:114 - ⚠️ 丢弃异常摆长数据: 16150.366211 cm (大于100)
2025-09-02 13:47:52.300 | WARNING  | Pendulum.PendulumAPP:_processSerialData:114 - ⚠️ 丢弃异常摆长数据: 16150.366211 cm (大于100)
2025-09-02 13:47:52.325 | WARNING  | Pendulum.PendulumAPP:_processSerialData:114 - ⚠️ 丢弃异常摆长数据: 16150.366211 cm (大于100)
2025-09-02 13:47:52.378 | WARNING  | Pendulum.PendulumAPP:_processSerialData:114 - ⚠️ 丢弃异常摆长数据: 16150.366211 cm (大于100)
2025-09-02 13:47:52.403 | WARNING  | Pendulum.PendulumAPP:_processSerialData:114 - ⚠️ 丢弃异常摆长数据: 16150.366211 cm (大于100)
2025-09-02 13:47:52.454 | WARNING  | Pendulum.PendulumAPP:_processSerialData:114 - ⚠️ 丢弃异常摆长数据: 16150.366211 cm (大于100)
2025-09-02 13:47:52.477 | WARNING  | Pendulum.PendulumAPP:_processSerialData:114 - ⚠️ 丢弃异常摆长数据: 16150.366211 cm (大于100)
2025-09-02 13:47:52.536 | WARNING  | Pendulum.PendulumAPP:_processSerialData:114 - ⚠️ 丢弃异常摆长数据: 16150.366211 cm (大于100)
2025-09-02 13:47:52.565 | WARNING  | Pendulum.PendulumAPP:_processSerialData:114 - ⚠️ 丢弃异常摆长数据: 16150.366211 cm (大于100)
2025-09-02 13:47:52.618 | WARNING  | Pendulum.PendulumAPP:_processSerialData:114 - ⚠️ 丢弃异常摆长数据: 16150.366211 cm (大于100)
2025-09-02 13:47:52.646 | WARNING  | Pendulum.PendulumAPP:_processSerialData:114 - ⚠️ 丢弃异常摆长数据: 16150.366211 cm (大于100)
2025-09-02 13:47:52.695 | WARNING  | Pendulum.PendulumAPP:_processSerialData:114 - ⚠️ 丢弃异常摆长数据: 16150.366211 cm (大于100)
2025-09-02 13:47:52.718 | WARNING  | Pendulum.PendulumAPP:_processSerialData:114 - ⚠️ 丢弃异常摆长数据: 16150.366211 cm (大于100)
2025-09-02 13:47:52.772 | INFO     | Pendulum.PendulumAPP:_keyEventWeb:274 - u0
2025-09-02 13:47:52.772 | INFO     | Pendulum.SerialConncet:send:199 - sendu0
2025-09-02 13:47:52.774 | INFO     | Pendulum.SerialConncet:send:201 - [发送] u0
2025-09-02 13:47:52.776 | WARNING  | Pendulum.PendulumAPP:_processSerialData:114 - ⚠️ 丢弃异常摆长数据: 16150.366211 cm (大于100)
2025-09-02 13:47:52.796 | WARNING  | Pendulum.PendulumAPP:_processSerialData:114 - ⚠️ 丢弃异常摆长数据: 16150.366211 cm (大于100)
2025-09-02 13:47:52.861 | WARNING  | Pendulum.PendulumAPP:_processSerialData:114 - ⚠️ 丢弃异常摆长数据: 16150.366211 cm (大于100)
2025-09-02 13:47:52.886 | WARNING  | Pendulum.PendulumAPP:_processSerialData:114 - ⚠️ 丢弃异常摆长数据: 16150.366211 cm (大于100)
2025-09-02 13:47:52.933 | WARNING  | Pendulum.PendulumAPP:_processSerialData:114 - ⚠️ 丢弃异常摆长数据: 16150.366211 cm (大于100)
2025-09-02 13:47:52.953 | WARNING  | Pendulum.PendulumAPP:_processSerialData:114 - ⚠️ 丢弃异常摆长数据: 16150.366211 cm (大于100)
2025-09-02 13:47:53.018 | WARNING  | Pendulum.PendulumAPP:_processSerialData:114 - ⚠️ 丢弃异常摆长数据: 16150.366211 cm (大于100)
2025-09-02 13:47:53.043 | WARNING  | Pendulum.PendulumAPP:_processSerialData:114 - ⚠️ 丢弃异常摆长数据: 16150.366211 cm (大于100)
2025-09-02 13:47:53.097 | WARNING  | Pendulum.PendulumAPP:_processSerialData:114 - ⚠️ 丢弃异常摆长数据: 16150.366211 cm (大于100)
2025-09-02 13:47:53.125 | WARNING  | Pendulum.PendulumAPP:_processSerialData:114 - ⚠️ 丢弃异常摆长数据: 16150.366211 cm (大于100)
2025-09-02 13:47:53.175 | WARNING  | Pendulum.PendulumAPP:_processSerialData:114 - ⚠️ 丢弃异常摆长数据: 16150.366211 cm (大于100)
2025-09-02 13:47:53.197 | WARNING  | Pendulum.PendulumAPP:_processSerialData:114 - ⚠️ 丢弃异常摆长数据: 16150.366211 cm (大于100)
2025-09-02 13:47:53.258 | WARNING  | Pendulum.PendulumAPP:_processSerialData:114 - ⚠️ 丢弃异常摆长数据: 16150.366211 cm (大于100)
2025-09-02 13:47:53.286 | WARNING  | Pendulum.PendulumAPP:_processSerialData:114 - ⚠️ 丢弃异常摆长数据: 16150.366211 cm (大于100)
2025-09-02 13:47:53.336 | WARNING  | Pendulum.PendulumAPP:_processSerialData:114 - ⚠️ 丢弃异常摆长数据: 16150.366211 cm (大于100)
2025-09-02 13:47:53.361 | WARNING  | Pendulum.PendulumAPP:_processSerialData:114 - ⚠️ 丢弃异常摆长数据: 16150.366211 cm (大于100)
2025-09-02 13:47:53.416 | WARNING  | Pendulum.PendulumAPP:_processSerialData:114 - ⚠️ 丢弃异常摆长数据: 16150.366211 cm (大于100)
2025-09-02 13:47:53.439 | WARNING  | Pendulum.PendulumAPP:_processSerialData:114 - ⚠️ 丢弃异常摆长数据: 16150.366211 cm (大于100)
2025-09-02 13:47:53.498 | WARNING  | Pendulum.PendulumAPP:_processSerialData:114 - ⚠️ 丢弃异常摆长数据: 16150.366211 cm (大于100)
2025-09-02 13:47:53.522 | WARNING  | Pendulum.PendulumAPP:_processSerialData:114 - ⚠️ 丢弃异常摆长数据: 16150.366211 cm (大于100)
2025-09-02 13:47:53.580 | WARNING  | Pendulum.PendulumAPP:_processSerialData:114 - ⚠️ 丢弃异常摆长数据: 16150.366211 cm (大于100)
2025-09-02 13:47:53.608 | WARNING  | Pendulum.PendulumAPP:_processSerialData:114 - ⚠️ 丢弃异常摆长数据: 16150.366211 cm (大于100)
2025-09-02 13:47:53.656 | WARNING  | Pendulum.PendulumAPP:_processSerialData:114 - ⚠️ 丢弃异常摆长数据: 16150.366211 cm (大于100)
2025-09-02 13:47:53.678 | WARNING  | Pendulum.PendulumAPP:_processSerialData:114 - ⚠️ 丢弃异常摆长数据: 16150.366211 cm (大于100)
2025-09-02 13:47:53.738 | WARNING  | Pendulum.PendulumAPP:_processSerialData:114 - ⚠️ 丢弃异常摆长数据: 16150.366211 cm (大于100)
2025-09-02 13:47:53.764 | WARNING  | Pendulum.PendulumAPP:_processSerialData:114 - ⚠️ 丢弃异常摆长数据: 16150.366211 cm (大于100)
2025-09-02 13:47:53.817 | WARNING  | Pendulum.PendulumAPP:_processSerialData:114 - ⚠️ 丢弃异常摆长数据: 16150.366211 cm (大于100)
2025-09-02 13:47:53.841 | WARNING  | Pendulum.PendulumAPP:_processSerialData:114 - ⚠️ 丢弃异常摆长数据: 16150.366211 cm (大于100)
2025-09-02 13:47:53.895 | WARNING  | Pendulum.PendulumAPP:_processSerialData:114 - ⚠️ 丢弃异常摆长数据: 16150.366211 cm (大于100)
2025-09-02 13:47:53.915 | WARNING  | Pendulum.PendulumAPP:_processSerialData:114 - ⚠️ 丢弃异常摆长数据: 16150.366211 cm (大于100)
2025-09-02 13:47:53.979 | WARNING  | Pendulum.PendulumAPP:_processSerialData:114 - ⚠️ 丢弃异常摆长数据: 16150.366211 cm (大于100)
2025-09-02 13:47:54.005 | WARNING  | Pendulum.PendulumAPP:_processSerialData:114 - ⚠️ 丢弃异常摆长数据: 16150.366211 cm (大于100)
2025-09-02 13:47:54.064 | WARNING  | Pendulum.PendulumAPP:_processSerialData:114 - ⚠️ 丢弃异常摆长数据: 16150.366211 cm (大于100)
2025-09-02 13:47:54.089 | WARNING  | Pendulum.PendulumAPP:_processSerialData:114 - ⚠️ 丢弃异常摆长数据: 16150.366211 cm (大于100)
2025-09-02 13:47:54.136 | WARNING  | Pendulum.PendulumAPP:_processSerialData:114 - ⚠️ 丢弃异常摆长数据: 16150.366211 cm (大于100)
2025-09-02 13:47:54.156 | WARNING  | Pendulum.PendulumAPP:_processSerialData:114 - ⚠️ 丢弃异常摆长数据: 16150.366211 cm (大于100)
2025-09-02 13:47:54.218 | WARNING  | Pendulum.PendulumAPP:_processSerialData:114 - ⚠️ 丢弃异常摆长数据: 16150.366211 cm (大于100)
2025-09-02 13:47:54.240 | WARNING  | Pendulum.PendulumAPP:_processSerialData:114 - ⚠️ 丢弃异常摆长数据: 16150.366211 cm (大于100)
2025-09-02 13:47:54.301 | WARNING  | Pendulum.PendulumAPP:_processSerialData:114 - ⚠️ 丢弃异常摆长数据: 16150.366211 cm (大于100)
2025-09-02 13:47:54.323 | WARNING  | Pendulum.PendulumAPP:_processSerialData:114 - ⚠️ 丢弃异常摆长数据: 16150.366211 cm (大于100)
2025-09-02 13:47:54.375 | WARNING  | Pendulum.PendulumAPP:_processSerialData:114 - ⚠️ 丢弃异常摆长数据: 16150.366211 cm (大于100)
2025-09-02 13:47:54.395 | WARNING  | Pendulum.PendulumAPP:_processSerialData:114 - ⚠️ 丢弃异常摆长数据: 16150.366211 cm (大于100)
2025-09-02 13:47:54.456 | WARNING  | Pendulum.PendulumAPP:_processSerialData:114 - ⚠️ 丢弃异常摆长数据: 16150.366211 cm (大于100)
2025-09-02 13:47:54.480 | WARNING  | Pendulum.PendulumAPP:_processSerialData:114 - ⚠️ 丢弃异常摆长数据: 16150.366211 cm (大于100)
2025-09-02 13:47:54.541 | WARNING  | Pendulum.PendulumAPP:_processSerialData:114 - ⚠️ 丢弃异常摆长数据: 16150.366211 cm (大于100)
2025-09-02 13:47:54.569 | INFO     | Pendulum.PendulumAPP:_keyEventWeb:257 - 清除数据
2025-09-02 13:47:54.571 | INFO     | Pendulum.SerialConncet:send:199 - sendr
2025-09-02 13:47:54.573 | INFO     | Pendulum.SerialConncet:send:201 - [发送] r
2025-09-02 13:47:54.576 | INFO     | Pendulum.SerialConncet:_run:176 - [接收] R
2025-09-02 13:47:58.786 | INFO     | Pendulum.PendulumCore:updateMouse:156 - 已设置摆轴固定点: (268, 361),清除参考角度和参考向量
2025-09-02 13:48:02.249 | INFO     | Pendulum.PendulumAPP:_keyEventWeb:252 - 清除数据
2025-09-02 13:48:02.250 | INFO     | Pendulum.SerialConncet:send:199 - sendr
2025-09-02 13:48:02.251 | INFO     | Pendulum.SerialConncet:send:201 - [发送] r
2025-09-02 13:48:02.252 | INFO     | Pendulum.SerialConncet:_run:176 - [接收] R
2025-09-02 13:48:02.302 | INFO     | Pendulum.PendulumAPP:_keyEventWeb:286 - d0
2025-09-02 13:48:02.303 | INFO     | Pendulum.SerialConncet:send:199 - sendd0
2025-09-02 13:48:02.304 | INFO     | Pendulum.SerialConncet:send:201 - [发送] d0
2025-09-02 13:48:06.634 | INFO     | Pendulum.SerialConncet:_run:176 - [接收] T0.000000,0.000000,0.000000
2025-09-02 13:48:08.351 | INFO     | Pendulum.SerialConncet:_run:176 - [接收] T1.000000,0.861727,0.861727
2025-09-02 13:48:08.352 | INFO     | Pendulum.SerialConncet:_run:176 - [接收] L18.348942
2025-09-02 13:48:08.378 | INFO     | Pendulum.PendulumAPP:_processSerialData:120 - 📏 串口长度数据已更新: L18.348942 -> physical_length=18.348942
2025-09-02 13:48:08.381 | INFO     | Pendulum.PendulumAPP:_processSerialData:121 - 🔄 数据来源: 串口接收 -> PendulumState.physical_length
2025-09-02 13:48:08.405 | INFO     | Pendulum.PendulumAPP:_processSerialData:120 - 📏 串口长度数据已更新: L18.348942 -> physical_length=18.348942
2025-09-02 13:48:08.405 | INFO     | Pendulum.PendulumAPP:_processSerialData:121 - 🔄 数据来源: 串口接收 -> PendulumState.physical_length
2025-09-02 13:48:08.464 | INFO     | Pendulum.PendulumAPP:_processSerialData:120 - 📏 串口长度数据已更新: L18.348942 -> physical_length=18.348942
2025-09-02 13:48:08.465 | INFO     | Pendulum.PendulumAPP:_processSerialData:121 - 🔄 数据来源: 串口接收 -> PendulumState.physical_length
2025-09-02 13:48:08.486 | INFO     | Pendulum.PendulumAPP:_processSerialData:120 - 📏 串口长度数据已更新: L18.348942 -> physical_length=18.348942
2025-09-02 13:48:08.486 | INFO     | Pendulum.PendulumAPP:_processSerialData:121 - 🔄 数据来源: 串口接收 -> PendulumState.physical_length
2025-09-02 13:48:08.541 | INFO     | Pendulum.PendulumAPP:_processSerialData:120 - 📏 串口长度数据已更新: L18.348942 -> physical_length=18.348942
2025-09-02 13:48:08.541 | INFO     | Pendulum.PendulumAPP:_processSerialData:121 - 🔄 数据来源: 串口接收 -> PendulumState.physical_length
2025-09-02 13:48:08.568 | INFO     | Pendulum.PendulumAPP:_processSerialData:120 - 📏 串口长度数据已更新: L18.348942 -> physical_length=18.348942
2025-09-02 13:48:08.569 | INFO     | Pendulum.PendulumAPP:_processSerialData:121 - 🔄 数据来源: 串口接收 -> PendulumState.physical_length
2025-09-02 13:48:08.619 | INFO     | Pendulum.PendulumAPP:_processSerialData:120 - 📏 串口长度数据已更新: L18.348942 -> physical_length=18.348942
2025-09-02 13:48:08.620 | INFO     | Pendulum.PendulumAPP:_processSerialData:121 - 🔄 数据来源: 串口接收 -> PendulumState.physical_length
2025-09-02 13:48:08.644 | INFO     | Pendulum.PendulumAPP:_processSerialData:120 - 📏 串口长度数据已更新: L18.348942 -> physical_length=18.348942
2025-09-02 13:48:08.644 | INFO     | Pendulum.PendulumAPP:_processSerialData:121 - 🔄 数据来源: 串口接收 -> PendulumState.physical_length
2025-09-02 13:48:08.698 | INFO     | Pendulum.PendulumAPP:_processSerialData:120 - 📏 串口长度数据已更新: L18.348942 -> physical_length=18.348942
2025-09-02 13:48:08.698 | INFO     | Pendulum.PendulumAPP:_processSerialData:121 - 🔄 数据来源: 串口接收 -> PendulumState.physical_length
2025-09-02 13:48:08.721 | INFO     | Pendulum.PendulumAPP:_processSerialData:120 - 📏 串口长度数据已更新: L18.348942 -> physical_length=18.348942
2025-09-02 13:48:08.721 | INFO     | Pendulum.PendulumAPP:_processSerialData:121 - 🔄 数据来源: 串口接收 -> PendulumState.physical_length
2025-09-02 13:48:08.778 | INFO     | Pendulum.PendulumAPP:_processSerialData:120 - 📏 串口长度数据已更新: L18.348942 -> physical_length=18.348942
2025-09-02 13:48:08.781 | INFO     | Pendulum.PendulumAPP:_processSerialData:121 - 🔄 数据来源: 串口接收 -> PendulumState.physical_length
2025-09-02 13:48:08.805 | INFO     | Pendulum.PendulumAPP:_processSerialData:120 - 📏 串口长度数据已更新: L18.348942 -> physical_length=18.348942
2025-09-02 13:48:08.806 | INFO     | Pendulum.PendulumAPP:_processSerialData:121 - 🔄 数据来源: 串口接收 -> PendulumState.physical_length
2025-09-02 13:48:08.858 | INFO     | Pendulum.PendulumAPP:_processSerialData:120 - 📏 串口长度数据已更新: L18.348942 -> physical_length=18.348942
2025-09-02 13:48:08.859 | INFO     | Pendulum.PendulumAPP:_processSerialData:121 - 🔄 数据来源: 串口接收 -> PendulumState.physical_length
2025-09-02 13:48:08.881 | INFO     | Pendulum.PendulumAPP:_processSerialData:120 - 📏 串口长度数据已更新: L18.348942 -> physical_length=18.348942
2025-09-02 13:48:08.881 | INFO     | Pendulum.PendulumAPP:_processSerialData:121 - 🔄 数据来源: 串口接收 -> PendulumState.physical_length
2025-09-02 13:48:08.935 | INFO     | Pendulum.PendulumAPP:_processSerialData:120 - 📏 串口长度数据已更新: L18.348942 -> physical_length=18.348942
2025-09-02 13:48:08.935 | INFO     | Pendulum.PendulumAPP:_processSerialData:121 - 🔄 数据来源: 串口接收 -> PendulumState.physical_length
2025-09-02 13:48:08.956 | INFO     | Pendulum.PendulumAPP:_processSerialData:120 - 📏 串口长度数据已更新: L18.348942 -> physical_length=18.348942
2025-09-02 13:48:08.957 | INFO     | Pendulum.PendulumAPP:_processSerialData:121 - 🔄 数据来源: 串口接收 -> PendulumState.physical_length
2025-09-02 13:48:09.012 | INFO     | Pendulum.PendulumAPP:_processSerialData:120 - 📏 串口长度数据已更新: L18.348942 -> physical_length=18.348942
2025-09-02 13:48:09.012 | INFO     | Pendulum.PendulumAPP:_processSerialData:121 - 🔄 数据来源: 串口接收 -> PendulumState.physical_length
2025-09-02 13:48:09.036 | INFO     | Pendulum.PendulumAPP:_processSerialData:120 - 📏 串口长度数据已更新: L18.348942 -> physical_length=18.348942
2025-09-02 13:48:09.037 | INFO     | Pendulum.PendulumAPP:_processSerialData:121 - 🔄 数据来源: 串口接收 -> PendulumState.physical_length
2025-09-02 13:48:09.101 | INFO     | Pendulum.PendulumAPP:_processSerialData:120 - 📏 串口长度数据已更新: L18.348942 -> physical_length=18.348942
2025-09-02 13:48:09.104 | INFO     | Pendulum.PendulumAPP:_processSerialData:121 - 🔄 数据来源: 串口接收 -> PendulumState.physical_length
2025-09-02 13:48:09.129 | INFO     | Pendulum.PendulumAPP:_processSerialData:120 - 📏 串口长度数据已更新: L18.348942 -> physical_length=18.348942
2025-09-02 13:48:09.129 | INFO     | Pendulum.PendulumAPP:_processSerialData:121 - 🔄 数据来源: 串口接收 -> PendulumState.physical_length
2025-09-02 13:48:09.184 | INFO     | Pendulum.PendulumAPP:_processSerialData:120 - 📏 串口长度数据已更新: L18.348942 -> physical_length=18.348942
2025-09-02 13:48:09.184 | INFO     | Pendulum.PendulumAPP:_processSerialData:121 - 🔄 数据来源: 串口接收 -> PendulumState.physical_length
2025-09-02 13:48:09.209 | INFO     | Pendulum.PendulumAPP:_processSerialData:120 - 📏 串口长度数据已更新: L18.348942 -> physical_length=18.348942
2025-09-02 13:48:09.211 | INFO     | Pendulum.PendulumAPP:_processSerialData:121 - 🔄 数据来源: 串口接收 -> PendulumState.physical_length
2025-09-02 13:48:09.213 | INFO     | Pendulum.SerialConncet:_run:176 - [接收] T2.000000,0.857632,1.719359
2025-09-02 13:48:10.069 | INFO     | Pendulum.SerialConncet:_run:176 - [接收] T3.000000,0.861221,2.580580
2025-09-02 13:48:10.929 | INFO     | Pendulum.SerialConncet:_run:176 - [接收] T4.000000,0.861389,3.441969
2025-09-02 13:48:11.787 | INFO     | Pendulum.SerialConncet:_run:176 - [接收] T5.000000,0.861334,4.303302
2025-09-02 13:48:12.645 | INFO     | Pendulum.SerialConncet:_run:176 - [接收] T6.000000,0.861608,5.164910
2025-09-02 13:48:13.505 | INFO     | Pendulum.SerialConncet:_run:176 - [接收] T7.000000,0.861989,6.026900
2025-09-02 13:48:14.365 | INFO     | Pendulum.SerialConncet:_run:176 - [接收] T8.000000,0.858003,6.884903
2025-09-02 13:48:15.222 | INFO     | Pendulum.SerialConncet:_run:176 - [接收] T9.000000,0.861651,7.746554
2025-09-02 13:48:16.083 | INFO     | Pendulum.SerialConncet:_run:176 - [接收] T10.000000,0.861479,8.608033
2025-09-02 13:48:16.940 | INFO     | Pendulum.SerialConncet:_run:176 - [接收] T11.000000,0.861586,9.469620
2025-09-02 13:48:17.800 | INFO     | Pendulum.SerialConncet:_run:176 - [接收] T12.000000,0.861541,10.331161
2025-09-02 13:48:18.656 | INFO     | Pendulum.SerialConncet:_run:176 - [接收] T13.000000,0.861796,11.192956
2025-09-02 13:48:19.517 | INFO     | Pendulum.SerialConncet:_run:176 - [接收] T14.000000,0.861758,12.054714
2025-09-02 13:48:20.375 | INFO     | Pendulum.SerialConncet:_run:176 - [接收] T15.000000,0.858262,12.912976
2025-09-02 13:48:21.234 | INFO     | Pendulum.SerialConncet:_run:176 - [接收] T16.000000,0.861664,13.774640
2025-09-02 13:48:22.095 | INFO     | Pendulum.SerialConncet:_run:176 - [接收] T17.000000,0.861905,14.636545
2025-09-02 13:48:22.952 | INFO     | Pendulum.SerialConncet:_run:176 - [接收] T18.000000,0.861408,15.497953
2025-09-02 13:48:23.813 | INFO     | Pendulum.SerialConncet:_run:176 - [接收] T19.000000,0.861861,16.359814
2025-09-02 13:48:24.669 | INFO     | Pendulum.SerialConncet:_run:176 - [接收] T20.000000,0.861456,17.221270
2025-09-02 13:48:27.896 | INFO     | Pendulum.PendulumAPP:_keyEventWeb:243 - ↑
2025-09-02 13:48:27.899 | INFO     | Pendulum.SerialConncet:send:199 - sendm2
2025-09-02 13:48:27.901 | INFO     | Pendulum.SerialConncet:send:201 - [发送] m2
2025-09-02 13:48:27.925 | INFO     | Pendulum.SerialConncet:_run:176 - [接收] L18.323421
2025-09-02 13:48:27.945 | INFO     | Pendulum.SerialConncet:_run:176 - [接收] L18.297901
2025-09-02 13:48:27.966 | INFO     | Pendulum.SerialConncet:_run:176 - [接收] L18.272379
2025-09-02 13:48:27.986 | INFO     | Pendulum.PendulumAPP:_processSerialData:120 - 📏 串口长度数据已更新: L18.272379 -> physical_length=18.272379
2025-09-02 13:48:27.986 | INFO     | Pendulum.PendulumAPP:_processSerialData:121 - 🔄 数据来源: 串口接收 -> PendulumState.physical_length
2025-09-02 13:48:27.988 | INFO     | Pendulum.SerialConncet:_run:176 - [接收] L18.246857
2025-09-02 13:48:28.009 | INFO     | Pendulum.SerialConncet:_run:176 - [接收] L18.221338
2025-09-02 13:48:28.012 | INFO     | Pendulum.PendulumAPP:_processSerialData:120 - 📏 串口长度数据已更新: L18.221338 -> physical_length=18.221338
2025-09-02 13:48:28.012 | INFO     | Pendulum.PendulumAPP:_processSerialData:121 - 🔄 数据来源: 串口接收 -> PendulumState.physical_length
2025-09-02 13:48:28.029 | INFO     | Pendulum.SerialConncet:_run:176 - [接收] L18.195816
2025-09-02 13:48:28.050 | INFO     | Pendulum.SerialConncet:_run:176 - [接收] L18.170296
2025-09-02 13:48:28.061 | INFO     | Pendulum.PendulumAPP:_processSerialData:120 - 📏 串口长度数据已更新: L18.170296 -> physical_length=18.170296
2025-09-02 13:48:28.062 | INFO     | Pendulum.PendulumAPP:_processSerialData:121 - 🔄 数据来源: 串口接收 -> PendulumState.physical_length
2025-09-02 13:48:28.072 | INFO     | Pendulum.SerialConncet:_run:176 - [接收] L18.144773
2025-09-02 13:48:28.084 | INFO     | Pendulum.PendulumAPP:_processSerialData:120 - 📏 串口长度数据已更新: L18.144773 -> physical_length=18.144773
2025-09-02 13:48:28.084 | INFO     | Pendulum.PendulumAPP:_processSerialData:121 - 🔄 数据来源: 串口接收 -> PendulumState.physical_length
2025-09-02 13:48:28.092 | INFO     | Pendulum.SerialConncet:_run:176 - [接收] L18.119253
2025-09-02 13:48:28.113 | INFO     | Pendulum.SerialConncet:_run:176 - [接收] L18.093733
2025-09-02 13:48:28.134 | INFO     | Pendulum.SerialConncet:_run:176 - [接收] L18.068211
2025-09-02 13:48:28.144 | INFO     | Pendulum.PendulumAPP:_processSerialData:120 - 📏 串口长度数据已更新: L18.068211 -> physical_length=18.068211
2025-09-02 13:48:28.146 | INFO     | Pendulum.PendulumAPP:_processSerialData:121 - 🔄 数据来源: 串口接收 -> PendulumState.physical_length
2025-09-02 13:48:28.155 | INFO     | Pendulum.SerialConncet:_run:176 - [接收] L18.042690
2025-09-02 13:48:28.165 | INFO     | Pendulum.PendulumAPP:_processSerialData:120 - 📏 串口长度数据已更新: L18.042690 -> physical_length=18.042690
2025-09-02 13:48:28.166 | INFO     | Pendulum.PendulumAPP:_processSerialData:121 - 🔄 数据来源: 串口接收 -> PendulumState.physical_length
2025-09-02 13:48:28.176 | INFO     | Pendulum.SerialConncet:_run:176 - [接收] L18.017170
2025-09-02 13:48:28.197 | INFO     | Pendulum.SerialConncet:_run:176 - [接收] L17.991648
2025-09-02 13:48:28.215 | INFO     | Pendulum.PendulumAPP:_processSerialData:120 - 📏 串口长度数据已更新: L17.991648 -> physical_length=17.991648
2025-09-02 13:48:28.216 | INFO     | Pendulum.PendulumAPP:_processSerialData:121 - 🔄 数据来源: 串口接收 -> PendulumState.physical_length
2025-09-02 13:48:28.217 | INFO     | Pendulum.SerialConncet:_run:176 - [接收] L17.966127
2025-09-02 13:48:28.238 | INFO     | Pendulum.PendulumAPP:_processSerialData:120 - 📏 串口长度数据已更新: L17.966127 -> physical_length=17.966127
2025-09-02 13:48:28.238 | INFO     | Pendulum.PendulumAPP:_processSerialData:121 - 🔄 数据来源: 串口接收 -> PendulumState.physical_length
2025-09-02 13:48:28.240 | INFO     | Pendulum.SerialConncet:_run:176 - [接收] L17.940607
2025-09-02 13:48:28.259 | INFO     | Pendulum.SerialConncet:_run:176 - [接收] L17.915085
2025-09-02 13:48:28.279 | INFO     | Pendulum.SerialConncet:_run:176 - [接收] L17.889565
2025-09-02 13:48:28.298 | INFO     | Pendulum.PendulumAPP:_processSerialData:120 - 📏 串口长度数据已更新: L17.889565 -> physical_length=17.889565
2025-09-02 13:48:28.298 | INFO     | Pendulum.PendulumAPP:_processSerialData:121 - 🔄 数据来源: 串口接收 -> PendulumState.physical_length
2025-09-02 13:48:28.304 | INFO     | Pendulum.SerialConncet:_run:176 - [接收] L17.864042
2025-09-02 13:48:28.319 | INFO     | Pendulum.PendulumAPP:_processSerialData:120 - 📏 串口长度数据已更新: L17.864042 -> physical_length=17.864042
2025-09-02 13:48:28.319 | INFO     | Pendulum.PendulumAPP:_processSerialData:121 - 🔄 数据来源: 串口接收 -> PendulumState.physical_length
2025-09-02 13:48:28.321 | INFO     | Pendulum.SerialConncet:_run:176 - [接收] L17.838522
2025-09-02 13:48:28.342 | INFO     | Pendulum.SerialConncet:_run:176 - [接收] L17.813002
2025-09-02 13:48:28.366 | INFO     | Pendulum.SerialConncet:_run:176 - [接收] L17.787479
2025-09-02 13:48:28.382 | INFO     | Pendulum.PendulumAPP:_processSerialData:120 - 📏 串口长度数据已更新: L17.787479 -> physical_length=17.787479
2025-09-02 13:48:28.384 | INFO     | Pendulum.PendulumAPP:_processSerialData:121 - 🔄 数据来源: 串口接收 -> PendulumState.physical_length
2025-09-02 13:48:28.386 | INFO     | Pendulum.SerialConncet:_run:176 - [接收] L17.761959
2025-09-02 13:48:28.406 | INFO     | Pendulum.PendulumAPP:_processSerialData:120 - 📏 串口长度数据已更新: L17.761959 -> physical_length=17.761959
2025-09-02 13:48:28.407 | INFO     | Pendulum.PendulumAPP:_processSerialData:121 - 🔄 数据来源: 串口接收 -> PendulumState.physical_length
2025-09-02 13:48:28.408 | INFO     | Pendulum.SerialConncet:_run:176 - [接收] L17.736439
2025-09-02 13:48:28.429 | INFO     | Pendulum.SerialConncet:_run:176 - [接收] L17.710917
2025-09-02 13:48:28.448 | INFO     | Pendulum.SerialConncet:_run:176 - [接收] L17.685396
2025-09-02 13:48:28.464 | INFO     | Pendulum.PendulumAPP:_processSerialData:120 - 📏 串口长度数据已更新: L17.685396 -> physical_length=17.685396
2025-09-02 13:48:28.465 | INFO     | Pendulum.PendulumAPP:_processSerialData:121 - 🔄 数据来源: 串口接收 -> PendulumState.physical_length
2025-09-02 13:48:28.471 | INFO     | Pendulum.SerialConncet:_run:176 - [接收] L17.659876
2025-09-02 13:48:28.491 | INFO     | Pendulum.SerialConncet:_run:176 - [接收] L17.634356
2025-09-02 13:48:28.492 | INFO     | Pendulum.PendulumAPP:_processSerialData:120 - 📏 串口长度数据已更新: L17.659876 -> physical_length=17.659876
2025-09-02 13:48:28.493 | INFO     | Pendulum.PendulumAPP:_processSerialData:121 - 🔄 数据来源: 串口接收 -> PendulumState.physical_length
2025-09-02 13:48:28.511 | INFO     | Pendulum.SerialConncet:_run:176 - [接收] L17.608833
2025-09-02 13:48:28.531 | INFO     | Pendulum.SerialConncet:_run:176 - [接收] L17.583311
2025-09-02 13:48:28.540 | INFO     | Pendulum.PendulumAPP:_processSerialData:120 - 📏 串口长度数据已更新: L17.583311 -> physical_length=17.583311
2025-09-02 13:48:28.542 | INFO     | Pendulum.PendulumAPP:_processSerialData:121 - 🔄 数据来源: 串口接收 -> PendulumState.physical_length
2025-09-02 13:48:28.553 | INFO     | Pendulum.SerialConncet:_run:176 - [接收] L17.557793
2025-09-02 13:48:28.563 | INFO     | Pendulum.PendulumAPP:_processSerialData:120 - 📏 串口长度数据已更新: L17.557793 -> physical_length=17.557793
2025-09-02 13:48:28.564 | INFO     | Pendulum.PendulumAPP:_processSerialData:121 - 🔄 数据来源: 串口接收 -> PendulumState.physical_length
2025-09-02 13:48:28.573 | INFO     | Pendulum.SerialConncet:_run:176 - [接收] L17.532270
2025-09-02 13:48:28.594 | INFO     | Pendulum.SerialConncet:_run:176 - [接收] L17.506748
2025-09-02 13:48:28.615 | INFO     | Pendulum.SerialConncet:_run:176 - [接收] L17.481228
2025-09-02 13:48:28.616 | INFO     | Pendulum.PendulumAPP:_processSerialData:120 - 📏 串口长度数据已更新: L17.481228 -> physical_length=17.481228
2025-09-02 13:48:28.616 | INFO     | Pendulum.PendulumAPP:_processSerialData:121 - 🔄 数据来源: 串口接收 -> PendulumState.physical_length
2025-09-02 13:48:28.636 | INFO     | Pendulum.SerialConncet:_run:176 - [接收] L17.455708
2025-09-02 13:48:28.643 | INFO     | Pendulum.PendulumAPP:_processSerialData:120 - 📏 串口长度数据已更新: L17.455708 -> physical_length=17.455708
2025-09-02 13:48:28.644 | INFO     | Pendulum.PendulumAPP:_processSerialData:121 - 🔄 数据来源: 串口接收 -> PendulumState.physical_length
2025-09-02 13:48:28.657 | INFO     | Pendulum.SerialConncet:_run:176 - [接收] L17.430185
2025-09-02 13:48:28.678 | INFO     | Pendulum.SerialConncet:_run:176 - [接收] L17.404665
2025-09-02 13:48:28.701 | INFO     | Pendulum.SerialConncet:_run:176 - [接收] L17.379145
2025-09-02 13:48:28.708 | INFO     | Pendulum.PendulumAPP:_processSerialData:120 - 📏 串口长度数据已更新: L17.379145 -> physical_length=17.379145
2025-09-02 13:48:28.709 | INFO     | Pendulum.PendulumAPP:_processSerialData:121 - 🔄 数据来源: 串口接收 -> PendulumState.physical_length
2025-09-02 13:48:28.721 | INFO     | Pendulum.SerialConncet:_run:176 - [接收] L17.353624
2025-09-02 13:48:28.734 | INFO     | Pendulum.PendulumAPP:_processSerialData:120 - 📏 串口长度数据已更新: L17.353624 -> physical_length=17.353624
2025-09-02 13:48:28.737 | INFO     | Pendulum.PendulumAPP:_processSerialData:121 - 🔄 数据来源: 串口接收 -> PendulumState.physical_length
2025-09-02 13:48:28.741 | INFO     | Pendulum.SerialConncet:_run:176 - [接收] L17.328102
2025-09-02 13:48:28.764 | INFO     | Pendulum.SerialConncet:_run:176 - [接收] L17.302580
2025-09-02 13:48:28.781 | INFO     | Pendulum.PendulumAPP:_processSerialData:120 - 📏 串口长度数据已更新: L17.302580 -> physical_length=17.302580
2025-09-02 13:48:28.783 | INFO     | Pendulum.PendulumAPP:_processSerialData:121 - 🔄 数据来源: 串口接收 -> PendulumState.physical_length
2025-09-02 13:48:28.786 | INFO     | Pendulum.SerialConncet:_run:176 - [接收] L17.277061
2025-09-02 13:48:28.803 | INFO     | Pendulum.SerialConncet:_run:176 - [接收] L17.251539
2025-09-02 13:48:28.809 | INFO     | Pendulum.PendulumAPP:_processSerialData:120 - 📏 串口长度数据已更新: L17.251539 -> physical_length=17.251539
2025-09-02 13:48:28.809 | INFO     | Pendulum.PendulumAPP:_processSerialData:121 - 🔄 数据来源: 串口接收 -> PendulumState.physical_length
2025-09-02 13:48:28.825 | INFO     | Pendulum.SerialConncet:_run:176 - [接收] L17.226019
2025-09-02 13:48:28.846 | INFO     | Pendulum.SerialConncet:_run:176 - [接收] L17.200497
2025-09-02 13:48:28.865 | INFO     | Pendulum.PendulumAPP:_processSerialData:120 - 📏 串口长度数据已更新: L17.200497 -> physical_length=17.200497
2025-09-02 13:48:28.869 | INFO     | Pendulum.PendulumAPP:_processSerialData:121 - 🔄 数据来源: 串口接收 -> PendulumState.physical_length
2025-09-02 13:48:28.871 | INFO     | Pendulum.SerialConncet:_run:176 - [接收] L17.174976
2025-09-02 13:48:28.887 | INFO     | Pendulum.SerialConncet:_run:176 - [接收] L17.149456
2025-09-02 13:48:28.892 | INFO     | Pendulum.PendulumAPP:_processSerialData:120 - 📏 串口长度数据已更新: L17.149456 -> physical_length=17.149456
2025-09-02 13:48:28.894 | INFO     | Pendulum.PendulumAPP:_processSerialData:121 - 🔄 数据来源: 串口接收 -> PendulumState.physical_length
2025-09-02 13:48:28.908 | INFO     | Pendulum.SerialConncet:_run:176 - [接收] L17.123934
2025-09-02 13:48:28.929 | INFO     | Pendulum.SerialConncet:_run:176 - [接收] L17.098413
2025-09-02 13:48:28.934 | INFO     | Pendulum.PendulumAPP:_processSerialData:120 - 📏 串口长度数据已更新: L17.098413 -> physical_length=17.098413
2025-09-02 13:48:28.935 | INFO     | Pendulum.PendulumAPP:_processSerialData:121 - 🔄 数据来源: 串口接收 -> PendulumState.physical_length
2025-09-02 13:48:28.950 | INFO     | Pendulum.SerialConncet:_run:176 - [接收] L17.072893
2025-09-02 13:48:28.960 | INFO     | Pendulum.PendulumAPP:_processSerialData:120 - 📏 串口长度数据已更新: L17.072893 -> physical_length=17.072893
2025-09-02 13:48:28.960 | INFO     | Pendulum.PendulumAPP:_processSerialData:121 - 🔄 数据来源: 串口接收 -> PendulumState.physical_length
2025-09-02 13:48:28.971 | INFO     | Pendulum.SerialConncet:_run:176 - [接收] L17.047371
2025-09-02 13:48:28.992 | INFO     | Pendulum.SerialConncet:_run:176 - [接收] L17.021849
2025-09-02 13:48:29.012 | INFO     | Pendulum.SerialConncet:_run:176 - [接收] L16.996330
2025-09-02 13:48:29.021 | INFO     | Pendulum.PendulumAPP:_processSerialData:120 - 📏 串口长度数据已更新: L16.996330 -> physical_length=16.996330
2025-09-02 13:48:29.021 | INFO     | Pendulum.PendulumAPP:_processSerialData:121 - 🔄 数据来源: 串口接收 -> PendulumState.physical_length
2025-09-02 13:48:29.035 | INFO     | Pendulum.SerialConncet:_run:176 - [接收] L16.970808
2025-09-02 13:48:29.044 | INFO     | Pendulum.PendulumAPP:_processSerialData:120 - 📏 串口长度数据已更新: L16.970808 -> physical_length=16.970808
2025-09-02 13:48:29.045 | INFO     | Pendulum.PendulumAPP:_processSerialData:121 - 🔄 数据来源: 串口接收 -> PendulumState.physical_length
2025-09-02 13:48:29.055 | INFO     | Pendulum.SerialConncet:_run:176 - [接收] L16.945288
2025-09-02 13:48:29.076 | INFO     | Pendulum.SerialConncet:_run:176 - [接收] L16.919765
2025-09-02 13:48:29.096 | INFO     | Pendulum.SerialConncet:_run:176 - [接收] L16.894245
2025-09-02 13:48:29.102 | INFO     | Pendulum.PendulumAPP:_processSerialData:120 - 📏 串口长度数据已更新: L16.894245 -> physical_length=16.894245
2025-09-02 13:48:29.103 | INFO     | Pendulum.PendulumAPP:_processSerialData:121 - 🔄 数据来源: 串口接收 -> PendulumState.physical_length
2025-09-02 13:48:29.118 | INFO     | Pendulum.SerialConncet:_run:176 - [接收] L16.868725
2025-09-02 13:48:29.127 | INFO     | Pendulum.PendulumAPP:_processSerialData:120 - 📏 串口长度数据已更新: L16.868725 -> physical_length=16.868725
2025-09-02 13:48:29.127 | INFO     | Pendulum.PendulumAPP:_processSerialData:121 - 🔄 数据来源: 串口接收 -> PendulumState.physical_length
2025-09-02 13:48:29.138 | INFO     | Pendulum.SerialConncet:_run:176 - [接收] L16.843203
2025-09-02 13:48:29.160 | INFO     | Pendulum.SerialConncet:_run:176 - [接收] L16.817682
2025-09-02 13:48:29.184 | INFO     | Pendulum.SerialConncet:_run:176 - [接收] L16.792162
2025-09-02 13:48:29.186 | INFO     | Pendulum.PendulumAPP:_processSerialData:120 - 📏 串口长度数据已更新: L16.792162 -> physical_length=16.792162
2025-09-02 13:48:29.187 | INFO     | Pendulum.PendulumAPP:_processSerialData:121 - 🔄 数据来源: 串口接收 -> PendulumState.physical_length
2025-09-02 13:48:29.201 | INFO     | Pendulum.SerialConncet:_run:176 - [接收] L16.766640
2025-09-02 13:48:29.210 | INFO     | Pendulum.PendulumAPP:_processSerialData:120 - 📏 串口长度数据已更新: L16.766640 -> physical_length=16.766640
2025-09-02 13:48:29.211 | INFO     | Pendulum.PendulumAPP:_processSerialData:121 - 🔄 数据来源: 串口接收 -> PendulumState.physical_length
2025-09-02 13:48:29.222 | INFO     | Pendulum.SerialConncet:_run:176 - [接收] L16.741119
2025-09-02 13:48:29.245 | INFO     | Pendulum.SerialConncet:_run:176 - [接收] L16.715599
2025-09-02 13:48:29.260 | INFO     | Pendulum.PendulumAPP:_processSerialData:120 - 📏 串口长度数据已更新: L16.715599 -> physical_length=16.715599
2025-09-02 13:48:29.261 | INFO     | Pendulum.PendulumAPP:_processSerialData:121 - 🔄 数据来源: 串口接收 -> PendulumState.physical_length
2025-09-02 13:48:29.270 | INFO     | Pendulum.SerialConncet:_run:176 - [接收] L16.690077
2025-09-02 13:48:29.286 | INFO     | Pendulum.PendulumAPP:_processSerialData:120 - 📏 串口长度数据已更新: L16.690077 -> physical_length=16.690077
2025-09-02 13:48:29.287 | INFO     | Pendulum.PendulumAPP:_processSerialData:121 - 🔄 数据来源: 串口接收 -> PendulumState.physical_length
2025-09-02 13:48:29.289 | INFO     | Pendulum.SerialConncet:_run:176 - [接收] L16.664557
2025-09-02 13:48:29.307 | INFO     | Pendulum.SerialConncet:_run:176 - [接收] L16.639034
2025-09-02 13:48:29.328 | INFO     | Pendulum.SerialConncet:_run:176 - [接收] L16.613514
2025-09-02 13:48:29.342 | INFO     | Pendulum.PendulumAPP:_processSerialData:120 - 📏 串口长度数据已更新: L16.613514 -> physical_length=16.613514
2025-09-02 13:48:29.344 | INFO     | Pendulum.PendulumAPP:_processSerialData:121 - 🔄 数据来源: 串口接收 -> PendulumState.physical_length
2025-09-02 13:48:29.347 | INFO     | Pendulum.SerialConncet:_run:176 - [接收] L16.587994
2025-09-02 13:48:29.366 | INFO     | Pendulum.PendulumAPP:_processSerialData:120 - 📏 串口长度数据已更新: L16.587994 -> physical_length=16.587994
2025-09-02 13:48:29.366 | INFO     | Pendulum.PendulumAPP:_processSerialData:121 - 🔄 数据来源: 串口接收 -> PendulumState.physical_length
2025-09-02 13:48:29.369 | INFO     | Pendulum.SerialConncet:_run:176 - [接收] L16.562471
2025-09-02 13:48:29.389 | INFO     | Pendulum.SerialConncet:_run:176 - [接收] L16.536951
2025-09-02 13:48:29.410 | INFO     | Pendulum.SerialConncet:_run:176 - [接收] L16.511431
2025-09-02 13:48:29.418 | INFO     | Pendulum.PendulumAPP:_processSerialData:120 - 📏 串口长度数据已更新: L16.511431 -> physical_length=16.511431
2025-09-02 13:48:29.419 | INFO     | Pendulum.PendulumAPP:_processSerialData:121 - 🔄 数据来源: 串口接收 -> PendulumState.physical_length
2025-09-02 13:48:29.431 | INFO     | Pendulum.SerialConncet:_run:176 - [接收] L16.485909
2025-09-02 13:48:29.446 | INFO     | Pendulum.PendulumAPP:_processSerialData:120 - 📏 串口长度数据已更新: L16.485909 -> physical_length=16.485909
2025-09-02 13:48:29.446 | INFO     | Pendulum.PendulumAPP:_processSerialData:121 - 🔄 数据来源: 串口接收 -> PendulumState.physical_length
2025-09-02 13:48:29.453 | INFO     | Pendulum.SerialConncet:_run:176 - [接收] L16.460388
2025-09-02 13:48:29.473 | INFO     | Pendulum.SerialConncet:_run:176 - [接收] L16.434868
2025-09-02 13:48:29.495 | INFO     | Pendulum.SerialConncet:_run:176 - [接收] L16.409348
2025-09-02 13:48:29.497 | INFO     | Pendulum.PendulumAPP:_processSerialData:120 - 📏 串口长度数据已更新: L16.409348 -> physical_length=16.409348
2025-09-02 13:48:29.498 | INFO     | Pendulum.PendulumAPP:_processSerialData:121 - 🔄 数据来源: 串口接收 -> PendulumState.physical_length
2025-09-02 13:48:29.520 | INFO     | Pendulum.SerialConncet:_run:176 - [接收] L16.383825
2025-09-02 13:48:29.526 | INFO     | Pendulum.PendulumAPP:_processSerialData:120 - 📏 串口长度数据已更新: L16.383825 -> physical_length=16.383825
2025-09-02 13:48:29.527 | INFO     | Pendulum.PendulumAPP:_processSerialData:121 - 🔄 数据来源: 串口接收 -> PendulumState.physical_length
2025-09-02 13:48:29.536 | INFO     | Pendulum.SerialConncet:_run:176 - [接收] L16.358303
2025-09-02 13:48:29.557 | INFO     | Pendulum.SerialConncet:_run:176 - [接收] L16.332785
2025-09-02 13:48:29.578 | INFO     | Pendulum.SerialConncet:_run:176 - [接收] L16.307262
2025-09-02 13:48:29.588 | INFO     | Pendulum.PendulumAPP:_processSerialData:120 - 📏 串口长度数据已更新: L16.307262 -> physical_length=16.307262
2025-09-02 13:48:29.588 | INFO     | Pendulum.PendulumAPP:_processSerialData:121 - 🔄 数据来源: 串口接收 -> PendulumState.physical_length
2025-09-02 13:48:29.600 | INFO     | Pendulum.SerialConncet:_run:176 - [接收] L16.281740
2025-09-02 13:48:29.613 | INFO     | Pendulum.PendulumAPP:_processSerialData:120 - 📏 串口长度数据已更新: L16.281740 -> physical_length=16.281740
2025-09-02 13:48:29.614 | INFO     | Pendulum.PendulumAPP:_processSerialData:121 - 🔄 数据来源: 串口接收 -> PendulumState.physical_length
2025-09-02 13:48:29.620 | INFO     | Pendulum.SerialConncet:_run:176 - [接收] L16.256220
2025-09-02 13:48:29.641 | INFO     | Pendulum.SerialConncet:_run:176 - [接收] L16.230700
2025-09-02 13:48:29.658 | INFO     | Pendulum.PendulumAPP:_processSerialData:120 - 📏 串口长度数据已更新: L16.230700 -> physical_length=16.230700
2025-09-02 13:48:29.659 | INFO     | Pendulum.PendulumAPP:_processSerialData:121 - 🔄 数据来源: 串口接收 -> PendulumState.physical_length
2025-09-02 13:48:29.665 | INFO     | Pendulum.SerialConncet:_run:176 - [接收] L16.205177
2025-09-02 13:48:29.683 | INFO     | Pendulum.SerialConncet:_run:176 - [接收] L16.179657
2025-09-02 13:48:29.686 | INFO     | Pendulum.PendulumAPP:_processSerialData:120 - 📏 串口长度数据已更新: L16.179657 -> physical_length=16.179657
2025-09-02 13:48:29.686 | INFO     | Pendulum.PendulumAPP:_processSerialData:121 - 🔄 数据来源: 串口接收 -> PendulumState.physical_length
2025-09-02 13:48:29.703 | INFO     | Pendulum.SerialConncet:_run:176 - [接收] L16.154137
2025-09-02 13:48:29.727 | INFO     | Pendulum.SerialConncet:_run:176 - [接收] L16.128616
2025-09-02 13:48:29.736 | INFO     | Pendulum.PendulumAPP:_processSerialData:120 - 📏 串口长度数据已更新: L16.128616 -> physical_length=16.128616
2025-09-02 13:48:29.737 | INFO     | Pendulum.PendulumAPP:_processSerialData:121 - 🔄 数据来源: 串口接收 -> PendulumState.physical_length
2025-09-02 13:48:29.746 | INFO     | Pendulum.SerialConncet:_run:176 - [接收] L16.103094
2025-09-02 13:48:29.759 | INFO     | Pendulum.PendulumAPP:_processSerialData:120 - 📏 串口长度数据已更新: L16.103094 -> physical_length=16.103094
2025-09-02 13:48:29.760 | INFO     | Pendulum.PendulumAPP:_processSerialData:121 - 🔄 数据来源: 串口接收 -> PendulumState.physical_length
2025-09-02 13:48:29.767 | INFO     | Pendulum.SerialConncet:_run:176 - [接收] L16.077572
2025-09-02 13:48:29.787 | INFO     | Pendulum.SerialConncet:_run:176 - [接收] L16.052053
2025-09-02 13:48:29.808 | INFO     | Pendulum.SerialConncet:_run:176 - [接收] L16.026531
2025-09-02 13:48:29.819 | INFO     | Pendulum.PendulumAPP:_processSerialData:120 - 📏 串口长度数据已更新: L16.026531 -> physical_length=16.026531
2025-09-02 13:48:29.820 | INFO     | Pendulum.PendulumAPP:_processSerialData:121 - 🔄 数据来源: 串口接收 -> PendulumState.physical_length
2025-09-02 13:48:29.830 | INFO     | Pendulum.SerialConncet:_run:176 - [接收] L16.001011
2025-09-02 13:48:29.842 | INFO     | Pendulum.PendulumAPP:_processSerialData:120 - 📏 串口长度数据已更新: L16.001011 -> physical_length=16.001011
2025-09-02 13:48:29.842 | INFO     | Pendulum.PendulumAPP:_processSerialData:121 - 🔄 数据来源: 串口接收 -> PendulumState.physical_length
2025-09-02 13:48:29.849 | INFO     | Pendulum.SerialConncet:_run:176 - [接收] L15.975490
2025-09-02 13:48:29.874 | INFO     | Pendulum.SerialConncet:_run:176 - [接收] L15.949968
2025-09-02 13:48:29.893 | INFO     | Pendulum.SerialConncet:_run:176 - [接收] L15.924448
2025-09-02 13:48:29.898 | INFO     | Pendulum.PendulumAPP:_processSerialData:120 - 📏 串口长度数据已更新: L15.924448 -> physical_length=15.924448
2025-09-02 13:48:29.898 | INFO     | Pendulum.PendulumAPP:_processSerialData:121 - 🔄 数据来源: 串口接收 -> PendulumState.physical_length
2025-09-02 13:48:29.912 | INFO     | Pendulum.SerialConncet:_run:176 - [接收] L15.898927
2025-09-02 13:48:29.917 | INFO     | Pendulum.PendulumAPP:_processSerialData:120 - 📏 串口长度数据已更新: L15.898927 -> physical_length=15.898927
2025-09-02 13:48:29.917 | INFO     | Pendulum.PendulumAPP:_processSerialData:121 - 🔄 数据来源: 串口接收 -> PendulumState.physical_length
2025-09-02 13:48:29.934 | INFO     | Pendulum.SerialConncet:_run:176 - [接收] L15.873405
2025-09-02 13:48:29.956 | INFO     | Pendulum.SerialConncet:_run:176 - [接收] L15.847885
2025-09-02 13:48:29.978 | INFO     | Pendulum.SerialConncet:_run:176 - [接收] L15.822363
2025-09-02 13:48:29.981 | INFO     | Pendulum.PendulumAPP:_processSerialData:120 - 📏 串口长度数据已更新: L15.822363 -> physical_length=15.822363
2025-09-02 13:48:29.982 | INFO     | Pendulum.PendulumAPP:_processSerialData:121 - 🔄 数据来源: 串口接收 -> PendulumState.physical_length
2025-09-02 13:48:30.001 | INFO     | Pendulum.SerialConncet:_run:176 - [接收] L15.796842
2025-09-02 13:48:30.007 | INFO     | Pendulum.PendulumAPP:_processSerialData:120 - 📏 串口长度数据已更新: L15.796842 -> physical_length=15.796842
2025-09-02 13:48:30.007 | INFO     | Pendulum.PendulumAPP:_processSerialData:121 - 🔄 数据来源: 串口接收 -> PendulumState.physical_length
2025-09-02 13:48:30.018 | INFO     | Pendulum.SerialConncet:_run:176 - [接收] L15.771321
2025-09-02 13:48:30.039 | INFO     | Pendulum.SerialConncet:_run:176 - [接收] L15.745800
2025-09-02 13:48:30.058 | INFO     | Pendulum.PendulumAPP:_processSerialData:120 - 📏 串口长度数据已更新: L15.745800 -> physical_length=15.745800
2025-09-02 13:48:30.060 | INFO     | Pendulum.PendulumAPP:_processSerialData:121 - 🔄 数据来源: 串口接收 -> PendulumState.physical_length
2025-09-02 13:48:30.063 | INFO     | Pendulum.SerialConncet:_run:176 - [接收] L15.720280
2025-09-02 13:48:30.081 | INFO     | Pendulum.SerialConncet:_run:176 - [接收] L15.694758
2025-09-02 13:48:30.090 | INFO     | Pendulum.PendulumAPP:_processSerialData:120 - 📏 串口长度数据已更新: L15.694758 -> physical_length=15.694758
2025-09-02 13:48:30.091 | INFO     | Pendulum.PendulumAPP:_processSerialData:121 - 🔄 数据来源: 串口接收 -> PendulumState.physical_length
2025-09-02 13:48:30.102 | INFO     | Pendulum.SerialConncet:_run:176 - [接收] L15.669237
2025-09-02 13:48:30.125 | INFO     | Pendulum.SerialConncet:_run:176 - [接收] L15.643717
2025-09-02 13:48:30.142 | INFO     | Pendulum.PendulumAPP:_processSerialData:120 - 📏 串口长度数据已更新: L15.643717 -> physical_length=15.643717
2025-09-02 13:48:30.143 | INFO     | Pendulum.PendulumAPP:_processSerialData:121 - 🔄 数据来源: 串口接收 -> PendulumState.physical_length
2025-09-02 13:48:30.145 | INFO     | Pendulum.SerialConncet:_run:176 - [接收] L15.618196
2025-09-02 13:48:30.163 | INFO     | Pendulum.SerialConncet:_run:176 - [接收] L15.592675
2025-09-02 13:48:30.165 | INFO     | Pendulum.PendulumAPP:_processSerialData:120 - 📏 串口长度数据已更新: L15.618196 -> physical_length=15.618196
2025-09-02 13:48:30.166 | INFO     | Pendulum.PendulumAPP:_processSerialData:121 - 🔄 数据来源: 串口接收 -> PendulumState.physical_length
2025-09-02 13:48:30.187 | INFO     | Pendulum.SerialConncet:_run:176 - [接收] L15.567154
2025-09-02 13:48:30.207 | INFO     | Pendulum.SerialConncet:_run:176 - [接收] L15.541632
2025-09-02 13:48:30.217 | INFO     | Pendulum.PendulumAPP:_processSerialData:120 - 📏 串口长度数据已更新: L15.541632 -> physical_length=15.541632
2025-09-02 13:48:30.219 | INFO     | Pendulum.PendulumAPP:_processSerialData:121 - 🔄 数据来源: 串口接收 -> PendulumState.physical_length
2025-09-02 13:48:30.227 | INFO     | Pendulum.SerialConncet:_run:176 - [接收] L15.516112
2025-09-02 13:48:30.243 | INFO     | Pendulum.PendulumAPP:_processSerialData:120 - 📏 串口长度数据已更新: L15.516112 -> physical_length=15.516112
2025-09-02 13:48:30.243 | INFO     | Pendulum.PendulumAPP:_processSerialData:121 - 🔄 数据来源: 串口接收 -> PendulumState.physical_length
2025-09-02 13:48:30.247 | INFO     | Pendulum.SerialConncet:_run:176 - [接收] L15.490590
2025-09-02 13:48:30.269 | INFO     | Pendulum.SerialConncet:_run:176 - [接收] L15.465069
2025-09-02 13:48:30.290 | INFO     | Pendulum.SerialConncet:_run:176 - [接收] L15.439548
2025-09-02 13:48:30.301 | INFO     | Pendulum.PendulumAPP:_processSerialData:120 - 📏 串口长度数据已更新: L15.439548 -> physical_length=15.439548
2025-09-02 13:48:30.302 | INFO     | Pendulum.PendulumAPP:_processSerialData:121 - 🔄 数据来源: 串口接收 -> PendulumState.physical_length
2025-09-02 13:48:30.310 | INFO     | Pendulum.SerialConncet:_run:176 - [接收] L15.414027
2025-09-02 13:48:30.324 | INFO     | Pendulum.PendulumAPP:_processSerialData:120 - 📏 串口长度数据已更新: L15.414027 -> physical_length=15.414027
2025-09-02 13:48:30.324 | INFO     | Pendulum.PendulumAPP:_processSerialData:121 - 🔄 数据来源: 串口接收 -> PendulumState.physical_length
2025-09-02 13:48:30.332 | INFO     | Pendulum.SerialConncet:_run:176 - [接收] L15.388506
2025-09-02 13:48:30.353 | INFO     | Pendulum.SerialConncet:_run:176 - [接收] L15.362986
2025-09-02 13:48:30.374 | INFO     | Pendulum.SerialConncet:_run:176 - [接收] L15.337464
2025-09-02 13:48:30.385 | INFO     | Pendulum.PendulumAPP:_processSerialData:120 - 📏 串口长度数据已更新: L15.337464 -> physical_length=15.337464
2025-09-02 13:48:30.386 | INFO     | Pendulum.PendulumAPP:_processSerialData:121 - 🔄 数据来源: 串口接收 -> PendulumState.physical_length
2025-09-02 13:48:30.398 | INFO     | Pendulum.SerialConncet:_run:176 - [接收] L15.311944
2025-09-02 13:48:30.407 | INFO     | Pendulum.PendulumAPP:_processSerialData:120 - 📏 串口长度数据已更新: L15.311944 -> physical_length=15.311944
2025-09-02 13:48:30.407 | INFO     | Pendulum.PendulumAPP:_processSerialData:121 - 🔄 数据来源: 串口接收 -> PendulumState.physical_length
2025-09-02 13:48:30.416 | INFO     | Pendulum.SerialConncet:_run:176 - [接收] L15.286423
2025-09-02 13:48:30.437 | INFO     | Pendulum.SerialConncet:_run:176 - [接收] L15.260900
2025-09-02 13:48:30.458 | INFO     | Pendulum.PendulumAPP:_processSerialData:120 - 📏 串口长度数据已更新: L15.260900 -> physical_length=15.260900
2025-09-02 13:48:30.460 | INFO     | Pendulum.PendulumAPP:_processSerialData:121 - 🔄 数据来源: 串口接收 -> PendulumState.physical_length
2025-09-02 13:48:30.462 | INFO     | Pendulum.SerialConncet:_run:176 - [接收] L15.235381
2025-09-02 13:48:30.480 | INFO     | Pendulum.SerialConncet:_run:176 - [接收] L15.209859
2025-09-02 13:48:30.486 | INFO     | Pendulum.PendulumAPP:_processSerialData:120 - 📏 串口长度数据已更新: L15.209859 -> physical_length=15.209859
2025-09-02 13:48:30.486 | INFO     | Pendulum.PendulumAPP:_processSerialData:121 - 🔄 数据来源: 串口接收 -> PendulumState.physical_length
2025-09-02 13:48:30.499 | INFO     | Pendulum.SerialConncet:_run:176 - [接收] L15.184340
2025-09-02 13:48:30.522 | INFO     | Pendulum.SerialConncet:_run:176 - [接收] L15.158817
2025-09-02 13:48:30.538 | INFO     | Pendulum.PendulumAPP:_processSerialData:120 - 📏 串口长度数据已更新: L15.158817 -> physical_length=15.158817
2025-09-02 13:48:30.539 | INFO     | Pendulum.PendulumAPP:_processSerialData:121 - 🔄 数据来源: 串口接收 -> PendulumState.physical_length
2025-09-02 13:48:30.542 | INFO     | Pendulum.SerialConncet:_run:176 - [接收] L15.133296
2025-09-02 13:48:30.562 | INFO     | Pendulum.PendulumAPP:_processSerialData:120 - 📏 串口长度数据已更新: L15.133296 -> physical_length=15.133296
2025-09-02 13:48:30.564 | INFO     | Pendulum.PendulumAPP:_processSerialData:121 - 🔄 数据来源: 串口接收 -> PendulumState.physical_length
2025-09-02 13:48:30.566 | INFO     | Pendulum.SerialConncet:_run:176 - [接收] L15.107776
2025-09-02 13:48:30.583 | INFO     | Pendulum.SerialConncet:_run:176 - [接收] L15.082254
2025-09-02 13:48:30.605 | INFO     | Pendulum.SerialConncet:_run:176 - [接收] L15.056733
2025-09-02 13:48:30.615 | INFO     | Pendulum.PendulumAPP:_keyEventWeb:246 - ↓
2025-09-02 13:48:30.616 | INFO     | Pendulum.SerialConncet:send:199 - sendm1
2025-09-02 13:48:30.618 | INFO     | Pendulum.SerialConncet:send:201 - [发送] m1
2025-09-02 13:48:30.620 | INFO     | Pendulum.PendulumAPP:_processSerialData:120 - 📏 串口长度数据已更新: L15.056733 -> physical_length=15.056733
2025-09-02 13:48:30.622 | INFO     | Pendulum.PendulumAPP:_processSerialData:121 - 🔄 数据来源: 串口接收 -> PendulumState.physical_length
2025-09-02 13:48:30.626 | INFO     | Pendulum.SerialConncet:_run:176 - [接收] L15.031213
2025-09-02 13:48:30.646 | INFO     | Pendulum.PendulumAPP:_processSerialData:120 - 📏 串口长度数据已更新: L15.031213 -> physical_length=15.031213
2025-09-02 13:48:30.646 | INFO     | Pendulum.PendulumAPP:_processSerialData:121 - 🔄 数据来源: 串口接收 -> PendulumState.physical_length
2025-09-02 13:48:30.648 | INFO     | Pendulum.SerialConncet:_run:176 - [接收] L15.056733
2025-09-02 13:48:30.669 | INFO     | Pendulum.SerialConncet:_run:176 - [接收] L15.082254
2025-09-02 13:48:30.688 | INFO     | Pendulum.SerialConncet:_run:176 - [接收] L15.107776
2025-09-02 13:48:30.704 | INFO     | Pendulum.PendulumAPP:_processSerialData:120 - 📏 串口长度数据已更新: L15.107776 -> physical_length=15.107776
2025-09-02 13:48:30.704 | INFO     | Pendulum.PendulumAPP:_processSerialData:121 - 🔄 数据来源: 串口接收 -> PendulumState.physical_length
2025-09-02 13:48:30.709 | INFO     | Pendulum.SerialConncet:_run:176 - [接收] L15.133296
2025-09-02 13:48:30.726 | INFO     | Pendulum.PendulumAPP:_processSerialData:120 - 📏 串口长度数据已更新: L15.133296 -> physical_length=15.133296
2025-09-02 13:48:30.726 | INFO     | Pendulum.PendulumAPP:_processSerialData:121 - 🔄 数据来源: 串口接收 -> PendulumState.physical_length
2025-09-02 13:48:30.733 | INFO     | Pendulum.SerialConncet:_run:176 - [接收] L15.158817
2025-09-02 13:48:30.751 | INFO     | Pendulum.SerialConncet:_run:176 - [接收] L15.184340
2025-09-02 13:48:30.775 | INFO     | Pendulum.SerialConncet:_run:176 - [接收] L15.209859
2025-09-02 13:48:30.787 | INFO     | Pendulum.PendulumAPP:_keyEventWeb:249 - stop
2025-09-02 13:48:30.787 | INFO     | Pendulum.SerialConncet:send:199 - sendm0
2025-09-02 13:48:30.788 | INFO     | Pendulum.SerialConncet:send:201 - [发送] m0
2025-09-02 13:48:30.791 | INFO     | Pendulum.PendulumAPP:_processSerialData:120 - 📏 串口长度数据已更新: L15.209859 -> physical_length=15.209859
2025-09-02 13:48:30.792 | INFO     | Pendulum.PendulumAPP:_processSerialData:121 - 🔄 数据来源: 串口接收 -> PendulumState.physical_length
2025-09-02 13:48:30.793 | INFO     | Pendulum.SerialConncet:_run:176 - [接收] L15.235381
2025-09-02 13:48:30.813 | INFO     | Pendulum.PendulumAPP:_processSerialData:120 - 📏 串口长度数据已更新: L15.235381 -> physical_length=15.235381
2025-09-02 13:48:30.816 | INFO     | Pendulum.PendulumAPP:_processSerialData:121 - 🔄 数据来源: 串口接收 -> PendulumState.physical_length
2025-09-02 13:48:30.857 | INFO     | Pendulum.PendulumAPP:_processSerialData:120 - 📏 串口长度数据已更新: L15.235381 -> physical_length=15.235381
2025-09-02 13:48:30.859 | INFO     | Pendulum.PendulumAPP:_processSerialData:121 - 🔄 数据来源: 串口接收 -> PendulumState.physical_length
2025-09-02 13:48:30.881 | INFO     | Pendulum.PendulumAPP:_processSerialData:120 - 📏 串口长度数据已更新: L15.235381 -> physical_length=15.235381
2025-09-02 13:48:30.881 | INFO     | Pendulum.PendulumAPP:_processSerialData:121 - 🔄 数据来源: 串口接收 -> PendulumState.physical_length
2025-09-02 13:48:30.941 | INFO     | Pendulum.PendulumAPP:_processSerialData:120 - 📏 串口长度数据已更新: L15.235381 -> physical_length=15.235381
2025-09-02 13:48:30.942 | INFO     | Pendulum.PendulumAPP:_processSerialData:121 - 🔄 数据来源: 串口接收 -> PendulumState.physical_length
2025-09-02 13:48:30.968 | INFO     | Pendulum.PendulumAPP:_processSerialData:120 - 📏 串口长度数据已更新: L15.235381 -> physical_length=15.235381
2025-09-02 13:48:30.969 | INFO     | Pendulum.PendulumAPP:_processSerialData:121 - 🔄 数据来源: 串口接收 -> PendulumState.physical_length
2025-09-02 13:48:31.018 | INFO     | Pendulum.PendulumAPP:_processSerialData:120 - 📏 串口长度数据已更新: L15.235381 -> physical_length=15.235381
2025-09-02 13:48:31.019 | INFO     | Pendulum.PendulumAPP:_processSerialData:121 - 🔄 数据来源: 串口接收 -> PendulumState.physical_length
2025-09-02 13:48:31.045 | INFO     | Pendulum.PendulumAPP:_processSerialData:120 - 📏 串口长度数据已更新: L15.235381 -> physical_length=15.235381
2025-09-02 13:48:31.045 | INFO     | Pendulum.PendulumAPP:_processSerialData:121 - 🔄 数据来源: 串口接收 -> PendulumState.physical_length
2025-09-02 13:48:31.101 | INFO     | Pendulum.PendulumAPP:_processSerialData:120 - 📏 串口长度数据已更新: L15.235381 -> physical_length=15.235381
2025-09-02 13:48:31.101 | INFO     | Pendulum.PendulumAPP:_processSerialData:121 - 🔄 数据来源: 串口接收 -> PendulumState.physical_length
2025-09-02 13:48:31.125 | INFO     | Pendulum.PendulumAPP:_processSerialData:120 - 📏 串口长度数据已更新: L15.235381 -> physical_length=15.235381
2025-09-02 13:48:31.125 | INFO     | Pendulum.PendulumAPP:_processSerialData:121 - 🔄 数据来源: 串口接收 -> PendulumState.physical_length
2025-09-02 13:48:31.181 | INFO     | Pendulum.PendulumAPP:_processSerialData:120 - 📏 串口长度数据已更新: L15.235381 -> physical_length=15.235381
2025-09-02 13:48:31.181 | INFO     | Pendulum.PendulumAPP:_processSerialData:121 - 🔄 数据来源: 串口接收 -> PendulumState.physical_length
2025-09-02 13:48:31.202 | INFO     | Pendulum.PendulumAPP:_processSerialData:120 - 📏 串口长度数据已更新: L15.235381 -> physical_length=15.235381
2025-09-02 13:48:31.203 | INFO     | Pendulum.PendulumAPP:_processSerialData:121 - 🔄 数据来源: 串口接收 -> PendulumState.physical_length
2025-09-02 13:48:31.258 | INFO     | Pendulum.PendulumAPP:_processSerialData:120 - 📏 串口长度数据已更新: L15.235381 -> physical_length=15.235381
2025-09-02 13:48:31.260 | INFO     | Pendulum.PendulumAPP:_processSerialData:121 - 🔄 数据来源: 串口接收 -> PendulumState.physical_length
2025-09-02 13:48:31.288 | INFO     | Pendulum.PendulumAPP:_processSerialData:120 - 📏 串口长度数据已更新: L15.235381 -> physical_length=15.235381
2025-09-02 13:48:31.288 | INFO     | Pendulum.PendulumAPP:_processSerialData:121 - 🔄 数据来源: 串口接收 -> PendulumState.physical_length
2025-09-02 13:48:31.340 | INFO     | Pendulum.PendulumAPP:_keyEventWeb:246 - ↓
2025-09-02 13:48:31.341 | INFO     | Pendulum.SerialConncet:send:199 - sendm1
2025-09-02 13:48:31.343 | INFO     | Pendulum.SerialConncet:send:201 - [发送] m1
2025-09-02 13:48:31.346 | INFO     | Pendulum.PendulumAPP:_processSerialData:120 - 📏 串口长度数据已更新: L15.235381 -> physical_length=15.235381
2025-09-02 13:48:31.346 | INFO     | Pendulum.PendulumAPP:_processSerialData:121 - 🔄 数据来源: 串口接收 -> PendulumState.physical_length
2025-09-02 13:48:31.365 | INFO     | Pendulum.SerialConncet:_run:176 - [接收] L15.260900
2025-09-02 13:48:31.370 | INFO     | Pendulum.PendulumAPP:_processSerialData:120 - 📏 串口长度数据已更新: L15.260900 -> physical_length=15.260900
2025-09-02 13:48:31.370 | INFO     | Pendulum.PendulumAPP:_processSerialData:121 - 🔄 数据来源: 串口接收 -> PendulumState.physical_length
2025-09-02 13:48:31.388 | INFO     | Pendulum.SerialConncet:_run:176 - [接收] L15.286423
2025-09-02 13:48:31.410 | INFO     | Pendulum.SerialConncet:_run:176 - [接收] L15.311944
2025-09-02 13:48:31.419 | INFO     | Pendulum.PendulumAPP:_processSerialData:120 - 📏 串口长度数据已更新: L15.311944 -> physical_length=15.311944
2025-09-02 13:48:31.419 | INFO     | Pendulum.PendulumAPP:_processSerialData:121 - 🔄 数据来源: 串口接收 -> PendulumState.physical_length
2025-09-02 13:48:31.427 | INFO     | Pendulum.SerialConncet:_run:176 - [接收] L15.337464
2025-09-02 13:48:31.442 | INFO     | Pendulum.PendulumAPP:_processSerialData:120 - 📏 串口长度数据已更新: L15.337464 -> physical_length=15.337464
2025-09-02 13:48:31.443 | INFO     | Pendulum.PendulumAPP:_processSerialData:121 - 🔄 数据来源: 串口接收 -> PendulumState.physical_length
2025-09-02 13:48:31.448 | INFO     | Pendulum.SerialConncet:_run:176 - [接收] L15.362986
2025-09-02 13:48:31.471 | INFO     | Pendulum.SerialConncet:_run:176 - [接收] L15.388506
2025-09-02 13:48:31.492 | INFO     | Pendulum.SerialConncet:_run:176 - [接收] L15.414027
2025-09-02 13:48:31.502 | INFO     | Pendulum.PendulumAPP:_processSerialData:120 - 📏 串口长度数据已更新: L15.414027 -> physical_length=15.414027
2025-09-02 13:48:31.502 | INFO     | Pendulum.PendulumAPP:_processSerialData:121 - 🔄 数据来源: 串口接收 -> PendulumState.physical_length
2025-09-02 13:48:31.512 | INFO     | Pendulum.SerialConncet:_run:176 - [接收] L15.439548
2025-09-02 13:48:31.527 | INFO     | Pendulum.PendulumAPP:_processSerialData:120 - 📏 串口长度数据已更新: L15.439548 -> physical_length=15.439548
2025-09-02 13:48:31.529 | INFO     | Pendulum.PendulumAPP:_processSerialData:121 - 🔄 数据来源: 串口接收 -> PendulumState.physical_length
2025-09-02 13:48:31.534 | INFO     | Pendulum.SerialConncet:_run:176 - [接收] L15.465069
2025-09-02 13:48:31.553 | INFO     | Pendulum.SerialConncet:_run:176 - [接收] L15.490590
2025-09-02 13:48:31.574 | INFO     | Pendulum.SerialConncet:_run:176 - [接收] L15.516112
2025-09-02 13:48:31.575 | INFO     | Pendulum.PendulumAPP:_processSerialData:120 - 📏 串口长度数据已更新: L15.490590 -> physical_length=15.490590
2025-09-02 13:48:31.576 | INFO     | Pendulum.PendulumAPP:_processSerialData:121 - 🔄 数据来源: 串口接收 -> PendulumState.physical_length
2025-09-02 13:48:31.597 | INFO     | Pendulum.SerialConncet:_run:176 - [接收] L15.541632
2025-09-02 13:48:31.600 | INFO     | Pendulum.PendulumAPP:_processSerialData:120 - 📏 串口长度数据已更新: L15.541632 -> physical_length=15.541632
2025-09-02 13:48:31.601 | INFO     | Pendulum.PendulumAPP:_processSerialData:121 - 🔄 数据来源: 串口接收 -> PendulumState.physical_length
2025-09-02 13:48:31.616 | INFO     | Pendulum.SerialConncet:_run:176 - [接收] L15.567154
2025-09-02 13:48:31.637 | INFO     | Pendulum.SerialConncet:_run:176 - [接收] L15.592675
2025-09-02 13:48:31.657 | INFO     | Pendulum.PendulumAPP:_processSerialData:120 - 📏 串口长度数据已更新: L15.592675 -> physical_length=15.592675
2025-09-02 13:48:31.657 | INFO     | Pendulum.PendulumAPP:_processSerialData:121 - 🔄 数据来源: 串口接收 -> PendulumState.physical_length
2025-09-02 13:48:31.662 | INFO     | Pendulum.SerialConncet:_run:176 - [接收] L15.618196
2025-09-02 13:48:31.679 | INFO     | Pendulum.SerialConncet:_run:176 - [接收] L15.643717
2025-09-02 13:48:31.685 | INFO     | Pendulum.PendulumAPP:_processSerialData:120 - 📏 串口长度数据已更新: L15.643717 -> physical_length=15.643717
2025-09-02 13:48:31.685 | INFO     | Pendulum.PendulumAPP:_processSerialData:121 - 🔄 数据来源: 串口接收 -> PendulumState.physical_length
2025-09-02 13:48:31.699 | INFO     | Pendulum.SerialConncet:_run:176 - [接收] L15.669237
2025-09-02 13:48:31.721 | INFO     | Pendulum.SerialConncet:_run:176 - [接收] L15.694758
2025-09-02 13:48:31.740 | INFO     | Pendulum.PendulumAPP:_processSerialData:120 - 📏 串口长度数据已更新: L15.694758 -> physical_length=15.694758
2025-09-02 13:48:31.742 | INFO     | Pendulum.PendulumAPP:_processSerialData:121 - 🔄 数据来源: 串口接收 -> PendulumState.physical_length
2025-09-02 13:48:31.745 | INFO     | Pendulum.SerialConncet:_run:176 - [接收] L15.720280
2025-09-02 13:48:31.763 | INFO     | Pendulum.SerialConncet:_run:176 - [接收] L15.745800
2025-09-02 13:48:31.771 | INFO     | Pendulum.PendulumAPP:_processSerialData:120 - 📏 串口长度数据已更新: L15.745800 -> physical_length=15.745800
2025-09-02 13:48:31.771 | INFO     | Pendulum.PendulumAPP:_processSerialData:121 - 🔄 数据来源: 串口接收 -> PendulumState.physical_length
2025-09-02 13:48:31.784 | INFO     | Pendulum.SerialConncet:_run:176 - [接收] L15.771321
2025-09-02 13:48:31.807 | INFO     | Pendulum.SerialConncet:_run:176 - [接收] L15.796842
2025-09-02 13:48:31.821 | INFO     | Pendulum.PendulumAPP:_processSerialData:120 - 📏 串口长度数据已更新: L15.796842 -> physical_length=15.796842
2025-09-02 13:48:31.824 | INFO     | Pendulum.PendulumAPP:_processSerialData:121 - 🔄 数据来源: 串口接收 -> PendulumState.physical_length
2025-09-02 13:48:31.828 | INFO     | Pendulum.SerialConncet:_run:176 - [接收] L15.822363
2025-09-02 13:48:31.847 | INFO     | Pendulum.SerialConncet:_run:176 - [接收] L15.847885
2025-09-02 13:48:31.857 | INFO     | Pendulum.PendulumAPP:_processSerialData:120 - 📏 串口长度数据已更新: L15.847885 -> physical_length=15.847885
2025-09-02 13:48:31.857 | INFO     | Pendulum.PendulumAPP:_processSerialData:121 - 🔄 数据来源: 串口接收 -> PendulumState.physical_length
2025-09-02 13:48:31.868 | INFO     | Pendulum.SerialConncet:_run:176 - [接收] L15.873405
2025-09-02 13:48:31.888 | INFO     | Pendulum.SerialConncet:_run:176 - [接收] L15.898927
2025-09-02 13:48:31.900 | INFO     | Pendulum.PendulumAPP:_processSerialData:120 - 📏 串口长度数据已更新: L15.898927 -> physical_length=15.898927
2025-09-02 13:48:31.901 | INFO     | Pendulum.PendulumAPP:_processSerialData:121 - 🔄 数据来源: 串口接收 -> PendulumState.physical_length
2025-09-02 13:48:31.910 | INFO     | Pendulum.SerialConncet:_run:176 - [接收] L15.924448
2025-09-02 13:48:31.922 | INFO     | Pendulum.PendulumAPP:_processSerialData:120 - 📏 串口长度数据已更新: L15.924448 -> physical_length=15.924448
2025-09-02 13:48:31.922 | INFO     | Pendulum.PendulumAPP:_processSerialData:121 - 🔄 数据来源: 串口接收 -> PendulumState.physical_length
2025-09-02 13:48:31.930 | INFO     | Pendulum.SerialConncet:_run:176 - [接收] L15.949968
2025-09-02 13:48:31.955 | INFO     | Pendulum.SerialConncet:_run:176 - [接收] L15.975490
2025-09-02 13:48:31.972 | INFO     | Pendulum.SerialConncet:_run:176 - [接收] L16.001011
2025-09-02 13:48:31.981 | INFO     | Pendulum.PendulumAPP:_processSerialData:120 - 📏 串口长度数据已更新: L16.001011 -> physical_length=16.001011
2025-09-02 13:48:31.983 | INFO     | Pendulum.PendulumAPP:_processSerialData:121 - 🔄 数据来源: 串口接收 -> PendulumState.physical_length
2025-09-02 13:48:31.993 | INFO     | Pendulum.SerialConncet:_run:176 - [接收] L16.026531
2025-09-02 13:48:32.010 | INFO     | Pendulum.PendulumAPP:_processSerialData:120 - 📏 串口长度数据已更新: L16.026531 -> physical_length=16.026531
2025-09-02 13:48:32.012 | INFO     | Pendulum.PendulumAPP:_processSerialData:121 - 🔄 数据来源: 串口接收 -> PendulumState.physical_length
2025-09-02 13:48:32.013 | INFO     | Pendulum.SerialConncet:_run:176 - [接收] L16.052053
2025-09-02 13:48:32.035 | INFO     | Pendulum.SerialConncet:_run:176 - [接收] L16.077572
2025-09-02 13:48:32.055 | INFO     | Pendulum.SerialConncet:_run:176 - [接收] L16.103094
2025-09-02 13:48:32.075 | INFO     | Pendulum.PendulumAPP:_keyEventWeb:249 - stop
2025-09-02 13:48:32.075 | INFO     | Pendulum.SerialConncet:send:199 - sendm0
2025-09-02 13:48:32.076 | INFO     | Pendulum.SerialConncet:send:201 - [发送] m0
2025-09-02 13:48:32.077 | INFO     | Pendulum.SerialConncet:_run:176 - [接收] L16.128616
2025-09-02 13:48:32.079 | INFO     | Pendulum.PendulumAPP:_processSerialData:120 - 📏 串口长度数据已更新: L16.128616 -> physical_length=16.128616
2025-09-02 13:48:32.079 | INFO     | Pendulum.PendulumAPP:_processSerialData:121 - 🔄 数据来源: 串口接收 -> PendulumState.physical_length
2025-09-02 13:48:32.098 | INFO     | Pendulum.SerialConncet:_run:176 - [接收] L16.154137
2025-09-02 13:48:32.105 | INFO     | Pendulum.PendulumAPP:_processSerialData:120 - 📏 串口长度数据已更新: L16.154137 -> physical_length=16.154137
2025-09-02 13:48:32.106 | INFO     | Pendulum.PendulumAPP:_processSerialData:121 - 🔄 数据来源: 串口接收 -> PendulumState.physical_length
2025-09-02 13:48:32.142 | INFO     | Pendulum.PendulumAPP:_processSerialData:120 - 📏 串口长度数据已更新: L16.154137 -> physical_length=16.154137
2025-09-02 13:48:32.144 | INFO     | Pendulum.PendulumAPP:_processSerialData:121 - 🔄 数据来源: 串口接收 -> PendulumState.physical_length
2025-09-02 13:48:32.166 | INFO     | Pendulum.PendulumAPP:_processSerialData:120 - 📏 串口长度数据已更新: L16.154137 -> physical_length=16.154137
2025-09-02 13:48:32.166 | INFO     | Pendulum.PendulumAPP:_processSerialData:121 - 🔄 数据来源: 串口接收 -> PendulumState.physical_length
2025-09-02 13:48:32.218 | INFO     | Pendulum.PendulumAPP:_processSerialData:120 - 📏 串口长度数据已更新: L16.154137 -> physical_length=16.154137
2025-09-02 13:48:32.218 | INFO     | Pendulum.PendulumAPP:_processSerialData:121 - 🔄 数据来源: 串口接收 -> PendulumState.physical_length
2025-09-02 13:48:32.243 | INFO     | Pendulum.PendulumAPP:_processSerialData:120 - 📏 串口长度数据已更新: L16.154137 -> physical_length=16.154137
2025-09-02 13:48:32.243 | INFO     | Pendulum.PendulumAPP:_processSerialData:121 - 🔄 数据来源: 串口接收 -> PendulumState.physical_length
2025-09-02 13:48:32.295 | INFO     | Pendulum.PendulumAPP:_processSerialData:120 - 📏 串口长度数据已更新: L16.154137 -> physical_length=16.154137
2025-09-02 13:48:32.296 | INFO     | Pendulum.PendulumAPP:_processSerialData:121 - 🔄 数据来源: 串口接收 -> PendulumState.physical_length
2025-09-02 13:48:32.320 | INFO     | Pendulum.PendulumAPP:_processSerialData:120 - 📏 串口长度数据已更新: L16.154137 -> physical_length=16.154137
2025-09-02 13:48:32.320 | INFO     | Pendulum.PendulumAPP:_processSerialData:121 - 🔄 数据来源: 串口接收 -> PendulumState.physical_length
2025-09-02 13:48:32.384 | INFO     | Pendulum.PendulumAPP:_processSerialData:120 - 📏 串口长度数据已更新: L16.154137 -> physical_length=16.154137
2025-09-02 13:48:32.384 | INFO     | Pendulum.PendulumAPP:_processSerialData:121 - 🔄 数据来源: 串口接收 -> PendulumState.physical_length
2025-09-02 13:48:32.410 | INFO     | Pendulum.PendulumAPP:_processSerialData:120 - 📏 串口长度数据已更新: L16.154137 -> physical_length=16.154137
2025-09-02 13:48:32.412 | INFO     | Pendulum.PendulumAPP:_processSerialData:121 - 🔄 数据来源: 串口接收 -> PendulumState.physical_length
2025-09-02 13:48:32.456 | INFO     | Pendulum.PendulumAPP:_processSerialData:120 - 📏 串口长度数据已更新: L16.154137 -> physical_length=16.154137
2025-09-02 13:48:32.459 | INFO     | Pendulum.PendulumAPP:_processSerialData:121 - 🔄 数据来源: 串口接收 -> PendulumState.physical_length
2025-09-02 13:48:32.479 | INFO     | Pendulum.PendulumAPP:_processSerialData:120 - 📏 串口长度数据已更新: L16.154137 -> physical_length=16.154137
2025-09-02 13:48:32.480 | INFO     | Pendulum.PendulumAPP:_processSerialData:121 - 🔄 数据来源: 串口接收 -> PendulumState.physical_length
2025-09-02 13:48:32.540 | INFO     | Pendulum.PendulumAPP:_processSerialData:120 - 📏 串口长度数据已更新: L16.154137 -> physical_length=16.154137
2025-09-02 13:48:32.541 | INFO     | Pendulum.PendulumAPP:_processSerialData:121 - 🔄 数据来源: 串口接收 -> PendulumState.physical_length
2025-09-02 13:48:32.562 | INFO     | Pendulum.PendulumAPP:_processSerialData:120 - 📏 串口长度数据已更新: L16.154137 -> physical_length=16.154137
2025-09-02 13:48:32.562 | INFO     | Pendulum.PendulumAPP:_processSerialData:121 - 🔄 数据来源: 串口接收 -> PendulumState.physical_length
2025-09-02 13:48:32.624 | INFO     | Pendulum.PendulumAPP:_keyEventWeb:246 - ↓
2025-09-02 13:48:32.625 | INFO     | Pendulum.SerialConncet:send:199 - sendm1
2025-09-02 13:48:32.626 | INFO     | Pendulum.SerialConncet:send:201 - [发送] m1
2025-09-02 13:48:32.628 | INFO     | Pendulum.PendulumAPP:_processSerialData:120 - 📏 串口长度数据已更新: L16.154137 -> physical_length=16.154137
2025-09-02 13:48:32.628 | INFO     | Pendulum.PendulumAPP:_processSerialData:121 - 🔄 数据来源: 串口接收 -> PendulumState.physical_length
2025-09-02 13:48:32.648 | INFO     | Pendulum.SerialConncet:_run:176 - [接收] L16.179657
2025-09-02 13:48:32.655 | INFO     | Pendulum.PendulumAPP:_processSerialData:120 - 📏 串口长度数据已更新: L16.179657 -> physical_length=16.179657
2025-09-02 13:48:32.655 | INFO     | Pendulum.PendulumAPP:_processSerialData:121 - 🔄 数据来源: 串口接收 -> PendulumState.physical_length
2025-09-02 13:48:32.668 | INFO     | Pendulum.SerialConncet:_run:176 - [接收] L16.205177
2025-09-02 13:48:32.691 | INFO     | Pendulum.SerialConncet:_run:176 - [接收] L16.230700
2025-09-02 13:48:32.703 | INFO     | Pendulum.PendulumAPP:_processSerialData:120 - 📏 串口长度数据已更新: L16.230700 -> physical_length=16.230700
2025-09-02 13:48:32.705 | INFO     | Pendulum.PendulumAPP:_processSerialData:121 - 🔄 数据来源: 串口接收 -> PendulumState.physical_length
2025-09-02 13:48:32.711 | INFO     | Pendulum.SerialConncet:_run:176 - [接收] L16.256220
2025-09-02 13:48:32.728 | INFO     | Pendulum.PendulumAPP:_processSerialData:120 - 📏 串口长度数据已更新: L16.256220 -> physical_length=16.256220
2025-09-02 13:48:32.728 | INFO     | Pendulum.PendulumAPP:_processSerialData:121 - 🔄 数据来源: 串口接收 -> PendulumState.physical_length
2025-09-02 13:48:32.732 | INFO     | Pendulum.SerialConncet:_run:176 - [接收] L16.281740
2025-09-02 13:48:32.752 | INFO     | Pendulum.SerialConncet:_run:176 - [接收] L16.307262
2025-09-02 13:48:32.773 | INFO     | Pendulum.SerialConncet:_run:176 - [接收] L16.332785
2025-09-02 13:48:32.786 | INFO     | Pendulum.PendulumAPP:_processSerialData:120 - 📏 串口长度数据已更新: L16.332785 -> physical_length=16.332785
2025-09-02 13:48:32.787 | INFO     | Pendulum.PendulumAPP:_processSerialData:121 - 🔄 数据来源: 串口接收 -> PendulumState.physical_length
2025-09-02 13:48:32.798 | INFO     | Pendulum.SerialConncet:_run:176 - [接收] L16.358303
2025-09-02 13:48:32.810 | INFO     | Pendulum.PendulumAPP:_processSerialData:120 - 📏 串口长度数据已更新: L16.358303 -> physical_length=16.358303
2025-09-02 13:48:32.814 | INFO     | Pendulum.PendulumAPP:_processSerialData:121 - 🔄 数据来源: 串口接收 -> PendulumState.physical_length
2025-09-02 13:48:32.816 | INFO     | Pendulum.SerialConncet:_run:176 - [接收] L16.383825
2025-09-02 13:48:32.837 | INFO     | Pendulum.SerialConncet:_run:176 - [接收] L16.409348
2025-09-02 13:48:32.859 | INFO     | Pendulum.SerialConncet:_run:176 - [接收] L16.434868
2025-09-02 13:48:32.862 | INFO     | Pendulum.PendulumAPP:_processSerialData:120 - 📏 串口长度数据已更新: L16.434868 -> physical_length=16.434868
2025-09-02 13:48:32.862 | INFO     | Pendulum.PendulumAPP:_processSerialData:121 - 🔄 数据来源: 串口接收 -> PendulumState.physical_length
2025-09-02 13:48:32.878 | INFO     | Pendulum.SerialConncet:_run:176 - [接收] L16.460388
2025-09-02 13:48:32.886 | INFO     | Pendulum.PendulumAPP:_processSerialData:120 - 📏 串口长度数据已更新: L16.460388 -> physical_length=16.460388
2025-09-02 13:48:32.887 | INFO     | Pendulum.PendulumAPP:_processSerialData:121 - 🔄 数据来源: 串口接收 -> PendulumState.physical_length
2025-09-02 13:48:32.900 | INFO     | Pendulum.SerialConncet:_run:176 - [接收] L16.485909
2025-09-02 13:48:32.920 | INFO     | Pendulum.SerialConncet:_run:176 - [接收] L16.511431
2025-09-02 13:48:32.942 | INFO     | Pendulum.PendulumAPP:_processSerialData:120 - 📏 串口长度数据已更新: L16.511431 -> physical_length=16.511431
2025-09-02 13:48:32.942 | INFO     | Pendulum.SerialConncet:_run:176 - [接收] L16.536951
2025-09-02 13:48:32.942 | INFO     | Pendulum.PendulumAPP:_processSerialData:121 - 🔄 数据来源: 串口接收 -> PendulumState.physical_length
2025-09-02 13:48:32.962 | INFO     | Pendulum.SerialConncet:_run:176 - [接收] L16.562471
2025-09-02 13:48:32.967 | INFO     | Pendulum.PendulumAPP:_processSerialData:120 - 📏 串口长度数据已更新: L16.562471 -> physical_length=16.562471
2025-09-02 13:48:32.968 | INFO     | Pendulum.PendulumAPP:_processSerialData:121 - 🔄 数据来源: 串口接收 -> PendulumState.physical_length
2025-09-02 13:48:32.982 | INFO     | Pendulum.SerialConncet:_run:176 - [接收] L16.587994
2025-09-02 13:48:33.004 | INFO     | Pendulum.SerialConncet:_run:176 - [接收] L16.613514
2025-09-02 13:48:33.019 | INFO     | Pendulum.PendulumAPP:_processSerialData:120 - 📏 串口长度数据已更新: L16.613514 -> physical_length=16.613514
2025-09-02 13:48:33.021 | INFO     | Pendulum.PendulumAPP:_processSerialData:121 - 🔄 数据来源: 串口接收 -> PendulumState.physical_length
2025-09-02 13:48:33.024 | INFO     | Pendulum.SerialConncet:_run:176 - [接收] L16.639034
2025-09-02 13:48:33.047 | INFO     | Pendulum.SerialConncet:_run:176 - [接收] L16.664557
2025-09-02 13:48:33.049 | INFO     | Pendulum.PendulumAPP:_processSerialData:120 - 📏 串口长度数据已更新: L16.664557 -> physical_length=16.664557
2025-09-02 13:48:33.052 | INFO     | Pendulum.PendulumAPP:_processSerialData:121 - 🔄 数据来源: 串口接收 -> PendulumState.physical_length
2025-09-02 13:48:33.067 | INFO     | Pendulum.SerialConncet:_run:176 - [接收] L16.690077
2025-09-02 13:48:33.087 | INFO     | Pendulum.SerialConncet:_run:176 - [接收] L16.715599
2025-09-02 13:48:33.101 | INFO     | Pendulum.PendulumAPP:_keyEventWeb:249 - stop
2025-09-02 13:48:33.104 | INFO     | Pendulum.SerialConncet:send:199 - sendm0
2025-09-02 13:48:33.105 | INFO     | Pendulum.SerialConncet:send:201 - [发送] m0
2025-09-02 13:48:33.108 | INFO     | Pendulum.PendulumAPP:_processSerialData:120 - 📏 串口长度数据已更新: L16.715599 -> physical_length=16.715599
2025-09-02 13:48:33.108 | INFO     | Pendulum.PendulumAPP:_processSerialData:121 - 🔄 数据来源: 串口接收 -> PendulumState.physical_length
2025-09-02 13:48:33.111 | INFO     | Pendulum.SerialConncet:_run:176 - [接收] L16.741119
2025-09-02 13:48:33.130 | INFO     | Pendulum.PendulumAPP:_processSerialData:120 - 📏 串口长度数据已更新: L16.741119 -> physical_length=16.741119
2025-09-02 13:48:33.131 | INFO     | Pendulum.PendulumAPP:_processSerialData:121 - 🔄 数据来源: 串口接收 -> PendulumState.physical_length
2025-09-02 13:48:33.180 | INFO     | Pendulum.PendulumAPP:_processSerialData:120 - 📏 串口长度数据已更新: L16.741119 -> physical_length=16.741119
2025-09-02 13:48:33.181 | INFO     | Pendulum.PendulumAPP:_processSerialData:121 - 🔄 数据来源: 串口接收 -> PendulumState.physical_length
2025-09-02 13:48:33.202 | INFO     | Pendulum.PendulumAPP:_processSerialData:120 - 📏 串口长度数据已更新: L16.741119 -> physical_length=16.741119
2025-09-02 13:48:33.202 | INFO     | Pendulum.PendulumAPP:_processSerialData:121 - 🔄 数据来源: 串口接收 -> PendulumState.physical_length
2025-09-02 13:48:33.258 | INFO     | Pendulum.PendulumAPP:_processSerialData:120 - 📏 串口长度数据已更新: L16.741119 -> physical_length=16.741119
2025-09-02 13:48:33.259 | INFO     | Pendulum.PendulumAPP:_processSerialData:121 - 🔄 数据来源: 串口接收 -> PendulumState.physical_length
2025-09-02 13:48:33.279 | INFO     | Pendulum.PendulumAPP:_processSerialData:120 - 📏 串口长度数据已更新: L16.741119 -> physical_length=16.741119
2025-09-02 13:48:33.280 | INFO     | Pendulum.PendulumAPP:_processSerialData:121 - 🔄 数据来源: 串口接收 -> PendulumState.physical_length
2025-09-02 13:48:33.338 | INFO     | Pendulum.PendulumAPP:_processSerialData:120 - 📏 串口长度数据已更新: L16.741119 -> physical_length=16.741119
2025-09-02 13:48:33.339 | INFO     | Pendulum.PendulumAPP:_processSerialData:121 - 🔄 数据来源: 串口接收 -> PendulumState.physical_length
2025-09-02 13:48:33.362 | INFO     | Pendulum.PendulumAPP:_processSerialData:120 - 📏 串口长度数据已更新: L16.741119 -> physical_length=16.741119
2025-09-02 13:48:33.363 | INFO     | Pendulum.PendulumAPP:_processSerialData:121 - 🔄 数据来源: 串口接收 -> PendulumState.physical_length
2025-09-02 13:48:33.418 | INFO     | Pendulum.PendulumAPP:_processSerialData:120 - 📏 串口长度数据已更新: L16.741119 -> physical_length=16.741119
2025-09-02 13:48:33.420 | INFO     | Pendulum.PendulumAPP:_processSerialData:121 - 🔄 数据来源: 串口接收 -> PendulumState.physical_length
2025-09-02 13:48:33.442 | INFO     | Pendulum.PendulumAPP:_processSerialData:120 - 📏 串口长度数据已更新: L16.741119 -> physical_length=16.741119
2025-09-02 13:48:33.443 | INFO     | Pendulum.PendulumAPP:_processSerialData:121 - 🔄 数据来源: 串口接收 -> PendulumState.physical_length
2025-09-02 13:48:33.500 | INFO     | Pendulum.PendulumAPP:_processSerialData:120 - 📏 串口长度数据已更新: L16.741119 -> physical_length=16.741119
2025-09-02 13:48:33.501 | INFO     | Pendulum.PendulumAPP:_processSerialData:121 - 🔄 数据来源: 串口接收 -> PendulumState.physical_length
2025-09-02 13:48:33.523 | INFO     | Pendulum.PendulumAPP:_processSerialData:120 - 📏 串口长度数据已更新: L16.741119 -> physical_length=16.741119
2025-09-02 13:48:33.523 | INFO     | Pendulum.PendulumAPP:_processSerialData:121 - 🔄 数据来源: 串口接收 -> PendulumState.physical_length
2025-09-02 13:48:33.590 | INFO     | Pendulum.PendulumAPP:_processSerialData:120 - 📏 串口长度数据已更新: L16.741119 -> physical_length=16.741119
2025-09-02 13:48:33.591 | INFO     | Pendulum.PendulumAPP:_processSerialData:121 - 🔄 数据来源: 串口接收 -> PendulumState.physical_length
2025-09-02 13:48:33.616 | INFO     | Pendulum.PendulumAPP:_processSerialData:120 - 📏 串口长度数据已更新: L16.741119 -> physical_length=16.741119
2025-09-02 13:48:33.617 | INFO     | Pendulum.PendulumAPP:_processSerialData:121 - 🔄 数据来源: 串口接收 -> PendulumState.physical_length
2025-09-02 13:48:33.657 | INFO     | Pendulum.PendulumAPP:_processSerialData:120 - 📏 串口长度数据已更新: L16.741119 -> physical_length=16.741119
2025-09-02 13:48:33.657 | INFO     | Pendulum.PendulumAPP:_processSerialData:121 - 🔄 数据来源: 串口接收 -> PendulumState.physical_length
2025-09-02 13:48:33.680 | INFO     | Pendulum.PendulumAPP:_processSerialData:120 - 📏 串口长度数据已更新: L16.741119 -> physical_length=16.741119
2025-09-02 13:48:33.680 | INFO     | Pendulum.PendulumAPP:_processSerialData:121 - 🔄 数据来源: 串口接收 -> PendulumState.physical_length
2025-09-02 13:48:33.737 | INFO     | Pendulum.PendulumAPP:_processSerialData:120 - 📏 串口长度数据已更新: L16.741119 -> physical_length=16.741119
2025-09-02 13:48:33.738 | INFO     | Pendulum.PendulumAPP:_processSerialData:121 - 🔄 数据来源: 串口接收 -> PendulumState.physical_length
2025-09-02 13:48:33.760 | INFO     | Pendulum.PendulumAPP:_processSerialData:120 - 📏 串口长度数据已更新: L16.741119 -> physical_length=16.741119
2025-09-02 13:48:33.760 | INFO     | Pendulum.PendulumAPP:_processSerialData:121 - 🔄 数据来源: 串口接收 -> PendulumState.physical_length
2025-09-02 13:48:33.819 | INFO     | Pendulum.PendulumAPP:_processSerialData:120 - 📏 串口长度数据已更新: L16.741119 -> physical_length=16.741119
2025-09-02 13:48:33.819 | INFO     | Pendulum.PendulumAPP:_processSerialData:121 - 🔄 数据来源: 串口接收 -> PendulumState.physical_length
2025-09-02 13:48:33.844 | INFO     | Pendulum.PendulumAPP:_keyEventWeb:246 - ↓
2025-09-02 13:48:33.845 | INFO     | Pendulum.SerialConncet:send:199 - sendm1
2025-09-02 13:48:33.846 | INFO     | Pendulum.SerialConncet:send:201 - [发送] m1
2025-09-02 13:48:33.850 | INFO     | Pendulum.PendulumAPP:_processSerialData:120 - 📏 串口长度数据已更新: L16.741119 -> physical_length=16.741119
2025-09-02 13:48:33.852 | INFO     | Pendulum.PendulumAPP:_processSerialData:121 - 🔄 数据来源: 串口接收 -> PendulumState.physical_length
2025-09-02 13:48:33.870 | INFO     | Pendulum.SerialConncet:_run:176 - [接收] L16.766640
2025-09-02 13:48:33.890 | INFO     | Pendulum.SerialConncet:_run:176 - [接收] L16.792162
2025-09-02 13:48:33.896 | INFO     | Pendulum.PendulumAPP:_processSerialData:120 - 📏 串口长度数据已更新: L16.792162 -> physical_length=16.792162
2025-09-02 13:48:33.896 | INFO     | Pendulum.PendulumAPP:_processSerialData:121 - 🔄 数据来源: 串口接收 -> PendulumState.physical_length
2025-09-02 13:48:33.910 | INFO     | Pendulum.SerialConncet:_run:176 - [接收] L16.817682
2025-09-02 13:48:33.918 | INFO     | Pendulum.PendulumAPP:_processSerialData:120 - 📏 串口长度数据已更新: L16.817682 -> physical_length=16.817682
2025-09-02 13:48:33.918 | INFO     | Pendulum.PendulumAPP:_processSerialData:121 - 🔄 数据来源: 串口接收 -> PendulumState.physical_length
2025-09-02 13:48:33.933 | INFO     | Pendulum.SerialConncet:_run:176 - [接收] L16.843203
2025-09-02 13:48:33.953 | INFO     | Pendulum.SerialConncet:_run:176 - [接收] L16.868725
2025-09-02 13:48:33.973 | INFO     | Pendulum.SerialConncet:_run:176 - [接收] L16.894245
2025-09-02 13:48:33.979 | INFO     | Pendulum.PendulumAPP:_processSerialData:120 - 📏 串口长度数据已更新: L16.894245 -> physical_length=16.894245
2025-09-02 13:48:33.982 | INFO     | Pendulum.PendulumAPP:_processSerialData:121 - 🔄 数据来源: 串口接收 -> PendulumState.physical_length
2025-09-02 13:48:33.995 | INFO     | Pendulum.SerialConncet:_run:176 - [接收] L16.919765
2025-09-02 13:48:34.004 | INFO     | Pendulum.PendulumAPP:_processSerialData:120 - 📏 串口长度数据已更新: L16.919765 -> physical_length=16.919765
2025-09-02 13:48:34.004 | INFO     | Pendulum.PendulumAPP:_processSerialData:121 - 🔄 数据来源: 串口接收 -> PendulumState.physical_length
2025-09-02 13:48:34.015 | INFO     | Pendulum.SerialConncet:_run:176 - [接收] L16.945288
2025-09-02 13:48:34.036 | INFO     | Pendulum.SerialConncet:_run:176 - [接收] L16.970808
2025-09-02 13:48:34.058 | INFO     | Pendulum.SerialConncet:_run:176 - [接收] L16.996330
2025-09-02 13:48:34.066 | INFO     | Pendulum.PendulumAPP:_processSerialData:120 - 📏 串口长度数据已更新: L16.996330 -> physical_length=16.996330
2025-09-02 13:48:34.066 | INFO     | Pendulum.PendulumAPP:_processSerialData:121 - 🔄 数据来源: 串口接收 -> PendulumState.physical_length
2025-09-02 13:48:34.078 | INFO     | Pendulum.SerialConncet:_run:176 - [接收] L17.021849
2025-09-02 13:48:34.089 | INFO     | Pendulum.PendulumAPP:_processSerialData:120 - 📏 串口长度数据已更新: L17.021849 -> physical_length=17.021849
2025-09-02 13:48:34.090 | INFO     | Pendulum.PendulumAPP:_processSerialData:121 - 🔄 数据来源: 串口接收 -> PendulumState.physical_length
2025-09-02 13:48:34.099 | INFO     | Pendulum.SerialConncet:_run:176 - [接收] L17.047371
2025-09-02 13:48:34.121 | INFO     | Pendulum.SerialConncet:_run:176 - [接收] L17.072893
2025-09-02 13:48:34.140 | INFO     | Pendulum.PendulumAPP:_keyEventWeb:249 - stop
2025-09-02 13:48:34.142 | INFO     | Pendulum.SerialConncet:send:199 - sendm0
2025-09-02 13:48:34.142 | INFO     | Pendulum.SerialConncet:send:201 - [发送] m0
2025-09-02 13:48:34.143 | INFO     | Pendulum.SerialConncet:_run:176 - [接收] L17.098413
2025-09-02 13:48:34.144 | INFO     | Pendulum.PendulumAPP:_processSerialData:120 - 📏 串口长度数据已更新: L17.072893 -> physical_length=17.072893
2025-09-02 13:48:34.144 | INFO     | Pendulum.PendulumAPP:_processSerialData:121 - 🔄 数据来源: 串口接收 -> PendulumState.physical_length
2025-09-02 13:48:34.162 | INFO     | Pendulum.SerialConncet:_run:176 - [接收] L17.123934
2025-09-02 13:48:34.164 | INFO     | Pendulum.PendulumAPP:_processSerialData:120 - 📏 串口长度数据已更新: L17.123934 -> physical_length=17.123934
2025-09-02 13:48:34.164 | INFO     | Pendulum.PendulumAPP:_processSerialData:121 - 🔄 数据来源: 串口接收 -> PendulumState.physical_length
2025-09-02 13:48:34.224 | INFO     | Pendulum.PendulumAPP:_processSerialData:120 - 📏 串口长度数据已更新: L17.123934 -> physical_length=17.123934
2025-09-02 13:48:34.227 | INFO     | Pendulum.PendulumAPP:_processSerialData:121 - 🔄 数据来源: 串口接收 -> PendulumState.physical_length
2025-09-02 13:48:34.246 | INFO     | Pendulum.PendulumAPP:_processSerialData:120 - 📏 串口长度数据已更新: L17.123934 -> physical_length=17.123934
2025-09-02 13:48:34.248 | INFO     | Pendulum.PendulumAPP:_processSerialData:121 - 🔄 数据来源: 串口接收 -> PendulumState.physical_length
2025-09-02 13:48:34.299 | INFO     | Pendulum.PendulumAPP:_processSerialData:120 - 📏 串口长度数据已更新: L17.123934 -> physical_length=17.123934
2025-09-02 13:48:34.300 | INFO     | Pendulum.PendulumAPP:_processSerialData:121 - 🔄 数据来源: 串口接收 -> PendulumState.physical_length
2025-09-02 13:48:34.322 | INFO     | Pendulum.PendulumAPP:_processSerialData:120 - 📏 串口长度数据已更新: L17.123934 -> physical_length=17.123934
2025-09-02 13:48:34.323 | INFO     | Pendulum.PendulumAPP:_processSerialData:121 - 🔄 数据来源: 串口接收 -> PendulumState.physical_length
2025-09-02 13:48:34.378 | INFO     | Pendulum.PendulumAPP:_processSerialData:120 - 📏 串口长度数据已更新: L17.123934 -> physical_length=17.123934
2025-09-02 13:48:34.378 | INFO     | Pendulum.PendulumAPP:_processSerialData:121 - 🔄 数据来源: 串口接收 -> PendulumState.physical_length
2025-09-02 13:48:34.402 | INFO     | Pendulum.PendulumAPP:_processSerialData:120 - 📏 串口长度数据已更新: L17.123934 -> physical_length=17.123934
2025-09-02 13:48:34.402 | INFO     | Pendulum.PendulumAPP:_processSerialData:121 - 🔄 数据来源: 串口接收 -> PendulumState.physical_length
2025-09-02 13:48:34.458 | INFO     | Pendulum.PendulumAPP:_processSerialData:120 - 📏 串口长度数据已更新: L17.123934 -> physical_length=17.123934
2025-09-02 13:48:34.460 | INFO     | Pendulum.PendulumAPP:_processSerialData:121 - 🔄 数据来源: 串口接收 -> PendulumState.physical_length
2025-09-02 13:48:34.482 | INFO     | Pendulum.PendulumAPP:_processSerialData:120 - 📏 串口长度数据已更新: L17.123934 -> physical_length=17.123934
2025-09-02 13:48:34.483 | INFO     | Pendulum.PendulumAPP:_processSerialData:121 - 🔄 数据来源: 串口接收 -> PendulumState.physical_length
2025-09-02 13:48:34.533 | INFO     | Pendulum.PendulumAPP:_processSerialData:120 - 📏 串口长度数据已更新: L17.123934 -> physical_length=17.123934
2025-09-02 13:48:34.534 | INFO     | Pendulum.PendulumAPP:_processSerialData:121 - 🔄 数据来源: 串口接收 -> PendulumState.physical_length
2025-09-02 13:48:34.558 | INFO     | Pendulum.PendulumAPP:_processSerialData:120 - 📏 串口长度数据已更新: L17.123934 -> physical_length=17.123934
2025-09-02 13:48:34.559 | INFO     | Pendulum.PendulumAPP:_processSerialData:121 - 🔄 数据来源: 串口接收 -> PendulumState.physical_length
2025-09-02 13:48:34.614 | INFO     | Pendulum.PendulumAPP:_processSerialData:120 - 📏 串口长度数据已更新: L17.123934 -> physical_length=17.123934
2025-09-02 13:48:34.615 | INFO     | Pendulum.PendulumAPP:_processSerialData:121 - 🔄 数据来源: 串口接收 -> PendulumState.physical_length
2025-09-02 13:48:34.638 | INFO     | Pendulum.PendulumAPP:_processSerialData:120 - 📏 串口长度数据已更新: L17.123934 -> physical_length=17.123934
2025-09-02 13:48:34.639 | INFO     | Pendulum.PendulumAPP:_processSerialData:121 - 🔄 数据来源: 串口接收 -> PendulumState.physical_length
2025-09-02 13:48:34.700 | INFO     | Pendulum.PendulumAPP:_processSerialData:120 - 📏 串口长度数据已更新: L17.123934 -> physical_length=17.123934
2025-09-02 13:48:34.701 | INFO     | Pendulum.PendulumAPP:_processSerialData:121 - 🔄 数据来源: 串口接收 -> PendulumState.physical_length
2025-09-02 13:48:34.727 | INFO     | Pendulum.PendulumAPP:_processSerialData:120 - 📏 串口长度数据已更新: L17.123934 -> physical_length=17.123934
2025-09-02 13:48:34.729 | INFO     | Pendulum.PendulumAPP:_processSerialData:121 - 🔄 数据来源: 串口接收 -> PendulumState.physical_length
2025-09-02 13:48:34.777 | INFO     | Pendulum.PendulumAPP:_processSerialData:120 - 📏 串口长度数据已更新: L17.123934 -> physical_length=17.123934
2025-09-02 13:48:34.777 | INFO     | Pendulum.PendulumAPP:_processSerialData:121 - 🔄 数据来源: 串口接收 -> PendulumState.physical_length
2025-09-02 13:48:34.802 | INFO     | Pendulum.PendulumAPP:_processSerialData:120 - 📏 串口长度数据已更新: L17.123934 -> physical_length=17.123934
2025-09-02 13:48:34.802 | INFO     | Pendulum.PendulumAPP:_processSerialData:121 - 🔄 数据来源: 串口接收 -> PendulumState.physical_length
2025-09-02 13:48:34.859 | INFO     | Pendulum.PendulumAPP:_processSerialData:120 - 📏 串口长度数据已更新: L17.123934 -> physical_length=17.123934
2025-09-02 13:48:34.860 | INFO     | Pendulum.PendulumAPP:_processSerialData:121 - 🔄 数据来源: 串口接收 -> PendulumState.physical_length
2025-09-02 13:48:34.883 | INFO     | Pendulum.PendulumAPP:_processSerialData:120 - 📏 串口长度数据已更新: L17.123934 -> physical_length=17.123934
2025-09-02 13:48:34.883 | INFO     | Pendulum.PendulumAPP:_processSerialData:121 - 🔄 数据来源: 串口接收 -> PendulumState.physical_length
2025-09-02 13:48:34.940 | INFO     | Pendulum.PendulumAPP:_processSerialData:120 - 📏 串口长度数据已更新: L17.123934 -> physical_length=17.123934
2025-09-02 13:48:34.940 | INFO     | Pendulum.PendulumAPP:_processSerialData:121 - 🔄 数据来源: 串口接收 -> PendulumState.physical_length
2025-09-02 13:48:34.960 | INFO     | Pendulum.PendulumAPP:_processSerialData:120 - 📏 串口长度数据已更新: L17.123934 -> physical_length=17.123934
2025-09-02 13:48:34.961 | INFO     | Pendulum.PendulumAPP:_processSerialData:121 - 🔄 数据来源: 串口接收 -> PendulumState.physical_length
2025-09-02 13:48:35.019 | INFO     | Pendulum.PendulumAPP:_processSerialData:120 - 📏 串口长度数据已更新: L17.123934 -> physical_length=17.123934
2025-09-02 13:48:35.022 | INFO     | Pendulum.PendulumAPP:_processSerialData:121 - 🔄 数据来源: 串口接收 -> PendulumState.physical_length
2025-09-02 13:48:35.041 | INFO     | Pendulum.PendulumAPP:_processSerialData:120 - 📏 串口长度数据已更新: L17.123934 -> physical_length=17.123934
2025-09-02 13:48:35.043 | INFO     | Pendulum.PendulumAPP:_processSerialData:121 - 🔄 数据来源: 串口接收 -> PendulumState.physical_length
2025-09-02 13:48:35.095 | INFO     | Pendulum.PendulumAPP:_keyEventWeb:246 - ↓
2025-09-02 13:48:35.095 | INFO     | Pendulum.SerialConncet:send:199 - sendm1
2025-09-02 13:48:35.097 | INFO     | Pendulum.SerialConncet:send:201 - [发送] m1
2025-09-02 13:48:35.100 | INFO     | Pendulum.PendulumAPP:_processSerialData:120 - 📏 串口长度数据已更新: L17.123934 -> physical_length=17.123934
2025-09-02 13:48:35.101 | INFO     | Pendulum.PendulumAPP:_processSerialData:121 - 🔄 数据来源: 串口接收 -> PendulumState.physical_length
2025-09-02 13:48:35.119 | INFO     | Pendulum.SerialConncet:_run:176 - [接收] L17.149456
2025-09-02 13:48:35.124 | INFO     | Pendulum.PendulumAPP:_processSerialData:120 - 📏 串口长度数据已更新: L17.149456 -> physical_length=17.149456
2025-09-02 13:48:35.124 | INFO     | Pendulum.PendulumAPP:_processSerialData:121 - 🔄 数据来源: 串口接收 -> PendulumState.physical_length
2025-09-02 13:48:35.140 | INFO     | Pendulum.SerialConncet:_run:176 - [接收] L17.174976
2025-09-02 13:48:35.161 | INFO     | Pendulum.SerialConncet:_run:176 - [接收] L17.200497
2025-09-02 13:48:35.181 | INFO     | Pendulum.PendulumAPP:_processSerialData:120 - 📏 串口长度数据已更新: L17.200497 -> physical_length=17.200497
2025-09-02 13:48:35.183 | INFO     | Pendulum.PendulumAPP:_processSerialData:121 - 🔄 数据来源: 串口接收 -> PendulumState.physical_length
2025-09-02 13:48:35.184 | INFO     | Pendulum.SerialConncet:_run:176 - [接收] L17.226019
2025-09-02 13:48:35.203 | INFO     | Pendulum.SerialConncet:_run:176 - [接收] L17.251539
2025-09-02 13:48:35.208 | INFO     | Pendulum.PendulumAPP:_processSerialData:120 - 📏 串口长度数据已更新: L17.251539 -> physical_length=17.251539
2025-09-02 13:48:35.208 | INFO     | Pendulum.PendulumAPP:_processSerialData:121 - 🔄 数据来源: 串口接收 -> PendulumState.physical_length
2025-09-02 13:48:35.224 | INFO     | Pendulum.SerialConncet:_run:176 - [接收] L17.277061
2025-09-02 13:48:35.245 | INFO     | Pendulum.SerialConncet:_run:176 - [接收] L17.302580
2025-09-02 13:48:35.260 | INFO     | Pendulum.PendulumAPP:_processSerialData:120 - 📏 串口长度数据已更新: L17.302580 -> physical_length=17.302580
2025-09-02 13:48:35.263 | INFO     | Pendulum.PendulumAPP:_processSerialData:121 - 🔄 数据来源: 串口接收 -> PendulumState.physical_length
2025-09-02 13:48:35.271 | INFO     | Pendulum.SerialConncet:_run:176 - [接收] L17.328102
2025-09-02 13:48:35.287 | INFO     | Pendulum.SerialConncet:_run:176 - [接收] L17.353624
2025-09-02 13:48:35.288 | INFO     | Pendulum.PendulumAPP:_processSerialData:120 - 📏 串口长度数据已更新: L17.353624 -> physical_length=17.353624
2025-09-02 13:48:35.288 | INFO     | Pendulum.PendulumAPP:_processSerialData:121 - 🔄 数据来源: 串口接收 -> PendulumState.physical_length
2025-09-02 13:48:35.307 | INFO     | Pendulum.SerialConncet:_run:176 - [接收] L17.379145
2025-09-02 13:48:35.329 | INFO     | Pendulum.SerialConncet:_run:176 - [接收] L17.404665
2025-09-02 13:48:35.340 | INFO     | Pendulum.PendulumAPP:_processSerialData:120 - 📏 串口长度数据已更新: L17.404665 -> physical_length=17.404665
2025-09-02 13:48:35.343 | INFO     | Pendulum.PendulumAPP:_processSerialData:121 - 🔄 数据来源: 串口接收 -> PendulumState.physical_length
2025-09-02 13:48:35.350 | INFO     | Pendulum.SerialConncet:_run:176 - [接收] L17.430185
2025-09-02 13:48:35.372 | INFO     | Pendulum.SerialConncet:_run:176 - [接收] L17.455708
2025-09-02 13:48:35.374 | INFO     | Pendulum.PendulumAPP:_processSerialData:120 - 📏 串口长度数据已更新: L17.455708 -> physical_length=17.455708
2025-09-02 13:48:35.374 | INFO     | Pendulum.PendulumAPP:_processSerialData:121 - 🔄 数据来源: 串口接收 -> PendulumState.physical_length
2025-09-02 13:48:35.391 | INFO     | Pendulum.SerialConncet:_run:176 - [接收] L17.481228
2025-09-02 13:48:35.412 | INFO     | Pendulum.SerialConncet:_run:176 - [接收] L17.506748
2025-09-02 13:48:35.424 | INFO     | Pendulum.PendulumAPP:_processSerialData:120 - 📏 串口长度数据已更新: L17.506748 -> physical_length=17.506748
2025-09-02 13:48:35.425 | INFO     | Pendulum.PendulumAPP:_processSerialData:121 - 🔄 数据来源: 串口接收 -> PendulumState.physical_length
2025-09-02 13:48:35.433 | INFO     | Pendulum.SerialConncet:_run:176 - [接收] L17.532270
2025-09-02 13:48:35.449 | INFO     | Pendulum.PendulumAPP:_processSerialData:120 - 📏 串口长度数据已更新: L17.532270 -> physical_length=17.532270
2025-09-02 13:48:35.451 | INFO     | Pendulum.PendulumAPP:_processSerialData:121 - 🔄 数据来源: 串口接收 -> PendulumState.physical_length
2025-09-02 13:48:35.456 | INFO     | Pendulum.SerialConncet:_run:176 - [接收] L17.557793
2025-09-02 13:48:35.477 | INFO     | Pendulum.SerialConncet:_run:176 - [接收] L17.583311
2025-09-02 13:48:35.495 | INFO     | Pendulum.SerialConncet:_run:176 - [接收] L17.608833
2025-09-02 13:48:35.503 | INFO     | Pendulum.PendulumAPP:_keyEventWeb:249 - stop
2025-09-02 13:48:35.504 | INFO     | Pendulum.SerialConncet:send:199 - sendm0
2025-09-02 13:48:35.504 | INFO     | Pendulum.SerialConncet:send:201 - [发送] m0
2025-09-02 13:48:35.507 | INFO     | Pendulum.PendulumAPP:_processSerialData:120 - 📏 串口长度数据已更新: L17.608833 -> physical_length=17.608833
2025-09-02 13:48:35.507 | INFO     | Pendulum.PendulumAPP:_processSerialData:121 - 🔄 数据来源: 串口接收 -> PendulumState.physical_length
2025-09-02 13:48:35.518 | INFO     | Pendulum.SerialConncet:_run:176 - [接收] L17.634356
2025-09-02 13:48:35.527 | INFO     | Pendulum.PendulumAPP:_processSerialData:120 - 📏 串口长度数据已更新: L17.634356 -> physical_length=17.634356
2025-09-02 13:48:35.527 | INFO     | Pendulum.PendulumAPP:_processSerialData:121 - 🔄 数据来源: 串口接收 -> PendulumState.physical_length
2025-09-02 13:48:35.583 | INFO     | Pendulum.PendulumAPP:_processSerialData:120 - 📏 串口长度数据已更新: L17.634356 -> physical_length=17.634356
2025-09-02 13:48:35.583 | INFO     | Pendulum.PendulumAPP:_processSerialData:121 - 🔄 数据来源: 串口接收 -> PendulumState.physical_length
2025-09-02 13:48:35.605 | INFO     | Pendulum.PendulumAPP:_processSerialData:120 - 📏 串口长度数据已更新: L17.634356 -> physical_length=17.634356
2025-09-02 13:48:35.606 | INFO     | Pendulum.PendulumAPP:_processSerialData:121 - 🔄 数据来源: 串口接收 -> PendulumState.physical_length
2025-09-02 13:48:35.661 | INFO     | Pendulum.PendulumAPP:_processSerialData:120 - 📏 串口长度数据已更新: L17.634356 -> physical_length=17.634356
2025-09-02 13:48:35.662 | INFO     | Pendulum.PendulumAPP:_processSerialData:121 - 🔄 数据来源: 串口接收 -> PendulumState.physical_length
2025-09-02 13:48:35.688 | INFO     | Pendulum.PendulumAPP:_processSerialData:120 - 📏 串口长度数据已更新: L17.634356 -> physical_length=17.634356
2025-09-02 13:48:35.688 | INFO     | Pendulum.PendulumAPP:_processSerialData:121 - 🔄 数据来源: 串口接收 -> PendulumState.physical_length
2025-09-02 13:48:35.738 | INFO     | Pendulum.PendulumAPP:_processSerialData:120 - 📏 串口长度数据已更新: L17.634356 -> physical_length=17.634356
2025-09-02 13:48:35.740 | INFO     | Pendulum.PendulumAPP:_processSerialData:121 - 🔄 数据来源: 串口接收 -> PendulumState.physical_length
2025-09-02 13:48:35.762 | INFO     | Pendulum.PendulumAPP:_processSerialData:120 - 📏 串口长度数据已更新: L17.634356 -> physical_length=17.634356
2025-09-02 13:48:35.763 | INFO     | Pendulum.PendulumAPP:_processSerialData:121 - 🔄 数据来源: 串口接收 -> PendulumState.physical_length
2025-09-02 13:48:35.821 | INFO     | Pendulum.PendulumAPP:_processSerialData:120 - 📏 串口长度数据已更新: L17.634356 -> physical_length=17.634356
2025-09-02 13:48:35.822 | INFO     | Pendulum.PendulumAPP:_processSerialData:121 - 🔄 数据来源: 串口接收 -> PendulumState.physical_length
2025-09-02 13:48:35.844 | INFO     | Pendulum.PendulumAPP:_processSerialData:120 - 📏 串口长度数据已更新: L17.634356 -> physical_length=17.634356
2025-09-02 13:48:35.844 | INFO     | Pendulum.PendulumAPP:_processSerialData:121 - 🔄 数据来源: 串口接收 -> PendulumState.physical_length
2025-09-02 13:48:35.901 | INFO     | Pendulum.PendulumAPP:_processSerialData:120 - 📏 串口长度数据已更新: L17.634356 -> physical_length=17.634356
2025-09-02 13:48:35.903 | INFO     | Pendulum.PendulumAPP:_processSerialData:121 - 🔄 数据来源: 串口接收 -> PendulumState.physical_length
2025-09-02 13:48:35.925 | INFO     | Pendulum.PendulumAPP:_processSerialData:120 - 📏 串口长度数据已更新: L17.634356 -> physical_length=17.634356
2025-09-02 13:48:35.926 | INFO     | Pendulum.PendulumAPP:_processSerialData:121 - 🔄 数据来源: 串口接收 -> PendulumState.physical_length
2025-09-02 13:48:35.982 | INFO     | Pendulum.PendulumAPP:_processSerialData:120 - 📏 串口长度数据已更新: L17.634356 -> physical_length=17.634356
2025-09-02 13:48:35.982 | INFO     | Pendulum.PendulumAPP:_processSerialData:121 - 🔄 数据来源: 串口接收 -> PendulumState.physical_length
2025-09-02 13:48:36.006 | INFO     | Pendulum.PendulumAPP:_processSerialData:120 - 📏 串口长度数据已更新: L17.634356 -> physical_length=17.634356
2025-09-02 13:48:36.007 | INFO     | Pendulum.PendulumAPP:_processSerialData:121 - 🔄 数据来源: 串口接收 -> PendulumState.physical_length
2025-09-02 13:48:36.058 | INFO     | Pendulum.PendulumAPP:_processSerialData:120 - 📏 串口长度数据已更新: L17.634356 -> physical_length=17.634356
2025-09-02 13:48:36.061 | INFO     | Pendulum.PendulumAPP:_processSerialData:121 - 🔄 数据来源: 串口接收 -> PendulumState.physical_length
2025-09-02 13:48:36.082 | INFO     | Pendulum.PendulumAPP:_processSerialData:120 - 📏 串口长度数据已更新: L17.634356 -> physical_length=17.634356
2025-09-02 13:48:36.082 | INFO     | Pendulum.PendulumAPP:_processSerialData:121 - 🔄 数据来源: 串口接收 -> PendulumState.physical_length
2025-09-02 13:48:36.147 | INFO     | Pendulum.PendulumAPP:_processSerialData:120 - 📏 串口长度数据已更新: L17.634356 -> physical_length=17.634356
2025-09-02 13:48:36.147 | INFO     | Pendulum.PendulumAPP:_processSerialData:121 - 🔄 数据来源: 串口接收 -> PendulumState.physical_length
2025-09-02 13:48:36.169 | INFO     | Pendulum.PendulumAPP:_processSerialData:120 - 📏 串口长度数据已更新: L17.634356 -> physical_length=17.634356
2025-09-02 13:48:36.172 | INFO     | Pendulum.PendulumAPP:_processSerialData:121 - 🔄 数据来源: 串口接收 -> PendulumState.physical_length
2025-09-02 13:48:36.220 | INFO     | Pendulum.PendulumAPP:_processSerialData:120 - 📏 串口长度数据已更新: L17.634356 -> physical_length=17.634356
2025-09-02 13:48:36.222 | INFO     | Pendulum.PendulumAPP:_processSerialData:121 - 🔄 数据来源: 串口接收 -> PendulumState.physical_length
2025-09-02 13:48:36.246 | INFO     | Pendulum.PendulumAPP:_processSerialData:120 - 📏 串口长度数据已更新: L17.634356 -> physical_length=17.634356
2025-09-02 13:48:36.246 | INFO     | Pendulum.PendulumAPP:_processSerialData:121 - 🔄 数据来源: 串口接收 -> PendulumState.physical_length
2025-09-02 13:48:36.298 | INFO     | Pendulum.PendulumAPP:_processSerialData:120 - 📏 串口长度数据已更新: L17.634356 -> physical_length=17.634356
2025-09-02 13:48:36.299 | INFO     | Pendulum.PendulumAPP:_processSerialData:121 - 🔄 数据来源: 串口接收 -> PendulumState.physical_length
2025-09-02 13:48:36.323 | INFO     | Pendulum.PendulumAPP:_processSerialData:120 - 📏 串口长度数据已更新: L17.634356 -> physical_length=17.634356
2025-09-02 13:48:36.324 | INFO     | Pendulum.PendulumAPP:_processSerialData:121 - 🔄 数据来源: 串口接收 -> PendulumState.physical_length
2025-09-02 13:48:36.379 | INFO     | Pendulum.PendulumAPP:_processSerialData:120 - 📏 串口长度数据已更新: L17.634356 -> physical_length=17.634356
2025-09-02 13:48:36.380 | INFO     | Pendulum.PendulumAPP:_processSerialData:121 - 🔄 数据来源: 串口接收 -> PendulumState.physical_length
2025-09-02 13:48:36.404 | INFO     | Pendulum.PendulumAPP:_processSerialData:120 - 📏 串口长度数据已更新: L17.634356 -> physical_length=17.634356
2025-09-02 13:48:36.405 | INFO     | Pendulum.PendulumAPP:_processSerialData:121 - 🔄 数据来源: 串口接收 -> PendulumState.physical_length
2025-09-02 13:48:36.468 | INFO     | Pendulum.PendulumAPP:_processSerialData:120 - 📏 串口长度数据已更新: L17.634356 -> physical_length=17.634356
2025-09-02 13:48:36.468 | INFO     | Pendulum.PendulumAPP:_processSerialData:121 - 🔄 数据来源: 串口接收 -> PendulumState.physical_length
2025-09-02 13:48:36.495 | INFO     | Pendulum.PendulumAPP:_processSerialData:120 - 📏 串口长度数据已更新: L17.634356 -> physical_length=17.634356
2025-09-02 13:48:36.496 | INFO     | Pendulum.PendulumAPP:_processSerialData:121 - 🔄 数据来源: 串口接收 -> PendulumState.physical_length
2025-09-02 13:48:36.540 | INFO     | Pendulum.PendulumAPP:_processSerialData:120 - 📏 串口长度数据已更新: L17.634356 -> physical_length=17.634356
2025-09-02 13:48:36.541 | INFO     | Pendulum.PendulumAPP:_processSerialData:121 - 🔄 数据来源: 串口接收 -> PendulumState.physical_length
2025-09-02 13:48:36.568 | INFO     | Pendulum.PendulumAPP:_processSerialData:120 - 📏 串口长度数据已更新: L17.634356 -> physical_length=17.634356
2025-09-02 13:48:36.569 | INFO     | Pendulum.PendulumAPP:_processSerialData:121 - 🔄 数据来源: 串口接收 -> PendulumState.physical_length
2025-09-02 13:48:36.622 | INFO     | Pendulum.PendulumAPP:_processSerialData:120 - 📏 串口长度数据已更新: L17.634356 -> physical_length=17.634356
2025-09-02 13:48:36.624 | INFO     | Pendulum.PendulumAPP:_processSerialData:121 - 🔄 数据来源: 串口接收 -> PendulumState.physical_length
2025-09-02 13:48:36.646 | INFO     | Pendulum.PendulumAPP:_processSerialData:120 - 📏 串口长度数据已更新: L17.634356 -> physical_length=17.634356
2025-09-02 13:48:36.647 | INFO     | Pendulum.PendulumAPP:_processSerialData:121 - 🔄 数据来源: 串口接收 -> PendulumState.physical_length
2025-09-02 13:48:36.705 | INFO     | Pendulum.PendulumAPP:_processSerialData:120 - 📏 串口长度数据已更新: L17.634356 -> physical_length=17.634356
2025-09-02 13:48:36.706 | INFO     | Pendulum.PendulumAPP:_processSerialData:121 - 🔄 数据来源: 串口接收 -> PendulumState.physical_length
2025-09-02 13:48:36.730 | INFO     | Pendulum.PendulumAPP:_processSerialData:120 - 📏 串口长度数据已更新: L17.634356 -> physical_length=17.634356
2025-09-02 13:48:36.730 | INFO     | Pendulum.PendulumAPP:_processSerialData:121 - 🔄 数据来源: 串口接收 -> PendulumState.physical_length
2025-09-02 13:48:36.778 | INFO     | Pendulum.PendulumAPP:_processSerialData:120 - 📏 串口长度数据已更新: L17.634356 -> physical_length=17.634356
2025-09-02 13:48:36.780 | INFO     | Pendulum.PendulumAPP:_processSerialData:121 - 🔄 数据来源: 串口接收 -> PendulumState.physical_length
2025-09-02 13:48:36.803 | INFO     | Pendulum.PendulumAPP:_processSerialData:120 - 📏 串口长度数据已更新: L17.634356 -> physical_length=17.634356
2025-09-02 13:48:36.804 | INFO     | Pendulum.PendulumAPP:_processSerialData:121 - 🔄 数据来源: 串口接收 -> PendulumState.physical_length
2025-09-02 13:48:36.856 | INFO     | Pendulum.PendulumAPP:_processSerialData:120 - 📏 串口长度数据已更新: L17.634356 -> physical_length=17.634356
2025-09-02 13:48:36.856 | INFO     | Pendulum.PendulumAPP:_processSerialData:121 - 🔄 数据来源: 串口接收 -> PendulumState.physical_length
2025-09-02 13:48:36.876 | INFO     | Pendulum.PendulumAPP:_processSerialData:120 - 📏 串口长度数据已更新: L17.634356 -> physical_length=17.634356
2025-09-02 13:48:36.878 | INFO     | Pendulum.PendulumAPP:_processSerialData:121 - 🔄 数据来源: 串口接收 -> PendulumState.physical_length
2025-09-02 13:48:36.944 | INFO     | Pendulum.PendulumAPP:_processSerialData:120 - 📏 串口长度数据已更新: L17.634356 -> physical_length=17.634356
2025-09-02 13:48:36.945 | INFO     | Pendulum.PendulumAPP:_processSerialData:121 - 🔄 数据来源: 串口接收 -> PendulumState.physical_length
2025-09-02 13:48:36.968 | INFO     | Pendulum.PendulumAPP:_processSerialData:120 - 📏 串口长度数据已更新: L17.634356 -> physical_length=17.634356
2025-09-02 13:48:36.970 | INFO     | Pendulum.PendulumAPP:_processSerialData:121 - 🔄 数据来源: 串口接收 -> PendulumState.physical_length
2025-09-02 13:48:37.024 | INFO     | Pendulum.PendulumAPP:_processSerialData:120 - 📏 串口长度数据已更新: L17.634356 -> physical_length=17.634356
2025-09-02 13:48:37.025 | INFO     | Pendulum.PendulumAPP:_processSerialData:121 - 🔄 数据来源: 串口接收 -> PendulumState.physical_length
2025-09-02 13:48:37.050 | INFO     | Pendulum.PendulumAPP:_processSerialData:120 - 📏 串口长度数据已更新: L17.634356 -> physical_length=17.634356
2025-09-02 13:48:37.050 | INFO     | Pendulum.PendulumAPP:_processSerialData:121 - 🔄 数据来源: 串口接收 -> PendulumState.physical_length
2025-09-02 13:48:37.104 | INFO     | Pendulum.PendulumAPP:_processSerialData:120 - 📏 串口长度数据已更新: L17.634356 -> physical_length=17.634356
2025-09-02 13:48:37.105 | INFO     | Pendulum.PendulumAPP:_processSerialData:121 - 🔄 数据来源: 串口接收 -> PendulumState.physical_length
2025-09-02 13:48:37.128 | INFO     | Pendulum.PendulumAPP:_processSerialData:120 - 📏 串口长度数据已更新: L17.634356 -> physical_length=17.634356
2025-09-02 13:48:37.129 | INFO     | Pendulum.PendulumAPP:_processSerialData:121 - 🔄 数据来源: 串口接收 -> PendulumState.physical_length
2025-09-02 13:48:37.180 | INFO     | Pendulum.PendulumAPP:_processSerialData:120 - 📏 串口长度数据已更新: L17.634356 -> physical_length=17.634356
2025-09-02 13:48:37.181 | INFO     | Pendulum.PendulumAPP:_processSerialData:121 - 🔄 数据来源: 串口接收 -> PendulumState.physical_length
2025-09-02 13:48:37.202 | INFO     | Pendulum.PendulumAPP:_processSerialData:120 - 📏 串口长度数据已更新: L17.634356 -> physical_length=17.634356
2025-09-02 13:48:37.202 | INFO     | Pendulum.PendulumAPP:_processSerialData:121 - 🔄 数据来源: 串口接收 -> PendulumState.physical_length
2025-09-02 13:48:37.257 | INFO     | Pendulum.PendulumAPP:_processSerialData:120 - 📏 串口长度数据已更新: L17.634356 -> physical_length=17.634356
2025-09-02 13:48:37.257 | INFO     | Pendulum.PendulumAPP:_processSerialData:121 - 🔄 数据来源: 串口接收 -> PendulumState.physical_length
2025-09-02 13:48:37.285 | INFO     | Pendulum.PendulumAPP:_processSerialData:120 - 📏 串口长度数据已更新: L17.634356 -> physical_length=17.634356
2025-09-02 13:48:37.285 | INFO     | Pendulum.PendulumAPP:_processSerialData:121 - 🔄 数据来源: 串口接收 -> PendulumState.physical_length
2025-09-02 13:48:37.336 | INFO     | Pendulum.PendulumAPP:_processSerialData:120 - 📏 串口长度数据已更新: L17.634356 -> physical_length=17.634356
2025-09-02 13:48:37.337 | INFO     | Pendulum.PendulumAPP:_processSerialData:121 - 🔄 数据来源: 串口接收 -> PendulumState.physical_length
2025-09-02 13:48:37.361 | INFO     | Pendulum.PendulumAPP:_processSerialData:120 - 📏 串口长度数据已更新: L17.634356 -> physical_length=17.634356
2025-09-02 13:48:37.361 | INFO     | Pendulum.PendulumAPP:_processSerialData:121 - 🔄 数据来源: 串口接收 -> PendulumState.physical_length
2025-09-02 13:48:37.424 | INFO     | Pendulum.PendulumAPP:_processSerialData:120 - 📏 串口长度数据已更新: L17.634356 -> physical_length=17.634356
2025-09-02 13:48:37.426 | INFO     | Pendulum.PendulumAPP:_processSerialData:121 - 🔄 数据来源: 串口接收 -> PendulumState.physical_length
2025-09-02 13:48:37.450 | INFO     | Pendulum.PendulumAPP:_processSerialData:120 - 📏 串口长度数据已更新: L17.634356 -> physical_length=17.634356
2025-09-02 13:48:37.451 | INFO     | Pendulum.PendulumAPP:_processSerialData:121 - 🔄 数据来源: 串口接收 -> PendulumState.physical_length
2025-09-02 13:48:37.505 | INFO     | Pendulum.PendulumAPP:_processSerialData:120 - 📏 串口长度数据已更新: L17.634356 -> physical_length=17.634356
2025-09-02 13:48:37.506 | INFO     | Pendulum.PendulumAPP:_processSerialData:121 - 🔄 数据来源: 串口接收 -> PendulumState.physical_length
2025-09-02 13:48:37.527 | INFO     | Pendulum.PendulumAPP:_processSerialData:120 - 📏 串口长度数据已更新: L17.634356 -> physical_length=17.634356
2025-09-02 13:48:37.528 | INFO     | Pendulum.PendulumAPP:_processSerialData:121 - 🔄 数据来源: 串口接收 -> PendulumState.physical_length
2025-09-02 13:48:37.584 | INFO     | Pendulum.PendulumAPP:_keyEventWeb:246 - ↓
2025-09-02 13:48:37.585 | INFO     | Pendulum.SerialConncet:send:199 - sendm1
2025-09-02 13:48:37.586 | INFO     | Pendulum.SerialConncet:send:201 - [发送] m1
2025-09-02 13:48:37.588 | INFO     | Pendulum.PendulumAPP:_processSerialData:120 - 📏 串口长度数据已更新: L17.634356 -> physical_length=17.634356
2025-09-02 13:48:37.588 | INFO     | Pendulum.PendulumAPP:_processSerialData:121 - 🔄 数据来源: 串口接收 -> PendulumState.physical_length
2025-09-02 13:48:37.607 | INFO     | Pendulum.SerialConncet:_run:176 - [接收] L17.659876
2025-09-02 13:48:37.608 | INFO     | Pendulum.PendulumAPP:_processSerialData:120 - 📏 串口长度数据已更新: L17.634356 -> physical_length=17.634356
2025-09-02 13:48:37.610 | INFO     | Pendulum.PendulumAPP:_processSerialData:121 - 🔄 数据来源: 串口接收 -> PendulumState.physical_length
2025-09-02 13:48:37.628 | INFO     | Pendulum.SerialConncet:_run:176 - [接收] L17.685396
2025-09-02 13:48:37.650 | INFO     | Pendulum.SerialConncet:_run:176 - [接收] L17.710917
2025-09-02 13:48:37.662 | INFO     | Pendulum.PendulumAPP:_processSerialData:120 - 📏 串口长度数据已更新: L17.710917 -> physical_length=17.710917
2025-09-02 13:48:37.662 | INFO     | Pendulum.PendulumAPP:_processSerialData:121 - 🔄 数据来源: 串口接收 -> PendulumState.physical_length
2025-09-02 13:48:37.670 | INFO     | Pendulum.SerialConncet:_run:176 - [接收] L17.736439
2025-09-02 13:48:37.687 | INFO     | Pendulum.PendulumAPP:_processSerialData:120 - 📏 串口长度数据已更新: L17.736439 -> physical_length=17.736439
2025-09-02 13:48:37.687 | INFO     | Pendulum.PendulumAPP:_processSerialData:121 - 🔄 数据来源: 串口接收 -> PendulumState.physical_length
2025-09-02 13:48:37.692 | INFO     | Pendulum.SerialConncet:_run:176 - [接收] L17.761959
2025-09-02 13:48:37.712 | INFO     | Pendulum.SerialConncet:_run:176 - [接收] L17.787479
2025-09-02 13:48:37.734 | INFO     | Pendulum.SerialConncet:_run:176 - [接收] L17.813002
2025-09-02 13:48:37.739 | INFO     | Pendulum.PendulumAPP:_processSerialData:120 - 📏 串口长度数据已更新: L17.813002 -> physical_length=17.813002
2025-09-02 13:48:37.742 | INFO     | Pendulum.PendulumAPP:_processSerialData:121 - 🔄 数据来源: 串口接收 -> PendulumState.physical_length
2025-09-02 13:48:37.754 | INFO     | Pendulum.SerialConncet:_run:176 - [接收] L17.838522
2025-09-02 13:48:37.767 | INFO     | Pendulum.PendulumAPP:_processSerialData:120 - 📏 串口长度数据已更新: L17.838522 -> physical_length=17.838522
2025-09-02 13:48:37.768 | INFO     | Pendulum.PendulumAPP:_processSerialData:121 - 🔄 数据来源: 串口接收 -> PendulumState.physical_length
2025-09-02 13:48:37.775 | INFO     | Pendulum.SerialConncet:_run:176 - [接收] L17.864042
2025-09-02 13:48:37.796 | INFO     | Pendulum.SerialConncet:_run:176 - [接收] L17.889565
2025-09-02 13:48:37.816 | INFO     | Pendulum.SerialConncet:_run:176 - [接收] L17.915085
2025-09-02 13:48:37.817 | INFO     | Pendulum.PendulumAPP:_keyEventWeb:249 - stop
2025-09-02 13:48:37.818 | INFO     | Pendulum.SerialConncet:send:199 - sendm0
2025-09-02 13:48:37.820 | INFO     | Pendulum.SerialConncet:send:201 - [发送] m0
2025-09-02 13:48:37.823 | INFO     | Pendulum.PendulumAPP:_processSerialData:120 - 📏 串口长度数据已更新: L17.915085 -> physical_length=17.915085
2025-09-02 13:48:37.824 | INFO     | Pendulum.PendulumAPP:_processSerialData:121 - 🔄 数据来源: 串口接收 -> PendulumState.physical_length
2025-09-02 13:48:37.841 | INFO     | Pendulum.SerialConncet:_run:176 - [接收] L17.940607
2025-09-02 13:48:37.850 | INFO     | Pendulum.PendulumAPP:_processSerialData:120 - 📏 串口长度数据已更新: L17.940607 -> physical_length=17.940607
2025-09-02 13:48:37.851 | INFO     | Pendulum.PendulumAPP:_processSerialData:121 - 🔄 数据来源: 串口接收 -> PendulumState.physical_length
2025-09-02 13:48:37.900 | INFO     | Pendulum.PendulumAPP:_processSerialData:120 - 📏 串口长度数据已更新: L17.940607 -> physical_length=17.940607
2025-09-02 13:48:37.901 | INFO     | Pendulum.PendulumAPP:_processSerialData:121 - 🔄 数据来源: 串口接收 -> PendulumState.physical_length
2025-09-02 13:48:37.925 | INFO     | Pendulum.PendulumAPP:_processSerialData:120 - 📏 串口长度数据已更新: L17.940607 -> physical_length=17.940607
2025-09-02 13:48:37.925 | INFO     | Pendulum.PendulumAPP:_processSerialData:121 - 🔄 数据来源: 串口接收 -> PendulumState.physical_length
2025-09-02 13:48:37.975 | INFO     | Pendulum.PendulumAPP:_processSerialData:120 - 📏 串口长度数据已更新: L17.940607 -> physical_length=17.940607
2025-09-02 13:48:37.975 | INFO     | Pendulum.PendulumAPP:_processSerialData:121 - 🔄 数据来源: 串口接收 -> PendulumState.physical_length
2025-09-02 13:48:37.997 | INFO     | Pendulum.PendulumAPP:_processSerialData:120 - 📏 串口长度数据已更新: L17.940607 -> physical_length=17.940607
2025-09-02 13:48:37.999 | INFO     | Pendulum.PendulumAPP:_processSerialData:121 - 🔄 数据来源: 串口接收 -> PendulumState.physical_length
2025-09-02 13:48:38.059 | INFO     | Pendulum.PendulumAPP:_processSerialData:120 - 📏 串口长度数据已更新: L17.940607 -> physical_length=17.940607
2025-09-02 13:48:38.059 | INFO     | Pendulum.PendulumAPP:_processSerialData:121 - 🔄 数据来源: 串口接收 -> PendulumState.physical_length
2025-09-02 13:48:38.085 | INFO     | Pendulum.PendulumAPP:_processSerialData:120 - 📏 串口长度数据已更新: L17.940607 -> physical_length=17.940607
2025-09-02 13:48:38.086 | INFO     | Pendulum.PendulumAPP:_processSerialData:121 - 🔄 数据来源: 串口接收 -> PendulumState.physical_length
2025-09-02 13:48:38.137 | INFO     | Pendulum.PendulumAPP:_processSerialData:120 - 📏 串口长度数据已更新: L17.940607 -> physical_length=17.940607
2025-09-02 13:48:38.139 | INFO     | Pendulum.PendulumAPP:_processSerialData:121 - 🔄 数据来源: 串口接收 -> PendulumState.physical_length
2025-09-02 13:48:38.162 | INFO     | Pendulum.PendulumAPP:_processSerialData:120 - 📏 串口长度数据已更新: L17.940607 -> physical_length=17.940607
2025-09-02 13:48:38.162 | INFO     | Pendulum.PendulumAPP:_processSerialData:121 - 🔄 数据来源: 串口接收 -> PendulumState.physical_length
2025-09-02 13:48:38.218 | INFO     | Pendulum.PendulumAPP:_processSerialData:120 - 📏 串口长度数据已更新: L17.940607 -> physical_length=17.940607
2025-09-02 13:48:38.219 | INFO     | Pendulum.PendulumAPP:_processSerialData:121 - 🔄 数据来源: 串口接收 -> PendulumState.physical_length
2025-09-02 13:48:38.247 | INFO     | Pendulum.PendulumAPP:_processSerialData:120 - 📏 串口长度数据已更新: L17.940607 -> physical_length=17.940607
2025-09-02 13:48:38.250 | INFO     | Pendulum.PendulumAPP:_processSerialData:121 - 🔄 数据来源: 串口接收 -> PendulumState.physical_length
2025-09-02 13:48:38.293 | INFO     | Pendulum.PendulumAPP:_keyEventWeb:246 - ↓
2025-09-02 13:48:38.293 | INFO     | Pendulum.SerialConncet:send:199 - sendm1
2025-09-02 13:48:38.294 | INFO     | Pendulum.SerialConncet:send:201 - [发送] m1
2025-09-02 13:48:38.296 | INFO     | Pendulum.PendulumAPP:_processSerialData:120 - 📏 串口长度数据已更新: L17.940607 -> physical_length=17.940607
2025-09-02 13:48:38.296 | INFO     | Pendulum.PendulumAPP:_processSerialData:121 - 🔄 数据来源: 串口接收 -> PendulumState.physical_length
2025-09-02 13:48:38.316 | INFO     | Pendulum.PendulumAPP:_processSerialData:120 - 📏 串口长度数据已更新: L17.940607 -> physical_length=17.940607
2025-09-02 13:48:38.318 | INFO     | Pendulum.PendulumAPP:_processSerialData:121 - 🔄 数据来源: 串口接收 -> PendulumState.physical_length
2025-09-02 13:48:38.320 | INFO     | Pendulum.SerialConncet:_run:176 - [接收] L17.966127
2025-09-02 13:48:38.337 | INFO     | Pendulum.SerialConncet:_run:176 - [接收] L17.991648
2025-09-02 13:48:38.358 | INFO     | Pendulum.SerialConncet:_run:176 - [接收] L18.017170
2025-09-02 13:48:38.382 | INFO     | Pendulum.PendulumAPP:_processSerialData:120 - 📏 串口长度数据已更新: L18.017170 -> physical_length=18.017170
2025-09-02 13:48:38.384 | INFO     | Pendulum.PendulumAPP:_processSerialData:121 - 🔄 数据来源: 串口接收 -> PendulumState.physical_length
2025-09-02 13:48:38.386 | INFO     | Pendulum.SerialConncet:_run:176 - [接收] L18.042690
2025-09-02 13:48:38.403 | INFO     | Pendulum.SerialConncet:_run:176 - [接收] L18.068211
2025-09-02 13:48:38.411 | INFO     | Pendulum.PendulumAPP:_processSerialData:120 - 📏 串口长度数据已更新: L18.068211 -> physical_length=18.068211
2025-09-02 13:48:38.411 | INFO     | Pendulum.PendulumAPP:_processSerialData:121 - 🔄 数据来源: 串口接收 -> PendulumState.physical_length
2025-09-02 13:48:38.421 | INFO     | Pendulum.SerialConncet:_run:176 - [接收] L18.093733
2025-09-02 13:48:38.445 | INFO     | Pendulum.SerialConncet:_run:176 - [接收] L18.119253
2025-09-02 13:48:38.460 | INFO     | Pendulum.PendulumAPP:_processSerialData:120 - 📏 串口长度数据已更新: L18.119253 -> physical_length=18.119253
2025-09-02 13:48:38.460 | INFO     | Pendulum.PendulumAPP:_processSerialData:121 - 🔄 数据来源: 串口接收 -> PendulumState.physical_length
2025-09-02 13:48:38.463 | INFO     | Pendulum.SerialConncet:_run:176 - [接收] L18.144773
2025-09-02 13:48:38.479 | INFO     | Pendulum.PendulumAPP:_processSerialData:120 - 📏 串口长度数据已更新: L18.144773 -> physical_length=18.144773
2025-09-02 13:48:38.480 | INFO     | Pendulum.PendulumAPP:_processSerialData:121 - 🔄 数据来源: 串口接收 -> PendulumState.physical_length
2025-09-02 13:48:38.483 | INFO     | Pendulum.SerialConncet:_run:176 - [接收] L18.170296
2025-09-02 13:48:38.504 | INFO     | Pendulum.SerialConncet:_run:176 - [接收] L18.195816
2025-09-02 13:48:38.527 | INFO     | Pendulum.SerialConncet:_run:176 - [接收] L18.221338
2025-09-02 13:48:38.537 | INFO     | Pendulum.PendulumAPP:_keyEventWeb:249 - stop
2025-09-02 13:48:38.539 | INFO     | Pendulum.SerialConncet:send:199 - sendm0
2025-09-02 13:48:38.540 | INFO     | Pendulum.SerialConncet:send:201 - [发送] m0
2025-09-02 13:48:38.543 | INFO     | Pendulum.PendulumAPP:_processSerialData:120 - 📏 串口长度数据已更新: L18.221338 -> physical_length=18.221338
2025-09-02 13:48:38.543 | INFO     | Pendulum.PendulumAPP:_processSerialData:121 - 🔄 数据来源: 串口接收 -> PendulumState.physical_length
2025-09-02 13:48:38.548 | INFO     | Pendulum.SerialConncet:_run:176 - [接收] L18.246857
2025-09-02 13:48:38.568 | INFO     | Pendulum.PendulumAPP:_keyEventWeb:246 - ↓
2025-09-02 13:48:38.568 | INFO     | Pendulum.SerialConncet:send:199 - sendm1
2025-09-02 13:48:38.569 | INFO     | Pendulum.SerialConncet:send:201 - [发送] m1
2025-09-02 13:48:38.572 | INFO     | Pendulum.PendulumAPP:_processSerialData:120 - 📏 串口长度数据已更新: L18.246857 -> physical_length=18.246857
2025-09-02 13:48:38.573 | INFO     | Pendulum.PendulumAPP:_processSerialData:121 - 🔄 数据来源: 串口接收 -> PendulumState.physical_length
2025-09-02 13:48:38.619 | INFO     | Pendulum.SerialConncet:_run:176 - [接收] L18.272379
2025-09-02 13:48:38.626 | INFO     | Pendulum.PendulumAPP:_processSerialData:120 - 📏 串口长度数据已更新: L18.272379 -> physical_length=18.272379
2025-09-02 13:48:38.627 | INFO     | Pendulum.PendulumAPP:_processSerialData:121 - 🔄 数据来源: 串口接收 -> PendulumState.physical_length
2025-09-02 13:48:38.639 | INFO     | Pendulum.SerialConncet:_run:176 - [接收] L18.297901
2025-09-02 13:48:38.659 | INFO     | Pendulum.PendulumAPP:_processSerialData:120 - 📏 串口长度数据已更新: L18.297901 -> physical_length=18.297901
2025-09-02 13:48:38.659 | INFO     | Pendulum.PendulumAPP:_processSerialData:121 - 🔄 数据来源: 串口接收 -> PendulumState.physical_length
2025-09-02 13:48:38.664 | INFO     | Pendulum.SerialConncet:_run:176 - [接收] L18.323421
2025-09-02 13:48:38.681 | INFO     | Pendulum.SerialConncet:_run:176 - [接收] L18.348942
2025-09-02 13:48:38.702 | INFO     | Pendulum.SerialConncet:_run:176 - [接收] L18.374464
2025-09-02 13:48:38.707 | INFO     | Pendulum.PendulumAPP:_processSerialData:120 - 📏 串口长度数据已更新: L18.374464 -> physical_length=18.374464
2025-09-02 13:48:38.707 | INFO     | Pendulum.PendulumAPP:_processSerialData:121 - 🔄 数据来源: 串口接收 -> PendulumState.physical_length
2025-09-02 13:48:38.724 | INFO     | Pendulum.SerialConncet:_run:176 - [接收] L18.399984
2025-09-02 13:48:38.731 | INFO     | Pendulum.PendulumAPP:_keyEventWeb:249 - stop
2025-09-02 13:48:38.732 | INFO     | Pendulum.SerialConncet:send:199 - sendm0
2025-09-02 13:48:38.732 | INFO     | Pendulum.SerialConncet:send:201 - [发送] m0
2025-09-02 13:48:38.735 | INFO     | Pendulum.PendulumAPP:_processSerialData:120 - 📏 串口长度数据已更新: L18.399984 -> physical_length=18.399984
2025-09-02 13:48:38.735 | INFO     | Pendulum.PendulumAPP:_processSerialData:121 - 🔄 数据来源: 串口接收 -> PendulumState.physical_length
2025-09-02 13:48:38.743 | INFO     | Pendulum.SerialConncet:_run:176 - [接收] L18.425505
2025-09-02 13:48:38.775 | INFO     | Pendulum.PendulumAPP:_processSerialData:120 - 📏 串口长度数据已更新: L18.425505 -> physical_length=18.425505
2025-09-02 13:48:38.776 | INFO     | Pendulum.PendulumAPP:_processSerialData:121 - 🔄 数据来源: 串口接收 -> PendulumState.physical_length
2025-09-02 13:48:38.797 | INFO     | Pendulum.PendulumAPP:_processSerialData:120 - 📏 串口长度数据已更新: L18.425505 -> physical_length=18.425505
2025-09-02 13:48:38.798 | INFO     | Pendulum.PendulumAPP:_processSerialData:121 - 🔄 数据来源: 串口接收 -> PendulumState.physical_length
2025-09-02 13:48:38.857 | INFO     | Pendulum.PendulumAPP:_keyEventWeb:246 - ↓
2025-09-02 13:48:38.858 | INFO     | Pendulum.SerialConncet:send:199 - sendm1
2025-09-02 13:48:38.858 | INFO     | Pendulum.SerialConncet:send:201 - [发送] m1
2025-09-02 13:48:38.863 | INFO     | Pendulum.PendulumAPP:_processSerialData:120 - 📏 串口长度数据已更新: L18.425505 -> physical_length=18.425505
2025-09-02 13:48:38.866 | INFO     | Pendulum.PendulumAPP:_processSerialData:121 - 🔄 数据来源: 串口接收 -> PendulumState.physical_length
2025-09-02 13:48:38.882 | INFO     | Pendulum.SerialConncet:_run:176 - [接收] L18.451027
2025-09-02 13:48:38.887 | INFO     | Pendulum.PendulumAPP:_processSerialData:120 - 📏 串口长度数据已更新: L18.451027 -> physical_length=18.451027
2025-09-02 13:48:38.887 | INFO     | Pendulum.PendulumAPP:_processSerialData:121 - 🔄 数据来源: 串口接收 -> PendulumState.physical_length
2025-09-02 13:48:38.902 | INFO     | Pendulum.SerialConncet:_run:176 - [接收] L18.476547
2025-09-02 13:48:38.924 | INFO     | Pendulum.SerialConncet:_run:176 - [接收] L18.502069
2025-09-02 13:48:38.939 | INFO     | Pendulum.PendulumAPP:_processSerialData:120 - 📏 串口长度数据已更新: L18.502069 -> physical_length=18.502069
2025-09-02 13:48:38.940 | INFO     | Pendulum.PendulumAPP:_processSerialData:121 - 🔄 数据来源: 串口接收 -> PendulumState.physical_length
2025-09-02 13:48:38.943 | INFO     | Pendulum.SerialConncet:_run:176 - [接收] L18.527588
2025-09-02 13:48:38.964 | INFO     | Pendulum.PendulumAPP:_processSerialData:120 - 📏 串口长度数据已更新: L18.527588 -> physical_length=18.527588
2025-09-02 13:48:38.964 | INFO     | Pendulum.PendulumAPP:_processSerialData:121 - 🔄 数据来源: 串口接收 -> PendulumState.physical_length
2025-09-02 13:48:38.966 | INFO     | Pendulum.SerialConncet:_run:176 - [接收] L18.553110
2025-09-02 13:48:38.986 | INFO     | Pendulum.SerialConncet:_run:176 - [接收] L18.578632
2025-09-02 13:48:39.007 | INFO     | Pendulum.SerialConncet:_run:176 - [接收] L18.604153
2025-09-02 13:48:39.020 | INFO     | Pendulum.PendulumAPP:_processSerialData:120 - 📏 串口长度数据已更新: L18.604153 -> physical_length=18.604153
2025-09-02 13:48:39.023 | INFO     | Pendulum.PendulumAPP:_processSerialData:121 - 🔄 数据来源: 串口接收 -> PendulumState.physical_length
2025-09-02 13:48:39.028 | INFO     | Pendulum.SerialConncet:_run:176 - [接收] L18.629673
2025-09-02 13:48:39.043 | INFO     | Pendulum.PendulumAPP:_processSerialData:120 - 📏 串口长度数据已更新: L18.629673 -> physical_length=18.629673
2025-09-02 13:48:39.047 | INFO     | Pendulum.PendulumAPP:_processSerialData:121 - 🔄 数据来源: 串口接收 -> PendulumState.physical_length
2025-09-02 13:48:39.061 | INFO     | Pendulum.SerialConncet:_run:176 - [接收] L18.655193
2025-09-02 13:48:39.069 | INFO     | Pendulum.SerialConncet:_run:176 - [接收] L18.680716
2025-09-02 13:48:39.090 | INFO     | Pendulum.SerialConncet:_run:176 - [接收] L18.706236
2025-09-02 13:48:39.097 | INFO     | Pendulum.PendulumAPP:_keyEventWeb:249 - stop
2025-09-02 13:48:39.099 | INFO     | Pendulum.SerialConncet:send:199 - sendm0
2025-09-02 13:48:39.102 | INFO     | Pendulum.SerialConncet:send:201 - [发送] m0
2025-09-02 13:48:39.105 | INFO     | Pendulum.PendulumAPP:_processSerialData:120 - 📏 串口长度数据已更新: L18.706236 -> physical_length=18.706236
2025-09-02 13:48:39.105 | INFO     | Pendulum.PendulumAPP:_processSerialData:121 - 🔄 数据来源: 串口接收 -> PendulumState.physical_length
2025-09-02 13:48:39.112 | INFO     | Pendulum.SerialConncet:_run:176 - [接收] L18.731756
2025-09-02 13:48:39.129 | INFO     | Pendulum.PendulumAPP:_processSerialData:120 - 📏 串口长度数据已更新: L18.731756 -> physical_length=18.731756
2025-09-02 13:48:39.129 | INFO     | Pendulum.PendulumAPP:_processSerialData:121 - 🔄 数据来源: 串口接收 -> PendulumState.physical_length
2025-09-02 13:48:39.176 | INFO     | Pendulum.PendulumAPP:_processSerialData:120 - 📏 串口长度数据已更新: L18.731756 -> physical_length=18.731756
2025-09-02 13:48:39.176 | INFO     | Pendulum.PendulumAPP:_processSerialData:121 - 🔄 数据来源: 串口接收 -> PendulumState.physical_length
2025-09-02 13:48:39.204 | INFO     | Pendulum.PendulumAPP:_processSerialData:120 - 📏 串口长度数据已更新: L18.731756 -> physical_length=18.731756
2025-09-02 13:48:39.204 | INFO     | Pendulum.PendulumAPP:_processSerialData:121 - 🔄 数据来源: 串口接收 -> PendulumState.physical_length
2025-09-02 13:48:39.265 | INFO     | Pendulum.PendulumAPP:_processSerialData:120 - 📏 串口长度数据已更新: L18.731756 -> physical_length=18.731756
2025-09-02 13:48:39.266 | INFO     | Pendulum.PendulumAPP:_processSerialData:121 - 🔄 数据来源: 串口接收 -> PendulumState.physical_length
2025-09-02 13:48:39.292 | INFO     | Pendulum.PendulumAPP:_processSerialData:120 - 📏 串口长度数据已更新: L18.731756 -> physical_length=18.731756
2025-09-02 13:48:39.294 | INFO     | Pendulum.PendulumAPP:_processSerialData:121 - 🔄 数据来源: 串口接收 -> PendulumState.physical_length
2025-09-02 13:48:39.344 | INFO     | Pendulum.PendulumAPP:_processSerialData:120 - 📏 串口长度数据已更新: L18.731756 -> physical_length=18.731756
2025-09-02 13:48:39.346 | INFO     | Pendulum.PendulumAPP:_processSerialData:121 - 🔄 数据来源: 串口接收 -> PendulumState.physical_length
2025-09-02 13:48:39.373 | INFO     | Pendulum.PendulumAPP:_processSerialData:120 - 📏 串口长度数据已更新: L18.731756 -> physical_length=18.731756
2025-09-02 13:48:39.373 | INFO     | Pendulum.PendulumAPP:_processSerialData:121 - 🔄 数据来源: 串口接收 -> PendulumState.physical_length
2025-09-02 13:48:39.417 | INFO     | Pendulum.PendulumAPP:_processSerialData:120 - 📏 串口长度数据已更新: L18.731756 -> physical_length=18.731756
2025-09-02 13:48:39.417 | INFO     | Pendulum.PendulumAPP:_processSerialData:121 - 🔄 数据来源: 串口接收 -> PendulumState.physical_length
2025-09-02 13:48:39.445 | INFO     | Pendulum.PendulumAPP:_processSerialData:120 - 📏 串口长度数据已更新: L18.731756 -> physical_length=18.731756
2025-09-02 13:48:39.446 | INFO     | Pendulum.PendulumAPP:_processSerialData:121 - 🔄 数据来源: 串口接收 -> PendulumState.physical_length
2025-09-02 13:48:39.499 | INFO     | Pendulum.PendulumAPP:_processSerialData:120 - 📏 串口长度数据已更新: L18.731756 -> physical_length=18.731756
2025-09-02 13:48:39.503 | INFO     | Pendulum.PendulumAPP:_processSerialData:121 - 🔄 数据来源: 串口接收 -> PendulumState.physical_length
2025-09-02 13:48:39.529 | INFO     | Pendulum.PendulumAPP:_processSerialData:120 - 📏 串口长度数据已更新: L18.731756 -> physical_length=18.731756
2025-09-02 13:48:39.529 | INFO     | Pendulum.PendulumAPP:_processSerialData:121 - 🔄 数据来源: 串口接收 -> PendulumState.physical_length
2025-09-02 13:48:39.577 | INFO     | Pendulum.PendulumAPP:_processSerialData:120 - 📏 串口长度数据已更新: L18.731756 -> physical_length=18.731756
2025-09-02 13:48:39.584 | INFO     | Pendulum.PendulumAPP:_processSerialData:121 - 🔄 数据来源: 串口接收 -> PendulumState.physical_length
2025-09-02 13:48:39.605 | INFO     | Pendulum.PendulumAPP:_processSerialData:120 - 📏 串口长度数据已更新: L18.731756 -> physical_length=18.731756
2025-09-02 13:48:39.606 | INFO     | Pendulum.PendulumAPP:_processSerialData:121 - 🔄 数据来源: 串口接收 -> PendulumState.physical_length
2025-09-02 13:48:39.659 | INFO     | Pendulum.PendulumAPP:_processSerialData:120 - 📏 串口长度数据已更新: L18.731756 -> physical_length=18.731756
2025-09-02 13:48:39.659 | INFO     | Pendulum.PendulumAPP:_processSerialData:121 - 🔄 数据来源: 串口接收 -> PendulumState.physical_length
2025-09-02 13:48:39.683 | INFO     | Pendulum.PendulumAPP:_processSerialData:120 - 📏 串口长度数据已更新: L18.731756 -> physical_length=18.731756
2025-09-02 13:48:39.684 | INFO     | Pendulum.PendulumAPP:_processSerialData:121 - 🔄 数据来源: 串口接收 -> PendulumState.physical_length
2025-09-02 13:48:39.735 | INFO     | Pendulum.PendulumAPP:_processSerialData:120 - 📏 串口长度数据已更新: L18.731756 -> physical_length=18.731756
2025-09-02 13:48:39.737 | INFO     | Pendulum.PendulumAPP:_processSerialData:121 - 🔄 数据来源: 串口接收 -> PendulumState.physical_length
2025-09-02 13:48:39.760 | INFO     | Pendulum.PendulumAPP:_processSerialData:120 - 📏 串口长度数据已更新: L18.731756 -> physical_length=18.731756
2025-09-02 13:48:39.761 | INFO     | Pendulum.PendulumAPP:_processSerialData:121 - 🔄 数据来源: 串口接收 -> PendulumState.physical_length
2025-09-02 13:48:39.818 | INFO     | Pendulum.PendulumAPP:_processSerialData:120 - 📏 串口长度数据已更新: L18.731756 -> physical_length=18.731756
2025-09-02 13:48:39.819 | INFO     | Pendulum.PendulumAPP:_processSerialData:121 - 🔄 数据来源: 串口接收 -> PendulumState.physical_length
2025-09-02 13:48:39.840 | INFO     | Pendulum.PendulumAPP:_processSerialData:120 - 📏 串口长度数据已更新: L18.731756 -> physical_length=18.731756
2025-09-02 13:48:39.841 | INFO     | Pendulum.PendulumAPP:_processSerialData:121 - 🔄 数据来源: 串口接收 -> PendulumState.physical_length
2025-09-02 13:48:39.901 | INFO     | Pendulum.PendulumAPP:_processSerialData:120 - 📏 串口长度数据已更新: L18.731756 -> physical_length=18.731756
2025-09-02 13:48:39.903 | INFO     | Pendulum.PendulumAPP:_processSerialData:121 - 🔄 数据来源: 串口接收 -> PendulumState.physical_length
2025-09-02 13:48:39.924 | INFO     | Pendulum.PendulumAPP:_processSerialData:120 - 📏 串口长度数据已更新: L18.731756 -> physical_length=18.731756
2025-09-02 13:48:39.925 | INFO     | Pendulum.PendulumAPP:_processSerialData:121 - 🔄 数据来源: 串口接收 -> PendulumState.physical_length
2025-09-02 13:48:39.981 | INFO     | Pendulum.PendulumAPP:_processSerialData:120 - 📏 串口长度数据已更新: L18.731756 -> physical_length=18.731756
2025-09-02 13:48:39.982 | INFO     | Pendulum.PendulumAPP:_processSerialData:121 - 🔄 数据来源: 串口接收 -> PendulumState.physical_length
2025-09-02 13:48:40.005 | INFO     | Pendulum.PendulumAPP:_processSerialData:120 - 📏 串口长度数据已更新: L18.731756 -> physical_length=18.731756
2025-09-02 13:48:40.005 | INFO     | Pendulum.PendulumAPP:_processSerialData:121 - 🔄 数据来源: 串口接收 -> PendulumState.physical_length
2025-09-02 13:48:40.062 | INFO     | Pendulum.PendulumAPP:_processSerialData:120 - 📏 串口长度数据已更新: L18.731756 -> physical_length=18.731756
2025-09-02 13:48:40.063 | INFO     | Pendulum.PendulumAPP:_processSerialData:121 - 🔄 数据来源: 串口接收 -> PendulumState.physical_length
2025-09-02 13:48:40.085 | INFO     | Pendulum.PendulumAPP:_processSerialData:120 - 📏 串口长度数据已更新: L18.731756 -> physical_length=18.731756
2025-09-02 13:48:40.086 | INFO     | Pendulum.PendulumAPP:_processSerialData:121 - 🔄 数据来源: 串口接收 -> PendulumState.physical_length
2025-09-02 13:48:40.138 | INFO     | Pendulum.PendulumAPP:_processSerialData:120 - 📏 串口长度数据已更新: L18.731756 -> physical_length=18.731756
2025-09-02 13:48:40.138 | INFO     | Pendulum.PendulumAPP:_processSerialData:121 - 🔄 数据来源: 串口接收 -> PendulumState.physical_length
2025-09-02 13:48:40.162 | INFO     | Pendulum.PendulumAPP:_processSerialData:120 - 📏 串口长度数据已更新: L18.731756 -> physical_length=18.731756
2025-09-02 13:48:40.162 | INFO     | Pendulum.PendulumAPP:_processSerialData:121 - 🔄 数据来源: 串口接收 -> PendulumState.physical_length
2025-09-02 13:48:40.222 | INFO     | Pendulum.PendulumAPP:_processSerialData:120 - 📏 串口长度数据已更新: L18.731756 -> physical_length=18.731756
2025-09-02 13:48:40.223 | INFO     | Pendulum.PendulumAPP:_processSerialData:121 - 🔄 数据来源: 串口接收 -> PendulumState.physical_length
2025-09-02 13:48:40.247 | INFO     | Pendulum.PendulumAPP:_processSerialData:120 - 📏 串口长度数据已更新: L18.731756 -> physical_length=18.731756
2025-09-02 13:48:40.248 | INFO     | Pendulum.PendulumAPP:_processSerialData:121 - 🔄 数据来源: 串口接收 -> PendulumState.physical_length
2025-09-02 13:48:40.300 | INFO     | Pendulum.PendulumAPP:_processSerialData:120 - 📏 串口长度数据已更新: L18.731756 -> physical_length=18.731756
2025-09-02 13:48:40.302 | INFO     | Pendulum.PendulumAPP:_processSerialData:121 - 🔄 数据来源: 串口接收 -> PendulumState.physical_length
2025-09-02 13:48:40.322 | INFO     | Pendulum.PendulumAPP:_keyEventWeb:243 - ↑
2025-09-02 13:48:40.323 | INFO     | Pendulum.SerialConncet:send:199 - sendm2
2025-09-02 13:48:40.324 | INFO     | Pendulum.SerialConncet:send:201 - [发送] m2
2025-09-02 13:48:40.326 | INFO     | Pendulum.PendulumAPP:_processSerialData:120 - 📏 串口长度数据已更新: L18.731756 -> physical_length=18.731756
2025-09-02 13:48:40.326 | INFO     | Pendulum.PendulumAPP:_processSerialData:121 - 🔄 数据来源: 串口接收 -> PendulumState.physical_length
2025-09-02 13:48:40.347 | INFO     | Pendulum.SerialConncet:_run:176 - [接收] L18.706236
2025-09-02 13:48:40.367 | INFO     | Pendulum.SerialConncet:_run:176 - [接收] L18.680716
2025-09-02 13:48:40.378 | INFO     | Pendulum.PendulumAPP:_keyEventWeb:249 - stop
2025-09-02 13:48:40.379 | INFO     | Pendulum.SerialConncet:send:199 - sendm0
2025-09-02 13:48:40.382 | INFO     | Pendulum.SerialConncet:send:201 - [发送] m0
2025-09-02 13:48:40.385 | INFO     | Pendulum.PendulumAPP:_processSerialData:120 - 📏 串口长度数据已更新: L18.680716 -> physical_length=18.680716
2025-09-02 13:48:40.385 | INFO     | Pendulum.PendulumAPP:_processSerialData:121 - 🔄 数据来源: 串口接收 -> PendulumState.physical_length
2025-09-02 13:48:40.388 | INFO     | Pendulum.SerialConncet:_run:176 - [接收] L18.655193
2025-09-02 13:48:40.409 | INFO     | Pendulum.PendulumAPP:_processSerialData:120 - 📏 串口长度数据已更新: L18.655193 -> physical_length=18.655193
2025-09-02 13:48:40.410 | INFO     | Pendulum.PendulumAPP:_processSerialData:121 - 🔄 数据来源: 串口接收 -> PendulumState.physical_length
2025-09-02 13:48:40.463 | INFO     | Pendulum.PendulumAPP:_processSerialData:120 - 📏 串口长度数据已更新: L18.655193 -> physical_length=18.655193
2025-09-02 13:48:40.465 | INFO     | Pendulum.PendulumAPP:_processSerialData:121 - 🔄 数据来源: 串口接收 -> PendulumState.physical_length
2025-09-02 13:48:40.488 | INFO     | Pendulum.PendulumAPP:_processSerialData:120 - 📏 串口长度数据已更新: L18.655193 -> physical_length=18.655193
2025-09-02 13:48:40.488 | INFO     | Pendulum.PendulumAPP:_processSerialData:121 - 🔄 数据来源: 串口接收 -> PendulumState.physical_length
2025-09-02 13:48:40.537 | INFO     | Pendulum.PendulumAPP:_processSerialData:120 - 📏 串口长度数据已更新: L18.655193 -> physical_length=18.655193
2025-09-02 13:48:40.538 | INFO     | Pendulum.PendulumAPP:_processSerialData:121 - 🔄 数据来源: 串口接收 -> PendulumState.physical_length
2025-09-02 13:48:40.561 | INFO     | Pendulum.PendulumAPP:_processSerialData:120 - 📏 串口长度数据已更新: L18.655193 -> physical_length=18.655193
2025-09-02 13:48:40.561 | INFO     | Pendulum.PendulumAPP:_processSerialData:121 - 🔄 数据来源: 串口接收 -> PendulumState.physical_length
2025-09-02 13:48:40.616 | INFO     | Pendulum.PendulumAPP:_processSerialData:120 - 📏 串口长度数据已更新: L18.655193 -> physical_length=18.655193
2025-09-02 13:48:40.618 | INFO     | Pendulum.PendulumAPP:_processSerialData:121 - 🔄 数据来源: 串口接收 -> PendulumState.physical_length
2025-09-02 13:48:40.643 | INFO     | Pendulum.PendulumAPP:_processSerialData:120 - 📏 串口长度数据已更新: L18.655193 -> physical_length=18.655193
2025-09-02 13:48:40.644 | INFO     | Pendulum.PendulumAPP:_processSerialData:121 - 🔄 数据来源: 串口接收 -> PendulumState.physical_length
2025-09-02 13:48:40.705 | INFO     | Pendulum.PendulumAPP:_processSerialData:120 - 📏 串口长度数据已更新: L18.655193 -> physical_length=18.655193
2025-09-02 13:48:40.705 | INFO     | Pendulum.PendulumAPP:_processSerialData:121 - 🔄 数据来源: 串口接收 -> PendulumState.physical_length
2025-09-02 13:48:40.729 | INFO     | Pendulum.PendulumAPP:_keyEventWeb:243 - ↑
2025-09-02 13:48:40.731 | INFO     | Pendulum.SerialConncet:send:199 - sendm2
2025-09-02 13:48:40.733 | INFO     | Pendulum.SerialConncet:send:201 - [发送] m2
2025-09-02 13:48:40.735 | INFO     | Pendulum.PendulumAPP:_processSerialData:120 - 📏 串口长度数据已更新: L18.655193 -> physical_length=18.655193
2025-09-02 13:48:40.735 | INFO     | Pendulum.PendulumAPP:_processSerialData:121 - 🔄 数据来源: 串口接收 -> PendulumState.physical_length
2025-09-02 13:48:40.755 | INFO     | Pendulum.SerialConncet:_run:176 - [接收] L18.629673
2025-09-02 13:48:40.776 | INFO     | Pendulum.SerialConncet:_run:176 - [接收] L18.604153
2025-09-02 13:48:40.784 | INFO     | Pendulum.PendulumAPP:_processSerialData:120 - 📏 串口长度数据已更新: L18.604153 -> physical_length=18.604153
2025-09-02 13:48:40.785 | INFO     | Pendulum.PendulumAPP:_processSerialData:121 - 🔄 数据来源: 串口接收 -> PendulumState.physical_length
2025-09-02 13:48:40.799 | INFO     | Pendulum.SerialConncet:_run:176 - [接收] L18.578632
2025-09-02 13:48:40.808 | INFO     | Pendulum.PendulumAPP:_processSerialData:120 - 📏 串口长度数据已更新: L18.578632 -> physical_length=18.578632
2025-09-02 13:48:40.808 | INFO     | Pendulum.PendulumAPP:_processSerialData:121 - 🔄 数据来源: 串口接收 -> PendulumState.physical_length
2025-09-02 13:48:40.818 | INFO     | Pendulum.SerialConncet:_run:176 - [接收] L18.553110
2025-09-02 13:48:40.839 | INFO     | Pendulum.SerialConncet:_run:176 - [接收] L18.527588
2025-09-02 13:48:40.857 | INFO     | Pendulum.PendulumAPP:_processSerialData:120 - 📏 串口长度数据已更新: L18.527588 -> physical_length=18.527588
2025-09-02 13:48:40.860 | INFO     | Pendulum.PendulumAPP:_processSerialData:121 - 🔄 数据来源: 串口接收 -> PendulumState.physical_length
2025-09-02 13:48:40.864 | INFO     | Pendulum.SerialConncet:_run:176 - [接收] L18.502069
2025-09-02 13:48:40.881 | INFO     | Pendulum.SerialConncet:_run:176 - [接收] L18.476547
2025-09-02 13:48:40.883 | INFO     | Pendulum.PendulumAPP:_processSerialData:120 - 📏 串口长度数据已更新: L18.476547 -> physical_length=18.476547
2025-09-02 13:48:40.883 | INFO     | Pendulum.PendulumAPP:_processSerialData:121 - 🔄 数据来源: 串口接收 -> PendulumState.physical_length
2025-09-02 13:48:40.903 | INFO     | Pendulum.SerialConncet:_run:176 - [接收] L18.451027
2025-09-02 13:48:40.923 | INFO     | Pendulum.SerialConncet:_run:176 - [接收] L18.425505
2025-09-02 13:48:40.934 | INFO     | Pendulum.PendulumAPP:_keyEventWeb:249 - stop
2025-09-02 13:48:40.935 | INFO     | Pendulum.SerialConncet:send:199 - sendm0
2025-09-02 13:48:40.936 | INFO     | Pendulum.SerialConncet:send:201 - [发送] m0
2025-09-02 13:48:40.938 | INFO     | Pendulum.PendulumAPP:_processSerialData:120 - 📏 串口长度数据已更新: L18.425505 -> physical_length=18.425505
2025-09-02 13:48:40.938 | INFO     | Pendulum.PendulumAPP:_processSerialData:121 - 🔄 数据来源: 串口接收 -> PendulumState.physical_length
2025-09-02 13:48:40.945 | INFO     | Pendulum.SerialConncet:_run:176 - [接收] L18.399984
2025-09-02 13:48:40.962 | INFO     | Pendulum.PendulumAPP:_processSerialData:120 - 📏 串口长度数据已更新: L18.399984 -> physical_length=18.399984
2025-09-02 13:48:40.962 | INFO     | Pendulum.PendulumAPP:_processSerialData:121 - 🔄 数据来源: 串口接收 -> PendulumState.physical_length
2025-09-02 13:48:41.023 | INFO     | Pendulum.PendulumAPP:_processSerialData:120 - 📏 串口长度数据已更新: L18.399984 -> physical_length=18.399984
2025-09-02 13:48:41.024 | INFO     | Pendulum.PendulumAPP:_processSerialData:121 - 🔄 数据来源: 串口接收 -> PendulumState.physical_length
2025-09-02 13:48:41.048 | INFO     | Pendulum.PendulumAPP:_processSerialData:120 - 📏 串口长度数据已更新: L18.399984 -> physical_length=18.399984
2025-09-02 13:48:41.048 | INFO     | Pendulum.PendulumAPP:_processSerialData:121 - 🔄 数据来源: 串口接收 -> PendulumState.physical_length
2025-09-02 13:48:41.096 | INFO     | Pendulum.PendulumAPP:_processSerialData:120 - 📏 串口长度数据已更新: L18.399984 -> physical_length=18.399984
2025-09-02 13:48:41.097 | INFO     | Pendulum.PendulumAPP:_processSerialData:121 - 🔄 数据来源: 串口接收 -> PendulumState.physical_length
2025-09-02 13:48:41.121 | INFO     | Pendulum.PendulumAPP:_processSerialData:120 - 📏 串口长度数据已更新: L18.399984 -> physical_length=18.399984
2025-09-02 13:48:41.122 | INFO     | Pendulum.PendulumAPP:_processSerialData:121 - 🔄 数据来源: 串口接收 -> PendulumState.physical_length
2025-09-02 13:48:41.179 | INFO     | Pendulum.PendulumAPP:_processSerialData:120 - 📏 串口长度数据已更新: L18.399984 -> physical_length=18.399984
2025-09-02 13:48:41.180 | INFO     | Pendulum.PendulumAPP:_processSerialData:121 - 🔄 数据来源: 串口接收 -> PendulumState.physical_length
2025-09-02 13:48:41.205 | INFO     | Pendulum.PendulumAPP:_processSerialData:120 - 📏 串口长度数据已更新: L18.399984 -> physical_length=18.399984
2025-09-02 13:48:41.205 | INFO     | Pendulum.PendulumAPP:_processSerialData:121 - 🔄 数据来源: 串口接收 -> PendulumState.physical_length
2025-09-02 13:48:41.258 | INFO     | Pendulum.PendulumAPP:_processSerialData:120 - 📏 串口长度数据已更新: L18.399984 -> physical_length=18.399984
2025-09-02 13:48:41.260 | INFO     | Pendulum.PendulumAPP:_processSerialData:121 - 🔄 数据来源: 串口接收 -> PendulumState.physical_length
2025-09-02 13:48:41.282 | INFO     | Pendulum.PendulumAPP:_processSerialData:120 - 📏 串口长度数据已更新: L18.399984 -> physical_length=18.399984
2025-09-02 13:48:41.282 | INFO     | Pendulum.PendulumAPP:_processSerialData:121 - 🔄 数据来源: 串口接收 -> PendulumState.physical_length
2025-09-02 13:48:41.336 | INFO     | Pendulum.PendulumAPP:_processSerialData:120 - 📏 串口长度数据已更新: L18.399984 -> physical_length=18.399984
2025-09-02 13:48:41.337 | INFO     | Pendulum.PendulumAPP:_processSerialData:121 - 🔄 数据来源: 串口接收 -> PendulumState.physical_length
2025-09-02 13:48:41.364 | INFO     | Pendulum.PendulumAPP:_keyEventWeb:243 - ↑
2025-09-02 13:48:41.365 | INFO     | Pendulum.SerialConncet:send:199 - sendm2
2025-09-02 13:48:41.365 | INFO     | Pendulum.SerialConncet:send:201 - [发送] m2
2025-09-02 13:48:41.369 | INFO     | Pendulum.PendulumAPP:_processSerialData:120 - 📏 串口长度数据已更新: L18.399984 -> physical_length=18.399984
2025-09-02 13:48:41.369 | INFO     | Pendulum.PendulumAPP:_processSerialData:121 - 🔄 数据来源: 串口接收 -> PendulumState.physical_length
2025-09-02 13:48:41.389 | INFO     | Pendulum.SerialConncet:_run:176 - [接收] L18.374464
2025-09-02 13:48:41.409 | INFO     | Pendulum.SerialConncet:_run:176 - [接收] L18.348942
2025-09-02 13:48:41.418 | INFO     | Pendulum.PendulumAPP:_processSerialData:120 - 📏 串口长度数据已更新: L18.348942 -> physical_length=18.348942
2025-09-02 13:48:41.419 | INFO     | Pendulum.PendulumAPP:_processSerialData:121 - 🔄 数据来源: 串口接收 -> PendulumState.physical_length
2025-09-02 13:48:41.430 | INFO     | Pendulum.SerialConncet:_run:176 - [接收] L18.323421
2025-09-02 13:48:41.443 | INFO     | Pendulum.PendulumAPP:_processSerialData:120 - 📏 串口长度数据已更新: L18.323421 -> physical_length=18.323421
2025-09-02 13:48:41.443 | INFO     | Pendulum.PendulumAPP:_processSerialData:121 - 🔄 数据来源: 串口接收 -> PendulumState.physical_length
2025-09-02 13:48:41.450 | INFO     | Pendulum.SerialConncet:_run:176 - [接收] L18.297901
2025-09-02 13:48:41.472 | INFO     | Pendulum.SerialConncet:_run:176 - [接收] L18.272379
2025-09-02 13:48:41.493 | INFO     | Pendulum.SerialConncet:_run:176 - [接收] L18.246857
2025-09-02 13:48:41.504 | INFO     | Pendulum.PendulumAPP:_processSerialData:120 - 📏 串口长度数据已更新: L18.246857 -> physical_length=18.246857
2025-09-02 13:48:41.505 | INFO     | Pendulum.PendulumAPP:_processSerialData:121 - 🔄 数据来源: 串口接收 -> PendulumState.physical_length
2025-09-02 13:48:41.514 | INFO     | Pendulum.SerialConncet:_run:176 - [接收] L18.221338
2025-09-02 13:48:41.529 | INFO     | Pendulum.PendulumAPP:_processSerialData:120 - 📏 串口长度数据已更新: L18.221338 -> physical_length=18.221338
2025-09-02 13:48:41.530 | INFO     | Pendulum.PendulumAPP:_processSerialData:121 - 🔄 数据来源: 串口接收 -> PendulumState.physical_length
2025-09-02 13:48:41.535 | INFO     | Pendulum.SerialConncet:_run:176 - [接收] L18.195816
2025-09-02 13:48:41.555 | INFO     | Pendulum.SerialConncet:_run:176 - [接收] L18.170296
2025-09-02 13:48:41.577 | INFO     | Pendulum.SerialConncet:_run:176 - [接收] L18.144773
2025-09-02 13:48:41.579 | INFO     | Pendulum.PendulumAPP:_processSerialData:120 - 📏 串口长度数据已更新: L18.170296 -> physical_length=18.170296
2025-09-02 13:48:41.581 | INFO     | Pendulum.PendulumAPP:_processSerialData:121 - 🔄 数据来源: 串口接收 -> PendulumState.physical_length
2025-09-02 13:48:41.600 | INFO     | Pendulum.SerialConncet:_run:176 - [接收] L18.119253
2025-09-02 13:48:41.605 | INFO     | Pendulum.PendulumAPP:_keyEventWeb:249 - stop
2025-09-02 13:48:41.606 | INFO     | Pendulum.SerialConncet:send:199 - sendm0
2025-09-02 13:48:41.607 | INFO     | Pendulum.SerialConncet:send:201 - [发送] m0
2025-09-02 13:48:41.609 | INFO     | Pendulum.PendulumAPP:_processSerialData:120 - 📏 串口长度数据已更新: L18.119253 -> physical_length=18.119253
2025-09-02 13:48:41.610 | INFO     | Pendulum.PendulumAPP:_processSerialData:121 - 🔄 数据来源: 串口接收 -> PendulumState.physical_length
2025-09-02 13:48:41.618 | INFO     | Pendulum.SerialConncet:_run:176 - [接收] L18.093733
2025-09-02 13:48:41.660 | INFO     | Pendulum.PendulumAPP:_processSerialData:120 - 📏 串口长度数据已更新: L18.093733 -> physical_length=18.093733
2025-09-02 13:48:41.663 | INFO     | Pendulum.PendulumAPP:_processSerialData:121 - 🔄 数据来源: 串口接收 -> PendulumState.physical_length
2025-09-02 13:48:41.688 | INFO     | Pendulum.PendulumAPP:_processSerialData:120 - 📏 串口长度数据已更新: L18.093733 -> physical_length=18.093733
2025-09-02 13:48:41.689 | INFO     | Pendulum.PendulumAPP:_processSerialData:121 - 🔄 数据来源: 串口接收 -> PendulumState.physical_length
2025-09-02 13:48:41.740 | INFO     | Pendulum.PendulumAPP:_processSerialData:120 - 📏 串口长度数据已更新: L18.093733 -> physical_length=18.093733
2025-09-02 13:48:41.741 | INFO     | Pendulum.PendulumAPP:_processSerialData:121 - 🔄 数据来源: 串口接收 -> PendulumState.physical_length
2025-09-02 13:48:41.762 | INFO     | Pendulum.PendulumAPP:_processSerialData:120 - 📏 串口长度数据已更新: L18.093733 -> physical_length=18.093733
2025-09-02 13:48:41.762 | INFO     | Pendulum.PendulumAPP:_processSerialData:121 - 🔄 数据来源: 串口接收 -> PendulumState.physical_length
2025-09-02 13:48:41.820 | INFO     | Pendulum.PendulumAPP:_processSerialData:120 - 📏 串口长度数据已更新: L18.093733 -> physical_length=18.093733
2025-09-02 13:48:41.820 | INFO     | Pendulum.PendulumAPP:_processSerialData:121 - 🔄 数据来源: 串口接收 -> PendulumState.physical_length
2025-09-02 13:48:41.839 | INFO     | Pendulum.PendulumAPP:_processSerialData:120 - 📏 串口长度数据已更新: L18.093733 -> physical_length=18.093733
2025-09-02 13:48:41.840 | INFO     | Pendulum.PendulumAPP:_processSerialData:121 - 🔄 数据来源: 串口接收 -> PendulumState.physical_length
2025-09-02 13:48:41.900 | INFO     | Pendulum.PendulumAPP:_processSerialData:120 - 📏 串口长度数据已更新: L18.093733 -> physical_length=18.093733
2025-09-02 13:48:41.902 | INFO     | Pendulum.PendulumAPP:_processSerialData:121 - 🔄 数据来源: 串口接收 -> PendulumState.physical_length
2025-09-02 13:48:41.922 | INFO     | Pendulum.PendulumAPP:_processSerialData:120 - 📏 串口长度数据已更新: L18.093733 -> physical_length=18.093733
2025-09-02 13:48:41.923 | INFO     | Pendulum.PendulumAPP:_processSerialData:121 - 🔄 数据来源: 串口接收 -> PendulumState.physical_length
2025-09-02 13:48:41.978 | INFO     | Pendulum.PendulumAPP:_processSerialData:120 - 📏 串口长度数据已更新: L18.093733 -> physical_length=18.093733
2025-09-02 13:48:41.978 | INFO     | Pendulum.PendulumAPP:_processSerialData:121 - 🔄 数据来源: 串口接收 -> PendulumState.physical_length
2025-09-02 13:48:42.003 | INFO     | Pendulum.PendulumAPP:_processSerialData:120 - 📏 串口长度数据已更新: L18.093733 -> physical_length=18.093733
2025-09-02 13:48:42.003 | INFO     | Pendulum.PendulumAPP:_processSerialData:121 - 🔄 数据来源: 串口接收 -> PendulumState.physical_length
2025-09-02 13:48:42.063 | INFO     | Pendulum.PendulumAPP:_processSerialData:120 - 📏 串口长度数据已更新: L18.093733 -> physical_length=18.093733
2025-09-02 13:48:42.065 | INFO     | Pendulum.PendulumAPP:_processSerialData:121 - 🔄 数据来源: 串口接收 -> PendulumState.physical_length
2025-09-02 13:48:42.083 | INFO     | Pendulum.PendulumAPP:_processSerialData:120 - 📏 串口长度数据已更新: L18.093733 -> physical_length=18.093733
2025-09-02 13:48:42.083 | INFO     | Pendulum.PendulumAPP:_processSerialData:121 - 🔄 数据来源: 串口接收 -> PendulumState.physical_length
2025-09-02 13:48:42.139 | INFO     | Pendulum.PendulumAPP:_processSerialData:120 - 📏 串口长度数据已更新: L18.093733 -> physical_length=18.093733
2025-09-02 13:48:42.139 | INFO     | Pendulum.PendulumAPP:_processSerialData:121 - 🔄 数据来源: 串口接收 -> PendulumState.physical_length
2025-09-02 13:48:42.160 | INFO     | Pendulum.PendulumAPP:_processSerialData:120 - 📏 串口长度数据已更新: L18.093733 -> physical_length=18.093733
2025-09-02 13:48:42.160 | INFO     | Pendulum.PendulumAPP:_processSerialData:121 - 🔄 数据来源: 串口接收 -> PendulumState.physical_length
2025-09-02 13:48:42.221 | INFO     | Pendulum.PendulumAPP:_processSerialData:120 - 📏 串口长度数据已更新: L18.093733 -> physical_length=18.093733
2025-09-02 13:48:42.222 | INFO     | Pendulum.PendulumAPP:_processSerialData:121 - 🔄 数据来源: 串口接收 -> PendulumState.physical_length
2025-09-02 13:48:42.249 | INFO     | Pendulum.PendulumAPP:_processSerialData:120 - 📏 串口长度数据已更新: L18.093733 -> physical_length=18.093733
2025-09-02 13:48:42.252 | INFO     | Pendulum.PendulumAPP:_processSerialData:121 - 🔄 数据来源: 串口接收 -> PendulumState.physical_length
2025-09-02 13:48:42.299 | INFO     | Pendulum.PendulumAPP:_processSerialData:120 - 📏 串口长度数据已更新: L18.093733 -> physical_length=18.093733
2025-09-02 13:48:42.300 | INFO     | Pendulum.PendulumAPP:_processSerialData:121 - 🔄 数据来源: 串口接收 -> PendulumState.physical_length
2025-09-02 13:48:42.323 | INFO     | Pendulum.PendulumAPP:_processSerialData:120 - 📏 串口长度数据已更新: L18.093733 -> physical_length=18.093733
2025-09-02 13:48:42.324 | INFO     | Pendulum.PendulumAPP:_processSerialData:121 - 🔄 数据来源: 串口接收 -> PendulumState.physical_length
2025-09-02 13:48:42.375 | INFO     | Pendulum.PendulumAPP:_processSerialData:120 - 📏 串口长度数据已更新: L18.093733 -> physical_length=18.093733
2025-09-02 13:48:42.375 | INFO     | Pendulum.PendulumAPP:_processSerialData:121 - 🔄 数据来源: 串口接收 -> PendulumState.physical_length
2025-09-02 13:48:42.395 | INFO     | Pendulum.PendulumAPP:_processSerialData:120 - 📏 串口长度数据已更新: L18.093733 -> physical_length=18.093733
2025-09-02 13:48:42.396 | INFO     | Pendulum.PendulumAPP:_processSerialData:121 - 🔄 数据来源: 串口接收 -> PendulumState.physical_length
2025-09-02 13:48:42.459 | INFO     | Pendulum.PendulumAPP:_processSerialData:120 - 📏 串口长度数据已更新: L18.093733 -> physical_length=18.093733
2025-09-02 13:48:42.459 | INFO     | Pendulum.PendulumAPP:_processSerialData:121 - 🔄 数据来源: 串口接收 -> PendulumState.physical_length
2025-09-02 13:48:42.480 | INFO     | Pendulum.PendulumAPP:_processSerialData:120 - 📏 串口长度数据已更新: L18.093733 -> physical_length=18.093733
2025-09-02 13:48:42.481 | INFO     | Pendulum.PendulumAPP:_processSerialData:121 - 🔄 数据来源: 串口接收 -> PendulumState.physical_length
2025-09-02 13:48:42.539 | INFO     | Pendulum.PendulumAPP:_processSerialData:120 - 📏 串口长度数据已更新: L18.093733 -> physical_length=18.093733
2025-09-02 13:48:42.541 | INFO     | Pendulum.PendulumAPP:_processSerialData:121 - 🔄 数据来源: 串口接收 -> PendulumState.physical_length
2025-09-02 13:48:42.564 | INFO     | Pendulum.PendulumAPP:_processSerialData:120 - 📏 串口长度数据已更新: L18.093733 -> physical_length=18.093733
2025-09-02 13:48:42.564 | INFO     | Pendulum.PendulumAPP:_processSerialData:121 - 🔄 数据来源: 串口接收 -> PendulumState.physical_length
2025-09-02 13:48:42.622 | INFO     | Pendulum.PendulumAPP:_processSerialData:120 - 📏 串口长度数据已更新: L18.093733 -> physical_length=18.093733
2025-09-02 13:48:42.622 | INFO     | Pendulum.PendulumAPP:_processSerialData:121 - 🔄 数据来源: 串口接收 -> PendulumState.physical_length
2025-09-02 13:48:42.648 | INFO     | Pendulum.PendulumAPP:_processSerialData:120 - 📏 串口长度数据已更新: L18.093733 -> physical_length=18.093733
2025-09-02 13:48:42.649 | INFO     | Pendulum.PendulumAPP:_processSerialData:121 - 🔄 数据来源: 串口接收 -> PendulumState.physical_length
2025-09-02 13:48:42.699 | INFO     | Pendulum.PendulumAPP:_processSerialData:120 - 📏 串口长度数据已更新: L18.093733 -> physical_length=18.093733
2025-09-02 13:48:42.700 | INFO     | Pendulum.PendulumAPP:_processSerialData:121 - 🔄 数据来源: 串口接收 -> PendulumState.physical_length
2025-09-02 13:48:42.723 | INFO     | Pendulum.PendulumAPP:_processSerialData:120 - 📏 串口长度数据已更新: L18.093733 -> physical_length=18.093733
2025-09-02 13:48:42.723 | INFO     | Pendulum.PendulumAPP:_processSerialData:121 - 🔄 数据来源: 串口接收 -> PendulumState.physical_length
2025-09-02 13:48:42.779 | INFO     | Pendulum.PendulumAPP:_processSerialData:120 - 📏 串口长度数据已更新: L18.093733 -> physical_length=18.093733
2025-09-02 13:48:42.779 | INFO     | Pendulum.PendulumAPP:_processSerialData:121 - 🔄 数据来源: 串口接收 -> PendulumState.physical_length
2025-09-02 13:48:42.801 | INFO     | Pendulum.PendulumAPP:_processSerialData:120 - 📏 串口长度数据已更新: L18.093733 -> physical_length=18.093733
2025-09-02 13:48:42.802 | INFO     | Pendulum.PendulumAPP:_processSerialData:121 - 🔄 数据来源: 串口接收 -> PendulumState.physical_length
2025-09-02 13:48:42.859 | INFO     | Pendulum.PendulumAPP:_processSerialData:120 - 📏 串口长度数据已更新: L18.093733 -> physical_length=18.093733
2025-09-02 13:48:42.860 | INFO     | Pendulum.PendulumAPP:_processSerialData:121 - 🔄 数据来源: 串口接收 -> PendulumState.physical_length
2025-09-02 13:48:42.880 | INFO     | Pendulum.PendulumAPP:_processSerialData:120 - 📏 串口长度数据已更新: L18.093733 -> physical_length=18.093733
2025-09-02 13:48:42.880 | INFO     | Pendulum.PendulumAPP:_processSerialData:121 - 🔄 数据来源: 串口接收 -> PendulumState.physical_length
2025-09-02 13:48:42.933 | INFO     | Pendulum.PendulumAPP:_processSerialData:120 - 📏 串口长度数据已更新: L18.093733 -> physical_length=18.093733
2025-09-02 13:48:42.933 | INFO     | Pendulum.PendulumAPP:_processSerialData:121 - 🔄 数据来源: 串口接收 -> PendulumState.physical_length
2025-09-02 13:48:42.955 | INFO     | Pendulum.PendulumAPP:_processSerialData:120 - 📏 串口长度数据已更新: L18.093733 -> physical_length=18.093733
2025-09-02 13:48:42.956 | INFO     | Pendulum.PendulumAPP:_processSerialData:121 - 🔄 数据来源: 串口接收 -> PendulumState.physical_length
2025-09-02 13:48:43.017 | INFO     | Pendulum.PendulumAPP:_processSerialData:120 - 📏 串口长度数据已更新: L18.093733 -> physical_length=18.093733
2025-09-02 13:48:43.017 | INFO     | Pendulum.PendulumAPP:_processSerialData:121 - 🔄 数据来源: 串口接收 -> PendulumState.physical_length
2025-09-02 13:48:43.039 | INFO     | Pendulum.PendulumAPP:_processSerialData:120 - 📏 串口长度数据已更新: L18.093733 -> physical_length=18.093733
2025-09-02 13:48:43.040 | INFO     | Pendulum.PendulumAPP:_processSerialData:121 - 🔄 数据来源: 串口接收 -> PendulumState.physical_length
2025-09-02 13:48:43.098 | INFO     | Pendulum.PendulumAPP:_processSerialData:120 - 📏 串口长度数据已更新: L18.093733 -> physical_length=18.093733
2025-09-02 13:48:43.099 | INFO     | Pendulum.PendulumAPP:_processSerialData:121 - 🔄 数据来源: 串口接收 -> PendulumState.physical_length
2025-09-02 13:48:43.121 | INFO     | Pendulum.PendulumAPP:_processSerialData:120 - 📏 串口长度数据已更新: L18.093733 -> physical_length=18.093733
2025-09-02 13:48:43.121 | INFO     | Pendulum.PendulumAPP:_processSerialData:121 - 🔄 数据来源: 串口接收 -> PendulumState.physical_length
2025-09-02 13:48:43.180 | INFO     | Pendulum.PendulumAPP:_processSerialData:120 - 📏 串口长度数据已更新: L18.093733 -> physical_length=18.093733
2025-09-02 13:48:43.180 | INFO     | Pendulum.PendulumAPP:_processSerialData:121 - 🔄 数据来源: 串口接收 -> PendulumState.physical_length
2025-09-02 13:48:43.205 | INFO     | Pendulum.PendulumAPP:_processSerialData:120 - 📏 串口长度数据已更新: L18.093733 -> physical_length=18.093733
2025-09-02 13:48:43.205 | INFO     | Pendulum.PendulumAPP:_processSerialData:121 - 🔄 数据来源: 串口接收 -> PendulumState.physical_length
2025-09-02 13:48:43.258 | INFO     | Pendulum.PendulumAPP:_processSerialData:120 - 📏 串口长度数据已更新: L18.093733 -> physical_length=18.093733
2025-09-02 13:48:43.261 | INFO     | Pendulum.PendulumAPP:_processSerialData:121 - 🔄 数据来源: 串口接收 -> PendulumState.physical_length
2025-09-02 13:48:43.283 | INFO     | Pendulum.PendulumAPP:_processSerialData:120 - 📏 串口长度数据已更新: L18.093733 -> physical_length=18.093733
2025-09-02 13:48:43.284 | INFO     | Pendulum.PendulumAPP:_processSerialData:121 - 🔄 数据来源: 串口接收 -> PendulumState.physical_length
2025-09-02 13:48:43.334 | INFO     | Pendulum.PendulumAPP:_processSerialData:120 - 📏 串口长度数据已更新: L18.093733 -> physical_length=18.093733
2025-09-02 13:48:43.334 | INFO     | Pendulum.PendulumAPP:_processSerialData:121 - 🔄 数据来源: 串口接收 -> PendulumState.physical_length
2025-09-02 13:48:43.355 | INFO     | Pendulum.PendulumAPP:_processSerialData:120 - 📏 串口长度数据已更新: L18.093733 -> physical_length=18.093733
2025-09-02 13:48:43.356 | INFO     | Pendulum.PendulumAPP:_processSerialData:121 - 🔄 数据来源: 串口接收 -> PendulumState.physical_length
2025-09-02 13:48:43.426 | INFO     | Pendulum.PendulumAPP:_processSerialData:120 - 📏 串口长度数据已更新: L18.093733 -> physical_length=18.093733
2025-09-02 13:48:43.426 | INFO     | Pendulum.PendulumAPP:_processSerialData:121 - 🔄 数据来源: 串口接收 -> PendulumState.physical_length
2025-09-02 13:48:43.448 | INFO     | Pendulum.PendulumAPP:_processSerialData:120 - 📏 串口长度数据已更新: L18.093733 -> physical_length=18.093733
2025-09-02 13:48:43.448 | INFO     | Pendulum.PendulumAPP:_processSerialData:121 - 🔄 数据来源: 串口接收 -> PendulumState.physical_length
2025-09-02 13:48:43.502 | INFO     | Pendulum.PendulumAPP:_processSerialData:120 - 📏 串口长度数据已更新: L18.093733 -> physical_length=18.093733
2025-09-02 13:48:43.505 | INFO     | Pendulum.PendulumAPP:_processSerialData:121 - 🔄 数据来源: 串口接收 -> PendulumState.physical_length
2025-09-02 13:48:43.526 | INFO     | Pendulum.PendulumAPP:_processSerialData:120 - 📏 串口长度数据已更新: L18.093733 -> physical_length=18.093733
2025-09-02 13:48:43.527 | INFO     | Pendulum.PendulumAPP:_processSerialData:121 - 🔄 数据来源: 串口接收 -> PendulumState.physical_length
2025-09-02 13:48:43.579 | INFO     | Pendulum.PendulumAPP:_processSerialData:120 - 📏 串口长度数据已更新: L18.093733 -> physical_length=18.093733
2025-09-02 13:48:43.580 | INFO     | Pendulum.PendulumAPP:_processSerialData:121 - 🔄 数据来源: 串口接收 -> PendulumState.physical_length
2025-09-02 13:48:43.600 | INFO     | Pendulum.PendulumAPP:_processSerialData:120 - 📏 串口长度数据已更新: L18.093733 -> physical_length=18.093733
2025-09-02 13:48:43.600 | INFO     | Pendulum.PendulumAPP:_processSerialData:121 - 🔄 数据来源: 串口接收 -> PendulumState.physical_length
2025-09-02 13:48:43.655 | INFO     | Pendulum.PendulumAPP:_processSerialData:120 - 📏 串口长度数据已更新: L18.093733 -> physical_length=18.093733
2025-09-02 13:48:43.655 | INFO     | Pendulum.PendulumAPP:_processSerialData:121 - 🔄 数据来源: 串口接收 -> PendulumState.physical_length
2025-09-02 13:48:43.675 | INFO     | Pendulum.PendulumAPP:_processSerialData:120 - 📏 串口长度数据已更新: L18.093733 -> physical_length=18.093733
2025-09-02 13:48:43.675 | INFO     | Pendulum.PendulumAPP:_processSerialData:121 - 🔄 数据来源: 串口接收 -> PendulumState.physical_length
2025-09-02 13:48:43.739 | INFO     | Pendulum.PendulumAPP:_processSerialData:120 - 📏 串口长度数据已更新: L18.093733 -> physical_length=18.093733
2025-09-02 13:48:43.740 | INFO     | Pendulum.PendulumAPP:_processSerialData:121 - 🔄 数据来源: 串口接收 -> PendulumState.physical_length
2025-09-02 13:48:43.764 | INFO     | Pendulum.PendulumAPP:_processSerialData:120 - 📏 串口长度数据已更新: L18.093733 -> physical_length=18.093733
2025-09-02 13:48:43.764 | INFO     | Pendulum.PendulumAPP:_processSerialData:121 - 🔄 数据来源: 串口接收 -> PendulumState.physical_length
2025-09-02 13:48:43.818 | INFO     | Pendulum.PendulumAPP:_processSerialData:120 - 📏 串口长度数据已更新: L18.093733 -> physical_length=18.093733
2025-09-02 13:48:43.819 | INFO     | Pendulum.PendulumAPP:_processSerialData:121 - 🔄 数据来源: 串口接收 -> PendulumState.physical_length
2025-09-02 13:48:43.841 | INFO     | Pendulum.PendulumAPP:_processSerialData:120 - 📏 串口长度数据已更新: L18.093733 -> physical_length=18.093733
2025-09-02 13:48:43.842 | INFO     | Pendulum.PendulumAPP:_processSerialData:121 - 🔄 数据来源: 串口接收 -> PendulumState.physical_length
2025-09-02 13:48:43.906 | INFO     | Pendulum.PendulumAPP:_processSerialData:120 - 📏 串口长度数据已更新: L18.093733 -> physical_length=18.093733
2025-09-02 13:48:43.907 | INFO     | Pendulum.PendulumAPP:_processSerialData:121 - 🔄 数据来源: 串口接收 -> PendulumState.physical_length
2025-09-02 13:48:43.931 | INFO     | Pendulum.PendulumAPP:_processSerialData:120 - 📏 串口长度数据已更新: L18.093733 -> physical_length=18.093733
2025-09-02 13:48:43.931 | INFO     | Pendulum.PendulumAPP:_processSerialData:121 - 🔄 数据来源: 串口接收 -> PendulumState.physical_length
2025-09-02 13:48:43.979 | INFO     | Pendulum.PendulumAPP:_processSerialData:120 - 📏 串口长度数据已更新: L18.093733 -> physical_length=18.093733
2025-09-02 13:48:43.980 | INFO     | Pendulum.PendulumAPP:_processSerialData:121 - 🔄 数据来源: 串口接收 -> PendulumState.physical_length
2025-09-02 13:48:44.004 | INFO     | Pendulum.PendulumAPP:_processSerialData:120 - 📏 串口长度数据已更新: L18.093733 -> physical_length=18.093733
2025-09-02 13:48:44.004 | INFO     | Pendulum.PendulumAPP:_processSerialData:121 - 🔄 数据来源: 串口接收 -> PendulumState.physical_length
2025-09-02 13:48:44.062 | INFO     | Pendulum.PendulumAPP:_processSerialData:120 - 📏 串口长度数据已更新: L18.093733 -> physical_length=18.093733
2025-09-02 13:48:44.063 | INFO     | Pendulum.PendulumAPP:_processSerialData:121 - 🔄 数据来源: 串口接收 -> PendulumState.physical_length
2025-09-02 13:48:44.089 | INFO     | Pendulum.PendulumAPP:_processSerialData:120 - 📏 串口长度数据已更新: L18.093733 -> physical_length=18.093733
2025-09-02 13:48:44.089 | INFO     | Pendulum.PendulumAPP:_processSerialData:121 - 🔄 数据来源: 串口接收 -> PendulumState.physical_length
2025-09-02 13:48:44.145 | INFO     | Pendulum.PendulumAPP:_processSerialData:120 - 📏 串口长度数据已更新: L18.093733 -> physical_length=18.093733
2025-09-02 13:48:44.145 | INFO     | Pendulum.PendulumAPP:_processSerialData:121 - 🔄 数据来源: 串口接收 -> PendulumState.physical_length
2025-09-02 13:48:44.165 | INFO     | Pendulum.PendulumAPP:_processSerialData:120 - 📏 串口长度数据已更新: L18.093733 -> physical_length=18.093733
2025-09-02 13:48:44.165 | INFO     | Pendulum.PendulumAPP:_processSerialData:121 - 🔄 数据来源: 串口接收 -> PendulumState.physical_length
2025-09-02 13:48:44.220 | INFO     | Pendulum.PendulumAPP:_processSerialData:120 - 📏 串口长度数据已更新: L18.093733 -> physical_length=18.093733
2025-09-02 13:48:44.220 | INFO     | Pendulum.PendulumAPP:_processSerialData:121 - 🔄 数据来源: 串口接收 -> PendulumState.physical_length
2025-09-02 13:48:44.242 | INFO     | Pendulum.PendulumAPP:_processSerialData:120 - 📏 串口长度数据已更新: L18.093733 -> physical_length=18.093733
2025-09-02 13:48:44.242 | INFO     | Pendulum.PendulumAPP:_processSerialData:121 - 🔄 数据来源: 串口接收 -> PendulumState.physical_length
2025-09-02 13:48:44.309 | INFO     | Pendulum.PendulumAPP:_processSerialData:120 - 📏 串口长度数据已更新: L18.093733 -> physical_length=18.093733
2025-09-02 13:48:44.309 | INFO     | Pendulum.PendulumAPP:_processSerialData:121 - 🔄 数据来源: 串口接收 -> PendulumState.physical_length
2025-09-02 13:48:44.328 | INFO     | Pendulum.PendulumAPP:_processSerialData:120 - 📏 串口长度数据已更新: L18.093733 -> physical_length=18.093733
2025-09-02 13:48:44.329 | INFO     | Pendulum.PendulumAPP:_processSerialData:121 - 🔄 数据来源: 串口接收 -> PendulumState.physical_length
2025-09-02 13:48:44.381 | INFO     | Pendulum.PendulumAPP:_processSerialData:120 - 📏 串口长度数据已更新: L18.093733 -> physical_length=18.093733
2025-09-02 13:48:44.381 | INFO     | Pendulum.PendulumAPP:_processSerialData:121 - 🔄 数据来源: 串口接收 -> PendulumState.physical_length
2025-09-02 13:48:44.403 | INFO     | Pendulum.PendulumAPP:_processSerialData:120 - 📏 串口长度数据已更新: L18.093733 -> physical_length=18.093733
2025-09-02 13:48:44.403 | INFO     | Pendulum.PendulumAPP:_processSerialData:121 - 🔄 数据来源: 串口接收 -> PendulumState.physical_length
2025-09-02 13:48:44.458 | INFO     | Pendulum.PendulumAPP:_processSerialData:120 - 📏 串口长度数据已更新: L18.093733 -> physical_length=18.093733
2025-09-02 13:48:44.459 | INFO     | Pendulum.PendulumAPP:_processSerialData:121 - 🔄 数据来源: 串口接收 -> PendulumState.physical_length
2025-09-02 13:48:44.483 | INFO     | Pendulum.PendulumAPP:_processSerialData:120 - 📏 串口长度数据已更新: L18.093733 -> physical_length=18.093733
2025-09-02 13:48:44.483 | INFO     | Pendulum.PendulumAPP:_processSerialData:121 - 🔄 数据来源: 串口接收 -> PendulumState.physical_length
2025-09-02 13:48:44.537 | INFO     | Pendulum.PendulumAPP:_processSerialData:120 - 📏 串口长度数据已更新: L18.093733 -> physical_length=18.093733
2025-09-02 13:48:44.538 | INFO     | Pendulum.PendulumAPP:_processSerialData:121 - 🔄 数据来源: 串口接收 -> PendulumState.physical_length
2025-09-02 13:48:44.558 | INFO     | Pendulum.PendulumAPP:_processSerialData:120 - 📏 串口长度数据已更新: L18.093733 -> physical_length=18.093733
2025-09-02 13:48:44.560 | INFO     | Pendulum.PendulumAPP:_processSerialData:121 - 🔄 数据来源: 串口接收 -> PendulumState.physical_length
2025-09-02 13:48:44.621 | INFO     | Pendulum.PendulumAPP:_processSerialData:120 - 📏 串口长度数据已更新: L18.093733 -> physical_length=18.093733
2025-09-02 13:48:44.622 | INFO     | Pendulum.PendulumAPP:_processSerialData:121 - 🔄 数据来源: 串口接收 -> PendulumState.physical_length
2025-09-02 13:48:44.649 | INFO     | Pendulum.PendulumAPP:_keyEventWeb:246 - ↓
2025-09-02 13:48:44.650 | INFO     | Pendulum.SerialConncet:send:199 - sendm1
2025-09-02 13:48:44.652 | INFO     | Pendulum.SerialConncet:send:201 - [发送] m1
2025-09-02 13:48:44.654 | INFO     | Pendulum.PendulumAPP:_processSerialData:120 - 📏 串口长度数据已更新: L18.093733 -> physical_length=18.093733
2025-09-02 13:48:44.654 | INFO     | Pendulum.PendulumAPP:_processSerialData:121 - 🔄 数据来源: 串口接收 -> PendulumState.physical_length
2025-09-02 13:48:44.675 | INFO     | Pendulum.SerialConncet:_run:176 - [接收] L18.119253
2025-09-02 13:48:44.696 | INFO     | Pendulum.SerialConncet:_run:176 - [接收] L18.144773
2025-09-02 13:48:44.701 | INFO     | Pendulum.PendulumAPP:_processSerialData:120 - 📏 串口长度数据已更新: L18.144773 -> physical_length=18.144773
2025-09-02 13:48:44.702 | INFO     | Pendulum.PendulumAPP:_processSerialData:121 - 🔄 数据来源: 串口接收 -> PendulumState.physical_length
2025-09-02 13:48:44.718 | INFO     | Pendulum.SerialConncet:_run:176 - [接收] L18.170296
2025-09-02 13:48:44.726 | INFO     | Pendulum.PendulumAPP:_processSerialData:120 - 📏 串口长度数据已更新: L18.170296 -> physical_length=18.170296
2025-09-02 13:48:44.726 | INFO     | Pendulum.PendulumAPP:_processSerialData:121 - 🔄 数据来源: 串口接收 -> PendulumState.physical_length
2025-09-02 13:48:44.738 | INFO     | Pendulum.SerialConncet:_run:176 - [接收] L18.195816
2025-09-02 13:48:44.757 | INFO     | Pendulum.SerialConncet:_run:176 - [接收] L18.221338
2025-09-02 13:48:44.779 | INFO     | Pendulum.SerialConncet:_run:176 - [接收] L18.246857
2025-09-02 13:48:44.784 | INFO     | Pendulum.PendulumAPP:_processSerialData:120 - 📏 串口长度数据已更新: L18.246857 -> physical_length=18.246857
2025-09-02 13:48:44.784 | INFO     | Pendulum.PendulumAPP:_processSerialData:121 - 🔄 数据来源: 串口接收 -> PendulumState.physical_length
2025-09-02 13:48:44.800 | INFO     | Pendulum.SerialConncet:_run:176 - [接收] L18.272379
2025-09-02 13:48:44.809 | INFO     | Pendulum.PendulumAPP:_processSerialData:120 - 📏 串口长度数据已更新: L18.272379 -> physical_length=18.272379
2025-09-02 13:48:44.810 | INFO     | Pendulum.PendulumAPP:_processSerialData:121 - 🔄 数据来源: 串口接收 -> PendulumState.physical_length
2025-09-02 13:48:44.821 | INFO     | Pendulum.SerialConncet:_run:176 - [接收] L18.297901
2025-09-02 13:48:44.842 | INFO     | Pendulum.SerialConncet:_run:176 - [接收] L18.323421
2025-09-02 13:48:44.862 | INFO     | Pendulum.PendulumAPP:_keyEventWeb:249 - stop
2025-09-02 13:48:44.864 | INFO     | Pendulum.SerialConncet:send:199 - sendm0
2025-09-02 13:48:44.865 | INFO     | Pendulum.SerialConncet:send:201 - [发送] m0
2025-09-02 13:48:44.865 | INFO     | Pendulum.SerialConncet:_run:176 - [接收] L18.348942
2025-09-02 13:48:44.867 | INFO     | Pendulum.PendulumAPP:_processSerialData:120 - 📏 串口长度数据已更新: L18.348942 -> physical_length=18.348942
2025-09-02 13:48:44.867 | INFO     | Pendulum.PendulumAPP:_processSerialData:121 - 🔄 数据来源: 串口接收 -> PendulumState.physical_length
2025-09-02 13:48:44.884 | INFO     | Pendulum.SerialConncet:_run:176 - [接收] L18.374464
2025-09-02 13:48:44.887 | INFO     | Pendulum.PendulumAPP:_processSerialData:120 - 📏 串口长度数据已更新: L18.374464 -> physical_length=18.374464
2025-09-02 13:48:44.887 | INFO     | Pendulum.PendulumAPP:_processSerialData:121 - 🔄 数据来源: 串口接收 -> PendulumState.physical_length
2025-09-02 13:48:44.941 | INFO     | Pendulum.PendulumAPP:_processSerialData:120 - 📏 串口长度数据已更新: L18.374464 -> physical_length=18.374464
2025-09-02 13:48:44.943 | INFO     | Pendulum.PendulumAPP:_processSerialData:121 - 🔄 数据来源: 串口接收 -> PendulumState.physical_length
2025-09-02 13:48:44.969 | INFO     | Pendulum.PendulumAPP:_processSerialData:120 - 📏 串口长度数据已更新: L18.374464 -> physical_length=18.374464
2025-09-02 13:48:44.970 | INFO     | Pendulum.PendulumAPP:_processSerialData:121 - 🔄 数据来源: 串口接收 -> PendulumState.physical_length
2025-09-02 13:48:45.021 | INFO     | Pendulum.PendulumAPP:_processSerialData:120 - 📏 串口长度数据已更新: L18.374464 -> physical_length=18.374464
2025-09-02 13:48:45.021 | INFO     | Pendulum.PendulumAPP:_processSerialData:121 - 🔄 数据来源: 串口接收 -> PendulumState.physical_length
2025-09-02 13:48:45.045 | INFO     | Pendulum.PendulumAPP:_processSerialData:120 - 📏 串口长度数据已更新: L18.374464 -> physical_length=18.374464
2025-09-02 13:48:45.045 | INFO     | Pendulum.PendulumAPP:_processSerialData:121 - 🔄 数据来源: 串口接收 -> PendulumState.physical_length
2025-09-02 13:48:45.099 | INFO     | Pendulum.PendulumAPP:_processSerialData:120 - 📏 串口长度数据已更新: L18.374464 -> physical_length=18.374464
2025-09-02 13:48:45.102 | INFO     | Pendulum.PendulumAPP:_processSerialData:121 - 🔄 数据来源: 串口接收 -> PendulumState.physical_length
2025-09-02 13:48:45.124 | INFO     | Pendulum.PendulumAPP:_processSerialData:120 - 📏 串口长度数据已更新: L18.374464 -> physical_length=18.374464
2025-09-02 13:48:45.125 | INFO     | Pendulum.PendulumAPP:_processSerialData:121 - 🔄 数据来源: 串口接收 -> PendulumState.physical_length
2025-09-02 13:48:45.177 | INFO     | Pendulum.PendulumAPP:_processSerialData:120 - 📏 串口长度数据已更新: L18.374464 -> physical_length=18.374464
2025-09-02 13:48:45.179 | INFO     | Pendulum.PendulumAPP:_processSerialData:121 - 🔄 数据来源: 串口接收 -> PendulumState.physical_length
2025-09-02 13:48:45.199 | INFO     | Pendulum.PendulumAPP:_processSerialData:120 - 📏 串口长度数据已更新: L18.374464 -> physical_length=18.374464
2025-09-02 13:48:45.199 | INFO     | Pendulum.PendulumAPP:_processSerialData:121 - 🔄 数据来源: 串口接收 -> PendulumState.physical_length
2025-09-02 13:48:45.259 | INFO     | Pendulum.PendulumAPP:_processSerialData:120 - 📏 串口长度数据已更新: L18.374464 -> physical_length=18.374464
2025-09-02 13:48:45.260 | INFO     | Pendulum.PendulumAPP:_processSerialData:121 - 🔄 数据来源: 串口接收 -> PendulumState.physical_length
2025-09-02 13:48:45.280 | INFO     | Pendulum.PendulumAPP:_processSerialData:120 - 📏 串口长度数据已更新: L18.374464 -> physical_length=18.374464
2025-09-02 13:48:45.280 | INFO     | Pendulum.PendulumAPP:_processSerialData:121 - 🔄 数据来源: 串口接收 -> PendulumState.physical_length
2025-09-02 13:48:45.338 | INFO     | Pendulum.PendulumAPP:_processSerialData:120 - 📏 串口长度数据已更新: L18.374464 -> physical_length=18.374464
2025-09-02 13:48:45.340 | INFO     | Pendulum.PendulumAPP:_processSerialData:121 - 🔄 数据来源: 串口接收 -> PendulumState.physical_length
2025-09-02 13:48:45.361 | INFO     | Pendulum.PendulumAPP:_processSerialData:120 - 📏 串口长度数据已更新: L18.374464 -> physical_length=18.374464
2025-09-02 13:48:45.361 | INFO     | Pendulum.PendulumAPP:_processSerialData:121 - 🔄 数据来源: 串口接收 -> PendulumState.physical_length
2025-09-02 13:48:45.420 | INFO     | Pendulum.PendulumAPP:_processSerialData:120 - 📏 串口长度数据已更新: L18.374464 -> physical_length=18.374464
2025-09-02 13:48:45.422 | INFO     | Pendulum.PendulumAPP:_processSerialData:121 - 🔄 数据来源: 串口接收 -> PendulumState.physical_length
2025-09-02 13:48:45.447 | INFO     | Pendulum.PendulumAPP:_processSerialData:120 - 📏 串口长度数据已更新: L18.374464 -> physical_length=18.374464
2025-09-02 13:48:45.448 | INFO     | Pendulum.PendulumAPP:_processSerialData:121 - 🔄 数据来源: 串口接收 -> PendulumState.physical_length
2025-09-02 13:48:45.499 | INFO     | Pendulum.PendulumAPP:_processSerialData:120 - 📏 串口长度数据已更新: L18.374464 -> physical_length=18.374464
2025-09-02 13:48:45.502 | INFO     | Pendulum.PendulumAPP:_processSerialData:121 - 🔄 数据来源: 串口接收 -> PendulumState.physical_length
2025-09-02 13:48:45.527 | INFO     | Pendulum.PendulumAPP:_processSerialData:120 - 📏 串口长度数据已更新: L18.374464 -> physical_length=18.374464
2025-09-02 13:48:45.528 | INFO     | Pendulum.PendulumAPP:_processSerialData:121 - 🔄 数据来源: 串口接收 -> PendulumState.physical_length
2025-09-02 13:48:45.576 | INFO     | Pendulum.PendulumAPP:_processSerialData:120 - 📏 串口长度数据已更新: L18.374464 -> physical_length=18.374464
2025-09-02 13:48:45.577 | INFO     | Pendulum.PendulumAPP:_processSerialData:121 - 🔄 数据来源: 串口接收 -> PendulumState.physical_length
2025-09-02 13:48:45.599 | INFO     | Pendulum.PendulumAPP:_processSerialData:120 - 📏 串口长度数据已更新: L18.374464 -> physical_length=18.374464
2025-09-02 13:48:45.601 | INFO     | Pendulum.PendulumAPP:_processSerialData:121 - 🔄 数据来源: 串口接收 -> PendulumState.physical_length
2025-09-02 13:48:45.666 | INFO     | Pendulum.PendulumAPP:_processSerialData:120 - 📏 串口长度数据已更新: L18.374464 -> physical_length=18.374464
2025-09-02 13:48:45.666 | INFO     | Pendulum.PendulumAPP:_processSerialData:121 - 🔄 数据来源: 串口接收 -> PendulumState.physical_length
2025-09-02 13:48:45.688 | INFO     | Pendulum.PendulumAPP:_processSerialData:120 - 📏 串口长度数据已更新: L18.374464 -> physical_length=18.374464
2025-09-02 13:48:45.688 | INFO     | Pendulum.PendulumAPP:_processSerialData:121 - 🔄 数据来源: 串口接收 -> PendulumState.physical_length
2025-09-02 13:48:45.738 | INFO     | Pendulum.PendulumAPP:_processSerialData:120 - 📏 串口长度数据已更新: L18.374464 -> physical_length=18.374464
2025-09-02 13:48:45.738 | INFO     | Pendulum.PendulumAPP:_processSerialData:121 - 🔄 数据来源: 串口接收 -> PendulumState.physical_length
2025-09-02 13:48:45.761 | INFO     | Pendulum.PendulumAPP:_processSerialData:120 - 📏 串口长度数据已更新: L18.374464 -> physical_length=18.374464
2025-09-02 13:48:45.761 | INFO     | Pendulum.PendulumAPP:_processSerialData:121 - 🔄 数据来源: 串口接收 -> PendulumState.physical_length
2025-09-02 13:48:45.821 | INFO     | Pendulum.PendulumAPP:_processSerialData:120 - 📏 串口长度数据已更新: L18.374464 -> physical_length=18.374464
2025-09-02 13:48:45.822 | INFO     | Pendulum.PendulumAPP:_processSerialData:121 - 🔄 数据来源: 串口接收 -> PendulumState.physical_length
2025-09-02 13:48:45.846 | INFO     | Pendulum.PendulumAPP:_processSerialData:120 - 📏 串口长度数据已更新: L18.374464 -> physical_length=18.374464
2025-09-02 13:48:45.846 | INFO     | Pendulum.PendulumAPP:_processSerialData:121 - 🔄 数据来源: 串口接收 -> PendulumState.physical_length
2025-09-02 13:48:45.901 | INFO     | Pendulum.PendulumAPP:_processSerialData:120 - 📏 串口长度数据已更新: L18.374464 -> physical_length=18.374464
2025-09-02 13:48:45.902 | INFO     | Pendulum.PendulumAPP:_processSerialData:121 - 🔄 数据来源: 串口接收 -> PendulumState.physical_length
2025-09-02 13:48:45.925 | INFO     | Pendulum.PendulumAPP:_processSerialData:120 - 📏 串口长度数据已更新: L18.374464 -> physical_length=18.374464
2025-09-02 13:48:45.927 | INFO     | Pendulum.PendulumAPP:_processSerialData:121 - 🔄 数据来源: 串口接收 -> PendulumState.physical_length
2025-09-02 13:48:45.977 | INFO     | Pendulum.PendulumAPP:_processSerialData:120 - 📏 串口长度数据已更新: L18.374464 -> physical_length=18.374464
2025-09-02 13:48:45.978 | INFO     | Pendulum.PendulumAPP:_processSerialData:121 - 🔄 数据来源: 串口接收 -> PendulumState.physical_length
2025-09-02 13:48:46.002 | INFO     | Pendulum.PendulumAPP:_processSerialData:120 - 📏 串口长度数据已更新: L18.374464 -> physical_length=18.374464
2025-09-02 13:48:46.002 | INFO     | Pendulum.PendulumAPP:_processSerialData:121 - 🔄 数据来源: 串口接收 -> PendulumState.physical_length
2025-09-02 13:48:46.058 | INFO     | Pendulum.PendulumAPP:_processSerialData:120 - 📏 串口长度数据已更新: L18.374464 -> physical_length=18.374464
2025-09-02 13:48:46.061 | INFO     | Pendulum.PendulumAPP:_processSerialData:121 - 🔄 数据来源: 串口接收 -> PendulumState.physical_length
2025-09-02 13:48:46.087 | INFO     | Pendulum.PendulumAPP:_processSerialData:120 - 📏 串口长度数据已更新: L18.374464 -> physical_length=18.374464
2025-09-02 13:48:46.087 | INFO     | Pendulum.PendulumAPP:_processSerialData:121 - 🔄 数据来源: 串口接收 -> PendulumState.physical_length
2025-09-02 13:48:46.139 | INFO     | Pendulum.PendulumAPP:_processSerialData:120 - 📏 串口长度数据已更新: L18.374464 -> physical_length=18.374464
2025-09-02 13:48:46.141 | INFO     | Pendulum.PendulumAPP:_processSerialData:121 - 🔄 数据来源: 串口接收 -> PendulumState.physical_length
2025-09-02 13:48:46.165 | INFO     | Pendulum.PendulumAPP:_processSerialData:120 - 📏 串口长度数据已更新: L18.374464 -> physical_length=18.374464
2025-09-02 13:48:46.166 | INFO     | Pendulum.PendulumAPP:_processSerialData:121 - 🔄 数据来源: 串口接收 -> PendulumState.physical_length
2025-09-02 13:48:46.226 | INFO     | Pendulum.PendulumAPP:_processSerialData:120 - 📏 串口长度数据已更新: L18.374464 -> physical_length=18.374464
2025-09-02 13:48:46.226 | INFO     | Pendulum.PendulumAPP:_processSerialData:121 - 🔄 数据来源: 串口接收 -> PendulumState.physical_length
2025-09-02 13:48:46.252 | INFO     | Pendulum.PendulumAPP:_processSerialData:120 - 📏 串口长度数据已更新: L18.374464 -> physical_length=18.374464
2025-09-02 13:48:46.252 | INFO     | Pendulum.PendulumAPP:_processSerialData:121 - 🔄 数据来源: 串口接收 -> PendulumState.physical_length
2025-09-02 13:48:46.300 | INFO     | Pendulum.PendulumAPP:_processSerialData:120 - 📏 串口长度数据已更新: L18.374464 -> physical_length=18.374464
2025-09-02 13:48:46.300 | INFO     | Pendulum.PendulumAPP:_processSerialData:121 - 🔄 数据来源: 串口接收 -> PendulumState.physical_length
2025-09-02 13:48:46.320 | INFO     | Pendulum.PendulumAPP:_processSerialData:120 - 📏 串口长度数据已更新: L18.374464 -> physical_length=18.374464
2025-09-02 13:48:46.320 | INFO     | Pendulum.PendulumAPP:_processSerialData:121 - 🔄 数据来源: 串口接收 -> PendulumState.physical_length
2025-09-02 13:48:46.380 | INFO     | Pendulum.PendulumAPP:_processSerialData:120 - 📏 串口长度数据已更新: L18.374464 -> physical_length=18.374464
2025-09-02 13:48:46.380 | INFO     | Pendulum.PendulumAPP:_processSerialData:121 - 🔄 数据来源: 串口接收 -> PendulumState.physical_length
2025-09-02 13:48:46.401 | INFO     | Pendulum.PendulumAPP:_processSerialData:120 - 📏 串口长度数据已更新: L18.374464 -> physical_length=18.374464
2025-09-02 13:48:46.401 | INFO     | Pendulum.PendulumAPP:_processSerialData:121 - 🔄 数据来源: 串口接收 -> PendulumState.physical_length
2025-09-02 13:48:46.455 | INFO     | Pendulum.PendulumAPP:_processSerialData:120 - 📏 串口长度数据已更新: L18.374464 -> physical_length=18.374464
2025-09-02 13:48:46.456 | INFO     | Pendulum.PendulumAPP:_processSerialData:121 - 🔄 数据来源: 串口接收 -> PendulumState.physical_length
2025-09-02 13:48:46.476 | INFO     | Pendulum.PendulumAPP:_processSerialData:120 - 📏 串口长度数据已更新: L18.374464 -> physical_length=18.374464
2025-09-02 13:48:46.476 | INFO     | Pendulum.PendulumAPP:_processSerialData:121 - 🔄 数据来源: 串口接收 -> PendulumState.physical_length
2025-09-02 13:48:46.537 | INFO     | Pendulum.PendulumAPP:_processSerialData:120 - 📏 串口长度数据已更新: L18.374464 -> physical_length=18.374464
2025-09-02 13:48:46.537 | INFO     | Pendulum.PendulumAPP:_processSerialData:121 - 🔄 数据来源: 串口接收 -> PendulumState.physical_length
2025-09-02 13:48:46.561 | INFO     | Pendulum.PendulumAPP:_processSerialData:120 - 📏 串口长度数据已更新: L18.374464 -> physical_length=18.374464
2025-09-02 13:48:46.561 | INFO     | Pendulum.PendulumAPP:_processSerialData:121 - 🔄 数据来源: 串口接收 -> PendulumState.physical_length
2025-09-02 13:48:46.626 | INFO     | Pendulum.PendulumAPP:_processSerialData:120 - 📏 串口长度数据已更新: L18.374464 -> physical_length=18.374464
2025-09-02 13:48:46.626 | INFO     | Pendulum.PendulumAPP:_processSerialData:121 - 🔄 数据来源: 串口接收 -> PendulumState.physical_length
2025-09-02 13:48:46.647 | INFO     | Pendulum.PendulumAPP:_processSerialData:120 - 📏 串口长度数据已更新: L18.374464 -> physical_length=18.374464
2025-09-02 13:48:46.649 | INFO     | Pendulum.PendulumAPP:_processSerialData:121 - 🔄 数据来源: 串口接收 -> PendulumState.physical_length
2025-09-02 13:48:46.707 | INFO     | Pendulum.PendulumAPP:_processSerialData:120 - 📏 串口长度数据已更新: L18.374464 -> physical_length=18.374464
2025-09-02 13:48:46.708 | INFO     | Pendulum.PendulumAPP:_processSerialData:121 - 🔄 数据来源: 串口接收 -> PendulumState.physical_length
2025-09-02 13:48:46.727 | INFO     | Pendulum.PendulumAPP:_processSerialData:120 - 📏 串口长度数据已更新: L18.374464 -> physical_length=18.374464
2025-09-02 13:48:46.728 | INFO     | Pendulum.PendulumAPP:_processSerialData:121 - 🔄 数据来源: 串口接收 -> PendulumState.physical_length
2025-09-02 13:48:46.779 | INFO     | Pendulum.PendulumAPP:_processSerialData:120 - 📏 串口长度数据已更新: L18.374464 -> physical_length=18.374464
2025-09-02 13:48:46.781 | INFO     | Pendulum.PendulumAPP:_processSerialData:121 - 🔄 数据来源: 串口接收 -> PendulumState.physical_length
2025-09-02 13:48:46.806 | INFO     | Pendulum.PendulumAPP:_processSerialData:120 - 📏 串口长度数据已更新: L18.374464 -> physical_length=18.374464
2025-09-02 13:48:46.807 | INFO     | Pendulum.PendulumAPP:_processSerialData:121 - 🔄 数据来源: 串口接收 -> PendulumState.physical_length
2025-09-02 13:48:46.857 | INFO     | Pendulum.PendulumAPP:_processSerialData:120 - 📏 串口长度数据已更新: L18.374464 -> physical_length=18.374464
2025-09-02 13:48:46.860 | INFO     | Pendulum.PendulumAPP:_processSerialData:121 - 🔄 数据来源: 串口接收 -> PendulumState.physical_length
2025-09-02 13:48:46.883 | INFO     | Pendulum.PendulumAPP:_processSerialData:120 - 📏 串口长度数据已更新: L18.374464 -> physical_length=18.374464
2025-09-02 13:48:46.884 | INFO     | Pendulum.PendulumAPP:_processSerialData:121 - 🔄 数据来源: 串口接收 -> PendulumState.physical_length
2025-09-02 13:48:46.948 | INFO     | Pendulum.PendulumAPP:_processSerialData:120 - 📏 串口长度数据已更新: L18.374464 -> physical_length=18.374464
2025-09-02 13:48:46.948 | INFO     | Pendulum.PendulumAPP:_processSerialData:121 - 🔄 数据来源: 串口接收 -> PendulumState.physical_length
2025-09-02 13:48:46.970 | INFO     | Pendulum.PendulumAPP:_processSerialData:120 - 📏 串口长度数据已更新: L18.374464 -> physical_length=18.374464
2025-09-02 13:48:46.971 | INFO     | Pendulum.PendulumAPP:_processSerialData:121 - 🔄 数据来源: 串口接收 -> PendulumState.physical_length
2025-09-02 13:48:47.015 | INFO     | Pendulum.PendulumAPP:_processSerialData:120 - 📏 串口长度数据已更新: L18.374464 -> physical_length=18.374464
2025-09-02 13:48:47.015 | INFO     | Pendulum.PendulumAPP:_processSerialData:121 - 🔄 数据来源: 串口接收 -> PendulumState.physical_length
2025-09-02 13:48:47.041 | INFO     | Pendulum.PendulumAPP:_processSerialData:120 - 📏 串口长度数据已更新: L18.374464 -> physical_length=18.374464
2025-09-02 13:48:47.041 | INFO     | Pendulum.PendulumAPP:_processSerialData:121 - 🔄 数据来源: 串口接收 -> PendulumState.physical_length
2025-09-02 13:48:47.100 | INFO     | Pendulum.PendulumAPP:_processSerialData:120 - 📏 串口长度数据已更新: L18.374464 -> physical_length=18.374464
2025-09-02 13:48:47.102 | INFO     | Pendulum.PendulumAPP:_processSerialData:121 - 🔄 数据来源: 串口接收 -> PendulumState.physical_length
2025-09-02 13:48:47.123 | INFO     | Pendulum.PendulumAPP:_processSerialData:120 - 📏 串口长度数据已更新: L18.374464 -> physical_length=18.374464
2025-09-02 13:48:47.124 | INFO     | Pendulum.PendulumAPP:_processSerialData:121 - 🔄 数据来源: 串口接收 -> PendulumState.physical_length
2025-09-02 13:48:47.178 | INFO     | Pendulum.PendulumAPP:_processSerialData:120 - 📏 串口长度数据已更新: L18.374464 -> physical_length=18.374464
2025-09-02 13:48:47.178 | INFO     | Pendulum.PendulumAPP:_processSerialData:121 - 🔄 数据来源: 串口接收 -> PendulumState.physical_length
2025-09-02 13:48:47.199 | INFO     | Pendulum.PendulumAPP:_processSerialData:120 - 📏 串口长度数据已更新: L18.374464 -> physical_length=18.374464
2025-09-02 13:48:47.199 | INFO     | Pendulum.PendulumAPP:_processSerialData:121 - 🔄 数据来源: 串口接收 -> PendulumState.physical_length
2025-09-02 13:48:47.265 | INFO     | Pendulum.PendulumAPP:_processSerialData:120 - 📏 串口长度数据已更新: L18.374464 -> physical_length=18.374464
2025-09-02 13:48:47.266 | INFO     | Pendulum.PendulumAPP:_processSerialData:121 - 🔄 数据来源: 串口接收 -> PendulumState.physical_length
2025-09-02 13:48:47.290 | INFO     | Pendulum.PendulumAPP:_processSerialData:120 - 📏 串口长度数据已更新: L18.374464 -> physical_length=18.374464
2025-09-02 13:48:47.293 | INFO     | Pendulum.PendulumAPP:_processSerialData:121 - 🔄 数据来源: 串口接收 -> PendulumState.physical_length
2025-09-02 13:48:47.338 | INFO     | Pendulum.PendulumAPP:_processSerialData:120 - 📏 串口长度数据已更新: L18.374464 -> physical_length=18.374464
2025-09-02 13:48:47.339 | INFO     | Pendulum.PendulumAPP:_processSerialData:121 - 🔄 数据来源: 串口接收 -> PendulumState.physical_length
2025-09-02 13:48:47.362 | INFO     | Pendulum.PendulumAPP:_processSerialData:120 - 📏 串口长度数据已更新: L18.374464 -> physical_length=18.374464
2025-09-02 13:48:47.362 | INFO     | Pendulum.PendulumAPP:_processSerialData:121 - 🔄 数据来源: 串口接收 -> PendulumState.physical_length
2025-09-02 13:48:47.416 | INFO     | Pendulum.PendulumAPP:_processSerialData:120 - 📏 串口长度数据已更新: L18.374464 -> physical_length=18.374464
2025-09-02 13:48:47.417 | INFO     | Pendulum.PendulumAPP:_processSerialData:121 - 🔄 数据来源: 串口接收 -> PendulumState.physical_length
2025-09-02 13:48:47.439 | INFO     | Pendulum.PendulumAPP:_processSerialData:120 - 📏 串口长度数据已更新: L18.374464 -> physical_length=18.374464
2025-09-02 13:48:47.439 | INFO     | Pendulum.PendulumAPP:_processSerialData:121 - 🔄 数据来源: 串口接收 -> PendulumState.physical_length
2025-09-02 13:48:47.501 | INFO     | Pendulum.PendulumAPP:_processSerialData:120 - 📏 串口长度数据已更新: L18.374464 -> physical_length=18.374464
2025-09-02 13:48:47.501 | INFO     | Pendulum.PendulumAPP:_processSerialData:121 - 🔄 数据来源: 串口接收 -> PendulumState.physical_length
2025-09-02 13:48:47.526 | INFO     | Pendulum.PendulumAPP:_processSerialData:120 - 📏 串口长度数据已更新: L18.374464 -> physical_length=18.374464
2025-09-02 13:48:47.527 | INFO     | Pendulum.PendulumAPP:_processSerialData:121 - 🔄 数据来源: 串口接收 -> PendulumState.physical_length
2025-09-02 13:48:47.582 | INFO     | Pendulum.PendulumAPP:_processSerialData:120 - 📏 串口长度数据已更新: L18.374464 -> physical_length=18.374464
2025-09-02 13:48:47.583 | INFO     | Pendulum.PendulumAPP:_processSerialData:121 - 🔄 数据来源: 串口接收 -> PendulumState.physical_length
2025-09-02 13:48:47.607 | INFO     | Pendulum.PendulumAPP:_processSerialData:120 - 📏 串口长度数据已更新: L18.374464 -> physical_length=18.374464
2025-09-02 13:48:47.608 | INFO     | Pendulum.PendulumAPP:_processSerialData:121 - 🔄 数据来源: 串口接收 -> PendulumState.physical_length
2025-09-02 13:48:47.662 | INFO     | Pendulum.PendulumAPP:_processSerialData:120 - 📏 串口长度数据已更新: L18.374464 -> physical_length=18.374464
2025-09-02 13:48:47.662 | INFO     | Pendulum.PendulumAPP:_processSerialData:121 - 🔄 数据来源: 串口接收 -> PendulumState.physical_length
2025-09-02 13:48:47.686 | INFO     | Pendulum.PendulumAPP:_processSerialData:120 - 📏 串口长度数据已更新: L18.374464 -> physical_length=18.374464
2025-09-02 13:48:47.686 | INFO     | Pendulum.PendulumAPP:_processSerialData:121 - 🔄 数据来源: 串口接收 -> PendulumState.physical_length
2025-09-02 13:48:47.736 | INFO     | Pendulum.PendulumAPP:_processSerialData:120 - 📏 串口长度数据已更新: L18.374464 -> physical_length=18.374464
2025-09-02 13:48:47.737 | INFO     | Pendulum.PendulumAPP:_processSerialData:121 - 🔄 数据来源: 串口接收 -> PendulumState.physical_length
2025-09-02 13:48:47.759 | INFO     | Pendulum.PendulumAPP:_processSerialData:120 - 📏 串口长度数据已更新: L18.374464 -> physical_length=18.374464
2025-09-02 13:48:47.760 | INFO     | Pendulum.PendulumAPP:_processSerialData:121 - 🔄 数据来源: 串口接收 -> PendulumState.physical_length
2025-09-02 13:48:47.819 | INFO     | Pendulum.PendulumAPP:_processSerialData:120 - 📏 串口长度数据已更新: L18.374464 -> physical_length=18.374464
2025-09-02 13:48:47.821 | INFO     | Pendulum.PendulumAPP:_processSerialData:121 - 🔄 数据来源: 串口接收 -> PendulumState.physical_length
2025-09-02 13:48:47.841 | INFO     | Pendulum.PendulumAPP:_processSerialData:120 - 📏 串口长度数据已更新: L18.374464 -> physical_length=18.374464
2025-09-02 13:48:47.841 | INFO     | Pendulum.PendulumAPP:_processSerialData:121 - 🔄 数据来源: 串口接收 -> PendulumState.physical_length
2025-09-02 13:48:47.902 | INFO     | Pendulum.PendulumAPP:_processSerialData:120 - 📏 串口长度数据已更新: L18.374464 -> physical_length=18.374464
2025-09-02 13:48:47.903 | INFO     | Pendulum.PendulumAPP:_processSerialData:121 - 🔄 数据来源: 串口接收 -> PendulumState.physical_length
2025-09-02 13:48:47.924 | INFO     | Pendulum.PendulumAPP:_processSerialData:120 - 📏 串口长度数据已更新: L18.374464 -> physical_length=18.374464
2025-09-02 13:48:47.925 | INFO     | Pendulum.PendulumAPP:_processSerialData:121 - 🔄 数据来源: 串口接收 -> PendulumState.physical_length
2025-09-02 13:48:47.981 | INFO     | Pendulum.PendulumAPP:_processSerialData:120 - 📏 串口长度数据已更新: L18.374464 -> physical_length=18.374464
2025-09-02 13:48:47.981 | INFO     | Pendulum.PendulumAPP:_processSerialData:121 - 🔄 数据来源: 串口接收 -> PendulumState.physical_length
2025-09-02 13:48:48.006 | INFO     | Pendulum.PendulumAPP:_processSerialData:120 - 📏 串口长度数据已更新: L18.374464 -> physical_length=18.374464
2025-09-02 13:48:48.006 | INFO     | Pendulum.PendulumAPP:_processSerialData:121 - 🔄 数据来源: 串口接收 -> PendulumState.physical_length
2025-09-02 13:48:48.064 | INFO     | Pendulum.PendulumAPP:_processSerialData:120 - 📏 串口长度数据已更新: L18.374464 -> physical_length=18.374464
2025-09-02 13:48:48.064 | INFO     | Pendulum.PendulumAPP:_processSerialData:121 - 🔄 数据来源: 串口接收 -> PendulumState.physical_length
2025-09-02 13:48:48.087 | INFO     | Pendulum.PendulumAPP:_processSerialData:120 - 📏 串口长度数据已更新: L18.374464 -> physical_length=18.374464
2025-09-02 13:48:48.087 | INFO     | Pendulum.PendulumAPP:_processSerialData:121 - 🔄 数据来源: 串口接收 -> PendulumState.physical_length
2025-09-02 13:48:48.137 | INFO     | Pendulum.PendulumAPP:_processSerialData:120 - 📏 串口长度数据已更新: L18.374464 -> physical_length=18.374464
2025-09-02 13:48:48.137 | INFO     | Pendulum.PendulumAPP:_processSerialData:121 - 🔄 数据来源: 串口接收 -> PendulumState.physical_length
2025-09-02 13:48:48.160 | INFO     | Pendulum.PendulumAPP:_processSerialData:120 - 📏 串口长度数据已更新: L18.374464 -> physical_length=18.374464
2025-09-02 13:48:48.160 | INFO     | Pendulum.PendulumAPP:_processSerialData:121 - 🔄 数据来源: 串口接收 -> PendulumState.physical_length
2025-09-02 13:48:48.216 | INFO     | Pendulum.PendulumAPP:_processSerialData:120 - 📏 串口长度数据已更新: L18.374464 -> physical_length=18.374464
2025-09-02 13:48:48.218 | INFO     | Pendulum.PendulumAPP:_processSerialData:121 - 🔄 数据来源: 串口接收 -> PendulumState.physical_length
2025-09-02 13:48:48.239 | INFO     | Pendulum.PendulumAPP:_processSerialData:120 - 📏 串口长度数据已更新: L18.374464 -> physical_length=18.374464
2025-09-02 13:48:48.240 | INFO     | Pendulum.PendulumAPP:_processSerialData:121 - 🔄 数据来源: 串口接收 -> PendulumState.physical_length
2025-09-02 13:48:48.298 | INFO     | Pendulum.PendulumAPP:_processSerialData:120 - 📏 串口长度数据已更新: L18.374464 -> physical_length=18.374464
2025-09-02 13:48:48.299 | INFO     | Pendulum.PendulumAPP:_processSerialData:121 - 🔄 数据来源: 串口接收 -> PendulumState.physical_length
2025-09-02 13:48:48.321 | INFO     | Pendulum.PendulumAPP:_processSerialData:120 - 📏 串口长度数据已更新: L18.374464 -> physical_length=18.374464
2025-09-02 13:48:48.321 | INFO     | Pendulum.PendulumAPP:_processSerialData:121 - 🔄 数据来源: 串口接收 -> PendulumState.physical_length
2025-09-02 13:48:48.380 | INFO     | Pendulum.PendulumAPP:_processSerialData:120 - 📏 串口长度数据已更新: L18.374464 -> physical_length=18.374464
2025-09-02 13:48:48.381 | INFO     | Pendulum.PendulumAPP:_processSerialData:121 - 🔄 数据来源: 串口接收 -> PendulumState.physical_length
2025-09-02 13:48:48.401 | INFO     | Pendulum.PendulumAPP:_processSerialData:120 - 📏 串口长度数据已更新: L18.374464 -> physical_length=18.374464
2025-09-02 13:48:48.401 | INFO     | Pendulum.PendulumAPP:_processSerialData:121 - 🔄 数据来源: 串口接收 -> PendulumState.physical_length
2025-09-02 13:48:48.465 | INFO     | Pendulum.PendulumAPP:_processSerialData:120 - 📏 串口长度数据已更新: L18.374464 -> physical_length=18.374464
2025-09-02 13:48:48.467 | INFO     | Pendulum.PendulumAPP:_processSerialData:121 - 🔄 数据来源: 串口接收 -> PendulumState.physical_length
2025-09-02 13:48:48.490 | INFO     | Pendulum.PendulumAPP:_processSerialData:120 - 📏 串口长度数据已更新: L18.374464 -> physical_length=18.374464
2025-09-02 13:48:48.494 | INFO     | Pendulum.PendulumAPP:_processSerialData:121 - 🔄 数据来源: 串口接收 -> PendulumState.physical_length
2025-09-02 13:48:48.540 | INFO     | Pendulum.PendulumAPP:_processSerialData:120 - 📏 串口长度数据已更新: L18.374464 -> physical_length=18.374464
2025-09-02 13:48:48.540 | INFO     | Pendulum.PendulumAPP:_processSerialData:121 - 🔄 数据来源: 串口接收 -> PendulumState.physical_length
2025-09-02 13:48:48.564 | INFO     | Pendulum.PendulumAPP:_processSerialData:120 - 📏 串口长度数据已更新: L18.374464 -> physical_length=18.374464
2025-09-02 13:48:48.564 | INFO     | Pendulum.PendulumAPP:_processSerialData:121 - 🔄 数据来源: 串口接收 -> PendulumState.physical_length
2025-09-02 13:48:48.619 | INFO     | Pendulum.PendulumAPP:_processSerialData:120 - 📏 串口长度数据已更新: L18.374464 -> physical_length=18.374464
2025-09-02 13:48:48.621 | INFO     | Pendulum.PendulumAPP:_processSerialData:121 - 🔄 数据来源: 串口接收 -> PendulumState.physical_length
2025-09-02 13:48:48.644 | INFO     | Pendulum.PendulumAPP:_processSerialData:120 - 📏 串口长度数据已更新: L18.374464 -> physical_length=18.374464
2025-09-02 13:48:48.646 | INFO     | Pendulum.PendulumAPP:_processSerialData:121 - 🔄 数据来源: 串口接收 -> PendulumState.physical_length
2025-09-02 13:48:48.696 | INFO     | Pendulum.PendulumAPP:_processSerialData:120 - 📏 串口长度数据已更新: L18.374464 -> physical_length=18.374464
2025-09-02 13:48:48.697 | INFO     | Pendulum.PendulumAPP:_processSerialData:121 - 🔄 数据来源: 串口接收 -> PendulumState.physical_length
2025-09-02 13:48:48.718 | INFO     | Pendulum.PendulumAPP:_processSerialData:120 - 📏 串口长度数据已更新: L18.374464 -> physical_length=18.374464
2025-09-02 13:48:48.719 | INFO     | Pendulum.PendulumAPP:_processSerialData:121 - 🔄 数据来源: 串口接收 -> PendulumState.physical_length
2025-09-02 13:48:48.780 | INFO     | Pendulum.PendulumAPP:_processSerialData:120 - 📏 串口长度数据已更新: L18.374464 -> physical_length=18.374464
2025-09-02 13:48:48.780 | INFO     | Pendulum.PendulumAPP:_processSerialData:121 - 🔄 数据来源: 串口接收 -> PendulumState.physical_length
2025-09-02 13:48:48.807 | INFO     | Pendulum.PendulumAPP:_processSerialData:120 - 📏 串口长度数据已更新: L18.374464 -> physical_length=18.374464
2025-09-02 13:48:48.807 | INFO     | Pendulum.PendulumAPP:_processSerialData:121 - 🔄 数据来源: 串口接收 -> PendulumState.physical_length
2025-09-02 13:48:48.856 | INFO     | Pendulum.PendulumAPP:_processSerialData:120 - 📏 串口长度数据已更新: L18.374464 -> physical_length=18.374464
2025-09-02 13:48:48.857 | INFO     | Pendulum.PendulumAPP:_processSerialData:121 - 🔄 数据来源: 串口接收 -> PendulumState.physical_length
2025-09-02 13:48:48.878 | INFO     | Pendulum.PendulumAPP:_processSerialData:120 - 📏 串口长度数据已更新: L18.374464 -> physical_length=18.374464
2025-09-02 13:48:48.878 | INFO     | Pendulum.PendulumAPP:_processSerialData:121 - 🔄 数据来源: 串口接收 -> PendulumState.physical_length
2025-09-02 13:48:48.939 | INFO     | Pendulum.PendulumAPP:_processSerialData:120 - 📏 串口长度数据已更新: L18.374464 -> physical_length=18.374464
2025-09-02 13:48:48.941 | INFO     | Pendulum.PendulumAPP:_processSerialData:121 - 🔄 数据来源: 串口接收 -> PendulumState.physical_length
2025-09-02 13:48:48.964 | INFO     | Pendulum.PendulumAPP:_processSerialData:120 - 📏 串口长度数据已更新: L18.374464 -> physical_length=18.374464
2025-09-02 13:48:48.964 | INFO     | Pendulum.PendulumAPP:_processSerialData:121 - 🔄 数据来源: 串口接收 -> PendulumState.physical_length
2025-09-02 13:48:49.025 | INFO     | Pendulum.PendulumAPP:_processSerialData:120 - 📏 串口长度数据已更新: L18.374464 -> physical_length=18.374464
2025-09-02 13:48:49.026 | INFO     | Pendulum.PendulumAPP:_processSerialData:121 - 🔄 数据来源: 串口接收 -> PendulumState.physical_length
2025-09-02 13:48:49.050 | INFO     | Pendulum.PendulumAPP:_processSerialData:120 - 📏 串口长度数据已更新: L18.374464 -> physical_length=18.374464
2025-09-02 13:48:49.052 | INFO     | Pendulum.PendulumAPP:_processSerialData:121 - 🔄 数据来源: 串口接收 -> PendulumState.physical_length
2025-09-02 13:48:49.100 | INFO     | Pendulum.PendulumAPP:_processSerialData:120 - 📏 串口长度数据已更新: L18.374464 -> physical_length=18.374464
2025-09-02 13:48:49.101 | INFO     | Pendulum.PendulumAPP:_processSerialData:121 - 🔄 数据来源: 串口接收 -> PendulumState.physical_length
2025-09-02 13:48:49.120 | INFO     | Pendulum.PendulumAPP:_processSerialData:120 - 📏 串口长度数据已更新: L18.374464 -> physical_length=18.374464
2025-09-02 13:48:49.122 | INFO     | Pendulum.PendulumAPP:_processSerialData:121 - 🔄 数据来源: 串口接收 -> PendulumState.physical_length
2025-09-02 13:48:49.185 | INFO     | Pendulum.PendulumAPP:_processSerialData:120 - 📏 串口长度数据已更新: L18.374464 -> physical_length=18.374464
2025-09-02 13:48:49.185 | INFO     | Pendulum.PendulumAPP:_processSerialData:121 - 🔄 数据来源: 串口接收 -> PendulumState.physical_length
2025-09-02 13:48:49.209 | INFO     | Pendulum.PendulumAPP:_processSerialData:120 - 📏 串口长度数据已更新: L18.374464 -> physical_length=18.374464
2025-09-02 13:48:49.210 | INFO     | Pendulum.PendulumAPP:_processSerialData:121 - 🔄 数据来源: 串口接收 -> PendulumState.physical_length
2025-09-02 13:48:49.258 | INFO     | Pendulum.PendulumAPP:_processSerialData:120 - 📏 串口长度数据已更新: L18.374464 -> physical_length=18.374464
2025-09-02 13:48:49.258 | INFO     | Pendulum.PendulumAPP:_processSerialData:121 - 🔄 数据来源: 串口接收 -> PendulumState.physical_length
2025-09-02 13:48:49.279 | INFO     | Pendulum.PendulumAPP:_processSerialData:120 - 📏 串口长度数据已更新: L18.374464 -> physical_length=18.374464
2025-09-02 13:48:49.279 | INFO     | Pendulum.PendulumAPP:_processSerialData:121 - 🔄 数据来源: 串口接收 -> PendulumState.physical_length
2025-09-02 13:48:49.341 | INFO     | Pendulum.PendulumAPP:_processSerialData:120 - 📏 串口长度数据已更新: L18.374464 -> physical_length=18.374464
2025-09-02 13:48:49.343 | INFO     | Pendulum.PendulumAPP:_processSerialData:121 - 🔄 数据来源: 串口接收 -> PendulumState.physical_length
2025-09-02 13:48:49.365 | INFO     | Pendulum.PendulumAPP:_processSerialData:120 - 📏 串口长度数据已更新: L18.374464 -> physical_length=18.374464
2025-09-02 13:48:49.366 | INFO     | Pendulum.PendulumAPP:_processSerialData:121 - 🔄 数据来源: 串口接收 -> PendulumState.physical_length
2025-09-02 13:48:49.415 | INFO     | Pendulum.PendulumAPP:_processSerialData:120 - 📏 串口长度数据已更新: L18.374464 -> physical_length=18.374464
2025-09-02 13:48:49.416 | INFO     | Pendulum.PendulumAPP:_processSerialData:121 - 🔄 数据来源: 串口接收 -> PendulumState.physical_length
2025-09-02 13:48:49.439 | INFO     | Pendulum.PendulumAPP:_processSerialData:120 - 📏 串口长度数据已更新: L18.374464 -> physical_length=18.374464
2025-09-02 13:48:49.440 | INFO     | Pendulum.PendulumAPP:_processSerialData:121 - 🔄 数据来源: 串口接收 -> PendulumState.physical_length
2025-09-02 13:48:49.502 | INFO     | Pendulum.PendulumAPP:_processSerialData:120 - 📏 串口长度数据已更新: L18.374464 -> physical_length=18.374464
2025-09-02 13:48:49.503 | INFO     | Pendulum.PendulumAPP:_processSerialData:121 - 🔄 数据来源: 串口接收 -> PendulumState.physical_length
2025-09-02 13:48:49.526 | INFO     | Pendulum.PendulumAPP:_processSerialData:120 - 📏 串口长度数据已更新: L18.374464 -> physical_length=18.374464
2025-09-02 13:48:49.526 | INFO     | Pendulum.PendulumAPP:_processSerialData:121 - 🔄 数据来源: 串口接收 -> PendulumState.physical_length
2025-09-02 13:48:49.580 | INFO     | Pendulum.PendulumAPP:_processSerialData:120 - 📏 串口长度数据已更新: L18.374464 -> physical_length=18.374464
2025-09-02 13:48:49.581 | INFO     | Pendulum.PendulumAPP:_processSerialData:121 - 🔄 数据来源: 串口接收 -> PendulumState.physical_length
2025-09-02 13:48:49.605 | INFO     | Pendulum.PendulumAPP:_processSerialData:120 - 📏 串口长度数据已更新: L18.374464 -> physical_length=18.374464
2025-09-02 13:48:49.605 | INFO     | Pendulum.PendulumAPP:_processSerialData:121 - 🔄 数据来源: 串口接收 -> PendulumState.physical_length
2025-09-02 13:48:49.658 | INFO     | Pendulum.PendulumAPP:_processSerialData:120 - 📏 串口长度数据已更新: L18.374464 -> physical_length=18.374464
2025-09-02 13:48:49.659 | INFO     | Pendulum.PendulumAPP:_processSerialData:121 - 🔄 数据来源: 串口接收 -> PendulumState.physical_length
2025-09-02 13:48:49.680 | INFO     | Pendulum.PendulumAPP:_processSerialData:120 - 📏 串口长度数据已更新: L18.374464 -> physical_length=18.374464
2025-09-02 13:48:49.680 | INFO     | Pendulum.PendulumAPP:_processSerialData:121 - 🔄 数据来源: 串口接收 -> PendulumState.physical_length
2025-09-02 13:48:49.738 | INFO     | Pendulum.PendulumAPP:_processSerialData:120 - 📏 串口长度数据已更新: L18.374464 -> physical_length=18.374464
2025-09-02 13:48:49.739 | INFO     | Pendulum.PendulumAPP:_processSerialData:121 - 🔄 数据来源: 串口接收 -> PendulumState.physical_length
2025-09-02 13:48:49.760 | INFO     | Pendulum.PendulumAPP:_processSerialData:120 - 📏 串口长度数据已更新: L18.374464 -> physical_length=18.374464
2025-09-02 13:48:49.760 | INFO     | Pendulum.PendulumAPP:_processSerialData:121 - 🔄 数据来源: 串口接收 -> PendulumState.physical_length
2025-09-02 13:48:49.819 | INFO     | Pendulum.PendulumAPP:_processSerialData:120 - 📏 串口长度数据已更新: L18.374464 -> physical_length=18.374464
2025-09-02 13:48:49.820 | INFO     | Pendulum.PendulumAPP:_processSerialData:121 - 🔄 数据来源: 串口接收 -> PendulumState.physical_length
2025-09-02 13:48:49.839 | INFO     | Pendulum.PendulumAPP:_processSerialData:120 - 📏 串口长度数据已更新: L18.374464 -> physical_length=18.374464
2025-09-02 13:48:49.840 | INFO     | Pendulum.PendulumAPP:_processSerialData:121 - 🔄 数据来源: 串口接收 -> PendulumState.physical_length
2025-09-02 13:48:49.902 | INFO     | Pendulum.PendulumAPP:_processSerialData:120 - 📏 串口长度数据已更新: L18.374464 -> physical_length=18.374464
2025-09-02 13:48:49.903 | INFO     | Pendulum.PendulumAPP:_processSerialData:121 - 🔄 数据来源: 串口接收 -> PendulumState.physical_length
2025-09-02 13:48:49.923 | INFO     | Pendulum.PendulumAPP:_processSerialData:120 - 📏 串口长度数据已更新: L18.374464 -> physical_length=18.374464
2025-09-02 13:48:49.924 | INFO     | Pendulum.PendulumAPP:_processSerialData:121 - 🔄 数据来源: 串口接收 -> PendulumState.physical_length
2025-09-02 13:48:49.978 | INFO     | Pendulum.PendulumAPP:_processSerialData:120 - 📏 串口长度数据已更新: L18.374464 -> physical_length=18.374464
2025-09-02 13:48:49.982 | INFO     | Pendulum.PendulumAPP:_processSerialData:121 - 🔄 数据来源: 串口接收 -> PendulumState.physical_length
2025-09-02 13:48:50.005 | INFO     | Pendulum.PendulumAPP:_processSerialData:120 - 📏 串口长度数据已更新: L18.374464 -> physical_length=18.374464
2025-09-02 13:48:50.006 | INFO     | Pendulum.PendulumAPP:_processSerialData:121 - 🔄 数据来源: 串口接收 -> PendulumState.physical_length
2025-09-02 13:48:50.066 | INFO     | Pendulum.PendulumAPP:_processSerialData:120 - 📏 串口长度数据已更新: L18.374464 -> physical_length=18.374464
2025-09-02 13:48:50.067 | INFO     | Pendulum.PendulumAPP:_processSerialData:121 - 🔄 数据来源: 串口接收 -> PendulumState.physical_length
2025-09-02 13:48:50.087 | INFO     | Pendulum.PendulumAPP:_processSerialData:120 - 📏 串口长度数据已更新: L18.374464 -> physical_length=18.374464
2025-09-02 13:48:50.088 | INFO     | Pendulum.PendulumAPP:_processSerialData:121 - 🔄 数据来源: 串口接收 -> PendulumState.physical_length
2025-09-02 13:48:50.139 | INFO     | Pendulum.PendulumAPP:_processSerialData:120 - 📏 串口长度数据已更新: L18.374464 -> physical_length=18.374464
2025-09-02 13:48:50.141 | INFO     | Pendulum.PendulumAPP:_processSerialData:121 - 🔄 数据来源: 串口接收 -> PendulumState.physical_length
2025-09-02 13:48:50.162 | INFO     | Pendulum.PendulumAPP:_processSerialData:120 - 📏 串口长度数据已更新: L18.374464 -> physical_length=18.374464
2025-09-02 13:48:50.163 | INFO     | Pendulum.PendulumAPP:_processSerialData:121 - 🔄 数据来源: 串口接收 -> PendulumState.physical_length
2025-09-02 13:48:50.223 | INFO     | Pendulum.PendulumAPP:_processSerialData:120 - 📏 串口长度数据已更新: L18.374464 -> physical_length=18.374464
2025-09-02 13:48:50.224 | INFO     | Pendulum.PendulumAPP:_processSerialData:121 - 🔄 数据来源: 串口接收 -> PendulumState.physical_length
2025-09-02 13:48:50.249 | INFO     | Pendulum.PendulumAPP:_processSerialData:120 - 📏 串口长度数据已更新: L18.374464 -> physical_length=18.374464
2025-09-02 13:48:50.251 | INFO     | Pendulum.PendulumAPP:_processSerialData:121 - 🔄 数据来源: 串口接收 -> PendulumState.physical_length
2025-09-02 13:48:50.299 | INFO     | Pendulum.PendulumAPP:_processSerialData:120 - 📏 串口长度数据已更新: L18.374464 -> physical_length=18.374464
2025-09-02 13:48:50.299 | INFO     | Pendulum.PendulumAPP:_processSerialData:121 - 🔄 数据来源: 串口接收 -> PendulumState.physical_length
2025-09-02 13:48:50.321 | INFO     | Pendulum.PendulumAPP:_processSerialData:120 - 📏 串口长度数据已更新: L18.374464 -> physical_length=18.374464
2025-09-02 13:48:50.322 | INFO     | Pendulum.PendulumAPP:_processSerialData:121 - 🔄 数据来源: 串口接收 -> PendulumState.physical_length
2025-09-02 13:48:50.380 | INFO     | Pendulum.PendulumAPP:_processSerialData:120 - 📏 串口长度数据已更新: L18.374464 -> physical_length=18.374464
2025-09-02 13:48:50.381 | INFO     | Pendulum.PendulumAPP:_processSerialData:121 - 🔄 数据来源: 串口接收 -> PendulumState.physical_length
2025-09-02 13:48:50.401 | INFO     | Pendulum.PendulumAPP:_processSerialData:120 - 📏 串口长度数据已更新: L18.374464 -> physical_length=18.374464
2025-09-02 13:48:50.402 | INFO     | Pendulum.PendulumAPP:_processSerialData:121 - 🔄 数据来源: 串口接收 -> PendulumState.physical_length
2025-09-02 13:48:50.462 | INFO     | Pendulum.PendulumAPP:_processSerialData:120 - 📏 串口长度数据已更新: L18.374464 -> physical_length=18.374464
2025-09-02 13:48:50.463 | INFO     | Pendulum.PendulumAPP:_processSerialData:121 - 🔄 数据来源: 串口接收 -> PendulumState.physical_length
2025-09-02 13:48:50.485 | INFO     | Pendulum.PendulumAPP:_processSerialData:120 - 📏 串口长度数据已更新: L18.374464 -> physical_length=18.374464
2025-09-02 13:48:50.486 | INFO     | Pendulum.PendulumAPP:_processSerialData:121 - 🔄 数据来源: 串口接收 -> PendulumState.physical_length
2025-09-02 13:48:50.540 | INFO     | Pendulum.PendulumAPP:_processSerialData:120 - 📏 串口长度数据已更新: L18.374464 -> physical_length=18.374464
2025-09-02 13:48:50.541 | INFO     | Pendulum.PendulumAPP:_processSerialData:121 - 🔄 数据来源: 串口接收 -> PendulumState.physical_length
2025-09-02 13:48:50.567 | INFO     | Pendulum.PendulumAPP:_processSerialData:120 - 📏 串口长度数据已更新: L18.374464 -> physical_length=18.374464
2025-09-02 13:48:50.568 | INFO     | Pendulum.PendulumAPP:_processSerialData:121 - 🔄 数据来源: 串口接收 -> PendulumState.physical_length
2025-09-02 13:48:50.621 | INFO     | Pendulum.PendulumAPP:_processSerialData:120 - 📏 串口长度数据已更新: L18.374464 -> physical_length=18.374464
2025-09-02 13:48:50.624 | INFO     | Pendulum.PendulumAPP:_processSerialData:121 - 🔄 数据来源: 串口接收 -> PendulumState.physical_length
2025-09-02 13:48:50.649 | INFO     | Pendulum.PendulumAPP:_processSerialData:120 - 📏 串口长度数据已更新: L18.374464 -> physical_length=18.374464
2025-09-02 13:48:50.649 | INFO     | Pendulum.PendulumAPP:_processSerialData:121 - 🔄 数据来源: 串口接收 -> PendulumState.physical_length
2025-09-02 13:48:50.705 | INFO     | Pendulum.PendulumAPP:_processSerialData:120 - 📏 串口长度数据已更新: L18.374464 -> physical_length=18.374464
2025-09-02 13:48:50.705 | INFO     | Pendulum.PendulumAPP:_processSerialData:121 - 🔄 数据来源: 串口接收 -> PendulumState.physical_length
2025-09-02 13:48:50.727 | INFO     | Pendulum.PendulumAPP:_processSerialData:120 - 📏 串口长度数据已更新: L18.374464 -> physical_length=18.374464
2025-09-02 13:48:50.727 | INFO     | Pendulum.PendulumAPP:_processSerialData:121 - 🔄 数据来源: 串口接收 -> PendulumState.physical_length
2025-09-02 13:48:50.783 | INFO     | Pendulum.PendulumAPP:_processSerialData:120 - 📏 串口长度数据已更新: L18.374464 -> physical_length=18.374464
2025-09-02 13:48:50.784 | INFO     | Pendulum.PendulumAPP:_processSerialData:121 - 🔄 数据来源: 串口接收 -> PendulumState.physical_length
2025-09-02 13:48:50.812 | INFO     | Pendulum.PendulumAPP:_processSerialData:120 - 📏 串口长度数据已更新: L18.374464 -> physical_length=18.374464
2025-09-02 13:48:50.813 | INFO     | Pendulum.PendulumAPP:_processSerialData:121 - 🔄 数据来源: 串口接收 -> PendulumState.physical_length
2025-09-02 13:48:50.859 | INFO     | Pendulum.PendulumAPP:_processSerialData:120 - 📏 串口长度数据已更新: L18.374464 -> physical_length=18.374464
2025-09-02 13:48:50.859 | INFO     | Pendulum.PendulumAPP:_processSerialData:121 - 🔄 数据来源: 串口接收 -> PendulumState.physical_length
2025-09-02 13:48:50.887 | INFO     | Pendulum.PendulumAPP:_processSerialData:120 - 📏 串口长度数据已更新: L18.374464 -> physical_length=18.374464
2025-09-02 13:48:50.887 | INFO     | Pendulum.PendulumAPP:_processSerialData:121 - 🔄 数据来源: 串口接收 -> PendulumState.physical_length
2025-09-02 13:48:50.936 | INFO     | Pendulum.PendulumAPP:_processSerialData:120 - 📏 串口长度数据已更新: L18.374464 -> physical_length=18.374464
2025-09-02 13:48:50.937 | INFO     | Pendulum.PendulumAPP:_processSerialData:121 - 🔄 数据来源: 串口接收 -> PendulumState.physical_length
2025-09-02 13:48:50.960 | INFO     | Pendulum.PendulumAPP:_processSerialData:120 - 📏 串口长度数据已更新: L18.374464 -> physical_length=18.374464
2025-09-02 13:48:50.961 | INFO     | Pendulum.PendulumAPP:_processSerialData:121 - 🔄 数据来源: 串口接收 -> PendulumState.physical_length
2025-09-02 13:48:51.022 | INFO     | Pendulum.PendulumAPP:_processSerialData:120 - 📏 串口长度数据已更新: L18.374464 -> physical_length=18.374464
2025-09-02 13:48:51.023 | INFO     | Pendulum.PendulumAPP:_processSerialData:121 - 🔄 数据来源: 串口接收 -> PendulumState.physical_length
2025-09-02 13:48:51.049 | INFO     | Pendulum.PendulumAPP:_processSerialData:120 - 📏 串口长度数据已更新: L18.374464 -> physical_length=18.374464
2025-09-02 13:48:51.049 | INFO     | Pendulum.PendulumAPP:_processSerialData:121 - 🔄 数据来源: 串口接收 -> PendulumState.physical_length
2025-09-02 13:48:51.102 | INFO     | Pendulum.PendulumAPP:_processSerialData:120 - 📏 串口长度数据已更新: L18.374464 -> physical_length=18.374464
2025-09-02 13:48:51.104 | INFO     | Pendulum.PendulumAPP:_processSerialData:121 - 🔄 数据来源: 串口接收 -> PendulumState.physical_length
2025-09-02 13:48:51.132 | INFO     | Pendulum.PendulumAPP:_processSerialData:120 - 📏 串口长度数据已更新: L18.374464 -> physical_length=18.374464
2025-09-02 13:48:51.132 | INFO     | Pendulum.PendulumAPP:_processSerialData:121 - 🔄 数据来源: 串口接收 -> PendulumState.physical_length
2025-09-02 13:48:51.180 | INFO     | Pendulum.PendulumAPP:_processSerialData:120 - 📏 串口长度数据已更新: L18.374464 -> physical_length=18.374464
2025-09-02 13:48:51.182 | INFO     | Pendulum.PendulumAPP:_processSerialData:121 - 🔄 数据来源: 串口接收 -> PendulumState.physical_length
2025-09-02 13:48:51.204 | INFO     | Pendulum.PendulumAPP:_processSerialData:120 - 📏 串口长度数据已更新: L18.374464 -> physical_length=18.374464
2025-09-02 13:48:51.204 | INFO     | Pendulum.PendulumAPP:_processSerialData:121 - 🔄 数据来源: 串口接收 -> PendulumState.physical_length
2025-09-02 13:48:51.261 | INFO     | Pendulum.PendulumAPP:_processSerialData:120 - 📏 串口长度数据已更新: L18.374464 -> physical_length=18.374464
2025-09-02 13:48:51.262 | INFO     | Pendulum.PendulumAPP:_processSerialData:121 - 🔄 数据来源: 串口接收 -> PendulumState.physical_length
2025-09-02 13:48:51.285 | INFO     | Pendulum.PendulumAPP:_processSerialData:120 - 📏 串口长度数据已更新: L18.374464 -> physical_length=18.374464
2025-09-02 13:48:51.285 | INFO     | Pendulum.PendulumAPP:_processSerialData:121 - 🔄 数据来源: 串口接收 -> PendulumState.physical_length
2025-09-02 13:48:51.345 | INFO     | Pendulum.PendulumAPP:_keyEventWeb:271 - u1
2025-09-02 13:48:51.346 | INFO     | Pendulum.SerialConncet:send:199 - sendu1
2025-09-02 13:48:51.347 | INFO     | Pendulum.SerialConncet:send:201 - [发送] u1
2025-09-02 13:48:51.351 | INFO     | Pendulum.PendulumAPP:_processSerialData:120 - 📏 串口长度数据已更新: L18.374464 -> physical_length=18.374464
2025-09-02 13:48:51.351 | INFO     | Pendulum.PendulumAPP:_processSerialData:121 - 🔄 数据来源: 串口接收 -> PendulumState.physical_length
2025-09-02 13:48:51.374 | INFO     | Pendulum.PendulumAPP:_processSerialData:120 - 📏 串口长度数据已更新: L18.374464 -> physical_length=18.374464
2025-09-02 13:48:51.375 | INFO     | Pendulum.PendulumAPP:_processSerialData:121 - 🔄 数据来源: 串口接收 -> PendulumState.physical_length
2025-09-02 13:48:51.417 | INFO     | Pendulum.PendulumAPP:_processSerialData:120 - 📏 串口长度数据已更新: L18.374464 -> physical_length=18.374464
2025-09-02 13:48:51.417 | INFO     | Pendulum.PendulumAPP:_processSerialData:121 - 🔄 数据来源: 串口接收 -> PendulumState.physical_length
2025-09-02 13:48:51.437 | INFO     | Pendulum.PendulumAPP:_processSerialData:120 - 📏 串口长度数据已更新: L18.374464 -> physical_length=18.374464
2025-09-02 13:48:51.440 | INFO     | Pendulum.PendulumAPP:_processSerialData:121 - 🔄 数据来源: 串口接收 -> PendulumState.physical_length
2025-09-02 13:48:51.496 | INFO     | Pendulum.PendulumAPP:_processSerialData:120 - 📏 串口长度数据已更新: L18.374464 -> physical_length=18.374464
2025-09-02 13:48:51.497 | INFO     | Pendulum.PendulumAPP:_processSerialData:121 - 🔄 数据来源: 串口接收 -> PendulumState.physical_length
2025-09-02 13:48:51.522 | INFO     | Pendulum.PendulumAPP:_processSerialData:120 - 📏 串口长度数据已更新: L18.374464 -> physical_length=18.374464
2025-09-02 13:48:51.522 | INFO     | Pendulum.PendulumAPP:_processSerialData:121 - 🔄 数据来源: 串口接收 -> PendulumState.physical_length
2025-09-02 13:48:51.581 | INFO     | Pendulum.PendulumAPP:_processSerialData:120 - 📏 串口长度数据已更新: L18.374464 -> physical_length=18.374464
2025-09-02 13:48:51.581 | INFO     | Pendulum.PendulumAPP:_processSerialData:121 - 🔄 数据来源: 串口接收 -> PendulumState.physical_length
2025-09-02 13:48:51.604 | INFO     | Pendulum.PendulumAPP:_processSerialData:120 - 📏 串口长度数据已更新: L18.374464 -> physical_length=18.374464
2025-09-02 13:48:51.604 | INFO     | Pendulum.PendulumAPP:_processSerialData:121 - 🔄 数据来源: 串口接收 -> PendulumState.physical_length
2025-09-02 13:48:51.666 | INFO     | Pendulum.PendulumAPP:_processSerialData:120 - 📏 串口长度数据已更新: L18.374464 -> physical_length=18.374464
2025-09-02 13:48:51.667 | INFO     | Pendulum.PendulumAPP:_processSerialData:121 - 🔄 数据来源: 串口接收 -> PendulumState.physical_length
2025-09-02 13:48:51.689 | INFO     | Pendulum.PendulumAPP:_processSerialData:120 - 📏 串口长度数据已更新: L18.374464 -> physical_length=18.374464
2025-09-02 13:48:51.690 | INFO     | Pendulum.PendulumAPP:_processSerialData:121 - 🔄 数据来源: 串口接收 -> PendulumState.physical_length
2025-09-02 13:48:51.740 | INFO     | Pendulum.PendulumAPP:_processSerialData:120 - 📏 串口长度数据已更新: L18.374464 -> physical_length=18.374464
2025-09-02 13:48:51.744 | INFO     | Pendulum.PendulumAPP:_processSerialData:121 - 🔄 数据来源: 串口接收 -> PendulumState.physical_length
2025-09-02 13:48:51.765 | INFO     | Pendulum.PendulumAPP:_processSerialData:120 - 📏 串口长度数据已更新: L18.374464 -> physical_length=18.374464
2025-09-02 13:48:51.765 | INFO     | Pendulum.PendulumAPP:_processSerialData:121 - 🔄 数据来源: 串口接收 -> PendulumState.physical_length
2025-09-02 13:48:51.819 | INFO     | Pendulum.PendulumAPP:_processSerialData:120 - 📏 串口长度数据已更新: L18.374464 -> physical_length=18.374464
2025-09-02 13:48:51.819 | INFO     | Pendulum.PendulumAPP:_processSerialData:121 - 🔄 数据来源: 串口接收 -> PendulumState.physical_length
2025-09-02 13:48:51.845 | INFO     | Pendulum.PendulumAPP:_processSerialData:120 - 📏 串口长度数据已更新: L18.374464 -> physical_length=18.374464
2025-09-02 13:48:51.845 | INFO     | Pendulum.PendulumAPP:_processSerialData:121 - 🔄 数据来源: 串口接收 -> PendulumState.physical_length
2025-09-02 13:48:51.904 | INFO     | Pendulum.PendulumAPP:_processSerialData:120 - 📏 串口长度数据已更新: L18.374464 -> physical_length=18.374464
2025-09-02 13:48:51.904 | INFO     | Pendulum.PendulumAPP:_processSerialData:121 - 🔄 数据来源: 串口接收 -> PendulumState.physical_length
2025-09-02 13:48:51.922 | INFO     | Pendulum.PendulumAPP:_processSerialData:120 - 📏 串口长度数据已更新: L18.374464 -> physical_length=18.374464
2025-09-02 13:48:51.922 | INFO     | Pendulum.PendulumAPP:_processSerialData:121 - 🔄 数据来源: 串口接收 -> PendulumState.physical_length
2025-09-02 13:48:51.976 | INFO     | Pendulum.PendulumAPP:_processSerialData:120 - 📏 串口长度数据已更新: L18.374464 -> physical_length=18.374464
2025-09-02 13:48:51.976 | INFO     | Pendulum.PendulumAPP:_processSerialData:121 - 🔄 数据来源: 串口接收 -> PendulumState.physical_length
2025-09-02 13:48:51.996 | INFO     | Pendulum.PendulumAPP:_processSerialData:120 - 📏 串口长度数据已更新: L18.374464 -> physical_length=18.374464
2025-09-02 13:48:51.998 | INFO     | Pendulum.PendulumAPP:_processSerialData:121 - 🔄 数据来源: 串口接收 -> PendulumState.physical_length
2025-09-02 13:48:52.059 | INFO     | Pendulum.PendulumAPP:_processSerialData:120 - 📏 串口长度数据已更新: L18.374464 -> physical_length=18.374464
2025-09-02 13:48:52.062 | INFO     | Pendulum.PendulumAPP:_processSerialData:121 - 🔄 数据来源: 串口接收 -> PendulumState.physical_length
2025-09-02 13:48:52.086 | INFO     | Pendulum.PendulumAPP:_processSerialData:120 - 📏 串口长度数据已更新: L18.374464 -> physical_length=18.374464
2025-09-02 13:48:52.087 | INFO     | Pendulum.PendulumAPP:_processSerialData:121 - 🔄 数据来源: 串口接收 -> PendulumState.physical_length
2025-09-02 13:48:52.140 | INFO     | Pendulum.PendulumAPP:_processSerialData:120 - 📏 串口长度数据已更新: L18.374464 -> physical_length=18.374464
2025-09-02 13:48:52.140 | INFO     | Pendulum.PendulumAPP:_processSerialData:121 - 🔄 数据来源: 串口接收 -> PendulumState.physical_length
2025-09-02 13:48:52.164 | INFO     | Pendulum.PendulumAPP:_processSerialData:120 - 📏 串口长度数据已更新: L18.374464 -> physical_length=18.374464
2025-09-02 13:48:52.164 | INFO     | Pendulum.PendulumAPP:_processSerialData:121 - 🔄 数据来源: 串口接收 -> PendulumState.physical_length
2025-09-02 13:48:52.220 | INFO     | Pendulum.PendulumAPP:_processSerialData:120 - 📏 串口长度数据已更新: L18.374464 -> physical_length=18.374464
2025-09-02 13:48:52.222 | INFO     | Pendulum.PendulumAPP:_processSerialData:121 - 🔄 数据来源: 串口接收 -> PendulumState.physical_length
2025-09-02 13:48:52.246 | INFO     | Pendulum.PendulumAPP:_processSerialData:120 - 📏 串口长度数据已更新: L18.374464 -> physical_length=18.374464
2025-09-02 13:48:52.246 | INFO     | Pendulum.PendulumAPP:_processSerialData:121 - 🔄 数据来源: 串口接收 -> PendulumState.physical_length
2025-09-02 13:48:52.305 | INFO     | Pendulum.PendulumAPP:_processSerialData:120 - 📏 串口长度数据已更新: L18.374464 -> physical_length=18.374464
2025-09-02 13:48:52.305 | INFO     | Pendulum.PendulumAPP:_processSerialData:121 - 🔄 数据来源: 串口接收 -> PendulumState.physical_length
2025-09-02 13:48:52.334 | INFO     | Pendulum.PendulumAPP:_processSerialData:120 - 📏 串口长度数据已更新: L18.374464 -> physical_length=18.374464
2025-09-02 13:48:52.334 | INFO     | Pendulum.PendulumAPP:_processSerialData:121 - 🔄 数据来源: 串口接收 -> PendulumState.physical_length
2025-09-02 13:48:52.378 | INFO     | Pendulum.PendulumAPP:_processSerialData:120 - 📏 串口长度数据已更新: L18.374464 -> physical_length=18.374464
2025-09-02 13:48:52.379 | INFO     | Pendulum.PendulumAPP:_processSerialData:121 - 🔄 数据来源: 串口接收 -> PendulumState.physical_length
2025-09-02 13:48:52.400 | INFO     | Pendulum.PendulumAPP:_processSerialData:120 - 📏 串口长度数据已更新: L18.374464 -> physical_length=18.374464
2025-09-02 13:48:52.401 | INFO     | Pendulum.PendulumAPP:_processSerialData:121 - 🔄 数据来源: 串口接收 -> PendulumState.physical_length
2025-09-02 13:48:52.460 | INFO     | Pendulum.PendulumAPP:_processSerialData:120 - 📏 串口长度数据已更新: L18.374464 -> physical_length=18.374464
2025-09-02 13:48:52.461 | INFO     | Pendulum.PendulumAPP:_processSerialData:121 - 🔄 数据来源: 串口接收 -> PendulumState.physical_length
2025-09-02 13:48:52.483 | INFO     | Pendulum.PendulumAPP:_processSerialData:120 - 📏 串口长度数据已更新: L18.374464 -> physical_length=18.374464
2025-09-02 13:48:52.484 | INFO     | Pendulum.PendulumAPP:_processSerialData:121 - 🔄 数据来源: 串口接收 -> PendulumState.physical_length
2025-09-02 13:48:52.543 | INFO     | Pendulum.PendulumAPP:_processSerialData:120 - 📏 串口长度数据已更新: L18.374464 -> physical_length=18.374464
2025-09-02 13:48:52.543 | INFO     | Pendulum.PendulumAPP:_processSerialData:121 - 🔄 数据来源: 串口接收 -> PendulumState.physical_length
2025-09-02 13:48:52.567 | INFO     | Pendulum.PendulumAPP:_processSerialData:120 - 📏 串口长度数据已更新: L18.374464 -> physical_length=18.374464
2025-09-02 13:48:52.568 | INFO     | Pendulum.PendulumAPP:_processSerialData:121 - 🔄 数据来源: 串口接收 -> PendulumState.physical_length
2025-09-02 13:48:52.616 | INFO     | Pendulum.PendulumAPP:_processSerialData:120 - 📏 串口长度数据已更新: L18.374464 -> physical_length=18.374464
2025-09-02 13:48:52.616 | INFO     | Pendulum.PendulumAPP:_processSerialData:121 - 🔄 数据来源: 串口接收 -> PendulumState.physical_length
2025-09-02 13:48:52.637 | INFO     | Pendulum.PendulumAPP:_processSerialData:120 - 📏 串口长度数据已更新: L18.374464 -> physical_length=18.374464
2025-09-02 13:48:52.638 | INFO     | Pendulum.PendulumAPP:_processSerialData:121 - 🔄 数据来源: 串口接收 -> PendulumState.physical_length
2025-09-02 13:48:52.701 | INFO     | Pendulum.PendulumAPP:_processSerialData:120 - 📏 串口长度数据已更新: L18.374464 -> physical_length=18.374464
2025-09-02 13:48:52.703 | INFO     | Pendulum.PendulumAPP:_processSerialData:121 - 🔄 数据来源: 串口接收 -> PendulumState.physical_length
2025-09-02 13:48:52.726 | INFO     | Pendulum.PendulumAPP:_processSerialData:120 - 📏 串口长度数据已更新: L18.374464 -> physical_length=18.374464
2025-09-02 13:48:52.727 | INFO     | Pendulum.PendulumAPP:_processSerialData:121 - 🔄 数据来源: 串口接收 -> PendulumState.physical_length
2025-09-02 13:48:52.781 | INFO     | Pendulum.PendulumAPP:_processSerialData:120 - 📏 串口长度数据已更新: L18.374464 -> physical_length=18.374464
2025-09-02 13:48:52.781 | INFO     | Pendulum.PendulumAPP:_processSerialData:121 - 🔄 数据来源: 串口接收 -> PendulumState.physical_length
2025-09-02 13:48:52.805 | INFO     | Pendulum.PendulumAPP:_processSerialData:120 - 📏 串口长度数据已更新: L18.374464 -> physical_length=18.374464
2025-09-02 13:48:52.805 | INFO     | Pendulum.PendulumAPP:_processSerialData:121 - 🔄 数据来源: 串口接收 -> PendulumState.physical_length
2025-09-02 13:48:52.859 | INFO     | Pendulum.PendulumAPP:_processSerialData:120 - 📏 串口长度数据已更新: L18.374464 -> physical_length=18.374464
2025-09-02 13:48:52.859 | INFO     | Pendulum.PendulumAPP:_processSerialData:121 - 🔄 数据来源: 串口接收 -> PendulumState.physical_length
2025-09-02 13:48:52.882 | INFO     | Pendulum.PendulumAPP:_processSerialData:120 - 📏 串口长度数据已更新: L18.374464 -> physical_length=18.374464
2025-09-02 13:48:52.882 | INFO     | Pendulum.PendulumAPP:_processSerialData:121 - 🔄 数据来源: 串口接收 -> PendulumState.physical_length
2025-09-02 13:48:52.938 | INFO     | Pendulum.PendulumAPP:_processSerialData:120 - 📏 串口长度数据已更新: L18.374464 -> physical_length=18.374464
2025-09-02 13:48:52.938 | INFO     | Pendulum.PendulumAPP:_processSerialData:121 - 🔄 数据来源: 串口接收 -> PendulumState.physical_length
2025-09-02 13:48:52.965 | INFO     | Pendulum.PendulumAPP:_processSerialData:120 - 📏 串口长度数据已更新: L18.374464 -> physical_length=18.374464
2025-09-02 13:48:52.965 | INFO     | Pendulum.PendulumAPP:_processSerialData:121 - 🔄 数据来源: 串口接收 -> PendulumState.physical_length
2025-09-02 13:48:53.021 | INFO     | Pendulum.PendulumAPP:_processSerialData:120 - 📏 串口长度数据已更新: L18.374464 -> physical_length=18.374464
2025-09-02 13:48:53.024 | INFO     | Pendulum.PendulumAPP:_processSerialData:121 - 🔄 数据来源: 串口接收 -> PendulumState.physical_length
2025-09-02 13:48:53.048 | INFO     | Pendulum.PendulumAPP:_processSerialData:120 - 📏 串口长度数据已更新: L18.374464 -> physical_length=18.374464
2025-09-02 13:48:53.048 | INFO     | Pendulum.PendulumAPP:_processSerialData:121 - 🔄 数据来源: 串口接收 -> PendulumState.physical_length
2025-09-02 13:48:53.104 | INFO     | Pendulum.PendulumAPP:_processSerialData:120 - 📏 串口长度数据已更新: L18.374464 -> physical_length=18.374464
2025-09-02 13:48:53.104 | INFO     | Pendulum.PendulumAPP:_processSerialData:121 - 🔄 数据来源: 串口接收 -> PendulumState.physical_length
2025-09-02 13:48:53.127 | INFO     | Pendulum.PendulumAPP:_processSerialData:120 - 📏 串口长度数据已更新: L18.374464 -> physical_length=18.374464
2025-09-02 13:48:53.127 | INFO     | Pendulum.PendulumAPP:_processSerialData:121 - 🔄 数据来源: 串口接收 -> PendulumState.physical_length
2025-09-02 13:48:53.178 | INFO     | Pendulum.PendulumAPP:_processSerialData:120 - 📏 串口长度数据已更新: L18.374464 -> physical_length=18.374464
2025-09-02 13:48:53.180 | INFO     | Pendulum.PendulumAPP:_processSerialData:121 - 🔄 数据来源: 串口接收 -> PendulumState.physical_length
2025-09-02 13:48:53.199 | INFO     | Pendulum.PendulumAPP:_processSerialData:120 - 📏 串口长度数据已更新: L18.374464 -> physical_length=18.374464
2025-09-02 13:48:53.200 | INFO     | Pendulum.PendulumAPP:_processSerialData:121 - 🔄 数据来源: 串口接收 -> PendulumState.physical_length
2025-09-02 13:48:53.259 | INFO     | Pendulum.PendulumAPP:_processSerialData:120 - 📏 串口长度数据已更新: L18.374464 -> physical_length=18.374464
2025-09-02 13:48:53.260 | INFO     | Pendulum.PendulumAPP:_processSerialData:121 - 🔄 数据来源: 串口接收 -> PendulumState.physical_length
2025-09-02 13:48:53.284 | INFO     | Pendulum.PendulumAPP:_processSerialData:120 - 📏 串口长度数据已更新: L18.374464 -> physical_length=18.374464
2025-09-02 13:48:53.285 | INFO     | Pendulum.PendulumAPP:_processSerialData:121 - 🔄 数据来源: 串口接收 -> PendulumState.physical_length
2025-09-02 13:48:53.338 | INFO     | Pendulum.PendulumAPP:_keyEventWeb:274 - u0
2025-09-02 13:48:53.339 | INFO     | Pendulum.SerialConncet:send:199 - sendu0
2025-09-02 13:48:53.340 | INFO     | Pendulum.SerialConncet:send:201 - [发送] u0
2025-09-02 13:48:53.342 | INFO     | Pendulum.PendulumAPP:_processSerialData:120 - 📏 串口长度数据已更新: L18.374464 -> physical_length=18.374464
2025-09-02 13:48:53.343 | INFO     | Pendulum.PendulumAPP:_processSerialData:121 - 🔄 数据来源: 串口接收 -> PendulumState.physical_length
2025-09-02 13:48:53.364 | INFO     | Pendulum.PendulumAPP:_processSerialData:120 - 📏 串口长度数据已更新: L18.374464 -> physical_length=18.374464
2025-09-02 13:48:53.365 | INFO     | Pendulum.PendulumAPP:_processSerialData:121 - 🔄 数据来源: 串口接收 -> PendulumState.physical_length
2025-09-02 13:48:53.418 | INFO     | Pendulum.PendulumAPP:_processSerialData:120 - 📏 串口长度数据已更新: L18.374464 -> physical_length=18.374464
2025-09-02 13:48:53.421 | INFO     | Pendulum.PendulumAPP:_processSerialData:121 - 🔄 数据来源: 串口接收 -> PendulumState.physical_length
2025-09-02 13:48:53.441 | INFO     | Pendulum.PendulumAPP:_processSerialData:120 - 📏 串口长度数据已更新: L18.374464 -> physical_length=18.374464
2025-09-02 13:48:53.442 | INFO     | Pendulum.PendulumAPP:_processSerialData:121 - 🔄 数据来源: 串口接收 -> PendulumState.physical_length
2025-09-02 13:48:53.504 | INFO     | Pendulum.PendulumAPP:_processSerialData:120 - 📏 串口长度数据已更新: L18.374464 -> physical_length=18.374464
2025-09-02 13:48:53.506 | INFO     | Pendulum.PendulumAPP:_processSerialData:121 - 🔄 数据来源: 串口接收 -> PendulumState.physical_length
2025-09-02 13:48:53.526 | INFO     | Pendulum.PendulumAPP:_processSerialData:120 - 📏 串口长度数据已更新: L18.374464 -> physical_length=18.374464
2025-09-02 13:48:53.527 | INFO     | Pendulum.PendulumAPP:_processSerialData:121 - 🔄 数据来源: 串口接收 -> PendulumState.physical_length
2025-09-02 13:48:53.579 | INFO     | Pendulum.PendulumAPP:_processSerialData:120 - 📏 串口长度数据已更新: L18.374464 -> physical_length=18.374464
2025-09-02 13:48:53.581 | INFO     | Pendulum.PendulumAPP:_processSerialData:121 - 🔄 数据来源: 串口接收 -> PendulumState.physical_length
2025-09-02 13:48:53.606 | INFO     | Pendulum.PendulumAPP:_processSerialData:120 - 📏 串口长度数据已更新: L18.374464 -> physical_length=18.374464
2025-09-02 13:48:53.606 | INFO     | Pendulum.PendulumAPP:_processSerialData:121 - 🔄 数据来源: 串口接收 -> PendulumState.physical_length
2025-09-02 13:48:53.663 | INFO     | Pendulum.PendulumAPP:_processSerialData:120 - 📏 串口长度数据已更新: L18.374464 -> physical_length=18.374464
2025-09-02 13:48:53.665 | INFO     | Pendulum.PendulumAPP:_processSerialData:121 - 🔄 数据来源: 串口接收 -> PendulumState.physical_length
2025-09-02 13:48:53.688 | INFO     | Pendulum.PendulumAPP:_processSerialData:120 - 📏 串口长度数据已更新: L18.374464 -> physical_length=18.374464
2025-09-02 13:48:53.689 | INFO     | Pendulum.PendulumAPP:_processSerialData:121 - 🔄 数据来源: 串口接收 -> PendulumState.physical_length
2025-09-02 13:48:53.737 | INFO     | Pendulum.PendulumAPP:_processSerialData:120 - 📏 串口长度数据已更新: L18.374464 -> physical_length=18.374464
2025-09-02 13:48:53.739 | INFO     | Pendulum.PendulumAPP:_processSerialData:121 - 🔄 数据来源: 串口接收 -> PendulumState.physical_length
2025-09-02 13:48:53.762 | INFO     | Pendulum.PendulumAPP:_processSerialData:120 - 📏 串口长度数据已更新: L18.374464 -> physical_length=18.374464
2025-09-02 13:48:53.762 | INFO     | Pendulum.PendulumAPP:_processSerialData:121 - 🔄 数据来源: 串口接收 -> PendulumState.physical_length
2025-09-02 13:48:53.821 | INFO     | Pendulum.PendulumAPP:_processSerialData:120 - 📏 串口长度数据已更新: L18.374464 -> physical_length=18.374464
2025-09-02 13:48:53.822 | INFO     | Pendulum.PendulumAPP:_processSerialData:121 - 🔄 数据来源: 串口接收 -> PendulumState.physical_length
2025-09-02 13:48:53.847 | INFO     | Pendulum.PendulumAPP:_processSerialData:120 - 📏 串口长度数据已更新: L18.374464 -> physical_length=18.374464
2025-09-02 13:48:53.847 | INFO     | Pendulum.PendulumAPP:_processSerialData:121 - 🔄 数据来源: 串口接收 -> PendulumState.physical_length
2025-09-02 13:48:53.898 | INFO     | Pendulum.PendulumAPP:_processSerialData:120 - 📏 串口长度数据已更新: L18.374464 -> physical_length=18.374464
2025-09-02 13:48:53.901 | INFO     | Pendulum.PendulumAPP:_processSerialData:121 - 🔄 数据来源: 串口接收 -> PendulumState.physical_length
2025-09-02 13:48:53.933 | INFO     | Pendulum.PendulumAPP:_processSerialData:120 - 📏 串口长度数据已更新: L18.374464 -> physical_length=18.374464
2025-09-02 13:48:53.935 | INFO     | Pendulum.PendulumAPP:_processSerialData:121 - 🔄 数据来源: 串口接收 -> PendulumState.physical_length
2025-09-02 13:48:53.983 | INFO     | Pendulum.PendulumAPP:_processSerialData:120 - 📏 串口长度数据已更新: L18.374464 -> physical_length=18.374464
2025-09-02 13:48:53.984 | INFO     | Pendulum.PendulumAPP:_processSerialData:121 - 🔄 数据来源: 串口接收 -> PendulumState.physical_length
2025-09-02 13:48:54.008 | INFO     | Pendulum.PendulumAPP:_processSerialData:120 - 📏 串口长度数据已更新: L18.374464 -> physical_length=18.374464
2025-09-02 13:48:54.010 | INFO     | Pendulum.PendulumAPP:_processSerialData:121 - 🔄 数据来源: 串口接收 -> PendulumState.physical_length
2025-09-02 13:48:54.059 | INFO     | Pendulum.PendulumAPP:_processSerialData:120 - 📏 串口长度数据已更新: L18.374464 -> physical_length=18.374464
2025-09-02 13:48:54.060 | INFO     | Pendulum.PendulumAPP:_processSerialData:121 - 🔄 数据来源: 串口接收 -> PendulumState.physical_length
2025-09-02 13:48:54.086 | INFO     | Pendulum.PendulumAPP:_processSerialData:120 - 📏 串口长度数据已更新: L18.374464 -> physical_length=18.374464
2025-09-02 13:48:54.087 | INFO     | Pendulum.PendulumAPP:_processSerialData:121 - 🔄 数据来源: 串口接收 -> PendulumState.physical_length
2025-09-02 13:48:54.139 | INFO     | Pendulum.PendulumAPP:_processSerialData:120 - 📏 串口长度数据已更新: L18.374464 -> physical_length=18.374464
2025-09-02 13:48:54.142 | INFO     | Pendulum.PendulumAPP:_processSerialData:121 - 🔄 数据来源: 串口接收 -> PendulumState.physical_length
2025-09-02 13:48:54.166 | INFO     | Pendulum.PendulumAPP:_processSerialData:120 - 📏 串口长度数据已更新: L18.374464 -> physical_length=18.374464
2025-09-02 13:48:54.166 | INFO     | Pendulum.PendulumAPP:_processSerialData:121 - 🔄 数据来源: 串口接收 -> PendulumState.physical_length
2025-09-02 13:48:54.225 | INFO     | Pendulum.PendulumAPP:_processSerialData:120 - 📏 串口长度数据已更新: L18.374464 -> physical_length=18.374464
2025-09-02 13:48:54.225 | INFO     | Pendulum.PendulumAPP:_processSerialData:121 - 🔄 数据来源: 串口接收 -> PendulumState.physical_length
2025-09-02 13:48:54.250 | INFO     | Pendulum.PendulumAPP:_processSerialData:120 - 📏 串口长度数据已更新: L18.374464 -> physical_length=18.374464
2025-09-02 13:48:54.251 | INFO     | Pendulum.PendulumAPP:_processSerialData:121 - 🔄 数据来源: 串口接收 -> PendulumState.physical_length
2025-09-02 13:48:54.299 | INFO     | Pendulum.PendulumAPP:_processSerialData:120 - 📏 串口长度数据已更新: L18.374464 -> physical_length=18.374464
2025-09-02 13:48:54.302 | INFO     | Pendulum.PendulumAPP:_processSerialData:121 - 🔄 数据来源: 串口接收 -> PendulumState.physical_length
2025-09-02 13:48:54.326 | INFO     | Pendulum.PendulumAPP:_processSerialData:120 - 📏 串口长度数据已更新: L18.374464 -> physical_length=18.374464
2025-09-02 13:48:54.326 | INFO     | Pendulum.PendulumAPP:_processSerialData:121 - 🔄 数据来源: 串口接收 -> PendulumState.physical_length
2025-09-02 13:48:54.378 | INFO     | Pendulum.PendulumAPP:_processSerialData:120 - 📏 串口长度数据已更新: L18.374464 -> physical_length=18.374464
2025-09-02 13:48:54.378 | INFO     | Pendulum.PendulumAPP:_processSerialData:121 - 🔄 数据来源: 串口接收 -> PendulumState.physical_length
2025-09-02 13:48:54.398 | INFO     | Pendulum.PendulumAPP:_processSerialData:120 - 📏 串口长度数据已更新: L18.374464 -> physical_length=18.374464
2025-09-02 13:48:54.398 | INFO     | Pendulum.PendulumAPP:_processSerialData:121 - 🔄 数据来源: 串口接收 -> PendulumState.physical_length
2025-09-02 13:48:54.465 | INFO     | Pendulum.PendulumAPP:_processSerialData:120 - 📏 串口长度数据已更新: L18.374464 -> physical_length=18.374464
2025-09-02 13:48:54.465 | INFO     | Pendulum.PendulumAPP:_processSerialData:121 - 🔄 数据来源: 串口接收 -> PendulumState.physical_length
2025-09-02 13:48:54.487 | INFO     | Pendulum.PendulumAPP:_processSerialData:120 - 📏 串口长度数据已更新: L18.374464 -> physical_length=18.374464
2025-09-02 13:48:54.487 | INFO     | Pendulum.PendulumAPP:_processSerialData:121 - 🔄 数据来源: 串口接收 -> PendulumState.physical_length
2025-09-02 13:48:54.540 | INFO     | Pendulum.PendulumAPP:_processSerialData:120 - 📏 串口长度数据已更新: L18.374464 -> physical_length=18.374464
2025-09-02 13:48:54.541 | INFO     | Pendulum.PendulumAPP:_processSerialData:121 - 🔄 数据来源: 串口接收 -> PendulumState.physical_length
2025-09-02 13:48:54.565 | INFO     | Pendulum.PendulumAPP:_processSerialData:120 - 📏 串口长度数据已更新: L18.374464 -> physical_length=18.374464
2025-09-02 13:48:54.565 | INFO     | Pendulum.PendulumAPP:_processSerialData:121 - 🔄 数据来源: 串口接收 -> PendulumState.physical_length
2025-09-02 13:48:54.616 | INFO     | Pendulum.PendulumAPP:_processSerialData:120 - 📏 串口长度数据已更新: L18.374464 -> physical_length=18.374464
2025-09-02 13:48:54.616 | INFO     | Pendulum.PendulumAPP:_processSerialData:121 - 🔄 数据来源: 串口接收 -> PendulumState.physical_length
2025-09-02 13:48:54.638 | INFO     | Pendulum.PendulumAPP:_processSerialData:120 - 📏 串口长度数据已更新: L18.374464 -> physical_length=18.374464
2025-09-02 13:48:54.639 | INFO     | Pendulum.PendulumAPP:_processSerialData:121 - 🔄 数据来源: 串口接收 -> PendulumState.physical_length
2025-09-02 13:48:54.695 | INFO     | Pendulum.PendulumAPP:_keyEventWeb:289 - d1
2025-09-02 13:48:54.696 | INFO     | Pendulum.SerialConncet:send:199 - sendd1
2025-09-02 13:48:54.697 | INFO     | Pendulum.SerialConncet:send:201 - [发送] d1
2025-09-02 13:48:54.699 | INFO     | Pendulum.PendulumAPP:_processSerialData:120 - 📏 串口长度数据已更新: L18.374464 -> physical_length=18.374464
2025-09-02 13:48:54.702 | INFO     | Pendulum.PendulumAPP:_processSerialData:121 - 🔄 数据来源: 串口接收 -> PendulumState.physical_length
2025-09-02 13:48:54.723 | INFO     | Pendulum.PendulumAPP:_processSerialData:120 - 📏 串口长度数据已更新: L18.374464 -> physical_length=18.374464
2025-09-02 13:48:54.723 | INFO     | Pendulum.PendulumAPP:_processSerialData:121 - 🔄 数据来源: 串口接收 -> PendulumState.physical_length
2025-09-02 13:48:54.783 | INFO     | Pendulum.PendulumAPP:_processSerialData:120 - 📏 串口长度数据已更新: L18.374464 -> physical_length=18.374464
2025-09-02 13:48:54.784 | INFO     | Pendulum.PendulumAPP:_processSerialData:121 - 🔄 数据来源: 串口接收 -> PendulumState.physical_length
2025-09-02 13:48:54.812 | INFO     | Pendulum.PendulumAPP:_processSerialData:120 - 📏 串口长度数据已更新: L18.374464 -> physical_length=18.374464
2025-09-02 13:48:54.814 | INFO     | Pendulum.PendulumAPP:_processSerialData:121 - 🔄 数据来源: 串口接收 -> PendulumState.physical_length
2025-09-02 13:48:54.857 | INFO     | Pendulum.PendulumAPP:_processSerialData:120 - 📏 串口长度数据已更新: L18.374464 -> physical_length=18.374464
2025-09-02 13:48:54.857 | INFO     | Pendulum.PendulumAPP:_processSerialData:121 - 🔄 数据来源: 串口接收 -> PendulumState.physical_length
2025-09-02 13:48:54.880 | INFO     | Pendulum.PendulumAPP:_processSerialData:120 - 📏 串口长度数据已更新: L18.374464 -> physical_length=18.374464
2025-09-02 13:48:54.880 | INFO     | Pendulum.PendulumAPP:_processSerialData:121 - 🔄 数据来源: 串口接收 -> PendulumState.physical_length
2025-09-02 13:48:54.937 | INFO     | Pendulum.PendulumAPP:_processSerialData:120 - 📏 串口长度数据已更新: L18.374464 -> physical_length=18.374464
2025-09-02 13:48:54.938 | INFO     | Pendulum.PendulumAPP:_processSerialData:121 - 🔄 数据来源: 串口接收 -> PendulumState.physical_length
2025-09-02 13:48:54.960 | INFO     | Pendulum.PendulumAPP:_processSerialData:120 - 📏 串口长度数据已更新: L18.374464 -> physical_length=18.374464
2025-09-02 13:48:54.961 | INFO     | Pendulum.PendulumAPP:_processSerialData:121 - 🔄 数据来源: 串口接收 -> PendulumState.physical_length
2025-09-02 13:48:55.021 | INFO     | Pendulum.PendulumAPP:_processSerialData:120 - 📏 串口长度数据已更新: L18.374464 -> physical_length=18.374464
2025-09-02 13:48:55.022 | INFO     | Pendulum.PendulumAPP:_processSerialData:121 - 🔄 数据来源: 串口接收 -> PendulumState.physical_length
2025-09-02 13:48:55.047 | INFO     | Pendulum.PendulumAPP:_processSerialData:120 - 📏 串口长度数据已更新: L18.374464 -> physical_length=18.374464
2025-09-02 13:48:55.048 | INFO     | Pendulum.PendulumAPP:_processSerialData:121 - 🔄 数据来源: 串口接收 -> PendulumState.physical_length
2025-09-02 13:48:55.103 | INFO     | Pendulum.PendulumAPP:_processSerialData:120 - 📏 串口长度数据已更新: L18.374464 -> physical_length=18.374464
2025-09-02 13:48:55.104 | INFO     | Pendulum.PendulumAPP:_processSerialData:121 - 🔄 数据来源: 串口接收 -> PendulumState.physical_length
2025-09-02 13:48:55.128 | INFO     | Pendulum.PendulumAPP:_processSerialData:120 - 📏 串口长度数据已更新: L18.374464 -> physical_length=18.374464
2025-09-02 13:48:55.128 | INFO     | Pendulum.PendulumAPP:_processSerialData:121 - 🔄 数据来源: 串口接收 -> PendulumState.physical_length
2025-09-02 13:48:55.175 | INFO     | Pendulum.PendulumAPP:_processSerialData:120 - 📏 串口长度数据已更新: L18.374464 -> physical_length=18.374464
2025-09-02 13:48:55.176 | INFO     | Pendulum.PendulumAPP:_processSerialData:121 - 🔄 数据来源: 串口接收 -> PendulumState.physical_length
2025-09-02 13:48:55.199 | INFO     | Pendulum.PendulumAPP:_processSerialData:120 - 📏 串口长度数据已更新: L18.374464 -> physical_length=18.374464
2025-09-02 13:48:55.202 | INFO     | Pendulum.PendulumAPP:_processSerialData:121 - 🔄 数据来源: 串口接收 -> PendulumState.physical_length
2025-09-02 13:48:55.261 | INFO     | Pendulum.PendulumAPP:_processSerialData:120 - 📏 串口长度数据已更新: L18.374464 -> physical_length=18.374464
2025-09-02 13:48:55.262 | INFO     | Pendulum.PendulumAPP:_processSerialData:121 - 🔄 数据来源: 串口接收 -> PendulumState.physical_length
2025-09-02 13:48:55.287 | INFO     | Pendulum.PendulumAPP:_processSerialData:120 - 📏 串口长度数据已更新: L18.374464 -> physical_length=18.374464
2025-09-02 13:48:55.288 | INFO     | Pendulum.PendulumAPP:_processSerialData:121 - 🔄 数据来源: 串口接收 -> PendulumState.physical_length
2025-09-02 13:48:55.338 | INFO     | Pendulum.PendulumAPP:_processSerialData:120 - 📏 串口长度数据已更新: L18.374464 -> physical_length=18.374464
2025-09-02 13:48:55.341 | INFO     | Pendulum.PendulumAPP:_processSerialData:121 - 🔄 数据来源: 串口接收 -> PendulumState.physical_length
2025-09-02 13:48:55.361 | INFO     | Pendulum.PendulumAPP:_processSerialData:120 - 📏 串口长度数据已更新: L18.374464 -> physical_length=18.374464
2025-09-02 13:48:55.362 | INFO     | Pendulum.PendulumAPP:_processSerialData:121 - 🔄 数据来源: 串口接收 -> PendulumState.physical_length
2025-09-02 13:48:55.423 | INFO     | Pendulum.PendulumAPP:_processSerialData:120 - 📏 串口长度数据已更新: L18.374464 -> physical_length=18.374464
2025-09-02 13:48:55.423 | INFO     | Pendulum.PendulumAPP:_processSerialData:121 - 🔄 数据来源: 串口接收 -> PendulumState.physical_length
2025-09-02 13:48:55.449 | INFO     | Pendulum.PendulumAPP:_processSerialData:120 - 📏 串口长度数据已更新: L18.374464 -> physical_length=18.374464
2025-09-02 13:48:55.449 | INFO     | Pendulum.PendulumAPP:_processSerialData:121 - 🔄 数据来源: 串口接收 -> PendulumState.physical_length
2025-09-02 13:48:55.498 | INFO     | Pendulum.PendulumAPP:_processSerialData:120 - 📏 串口长度数据已更新: L18.374464 -> physical_length=18.374464
2025-09-02 13:48:55.499 | INFO     | Pendulum.PendulumAPP:_processSerialData:121 - 🔄 数据来源: 串口接收 -> PendulumState.physical_length
2025-09-02 13:48:55.520 | INFO     | Pendulum.PendulumAPP:_processSerialData:120 - 📏 串口长度数据已更新: L18.374464 -> physical_length=18.374464
2025-09-02 13:48:55.520 | INFO     | Pendulum.PendulumAPP:_processSerialData:121 - 🔄 数据来源: 串口接收 -> PendulumState.physical_length
2025-09-02 13:48:55.586 | INFO     | Pendulum.PendulumAPP:_processSerialData:120 - 📏 串口长度数据已更新: L18.374464 -> physical_length=18.374464
2025-09-02 13:48:55.587 | INFO     | Pendulum.PendulumAPP:_processSerialData:121 - 🔄 数据来源: 串口接收 -> PendulumState.physical_length
2025-09-02 13:48:55.611 | INFO     | Pendulum.PendulumAPP:_processSerialData:120 - 📏 串口长度数据已更新: L18.374464 -> physical_length=18.374464
2025-09-02 13:48:55.612 | INFO     | Pendulum.PendulumAPP:_processSerialData:121 - 🔄 数据来源: 串口接收 -> PendulumState.physical_length
2025-09-02 13:48:55.662 | INFO     | Pendulum.PendulumAPP:_processSerialData:120 - 📏 串口长度数据已更新: L18.374464 -> physical_length=18.374464
2025-09-02 13:48:55.664 | INFO     | Pendulum.PendulumAPP:_processSerialData:121 - 🔄 数据来源: 串口接收 -> PendulumState.physical_length
2025-09-02 13:48:55.689 | INFO     | Pendulum.PendulumAPP:_processSerialData:120 - 📏 串口长度数据已更新: L18.374464 -> physical_length=18.374464
2025-09-02 13:48:55.689 | INFO     | Pendulum.PendulumAPP:_processSerialData:121 - 🔄 数据来源: 串口接收 -> PendulumState.physical_length
2025-09-02 13:48:55.740 | INFO     | Pendulum.PendulumAPP:_processSerialData:120 - 📏 串口长度数据已更新: L18.374464 -> physical_length=18.374464
2025-09-02 13:48:55.741 | INFO     | Pendulum.PendulumAPP:_processSerialData:121 - 🔄 数据来源: 串口接收 -> PendulumState.physical_length
2025-09-02 13:48:55.764 | INFO     | Pendulum.PendulumAPP:_processSerialData:120 - 📏 串口长度数据已更新: L18.374464 -> physical_length=18.374464
2025-09-02 13:48:55.764 | INFO     | Pendulum.PendulumAPP:_processSerialData:121 - 🔄 数据来源: 串口接收 -> PendulumState.physical_length
2025-09-02 13:48:55.819 | INFO     | Pendulum.PendulumAPP:_processSerialData:120 - 📏 串口长度数据已更新: L18.374464 -> physical_length=18.374464
2025-09-02 13:48:55.822 | INFO     | Pendulum.PendulumAPP:_processSerialData:121 - 🔄 数据来源: 串口接收 -> PendulumState.physical_length
2025-09-02 13:48:55.842 | INFO     | Pendulum.PendulumAPP:_processSerialData:120 - 📏 串口长度数据已更新: L18.374464 -> physical_length=18.374464
2025-09-02 13:48:55.842 | INFO     | Pendulum.PendulumAPP:_processSerialData:121 - 🔄 数据来源: 串口接收 -> PendulumState.physical_length
2025-09-02 13:48:55.904 | INFO     | Pendulum.PendulumAPP:_processSerialData:120 - 📏 串口长度数据已更新: L18.374464 -> physical_length=18.374464
2025-09-02 13:48:55.904 | INFO     | Pendulum.PendulumAPP:_processSerialData:121 - 🔄 数据来源: 串口接收 -> PendulumState.physical_length
2025-09-02 13:48:55.924 | INFO     | Pendulum.PendulumAPP:_processSerialData:120 - 📏 串口长度数据已更新: L18.374464 -> physical_length=18.374464
2025-09-02 13:48:55.926 | INFO     | Pendulum.PendulumAPP:_processSerialData:121 - 🔄 数据来源: 串口接收 -> PendulumState.physical_length
2025-09-02 13:48:55.977 | INFO     | Pendulum.PendulumAPP:_processSerialData:120 - 📏 串口长度数据已更新: L18.374464 -> physical_length=18.374464
2025-09-02 13:48:55.980 | INFO     | Pendulum.PendulumAPP:_processSerialData:121 - 🔄 数据来源: 串口接收 -> PendulumState.physical_length
2025-09-02 13:48:56.006 | INFO     | Pendulum.PendulumAPP:_processSerialData:120 - 📏 串口长度数据已更新: L18.374464 -> physical_length=18.374464
2025-09-02 13:48:56.006 | INFO     | Pendulum.PendulumAPP:_processSerialData:121 - 🔄 数据来源: 串口接收 -> PendulumState.physical_length
2025-09-02 13:48:56.057 | INFO     | Pendulum.PendulumAPP:_processSerialData:120 - 📏 串口长度数据已更新: L18.374464 -> physical_length=18.374464
2025-09-02 13:48:56.057 | INFO     | Pendulum.PendulumAPP:_processSerialData:121 - 🔄 数据来源: 串口接收 -> PendulumState.physical_length
2025-09-02 13:48:56.081 | INFO     | Pendulum.PendulumAPP:_processSerialData:120 - 📏 串口长度数据已更新: L18.374464 -> physical_length=18.374464
2025-09-02 13:48:56.081 | INFO     | Pendulum.PendulumAPP:_processSerialData:121 - 🔄 数据来源: 串口接收 -> PendulumState.physical_length
2025-09-02 13:48:56.141 | INFO     | Pendulum.PendulumAPP:_processSerialData:120 - 📏 串口长度数据已更新: L18.374464 -> physical_length=18.374464
2025-09-02 13:48:56.142 | INFO     | Pendulum.PendulumAPP:_processSerialData:121 - 🔄 数据来源: 串口接收 -> PendulumState.physical_length
2025-09-02 13:48:56.165 | INFO     | Pendulum.PendulumAPP:_processSerialData:120 - 📏 串口长度数据已更新: L18.374464 -> physical_length=18.374464
2025-09-02 13:48:56.166 | INFO     | Pendulum.PendulumAPP:_processSerialData:121 - 🔄 数据来源: 串口接收 -> PendulumState.physical_length
2025-09-02 13:48:56.220 | INFO     | Pendulum.PendulumAPP:_keyEventWeb:268 - u2
2025-09-02 13:48:56.221 | INFO     | Pendulum.SerialConncet:send:199 - sendu2
2025-09-02 13:48:56.222 | INFO     | Pendulum.SerialConncet:send:201 - [发送] u2
2025-09-02 13:48:56.225 | INFO     | Pendulum.PendulumAPP:_processSerialData:120 - 📏 串口长度数据已更新: L18.374464 -> physical_length=18.374464
2025-09-02 13:48:56.225 | INFO     | Pendulum.PendulumAPP:_processSerialData:121 - 🔄 数据来源: 串口接收 -> PendulumState.physical_length
2025-09-02 13:48:56.250 | INFO     | Pendulum.PendulumAPP:_processSerialData:120 - 📏 串口长度数据已更新: L18.374464 -> physical_length=18.374464
2025-09-02 13:48:56.251 | INFO     | Pendulum.PendulumAPP:_processSerialData:121 - 🔄 数据来源: 串口接收 -> PendulumState.physical_length
2025-09-02 13:48:56.299 | INFO     | Pendulum.PendulumAPP:_processSerialData:120 - 📏 串口长度数据已更新: L18.374464 -> physical_length=18.374464
2025-09-02 13:48:56.300 | INFO     | Pendulum.PendulumAPP:_processSerialData:121 - 🔄 数据来源: 串口接收 -> PendulumState.physical_length
2025-09-02 13:48:56.318 | INFO     | Pendulum.PendulumAPP:_processSerialData:120 - 📏 串口长度数据已更新: L18.374464 -> physical_length=18.374464
2025-09-02 13:48:56.318 | INFO     | Pendulum.PendulumAPP:_processSerialData:121 - 🔄 数据来源: 串口接收 -> PendulumState.physical_length
2025-09-02 13:48:56.380 | INFO     | Pendulum.PendulumAPP:_processSerialData:120 - 📏 串口长度数据已更新: L18.374464 -> physical_length=18.374464
2025-09-02 13:48:56.381 | INFO     | Pendulum.PendulumAPP:_processSerialData:121 - 🔄 数据来源: 串口接收 -> PendulumState.physical_length
2025-09-02 13:48:56.402 | INFO     | Pendulum.PendulumAPP:_processSerialData:120 - 📏 串口长度数据已更新: L18.374464 -> physical_length=18.374464
2025-09-02 13:48:56.403 | INFO     | Pendulum.PendulumAPP:_processSerialData:121 - 🔄 数据来源: 串口接收 -> PendulumState.physical_length
2025-09-02 13:48:56.464 | INFO     | Pendulum.PendulumAPP:_processSerialData:120 - 📏 串口长度数据已更新: L18.374464 -> physical_length=18.374464
2025-09-02 13:48:56.464 | INFO     | Pendulum.PendulumAPP:_processSerialData:121 - 🔄 数据来源: 串口接收 -> PendulumState.physical_length
2025-09-02 13:48:56.489 | INFO     | Pendulum.PendulumAPP:_processSerialData:120 - 📏 串口长度数据已更新: L18.374464 -> physical_length=18.374464
2025-09-02 13:48:56.489 | INFO     | Pendulum.PendulumAPP:_processSerialData:121 - 🔄 数据来源: 串口接收 -> PendulumState.physical_length
2025-09-02 13:48:56.539 | INFO     | Pendulum.PendulumAPP:_processSerialData:120 - 📏 串口长度数据已更新: L18.374464 -> physical_length=18.374464
2025-09-02 13:48:56.541 | INFO     | Pendulum.PendulumAPP:_processSerialData:121 - 🔄 数据来源: 串口接收 -> PendulumState.physical_length
2025-09-02 13:48:56.567 | INFO     | Pendulum.PendulumAPP:_processSerialData:120 - 📏 串口长度数据已更新: L18.374464 -> physical_length=18.374464
2025-09-02 13:48:56.567 | INFO     | Pendulum.PendulumAPP:_processSerialData:121 - 🔄 数据来源: 串口接收 -> PendulumState.physical_length
2025-09-02 13:48:56.620 | INFO     | Pendulum.PendulumAPP:_processSerialData:120 - 📏 串口长度数据已更新: L18.374464 -> physical_length=18.374464
2025-09-02 13:48:56.621 | INFO     | Pendulum.PendulumAPP:_processSerialData:121 - 🔄 数据来源: 串口接收 -> PendulumState.physical_length
2025-09-02 13:48:56.641 | INFO     | Pendulum.PendulumAPP:_processSerialData:120 - 📏 串口长度数据已更新: L18.374464 -> physical_length=18.374464
2025-09-02 13:48:56.641 | INFO     | Pendulum.PendulumAPP:_processSerialData:121 - 🔄 数据来源: 串口接收 -> PendulumState.physical_length
2025-09-02 13:48:56.698 | INFO     | Pendulum.PendulumAPP:_processSerialData:120 - 📏 串口长度数据已更新: L18.374464 -> physical_length=18.374464
2025-09-02 13:48:56.699 | INFO     | Pendulum.PendulumAPP:_processSerialData:121 - 🔄 数据来源: 串口接收 -> PendulumState.physical_length
2025-09-02 13:48:56.723 | INFO     | Pendulum.PendulumAPP:_processSerialData:120 - 📏 串口长度数据已更新: L18.374464 -> physical_length=18.374464
2025-09-02 13:48:56.724 | INFO     | Pendulum.PendulumAPP:_processSerialData:121 - 🔄 数据来源: 串口接收 -> PendulumState.physical_length
2025-09-02 13:48:56.785 | INFO     | Pendulum.PendulumAPP:_processSerialData:120 - 📏 串口长度数据已更新: L18.374464 -> physical_length=18.374464
2025-09-02 13:48:56.785 | INFO     | Pendulum.PendulumAPP:_processSerialData:121 - 🔄 数据来源: 串口接收 -> PendulumState.physical_length
2025-09-02 13:48:56.809 | INFO     | Pendulum.PendulumAPP:_processSerialData:120 - 📏 串口长度数据已更新: L18.374464 -> physical_length=18.374464
2025-09-02 13:48:56.809 | INFO     | Pendulum.PendulumAPP:_processSerialData:121 - 🔄 数据来源: 串口接收 -> PendulumState.physical_length
2025-09-02 13:48:56.858 | INFO     | Pendulum.PendulumAPP:_processSerialData:120 - 📏 串口长度数据已更新: L18.374464 -> physical_length=18.374464
2025-09-02 13:48:56.860 | INFO     | Pendulum.PendulumAPP:_processSerialData:121 - 🔄 数据来源: 串口接收 -> PendulumState.physical_length
2025-09-02 13:48:56.883 | INFO     | Pendulum.PendulumAPP:_processSerialData:120 - 📏 串口长度数据已更新: L18.374464 -> physical_length=18.374464
2025-09-02 13:48:56.883 | INFO     | Pendulum.PendulumAPP:_processSerialData:121 - 🔄 数据来源: 串口接收 -> PendulumState.physical_length
2025-09-02 13:48:56.936 | INFO     | Pendulum.PendulumAPP:_processSerialData:120 - 📏 串口长度数据已更新: L18.374464 -> physical_length=18.374464
2025-09-02 13:48:56.937 | INFO     | Pendulum.PendulumAPP:_processSerialData:121 - 🔄 数据来源: 串口接收 -> PendulumState.physical_length
2025-09-02 13:48:56.960 | INFO     | Pendulum.PendulumAPP:_processSerialData:120 - 📏 串口长度数据已更新: L18.374464 -> physical_length=18.374464
2025-09-02 13:48:56.960 | INFO     | Pendulum.PendulumAPP:_processSerialData:121 - 🔄 数据来源: 串口接收 -> PendulumState.physical_length
2025-09-02 13:48:57.022 | INFO     | Pendulum.PendulumAPP:_processSerialData:120 - 📏 串口长度数据已更新: L18.374464 -> physical_length=18.374464
2025-09-02 13:48:57.023 | INFO     | Pendulum.PendulumAPP:_processSerialData:121 - 🔄 数据来源: 串口接收 -> PendulumState.physical_length
2025-09-02 13:48:57.047 | INFO     | Pendulum.PendulumAPP:_processSerialData:120 - 📏 串口长度数据已更新: L18.374464 -> physical_length=18.374464
2025-09-02 13:48:57.047 | INFO     | Pendulum.PendulumAPP:_processSerialData:121 - 🔄 数据来源: 串口接收 -> PendulumState.physical_length
2025-09-02 13:48:57.099 | INFO     | Pendulum.PendulumAPP:_processSerialData:120 - 📏 串口长度数据已更新: L18.374464 -> physical_length=18.374464
2025-09-02 13:48:57.100 | INFO     | Pendulum.PendulumAPP:_processSerialData:121 - 🔄 数据来源: 串口接收 -> PendulumState.physical_length
2025-09-02 13:48:57.120 | INFO     | Pendulum.PendulumAPP:_processSerialData:120 - 📏 串口长度数据已更新: L18.374464 -> physical_length=18.374464
2025-09-02 13:48:57.120 | INFO     | Pendulum.PendulumAPP:_processSerialData:121 - 🔄 数据来源: 串口接收 -> PendulumState.physical_length
2025-09-02 13:48:57.178 | INFO     | Pendulum.PendulumAPP:_processSerialData:120 - 📏 串口长度数据已更新: L18.374464 -> physical_length=18.374464
2025-09-02 13:48:57.180 | INFO     | Pendulum.PendulumAPP:_processSerialData:121 - 🔄 数据来源: 串口接收 -> PendulumState.physical_length
2025-09-02 13:48:57.206 | INFO     | Pendulum.PendulumAPP:_processSerialData:120 - 📏 串口长度数据已更新: L18.374464 -> physical_length=18.374464
2025-09-02 13:48:57.207 | INFO     | Pendulum.PendulumAPP:_processSerialData:121 - 🔄 数据来源: 串口接收 -> PendulumState.physical_length
2025-09-02 13:48:57.257 | INFO     | Pendulum.PendulumAPP:_keyEventWeb:274 - u0
2025-09-02 13:48:57.258 | INFO     | Pendulum.SerialConncet:send:199 - sendu0
2025-09-02 13:48:57.261 | INFO     | Pendulum.SerialConncet:send:201 - [发送] u0
2025-09-02 13:48:57.264 | INFO     | Pendulum.PendulumAPP:_processSerialData:120 - 📏 串口长度数据已更新: L18.374464 -> physical_length=18.374464
2025-09-02 13:48:57.264 | INFO     | Pendulum.PendulumAPP:_processSerialData:121 - 🔄 数据来源: 串口接收 -> PendulumState.physical_length
2025-09-02 13:48:57.288 | INFO     | Pendulum.PendulumAPP:_processSerialData:120 - 📏 串口长度数据已更新: L18.374464 -> physical_length=18.374464
2025-09-02 13:48:57.289 | INFO     | Pendulum.PendulumAPP:_processSerialData:121 - 🔄 数据来源: 串口接收 -> PendulumState.physical_length
2025-09-02 13:48:57.342 | INFO     | Pendulum.PendulumAPP:_processSerialData:120 - 📏 串口长度数据已更新: L18.374464 -> physical_length=18.374464
2025-09-02 13:48:57.343 | INFO     | Pendulum.PendulumAPP:_processSerialData:121 - 🔄 数据来源: 串口接收 -> PendulumState.physical_length
2025-09-02 13:48:57.364 | INFO     | Pendulum.PendulumAPP:_processSerialData:120 - 📏 串口长度数据已更新: L18.374464 -> physical_length=18.374464
2025-09-02 13:48:57.364 | INFO     | Pendulum.PendulumAPP:_processSerialData:121 - 🔄 数据来源: 串口接收 -> PendulumState.physical_length
2025-09-02 13:48:57.418 | INFO     | Pendulum.PendulumAPP:_processSerialData:120 - 📏 串口长度数据已更新: L18.374464 -> physical_length=18.374464
2025-09-02 13:48:57.419 | INFO     | Pendulum.PendulumAPP:_processSerialData:121 - 🔄 数据来源: 串口接收 -> PendulumState.physical_length
2025-09-02 13:48:57.441 | INFO     | Pendulum.PendulumAPP:_processSerialData:120 - 📏 串口长度数据已更新: L18.374464 -> physical_length=18.374464
2025-09-02 13:48:57.441 | INFO     | Pendulum.PendulumAPP:_processSerialData:121 - 🔄 数据来源: 串口接收 -> PendulumState.physical_length
2025-09-02 13:48:57.503 | INFO     | Pendulum.PendulumAPP:_processSerialData:120 - 📏 串口长度数据已更新: L18.374464 -> physical_length=18.374464
2025-09-02 13:48:57.503 | INFO     | Pendulum.PendulumAPP:_processSerialData:121 - 🔄 数据来源: 串口接收 -> PendulumState.physical_length
2025-09-02 13:48:57.532 | INFO     | Pendulum.PendulumCore:cleanRef:487 - 已删除摆轴固定点、参考角度、参考向量和自动检测摆轴
2025-09-02 13:48:57.533 | INFO     | Pendulum.PendulumAPP:_keyEventWeb:236 - 已删除摆轴固定点和参考角度
2025-09-02 13:48:57.533 | INFO     | Pendulum.PendulumCore:cleanRef:487 - 已删除摆轴固定点、参考角度、参考向量和自动检测摆轴
2025-09-02 13:48:57.533 | INFO     | Pendulum.PendulumAPP:_keyEventWeb:236 - 已删除摆轴固定点和参考角度
2025-09-02 13:48:57.538 | INFO     | Pendulum.PendulumAPP:_processSerialData:120 - 📏 串口长度数据已更新: L18.374464 -> physical_length=18.374464
2025-09-02 13:48:57.538 | INFO     | Pendulum.PendulumAPP:_processSerialData:121 - 🔄 数据来源: 串口接收 -> PendulumState.physical_length
2025-09-02 13:48:57.590 | INFO     | Pendulum.PendulumAPP:_processSerialData:120 - 📏 串口长度数据已更新: L18.374464 -> physical_length=18.374464
2025-09-02 13:48:57.590 | INFO     | Pendulum.PendulumAPP:_processSerialData:121 - 🔄 数据来源: 串口接收 -> PendulumState.physical_length
2025-09-02 13:48:57.622 | INFO     | Pendulum.PendulumAPP:_processSerialData:120 - 📏 串口长度数据已更新: L18.374464 -> physical_length=18.374464
2025-09-02 13:48:57.622 | INFO     | Pendulum.PendulumAPP:_processSerialData:121 - 🔄 数据来源: 串口接收 -> PendulumState.physical_length
2025-09-02 13:48:57.654 | INFO     | Pendulum.PendulumCore:autoDetectPivot:446 - 自动检测并设置摆轴: (327, 0), 置信度: 20.502
2025-09-02 13:48:57.665 | INFO     | Pendulum.PendulumAPP:_processSerialData:120 - 📏 串口长度数据已更新: L18.374464 -> physical_length=18.374464
2025-09-02 13:48:57.666 | INFO     | Pendulum.PendulumAPP:_processSerialData:121 - 🔄 数据来源: 串口接收 -> PendulumState.physical_length
2025-09-02 13:48:57.686 | INFO     | Pendulum.PendulumAPP:_processSerialData:120 - 📏 串口长度数据已更新: L18.374464 -> physical_length=18.374464
2025-09-02 13:48:57.686 | INFO     | Pendulum.PendulumAPP:_processSerialData:121 - 🔄 数据来源: 串口接收 -> PendulumState.physical_length
2025-09-02 13:48:57.742 | INFO     | Pendulum.PendulumAPP:_processSerialData:120 - 📏 串口长度数据已更新: L18.374464 -> physical_length=18.374464
2025-09-02 13:48:57.743 | INFO     | Pendulum.PendulumAPP:_processSerialData:121 - 🔄 数据来源: 串口接收 -> PendulumState.physical_length
2025-09-02 13:48:57.768 | INFO     | Pendulum.PendulumAPP:_processSerialData:120 - 📏 串口长度数据已更新: L18.374464 -> physical_length=18.374464
2025-09-02 13:48:57.770 | INFO     | Pendulum.PendulumAPP:_processSerialData:121 - 🔄 数据来源: 串口接收 -> PendulumState.physical_length
2025-09-02 13:48:57.819 | INFO     | Pendulum.PendulumAPP:_processSerialData:120 - 📏 串口长度数据已更新: L18.374464 -> physical_length=18.374464
2025-09-02 13:48:57.819 | INFO     | Pendulum.PendulumAPP:_processSerialData:121 - 🔄 数据来源: 串口接收 -> PendulumState.physical_length
2025-09-02 13:48:57.842 | INFO     | Pendulum.PendulumAPP:_processSerialData:120 - 📏 串口长度数据已更新: L18.374464 -> physical_length=18.374464
2025-09-02 13:48:57.842 | INFO     | Pendulum.PendulumAPP:_processSerialData:121 - 🔄 数据来源: 串口接收 -> PendulumState.physical_length
2025-09-02 13:48:57.899 | INFO     | Pendulum.PendulumAPP:_processSerialData:120 - 📏 串口长度数据已更新: L18.374464 -> physical_length=18.374464
2025-09-02 13:48:57.901 | INFO     | Pendulum.PendulumAPP:_processSerialData:121 - 🔄 数据来源: 串口接收 -> PendulumState.physical_length
2025-09-02 13:48:57.921 | INFO     | Pendulum.PendulumAPP:_processSerialData:120 - 📏 串口长度数据已更新: L18.374464 -> physical_length=18.374464
2025-09-02 13:48:57.921 | INFO     | Pendulum.PendulumAPP:_processSerialData:121 - 🔄 数据来源: 串口接收 -> PendulumState.physical_length
2025-09-02 13:48:57.975 | INFO     | Pendulum.PendulumAPP:_processSerialData:120 - 📏 串口长度数据已更新: L18.374464 -> physical_length=18.374464
2025-09-02 13:48:57.975 | INFO     | Pendulum.PendulumAPP:_processSerialData:121 - 🔄 数据来源: 串口接收 -> PendulumState.physical_length
2025-09-02 13:48:57.996 | INFO     | Pendulum.PendulumAPP:_processSerialData:120 - 📏 串口长度数据已更新: L18.374464 -> physical_length=18.374464
2025-09-02 13:48:57.997 | INFO     | Pendulum.PendulumAPP:_processSerialData:121 - 🔄 数据来源: 串口接收 -> PendulumState.physical_length
2025-09-02 13:48:58.059 | INFO     | Pendulum.PendulumAPP:_processSerialData:120 - 📏 串口长度数据已更新: L18.374464 -> physical_length=18.374464
2025-09-02 13:48:58.061 | INFO     | Pendulum.PendulumAPP:_processSerialData:121 - 🔄 数据来源: 串口接收 -> PendulumState.physical_length
2025-09-02 13:48:58.088 | INFO     | Pendulum.PendulumAPP:_processSerialData:120 - 📏 串口长度数据已更新: L18.374464 -> physical_length=18.374464
2025-09-02 13:48:58.089 | INFO     | Pendulum.PendulumAPP:_processSerialData:121 - 🔄 数据来源: 串口接收 -> PendulumState.physical_length
2025-09-02 13:48:58.139 | INFO     | Pendulum.PendulumAPP:_processSerialData:120 - 📏 串口长度数据已更新: L18.374464 -> physical_length=18.374464
2025-09-02 13:48:58.141 | INFO     | Pendulum.PendulumAPP:_processSerialData:121 - 🔄 数据来源: 串口接收 -> PendulumState.physical_length
2025-09-02 13:48:58.165 | INFO     | Pendulum.PendulumAPP:_processSerialData:120 - 📏 串口长度数据已更新: L18.374464 -> physical_length=18.374464
2025-09-02 13:48:58.165 | INFO     | Pendulum.PendulumAPP:_processSerialData:121 - 🔄 数据来源: 串口接收 -> PendulumState.physical_length
2025-09-02 13:48:58.221 | INFO     | Pendulum.PendulumAPP:_processSerialData:120 - 📏 串口长度数据已更新: L18.374464 -> physical_length=18.374464
2025-09-02 13:48:58.223 | INFO     | Pendulum.PendulumAPP:_processSerialData:121 - 🔄 数据来源: 串口接收 -> PendulumState.physical_length
2025-09-02 13:48:58.247 | INFO     | Pendulum.PendulumAPP:_processSerialData:120 - 📏 串口长度数据已更新: L18.374464 -> physical_length=18.374464
2025-09-02 13:48:58.247 | INFO     | Pendulum.PendulumAPP:_processSerialData:121 - 🔄 数据来源: 串口接收 -> PendulumState.physical_length
2025-09-02 13:48:58.300 | INFO     | Pendulum.PendulumAPP:_processSerialData:120 - 📏 串口长度数据已更新: L18.374464 -> physical_length=18.374464
2025-09-02 13:48:58.301 | INFO     | Pendulum.PendulumAPP:_processSerialData:121 - 🔄 数据来源: 串口接收 -> PendulumState.physical_length
2025-09-02 13:48:58.323 | INFO     | Pendulum.PendulumAPP:_processSerialData:120 - 📏 串口长度数据已更新: L18.374464 -> physical_length=18.374464
2025-09-02 13:48:58.323 | INFO     | Pendulum.PendulumAPP:_processSerialData:121 - 🔄 数据来源: 串口接收 -> PendulumState.physical_length
2025-09-02 13:48:58.379 | INFO     | Pendulum.PendulumAPP:_processSerialData:120 - 📏 串口长度数据已更新: L18.374464 -> physical_length=18.374464
2025-09-02 13:48:58.380 | INFO     | Pendulum.PendulumAPP:_processSerialData:121 - 🔄 数据来源: 串口接收 -> PendulumState.physical_length
2025-09-02 13:48:58.405 | INFO     | Pendulum.PendulumAPP:_processSerialData:120 - 📏 串口长度数据已更新: L18.374464 -> physical_length=18.374464
2025-09-02 13:48:58.406 | INFO     | Pendulum.PendulumAPP:_processSerialData:121 - 🔄 数据来源: 串口接收 -> PendulumState.physical_length
2025-09-02 13:48:58.457 | INFO     | Pendulum.PendulumAPP:_processSerialData:120 - 📏 串口长度数据已更新: L18.374464 -> physical_length=18.374464
2025-09-02 13:48:58.458 | INFO     | Pendulum.PendulumAPP:_processSerialData:121 - 🔄 数据来源: 串口接收 -> PendulumState.physical_length
2025-09-02 13:48:58.479 | INFO     | Pendulum.PendulumAPP:_processSerialData:120 - 📏 串口长度数据已更新: L18.374464 -> physical_length=18.374464
2025-09-02 13:48:58.480 | INFO     | Pendulum.PendulumAPP:_processSerialData:121 - 🔄 数据来源: 串口接收 -> PendulumState.physical_length
2025-09-02 13:48:58.546 | INFO     | Pendulum.PendulumAPP:_processSerialData:120 - 📏 串口长度数据已更新: L18.374464 -> physical_length=18.374464
2025-09-02 13:48:58.546 | INFO     | Pendulum.PendulumAPP:_processSerialData:121 - 🔄 数据来源: 串口接收 -> PendulumState.physical_length
2025-09-02 13:48:58.573 | INFO     | Pendulum.PendulumAPP:_processSerialData:120 - 📏 串口长度数据已更新: L18.374464 -> physical_length=18.374464
2025-09-02 13:48:58.576 | INFO     | Pendulum.PendulumAPP:_processSerialData:121 - 🔄 数据来源: 串口接收 -> PendulumState.physical_length
2025-09-02 13:48:58.625 | INFO     | Pendulum.PendulumAPP:_processSerialData:120 - 📏 串口长度数据已更新: L18.374464 -> physical_length=18.374464
2025-09-02 13:48:58.626 | INFO     | Pendulum.PendulumAPP:_processSerialData:121 - 🔄 数据来源: 串口接收 -> PendulumState.physical_length
2025-09-02 13:48:58.647 | INFO     | Pendulum.PendulumAPP:_processSerialData:120 - 📏 串口长度数据已更新: L18.374464 -> physical_length=18.374464
2025-09-02 13:48:58.647 | INFO     | Pendulum.PendulumAPP:_processSerialData:121 - 🔄 数据来源: 串口接收 -> PendulumState.physical_length
2025-09-02 13:48:58.705 | INFO     | Pendulum.PendulumAPP:_processSerialData:120 - 📏 串口长度数据已更新: L18.374464 -> physical_length=18.374464
2025-09-02 13:48:58.705 | INFO     | Pendulum.PendulumAPP:_processSerialData:121 - 🔄 数据来源: 串口接收 -> PendulumState.physical_length
2025-09-02 13:48:58.728 | INFO     | Pendulum.PendulumAPP:_processSerialData:120 - 📏 串口长度数据已更新: L18.374464 -> physical_length=18.374464
2025-09-02 13:48:58.728 | INFO     | Pendulum.PendulumAPP:_processSerialData:121 - 🔄 数据来源: 串口接收 -> PendulumState.physical_length
2025-09-02 13:48:58.780 | INFO     | Pendulum.PendulumAPP:_processSerialData:120 - 📏 串口长度数据已更新: L18.374464 -> physical_length=18.374464
2025-09-02 13:48:58.781 | INFO     | Pendulum.PendulumAPP:_processSerialData:121 - 🔄 数据来源: 串口接收 -> PendulumState.physical_length
2025-09-02 13:48:58.801 | INFO     | Pendulum.PendulumAPP:_processSerialData:120 - 📏 串口长度数据已更新: L18.374464 -> physical_length=18.374464
2025-09-02 13:48:58.801 | INFO     | Pendulum.PendulumAPP:_processSerialData:121 - 🔄 数据来源: 串口接收 -> PendulumState.physical_length
2025-09-02 13:48:58.858 | INFO     | Pendulum.PendulumAPP:_processSerialData:120 - 📏 串口长度数据已更新: L18.374464 -> physical_length=18.374464
2025-09-02 13:48:58.859 | INFO     | Pendulum.PendulumAPP:_processSerialData:121 - 🔄 数据来源: 串口接收 -> PendulumState.physical_length
2025-09-02 13:48:58.882 | INFO     | Pendulum.PendulumAPP:_processSerialData:120 - 📏 串口长度数据已更新: L18.374464 -> physical_length=18.374464
2025-09-02 13:48:58.882 | INFO     | Pendulum.PendulumAPP:_processSerialData:121 - 🔄 数据来源: 串口接收 -> PendulumState.physical_length
2025-09-02 13:48:58.936 | INFO     | Pendulum.PendulumAPP:_processSerialData:120 - 📏 串口长度数据已更新: L18.374464 -> physical_length=18.374464
2025-09-02 13:48:58.937 | INFO     | Pendulum.PendulumAPP:_processSerialData:121 - 🔄 数据来源: 串口接收 -> PendulumState.physical_length
2025-09-02 13:48:58.958 | INFO     | Pendulum.PendulumAPP:_processSerialData:120 - 📏 串口长度数据已更新: L18.374464 -> physical_length=18.374464
2025-09-02 13:48:58.959 | INFO     | Pendulum.PendulumAPP:_processSerialData:121 - 🔄 数据来源: 串口接收 -> PendulumState.physical_length
2025-09-02 13:48:59.022 | INFO     | Pendulum.PendulumAPP:_processSerialData:120 - 📏 串口长度数据已更新: L18.374464 -> physical_length=18.374464
2025-09-02 13:48:59.023 | INFO     | Pendulum.PendulumAPP:_processSerialData:121 - 🔄 数据来源: 串口接收 -> PendulumState.physical_length
2025-09-02 13:48:59.048 | INFO     | Pendulum.PendulumAPP:_processSerialData:120 - 📏 串口长度数据已更新: L18.374464 -> physical_length=18.374464
2025-09-02 13:48:59.049 | INFO     | Pendulum.PendulumAPP:_processSerialData:121 - 🔄 数据来源: 串口接收 -> PendulumState.physical_length
2025-09-02 13:48:59.104 | INFO     | Pendulum.PendulumAPP:_processSerialData:120 - 📏 串口长度数据已更新: L18.374464 -> physical_length=18.374464
2025-09-02 13:48:59.105 | INFO     | Pendulum.PendulumAPP:_processSerialData:121 - 🔄 数据来源: 串口接收 -> PendulumState.physical_length
2025-09-02 13:48:59.128 | INFO     | Pendulum.PendulumAPP:_processSerialData:120 - 📏 串口长度数据已更新: L18.374464 -> physical_length=18.374464
2025-09-02 13:48:59.128 | INFO     | Pendulum.PendulumAPP:_processSerialData:121 - 🔄 数据来源: 串口接收 -> PendulumState.physical_length
2025-09-02 13:48:59.180 | INFO     | Pendulum.PendulumAPP:_processSerialData:120 - 📏 串口长度数据已更新: L18.374464 -> physical_length=18.374464
2025-09-02 13:48:59.181 | INFO     | Pendulum.PendulumAPP:_processSerialData:121 - 🔄 数据来源: 串口接收 -> PendulumState.physical_length
2025-09-02 13:48:59.202 | INFO     | Pendulum.PendulumAPP:_processSerialData:120 - 📏 串口长度数据已更新: L18.374464 -> physical_length=18.374464
2025-09-02 13:48:59.203 | INFO     | Pendulum.PendulumAPP:_processSerialData:121 - 🔄 数据来源: 串口接收 -> PendulumState.physical_length
2025-09-02 13:48:59.257 | INFO     | Pendulum.PendulumAPP:_processSerialData:120 - 📏 串口长度数据已更新: L18.374464 -> physical_length=18.374464
2025-09-02 13:48:59.258 | INFO     | Pendulum.PendulumAPP:_processSerialData:121 - 🔄 数据来源: 串口接收 -> PendulumState.physical_length
2025-09-02 13:48:59.282 | INFO     | Pendulum.PendulumAPP:_processSerialData:120 - 📏 串口长度数据已更新: L18.374464 -> physical_length=18.374464
2025-09-02 13:48:59.282 | INFO     | Pendulum.PendulumAPP:_processSerialData:121 - 🔄 数据来源: 串口接收 -> PendulumState.physical_length
2025-09-02 13:48:59.343 | INFO     | Pendulum.PendulumAPP:_processSerialData:120 - 📏 串口长度数据已更新: L18.374464 -> physical_length=18.374464
2025-09-02 13:48:59.343 | INFO     | Pendulum.PendulumAPP:_processSerialData:121 - 🔄 数据来源: 串口接收 -> PendulumState.physical_length
2025-09-02 13:48:59.367 | INFO     | Pendulum.PendulumAPP:_processSerialData:120 - 📏 串口长度数据已更新: L18.374464 -> physical_length=18.374464
2025-09-02 13:48:59.367 | INFO     | Pendulum.PendulumAPP:_processSerialData:121 - 🔄 数据来源: 串口接收 -> PendulumState.physical_length
2025-09-02 13:48:59.423 | INFO     | Pendulum.PendulumAPP:_processSerialData:120 - 📏 串口长度数据已更新: L18.374464 -> physical_length=18.374464
2025-09-02 13:48:59.424 | INFO     | Pendulum.PendulumAPP:_processSerialData:121 - 🔄 数据来源: 串口接收 -> PendulumState.physical_length
2025-09-02 13:48:59.445 | INFO     | Pendulum.PendulumAPP:_processSerialData:120 - 📏 串口长度数据已更新: L18.374464 -> physical_length=18.374464
2025-09-02 13:48:59.445 | INFO     | Pendulum.PendulumAPP:_processSerialData:121 - 🔄 数据来源: 串口接收 -> PendulumState.physical_length
2025-09-02 13:48:59.498 | INFO     | Pendulum.PendulumAPP:_processSerialData:120 - 📏 串口长度数据已更新: L18.374464 -> physical_length=18.374464
2025-09-02 13:48:59.499 | INFO     | Pendulum.PendulumAPP:_processSerialData:121 - 🔄 数据来源: 串口接收 -> PendulumState.physical_length
2025-09-02 13:48:59.520 | INFO     | Pendulum.PendulumAPP:_processSerialData:120 - 📏 串口长度数据已更新: L18.374464 -> physical_length=18.374464
2025-09-02 13:48:59.521 | INFO     | Pendulum.PendulumAPP:_processSerialData:121 - 🔄 数据来源: 串口接收 -> PendulumState.physical_length
2025-09-02 13:48:59.582 | INFO     | Pendulum.PendulumAPP:_processSerialData:120 - 📏 串口长度数据已更新: L18.374464 -> physical_length=18.374464
2025-09-02 13:48:59.584 | INFO     | Pendulum.PendulumAPP:_processSerialData:121 - 🔄 数据来源: 串口接收 -> PendulumState.physical_length
2025-09-02 13:48:59.606 | INFO     | Pendulum.PendulumAPP:_keyEventWeb:268 - u2
2025-09-02 13:48:59.607 | INFO     | Pendulum.SerialConncet:send:199 - sendu2
2025-09-02 13:48:59.609 | INFO     | Pendulum.SerialConncet:send:201 - [发送] u2
2025-09-02 13:48:59.612 | INFO     | Pendulum.PendulumAPP:_processSerialData:120 - 📏 串口长度数据已更新: L18.374464 -> physical_length=18.374464
2025-09-02 13:48:59.612 | INFO     | Pendulum.PendulumAPP:_processSerialData:121 - 🔄 数据来源: 串口接收 -> PendulumState.physical_length
2025-09-02 13:48:59.657 | INFO     | Pendulum.PendulumAPP:_processSerialData:120 - 📏 串口长度数据已更新: L18.374464 -> physical_length=18.374464
2025-09-02 13:48:59.658 | INFO     | Pendulum.PendulumAPP:_processSerialData:121 - 🔄 数据来源: 串口接收 -> PendulumState.physical_length
2025-09-02 13:48:59.680 | INFO     | Pendulum.PendulumAPP:_processSerialData:120 - 📏 串口长度数据已更新: L18.374464 -> physical_length=18.374464
2025-09-02 13:48:59.680 | INFO     | Pendulum.PendulumAPP:_processSerialData:121 - 🔄 数据来源: 串口接收 -> PendulumState.physical_length
2025-09-02 13:48:59.739 | INFO     | Pendulum.PendulumAPP:_processSerialData:120 - 📏 串口长度数据已更新: L18.374464 -> physical_length=18.374464
2025-09-02 13:48:59.742 | INFO     | Pendulum.PendulumAPP:_processSerialData:121 - 🔄 数据来源: 串口接收 -> PendulumState.physical_length
2025-09-02 13:48:59.764 | INFO     | Pendulum.PendulumAPP:_processSerialData:120 - 📏 串口长度数据已更新: L18.374464 -> physical_length=18.374464
2025-09-02 13:48:59.764 | INFO     | Pendulum.PendulumAPP:_processSerialData:121 - 🔄 数据来源: 串口接收 -> PendulumState.physical_length
2025-09-02 13:48:59.821 | INFO     | Pendulum.PendulumAPP:_processSerialData:120 - 📏 串口长度数据已更新: L18.374464 -> physical_length=18.374464
2025-09-02 13:48:59.821 | INFO     | Pendulum.PendulumAPP:_processSerialData:121 - 🔄 数据来源: 串口接收 -> PendulumState.physical_length
2025-09-02 13:48:59.843 | INFO     | Pendulum.PendulumAPP:_processSerialData:120 - 📏 串口长度数据已更新: L18.374464 -> physical_length=18.374464
2025-09-02 13:48:59.843 | INFO     | Pendulum.PendulumAPP:_processSerialData:121 - 🔄 数据来源: 串口接收 -> PendulumState.physical_length
2025-09-02 13:48:59.902 | INFO     | Pendulum.PendulumAPP:_processSerialData:120 - 📏 串口长度数据已更新: L18.374464 -> physical_length=18.374464
2025-09-02 13:48:59.904 | INFO     | Pendulum.PendulumAPP:_processSerialData:121 - 🔄 数据来源: 串口接收 -> PendulumState.physical_length
2025-09-02 13:48:59.923 | INFO     | Pendulum.PendulumAPP:_processSerialData:120 - 📏 串口长度数据已更新: L18.374464 -> physical_length=18.374464
2025-09-02 13:48:59.923 | INFO     | Pendulum.PendulumAPP:_processSerialData:121 - 🔄 数据来源: 串口接收 -> PendulumState.physical_length
2025-09-02 13:48:59.978 | INFO     | Pendulum.PendulumAPP:_keyEventWeb:274 - u0
2025-09-02 13:48:59.981 | INFO     | Pendulum.SerialConncet:send:199 - sendu0
2025-09-02 13:48:59.982 | INFO     | Pendulum.SerialConncet:send:201 - [发送] u0
2025-09-02 13:48:59.985 | INFO     | Pendulum.PendulumAPP:_processSerialData:120 - 📏 串口长度数据已更新: L18.374464 -> physical_length=18.374464
2025-09-02 13:48:59.985 | INFO     | Pendulum.PendulumAPP:_processSerialData:121 - 🔄 数据来源: 串口接收 -> PendulumState.physical_length
2025-09-02 13:49:00.012 | INFO     | Pendulum.PendulumAPP:_processSerialData:120 - 📏 串口长度数据已更新: L18.374464 -> physical_length=18.374464
2025-09-02 13:49:00.013 | INFO     | Pendulum.PendulumAPP:_processSerialData:121 - 🔄 数据来源: 串口接收 -> PendulumState.physical_length
2025-09-02 13:49:00.060 | INFO     | Pendulum.PendulumAPP:_processSerialData:120 - 📏 串口长度数据已更新: L18.374464 -> physical_length=18.374464
2025-09-02 13:49:00.062 | INFO     | Pendulum.PendulumAPP:_processSerialData:121 - 🔄 数据来源: 串口接收 -> PendulumState.physical_length
2025-09-02 13:49:00.086 | INFO     | Pendulum.PendulumAPP:_processSerialData:120 - 📏 串口长度数据已更新: L18.374464 -> physical_length=18.374464
2025-09-02 13:49:00.086 | INFO     | Pendulum.PendulumAPP:_processSerialData:121 - 🔄 数据来源: 串口接收 -> PendulumState.physical_length
2025-09-02 13:49:00.141 | INFO     | Pendulum.PendulumAPP:_processSerialData:120 - 📏 串口长度数据已更新: L18.374464 -> physical_length=18.374464
2025-09-02 13:49:00.144 | INFO     | Pendulum.PendulumAPP:_processSerialData:121 - 🔄 数据来源: 串口接收 -> PendulumState.physical_length
2025-09-02 13:49:00.169 | INFO     | Pendulum.PendulumAPP:_processSerialData:120 - 📏 串口长度数据已更新: L18.374464 -> physical_length=18.374464
2025-09-02 13:49:00.170 | INFO     | Pendulum.PendulumAPP:_processSerialData:121 - 🔄 数据来源: 串口接收 -> PendulumState.physical_length
2025-09-02 13:49:00.229 | INFO     | Pendulum.PendulumAPP:_processSerialData:120 - 📏 串口长度数据已更新: L18.374464 -> physical_length=18.374464
2025-09-02 13:49:00.229 | INFO     | Pendulum.PendulumAPP:_processSerialData:121 - 🔄 数据来源: 串口接收 -> PendulumState.physical_length
2025-09-02 13:49:00.250 | INFO     | Pendulum.PendulumAPP:_processSerialData:120 - 📏 串口长度数据已更新: L18.374464 -> physical_length=18.374464
2025-09-02 13:49:00.253 | INFO     | Pendulum.PendulumAPP:_processSerialData:121 - 🔄 数据来源: 串口接收 -> PendulumState.physical_length
2025-09-02 13:49:00.302 | INFO     | Pendulum.PendulumAPP:_processSerialData:120 - 📏 串口长度数据已更新: L18.374464 -> physical_length=18.374464
2025-09-02 13:49:00.304 | INFO     | Pendulum.PendulumAPP:_processSerialData:121 - 🔄 数据来源: 串口接收 -> PendulumState.physical_length
2025-09-02 13:49:00.324 | INFO     | Pendulum.PendulumAPP:_processSerialData:120 - 📏 串口长度数据已更新: L18.374464 -> physical_length=18.374464
2025-09-02 13:49:00.325 | INFO     | Pendulum.PendulumAPP:_processSerialData:121 - 🔄 数据来源: 串口接收 -> PendulumState.physical_length
2025-09-02 13:49:00.381 | INFO     | Pendulum.PendulumAPP:_processSerialData:120 - 📏 串口长度数据已更新: L18.374464 -> physical_length=18.374464
2025-09-02 13:49:00.382 | INFO     | Pendulum.PendulumAPP:_processSerialData:121 - 🔄 数据来源: 串口接收 -> PendulumState.physical_length
2025-09-02 13:49:00.404 | INFO     | Pendulum.PendulumAPP:_processSerialData:120 - 📏 串口长度数据已更新: L18.374464 -> physical_length=18.374464
2025-09-02 13:49:00.404 | INFO     | Pendulum.PendulumAPP:_processSerialData:121 - 🔄 数据来源: 串口接收 -> PendulumState.physical_length
2025-09-02 13:49:00.460 | INFO     | Pendulum.PendulumAPP:_processSerialData:120 - 📏 串口长度数据已更新: L18.374464 -> physical_length=18.374464
2025-09-02 13:49:00.461 | INFO     | Pendulum.PendulumAPP:_processSerialData:121 - 🔄 数据来源: 串口接收 -> PendulumState.physical_length
2025-09-02 13:49:00.484 | INFO     | Pendulum.PendulumAPP:_processSerialData:120 - 📏 串口长度数据已更新: L18.374464 -> physical_length=18.374464
2025-09-02 13:49:00.484 | INFO     | Pendulum.PendulumAPP:_processSerialData:121 - 🔄 数据来源: 串口接收 -> PendulumState.physical_length
2025-09-02 13:49:00.542 | INFO     | Pendulum.PendulumAPP:_processSerialData:120 - 📏 串口长度数据已更新: L18.374464 -> physical_length=18.374464
2025-09-02 13:49:00.542 | INFO     | Pendulum.PendulumAPP:_processSerialData:121 - 🔄 数据来源: 串口接收 -> PendulumState.physical_length
2025-09-02 13:49:00.567 | INFO     | Pendulum.PendulumAPP:_processSerialData:120 - 📏 串口长度数据已更新: L18.374464 -> physical_length=18.374464
2025-09-02 13:49:00.567 | INFO     | Pendulum.PendulumAPP:_processSerialData:121 - 🔄 数据来源: 串口接收 -> PendulumState.physical_length
2025-09-02 13:49:00.616 | INFO     | Pendulum.PendulumAPP:_processSerialData:120 - 📏 串口长度数据已更新: L18.374464 -> physical_length=18.374464
2025-09-02 13:49:00.619 | INFO     | Pendulum.PendulumAPP:_processSerialData:121 - 🔄 数据来源: 串口接收 -> PendulumState.physical_length
2025-09-02 13:49:00.641 | INFO     | Pendulum.PendulumAPP:_processSerialData:120 - 📏 串口长度数据已更新: L18.374464 -> physical_length=18.374464
2025-09-02 13:49:00.641 | INFO     | Pendulum.PendulumAPP:_processSerialData:121 - 🔄 数据来源: 串口接收 -> PendulumState.physical_length
2025-09-02 13:49:00.703 | INFO     | Pendulum.PendulumAPP:_processSerialData:120 - 📏 串口长度数据已更新: L18.374464 -> physical_length=18.374464
2025-09-02 13:49:00.704 | INFO     | Pendulum.PendulumAPP:_processSerialData:121 - 🔄 数据来源: 串口接收 -> PendulumState.physical_length
2025-09-02 13:49:00.727 | INFO     | Pendulum.PendulumAPP:_processSerialData:120 - 📏 串口长度数据已更新: L18.374464 -> physical_length=18.374464
2025-09-02 13:49:00.727 | INFO     | Pendulum.PendulumAPP:_processSerialData:121 - 🔄 数据来源: 串口接收 -> PendulumState.physical_length
2025-09-02 13:49:00.777 | INFO     | Pendulum.PendulumAPP:_processSerialData:120 - 📏 串口长度数据已更新: L18.374464 -> physical_length=18.374464
2025-09-02 13:49:00.777 | INFO     | Pendulum.PendulumAPP:_processSerialData:121 - 🔄 数据来源: 串口接收 -> PendulumState.physical_length
2025-09-02 13:49:00.800 | INFO     | Pendulum.PendulumAPP:_processSerialData:120 - 📏 串口长度数据已更新: L18.374464 -> physical_length=18.374464
2025-09-02 13:49:00.800 | INFO     | Pendulum.PendulumAPP:_processSerialData:121 - 🔄 数据来源: 串口接收 -> PendulumState.physical_length
2025-09-02 13:49:00.859 | INFO     | Pendulum.PendulumAPP:_processSerialData:120 - 📏 串口长度数据已更新: L18.374464 -> physical_length=18.374464
2025-09-02 13:49:00.859 | INFO     | Pendulum.PendulumAPP:_processSerialData:121 - 🔄 数据来源: 串口接收 -> PendulumState.physical_length
2025-09-02 13:49:00.883 | INFO     | Pendulum.PendulumAPP:_processSerialData:120 - 📏 串口长度数据已更新: L18.374464 -> physical_length=18.374464
2025-09-02 13:49:00.883 | INFO     | Pendulum.PendulumAPP:_processSerialData:121 - 🔄 数据来源: 串口接收 -> PendulumState.physical_length
2025-09-02 13:49:00.941 | INFO     | Pendulum.PendulumAPP:_processSerialData:120 - 📏 串口长度数据已更新: L18.374464 -> physical_length=18.374464
2025-09-02 13:49:00.942 | INFO     | Pendulum.PendulumAPP:_processSerialData:121 - 🔄 数据来源: 串口接收 -> PendulumState.physical_length
2025-09-02 13:49:00.963 | INFO     | Pendulum.PendulumAPP:_processSerialData:120 - 📏 串口长度数据已更新: L18.374464 -> physical_length=18.374464
2025-09-02 13:49:00.963 | INFO     | Pendulum.PendulumAPP:_processSerialData:121 - 🔄 数据来源: 串口接收 -> PendulumState.physical_length
2025-09-02 13:49:01.016 | INFO     | Pendulum.PendulumAPP:_processSerialData:120 - 📏 串口长度数据已更新: L18.374464 -> physical_length=18.374464
2025-09-02 13:49:01.017 | INFO     | Pendulum.PendulumAPP:_processSerialData:121 - 🔄 数据来源: 串口接收 -> PendulumState.physical_length
2025-09-02 13:49:01.040 | INFO     | Pendulum.PendulumAPP:_processSerialData:120 - 📏 串口长度数据已更新: L18.374464 -> physical_length=18.374464
2025-09-02 13:49:01.041 | INFO     | Pendulum.PendulumAPP:_processSerialData:121 - 🔄 数据来源: 串口接收 -> PendulumState.physical_length
2025-09-02 13:49:01.099 | INFO     | Pendulum.PendulumAPP:_processSerialData:120 - 📏 串口长度数据已更新: L18.374464 -> physical_length=18.374464
2025-09-02 13:49:01.100 | INFO     | Pendulum.PendulumAPP:_processSerialData:121 - 🔄 数据来源: 串口接收 -> PendulumState.physical_length
2025-09-02 13:49:01.120 | INFO     | Pendulum.PendulumAPP:_processSerialData:120 - 📏 串口长度数据已更新: L18.374464 -> physical_length=18.374464
2025-09-02 13:49:01.121 | INFO     | Pendulum.PendulumAPP:_processSerialData:121 - 🔄 数据来源: 串口接收 -> PendulumState.physical_length
2025-09-02 13:49:01.181 | INFO     | Pendulum.PendulumAPP:_processSerialData:120 - 📏 串口长度数据已更新: L18.374464 -> physical_length=18.374464
2025-09-02 13:49:01.182 | INFO     | Pendulum.PendulumAPP:_processSerialData:121 - 🔄 数据来源: 串口接收 -> PendulumState.physical_length
2025-09-02 13:49:01.205 | INFO     | Pendulum.PendulumAPP:_processSerialData:120 - 📏 串口长度数据已更新: L18.374464 -> physical_length=18.374464
2025-09-02 13:49:01.205 | INFO     | Pendulum.PendulumAPP:_processSerialData:121 - 🔄 数据来源: 串口接收 -> PendulumState.physical_length
2025-09-02 13:49:01.257 | INFO     | Pendulum.PendulumAPP:_processSerialData:120 - 📏 串口长度数据已更新: L18.374464 -> physical_length=18.374464
2025-09-02 13:49:01.259 | INFO     | Pendulum.PendulumAPP:_processSerialData:121 - 🔄 数据来源: 串口接收 -> PendulumState.physical_length
2025-09-02 13:49:01.281 | INFO     | Pendulum.PendulumAPP:_processSerialData:120 - 📏 串口长度数据已更新: L18.374464 -> physical_length=18.374464
2025-09-02 13:49:01.282 | INFO     | Pendulum.PendulumAPP:_processSerialData:121 - 🔄 数据来源: 串口接收 -> PendulumState.physical_length
2025-09-02 13:49:01.340 | INFO     | Pendulum.PendulumAPP:_processSerialData:120 - 📏 串口长度数据已更新: L18.374464 -> physical_length=18.374464
2025-09-02 13:49:01.341 | INFO     | Pendulum.PendulumAPP:_processSerialData:121 - 🔄 数据来源: 串口接收 -> PendulumState.physical_length
2025-09-02 13:49:01.362 | INFO     | Pendulum.PendulumAPP:_processSerialData:120 - 📏 串口长度数据已更新: L18.374464 -> physical_length=18.374464
2025-09-02 13:49:01.363 | INFO     | Pendulum.PendulumAPP:_processSerialData:121 - 🔄 数据来源: 串口接收 -> PendulumState.physical_length
2025-09-02 13:49:01.420 | INFO     | Pendulum.PendulumAPP:_processSerialData:120 - 📏 串口长度数据已更新: L18.374464 -> physical_length=18.374464
2025-09-02 13:49:01.421 | INFO     | Pendulum.PendulumAPP:_processSerialData:121 - 🔄 数据来源: 串口接收 -> PendulumState.physical_length
2025-09-02 13:49:01.445 | INFO     | Pendulum.PendulumAPP:_processSerialData:120 - 📏 串口长度数据已更新: L18.374464 -> physical_length=18.374464
2025-09-02 13:49:01.446 | INFO     | Pendulum.PendulumAPP:_processSerialData:121 - 🔄 数据来源: 串口接收 -> PendulumState.physical_length
2025-09-02 13:49:01.497 | INFO     | Pendulum.PendulumAPP:_processSerialData:120 - 📏 串口长度数据已更新: L18.374464 -> physical_length=18.374464
2025-09-02 13:49:01.499 | INFO     | Pendulum.PendulumAPP:_processSerialData:121 - 🔄 数据来源: 串口接收 -> PendulumState.physical_length
2025-09-02 13:49:01.522 | INFO     | Pendulum.PendulumAPP:_processSerialData:120 - 📏 串口长度数据已更新: L18.374464 -> physical_length=18.374464
2025-09-02 13:49:01.523 | INFO     | Pendulum.PendulumAPP:_processSerialData:121 - 🔄 数据来源: 串口接收 -> PendulumState.physical_length
2025-09-02 13:49:01.578 | INFO     | Pendulum.PendulumAPP:_processSerialData:120 - 📏 串口长度数据已更新: L18.374464 -> physical_length=18.374464
2025-09-02 13:49:01.579 | INFO     | Pendulum.PendulumAPP:_processSerialData:121 - 🔄 数据来源: 串口接收 -> PendulumState.physical_length
2025-09-02 13:49:01.600 | INFO     | Pendulum.PendulumAPP:_keyEventWeb:257 - 清除数据
2025-09-02 13:49:01.600 | INFO     | Pendulum.SerialConncet:send:199 - sendr
2025-09-02 13:49:01.602 | INFO     | Pendulum.SerialConncet:send:201 - [发送] r
2025-09-02 13:49:01.604 | INFO     | Pendulum.SerialConncet:_run:176 - [接收] R
2025-09-02 13:49:04.464 | INFO     | Pendulum.PendulumAPP:_keyEventWeb:252 - 清除数据
2025-09-02 13:49:04.467 | INFO     | Pendulum.SerialConncet:send:199 - sendr
2025-09-02 13:49:04.470 | INFO     | Pendulum.SerialConncet:send:201 - [发送] r
2025-09-02 13:49:04.471 | INFO     | Pendulum.PendulumAPP:_keyEventWeb:286 - d0
2025-09-02 13:49:04.472 | INFO     | Pendulum.SerialConncet:_run:176 - [接收] R
2025-09-02 13:49:04.472 | INFO     | Pendulum.SerialConncet:send:199 - sendd0
2025-09-02 13:49:04.473 | INFO     | Pendulum.SerialConncet:send:201 - [发送] d0
2025-09-02 13:49:26.210 | INFO     | Pendulum.SerialConncet:_run:176 - [接收] T0.000000,0.000000,0.000000
2025-09-02 13:49:27.923 | INFO     | Pendulum.SerialConncet:_run:176 - [接收] T1.000000,0.861276,0.861276
2025-09-02 13:49:27.926 | INFO     | Pendulum.SerialConncet:_run:176 - [接收] L18.329773
2025-09-02 13:49:27.933 | INFO     | Pendulum.PendulumAPP:_processSerialData:120 - 📏 串口长度数据已更新: L18.329773 -> physical_length=18.329773
2025-09-02 13:49:27.934 | INFO     | Pendulum.PendulumAPP:_processSerialData:121 - 🔄 数据来源: 串口接收 -> PendulumState.physical_length
2025-09-02 13:49:27.990 | INFO     | Pendulum.PendulumAPP:_processSerialData:120 - 📏 串口长度数据已更新: L18.329773 -> physical_length=18.329773
2025-09-02 13:49:27.991 | INFO     | Pendulum.PendulumAPP:_processSerialData:121 - 🔄 数据来源: 串口接收 -> PendulumState.physical_length
2025-09-02 13:49:28.015 | INFO     | Pendulum.PendulumAPP:_processSerialData:120 - 📏 串口长度数据已更新: L18.329773 -> physical_length=18.329773
2025-09-02 13:49:28.016 | INFO     | Pendulum.PendulumAPP:_processSerialData:121 - 🔄 数据来源: 串口接收 -> PendulumState.physical_length
2025-09-02 13:49:28.063 | INFO     | Pendulum.PendulumAPP:_processSerialData:120 - 📏 串口长度数据已更新: L18.329773 -> physical_length=18.329773
2025-09-02 13:49:28.064 | INFO     | Pendulum.PendulumAPP:_processSerialData:121 - 🔄 数据来源: 串口接收 -> PendulumState.physical_length
2025-09-02 13:49:28.086 | INFO     | Pendulum.PendulumAPP:_processSerialData:120 - 📏 串口长度数据已更新: L18.329773 -> physical_length=18.329773
2025-09-02 13:49:28.087 | INFO     | Pendulum.PendulumAPP:_processSerialData:121 - 🔄 数据来源: 串口接收 -> PendulumState.physical_length
2025-09-02 13:49:28.145 | INFO     | Pendulum.PendulumAPP:_processSerialData:120 - 📏 串口长度数据已更新: L18.329773 -> physical_length=18.329773
2025-09-02 13:49:28.146 | INFO     | Pendulum.PendulumAPP:_processSerialData:121 - 🔄 数据来源: 串口接收 -> PendulumState.physical_length
2025-09-02 13:49:28.166 | INFO     | Pendulum.PendulumAPP:_processSerialData:120 - 📏 串口长度数据已更新: L18.329773 -> physical_length=18.329773
2025-09-02 13:49:28.166 | INFO     | Pendulum.PendulumAPP:_processSerialData:121 - 🔄 数据来源: 串口接收 -> PendulumState.physical_length
2025-09-02 13:49:28.221 | INFO     | Pendulum.PendulumAPP:_processSerialData:120 - 📏 串口长度数据已更新: L18.329773 -> physical_length=18.329773
2025-09-02 13:49:28.222 | INFO     | Pendulum.PendulumAPP:_processSerialData:121 - 🔄 数据来源: 串口接收 -> PendulumState.physical_length
2025-09-02 13:49:28.249 | INFO     | Pendulum.PendulumAPP:_processSerialData:120 - 📏 串口长度数据已更新: L18.329773 -> physical_length=18.329773
2025-09-02 13:49:28.250 | INFO     | Pendulum.PendulumAPP:_processSerialData:121 - 🔄 数据来源: 串口接收 -> PendulumState.physical_length
2025-09-02 13:49:28.305 | INFO     | Pendulum.PendulumAPP:_processSerialData:120 - 📏 串口长度数据已更新: L18.329773 -> physical_length=18.329773
2025-09-02 13:49:28.305 | INFO     | Pendulum.PendulumAPP:_processSerialData:121 - 🔄 数据来源: 串口接收 -> PendulumState.physical_length
2025-09-02 13:49:28.327 | INFO     | Pendulum.PendulumAPP:_processSerialData:120 - 📏 串口长度数据已更新: L18.329773 -> physical_length=18.329773
2025-09-02 13:49:28.328 | INFO     | Pendulum.PendulumAPP:_processSerialData:121 - 🔄 数据来源: 串口接收 -> PendulumState.physical_length
2025-09-02 13:49:28.382 | INFO     | Pendulum.PendulumAPP:_processSerialData:120 - 📏 串口长度数据已更新: L18.329773 -> physical_length=18.329773
2025-09-02 13:49:28.383 | INFO     | Pendulum.PendulumAPP:_processSerialData:121 - 🔄 数据来源: 串口接收 -> PendulumState.physical_length
2025-09-02 13:49:28.408 | INFO     | Pendulum.PendulumAPP:_processSerialData:120 - 📏 串口长度数据已更新: L18.329773 -> physical_length=18.329773
2025-09-02 13:49:28.408 | INFO     | Pendulum.PendulumAPP:_processSerialData:121 - 🔄 数据来源: 串口接收 -> PendulumState.physical_length
2025-09-02 13:49:28.467 | INFO     | Pendulum.PendulumAPP:_processSerialData:120 - 📏 串口长度数据已更新: L18.329773 -> physical_length=18.329773
2025-09-02 13:49:28.468 | INFO     | Pendulum.PendulumAPP:_processSerialData:121 - 🔄 数据来源: 串口接收 -> PendulumState.physical_length
2025-09-02 13:49:28.494 | INFO     | Pendulum.PendulumAPP:_processSerialData:120 - 📏 串口长度数据已更新: L18.329773 -> physical_length=18.329773
2025-09-02 13:49:28.495 | INFO     | Pendulum.PendulumAPP:_processSerialData:121 - 🔄 数据来源: 串口接收 -> PendulumState.physical_length
2025-09-02 13:49:28.539 | INFO     | Pendulum.PendulumAPP:_processSerialData:120 - 📏 串口长度数据已更新: L18.329773 -> physical_length=18.329773
2025-09-02 13:49:28.541 | INFO     | Pendulum.PendulumAPP:_processSerialData:121 - 🔄 数据来源: 串口接收 -> PendulumState.physical_length
2025-09-02 13:49:28.562 | INFO     | Pendulum.PendulumAPP:_processSerialData:120 - 📏 串口长度数据已更新: L18.329773 -> physical_length=18.329773
2025-09-02 13:49:28.563 | INFO     | Pendulum.PendulumAPP:_processSerialData:121 - 🔄 数据来源: 串口接收 -> PendulumState.physical_length
2025-09-02 13:49:28.623 | INFO     | Pendulum.PendulumAPP:_processSerialData:120 - 📏 串口长度数据已更新: L18.329773 -> physical_length=18.329773
2025-09-02 13:49:28.624 | INFO     | Pendulum.PendulumAPP:_processSerialData:121 - 🔄 数据来源: 串口接收 -> PendulumState.physical_length
2025-09-02 13:49:28.646 | INFO     | Pendulum.PendulumAPP:_processSerialData:120 - 📏 串口长度数据已更新: L18.329773 -> physical_length=18.329773
2025-09-02 13:49:28.646 | INFO     | Pendulum.PendulumAPP:_processSerialData:121 - 🔄 数据来源: 串口接收 -> PendulumState.physical_length
2025-09-02 13:49:28.705 | INFO     | Pendulum.PendulumAPP:_processSerialData:120 - 📏 串口长度数据已更新: L18.329773 -> physical_length=18.329773
2025-09-02 13:49:28.706 | INFO     | Pendulum.PendulumAPP:_processSerialData:121 - 🔄 数据来源: 串口接收 -> PendulumState.physical_length
2025-09-02 13:49:28.730 | INFO     | Pendulum.PendulumAPP:_processSerialData:120 - 📏 串口长度数据已更新: L18.329773 -> physical_length=18.329773
2025-09-02 13:49:28.730 | INFO     | Pendulum.PendulumAPP:_processSerialData:121 - 🔄 数据来源: 串口接收 -> PendulumState.physical_length
2025-09-02 13:49:28.779 | INFO     | Pendulum.PendulumAPP:_processSerialData:120 - 📏 串口长度数据已更新: L18.329773 -> physical_length=18.329773
2025-09-02 13:49:28.781 | INFO     | Pendulum.PendulumAPP:_processSerialData:121 - 🔄 数据来源: 串口接收 -> PendulumState.physical_length
2025-09-02 13:49:28.784 | INFO     | Pendulum.SerialConncet:_run:176 - [接收] T2.000000,0.858199,1.719476
2025-09-02 13:49:29.642 | INFO     | Pendulum.SerialConncet:_run:176 - [接收] T3.000000,0.861998,2.581474
2025-09-02 13:49:30.500 | INFO     | Pendulum.SerialConncet:_run:176 - [接收] T4.000000,0.861701,3.443175
2025-09-02 13:49:31.361 | INFO     | Pendulum.SerialConncet:_run:176 - [接收] T5.000000,0.861329,4.304504
2025-09-02 13:49:32.222 | INFO     | Pendulum.SerialConncet:_run:176 - [接收] T6.000000,0.862004,5.166508
2025-09-02 13:49:33.077 | INFO     | Pendulum.SerialConncet:_run:176 - [接收] T7.000000,0.862163,6.028671
2025-09-02 13:49:33.936 | INFO     | Pendulum.SerialConncet:_run:176 - [接收] T8.000000,0.858659,6.887330
2025-09-02 13:49:34.798 | INFO     | Pendulum.SerialConncet:_run:176 - [接收] T9.000000,0.863944,7.751273
2025-09-02 13:49:35.653 | INFO     | Pendulum.SerialConncet:_run:176 - [接收] T10.000000,0.861404,8.612677
2025-09-02 13:49:36.513 | INFO     | Pendulum.SerialConncet:_run:176 - [接收] T11.000000,0.859381,9.472058
2025-09-02 13:49:37.372 | INFO     | Pendulum.SerialConncet:_run:176 - [接收] T12.000000,0.865018,10.337076
2025-09-02 13:49:38.231 | INFO     | Pendulum.SerialConncet:_run:176 - [接收] T13.000000,0.861226,11.198301
2025-09-02 13:49:39.091 | INFO     | Pendulum.SerialConncet:_run:176 - [接收] T14.000000,0.862124,12.060425
2025-09-02 13:49:39.950 | INFO     | Pendulum.SerialConncet:_run:176 - [接收] T15.000000,0.858614,12.919039
2025-09-02 13:49:40.808 | INFO     | Pendulum.SerialConncet:_run:176 - [接收] T16.000000,0.862125,13.781163
2025-09-02 13:49:41.667 | INFO     | Pendulum.SerialConncet:_run:176 - [接收] T17.000000,0.862079,14.643242
2025-09-02 13:49:42.527 | INFO     | Pendulum.SerialConncet:_run:176 - [接收] T18.000000,0.861984,15.505226
2025-09-02 13:49:43.388 | INFO     | Pendulum.SerialConncet:_run:176 - [接收] T19.000000,0.862281,16.367508
2025-09-02 13:49:44.244 | INFO     | Pendulum.SerialConncet:_run:176 - [接收] T20.000000,0.862057,17.229565
2025-09-02 13:49:54.309 | INFO     | Pendulum.PendulumAPP:_keyEventWeb:277 - n2
2025-09-02 13:49:54.311 | INFO     | Pendulum.SerialConncet:send:199 - sendn2
2025-09-02 13:49:54.314 | INFO     | Pendulum.SerialConncet:send:201 - [发送] n2
2025-09-02 13:49:56.579 | INFO     | Pendulum.PendulumAPP:_keyEventWeb:283 - n0
2025-09-02 13:49:56.580 | INFO     | Pendulum.SerialConncet:send:199 - sendn0
2025-09-02 13:49:56.580 | INFO     | Pendulum.SerialConncet:send:201 - [发送] n0
2025-09-02 13:49:57.660 | INFO     | Pendulum.PendulumAPP:_keyEventWeb:246 - ↓
2025-09-02 13:49:57.661 | INFO     | Pendulum.SerialConncet:send:199 - sendm1
2025-09-02 13:49:57.662 | INFO     | Pendulum.SerialConncet:send:201 - [发送] m1
2025-09-02 13:49:57.685 | INFO     | Pendulum.SerialConncet:_run:176 - [接收] L18.355295
2025-09-02 13:49:57.696 | INFO     | Pendulum.PendulumAPP:_processSerialData:120 - 📏 串口长度数据已更新: L18.355295 -> physical_length=18.355295
2025-09-02 13:49:57.697 | INFO     | Pendulum.PendulumAPP:_processSerialData:121 - 🔄 数据来源: 串口接收 -> PendulumState.physical_length
2025-09-02 13:49:57.706 | INFO     | Pendulum.SerialConncet:_run:176 - [接收] L18.380814
2025-09-02 13:49:57.728 | INFO     | Pendulum.SerialConncet:_run:176 - [接收] L18.406336
2025-09-02 13:49:57.742 | INFO     | Pendulum.PendulumAPP:_processSerialData:120 - 📏 串口长度数据已更新: L18.406336 -> physical_length=18.406336
2025-09-02 13:49:57.743 | INFO     | Pendulum.PendulumAPP:_processSerialData:121 - 🔄 数据来源: 串口接收 -> PendulumState.physical_length
2025-09-02 13:49:57.748 | INFO     | Pendulum.SerialConncet:_run:176 - [接收] L18.431856
2025-09-02 13:49:57.769 | INFO     | Pendulum.SerialConncet:_run:176 - [接收] L18.457378
2025-09-02 13:49:57.779 | INFO     | Pendulum.PendulumAPP:_processSerialData:120 - 📏 串口长度数据已更新: L18.457378 -> physical_length=18.457378
2025-09-02 13:49:57.779 | INFO     | Pendulum.PendulumAPP:_processSerialData:121 - 🔄 数据来源: 串口接收 -> PendulumState.physical_length
2025-09-02 13:49:57.790 | INFO     | Pendulum.SerialConncet:_run:176 - [接收] L18.482899
2025-09-02 13:49:57.810 | INFO     | Pendulum.SerialConncet:_run:176 - [接收] L18.508419
2025-09-02 13:49:57.826 | INFO     | Pendulum.PendulumAPP:_processSerialData:120 - 📏 串口长度数据已更新: L18.508419 -> physical_length=18.508419
2025-09-02 13:49:57.827 | INFO     | Pendulum.PendulumAPP:_processSerialData:121 - 🔄 数据来源: 串口接收 -> PendulumState.physical_length
2025-09-02 13:49:57.832 | INFO     | Pendulum.SerialConncet:_run:176 - [接收] L18.533941
2025-09-02 13:49:57.852 | INFO     | Pendulum.SerialConncet:_run:176 - [接收] L18.559462
2025-09-02 13:49:57.858 | INFO     | Pendulum.PendulumAPP:_processSerialData:120 - 📏 串口长度数据已更新: L18.559462 -> physical_length=18.559462
2025-09-02 13:49:57.858 | INFO     | Pendulum.PendulumAPP:_processSerialData:121 - 🔄 数据来源: 串口接收 -> PendulumState.physical_length
2025-09-02 13:49:57.874 | INFO     | Pendulum.SerialConncet:_run:176 - [接收] L18.584982
2025-09-02 13:49:57.895 | INFO     | Pendulum.SerialConncet:_run:176 - [接收] L18.610504
2025-09-02 13:49:57.908 | INFO     | Pendulum.PendulumAPP:_processSerialData:120 - 📏 串口长度数据已更新: L18.610504 -> physical_length=18.610504
2025-09-02 13:49:57.909 | INFO     | Pendulum.PendulumAPP:_processSerialData:121 - 🔄 数据来源: 串口接收 -> PendulumState.physical_length
2025-09-02 13:49:57.914 | INFO     | Pendulum.SerialConncet:_run:176 - [接收] L18.636026
2025-09-02 13:49:57.934 | INFO     | Pendulum.PendulumAPP:_processSerialData:120 - 📏 串口长度数据已更新: L18.636026 -> physical_length=18.636026
2025-09-02 13:49:57.934 | INFO     | Pendulum.PendulumAPP:_processSerialData:121 - 🔄 数据来源: 串口接收 -> PendulumState.physical_length
2025-09-02 13:49:57.936 | INFO     | Pendulum.SerialConncet:_run:176 - [接收] L18.661545
2025-09-02 13:49:57.958 | INFO     | Pendulum.SerialConncet:_run:176 - [接收] L18.687067
2025-09-02 13:49:57.985 | INFO     | Pendulum.SerialConncet:_run:176 - [接收] L18.712587
2025-09-02 13:49:57.991 | INFO     | Pendulum.PendulumAPP:_processSerialData:120 - 📏 串口长度数据已更新: L18.712587 -> physical_length=18.712587
2025-09-02 13:49:57.991 | INFO     | Pendulum.PendulumAPP:_processSerialData:121 - 🔄 数据来源: 串口接收 -> PendulumState.physical_length
2025-09-02 13:49:58.000 | INFO     | Pendulum.SerialConncet:_run:176 - [接收] L18.738110
2025-09-02 13:49:58.019 | INFO     | Pendulum.PendulumAPP:_processSerialData:120 - 📏 串口长度数据已更新: L18.738110 -> physical_length=18.738110
2025-09-02 13:49:58.019 | INFO     | Pendulum.PendulumAPP:_processSerialData:121 - 🔄 数据来源: 串口接收 -> PendulumState.physical_length
2025-09-02 13:49:58.022 | INFO     | Pendulum.SerialConncet:_run:176 - [接收] L18.763630
2025-09-02 13:49:58.041 | INFO     | Pendulum.SerialConncet:_run:176 - [接收] L18.789150
2025-09-02 13:49:58.064 | INFO     | Pendulum.SerialConncet:_run:176 - [接收] L18.814672
2025-09-02 13:49:58.076 | INFO     | Pendulum.PendulumAPP:_processSerialData:120 - 📏 串口长度数据已更新: L18.814672 -> physical_length=18.814672
2025-09-02 13:49:58.079 | INFO     | Pendulum.PendulumAPP:_processSerialData:121 - 🔄 数据来源: 串口接收 -> PendulumState.physical_length
2025-09-02 13:49:58.083 | INFO     | Pendulum.SerialConncet:_run:176 - [接收] L18.840193
2025-09-02 13:49:58.102 | INFO     | Pendulum.PendulumAPP:_processSerialData:120 - 📏 串口长度数据已更新: L18.840193 -> physical_length=18.840193
2025-09-02 13:49:58.102 | INFO     | Pendulum.PendulumAPP:_processSerialData:121 - 🔄 数据来源: 串口接收 -> PendulumState.physical_length
2025-09-02 13:49:58.105 | INFO     | Pendulum.SerialConncet:_run:176 - [接收] L18.865713
2025-09-02 13:49:58.130 | INFO     | Pendulum.SerialConncet:_run:176 - [接收] L18.891235
2025-09-02 13:49:58.146 | INFO     | Pendulum.SerialConncet:_run:176 - [接收] L18.916756
2025-09-02 13:49:58.156 | INFO     | Pendulum.PendulumAPP:_processSerialData:120 - 📏 串口长度数据已更新: L18.916756 -> physical_length=18.916756
2025-09-02 13:49:58.157 | INFO     | Pendulum.PendulumAPP:_processSerialData:121 - 🔄 数据来源: 串口接收 -> PendulumState.physical_length
2025-09-02 13:49:58.167 | INFO     | Pendulum.SerialConncet:_run:176 - [接收] L18.942276
2025-09-02 13:49:58.179 | INFO     | Pendulum.PendulumAPP:_processSerialData:120 - 📏 串口长度数据已更新: L18.942276 -> physical_length=18.942276
2025-09-02 13:49:58.179 | INFO     | Pendulum.PendulumAPP:_processSerialData:121 - 🔄 数据来源: 串口接收 -> PendulumState.physical_length
2025-09-02 13:49:58.189 | INFO     | Pendulum.SerialConncet:_run:176 - [接收] L18.967798
2025-09-02 13:49:58.208 | INFO     | Pendulum.SerialConncet:_run:176 - [接收] L18.993319
2025-09-02 13:49:58.224 | INFO     | Pendulum.PendulumAPP:_processSerialData:120 - 📏 串口长度数据已更新: L18.993319 -> physical_length=18.993319
2025-09-02 13:49:58.224 | INFO     | Pendulum.PendulumAPP:_processSerialData:121 - 🔄 数据来源: 串口接收 -> PendulumState.physical_length
2025-09-02 13:49:58.230 | INFO     | Pendulum.SerialConncet:_run:176 - [接收] L19.018841
2025-09-02 13:49:58.251 | INFO     | Pendulum.SerialConncet:_run:176 - [接收] L19.044361
2025-09-02 13:49:58.266 | INFO     | Pendulum.PendulumAPP:_processSerialData:120 - 📏 串口长度数据已更新: L19.044361 -> physical_length=19.044361
2025-09-02 13:49:58.267 | INFO     | Pendulum.PendulumAPP:_processSerialData:121 - 🔄 数据来源: 串口接收 -> PendulumState.physical_length
2025-09-02 13:49:58.271 | INFO     | Pendulum.SerialConncet:_run:176 - [接收] L19.069881
2025-09-02 13:49:58.293 | INFO     | Pendulum.SerialConncet:_run:176 - [接收] L19.095404
2025-09-02 13:49:58.303 | INFO     | Pendulum.PendulumAPP:_processSerialData:120 - 📏 串口长度数据已更新: L19.095404 -> physical_length=19.095404
2025-09-02 13:49:58.304 | INFO     | Pendulum.PendulumAPP:_processSerialData:121 - 🔄 数据来源: 串口接收 -> PendulumState.physical_length
2025-09-02 13:49:58.312 | INFO     | Pendulum.SerialConncet:_run:176 - [接收] L19.120924
2025-09-02 13:49:58.335 | INFO     | Pendulum.PendulumAPP:_processSerialData:120 - 📏 串口长度数据已更新: L19.120924 -> physical_length=19.120924
2025-09-02 13:49:58.338 | INFO     | Pendulum.PendulumAPP:_processSerialData:121 - 🔄 数据来源: 串口接收 -> PendulumState.physical_length
2025-09-02 13:49:58.338 | INFO     | Pendulum.SerialConncet:_run:176 - [接收] L19.146444
2025-09-02 13:49:58.355 | INFO     | Pendulum.SerialConncet:_run:176 - [接收] L19.171967
2025-09-02 13:49:58.375 | INFO     | Pendulum.SerialConncet:_run:176 - [接收] L19.197487
2025-09-02 13:49:58.386 | INFO     | Pendulum.PendulumAPP:_keyEventWeb:249 - stop
2025-09-02 13:49:58.387 | INFO     | Pendulum.SerialConncet:send:199 - sendm0
2025-09-02 13:49:58.388 | INFO     | Pendulum.SerialConncet:send:201 - [发送] m0
2025-09-02 13:49:58.391 | INFO     | Pendulum.PendulumAPP:_processSerialData:120 - 📏 串口长度数据已更新: L19.197487 -> physical_length=19.197487
2025-09-02 13:49:58.391 | INFO     | Pendulum.PendulumAPP:_processSerialData:121 - 🔄 数据来源: 串口接收 -> PendulumState.physical_length
2025-09-02 13:49:58.397 | INFO     | Pendulum.SerialConncet:_run:176 - [接收] L19.223007
2025-09-02 13:49:58.422 | INFO     | Pendulum.PendulumAPP:_processSerialData:120 - 📏 串口长度数据已更新: L19.223007 -> physical_length=19.223007
2025-09-02 13:49:58.422 | INFO     | Pendulum.PendulumAPP:_processSerialData:121 - 🔄 数据来源: 串口接收 -> PendulumState.physical_length
2025-09-02 13:49:58.462 | INFO     | Pendulum.PendulumAPP:_processSerialData:120 - 📏 串口长度数据已更新: L19.223007 -> physical_length=19.223007
2025-09-02 13:49:58.463 | INFO     | Pendulum.PendulumAPP:_processSerialData:121 - 🔄 数据来源: 串口接收 -> PendulumState.physical_length
2025-09-02 13:49:58.496 | INFO     | Pendulum.PendulumAPP:_processSerialData:120 - 📏 串口长度数据已更新: L19.223007 -> physical_length=19.223007
2025-09-02 13:49:58.497 | INFO     | Pendulum.PendulumAPP:_processSerialData:121 - 🔄 数据来源: 串口接收 -> PendulumState.physical_length
2025-09-02 13:49:58.550 | INFO     | Pendulum.PendulumAPP:_processSerialData:120 - 📏 串口长度数据已更新: L19.223007 -> physical_length=19.223007
2025-09-02 13:49:58.550 | INFO     | Pendulum.PendulumAPP:_processSerialData:121 - 🔄 数据来源: 串口接收 -> PendulumState.physical_length
2025-09-02 13:49:58.578 | INFO     | Pendulum.PendulumAPP:_processSerialData:120 - 📏 串口长度数据已更新: L19.223007 -> physical_length=19.223007
2025-09-02 13:49:58.578 | INFO     | Pendulum.PendulumAPP:_processSerialData:121 - 🔄 数据来源: 串口接收 -> PendulumState.physical_length
2025-09-02 13:49:58.628 | INFO     | Pendulum.PendulumAPP:_processSerialData:120 - 📏 串口长度数据已更新: L19.223007 -> physical_length=19.223007
2025-09-02 13:49:58.629 | INFO     | Pendulum.PendulumAPP:_processSerialData:121 - 🔄 数据来源: 串口接收 -> PendulumState.physical_length
2025-09-02 13:49:58.656 | INFO     | Pendulum.PendulumAPP:_processSerialData:120 - 📏 串口长度数据已更新: L19.223007 -> physical_length=19.223007
2025-09-02 13:49:58.656 | INFO     | Pendulum.PendulumAPP:_processSerialData:121 - 🔄 数据来源: 串口接收 -> PendulumState.physical_length
2025-09-02 13:49:58.705 | INFO     | Pendulum.PendulumAPP:_processSerialData:120 - 📏 串口长度数据已更新: L19.223007 -> physical_length=19.223007
2025-09-02 13:49:58.705 | INFO     | Pendulum.PendulumAPP:_processSerialData:121 - 🔄 数据来源: 串口接收 -> PendulumState.physical_length
2025-09-02 13:49:58.738 | INFO     | Pendulum.PendulumAPP:_processSerialData:120 - 📏 串口长度数据已更新: L19.223007 -> physical_length=19.223007
2025-09-02 13:49:58.738 | INFO     | Pendulum.PendulumAPP:_processSerialData:121 - 🔄 数据来源: 串口接收 -> PendulumState.physical_length
2025-09-02 13:49:58.784 | INFO     | Pendulum.PendulumAPP:_processSerialData:120 - 📏 串口长度数据已更新: L19.223007 -> physical_length=19.223007
2025-09-02 13:49:58.784 | INFO     | Pendulum.PendulumAPP:_processSerialData:121 - 🔄 数据来源: 串口接收 -> PendulumState.physical_length
2025-09-02 13:49:58.820 | INFO     | Pendulum.PendulumAPP:_processSerialData:120 - 📏 串口长度数据已更新: L19.223007 -> physical_length=19.223007
2025-09-02 13:49:58.820 | INFO     | Pendulum.PendulumAPP:_processSerialData:121 - 🔄 数据来源: 串口接收 -> PendulumState.physical_length
2025-09-02 13:49:58.862 | INFO     | Pendulum.PendulumAPP:_processSerialData:120 - 📏 串口长度数据已更新: L19.223007 -> physical_length=19.223007
2025-09-02 13:49:58.863 | INFO     | Pendulum.PendulumAPP:_processSerialData:121 - 🔄 数据来源: 串口接收 -> PendulumState.physical_length
2025-09-02 13:49:58.901 | INFO     | Pendulum.PendulumAPP:_processSerialData:120 - 📏 串口长度数据已更新: L19.223007 -> physical_length=19.223007
2025-09-02 13:49:58.901 | INFO     | Pendulum.PendulumAPP:_processSerialData:121 - 🔄 数据来源: 串口接收 -> PendulumState.physical_length
2025-09-02 13:49:58.942 | INFO     | Pendulum.PendulumAPP:_processSerialData:120 - 📏 串口长度数据已更新: L19.223007 -> physical_length=19.223007
2025-09-02 13:49:58.942 | INFO     | Pendulum.PendulumAPP:_processSerialData:121 - 🔄 数据来源: 串口接收 -> PendulumState.physical_length
2025-09-02 13:49:58.976 | INFO     | Pendulum.PendulumAPP:_processSerialData:120 - 📏 串口长度数据已更新: L19.223007 -> physical_length=19.223007
2025-09-02 13:49:58.977 | INFO     | Pendulum.PendulumAPP:_processSerialData:121 - 🔄 数据来源: 串口接收 -> PendulumState.physical_length
2025-09-02 13:49:59.021 | INFO     | Pendulum.PendulumAPP:_processSerialData:120 - 📏 串口长度数据已更新: L19.223007 -> physical_length=19.223007
2025-09-02 13:49:59.022 | INFO     | Pendulum.PendulumAPP:_processSerialData:121 - 🔄 数据来源: 串口接收 -> PendulumState.physical_length
2025-09-02 13:49:59.059 | INFO     | Pendulum.PendulumAPP:_processSerialData:120 - 📏 串口长度数据已更新: L19.223007 -> physical_length=19.223007
2025-09-02 13:49:59.060 | INFO     | Pendulum.PendulumAPP:_processSerialData:121 - 🔄 数据来源: 串口接收 -> PendulumState.physical_length
2025-09-02 13:49:59.107 | INFO     | Pendulum.PendulumAPP:_processSerialData:120 - 📏 串口长度数据已更新: L19.223007 -> physical_length=19.223007
2025-09-02 13:49:59.108 | INFO     | Pendulum.PendulumAPP:_processSerialData:121 - 🔄 数据来源: 串口接收 -> PendulumState.physical_length
2025-09-02 13:49:59.133 | INFO     | Pendulum.PendulumAPP:_processSerialData:120 - 📏 串口长度数据已更新: L19.223007 -> physical_length=19.223007
2025-09-02 13:49:59.136 | INFO     | Pendulum.PendulumAPP:_processSerialData:121 - 🔄 数据来源: 串口接收 -> PendulumState.physical_length
2025-09-02 13:49:59.187 | INFO     | Pendulum.PendulumAPP:_processSerialData:120 - 📏 串口长度数据已更新: L19.223007 -> physical_length=19.223007
2025-09-02 13:49:59.188 | INFO     | Pendulum.PendulumAPP:_processSerialData:121 - 🔄 数据来源: 串口接收 -> PendulumState.physical_length
2025-09-02 13:49:59.218 | INFO     | Pendulum.PendulumAPP:_processSerialData:120 - 📏 串口长度数据已更新: L19.223007 -> physical_length=19.223007
2025-09-02 13:49:59.219 | INFO     | Pendulum.PendulumAPP:_processSerialData:121 - 🔄 数据来源: 串口接收 -> PendulumState.physical_length
2025-09-02 13:49:59.261 | INFO     | Pendulum.PendulumAPP:_processSerialData:120 - 📏 串口长度数据已更新: L19.223007 -> physical_length=19.223007
2025-09-02 13:49:59.262 | INFO     | Pendulum.PendulumAPP:_processSerialData:121 - 🔄 数据来源: 串口接收 -> PendulumState.physical_length
2025-09-02 13:49:59.293 | INFO     | Pendulum.PendulumAPP:_processSerialData:120 - 📏 串口长度数据已更新: L19.223007 -> physical_length=19.223007
2025-09-02 13:49:59.294 | INFO     | Pendulum.PendulumAPP:_processSerialData:121 - 🔄 数据来源: 串口接收 -> PendulumState.physical_length
2025-09-02 13:49:59.343 | INFO     | Pendulum.PendulumAPP:_processSerialData:120 - 📏 串口长度数据已更新: L19.223007 -> physical_length=19.223007
2025-09-02 13:49:59.344 | INFO     | Pendulum.PendulumAPP:_processSerialData:121 - 🔄 数据来源: 串口接收 -> PendulumState.physical_length
2025-09-02 13:49:59.377 | INFO     | Pendulum.PendulumAPP:_processSerialData:120 - 📏 串口长度数据已更新: L19.223007 -> physical_length=19.223007
2025-09-02 13:49:59.377 | INFO     | Pendulum.PendulumAPP:_processSerialData:121 - 🔄 数据来源: 串口接收 -> PendulumState.physical_length
2025-09-02 13:49:59.420 | INFO     | Pendulum.PendulumAPP:_processSerialData:120 - 📏 串口长度数据已更新: L19.223007 -> physical_length=19.223007
2025-09-02 13:49:59.420 | INFO     | Pendulum.PendulumAPP:_processSerialData:121 - 🔄 数据来源: 串口接收 -> PendulumState.physical_length
2025-09-02 13:49:59.458 | INFO     | Pendulum.PendulumAPP:_processSerialData:120 - 📏 串口长度数据已更新: L19.223007 -> physical_length=19.223007
2025-09-02 13:49:59.458 | INFO     | Pendulum.PendulumAPP:_processSerialData:121 - 🔄 数据来源: 串口接收 -> PendulumState.physical_length
2025-09-02 13:49:59.507 | INFO     | Pendulum.PendulumAPP:_processSerialData:120 - 📏 串口长度数据已更新: L19.223007 -> physical_length=19.223007
2025-09-02 13:49:59.507 | INFO     | Pendulum.PendulumAPP:_processSerialData:121 - 🔄 数据来源: 串口接收 -> PendulumState.physical_length
2025-09-02 13:49:59.538 | INFO     | Pendulum.PendulumAPP:_processSerialData:120 - 📏 串口长度数据已更新: L19.223007 -> physical_length=19.223007
2025-09-02 13:49:59.538 | INFO     | Pendulum.PendulumAPP:_processSerialData:121 - 🔄 数据来源: 串口接收 -> PendulumState.physical_length
2025-09-02 13:49:59.582 | INFO     | Pendulum.PendulumAPP:_processSerialData:120 - 📏 串口长度数据已更新: L19.223007 -> physical_length=19.223007
2025-09-02 13:49:59.582 | INFO     | Pendulum.PendulumAPP:_processSerialData:121 - 🔄 数据来源: 串口接收 -> PendulumState.physical_length
2025-09-02 13:49:59.615 | INFO     | Pendulum.PendulumAPP:_processSerialData:120 - 📏 串口长度数据已更新: L19.223007 -> physical_length=19.223007
2025-09-02 13:49:59.616 | INFO     | Pendulum.PendulumAPP:_processSerialData:121 - 🔄 数据来源: 串口接收 -> PendulumState.physical_length
2025-09-02 13:49:59.664 | INFO     | Pendulum.PendulumAPP:_processSerialData:120 - 📏 串口长度数据已更新: L19.223007 -> physical_length=19.223007
2025-09-02 13:49:59.666 | INFO     | Pendulum.PendulumAPP:_processSerialData:121 - 🔄 数据来源: 串口接收 -> PendulumState.physical_length
2025-09-02 13:49:59.695 | INFO     | Pendulum.PendulumAPP:_processSerialData:120 - 📏 串口长度数据已更新: L19.223007 -> physical_length=19.223007
2025-09-02 13:49:59.696 | INFO     | Pendulum.PendulumAPP:_processSerialData:121 - 🔄 数据来源: 串口接收 -> PendulumState.physical_length
2025-09-02 13:49:59.742 | INFO     | Pendulum.PendulumAPP:_processSerialData:120 - 📏 串口长度数据已更新: L19.223007 -> physical_length=19.223007
2025-09-02 13:49:59.746 | INFO     | Pendulum.PendulumAPP:_processSerialData:121 - 🔄 数据来源: 串口接收 -> PendulumState.physical_length
2025-09-02 13:49:59.773 | INFO     | Pendulum.PendulumAPP:_processSerialData:120 - 📏 串口长度数据已更新: L19.223007 -> physical_length=19.223007
2025-09-02 13:49:59.774 | INFO     | Pendulum.PendulumAPP:_processSerialData:121 - 🔄 数据来源: 串口接收 -> PendulumState.physical_length
2025-09-02 13:49:59.819 | INFO     | Pendulum.PendulumAPP:_processSerialData:120 - 📏 串口长度数据已更新: L19.223007 -> physical_length=19.223007
2025-09-02 13:49:59.821 | INFO     | Pendulum.PendulumAPP:_processSerialData:121 - 🔄 数据来源: 串口接收 -> PendulumState.physical_length
2025-09-02 13:49:59.856 | INFO     | Pendulum.PendulumAPP:_processSerialData:120 - 📏 串口长度数据已更新: L19.223007 -> physical_length=19.223007
2025-09-02 13:49:59.857 | INFO     | Pendulum.PendulumAPP:_processSerialData:121 - 🔄 数据来源: 串口接收 -> PendulumState.physical_length
2025-09-02 13:49:59.905 | INFO     | Pendulum.PendulumAPP:_processSerialData:120 - 📏 串口长度数据已更新: L19.223007 -> physical_length=19.223007
2025-09-02 13:49:59.905 | INFO     | Pendulum.PendulumAPP:_processSerialData:121 - 🔄 数据来源: 串口接收 -> PendulumState.physical_length
2025-09-02 13:49:59.936 | INFO     | Pendulum.PendulumAPP:_processSerialData:120 - 📏 串口长度数据已更新: L19.223007 -> physical_length=19.223007
2025-09-02 13:49:59.936 | INFO     | Pendulum.PendulumAPP:_processSerialData:121 - 🔄 数据来源: 串口接收 -> PendulumState.physical_length
2025-09-02 13:49:59.986 | INFO     | Pendulum.PendulumAPP:_processSerialData:120 - 📏 串口长度数据已更新: L19.223007 -> physical_length=19.223007
2025-09-02 13:49:59.986 | INFO     | Pendulum.PendulumAPP:_processSerialData:121 - 🔄 数据来源: 串口接收 -> PendulumState.physical_length
2025-09-02 13:50:00.020 | INFO     | Pendulum.PendulumAPP:_processSerialData:120 - 📏 串口长度数据已更新: L19.223007 -> physical_length=19.223007
2025-09-02 13:50:00.021 | INFO     | Pendulum.PendulumAPP:_processSerialData:121 - 🔄 数据来源: 串口接收 -> PendulumState.physical_length
2025-09-02 13:50:00.062 | INFO     | Pendulum.PendulumAPP:_processSerialData:120 - 📏 串口长度数据已更新: L19.223007 -> physical_length=19.223007
2025-09-02 13:50:00.063 | INFO     | Pendulum.PendulumAPP:_processSerialData:121 - 🔄 数据来源: 串口接收 -> PendulumState.physical_length
2025-09-02 13:50:00.097 | INFO     | Pendulum.PendulumAPP:_processSerialData:120 - 📏 串口长度数据已更新: L19.223007 -> physical_length=19.223007
2025-09-02 13:50:00.097 | INFO     | Pendulum.PendulumAPP:_processSerialData:121 - 🔄 数据来源: 串口接收 -> PendulumState.physical_length
2025-09-02 13:50:00.142 | INFO     | Pendulum.PendulumAPP:_processSerialData:120 - 📏 串口长度数据已更新: L19.223007 -> physical_length=19.223007
2025-09-02 13:50:00.142 | INFO     | Pendulum.PendulumAPP:_processSerialData:121 - 🔄 数据来源: 串口接收 -> PendulumState.physical_length
2025-09-02 13:50:00.173 | INFO     | Pendulum.PendulumAPP:_processSerialData:120 - 📏 串口长度数据已更新: L19.223007 -> physical_length=19.223007
2025-09-02 13:50:00.174 | INFO     | Pendulum.PendulumAPP:_processSerialData:121 - 🔄 数据来源: 串口接收 -> PendulumState.physical_length
2025-09-02 13:50:00.226 | INFO     | Pendulum.PendulumAPP:_processSerialData:120 - 📏 串口长度数据已更新: L19.223007 -> physical_length=19.223007
2025-09-02 13:50:00.227 | INFO     | Pendulum.PendulumAPP:_processSerialData:121 - 🔄 数据来源: 串口接收 -> PendulumState.physical_length
2025-09-02 13:50:00.262 | INFO     | Pendulum.PendulumAPP:_processSerialData:120 - 📏 串口长度数据已更新: L19.223007 -> physical_length=19.223007
2025-09-02 13:50:00.263 | INFO     | Pendulum.PendulumAPP:_processSerialData:121 - 🔄 数据来源: 串口接收 -> PendulumState.physical_length
2025-09-02 13:50:00.301 | INFO     | Pendulum.PendulumAPP:_processSerialData:120 - 📏 串口长度数据已更新: L19.223007 -> physical_length=19.223007
2025-09-02 13:50:00.301 | INFO     | Pendulum.PendulumAPP:_processSerialData:121 - 🔄 数据来源: 串口接收 -> PendulumState.physical_length
2025-09-02 13:50:00.337 | INFO     | Pendulum.PendulumAPP:_processSerialData:120 - 📏 串口长度数据已更新: L19.223007 -> physical_length=19.223007
2025-09-02 13:50:00.337 | INFO     | Pendulum.PendulumAPP:_processSerialData:121 - 🔄 数据来源: 串口接收 -> PendulumState.physical_length
2025-09-02 13:50:00.385 | INFO     | Pendulum.PendulumAPP:_processSerialData:120 - 📏 串口长度数据已更新: L19.223007 -> physical_length=19.223007
2025-09-02 13:50:00.386 | INFO     | Pendulum.PendulumAPP:_processSerialData:121 - 🔄 数据来源: 串口接收 -> PendulumState.physical_length
2025-09-02 13:50:00.415 | INFO     | Pendulum.PendulumAPP:_processSerialData:120 - 📏 串口长度数据已更新: L19.223007 -> physical_length=19.223007
2025-09-02 13:50:00.415 | INFO     | Pendulum.PendulumAPP:_processSerialData:121 - 🔄 数据来源: 串口接收 -> PendulumState.physical_length
2025-09-02 13:50:00.462 | INFO     | Pendulum.PendulumAPP:_processSerialData:120 - 📏 串口长度数据已更新: L19.223007 -> physical_length=19.223007
2025-09-02 13:50:00.463 | INFO     | Pendulum.PendulumAPP:_processSerialData:121 - 🔄 数据来源: 串口接收 -> PendulumState.physical_length
2025-09-02 13:50:00.501 | INFO     | Pendulum.PendulumAPP:_processSerialData:120 - 📏 串口长度数据已更新: L19.223007 -> physical_length=19.223007
2025-09-02 13:50:00.501 | INFO     | Pendulum.PendulumAPP:_processSerialData:121 - 🔄 数据来源: 串口接收 -> PendulumState.physical_length
2025-09-02 13:50:00.542 | INFO     | Pendulum.PendulumAPP:_processSerialData:120 - 📏 串口长度数据已更新: L19.223007 -> physical_length=19.223007
2025-09-02 13:50:00.543 | INFO     | Pendulum.PendulumAPP:_processSerialData:121 - 🔄 数据来源: 串口接收 -> PendulumState.physical_length
2025-09-02 13:50:00.575 | INFO     | Pendulum.PendulumAPP:_processSerialData:120 - 📏 串口长度数据已更新: L19.223007 -> physical_length=19.223007
2025-09-02 13:50:00.575 | INFO     | Pendulum.PendulumAPP:_processSerialData:121 - 🔄 数据来源: 串口接收 -> PendulumState.physical_length
2025-09-02 13:50:00.626 | INFO     | Pendulum.PendulumAPP:_processSerialData:120 - 📏 串口长度数据已更新: L19.223007 -> physical_length=19.223007
2025-09-02 13:50:00.626 | INFO     | Pendulum.PendulumAPP:_processSerialData:121 - 🔄 数据来源: 串口接收 -> PendulumState.physical_length
2025-09-02 13:50:00.656 | INFO     | Pendulum.PendulumAPP:_processSerialData:120 - 📏 串口长度数据已更新: L19.223007 -> physical_length=19.223007
2025-09-02 13:50:00.656 | INFO     | Pendulum.PendulumAPP:_processSerialData:121 - 🔄 数据来源: 串口接收 -> PendulumState.physical_length
2025-09-02 13:50:00.702 | INFO     | Pendulum.PendulumAPP:_processSerialData:120 - 📏 串口长度数据已更新: L19.223007 -> physical_length=19.223007
2025-09-02 13:50:00.703 | INFO     | Pendulum.PendulumAPP:_processSerialData:121 - 🔄 数据来源: 串口接收 -> PendulumState.physical_length
2025-09-02 13:50:00.734 | INFO     | Pendulum.PendulumAPP:_processSerialData:120 - 📏 串口长度数据已更新: L19.223007 -> physical_length=19.223007
2025-09-02 13:50:00.735 | INFO     | Pendulum.PendulumAPP:_processSerialData:121 - 🔄 数据来源: 串口接收 -> PendulumState.physical_length
2025-09-02 13:50:00.786 | INFO     | Pendulum.PendulumAPP:_processSerialData:120 - 📏 串口长度数据已更新: L19.223007 -> physical_length=19.223007
2025-09-02 13:50:00.787 | INFO     | Pendulum.PendulumAPP:_processSerialData:121 - 🔄 数据来源: 串口接收 -> PendulumState.physical_length
2025-09-02 13:50:00.818 | INFO     | Pendulum.PendulumAPP:_processSerialData:120 - 📏 串口长度数据已更新: L19.223007 -> physical_length=19.223007
2025-09-02 13:50:00.818 | INFO     | Pendulum.PendulumAPP:_processSerialData:121 - 🔄 数据来源: 串口接收 -> PendulumState.physical_length
2025-09-02 13:50:00.863 | INFO     | Pendulum.PendulumAPP:_processSerialData:120 - 📏 串口长度数据已更新: L19.223007 -> physical_length=19.223007
2025-09-02 13:50:00.863 | INFO     | Pendulum.PendulumAPP:_processSerialData:121 - 🔄 数据来源: 串口接收 -> PendulumState.physical_length
2025-09-02 13:50:00.896 | INFO     | Pendulum.PendulumAPP:_processSerialData:120 - 📏 串口长度数据已更新: L19.223007 -> physical_length=19.223007
2025-09-02 13:50:00.897 | INFO     | Pendulum.PendulumAPP:_processSerialData:121 - 🔄 数据来源: 串口接收 -> PendulumState.physical_length
2025-09-02 13:50:00.942 | INFO     | Pendulum.PendulumAPP:_processSerialData:120 - 📏 串口长度数据已更新: L19.223007 -> physical_length=19.223007
2025-09-02 13:50:00.944 | INFO     | Pendulum.PendulumAPP:_processSerialData:121 - 🔄 数据来源: 串口接收 -> PendulumState.physical_length
2025-09-02 13:50:00.974 | INFO     | Pendulum.PendulumAPP:_processSerialData:120 - 📏 串口长度数据已更新: L19.223007 -> physical_length=19.223007
2025-09-02 13:50:00.975 | INFO     | Pendulum.PendulumAPP:_processSerialData:121 - 🔄 数据来源: 串口接收 -> PendulumState.physical_length
2025-09-02 13:50:01.024 | INFO     | Pendulum.PendulumAPP:_processSerialData:120 - 📏 串口长度数据已更新: L19.223007 -> physical_length=19.223007
2025-09-02 13:50:01.024 | INFO     | Pendulum.PendulumAPP:_processSerialData:121 - 🔄 数据来源: 串口接收 -> PendulumState.physical_length
2025-09-02 13:50:01.055 | INFO     | Pendulum.PendulumAPP:_processSerialData:120 - 📏 串口长度数据已更新: L19.223007 -> physical_length=19.223007
2025-09-02 13:50:01.055 | INFO     | Pendulum.PendulumAPP:_processSerialData:121 - 🔄 数据来源: 串口接收 -> PendulumState.physical_length
2025-09-02 13:50:01.105 | INFO     | Pendulum.PendulumAPP:_processSerialData:120 - 📏 串口长度数据已更新: L19.223007 -> physical_length=19.223007
2025-09-02 13:50:01.105 | INFO     | Pendulum.PendulumAPP:_processSerialData:121 - 🔄 数据来源: 串口接收 -> PendulumState.physical_length
2025-09-02 13:50:01.133 | INFO     | Pendulum.PendulumAPP:_processSerialData:120 - 📏 串口长度数据已更新: L19.223007 -> physical_length=19.223007
2025-09-02 13:50:01.134 | INFO     | Pendulum.PendulumAPP:_processSerialData:121 - 🔄 数据来源: 串口接收 -> PendulumState.physical_length
2025-09-02 13:50:01.178 | INFO     | Pendulum.PendulumAPP:_processSerialData:120 - 📏 串口长度数据已更新: L19.223007 -> physical_length=19.223007
2025-09-02 13:50:01.180 | INFO     | Pendulum.PendulumAPP:_processSerialData:121 - 🔄 数据来源: 串口接收 -> PendulumState.physical_length
2025-09-02 13:50:01.211 | INFO     | Pendulum.PendulumAPP:_processSerialData:120 - 📏 串口长度数据已更新: L19.223007 -> physical_length=19.223007
2025-09-02 13:50:01.213 | INFO     | Pendulum.PendulumAPP:_processSerialData:121 - 🔄 数据来源: 串口接收 -> PendulumState.physical_length
2025-09-02 13:50:01.266 | INFO     | Pendulum.PendulumAPP:_processSerialData:120 - 📏 串口长度数据已更新: L19.223007 -> physical_length=19.223007
2025-09-02 13:50:01.266 | INFO     | Pendulum.PendulumAPP:_processSerialData:121 - 🔄 数据来源: 串口接收 -> PendulumState.physical_length
2025-09-02 13:50:01.293 | INFO     | Pendulum.PendulumAPP:_processSerialData:120 - 📏 串口长度数据已更新: L19.223007 -> physical_length=19.223007
2025-09-02 13:50:01.295 | INFO     | Pendulum.PendulumAPP:_processSerialData:121 - 🔄 数据来源: 串口接收 -> PendulumState.physical_length
2025-09-02 13:50:01.345 | INFO     | Pendulum.PendulumAPP:_processSerialData:120 - 📏 串口长度数据已更新: L19.223007 -> physical_length=19.223007
2025-09-02 13:50:01.345 | INFO     | Pendulum.PendulumAPP:_processSerialData:121 - 🔄 数据来源: 串口接收 -> PendulumState.physical_length
2025-09-02 13:50:01.377 | INFO     | Pendulum.PendulumAPP:_processSerialData:120 - 📏 串口长度数据已更新: L19.223007 -> physical_length=19.223007
2025-09-02 13:50:01.377 | INFO     | Pendulum.PendulumAPP:_processSerialData:121 - 🔄 数据来源: 串口接收 -> PendulumState.physical_length
2025-09-02 13:50:01.423 | INFO     | Pendulum.PendulumAPP:_processSerialData:120 - 📏 串口长度数据已更新: L19.223007 -> physical_length=19.223007
2025-09-02 13:50:01.424 | INFO     | Pendulum.PendulumAPP:_processSerialData:121 - 🔄 数据来源: 串口接收 -> PendulumState.physical_length
2025-09-02 13:50:01.456 | INFO     | Pendulum.PendulumAPP:_processSerialData:120 - 📏 串口长度数据已更新: L19.223007 -> physical_length=19.223007
2025-09-02 13:50:01.457 | INFO     | Pendulum.PendulumAPP:_processSerialData:121 - 🔄 数据来源: 串口接收 -> PendulumState.physical_length
2025-09-02 13:50:01.505 | INFO     | Pendulum.PendulumAPP:_processSerialData:120 - 📏 串口长度数据已更新: L19.223007 -> physical_length=19.223007
2025-09-02 13:50:01.506 | INFO     | Pendulum.PendulumAPP:_processSerialData:121 - 🔄 数据来源: 串口接收 -> PendulumState.physical_length
2025-09-02 13:50:01.533 | INFO     | Pendulum.PendulumAPP:_processSerialData:120 - 📏 串口长度数据已更新: L19.223007 -> physical_length=19.223007
2025-09-02 13:50:01.534 | INFO     | Pendulum.PendulumAPP:_processSerialData:121 - 🔄 数据来源: 串口接收 -> PendulumState.physical_length
2025-09-02 13:50:01.581 | INFO     | Pendulum.PendulumAPP:_processSerialData:120 - 📏 串口长度数据已更新: L19.223007 -> physical_length=19.223007
2025-09-02 13:50:01.582 | INFO     | Pendulum.PendulumAPP:_processSerialData:121 - 🔄 数据来源: 串口接收 -> PendulumState.physical_length
2025-09-02 13:50:01.612 | INFO     | Pendulum.PendulumAPP:_processSerialData:120 - 📏 串口长度数据已更新: L19.223007 -> physical_length=19.223007
2025-09-02 13:50:01.612 | INFO     | Pendulum.PendulumAPP:_processSerialData:121 - 🔄 数据来源: 串口接收 -> PendulumState.physical_length
2025-09-02 13:50:01.664 | INFO     | Pendulum.PendulumAPP:_processSerialData:120 - 📏 串口长度数据已更新: L19.223007 -> physical_length=19.223007
2025-09-02 13:50:01.665 | INFO     | Pendulum.PendulumAPP:_processSerialData:121 - 🔄 数据来源: 串口接收 -> PendulumState.physical_length
2025-09-02 13:50:01.696 | INFO     | Pendulum.PendulumAPP:_processSerialData:120 - 📏 串口长度数据已更新: L19.223007 -> physical_length=19.223007
2025-09-02 13:50:01.696 | INFO     | Pendulum.PendulumAPP:_processSerialData:121 - 🔄 数据来源: 串口接收 -> PendulumState.physical_length
2025-09-02 13:50:01.742 | INFO     | Pendulum.PendulumAPP:_processSerialData:120 - 📏 串口长度数据已更新: L19.223007 -> physical_length=19.223007
2025-09-02 13:50:01.743 | INFO     | Pendulum.PendulumAPP:_processSerialData:121 - 🔄 数据来源: 串口接收 -> PendulumState.physical_length
2025-09-02 13:50:01.782 | INFO     | Pendulum.PendulumAPP:_processSerialData:120 - 📏 串口长度数据已更新: L19.223007 -> physical_length=19.223007
2025-09-02 13:50:01.782 | INFO     | Pendulum.PendulumAPP:_processSerialData:121 - 🔄 数据来源: 串口接收 -> PendulumState.physical_length
2025-09-02 13:50:01.824 | INFO     | Pendulum.PendulumAPP:_processSerialData:120 - 📏 串口长度数据已更新: L19.223007 -> physical_length=19.223007
2025-09-02 13:50:01.824 | INFO     | Pendulum.PendulumAPP:_processSerialData:121 - 🔄 数据来源: 串口接收 -> PendulumState.physical_length
2025-09-02 13:50:01.853 | INFO     | Pendulum.PendulumAPP:_processSerialData:120 - 📏 串口长度数据已更新: L19.223007 -> physical_length=19.223007
2025-09-02 13:50:01.853 | INFO     | Pendulum.PendulumAPP:_processSerialData:121 - 🔄 数据来源: 串口接收 -> PendulumState.physical_length
2025-09-02 13:50:01.902 | INFO     | Pendulum.PendulumAPP:_processSerialData:120 - 📏 串口长度数据已更新: L19.223007 -> physical_length=19.223007
2025-09-02 13:50:01.902 | INFO     | Pendulum.PendulumAPP:_processSerialData:121 - 🔄 数据来源: 串口接收 -> PendulumState.physical_length
2025-09-02 13:50:01.933 | INFO     | Pendulum.PendulumAPP:_processSerialData:120 - 📏 串口长度数据已更新: L19.223007 -> physical_length=19.223007
2025-09-02 13:50:01.933 | INFO     | Pendulum.PendulumAPP:_processSerialData:121 - 🔄 数据来源: 串口接收 -> PendulumState.physical_length
2025-09-02 13:50:01.980 | INFO     | Pendulum.PendulumAPP:_processSerialData:120 - 📏 串口长度数据已更新: L19.223007 -> physical_length=19.223007
2025-09-02 13:50:01.982 | INFO     | Pendulum.PendulumAPP:_processSerialData:121 - 🔄 数据来源: 串口接收 -> PendulumState.physical_length
2025-09-02 13:50:02.016 | INFO     | Pendulum.PendulumAPP:_processSerialData:120 - 📏 串口长度数据已更新: L19.223007 -> physical_length=19.223007
2025-09-02 13:50:02.017 | INFO     | Pendulum.PendulumAPP:_processSerialData:121 - 🔄 数据来源: 串口接收 -> PendulumState.physical_length
2025-09-02 13:50:02.067 | INFO     | Pendulum.PendulumAPP:_processSerialData:120 - 📏 串口长度数据已更新: L19.223007 -> physical_length=19.223007
2025-09-02 13:50:02.068 | INFO     | Pendulum.PendulumAPP:_processSerialData:121 - 🔄 数据来源: 串口接收 -> PendulumState.physical_length
2025-09-02 13:50:02.092 | INFO     | Pendulum.PendulumAPP:_processSerialData:120 - 📏 串口长度数据已更新: L19.223007 -> physical_length=19.223007
2025-09-02 13:50:02.093 | INFO     | Pendulum.PendulumAPP:_processSerialData:121 - 🔄 数据来源: 串口接收 -> PendulumState.physical_length
2025-09-02 13:50:02.143 | INFO     | Pendulum.PendulumAPP:_processSerialData:120 - 📏 串口长度数据已更新: L19.223007 -> physical_length=19.223007
2025-09-02 13:50:02.143 | INFO     | Pendulum.PendulumAPP:_processSerialData:121 - 🔄 数据来源: 串口接收 -> PendulumState.physical_length
2025-09-02 13:50:02.179 | INFO     | Pendulum.PendulumAPP:_processSerialData:120 - 📏 串口长度数据已更新: L19.223007 -> physical_length=19.223007
2025-09-02 13:50:02.179 | INFO     | Pendulum.PendulumAPP:_processSerialData:121 - 🔄 数据来源: 串口接收 -> PendulumState.physical_length
2025-09-02 13:50:02.225 | INFO     | Pendulum.PendulumAPP:_processSerialData:120 - 📏 串口长度数据已更新: L19.223007 -> physical_length=19.223007
2025-09-02 13:50:02.225 | INFO     | Pendulum.PendulumAPP:_processSerialData:121 - 🔄 数据来源: 串口接收 -> PendulumState.physical_length
2025-09-02 13:50:02.254 | INFO     | Pendulum.PendulumAPP:_processSerialData:120 - 📏 串口长度数据已更新: L19.223007 -> physical_length=19.223007
2025-09-02 13:50:02.255 | INFO     | Pendulum.PendulumAPP:_processSerialData:121 - 🔄 数据来源: 串口接收 -> PendulumState.physical_length
2025-09-02 13:50:02.304 | INFO     | Pendulum.PendulumAPP:_processSerialData:120 - 📏 串口长度数据已更新: L19.223007 -> physical_length=19.223007
2025-09-02 13:50:02.304 | INFO     | Pendulum.PendulumAPP:_processSerialData:121 - 🔄 数据来源: 串口接收 -> PendulumState.physical_length
2025-09-02 13:50:02.334 | INFO     | Pendulum.PendulumAPP:_processSerialData:120 - 📏 串口长度数据已更新: L19.223007 -> physical_length=19.223007
2025-09-02 13:50:02.336 | INFO     | Pendulum.PendulumAPP:_processSerialData:121 - 🔄 数据来源: 串口接收 -> PendulumState.physical_length
2025-09-02 13:50:02.385 | INFO     | Pendulum.PendulumAPP:_processSerialData:120 - 📏 串口长度数据已更新: L19.223007 -> physical_length=19.223007
2025-09-02 13:50:02.385 | INFO     | Pendulum.PendulumAPP:_processSerialData:121 - 🔄 数据来源: 串口接收 -> PendulumState.physical_length
2025-09-02 13:50:02.417 | INFO     | Pendulum.PendulumAPP:_processSerialData:120 - 📏 串口长度数据已更新: L19.223007 -> physical_length=19.223007
2025-09-02 13:50:02.418 | INFO     | Pendulum.PendulumAPP:_processSerialData:121 - 🔄 数据来源: 串口接收 -> PendulumState.physical_length
2025-09-02 13:50:02.466 | INFO     | Pendulum.PendulumAPP:_processSerialData:120 - 📏 串口长度数据已更新: L19.223007 -> physical_length=19.223007
2025-09-02 13:50:02.467 | INFO     | Pendulum.PendulumAPP:_processSerialData:121 - 🔄 数据来源: 串口接收 -> PendulumState.physical_length
2025-09-02 13:50:02.491 | INFO     | Pendulum.PendulumAPP:_processSerialData:120 - 📏 串口长度数据已更新: L19.223007 -> physical_length=19.223007
2025-09-02 13:50:02.493 | INFO     | Pendulum.PendulumAPP:_processSerialData:121 - 🔄 数据来源: 串口接收 -> PendulumState.physical_length
2025-09-02 13:50:02.547 | INFO     | Pendulum.PendulumAPP:_processSerialData:120 - 📏 串口长度数据已更新: L19.223007 -> physical_length=19.223007
2025-09-02 13:50:02.547 | INFO     | Pendulum.PendulumAPP:_processSerialData:121 - 🔄 数据来源: 串口接收 -> PendulumState.physical_length
2025-09-02 13:50:02.578 | INFO     | Pendulum.PendulumAPP:_processSerialData:120 - 📏 串口长度数据已更新: L19.223007 -> physical_length=19.223007
2025-09-02 13:50:02.578 | INFO     | Pendulum.PendulumAPP:_processSerialData:121 - 🔄 数据来源: 串口接收 -> PendulumState.physical_length
2025-09-02 13:50:02.626 | INFO     | Pendulum.PendulumAPP:_processSerialData:120 - 📏 串口长度数据已更新: L19.223007 -> physical_length=19.223007
2025-09-02 13:50:02.626 | INFO     | Pendulum.PendulumAPP:_processSerialData:121 - 🔄 数据来源: 串口接收 -> PendulumState.physical_length
2025-09-02 13:50:02.658 | INFO     | Pendulum.PendulumAPP:_processSerialData:120 - 📏 串口长度数据已更新: L19.223007 -> physical_length=19.223007
2025-09-02 13:50:02.658 | INFO     | Pendulum.PendulumAPP:_processSerialData:121 - 🔄 数据来源: 串口接收 -> PendulumState.physical_length
2025-09-02 13:50:02.703 | INFO     | Pendulum.PendulumAPP:_processSerialData:120 - 📏 串口长度数据已更新: L19.223007 -> physical_length=19.223007
2025-09-02 13:50:02.704 | INFO     | Pendulum.PendulumAPP:_processSerialData:121 - 🔄 数据来源: 串口接收 -> PendulumState.physical_length
2025-09-02 13:50:02.736 | INFO     | Pendulum.PendulumAPP:_processSerialData:120 - 📏 串口长度数据已更新: L19.223007 -> physical_length=19.223007
2025-09-02 13:50:02.736 | INFO     | Pendulum.PendulumAPP:_processSerialData:121 - 🔄 数据来源: 串口接收 -> PendulumState.physical_length
2025-09-02 13:50:02.782 | INFO     | Pendulum.PendulumAPP:_processSerialData:120 - 📏 串口长度数据已更新: L19.223007 -> physical_length=19.223007
2025-09-02 13:50:02.783 | INFO     | Pendulum.PendulumAPP:_processSerialData:121 - 🔄 数据来源: 串口接收 -> PendulumState.physical_length
2025-09-02 13:50:02.812 | INFO     | Pendulum.PendulumAPP:_processSerialData:120 - 📏 串口长度数据已更新: L19.223007 -> physical_length=19.223007
2025-09-02 13:50:02.812 | INFO     | Pendulum.PendulumAPP:_processSerialData:121 - 🔄 数据来源: 串口接收 -> PendulumState.physical_length
2025-09-02 13:50:02.879 | INFO     | Pendulum.PendulumAPP:_processSerialData:120 - 📏 串口长度数据已更新: L19.223007 -> physical_length=19.223007
2025-09-02 13:50:02.880 | INFO     | Pendulum.PendulumAPP:_processSerialData:121 - 🔄 数据来源: 串口接收 -> PendulumState.physical_length
2025-09-02 13:50:02.903 | INFO     | Pendulum.PendulumAPP:_processSerialData:120 - 📏 串口长度数据已更新: L19.223007 -> physical_length=19.223007
2025-09-02 13:50:02.904 | INFO     | Pendulum.PendulumAPP:_processSerialData:121 - 🔄 数据来源: 串口接收 -> PendulumState.physical_length
2025-09-02 13:50:02.951 | INFO     | Pendulum.PendulumAPP:_processSerialData:120 - 📏 串口长度数据已更新: L19.223007 -> physical_length=19.223007
2025-09-02 13:50:02.951 | INFO     | Pendulum.PendulumAPP:_processSerialData:121 - 🔄 数据来源: 串口接收 -> PendulumState.physical_length
2025-09-02 13:50:02.978 | INFO     | Pendulum.PendulumAPP:_processSerialData:120 - 📏 串口长度数据已更新: L19.223007 -> physical_length=19.223007
2025-09-02 13:50:02.979 | INFO     | Pendulum.PendulumAPP:_processSerialData:121 - 🔄 数据来源: 串口接收 -> PendulumState.physical_length
2025-09-02 13:50:03.021 | INFO     | Pendulum.PendulumAPP:_processSerialData:120 - 📏 串口长度数据已更新: L19.223007 -> physical_length=19.223007
2025-09-02 13:50:03.021 | INFO     | Pendulum.PendulumAPP:_processSerialData:121 - 🔄 数据来源: 串口接收 -> PendulumState.physical_length
2025-09-02 13:50:03.060 | INFO     | Pendulum.PendulumAPP:_processSerialData:120 - 📏 串口长度数据已更新: L19.223007 -> physical_length=19.223007
2025-09-02 13:50:03.060 | INFO     | Pendulum.PendulumAPP:_processSerialData:121 - 🔄 数据来源: 串口接收 -> PendulumState.physical_length
2025-09-02 13:50:03.106 | INFO     | Pendulum.PendulumAPP:_processSerialData:120 - 📏 串口长度数据已更新: L19.223007 -> physical_length=19.223007
2025-09-02 13:50:03.107 | INFO     | Pendulum.PendulumAPP:_processSerialData:121 - 🔄 数据来源: 串口接收 -> PendulumState.physical_length
2025-09-02 13:50:03.134 | INFO     | Pendulum.PendulumAPP:_processSerialData:120 - 📏 串口长度数据已更新: L19.223007 -> physical_length=19.223007
2025-09-02 13:50:03.134 | INFO     | Pendulum.PendulumAPP:_processSerialData:121 - 🔄 数据来源: 串口接收 -> PendulumState.physical_length
2025-09-02 13:50:03.180 | INFO     | Pendulum.PendulumAPP:_processSerialData:120 - 📏 串口长度数据已更新: L19.223007 -> physical_length=19.223007
2025-09-02 13:50:03.181 | INFO     | Pendulum.PendulumAPP:_processSerialData:121 - 🔄 数据来源: 串口接收 -> PendulumState.physical_length
2025-09-02 13:50:03.219 | INFO     | Pendulum.PendulumAPP:_processSerialData:120 - 📏 串口长度数据已更新: L19.223007 -> physical_length=19.223007
2025-09-02 13:50:03.219 | INFO     | Pendulum.PendulumAPP:_processSerialData:121 - 🔄 数据来源: 串口接收 -> PendulumState.physical_length
2025-09-02 13:50:03.261 | INFO     | Pendulum.PendulumAPP:_processSerialData:120 - 📏 串口长度数据已更新: L19.223007 -> physical_length=19.223007
2025-09-02 13:50:03.261 | INFO     | Pendulum.PendulumAPP:_processSerialData:121 - 🔄 数据来源: 串口接收 -> PendulumState.physical_length
2025-09-02 13:50:03.299 | INFO     | Pendulum.PendulumAPP:_processSerialData:120 - 📏 串口长度数据已更新: L19.223007 -> physical_length=19.223007
2025-09-02 13:50:03.300 | INFO     | Pendulum.PendulumAPP:_processSerialData:121 - 🔄 数据来源: 串口接收 -> PendulumState.physical_length
2025-09-02 13:50:03.346 | INFO     | Pendulum.PendulumAPP:_processSerialData:120 - 📏 串口长度数据已更新: L19.223007 -> physical_length=19.223007
2025-09-02 13:50:03.346 | INFO     | Pendulum.PendulumAPP:_processSerialData:121 - 🔄 数据来源: 串口接收 -> PendulumState.physical_length
2025-09-02 13:50:03.377 | INFO     | Pendulum.PendulumAPP:_processSerialData:120 - 📏 串口长度数据已更新: L19.223007 -> physical_length=19.223007
2025-09-02 13:50:03.377 | INFO     | Pendulum.PendulumAPP:_processSerialData:121 - 🔄 数据来源: 串口接收 -> PendulumState.physical_length
2025-09-02 13:50:03.427 | INFO     | Pendulum.PendulumAPP:_processSerialData:120 - 📏 串口长度数据已更新: L19.223007 -> physical_length=19.223007
2025-09-02 13:50:03.428 | INFO     | Pendulum.PendulumAPP:_processSerialData:121 - 🔄 数据来源: 串口接收 -> PendulumState.physical_length
2025-09-02 13:50:03.459 | INFO     | Pendulum.PendulumAPP:_processSerialData:120 - 📏 串口长度数据已更新: L19.223007 -> physical_length=19.223007
2025-09-02 13:50:03.459 | INFO     | Pendulum.PendulumAPP:_processSerialData:121 - 🔄 数据来源: 串口接收 -> PendulumState.physical_length
2025-09-02 13:50:03.501 | INFO     | Pendulum.PendulumAPP:_processSerialData:120 - 📏 串口长度数据已更新: L19.223007 -> physical_length=19.223007
2025-09-02 13:50:03.501 | INFO     | Pendulum.PendulumAPP:_processSerialData:121 - 🔄 数据来源: 串口接收 -> PendulumState.physical_length
2025-09-02 13:50:03.536 | INFO     | Pendulum.PendulumAPP:_processSerialData:120 - 📏 串口长度数据已更新: L19.223007 -> physical_length=19.223007
2025-09-02 13:50:03.537 | INFO     | Pendulum.PendulumAPP:_processSerialData:121 - 🔄 数据来源: 串口接收 -> PendulumState.physical_length
2025-09-02 13:50:03.586 | INFO     | Pendulum.PendulumAPP:_processSerialData:120 - 📏 串口长度数据已更新: L19.223007 -> physical_length=19.223007
2025-09-02 13:50:03.586 | INFO     | Pendulum.PendulumAPP:_processSerialData:121 - 🔄 数据来源: 串口接收 -> PendulumState.physical_length
2025-09-02 13:50:03.614 | INFO     | Pendulum.PendulumAPP:_processSerialData:120 - 📏 串口长度数据已更新: L19.223007 -> physical_length=19.223007
2025-09-02 13:50:03.616 | INFO     | Pendulum.PendulumAPP:_processSerialData:121 - 🔄 数据来源: 串口接收 -> PendulumState.physical_length
2025-09-02 13:50:03.663 | INFO     | Pendulum.PendulumAPP:_processSerialData:120 - 📏 串口长度数据已更新: L19.223007 -> physical_length=19.223007
2025-09-02 13:50:03.663 | INFO     | Pendulum.PendulumAPP:_processSerialData:121 - 🔄 数据来源: 串口接收 -> PendulumState.physical_length
2025-09-02 13:50:03.696 | INFO     | Pendulum.PendulumAPP:_processSerialData:120 - 📏 串口长度数据已更新: L19.223007 -> physical_length=19.223007
2025-09-02 13:50:03.698 | INFO     | Pendulum.PendulumAPP:_processSerialData:121 - 🔄 数据来源: 串口接收 -> PendulumState.physical_length
2025-09-02 13:50:03.746 | INFO     | Pendulum.PendulumAPP:_processSerialData:120 - 📏 串口长度数据已更新: L19.223007 -> physical_length=19.223007
2025-09-02 13:50:03.746 | INFO     | Pendulum.PendulumAPP:_processSerialData:121 - 🔄 数据来源: 串口接收 -> PendulumState.physical_length
2025-09-02 13:50:03.776 | INFO     | Pendulum.PendulumAPP:_processSerialData:120 - 📏 串口长度数据已更新: L19.223007 -> physical_length=19.223007
2025-09-02 13:50:03.776 | INFO     | Pendulum.PendulumAPP:_processSerialData:121 - 🔄 数据来源: 串口接收 -> PendulumState.physical_length
2025-09-02 13:50:03.822 | INFO     | Pendulum.PendulumAPP:_processSerialData:120 - 📏 串口长度数据已更新: L19.223007 -> physical_length=19.223007
2025-09-02 13:50:03.823 | INFO     | Pendulum.PendulumAPP:_processSerialData:121 - 🔄 数据来源: 串口接收 -> PendulumState.physical_length
2025-09-02 13:50:03.860 | INFO     | Pendulum.PendulumAPP:_processSerialData:120 - 📏 串口长度数据已更新: L19.223007 -> physical_length=19.223007
2025-09-02 13:50:03.860 | INFO     | Pendulum.PendulumAPP:_processSerialData:121 - 🔄 数据来源: 串口接收 -> PendulumState.physical_length
2025-09-02 13:50:03.901 | INFO     | Pendulum.PendulumAPP:_processSerialData:120 - 📏 串口长度数据已更新: L19.223007 -> physical_length=19.223007
2025-09-02 13:50:03.903 | INFO     | Pendulum.PendulumAPP:_processSerialData:121 - 🔄 数据来源: 串口接收 -> PendulumState.physical_length
2025-09-02 13:50:03.929 | INFO     | Pendulum.PendulumAPP:_processSerialData:120 - 📏 串口长度数据已更新: L19.223007 -> physical_length=19.223007
2025-09-02 13:50:03.930 | INFO     | Pendulum.PendulumAPP:_processSerialData:121 - 🔄 数据来源: 串口接收 -> PendulumState.physical_length
2025-09-02 13:50:03.980 | INFO     | Pendulum.PendulumAPP:_processSerialData:120 - 📏 串口长度数据已更新: L19.223007 -> physical_length=19.223007
2025-09-02 13:50:03.981 | INFO     | Pendulum.PendulumAPP:_processSerialData:121 - 🔄 数据来源: 串口接收 -> PendulumState.physical_length
2025-09-02 13:50:04.012 | INFO     | Pendulum.PendulumAPP:_processSerialData:120 - 📏 串口长度数据已更新: L19.223007 -> physical_length=19.223007
2025-09-02 13:50:04.015 | INFO     | Pendulum.PendulumAPP:_processSerialData:121 - 🔄 数据来源: 串口接收 -> PendulumState.physical_length
2025-09-02 13:50:04.067 | INFO     | Pendulum.PendulumAPP:_processSerialData:120 - 📏 串口长度数据已更新: L19.223007 -> physical_length=19.223007
2025-09-02 13:50:04.067 | INFO     | Pendulum.PendulumAPP:_processSerialData:121 - 🔄 数据来源: 串口接收 -> PendulumState.physical_length
2025-09-02 13:50:04.096 | INFO     | Pendulum.PendulumAPP:_processSerialData:120 - 📏 串口长度数据已更新: L19.223007 -> physical_length=19.223007
2025-09-02 13:50:04.097 | INFO     | Pendulum.PendulumAPP:_processSerialData:121 - 🔄 数据来源: 串口接收 -> PendulumState.physical_length
2025-09-02 13:50:04.141 | INFO     | Pendulum.PendulumAPP:_processSerialData:120 - 📏 串口长度数据已更新: L19.223007 -> physical_length=19.223007
2025-09-02 13:50:04.141 | INFO     | Pendulum.PendulumAPP:_processSerialData:121 - 🔄 数据来源: 串口接收 -> PendulumState.physical_length
2025-09-02 13:50:04.177 | INFO     | Pendulum.PendulumAPP:_processSerialData:120 - 📏 串口长度数据已更新: L19.223007 -> physical_length=19.223007
2025-09-02 13:50:04.178 | INFO     | Pendulum.PendulumAPP:_processSerialData:121 - 🔄 数据来源: 串口接收 -> PendulumState.physical_length
2025-09-02 13:50:04.223 | INFO     | Pendulum.PendulumAPP:_processSerialData:120 - 📏 串口长度数据已更新: L19.223007 -> physical_length=19.223007
2025-09-02 13:50:04.223 | INFO     | Pendulum.PendulumAPP:_processSerialData:121 - 🔄 数据来源: 串口接收 -> PendulumState.physical_length
2025-09-02 13:50:04.252 | INFO     | Pendulum.PendulumAPP:_processSerialData:120 - 📏 串口长度数据已更新: L19.223007 -> physical_length=19.223007
2025-09-02 13:50:04.252 | INFO     | Pendulum.PendulumAPP:_processSerialData:121 - 🔄 数据来源: 串口接收 -> PendulumState.physical_length
2025-09-02 13:50:04.309 | INFO     | Pendulum.PendulumAPP:_processSerialData:120 - 📏 串口长度数据已更新: L19.223007 -> physical_length=19.223007
2025-09-02 13:50:04.309 | INFO     | Pendulum.PendulumAPP:_processSerialData:121 - 🔄 数据来源: 串口接收 -> PendulumState.physical_length
2025-09-02 13:50:04.336 | INFO     | Pendulum.PendulumAPP:_processSerialData:120 - 📏 串口长度数据已更新: L19.223007 -> physical_length=19.223007
2025-09-02 13:50:04.337 | INFO     | Pendulum.PendulumAPP:_processSerialData:121 - 🔄 数据来源: 串口接收 -> PendulumState.physical_length
2025-09-02 13:50:04.383 | INFO     | Pendulum.PendulumAPP:_processSerialData:120 - 📏 串口长度数据已更新: L19.223007 -> physical_length=19.223007
2025-09-02 13:50:04.384 | INFO     | Pendulum.PendulumAPP:_processSerialData:121 - 🔄 数据来源: 串口接收 -> PendulumState.physical_length
2025-09-02 13:50:04.418 | INFO     | Pendulum.PendulumAPP:_processSerialData:120 - 📏 串口长度数据已更新: L19.223007 -> physical_length=19.223007
2025-09-02 13:50:04.418 | INFO     | Pendulum.PendulumAPP:_processSerialData:121 - 🔄 数据来源: 串口接收 -> PendulumState.physical_length
2025-09-02 13:50:04.468 | INFO     | Pendulum.PendulumAPP:_processSerialData:120 - 📏 串口长度数据已更新: L19.223007 -> physical_length=19.223007
2025-09-02 13:50:04.468 | INFO     | Pendulum.PendulumAPP:_processSerialData:121 - 🔄 数据来源: 串口接收 -> PendulumState.physical_length
2025-09-02 13:50:04.495 | INFO     | Pendulum.PendulumAPP:_processSerialData:120 - 📏 串口长度数据已更新: L19.223007 -> physical_length=19.223007
2025-09-02 13:50:04.496 | INFO     | Pendulum.PendulumAPP:_processSerialData:121 - 🔄 数据来源: 串口接收 -> PendulumState.physical_length
2025-09-02 13:50:04.541 | INFO     | Pendulum.PendulumAPP:_processSerialData:120 - 📏 串口长度数据已更新: L19.223007 -> physical_length=19.223007
2025-09-02 13:50:04.541 | INFO     | Pendulum.PendulumAPP:_processSerialData:121 - 🔄 数据来源: 串口接收 -> PendulumState.physical_length
2025-09-02 13:50:04.576 | INFO     | Pendulum.PendulumAPP:_processSerialData:120 - 📏 串口长度数据已更新: L19.223007 -> physical_length=19.223007
2025-09-02 13:50:04.577 | INFO     | Pendulum.PendulumAPP:_processSerialData:121 - 🔄 数据来源: 串口接收 -> PendulumState.physical_length
2025-09-02 13:50:04.626 | INFO     | Pendulum.PendulumAPP:_processSerialData:120 - 📏 串口长度数据已更新: L19.223007 -> physical_length=19.223007
2025-09-02 13:50:04.627 | INFO     | Pendulum.PendulumAPP:_processSerialData:121 - 🔄 数据来源: 串口接收 -> PendulumState.physical_length
2025-09-02 13:50:04.655 | INFO     | Pendulum.PendulumAPP:_processSerialData:120 - 📏 串口长度数据已更新: L19.223007 -> physical_length=19.223007
2025-09-02 13:50:04.656 | INFO     | Pendulum.PendulumAPP:_processSerialData:121 - 🔄 数据来源: 串口接收 -> PendulumState.physical_length
2025-09-02 13:50:04.707 | INFO     | Pendulum.PendulumAPP:_processSerialData:120 - 📏 串口长度数据已更新: L19.223007 -> physical_length=19.223007
2025-09-02 13:50:04.708 | INFO     | Pendulum.PendulumAPP:_processSerialData:121 - 🔄 数据来源: 串口接收 -> PendulumState.physical_length
2025-09-02 13:50:04.735 | INFO     | Pendulum.PendulumAPP:_processSerialData:120 - 📏 串口长度数据已更新: L19.223007 -> physical_length=19.223007
2025-09-02 13:50:04.736 | INFO     | Pendulum.PendulumAPP:_processSerialData:121 - 🔄 数据来源: 串口接收 -> PendulumState.physical_length
2025-09-02 13:50:04.783 | INFO     | Pendulum.PendulumAPP:_processSerialData:120 - 📏 串口长度数据已更新: L19.223007 -> physical_length=19.223007
2025-09-02 13:50:04.784 | INFO     | Pendulum.PendulumAPP:_processSerialData:121 - 🔄 数据来源: 串口接收 -> PendulumState.physical_length
2025-09-02 13:50:04.814 | INFO     | Pendulum.PendulumAPP:_processSerialData:120 - 📏 串口长度数据已更新: L19.223007 -> physical_length=19.223007
2025-09-02 13:50:04.815 | INFO     | Pendulum.PendulumAPP:_processSerialData:121 - 🔄 数据来源: 串口接收 -> PendulumState.physical_length
2025-09-02 13:50:04.864 | INFO     | Pendulum.PendulumAPP:_processSerialData:120 - 📏 串口长度数据已更新: L19.223007 -> physical_length=19.223007
2025-09-02 13:50:04.864 | INFO     | Pendulum.PendulumAPP:_processSerialData:121 - 🔄 数据来源: 串口接收 -> PendulumState.physical_length
2025-09-02 13:50:04.899 | INFO     | Pendulum.PendulumAPP:_processSerialData:120 - 📏 串口长度数据已更新: L19.223007 -> physical_length=19.223007
2025-09-02 13:50:04.900 | INFO     | Pendulum.PendulumAPP:_processSerialData:121 - 🔄 数据来源: 串口接收 -> PendulumState.physical_length
2025-09-02 13:50:04.943 | INFO     | Pendulum.PendulumAPP:_processSerialData:120 - 📏 串口长度数据已更新: L19.223007 -> physical_length=19.223007
2025-09-02 13:50:04.943 | INFO     | Pendulum.PendulumAPP:_processSerialData:121 - 🔄 数据来源: 串口接收 -> PendulumState.physical_length
2025-09-02 13:50:04.976 | INFO     | Pendulum.PendulumAPP:_processSerialData:120 - 📏 串口长度数据已更新: L19.223007 -> physical_length=19.223007
2025-09-02 13:50:04.977 | INFO     | Pendulum.PendulumAPP:_processSerialData:121 - 🔄 数据来源: 串口接收 -> PendulumState.physical_length
2025-09-02 13:50:05.021 | INFO     | Pendulum.PendulumAPP:_processSerialData:120 - 📏 串口长度数据已更新: L19.223007 -> physical_length=19.223007
2025-09-02 13:50:05.022 | INFO     | Pendulum.PendulumAPP:_processSerialData:121 - 🔄 数据来源: 串口接收 -> PendulumState.physical_length
2025-09-02 13:50:05.057 | INFO     | Pendulum.PendulumAPP:_processSerialData:120 - 📏 串口长度数据已更新: L19.223007 -> physical_length=19.223007
2025-09-02 13:50:05.058 | INFO     | Pendulum.PendulumAPP:_processSerialData:121 - 🔄 数据来源: 串口接收 -> PendulumState.physical_length
2025-09-02 13:50:05.106 | INFO     | Pendulum.PendulumAPP:_processSerialData:120 - 📏 串口长度数据已更新: L19.223007 -> physical_length=19.223007
2025-09-02 13:50:05.108 | INFO     | Pendulum.PendulumAPP:_processSerialData:121 - 🔄 数据来源: 串口接收 -> PendulumState.physical_length
2025-09-02 13:50:05.134 | INFO     | Pendulum.PendulumAPP:_processSerialData:120 - 📏 串口长度数据已更新: L19.223007 -> physical_length=19.223007
2025-09-02 13:50:05.134 | INFO     | Pendulum.PendulumAPP:_processSerialData:121 - 🔄 数据来源: 串口接收 -> PendulumState.physical_length
2025-09-02 13:50:05.190 | INFO     | Pendulum.PendulumAPP:_processSerialData:120 - 📏 串口长度数据已更新: L19.223007 -> physical_length=19.223007
2025-09-02 13:50:05.190 | INFO     | Pendulum.PendulumAPP:_processSerialData:121 - 🔄 数据来源: 串口接收 -> PendulumState.physical_length
2025-09-02 13:50:05.217 | INFO     | Pendulum.PendulumAPP:_processSerialData:120 - 📏 串口长度数据已更新: L19.223007 -> physical_length=19.223007
2025-09-02 13:50:05.218 | INFO     | Pendulum.PendulumAPP:_processSerialData:121 - 🔄 数据来源: 串口接收 -> PendulumState.physical_length
2025-09-02 13:50:05.264 | INFO     | Pendulum.PendulumAPP:_processSerialData:120 - 📏 串口长度数据已更新: L19.223007 -> physical_length=19.223007
2025-09-02 13:50:05.264 | INFO     | Pendulum.PendulumAPP:_processSerialData:121 - 🔄 数据来源: 串口接收 -> PendulumState.physical_length
2025-09-02 13:50:05.298 | INFO     | Pendulum.PendulumAPP:_processSerialData:120 - 📏 串口长度数据已更新: L19.223007 -> physical_length=19.223007
2025-09-02 13:50:05.298 | INFO     | Pendulum.PendulumAPP:_processSerialData:121 - 🔄 数据来源: 串口接收 -> PendulumState.physical_length
2025-09-02 13:50:05.340 | INFO     | Pendulum.PendulumAPP:_processSerialData:120 - 📏 串口长度数据已更新: L19.223007 -> physical_length=19.223007
2025-09-02 13:50:05.340 | INFO     | Pendulum.PendulumAPP:_processSerialData:121 - 🔄 数据来源: 串口接收 -> PendulumState.physical_length
2025-09-02 13:50:05.376 | INFO     | Pendulum.PendulumAPP:_processSerialData:120 - 📏 串口长度数据已更新: L19.223007 -> physical_length=19.223007
2025-09-02 13:50:05.377 | INFO     | Pendulum.PendulumAPP:_processSerialData:121 - 🔄 数据来源: 串口接收 -> PendulumState.physical_length
2025-09-02 13:50:05.426 | INFO     | Pendulum.PendulumAPP:_processSerialData:120 - 📏 串口长度数据已更新: L19.223007 -> physical_length=19.223007
2025-09-02 13:50:05.427 | INFO     | Pendulum.PendulumAPP:_processSerialData:121 - 🔄 数据来源: 串口接收 -> PendulumState.physical_length
2025-09-02 13:50:05.454 | INFO     | Pendulum.PendulumAPP:_processSerialData:120 - 📏 串口长度数据已更新: L19.223007 -> physical_length=19.223007
2025-09-02 13:50:05.457 | INFO     | Pendulum.PendulumAPP:_processSerialData:121 - 🔄 数据来源: 串口接收 -> PendulumState.physical_length
2025-09-02 13:50:05.506 | INFO     | Pendulum.PendulumAPP:_processSerialData:120 - 📏 串口长度数据已更新: L19.223007 -> physical_length=19.223007
2025-09-02 13:50:05.507 | INFO     | Pendulum.PendulumAPP:_processSerialData:121 - 🔄 数据来源: 串口接收 -> PendulumState.physical_length
2025-09-02 13:50:05.536 | INFO     | Pendulum.PendulumAPP:_processSerialData:120 - 📏 串口长度数据已更新: L19.223007 -> physical_length=19.223007
2025-09-02 13:50:05.536 | INFO     | Pendulum.PendulumAPP:_processSerialData:121 - 🔄 数据来源: 串口接收 -> PendulumState.physical_length
2025-09-02 13:50:05.585 | INFO     | Pendulum.PendulumAPP:_processSerialData:120 - 📏 串口长度数据已更新: L19.223007 -> physical_length=19.223007
2025-09-02 13:50:05.586 | INFO     | Pendulum.PendulumAPP:_processSerialData:121 - 🔄 数据来源: 串口接收 -> PendulumState.physical_length
2025-09-02 13:50:05.616 | INFO     | Pendulum.PendulumAPP:_processSerialData:120 - 📏 串口长度数据已更新: L19.223007 -> physical_length=19.223007
2025-09-02 13:50:05.616 | INFO     | Pendulum.PendulumAPP:_processSerialData:121 - 🔄 数据来源: 串口接收 -> PendulumState.physical_length
2025-09-02 13:50:05.662 | INFO     | Pendulum.PendulumAPP:_processSerialData:120 - 📏 串口长度数据已更新: L19.223007 -> physical_length=19.223007
2025-09-02 13:50:05.662 | INFO     | Pendulum.PendulumAPP:_processSerialData:121 - 🔄 数据来源: 串口接收 -> PendulumState.physical_length
2025-09-02 13:50:05.693 | INFO     | Pendulum.PendulumAPP:_processSerialData:120 - 📏 串口长度数据已更新: L19.223007 -> physical_length=19.223007
2025-09-02 13:50:05.693 | INFO     | Pendulum.PendulumAPP:_processSerialData:121 - 🔄 数据来源: 串口接收 -> PendulumState.physical_length
2025-09-02 13:50:05.743 | INFO     | Pendulum.PendulumAPP:_processSerialData:120 - 📏 串口长度数据已更新: L19.223007 -> physical_length=19.223007
2025-09-02 13:50:05.743 | INFO     | Pendulum.PendulumAPP:_processSerialData:121 - 🔄 数据来源: 串口接收 -> PendulumState.physical_length
2025-09-02 13:50:05.779 | INFO     | Pendulum.PendulumAPP:_processSerialData:120 - 📏 串口长度数据已更新: L19.223007 -> physical_length=19.223007
2025-09-02 13:50:05.779 | INFO     | Pendulum.PendulumAPP:_processSerialData:121 - 🔄 数据来源: 串口接收 -> PendulumState.physical_length
2025-09-02 13:50:05.826 | INFO     | Pendulum.PendulumAPP:_processSerialData:120 - 📏 串口长度数据已更新: L19.223007 -> physical_length=19.223007
2025-09-02 13:50:05.826 | INFO     | Pendulum.PendulumAPP:_processSerialData:121 - 🔄 数据来源: 串口接收 -> PendulumState.physical_length
2025-09-02 13:50:05.859 | INFO     | Pendulum.PendulumAPP:_processSerialData:120 - 📏 串口长度数据已更新: L19.223007 -> physical_length=19.223007
2025-09-02 13:50:05.859 | INFO     | Pendulum.PendulumAPP:_processSerialData:121 - 🔄 数据来源: 串口接收 -> PendulumState.physical_length
2025-09-02 13:50:05.902 | INFO     | Pendulum.PendulumAPP:_processSerialData:120 - 📏 串口长度数据已更新: L19.223007 -> physical_length=19.223007
2025-09-02 13:50:05.902 | INFO     | Pendulum.PendulumAPP:_processSerialData:121 - 🔄 数据来源: 串口接收 -> PendulumState.physical_length
2025-09-02 13:50:05.937 | INFO     | Pendulum.PendulumAPP:_processSerialData:120 - 📏 串口长度数据已更新: L19.223007 -> physical_length=19.223007
2025-09-02 13:50:05.937 | INFO     | Pendulum.PendulumAPP:_processSerialData:121 - 🔄 数据来源: 串口接收 -> PendulumState.physical_length
2025-09-02 13:50:05.986 | INFO     | Pendulum.PendulumAPP:_processSerialData:120 - 📏 串口长度数据已更新: L19.223007 -> physical_length=19.223007
2025-09-02 13:50:05.986 | INFO     | Pendulum.PendulumAPP:_processSerialData:121 - 🔄 数据来源: 串口接收 -> PendulumState.physical_length
2025-09-02 13:50:06.016 | INFO     | Pendulum.PendulumAPP:_processSerialData:120 - 📏 串口长度数据已更新: L19.223007 -> physical_length=19.223007
2025-09-02 13:50:06.018 | INFO     | Pendulum.PendulumAPP:_processSerialData:121 - 🔄 数据来源: 串口接收 -> PendulumState.physical_length
2025-09-02 13:50:06.063 | INFO     | Pendulum.PendulumAPP:_processSerialData:120 - 📏 串口长度数据已更新: L19.223007 -> physical_length=19.223007
2025-09-02 13:50:06.065 | INFO     | Pendulum.PendulumAPP:_processSerialData:121 - 🔄 数据来源: 串口接收 -> PendulumState.physical_length
2025-09-02 13:50:06.092 | INFO     | Pendulum.PendulumAPP:_processSerialData:120 - 📏 串口长度数据已更新: L19.223007 -> physical_length=19.223007
2025-09-02 13:50:06.093 | INFO     | Pendulum.PendulumAPP:_processSerialData:121 - 🔄 数据来源: 串口接收 -> PendulumState.physical_length
2025-09-02 13:50:06.150 | INFO     | Pendulum.PendulumAPP:_processSerialData:120 - 📏 串口长度数据已更新: L19.223007 -> physical_length=19.223007
2025-09-02 13:50:06.151 | INFO     | Pendulum.PendulumAPP:_processSerialData:121 - 🔄 数据来源: 串口接收 -> PendulumState.physical_length
2025-09-02 13:50:06.178 | INFO     | Pendulum.PendulumAPP:_processSerialData:120 - 📏 串口长度数据已更新: L19.223007 -> physical_length=19.223007
2025-09-02 13:50:06.178 | INFO     | Pendulum.PendulumAPP:_processSerialData:121 - 🔄 数据来源: 串口接收 -> PendulumState.physical_length
2025-09-02 13:50:06.225 | INFO     | Pendulum.PendulumAPP:_processSerialData:120 - 📏 串口长度数据已更新: L19.223007 -> physical_length=19.223007
2025-09-02 13:50:06.225 | INFO     | Pendulum.PendulumAPP:_processSerialData:121 - 🔄 数据来源: 串口接收 -> PendulumState.physical_length
2025-09-02 13:50:06.256 | INFO     | Pendulum.PendulumAPP:_processSerialData:120 - 📏 串口长度数据已更新: L19.223007 -> physical_length=19.223007
2025-09-02 13:50:06.257 | INFO     | Pendulum.PendulumAPP:_processSerialData:121 - 🔄 数据来源: 串口接收 -> PendulumState.physical_length
2025-09-02 13:50:06.305 | INFO     | Pendulum.PendulumAPP:_keyEventWeb:277 - n2
2025-09-02 13:50:06.306 | INFO     | Pendulum.SerialConncet:send:199 - sendn2
2025-09-02 13:50:06.307 | INFO     | Pendulum.SerialConncet:send:201 - [发送] n2
2025-09-02 13:50:06.310 | INFO     | Pendulum.PendulumAPP:_processSerialData:120 - 📏 串口长度数据已更新: L19.223007 -> physical_length=19.223007
2025-09-02 13:50:06.310 | INFO     | Pendulum.PendulumAPP:_processSerialData:121 - 🔄 数据来源: 串口接收 -> PendulumState.physical_length
2025-09-02 13:50:06.339 | INFO     | Pendulum.PendulumAPP:_processSerialData:120 - 📏 串口长度数据已更新: L19.223007 -> physical_length=19.223007
2025-09-02 13:50:06.340 | INFO     | Pendulum.PendulumAPP:_processSerialData:121 - 🔄 数据来源: 串口接收 -> PendulumState.physical_length
2025-09-02 13:50:06.383 | INFO     | Pendulum.PendulumAPP:_processSerialData:120 - 📏 串口长度数据已更新: L19.223007 -> physical_length=19.223007
2025-09-02 13:50:06.384 | INFO     | Pendulum.PendulumAPP:_processSerialData:121 - 🔄 数据来源: 串口接收 -> PendulumState.physical_length
2025-09-02 13:50:06.416 | INFO     | Pendulum.PendulumAPP:_processSerialData:120 - 📏 串口长度数据已更新: L19.223007 -> physical_length=19.223007
2025-09-02 13:50:06.417 | INFO     | Pendulum.PendulumAPP:_processSerialData:121 - 🔄 数据来源: 串口接收 -> PendulumState.physical_length
2025-09-02 13:50:06.461 | INFO     | Pendulum.PendulumAPP:_processSerialData:120 - 📏 串口长度数据已更新: L19.223007 -> physical_length=19.223007
2025-09-02 13:50:06.461 | INFO     | Pendulum.PendulumAPP:_processSerialData:121 - 🔄 数据来源: 串口接收 -> PendulumState.physical_length
2025-09-02 13:50:06.500 | INFO     | Pendulum.PendulumAPP:_processSerialData:120 - 📏 串口长度数据已更新: L19.223007 -> physical_length=19.223007
2025-09-02 13:50:06.500 | INFO     | Pendulum.PendulumAPP:_processSerialData:121 - 🔄 数据来源: 串口接收 -> PendulumState.physical_length
2025-09-02 13:50:06.547 | INFO     | Pendulum.PendulumAPP:_processSerialData:120 - 📏 串口长度数据已更新: L19.223007 -> physical_length=19.223007
2025-09-02 13:50:06.547 | INFO     | Pendulum.PendulumAPP:_processSerialData:121 - 🔄 数据来源: 串口接收 -> PendulumState.physical_length
2025-09-02 13:50:06.582 | INFO     | Pendulum.PendulumAPP:_processSerialData:120 - 📏 串口长度数据已更新: L19.223007 -> physical_length=19.223007
2025-09-02 13:50:06.582 | INFO     | Pendulum.PendulumAPP:_processSerialData:121 - 🔄 数据来源: 串口接收 -> PendulumState.physical_length
2025-09-02 13:50:06.623 | INFO     | Pendulum.PendulumAPP:_processSerialData:120 - 📏 串口长度数据已更新: L19.223007 -> physical_length=19.223007
2025-09-02 13:50:06.623 | INFO     | Pendulum.PendulumAPP:_processSerialData:121 - 🔄 数据来源: 串口接收 -> PendulumState.physical_length
2025-09-02 13:50:06.655 | INFO     | Pendulum.PendulumAPP:_processSerialData:120 - 📏 串口长度数据已更新: L19.223007 -> physical_length=19.223007
2025-09-02 13:50:06.655 | INFO     | Pendulum.PendulumAPP:_processSerialData:121 - 🔄 数据来源: 串口接收 -> PendulumState.physical_length
2025-09-02 13:50:06.707 | INFO     | Pendulum.PendulumAPP:_processSerialData:120 - 📏 串口长度数据已更新: L19.223007 -> physical_length=19.223007
2025-09-02 13:50:06.708 | INFO     | Pendulum.PendulumAPP:_processSerialData:121 - 🔄 数据来源: 串口接收 -> PendulumState.physical_length
2025-09-02 13:50:06.737 | INFO     | Pendulum.PendulumAPP:_processSerialData:120 - 📏 串口长度数据已更新: L19.223007 -> physical_length=19.223007
2025-09-02 13:50:06.737 | INFO     | Pendulum.PendulumAPP:_processSerialData:121 - 🔄 数据来源: 串口接收 -> PendulumState.physical_length
2025-09-02 13:50:06.785 | INFO     | Pendulum.PendulumAPP:_processSerialData:120 - 📏 串口长度数据已更新: L19.223007 -> physical_length=19.223007
2025-09-02 13:50:06.786 | INFO     | Pendulum.PendulumAPP:_processSerialData:121 - 🔄 数据来源: 串口接收 -> PendulumState.physical_length
2025-09-02 13:50:06.817 | INFO     | Pendulum.PendulumAPP:_processSerialData:120 - 📏 串口长度数据已更新: L19.223007 -> physical_length=19.223007
2025-09-02 13:50:06.817 | INFO     | Pendulum.PendulumAPP:_processSerialData:121 - 🔄 数据来源: 串口接收 -> PendulumState.physical_length
2025-09-02 13:50:06.862 | INFO     | Pendulum.PendulumAPP:_processSerialData:120 - 📏 串口长度数据已更新: L19.223007 -> physical_length=19.223007
2025-09-02 13:50:06.864 | INFO     | Pendulum.PendulumAPP:_processSerialData:121 - 🔄 数据来源: 串口接收 -> PendulumState.physical_length
2025-09-02 13:50:06.901 | INFO     | Pendulum.PendulumAPP:_processSerialData:120 - 📏 串口长度数据已更新: L19.223007 -> physical_length=19.223007
2025-09-02 13:50:06.901 | INFO     | Pendulum.PendulumAPP:_processSerialData:121 - 🔄 数据来源: 串口接收 -> PendulumState.physical_length
2025-09-02 13:50:06.943 | INFO     | Pendulum.PendulumAPP:_processSerialData:120 - 📏 串口长度数据已更新: L19.223007 -> physical_length=19.223007
2025-09-02 13:50:06.943 | INFO     | Pendulum.PendulumAPP:_processSerialData:121 - 🔄 数据来源: 串口接收 -> PendulumState.physical_length
2025-09-02 13:50:06.977 | INFO     | Pendulum.PendulumAPP:_processSerialData:120 - 📏 串口长度数据已更新: L19.223007 -> physical_length=19.223007
2025-09-02 13:50:06.978 | INFO     | Pendulum.PendulumAPP:_processSerialData:121 - 🔄 数据来源: 串口接收 -> PendulumState.physical_length
2025-09-02 13:50:07.027 | INFO     | Pendulum.PendulumAPP:_processSerialData:120 - 📏 串口长度数据已更新: L19.223007 -> physical_length=19.223007
2025-09-02 13:50:07.028 | INFO     | Pendulum.PendulumAPP:_processSerialData:121 - 🔄 数据来源: 串口接收 -> PendulumState.physical_length
2025-09-02 13:50:07.058 | INFO     | Pendulum.PendulumAPP:_processSerialData:120 - 📏 串口长度数据已更新: L19.223007 -> physical_length=19.223007
2025-09-02 13:50:07.059 | INFO     | Pendulum.PendulumAPP:_processSerialData:121 - 🔄 数据来源: 串口接收 -> PendulumState.physical_length
2025-09-02 13:50:07.104 | INFO     | Pendulum.PendulumAPP:_processSerialData:120 - 📏 串口长度数据已更新: L19.223007 -> physical_length=19.223007
2025-09-02 13:50:07.105 | INFO     | Pendulum.PendulumAPP:_processSerialData:121 - 🔄 数据来源: 串口接收 -> PendulumState.physical_length
2025-09-02 13:50:07.137 | INFO     | Pendulum.PendulumAPP:_processSerialData:120 - 📏 串口长度数据已更新: L19.223007 -> physical_length=19.223007
2025-09-02 13:50:07.138 | INFO     | Pendulum.PendulumAPP:_processSerialData:121 - 🔄 数据来源: 串口接收 -> PendulumState.physical_length
2025-09-02 13:50:07.182 | INFO     | Pendulum.PendulumAPP:_processSerialData:120 - 📏 串口长度数据已更新: L19.223007 -> physical_length=19.223007
2025-09-02 13:50:07.184 | INFO     | Pendulum.PendulumAPP:_processSerialData:121 - 🔄 数据来源: 串口接收 -> PendulumState.physical_length
2025-09-02 13:50:07.220 | INFO     | Pendulum.PendulumAPP:_processSerialData:120 - 📏 串口长度数据已更新: L19.223007 -> physical_length=19.223007
2025-09-02 13:50:07.220 | INFO     | Pendulum.PendulumAPP:_processSerialData:121 - 🔄 数据来源: 串口接收 -> PendulumState.physical_length
2025-09-02 13:50:07.268 | INFO     | Pendulum.PendulumAPP:_processSerialData:120 - 📏 串口长度数据已更新: L19.223007 -> physical_length=19.223007
2025-09-02 13:50:07.273 | INFO     | Pendulum.PendulumAPP:_processSerialData:121 - 🔄 数据来源: 串口接收 -> PendulumState.physical_length
2025-09-02 13:50:07.303 | INFO     | Pendulum.PendulumAPP:_processSerialData:120 - 📏 串口长度数据已更新: L19.223007 -> physical_length=19.223007
2025-09-02 13:50:07.308 | INFO     | Pendulum.PendulumAPP:_processSerialData:121 - 🔄 数据来源: 串口接收 -> PendulumState.physical_length
2025-09-02 13:50:07.340 | INFO     | Pendulum.PendulumAPP:_processSerialData:120 - 📏 串口长度数据已更新: L19.223007 -> physical_length=19.223007
2025-09-02 13:50:07.345 | INFO     | Pendulum.PendulumAPP:_processSerialData:121 - 🔄 数据来源: 串口接收 -> PendulumState.physical_length
2025-09-02 13:50:07.380 | INFO     | Pendulum.PendulumAPP:_processSerialData:120 - 📏 串口长度数据已更新: L19.223007 -> physical_length=19.223007
2025-09-02 13:50:07.380 | INFO     | Pendulum.PendulumAPP:_processSerialData:121 - 🔄 数据来源: 串口接收 -> PendulumState.physical_length
2025-09-02 13:50:07.426 | INFO     | Pendulum.PendulumAPP:_processSerialData:120 - 📏 串口长度数据已更新: L19.223007 -> physical_length=19.223007
2025-09-02 13:50:07.427 | INFO     | Pendulum.PendulumAPP:_processSerialData:121 - 🔄 数据来源: 串口接收 -> PendulumState.physical_length
2025-09-02 13:50:07.456 | INFO     | Pendulum.PendulumAPP:_processSerialData:120 - 📏 串口长度数据已更新: L19.223007 -> physical_length=19.223007
2025-09-02 13:50:07.457 | INFO     | Pendulum.PendulumAPP:_processSerialData:121 - 🔄 数据来源: 串口接收 -> PendulumState.physical_length
2025-09-02 13:50:07.504 | INFO     | Pendulum.PendulumAPP:_processSerialData:120 - 📏 串口长度数据已更新: L19.223007 -> physical_length=19.223007
2025-09-02 13:50:07.504 | INFO     | Pendulum.PendulumAPP:_processSerialData:121 - 🔄 数据来源: 串口接收 -> PendulumState.physical_length
2025-09-02 13:50:07.539 | INFO     | Pendulum.PendulumAPP:_processSerialData:120 - 📏 串口长度数据已更新: L19.223007 -> physical_length=19.223007
2025-09-02 13:50:07.539 | INFO     | Pendulum.PendulumAPP:_processSerialData:121 - 🔄 数据来源: 串口接收 -> PendulumState.physical_length
2025-09-02 13:50:07.589 | INFO     | Pendulum.PendulumAPP:_processSerialData:120 - 📏 串口长度数据已更新: L19.223007 -> physical_length=19.223007
2025-09-02 13:50:07.589 | INFO     | Pendulum.PendulumAPP:_processSerialData:121 - 🔄 数据来源: 串口接收 -> PendulumState.physical_length
2025-09-02 13:50:07.616 | INFO     | Pendulum.PendulumAPP:_processSerialData:120 - 📏 串口长度数据已更新: L19.223007 -> physical_length=19.223007
2025-09-02 13:50:07.617 | INFO     | Pendulum.PendulumAPP:_processSerialData:121 - 🔄 数据来源: 串口接收 -> PendulumState.physical_length
2025-09-02 13:50:07.667 | INFO     | Pendulum.PendulumAPP:_processSerialData:120 - 📏 串口长度数据已更新: L19.223007 -> physical_length=19.223007
2025-09-02 13:50:07.667 | INFO     | Pendulum.PendulumAPP:_processSerialData:121 - 🔄 数据来源: 串口接收 -> PendulumState.physical_length
2025-09-02 13:50:07.693 | INFO     | Pendulum.PendulumAPP:_processSerialData:120 - 📏 串口长度数据已更新: L19.223007 -> physical_length=19.223007
2025-09-02 13:50:07.694 | INFO     | Pendulum.PendulumAPP:_processSerialData:121 - 🔄 数据来源: 串口接收 -> PendulumState.physical_length
2025-09-02 13:50:07.748 | INFO     | Pendulum.PendulumAPP:_processSerialData:120 - 📏 串口长度数据已更新: L19.223007 -> physical_length=19.223007
2025-09-02 13:50:07.749 | INFO     | Pendulum.PendulumAPP:_processSerialData:121 - 🔄 数据来源: 串口接收 -> PendulumState.physical_length
2025-09-02 13:50:07.779 | INFO     | Pendulum.PendulumAPP:_processSerialData:120 - 📏 串口长度数据已更新: L19.223007 -> physical_length=19.223007
2025-09-02 13:50:07.780 | INFO     | Pendulum.PendulumAPP:_processSerialData:121 - 🔄 数据来源: 串口接收 -> PendulumState.physical_length
2025-09-02 13:50:07.821 | INFO     | Pendulum.PendulumAPP:_processSerialData:120 - 📏 串口长度数据已更新: L19.223007 -> physical_length=19.223007
2025-09-02 13:50:07.824 | INFO     | Pendulum.PendulumAPP:_processSerialData:121 - 🔄 数据来源: 串口接收 -> PendulumState.physical_length
2025-09-02 13:50:07.858 | INFO     | Pendulum.PendulumAPP:_processSerialData:120 - 📏 串口长度数据已更新: L19.223007 -> physical_length=19.223007
2025-09-02 13:50:07.858 | INFO     | Pendulum.PendulumAPP:_processSerialData:121 - 🔄 数据来源: 串口接收 -> PendulumState.physical_length
2025-09-02 13:50:07.911 | INFO     | Pendulum.PendulumAPP:_processSerialData:120 - 📏 串口长度数据已更新: L19.223007 -> physical_length=19.223007
2025-09-02 13:50:07.912 | INFO     | Pendulum.PendulumAPP:_processSerialData:121 - 🔄 数据来源: 串口接收 -> PendulumState.physical_length
2025-09-02 13:50:07.937 | INFO     | Pendulum.PendulumAPP:_processSerialData:120 - 📏 串口长度数据已更新: L19.223007 -> physical_length=19.223007
2025-09-02 13:50:07.938 | INFO     | Pendulum.PendulumAPP:_processSerialData:121 - 🔄 数据来源: 串口接收 -> PendulumState.physical_length
2025-09-02 13:50:07.988 | INFO     | Pendulum.PendulumAPP:_processSerialData:120 - 📏 串口长度数据已更新: L19.223007 -> physical_length=19.223007
2025-09-02 13:50:07.989 | INFO     | Pendulum.PendulumAPP:_processSerialData:121 - 🔄 数据来源: 串口接收 -> PendulumState.physical_length
2025-09-02 13:50:08.019 | INFO     | Pendulum.PendulumAPP:_processSerialData:120 - 📏 串口长度数据已更新: L19.223007 -> physical_length=19.223007
2025-09-02 13:50:08.019 | INFO     | Pendulum.PendulumAPP:_processSerialData:121 - 🔄 数据来源: 串口接收 -> PendulumState.physical_length
2025-09-02 13:50:08.069 | INFO     | Pendulum.PendulumAPP:_processSerialData:120 - 📏 串口长度数据已更新: L19.223007 -> physical_length=19.223007
2025-09-02 13:50:08.069 | INFO     | Pendulum.PendulumAPP:_processSerialData:121 - 🔄 数据来源: 串口接收 -> PendulumState.physical_length
2025-09-02 13:50:08.094 | INFO     | Pendulum.PendulumAPP:_processSerialData:120 - 📏 串口长度数据已更新: L19.223007 -> physical_length=19.223007
2025-09-02 13:50:08.094 | INFO     | Pendulum.PendulumAPP:_processSerialData:121 - 🔄 数据来源: 串口接收 -> PendulumState.physical_length
2025-09-02 13:50:08.142 | INFO     | Pendulum.PendulumAPP:_processSerialData:120 - 📏 串口长度数据已更新: L19.223007 -> physical_length=19.223007
2025-09-02 13:50:08.142 | INFO     | Pendulum.PendulumAPP:_processSerialData:121 - 🔄 数据来源: 串口接收 -> PendulumState.physical_length
2025-09-02 13:50:08.183 | INFO     | Pendulum.PendulumAPP:_processSerialData:120 - 📏 串口长度数据已更新: L19.223007 -> physical_length=19.223007
2025-09-02 13:50:08.183 | INFO     | Pendulum.PendulumAPP:_processSerialData:121 - 🔄 数据来源: 串口接收 -> PendulumState.physical_length
2025-09-02 13:50:08.225 | INFO     | Pendulum.PendulumAPP:_processSerialData:120 - 📏 串口长度数据已更新: L19.223007 -> physical_length=19.223007
2025-09-02 13:50:08.225 | INFO     | Pendulum.PendulumAPP:_processSerialData:121 - 🔄 数据来源: 串口接收 -> PendulumState.physical_length
2025-09-02 13:50:08.255 | INFO     | Pendulum.PendulumAPP:_processSerialData:120 - 📏 串口长度数据已更新: L19.223007 -> physical_length=19.223007
2025-09-02 13:50:08.256 | INFO     | Pendulum.PendulumAPP:_processSerialData:121 - 🔄 数据来源: 串口接收 -> PendulumState.physical_length
2025-09-02 13:50:08.303 | INFO     | Pendulum.PendulumAPP:_processSerialData:120 - 📏 串口长度数据已更新: L19.223007 -> physical_length=19.223007
2025-09-02 13:50:08.303 | INFO     | Pendulum.PendulumAPP:_processSerialData:121 - 🔄 数据来源: 串口接收 -> PendulumState.physical_length
2025-09-02 13:50:08.335 | INFO     | Pendulum.PendulumAPP:_processSerialData:120 - 📏 串口长度数据已更新: L19.223007 -> physical_length=19.223007
2025-09-02 13:50:08.336 | INFO     | Pendulum.PendulumAPP:_processSerialData:121 - 🔄 数据来源: 串口接收 -> PendulumState.physical_length
2025-09-02 13:50:08.388 | INFO     | Pendulum.PendulumAPP:_processSerialData:120 - 📏 串口长度数据已更新: L19.223007 -> physical_length=19.223007
2025-09-02 13:50:08.389 | INFO     | Pendulum.PendulumAPP:_processSerialData:121 - 🔄 数据来源: 串口接收 -> PendulumState.physical_length
2025-09-02 13:50:08.418 | INFO     | Pendulum.PendulumAPP:_processSerialData:120 - 📏 串口长度数据已更新: L19.223007 -> physical_length=19.223007
2025-09-02 13:50:08.418 | INFO     | Pendulum.PendulumAPP:_processSerialData:121 - 🔄 数据来源: 串口接收 -> PendulumState.physical_length
2025-09-02 13:50:08.464 | INFO     | Pendulum.PendulumAPP:_processSerialData:120 - 📏 串口长度数据已更新: L19.223007 -> physical_length=19.223007
2025-09-02 13:50:08.464 | INFO     | Pendulum.PendulumAPP:_processSerialData:121 - 🔄 数据来源: 串口接收 -> PendulumState.physical_length
2025-09-02 13:50:08.492 | INFO     | Pendulum.PendulumAPP:_processSerialData:120 - 📏 串口长度数据已更新: L19.223007 -> physical_length=19.223007
2025-09-02 13:50:08.494 | INFO     | Pendulum.PendulumAPP:_processSerialData:121 - 🔄 数据来源: 串口接收 -> PendulumState.physical_length
2025-09-02 13:50:08.547 | INFO     | Pendulum.PendulumAPP:_processSerialData:120 - 📏 串口长度数据已更新: L19.223007 -> physical_length=19.223007
2025-09-02 13:50:08.547 | INFO     | Pendulum.PendulumAPP:_processSerialData:121 - 🔄 数据来源: 串口接收 -> PendulumState.physical_length
2025-09-02 13:50:08.578 | INFO     | Pendulum.PendulumAPP:_processSerialData:120 - 📏 串口长度数据已更新: L19.223007 -> physical_length=19.223007
2025-09-02 13:50:08.578 | INFO     | Pendulum.PendulumAPP:_processSerialData:121 - 🔄 数据来源: 串口接收 -> PendulumState.physical_length
2025-09-02 13:50:08.623 | INFO     | Pendulum.PendulumAPP:_processSerialData:120 - 📏 串口长度数据已更新: L19.223007 -> physical_length=19.223007
2025-09-02 13:50:08.623 | INFO     | Pendulum.PendulumAPP:_processSerialData:121 - 🔄 数据来源: 串口接收 -> PendulumState.physical_length
2025-09-02 13:50:08.658 | INFO     | Pendulum.PendulumAPP:_processSerialData:120 - 📏 串口长度数据已更新: L19.223007 -> physical_length=19.223007
2025-09-02 13:50:08.659 | INFO     | Pendulum.PendulumAPP:_processSerialData:121 - 🔄 数据来源: 串口接收 -> PendulumState.physical_length
2025-09-02 13:50:08.704 | INFO     | Pendulum.PendulumAPP:_processSerialData:120 - 📏 串口长度数据已更新: L19.223007 -> physical_length=19.223007
2025-09-02 13:50:08.705 | INFO     | Pendulum.PendulumAPP:_processSerialData:121 - 🔄 数据来源: 串口接收 -> PendulumState.physical_length
2025-09-02 13:50:08.738 | INFO     | Pendulum.PendulumAPP:_processSerialData:120 - 📏 串口长度数据已更新: L19.223007 -> physical_length=19.223007
2025-09-02 13:50:08.739 | INFO     | Pendulum.PendulumAPP:_processSerialData:121 - 🔄 数据来源: 串口接收 -> PendulumState.physical_length
2025-09-02 13:50:08.780 | INFO     | Pendulum.PendulumAPP:_processSerialData:120 - 📏 串口长度数据已更新: L19.223007 -> physical_length=19.223007
2025-09-02 13:50:08.780 | INFO     | Pendulum.PendulumAPP:_processSerialData:121 - 🔄 数据来源: 串口接收 -> PendulumState.physical_length
2025-09-02 13:50:08.812 | INFO     | Pendulum.PendulumAPP:_processSerialData:120 - 📏 串口长度数据已更新: L19.223007 -> physical_length=19.223007
2025-09-02 13:50:08.812 | INFO     | Pendulum.PendulumAPP:_processSerialData:121 - 🔄 数据来源: 串口接收 -> PendulumState.physical_length
2025-09-02 13:50:08.861 | INFO     | Pendulum.PendulumAPP:_processSerialData:120 - 📏 串口长度数据已更新: L19.223007 -> physical_length=19.223007
2025-09-02 13:50:08.862 | INFO     | Pendulum.PendulumAPP:_processSerialData:121 - 🔄 数据来源: 串口接收 -> PendulumState.physical_length
2025-09-02 13:50:08.893 | INFO     | Pendulum.PendulumAPP:_processSerialData:120 - 📏 串口长度数据已更新: L19.223007 -> physical_length=19.223007
2025-09-02 13:50:08.894 | INFO     | Pendulum.PendulumAPP:_processSerialData:121 - 🔄 数据来源: 串口接收 -> PendulumState.physical_length
2025-09-02 13:50:08.942 | INFO     | Pendulum.PendulumAPP:_processSerialData:120 - 📏 串口长度数据已更新: L19.223007 -> physical_length=19.223007
2025-09-02 13:50:08.942 | INFO     | Pendulum.PendulumAPP:_processSerialData:121 - 🔄 数据来源: 串口接收 -> PendulumState.physical_length
2025-09-02 13:50:08.981 | INFO     | Pendulum.PendulumAPP:_processSerialData:120 - 📏 串口长度数据已更新: L19.223007 -> physical_length=19.223007
2025-09-02 13:50:08.982 | INFO     | Pendulum.PendulumAPP:_processSerialData:121 - 🔄 数据来源: 串口接收 -> PendulumState.physical_length
2025-09-02 13:50:09.024 | INFO     | Pendulum.PendulumAPP:_processSerialData:120 - 📏 串口长度数据已更新: L19.223007 -> physical_length=19.223007
2025-09-02 13:50:09.024 | INFO     | Pendulum.PendulumAPP:_processSerialData:121 - 🔄 数据来源: 串口接收 -> PendulumState.physical_length
2025-09-02 13:50:09.054 | INFO     | Pendulum.PendulumAPP:_processSerialData:120 - 📏 串口长度数据已更新: L19.223007 -> physical_length=19.223007
2025-09-02 13:50:09.056 | INFO     | Pendulum.PendulumAPP:_processSerialData:121 - 🔄 数据来源: 串口接收 -> PendulumState.physical_length
2025-09-02 13:50:09.105 | INFO     | Pendulum.PendulumAPP:_processSerialData:120 - 📏 串口长度数据已更新: L19.223007 -> physical_length=19.223007
2025-09-02 13:50:09.105 | INFO     | Pendulum.PendulumAPP:_processSerialData:121 - 🔄 数据来源: 串口接收 -> PendulumState.physical_length
2025-09-02 13:50:09.133 | INFO     | Pendulum.PendulumAPP:_processSerialData:120 - 📏 串口长度数据已更新: L19.223007 -> physical_length=19.223007
2025-09-02 13:50:09.134 | INFO     | Pendulum.PendulumAPP:_processSerialData:121 - 🔄 数据来源: 串口接收 -> PendulumState.physical_length
2025-09-02 13:50:09.183 | INFO     | Pendulum.PendulumAPP:_processSerialData:120 - 📏 串口长度数据已更新: L19.223007 -> physical_length=19.223007
2025-09-02 13:50:09.183 | INFO     | Pendulum.PendulumAPP:_processSerialData:121 - 🔄 数据来源: 串口接收 -> PendulumState.physical_length
2025-09-02 13:50:09.214 | INFO     | Pendulum.PendulumAPP:_processSerialData:120 - 📏 串口长度数据已更新: L19.223007 -> physical_length=19.223007
2025-09-02 13:50:09.215 | INFO     | Pendulum.PendulumAPP:_processSerialData:121 - 🔄 数据来源: 串口接收 -> PendulumState.physical_length
2025-09-02 13:50:09.265 | INFO     | Pendulum.PendulumAPP:_processSerialData:120 - 📏 串口长度数据已更新: L19.223007 -> physical_length=19.223007
2025-09-02 13:50:09.266 | INFO     | Pendulum.PendulumAPP:_processSerialData:121 - 🔄 数据来源: 串口接收 -> PendulumState.physical_length
2025-09-02 13:50:09.292 | INFO     | Pendulum.PendulumAPP:_processSerialData:120 - 📏 串口长度数据已更新: L19.223007 -> physical_length=19.223007
2025-09-02 13:50:09.292 | INFO     | Pendulum.PendulumAPP:_processSerialData:121 - 🔄 数据来源: 串口接收 -> PendulumState.physical_length
2025-09-02 13:50:09.347 | INFO     | Pendulum.PendulumAPP:_keyEventWeb:283 - n0
2025-09-02 13:50:09.349 | INFO     | Pendulum.SerialConncet:send:199 - sendn0
2025-09-02 13:50:09.350 | INFO     | Pendulum.SerialConncet:send:201 - [发送] n0
2025-09-02 13:50:09.354 | INFO     | Pendulum.PendulumAPP:_processSerialData:120 - 📏 串口长度数据已更新: L19.223007 -> physical_length=19.223007
2025-09-02 13:50:09.355 | INFO     | Pendulum.PendulumAPP:_processSerialData:121 - 🔄 数据来源: 串口接收 -> PendulumState.physical_length
2025-09-02 13:50:09.378 | INFO     | Pendulum.PendulumAPP:_processSerialData:120 - 📏 串口长度数据已更新: L19.223007 -> physical_length=19.223007
2025-09-02 13:50:09.379 | INFO     | Pendulum.PendulumAPP:_processSerialData:121 - 🔄 数据来源: 串口接收 -> PendulumState.physical_length
2025-09-02 13:50:09.424 | INFO     | Pendulum.PendulumAPP:_processSerialData:120 - 📏 串口长度数据已更新: L19.223007 -> physical_length=19.223007
2025-09-02 13:50:09.426 | INFO     | Pendulum.PendulumAPP:_processSerialData:121 - 🔄 数据来源: 串口接收 -> PendulumState.physical_length
2025-09-02 13:50:09.455 | INFO     | Pendulum.PendulumAPP:_processSerialData:120 - 📏 串口长度数据已更新: L19.223007 -> physical_length=19.223007
2025-09-02 13:50:09.456 | INFO     | Pendulum.PendulumAPP:_processSerialData:121 - 🔄 数据来源: 串口接收 -> PendulumState.physical_length
2025-09-02 13:50:09.502 | INFO     | Pendulum.PendulumAPP:_processSerialData:120 - 📏 串口长度数据已更新: L19.223007 -> physical_length=19.223007
2025-09-02 13:50:09.503 | INFO     | Pendulum.PendulumAPP:_processSerialData:121 - 🔄 数据来源: 串口接收 -> PendulumState.physical_length
2025-09-02 13:50:09.532 | INFO     | Pendulum.PendulumAPP:_processSerialData:120 - 📏 串口长度数据已更新: L19.223007 -> physical_length=19.223007
2025-09-02 13:50:09.532 | INFO     | Pendulum.PendulumAPP:_processSerialData:121 - 🔄 数据来源: 串口接收 -> PendulumState.physical_length
2025-09-02 13:50:09.588 | INFO     | Pendulum.PendulumAPP:_processSerialData:120 - 📏 串口长度数据已更新: L19.223007 -> physical_length=19.223007
2025-09-02 13:50:09.589 | INFO     | Pendulum.PendulumAPP:_processSerialData:121 - 🔄 数据来源: 串口接收 -> PendulumState.physical_length
2025-09-02 13:50:09.613 | INFO     | Pendulum.PendulumAPP:_processSerialData:120 - 📏 串口长度数据已更新: L19.223007 -> physical_length=19.223007
2025-09-02 13:50:09.614 | INFO     | Pendulum.PendulumAPP:_processSerialData:121 - 🔄 数据来源: 串口接收 -> PendulumState.physical_length
2025-09-02 13:50:09.663 | INFO     | Pendulum.PendulumAPP:_processSerialData:120 - 📏 串口长度数据已更新: L19.223007 -> physical_length=19.223007
2025-09-02 13:50:09.663 | INFO     | Pendulum.PendulumAPP:_processSerialData:121 - 🔄 数据来源: 串口接收 -> PendulumState.physical_length
2025-09-02 13:50:09.698 | INFO     | Pendulum.PendulumAPP:_processSerialData:120 - 📏 串口长度数据已更新: L19.223007 -> physical_length=19.223007
2025-09-02 13:50:09.698 | INFO     | Pendulum.PendulumAPP:_processSerialData:121 - 🔄 数据来源: 串口接收 -> PendulumState.physical_length
2025-09-02 13:50:09.746 | INFO     | Pendulum.PendulumAPP:_processSerialData:120 - 📏 串口长度数据已更新: L19.223007 -> physical_length=19.223007
2025-09-02 13:50:09.746 | INFO     | Pendulum.PendulumAPP:_processSerialData:121 - 🔄 数据来源: 串口接收 -> PendulumState.physical_length
2025-09-02 13:50:09.776 | INFO     | Pendulum.PendulumAPP:_processSerialData:120 - 📏 串口长度数据已更新: L19.223007 -> physical_length=19.223007
2025-09-02 13:50:09.776 | INFO     | Pendulum.PendulumAPP:_processSerialData:121 - 🔄 数据来源: 串口接收 -> PendulumState.physical_length
2025-09-02 13:50:09.820 | INFO     | Pendulum.PendulumAPP:_processSerialData:120 - 📏 串口长度数据已更新: L19.223007 -> physical_length=19.223007
2025-09-02 13:50:09.822 | INFO     | Pendulum.PendulumAPP:_processSerialData:121 - 🔄 数据来源: 串口接收 -> PendulumState.physical_length
2025-09-02 13:50:09.857 | INFO     | Pendulum.PendulumAPP:_processSerialData:120 - 📏 串口长度数据已更新: L19.223007 -> physical_length=19.223007
2025-09-02 13:50:09.857 | INFO     | Pendulum.PendulumAPP:_processSerialData:121 - 🔄 数据来源: 串口接收 -> PendulumState.physical_length
2025-09-02 13:50:09.900 | INFO     | Pendulum.PendulumAPP:_processSerialData:120 - 📏 串口长度数据已更新: L19.223007 -> physical_length=19.223007
2025-09-02 13:50:09.903 | INFO     | Pendulum.PendulumAPP:_processSerialData:121 - 🔄 数据来源: 串口接收 -> PendulumState.physical_length
2025-09-02 13:50:09.930 | INFO     | Pendulum.PendulumAPP:_processSerialData:120 - 📏 串口长度数据已更新: L19.223007 -> physical_length=19.223007
2025-09-02 13:50:09.931 | INFO     | Pendulum.PendulumAPP:_processSerialData:121 - 🔄 数据来源: 串口接收 -> PendulumState.physical_length
2025-09-02 13:50:09.989 | INFO     | Pendulum.PendulumAPP:_processSerialData:120 - 📏 串口长度数据已更新: L19.223007 -> physical_length=19.223007
2025-09-02 13:50:09.989 | INFO     | Pendulum.PendulumAPP:_processSerialData:121 - 🔄 数据来源: 串口接收 -> PendulumState.physical_length
2025-09-02 13:50:10.015 | INFO     | Pendulum.PendulumAPP:_processSerialData:120 - 📏 串口长度数据已更新: L19.223007 -> physical_length=19.223007
2025-09-02 13:50:10.016 | INFO     | Pendulum.PendulumAPP:_processSerialData:121 - 🔄 数据来源: 串口接收 -> PendulumState.physical_length
2025-09-02 13:50:10.065 | INFO     | Pendulum.PendulumAPP:_processSerialData:120 - 📏 串口长度数据已更新: L19.223007 -> physical_length=19.223007
2025-09-02 13:50:10.065 | INFO     | Pendulum.PendulumAPP:_processSerialData:121 - 🔄 数据来源: 串口接收 -> PendulumState.physical_length
2025-09-02 13:50:10.094 | INFO     | Pendulum.PendulumAPP:_processSerialData:120 - 📏 串口长度数据已更新: L19.223007 -> physical_length=19.223007
2025-09-02 13:50:10.095 | INFO     | Pendulum.PendulumAPP:_processSerialData:121 - 🔄 数据来源: 串口接收 -> PendulumState.physical_length
2025-09-02 13:50:10.145 | INFO     | Pendulum.PendulumAPP:_processSerialData:120 - 📏 串口长度数据已更新: L19.223007 -> physical_length=19.223007
2025-09-02 13:50:10.145 | INFO     | Pendulum.PendulumAPP:_processSerialData:121 - 🔄 数据来源: 串口接收 -> PendulumState.physical_length
2025-09-02 13:50:10.176 | INFO     | Pendulum.PendulumAPP:_processSerialData:120 - 📏 串口长度数据已更新: L19.223007 -> physical_length=19.223007
2025-09-02 13:50:10.176 | INFO     | Pendulum.PendulumAPP:_processSerialData:121 - 🔄 数据来源: 串口接收 -> PendulumState.physical_length
2025-09-02 13:50:10.221 | INFO     | Pendulum.PendulumAPP:_processSerialData:120 - 📏 串口长度数据已更新: L19.223007 -> physical_length=19.223007
2025-09-02 13:50:10.221 | INFO     | Pendulum.PendulumAPP:_processSerialData:121 - 🔄 数据来源: 串口接收 -> PendulumState.physical_length
2025-09-02 13:50:10.259 | INFO     | Pendulum.PendulumAPP:_processSerialData:120 - 📏 串口长度数据已更新: L19.223007 -> physical_length=19.223007
2025-09-02 13:50:10.259 | INFO     | Pendulum.PendulumAPP:_processSerialData:121 - 🔄 数据来源: 串口接收 -> PendulumState.physical_length
2025-09-02 13:50:10.302 | INFO     | Pendulum.PendulumAPP:_processSerialData:120 - 📏 串口长度数据已更新: L19.223007 -> physical_length=19.223007
2025-09-02 13:50:10.303 | INFO     | Pendulum.PendulumAPP:_processSerialData:121 - 🔄 数据来源: 串口接收 -> PendulumState.physical_length
2025-09-02 13:50:10.335 | INFO     | Pendulum.PendulumAPP:_processSerialData:120 - 📏 串口长度数据已更新: L19.223007 -> physical_length=19.223007
2025-09-02 13:50:10.336 | INFO     | Pendulum.PendulumAPP:_processSerialData:121 - 🔄 数据来源: 串口接收 -> PendulumState.physical_length
2025-09-02 13:50:10.383 | INFO     | Pendulum.PendulumAPP:_processSerialData:120 - 📏 串口长度数据已更新: L19.223007 -> physical_length=19.223007
2025-09-02 13:50:10.383 | INFO     | Pendulum.PendulumAPP:_processSerialData:121 - 🔄 数据来源: 串口接收 -> PendulumState.physical_length
2025-09-02 13:50:10.420 | INFO     | Pendulum.PendulumAPP:_processSerialData:120 - 📏 串口长度数据已更新: L19.223007 -> physical_length=19.223007
2025-09-02 13:50:10.420 | INFO     | Pendulum.PendulumAPP:_processSerialData:121 - 🔄 数据来源: 串口接收 -> PendulumState.physical_length
2025-09-02 13:50:10.466 | INFO     | Pendulum.PendulumAPP:_processSerialData:120 - 📏 串口长度数据已更新: L19.223007 -> physical_length=19.223007
2025-09-02 13:50:10.466 | INFO     | Pendulum.PendulumAPP:_processSerialData:121 - 🔄 数据来源: 串口接收 -> PendulumState.physical_length
2025-09-02 13:50:10.495 | INFO     | Pendulum.PendulumAPP:_processSerialData:120 - 📏 串口长度数据已更新: L19.223007 -> physical_length=19.223007
2025-09-02 13:50:10.495 | INFO     | Pendulum.PendulumAPP:_processSerialData:121 - 🔄 数据来源: 串口接收 -> PendulumState.physical_length
2025-09-02 13:50:10.546 | INFO     | Pendulum.PendulumAPP:_processSerialData:120 - 📏 串口长度数据已更新: L19.223007 -> physical_length=19.223007
2025-09-02 13:50:10.547 | INFO     | Pendulum.PendulumAPP:_processSerialData:121 - 🔄 数据来源: 串口接收 -> PendulumState.physical_length
2025-09-02 13:50:10.575 | INFO     | Pendulum.PendulumAPP:_processSerialData:120 - 📏 串口长度数据已更新: L19.223007 -> physical_length=19.223007
2025-09-02 13:50:10.575 | INFO     | Pendulum.PendulumAPP:_processSerialData:121 - 🔄 数据来源: 串口接收 -> PendulumState.physical_length
2025-09-02 13:50:10.623 | INFO     | Pendulum.PendulumAPP:_processSerialData:120 - 📏 串口长度数据已更新: L19.223007 -> physical_length=19.223007
2025-09-02 13:50:10.623 | INFO     | Pendulum.PendulumAPP:_processSerialData:121 - 🔄 数据来源: 串口接收 -> PendulumState.physical_length
2025-09-02 13:50:10.661 | INFO     | Pendulum.PendulumAPP:_processSerialData:120 - 📏 串口长度数据已更新: L19.223007 -> physical_length=19.223007
2025-09-02 13:50:10.661 | INFO     | Pendulum.PendulumAPP:_processSerialData:121 - 🔄 数据来源: 串口接收 -> PendulumState.physical_length
2025-09-02 13:50:10.707 | INFO     | Pendulum.PendulumAPP:_processSerialData:120 - 📏 串口长度数据已更新: L19.223007 -> physical_length=19.223007
2025-09-02 13:50:10.707 | INFO     | Pendulum.PendulumAPP:_processSerialData:121 - 🔄 数据来源: 串口接收 -> PendulumState.physical_length
2025-09-02 13:50:10.736 | INFO     | Pendulum.PendulumAPP:_processSerialData:120 - 📏 串口长度数据已更新: L19.223007 -> physical_length=19.223007
2025-09-02 13:50:10.737 | INFO     | Pendulum.PendulumAPP:_processSerialData:121 - 🔄 数据来源: 串口接收 -> PendulumState.physical_length
2025-09-02 13:50:10.783 | INFO     | Pendulum.PendulumAPP:_processSerialData:120 - 📏 串口长度数据已更新: L19.223007 -> physical_length=19.223007
2025-09-02 13:50:10.784 | INFO     | Pendulum.PendulumAPP:_processSerialData:121 - 🔄 数据来源: 串口接收 -> PendulumState.physical_length
2025-09-02 13:50:10.817 | INFO     | Pendulum.PendulumAPP:_processSerialData:120 - 📏 串口长度数据已更新: L19.223007 -> physical_length=19.223007
2025-09-02 13:50:10.818 | INFO     | Pendulum.PendulumAPP:_processSerialData:121 - 🔄 数据来源: 串口接收 -> PendulumState.physical_length
2025-09-02 13:50:10.860 | INFO     | Pendulum.PendulumAPP:_processSerialData:120 - 📏 串口长度数据已更新: L19.223007 -> physical_length=19.223007
2025-09-02 13:50:10.861 | INFO     | Pendulum.PendulumAPP:_processSerialData:121 - 🔄 数据来源: 串口接收 -> PendulumState.physical_length
2025-09-02 13:50:10.893 | INFO     | Pendulum.PendulumAPP:_processSerialData:120 - 📏 串口长度数据已更新: L19.223007 -> physical_length=19.223007
2025-09-02 13:50:10.894 | INFO     | Pendulum.PendulumAPP:_processSerialData:121 - 🔄 数据来源: 串口接收 -> PendulumState.physical_length
2025-09-02 13:50:10.943 | INFO     | Pendulum.PendulumAPP:_processSerialData:120 - 📏 串口长度数据已更新: L19.223007 -> physical_length=19.223007
2025-09-02 13:50:10.944 | INFO     | Pendulum.PendulumAPP:_processSerialData:121 - 🔄 数据来源: 串口接收 -> PendulumState.physical_length
2025-09-02 13:50:10.974 | INFO     | Pendulum.PendulumAPP:_processSerialData:120 - 📏 串口长度数据已更新: L19.223007 -> physical_length=19.223007
2025-09-02 13:50:10.975 | INFO     | Pendulum.PendulumAPP:_processSerialData:121 - 🔄 数据来源: 串口接收 -> PendulumState.physical_length
2025-09-02 13:50:11.026 | INFO     | Pendulum.PendulumAPP:_processSerialData:120 - 📏 串口长度数据已更新: L19.223007 -> physical_length=19.223007
2025-09-02 13:50:11.026 | INFO     | Pendulum.PendulumAPP:_processSerialData:121 - 🔄 数据来源: 串口接收 -> PendulumState.physical_length
2025-09-02 13:50:11.055 | INFO     | Pendulum.PendulumAPP:_processSerialData:120 - 📏 串口长度数据已更新: L19.223007 -> physical_length=19.223007
2025-09-02 13:50:11.056 | INFO     | Pendulum.PendulumAPP:_processSerialData:121 - 🔄 数据来源: 串口接收 -> PendulumState.physical_length
2025-09-02 13:50:11.104 | INFO     | Pendulum.PendulumAPP:_processSerialData:120 - 📏 串口长度数据已更新: L19.223007 -> physical_length=19.223007
2025-09-02 13:50:11.106 | INFO     | Pendulum.PendulumAPP:_processSerialData:121 - 🔄 数据来源: 串口接收 -> PendulumState.physical_length
2025-09-02 13:50:11.140 | INFO     | Pendulum.PendulumAPP:_processSerialData:120 - 📏 串口长度数据已更新: L19.223007 -> physical_length=19.223007
2025-09-02 13:50:11.140 | INFO     | Pendulum.PendulumAPP:_processSerialData:121 - 🔄 数据来源: 串口接收 -> PendulumState.physical_length
2025-09-02 13:50:11.183 | INFO     | Pendulum.PendulumAPP:_processSerialData:120 - 📏 串口长度数据已更新: L19.223007 -> physical_length=19.223007
2025-09-02 13:50:11.183 | INFO     | Pendulum.PendulumAPP:_processSerialData:121 - 🔄 数据来源: 串口接收 -> PendulumState.physical_length
2025-09-02 13:50:11.212 | INFO     | Pendulum.PendulumAPP:_processSerialData:120 - 📏 串口长度数据已更新: L19.223007 -> physical_length=19.223007
2025-09-02 13:50:11.213 | INFO     | Pendulum.PendulumAPP:_processSerialData:121 - 🔄 数据来源: 串口接收 -> PendulumState.physical_length
2025-09-02 13:50:11.263 | INFO     | Pendulum.PendulumAPP:_processSerialData:120 - 📏 串口长度数据已更新: L19.223007 -> physical_length=19.223007
2025-09-02 13:50:11.265 | INFO     | Pendulum.PendulumAPP:_processSerialData:121 - 🔄 数据来源: 串口接收 -> PendulumState.physical_length
2025-09-02 13:50:11.298 | INFO     | Pendulum.PendulumAPP:_processSerialData:120 - 📏 串口长度数据已更新: L19.223007 -> physical_length=19.223007
2025-09-02 13:50:11.298 | INFO     | Pendulum.PendulumAPP:_processSerialData:121 - 🔄 数据来源: 串口接收 -> PendulumState.physical_length
2025-09-02 13:50:11.340 | INFO     | Pendulum.PendulumAPP:_processSerialData:120 - 📏 串口长度数据已更新: L19.223007 -> physical_length=19.223007
2025-09-02 13:50:11.342 | INFO     | Pendulum.PendulumAPP:_processSerialData:121 - 🔄 数据来源: 串口接收 -> PendulumState.physical_length
2025-09-02 13:50:11.375 | INFO     | Pendulum.PendulumAPP:_processSerialData:120 - 📏 串口长度数据已更新: L19.223007 -> physical_length=19.223007
2025-09-02 13:50:11.375 | INFO     | Pendulum.PendulumAPP:_processSerialData:121 - 🔄 数据来源: 串口接收 -> PendulumState.physical_length
2025-09-02 13:50:11.426 | INFO     | Pendulum.PendulumAPP:_processSerialData:120 - 📏 串口长度数据已更新: L19.223007 -> physical_length=19.223007
2025-09-02 13:50:11.426 | INFO     | Pendulum.PendulumAPP:_processSerialData:121 - 🔄 数据来源: 串口接收 -> PendulumState.physical_length
2025-09-02 13:50:11.459 | INFO     | Pendulum.PendulumAPP:_processSerialData:120 - 📏 串口长度数据已更新: L19.223007 -> physical_length=19.223007
2025-09-02 13:50:11.459 | INFO     | Pendulum.PendulumAPP:_processSerialData:121 - 🔄 数据来源: 串口接收 -> PendulumState.physical_length
2025-09-02 13:50:11.504 | INFO     | Pendulum.PendulumAPP:_processSerialData:120 - 📏 串口长度数据已更新: L19.223007 -> physical_length=19.223007
2025-09-02 13:50:11.504 | INFO     | Pendulum.PendulumAPP:_processSerialData:121 - 🔄 数据来源: 串口接收 -> PendulumState.physical_length
2025-09-02 13:50:11.538 | INFO     | Pendulum.PendulumAPP:_processSerialData:120 - 📏 串口长度数据已更新: L19.223007 -> physical_length=19.223007
2025-09-02 13:50:11.539 | INFO     | Pendulum.PendulumAPP:_processSerialData:121 - 🔄 数据来源: 串口接收 -> PendulumState.physical_length
2025-09-02 13:50:11.582 | INFO     | Pendulum.PendulumAPP:_processSerialData:120 - 📏 串口长度数据已更新: L19.223007 -> physical_length=19.223007
2025-09-02 13:50:11.584 | INFO     | Pendulum.PendulumAPP:_processSerialData:121 - 🔄 数据来源: 串口接收 -> PendulumState.physical_length
2025-09-02 13:50:11.613 | INFO     | Pendulum.PendulumAPP:_processSerialData:120 - 📏 串口长度数据已更新: L19.223007 -> physical_length=19.223007
2025-09-02 13:50:11.615 | INFO     | Pendulum.PendulumAPP:_processSerialData:121 - 🔄 数据来源: 串口接收 -> PendulumState.physical_length
2025-09-02 13:50:11.670 | INFO     | Pendulum.PendulumAPP:_processSerialData:120 - 📏 串口长度数据已更新: L19.223007 -> physical_length=19.223007
2025-09-02 13:50:11.670 | INFO     | Pendulum.PendulumAPP:_processSerialData:121 - 🔄 数据来源: 串口接收 -> PendulumState.physical_length
2025-09-02 13:50:11.699 | INFO     | Pendulum.PendulumAPP:_processSerialData:120 - 📏 串口长度数据已更新: L19.223007 -> physical_length=19.223007
2025-09-02 13:50:11.699 | INFO     | Pendulum.PendulumAPP:_processSerialData:121 - 🔄 数据来源: 串口接收 -> PendulumState.physical_length
2025-09-02 13:50:11.744 | INFO     | Pendulum.PendulumAPP:_processSerialData:120 - 📏 串口长度数据已更新: L19.223007 -> physical_length=19.223007
2025-09-02 13:50:11.744 | INFO     | Pendulum.PendulumAPP:_processSerialData:121 - 🔄 数据来源: 串口接收 -> PendulumState.physical_length
2025-09-02 13:50:11.773 | INFO     | Pendulum.PendulumAPP:_processSerialData:120 - 📏 串口长度数据已更新: L19.223007 -> physical_length=19.223007
2025-09-02 13:50:11.774 | INFO     | Pendulum.PendulumAPP:_processSerialData:121 - 🔄 数据来源: 串口接收 -> PendulumState.physical_length
2025-09-02 13:50:11.828 | INFO     | Pendulum.PendulumAPP:_processSerialData:120 - 📏 串口长度数据已更新: L19.223007 -> physical_length=19.223007
2025-09-02 13:50:11.828 | INFO     | Pendulum.PendulumAPP:_processSerialData:121 - 🔄 数据来源: 串口接收 -> PendulumState.physical_length
2025-09-02 13:50:11.856 | INFO     | Pendulum.PendulumAPP:_processSerialData:120 - 📏 串口长度数据已更新: L19.223007 -> physical_length=19.223007
2025-09-02 13:50:11.856 | INFO     | Pendulum.PendulumAPP:_processSerialData:121 - 🔄 数据来源: 串口接收 -> PendulumState.physical_length
2025-09-02 13:50:11.908 | INFO     | Pendulum.PendulumAPP:_processSerialData:120 - 📏 串口长度数据已更新: L19.223007 -> physical_length=19.223007
2025-09-02 13:50:11.908 | INFO     | Pendulum.PendulumAPP:_processSerialData:121 - 🔄 数据来源: 串口接收 -> PendulumState.physical_length
2025-09-02 13:50:11.934 | INFO     | Pendulum.PendulumAPP:_processSerialData:120 - 📏 串口长度数据已更新: L19.223007 -> physical_length=19.223007
2025-09-02 13:50:11.936 | INFO     | Pendulum.PendulumAPP:_processSerialData:121 - 🔄 数据来源: 串口接收 -> PendulumState.physical_length
2025-09-02 13:50:11.986 | INFO     | Pendulum.PendulumAPP:_processSerialData:120 - 📏 串口长度数据已更新: L19.223007 -> physical_length=19.223007
2025-09-02 13:50:11.987 | INFO     | Pendulum.PendulumAPP:_processSerialData:121 - 🔄 数据来源: 串口接收 -> PendulumState.physical_length
2025-09-02 13:50:12.023 | INFO     | Pendulum.PendulumAPP:_processSerialData:120 - 📏 串口长度数据已更新: L19.223007 -> physical_length=19.223007
2025-09-02 13:50:12.023 | INFO     | Pendulum.PendulumAPP:_processSerialData:121 - 🔄 数据来源: 串口接收 -> PendulumState.physical_length
2025-09-02 13:50:12.067 | INFO     | Pendulum.PendulumAPP:_processSerialData:120 - 📏 串口长度数据已更新: L19.223007 -> physical_length=19.223007
2025-09-02 13:50:12.067 | INFO     | Pendulum.PendulumAPP:_processSerialData:121 - 🔄 数据来源: 串口接收 -> PendulumState.physical_length
2025-09-02 13:50:12.095 | INFO     | Pendulum.PendulumAPP:_processSerialData:120 - 📏 串口长度数据已更新: L19.223007 -> physical_length=19.223007
2025-09-02 13:50:12.095 | INFO     | Pendulum.PendulumAPP:_processSerialData:121 - 🔄 数据来源: 串口接收 -> PendulumState.physical_length
2025-09-02 13:50:12.148 | INFO     | Pendulum.PendulumAPP:_processSerialData:120 - 📏 串口长度数据已更新: L19.223007 -> physical_length=19.223007
2025-09-02 13:50:12.149 | INFO     | Pendulum.PendulumAPP:_processSerialData:121 - 🔄 数据来源: 串口接收 -> PendulumState.physical_length
2025-09-02 13:50:12.175 | INFO     | Pendulum.PendulumAPP:_processSerialData:120 - 📏 串口长度数据已更新: L19.223007 -> physical_length=19.223007
2025-09-02 13:50:12.175 | INFO     | Pendulum.PendulumAPP:_processSerialData:121 - 🔄 数据来源: 串口接收 -> PendulumState.physical_length
2025-09-02 13:50:12.224 | INFO     | Pendulum.PendulumAPP:_processSerialData:120 - 📏 串口长度数据已更新: L19.223007 -> physical_length=19.223007
2025-09-02 13:50:12.225 | INFO     | Pendulum.PendulumAPP:_processSerialData:121 - 🔄 数据来源: 串口接收 -> PendulumState.physical_length
2025-09-02 13:50:12.258 | INFO     | Pendulum.PendulumAPP:_keyEventWeb:246 - ↓
2025-09-02 13:50:12.259 | INFO     | Pendulum.SerialConncet:send:199 - sendm1
2025-09-02 13:50:12.260 | INFO     | Pendulum.SerialConncet:send:201 - [发送] m1
2025-09-02 13:50:12.262 | INFO     | Pendulum.PendulumAPP:_processSerialData:120 - 📏 串口长度数据已更新: L19.223007 -> physical_length=19.223007
2025-09-02 13:50:12.262 | INFO     | Pendulum.PendulumAPP:_processSerialData:121 - 🔄 数据来源: 串口接收 -> PendulumState.physical_length
2025-09-02 13:50:12.282 | INFO     | Pendulum.SerialConncet:_run:176 - [接收] L19.248528
2025-09-02 13:50:12.299 | INFO     | Pendulum.PendulumAPP:_processSerialData:120 - 📏 串口长度数据已更新: L19.248528 -> physical_length=19.248528
2025-09-02 13:50:12.301 | INFO     | Pendulum.PendulumAPP:_processSerialData:121 - 🔄 数据来源: 串口接收 -> PendulumState.physical_length
2025-09-02 13:50:12.304 | INFO     | Pendulum.SerialConncet:_run:176 - [接收] L19.274050
2025-09-02 13:50:12.324 | INFO     | Pendulum.SerialConncet:_run:176 - [接收] L19.299572
2025-09-02 13:50:12.336 | INFO     | Pendulum.PendulumAPP:_processSerialData:120 - 📏 串口长度数据已更新: L19.299572 -> physical_length=19.299572
2025-09-02 13:50:12.336 | INFO     | Pendulum.PendulumAPP:_processSerialData:121 - 🔄 数据来源: 串口接收 -> PendulumState.physical_length
2025-09-02 13:50:12.345 | INFO     | Pendulum.SerialConncet:_run:176 - [接收] L19.325090
2025-09-02 13:50:12.368 | INFO     | Pendulum.SerialConncet:_run:176 - [接收] L19.350613
2025-09-02 13:50:12.386 | INFO     | Pendulum.SerialConncet:_run:176 - [接收] L19.376135
2025-09-02 13:50:12.388 | INFO     | Pendulum.PendulumAPP:_processSerialData:120 - 📏 串口长度数据已更新: L19.376135 -> physical_length=19.376135
2025-09-02 13:50:12.388 | INFO     | Pendulum.PendulumAPP:_processSerialData:121 - 🔄 数据来源: 串口接收 -> PendulumState.physical_length
2025-09-02 13:50:12.409 | INFO     | Pendulum.SerialConncet:_run:176 - [接收] L19.401655
2025-09-02 13:50:12.417 | INFO     | Pendulum.PendulumAPP:_processSerialData:120 - 📏 串口长度数据已更新: L19.401655 -> physical_length=19.401655
2025-09-02 13:50:12.418 | INFO     | Pendulum.PendulumAPP:_processSerialData:121 - 🔄 数据来源: 串口接收 -> PendulumState.physical_length
2025-09-02 13:50:12.429 | INFO     | Pendulum.SerialConncet:_run:176 - [接收] L19.427176
2025-09-02 13:50:12.449 | INFO     | Pendulum.SerialConncet:_run:176 - [接收] L19.452698
2025-09-02 13:50:12.466 | INFO     | Pendulum.PendulumAPP:_processSerialData:120 - 📏 串口长度数据已更新: L19.452698 -> physical_length=19.452698
2025-09-02 13:50:12.466 | INFO     | Pendulum.PendulumAPP:_processSerialData:121 - 🔄 数据来源: 串口接收 -> PendulumState.physical_length
2025-09-02 13:50:12.470 | INFO     | Pendulum.SerialConncet:_run:176 - [接收] L19.478218
2025-09-02 13:50:12.495 | INFO     | Pendulum.PendulumAPP:_processSerialData:120 - 📏 串口长度数据已更新: L19.478218 -> physical_length=19.478218
2025-09-02 13:50:12.497 | INFO     | Pendulum.PendulumAPP:_processSerialData:121 - 🔄 数据来源: 串口接收 -> PendulumState.physical_length
2025-09-02 13:50:12.500 | INFO     | Pendulum.SerialConncet:_run:176 - [接收] L19.503738
2025-09-02 13:50:12.512 | INFO     | Pendulum.SerialConncet:_run:176 - [接收] L19.529259
2025-09-02 13:50:12.533 | INFO     | Pendulum.SerialConncet:_run:176 - [接收] L19.554781
2025-09-02 13:50:12.547 | INFO     | Pendulum.PendulumAPP:_processSerialData:120 - 📏 串口长度数据已更新: L19.554781 -> physical_length=19.554781
2025-09-02 13:50:12.548 | INFO     | Pendulum.PendulumAPP:_processSerialData:121 - 🔄 数据来源: 串口接收 -> PendulumState.physical_length
2025-09-02 13:50:12.555 | INFO     | Pendulum.SerialConncet:_run:176 - [接收] L19.580303
2025-09-02 13:50:12.576 | INFO     | Pendulum.SerialConncet:_run:176 - [接收] L19.605822
2025-09-02 13:50:12.578 | INFO     | Pendulum.PendulumAPP:_processSerialData:120 - 📏 串口长度数据已更新: L19.605822 -> physical_length=19.605822
2025-09-02 13:50:12.578 | INFO     | Pendulum.PendulumAPP:_processSerialData:121 - 🔄 数据来源: 串口接收 -> PendulumState.physical_length
2025-09-02 13:50:12.596 | INFO     | Pendulum.SerialConncet:_run:176 - [接收] L19.631344
2025-09-02 13:50:12.624 | INFO     | Pendulum.SerialConncet:_run:176 - [接收] L19.656864
2025-09-02 13:50:12.624 | INFO     | Pendulum.PendulumAPP:_processSerialData:120 - 📏 串口长度数据已更新: L19.631344 -> physical_length=19.631344
2025-09-02 13:50:12.625 | INFO     | Pendulum.PendulumAPP:_processSerialData:121 - 🔄 数据来源: 串口接收 -> PendulumState.physical_length
2025-09-02 13:50:12.639 | INFO     | Pendulum.SerialConncet:_run:176 - [接收] L19.682386
2025-09-02 13:50:12.659 | INFO     | Pendulum.SerialConncet:_run:176 - [接收] L19.707907
2025-09-02 13:50:12.661 | INFO     | Pendulum.PendulumAPP:_processSerialData:120 - 📏 串口长度数据已更新: L19.707907 -> physical_length=19.707907
2025-09-02 13:50:12.661 | INFO     | Pendulum.PendulumAPP:_processSerialData:121 - 🔄 数据来源: 串口接收 -> PendulumState.physical_length
2025-09-02 13:50:12.680 | INFO     | Pendulum.SerialConncet:_run:176 - [接收] L19.733427
2025-09-02 13:50:12.701 | INFO     | Pendulum.SerialConncet:_run:176 - [接收] L19.758949
2025-09-02 13:50:12.707 | INFO     | Pendulum.PendulumAPP:_processSerialData:120 - 📏 串口长度数据已更新: L19.758949 -> physical_length=19.758949
2025-09-02 13:50:12.708 | INFO     | Pendulum.PendulumAPP:_processSerialData:121 - 🔄 数据来源: 串口接收 -> PendulumState.physical_length
2025-09-02 13:50:12.722 | INFO     | Pendulum.SerialConncet:_run:176 - [接收] L19.784470
2025-09-02 13:50:12.736 | INFO     | Pendulum.PendulumAPP:_processSerialData:120 - 📏 串口长度数据已更新: L19.784470 -> physical_length=19.784470
2025-09-02 13:50:12.736 | INFO     | Pendulum.PendulumAPP:_processSerialData:121 - 🔄 数据来源: 串口接收 -> PendulumState.physical_length
2025-09-02 13:50:12.743 | INFO     | Pendulum.SerialConncet:_run:176 - [接收] L19.809990
2025-09-02 13:50:12.767 | INFO     | Pendulum.SerialConncet:_run:176 - [接收] L19.835512
2025-09-02 13:50:12.785 | INFO     | Pendulum.SerialConncet:_run:176 - [接收] L19.861034
2025-09-02 13:50:12.787 | INFO     | Pendulum.PendulumAPP:_processSerialData:120 - 📏 串口长度数据已更新: L19.861034 -> physical_length=19.861034
2025-09-02 13:50:12.787 | INFO     | Pendulum.PendulumAPP:_processSerialData:121 - 🔄 数据来源: 串口接收 -> PendulumState.physical_length
2025-09-02 13:50:12.806 | INFO     | Pendulum.SerialConncet:_run:176 - [接收] L19.886553
2025-09-02 13:50:12.818 | INFO     | Pendulum.PendulumAPP:_processSerialData:120 - 📏 串口长度数据已更新: L19.886553 -> physical_length=19.886553
2025-09-02 13:50:12.819 | INFO     | Pendulum.PendulumAPP:_processSerialData:121 - 🔄 数据来源: 串口接收 -> PendulumState.physical_length
2025-09-02 13:50:12.826 | INFO     | Pendulum.SerialConncet:_run:176 - [接收] L19.912075
2025-09-02 13:50:12.847 | INFO     | Pendulum.SerialConncet:_run:176 - [接收] L19.937595
2025-09-02 13:50:12.868 | INFO     | Pendulum.PendulumAPP:_processSerialData:120 - 📏 串口长度数据已更新: L19.937595 -> physical_length=19.937595
2025-09-02 13:50:12.868 | INFO     | Pendulum.PendulumAPP:_processSerialData:121 - 🔄 数据来源: 串口接收 -> PendulumState.physical_length
2025-09-02 13:50:12.869 | INFO     | Pendulum.SerialConncet:_run:176 - [接收] L19.963118
2025-09-02 13:50:12.890 | INFO     | Pendulum.SerialConncet:_run:176 - [接收] L19.988638
2025-09-02 13:50:12.895 | INFO     | Pendulum.PendulumAPP:_processSerialData:120 - 📏 串口长度数据已更新: L19.988638 -> physical_length=19.988638
2025-09-02 13:50:12.895 | INFO     | Pendulum.PendulumAPP:_processSerialData:121 - 🔄 数据来源: 串口接收 -> PendulumState.physical_length
2025-09-02 13:50:12.910 | INFO     | Pendulum.SerialConncet:_run:176 - [接收] L20.014158
2025-09-02 13:50:12.931 | INFO     | Pendulum.SerialConncet:_run:176 - [接收] L20.039680
2025-09-02 13:50:12.953 | INFO     | Pendulum.SerialConncet:_run:176 - [接收] L20.065201
2025-09-02 13:50:12.963 | INFO     | Pendulum.PendulumAPP:_processSerialData:120 - 📏 串口长度数据已更新: L20.065201 -> physical_length=20.065201
2025-09-02 13:50:12.965 | INFO     | Pendulum.PendulumAPP:_processSerialData:121 - 🔄 数据来源: 串口接收 -> PendulumState.physical_length
2025-09-02 13:50:12.973 | INFO     | Pendulum.SerialConncet:_run:176 - [接收] L20.090721
2025-09-02 13:50:12.986 | INFO     | Pendulum.PendulumAPP:_processSerialData:120 - 📏 串口长度数据已更新: L20.090721 -> physical_length=20.090721
2025-09-02 13:50:12.987 | INFO     | Pendulum.PendulumAPP:_processSerialData:121 - 🔄 数据来源: 串口接收 -> PendulumState.physical_length
2025-09-02 13:50:12.994 | INFO     | Pendulum.SerialConncet:_run:176 - [接收] L20.116243
2025-09-02 13:50:13.016 | INFO     | Pendulum.SerialConncet:_run:176 - [接收] L20.141764
2025-09-02 13:50:13.025 | INFO     | Pendulum.PendulumAPP:_processSerialData:120 - 📏 串口长度数据已更新: L20.141764 -> physical_length=20.141764
2025-09-02 13:50:13.025 | INFO     | Pendulum.PendulumAPP:_processSerialData:121 - 🔄 数据来源: 串口接收 -> PendulumState.physical_length
2025-09-02 13:50:13.038 | INFO     | Pendulum.SerialConncet:_run:176 - [接收] L20.167284
2025-09-02 13:50:13.053 | INFO     | Pendulum.PendulumAPP:_processSerialData:120 - 📏 串口长度数据已更新: L20.167284 -> physical_length=20.167284
2025-09-02 13:50:13.054 | INFO     | Pendulum.PendulumAPP:_processSerialData:121 - 🔄 数据来源: 串口接收 -> PendulumState.physical_length
2025-09-02 13:50:13.068 | INFO     | Pendulum.SerialConncet:_run:176 - [接收] L20.192806
2025-09-02 13:50:13.078 | INFO     | Pendulum.SerialConncet:_run:176 - [接收] L20.218327
2025-09-02 13:50:13.103 | INFO     | Pendulum.SerialConncet:_run:176 - [接收] L20.243849
2025-09-02 13:50:13.110 | INFO     | Pendulum.PendulumAPP:_processSerialData:120 - 📏 串口长度数据已更新: L20.243849 -> physical_length=20.243849
2025-09-02 13:50:13.110 | INFO     | Pendulum.PendulumAPP:_processSerialData:121 - 🔄 数据来源: 串口接收 -> PendulumState.physical_length
2025-09-02 13:50:13.119 | INFO     | Pendulum.SerialConncet:_run:176 - [接收] L20.269369
2025-09-02 13:50:13.138 | INFO     | Pendulum.PendulumAPP:_processSerialData:120 - 📏 串口长度数据已更新: L20.269369 -> physical_length=20.269369
2025-09-02 13:50:13.138 | INFO     | Pendulum.PendulumAPP:_processSerialData:121 - 🔄 数据来源: 串口接收 -> PendulumState.physical_length
2025-09-02 13:50:13.141 | INFO     | Pendulum.SerialConncet:_run:176 - [接收] L20.294889
2025-09-02 13:50:13.161 | INFO     | Pendulum.SerialConncet:_run:176 - [接收] L20.320412
2025-09-02 13:50:13.183 | INFO     | Pendulum.PendulumAPP:_processSerialData:120 - 📏 串口长度数据已更新: L20.320412 -> physical_length=20.320412
2025-09-02 13:50:13.184 | INFO     | Pendulum.PendulumAPP:_processSerialData:121 - 🔄 数据来源: 串口接收 -> PendulumState.physical_length
2025-09-02 13:50:13.184 | INFO     | Pendulum.SerialConncet:_run:176 - [接收] L20.345932
2025-09-02 13:50:13.204 | INFO     | Pendulum.SerialConncet:_run:176 - [接收] L20.371452
2025-09-02 13:50:13.220 | INFO     | Pendulum.PendulumAPP:_processSerialData:120 - 📏 串口长度数据已更新: L20.371452 -> physical_length=20.371452
2025-09-02 13:50:13.220 | INFO     | Pendulum.PendulumAPP:_processSerialData:121 - 🔄 数据来源: 串口接收 -> PendulumState.physical_length
2025-09-02 13:50:13.224 | INFO     | Pendulum.SerialConncet:_run:176 - [接收] L20.396975
2025-09-02 13:50:13.246 | INFO     | Pendulum.SerialConncet:_run:176 - [接收] L20.422495
2025-09-02 13:50:13.267 | INFO     | Pendulum.SerialConncet:_run:176 - [接收] L20.448015
2025-09-02 13:50:13.269 | INFO     | Pendulum.PendulumAPP:_processSerialData:120 - 📏 串口长度数据已更新: L20.448015 -> physical_length=20.448015
2025-09-02 13:50:13.269 | INFO     | Pendulum.PendulumAPP:_processSerialData:121 - 🔄 数据来源: 串口接收 -> PendulumState.physical_length
2025-09-02 13:50:13.288 | INFO     | Pendulum.SerialConncet:_run:176 - [接收] L20.473536
2025-09-02 13:50:13.294 | INFO     | Pendulum.PendulumAPP:_keyEventWeb:249 - stop
2025-09-02 13:50:13.296 | INFO     | Pendulum.SerialConncet:send:199 - sendm0
2025-09-02 13:50:13.297 | INFO     | Pendulum.SerialConncet:send:201 - [发送] m0
2025-09-02 13:50:13.300 | INFO     | Pendulum.PendulumAPP:_processSerialData:120 - 📏 串口长度数据已更新: L20.473536 -> physical_length=20.473536
2025-09-02 13:50:13.300 | INFO     | Pendulum.PendulumAPP:_processSerialData:121 - 🔄 数据来源: 串口接收 -> PendulumState.physical_length
2025-09-02 13:50:13.307 | INFO     | Pendulum.SerialConncet:_run:176 - [接收] L20.499058
2025-09-02 13:50:13.347 | INFO     | Pendulum.PendulumAPP:_processSerialData:120 - 📏 串口长度数据已更新: L20.499058 -> physical_length=20.499058
2025-09-02 13:50:13.348 | INFO     | Pendulum.PendulumAPP:_processSerialData:121 - 🔄 数据来源: 串口接收 -> PendulumState.physical_length
2025-09-02 13:50:13.376 | INFO     | Pendulum.PendulumAPP:_processSerialData:120 - 📏 串口长度数据已更新: L20.499058 -> physical_length=20.499058
2025-09-02 13:50:13.376 | INFO     | Pendulum.PendulumAPP:_processSerialData:121 - 🔄 数据来源: 串口接收 -> PendulumState.physical_length
2025-09-02 13:50:13.424 | INFO     | Pendulum.PendulumAPP:_processSerialData:120 - 📏 串口长度数据已更新: L20.499058 -> physical_length=20.499058
2025-09-02 13:50:13.425 | INFO     | Pendulum.PendulumAPP:_processSerialData:121 - 🔄 数据来源: 串口接收 -> PendulumState.physical_length
2025-09-02 13:50:13.454 | INFO     | Pendulum.PendulumAPP:_processSerialData:120 - 📏 串口长度数据已更新: L20.499058 -> physical_length=20.499058
2025-09-02 13:50:13.454 | INFO     | Pendulum.PendulumAPP:_processSerialData:121 - 🔄 数据来源: 串口接收 -> PendulumState.physical_length
2025-09-02 13:50:13.503 | INFO     | Pendulum.PendulumAPP:_processSerialData:120 - 📏 串口长度数据已更新: L20.499058 -> physical_length=20.499058
2025-09-02 13:50:13.503 | INFO     | Pendulum.PendulumAPP:_processSerialData:121 - 🔄 数据来源: 串口接收 -> PendulumState.physical_length
2025-09-02 13:50:13.538 | INFO     | Pendulum.PendulumAPP:_processSerialData:120 - 📏 串口长度数据已更新: L20.499058 -> physical_length=20.499058
2025-09-02 13:50:13.539 | INFO     | Pendulum.PendulumAPP:_processSerialData:121 - 🔄 数据来源: 串口接收 -> PendulumState.physical_length
2025-09-02 13:50:13.584 | INFO     | Pendulum.PendulumAPP:_processSerialData:120 - 📏 串口长度数据已更新: L20.499058 -> physical_length=20.499058
2025-09-02 13:50:13.587 | INFO     | Pendulum.PendulumAPP:_processSerialData:121 - 🔄 数据来源: 串口接收 -> PendulumState.physical_length
2025-09-02 13:50:13.615 | INFO     | Pendulum.PendulumAPP:_processSerialData:120 - 📏 串口长度数据已更新: L20.499058 -> physical_length=20.499058
2025-09-02 13:50:13.617 | INFO     | Pendulum.PendulumAPP:_processSerialData:121 - 🔄 数据来源: 串口接收 -> PendulumState.physical_length
2025-09-02 13:50:13.667 | INFO     | Pendulum.PendulumAPP:_processSerialData:120 - 📏 串口长度数据已更新: L20.499058 -> physical_length=20.499058
2025-09-02 13:50:13.668 | INFO     | Pendulum.PendulumAPP:_processSerialData:121 - 🔄 数据来源: 串口接收 -> PendulumState.physical_length
2025-09-02 13:50:13.696 | INFO     | Pendulum.PendulumAPP:_processSerialData:120 - 📏 串口长度数据已更新: L20.499058 -> physical_length=20.499058
2025-09-02 13:50:13.697 | INFO     | Pendulum.PendulumAPP:_processSerialData:121 - 🔄 数据来源: 串口接收 -> PendulumState.physical_length
2025-09-02 13:50:13.748 | INFO     | Pendulum.PendulumAPP:_processSerialData:120 - 📏 串口长度数据已更新: L20.499058 -> physical_length=20.499058
2025-09-02 13:50:13.748 | INFO     | Pendulum.PendulumAPP:_processSerialData:121 - 🔄 数据来源: 串口接收 -> PendulumState.physical_length
2025-09-02 13:50:13.777 | INFO     | Pendulum.PendulumAPP:_processSerialData:120 - 📏 串口长度数据已更新: L20.499058 -> physical_length=20.499058
2025-09-02 13:50:13.777 | INFO     | Pendulum.PendulumAPP:_processSerialData:121 - 🔄 数据来源: 串口接收 -> PendulumState.physical_length
2025-09-02 13:50:13.823 | INFO     | Pendulum.PendulumAPP:_processSerialData:120 - 📏 串口长度数据已更新: L20.499058 -> physical_length=20.499058
2025-09-02 13:50:13.824 | INFO     | Pendulum.PendulumAPP:_processSerialData:121 - 🔄 数据来源: 串口接收 -> PendulumState.physical_length
2025-09-02 13:50:13.858 | INFO     | Pendulum.PendulumAPP:_processSerialData:120 - 📏 串口长度数据已更新: L20.499058 -> physical_length=20.499058
2025-09-02 13:50:13.858 | INFO     | Pendulum.PendulumAPP:_processSerialData:121 - 🔄 数据来源: 串口接收 -> PendulumState.physical_length
2025-09-02 13:50:13.904 | INFO     | Pendulum.PendulumAPP:_processSerialData:120 - 📏 串口长度数据已更新: L20.499058 -> physical_length=20.499058
2025-09-02 13:50:13.904 | INFO     | Pendulum.PendulumAPP:_processSerialData:121 - 🔄 数据来源: 串口接收 -> PendulumState.physical_length
2025-09-02 13:50:13.936 | INFO     | Pendulum.PendulumAPP:_processSerialData:120 - 📏 串口长度数据已更新: L20.499058 -> physical_length=20.499058
2025-09-02 13:50:13.937 | INFO     | Pendulum.PendulumAPP:_processSerialData:121 - 🔄 数据来源: 串口接收 -> PendulumState.physical_length
2025-09-02 13:50:13.989 | INFO     | Pendulum.PendulumAPP:_processSerialData:120 - 📏 串口长度数据已更新: L20.499058 -> physical_length=20.499058
2025-09-02 13:50:13.989 | INFO     | Pendulum.PendulumAPP:_processSerialData:121 - 🔄 数据来源: 串口接收 -> PendulumState.physical_length
2025-09-02 13:50:14.019 | INFO     | Pendulum.PendulumAPP:_processSerialData:120 - 📏 串口长度数据已更新: L20.499058 -> physical_length=20.499058
2025-09-02 13:50:14.019 | INFO     | Pendulum.PendulumAPP:_processSerialData:121 - 🔄 数据来源: 串口接收 -> PendulumState.physical_length
2025-09-02 13:50:14.060 | INFO     | Pendulum.PendulumAPP:_processSerialData:120 - 📏 串口长度数据已更新: L20.499058 -> physical_length=20.499058
2025-09-02 13:50:14.062 | INFO     | Pendulum.PendulumAPP:_processSerialData:121 - 🔄 数据来源: 串口接收 -> PendulumState.physical_length
2025-09-02 13:50:14.098 | INFO     | Pendulum.PendulumAPP:_processSerialData:120 - 📏 串口长度数据已更新: L20.499058 -> physical_length=20.499058
2025-09-02 13:50:14.099 | INFO     | Pendulum.PendulumAPP:_processSerialData:121 - 🔄 数据来源: 串口接收 -> PendulumState.physical_length
2025-09-02 13:50:14.143 | INFO     | Pendulum.PendulumAPP:_processSerialData:120 - 📏 串口长度数据已更新: L20.499058 -> physical_length=20.499058
2025-09-02 13:50:14.143 | INFO     | Pendulum.PendulumAPP:_processSerialData:121 - 🔄 数据来源: 串口接收 -> PendulumState.physical_length
2025-09-02 13:50:14.174 | INFO     | Pendulum.PendulumAPP:_processSerialData:120 - 📏 串口长度数据已更新: L20.499058 -> physical_length=20.499058
2025-09-02 13:50:14.175 | INFO     | Pendulum.PendulumAPP:_processSerialData:121 - 🔄 数据来源: 串口接收 -> PendulumState.physical_length
2025-09-02 13:50:14.227 | INFO     | Pendulum.PendulumAPP:_processSerialData:120 - 📏 串口长度数据已更新: L20.499058 -> physical_length=20.499058
2025-09-02 13:50:14.227 | INFO     | Pendulum.PendulumAPP:_processSerialData:121 - 🔄 数据来源: 串口接收 -> PendulumState.physical_length
2025-09-02 13:50:14.262 | INFO     | Pendulum.PendulumAPP:_processSerialData:120 - 📏 串口长度数据已更新: L20.499058 -> physical_length=20.499058
2025-09-02 13:50:14.262 | INFO     | Pendulum.PendulumAPP:_processSerialData:121 - 🔄 数据来源: 串口接收 -> PendulumState.physical_length
2025-09-02 13:50:14.305 | INFO     | Pendulum.PendulumAPP:_processSerialData:120 - 📏 串口长度数据已更新: L20.499058 -> physical_length=20.499058
2025-09-02 13:50:14.305 | INFO     | Pendulum.PendulumAPP:_processSerialData:121 - 🔄 数据来源: 串口接收 -> PendulumState.physical_length
2025-09-02 13:50:14.333 | INFO     | Pendulum.PendulumAPP:_processSerialData:120 - 📏 串口长度数据已更新: L20.499058 -> physical_length=20.499058
2025-09-02 13:50:14.333 | INFO     | Pendulum.PendulumAPP:_processSerialData:121 - 🔄 数据来源: 串口接收 -> PendulumState.physical_length
2025-09-02 13:50:14.383 | INFO     | Pendulum.PendulumAPP:_processSerialData:120 - 📏 串口长度数据已更新: L20.499058 -> physical_length=20.499058
2025-09-02 13:50:14.385 | INFO     | Pendulum.PendulumAPP:_processSerialData:121 - 🔄 数据来源: 串口接收 -> PendulumState.physical_length
2025-09-02 13:50:14.413 | INFO     | Pendulum.PendulumAPP:_processSerialData:120 - 📏 串口长度数据已更新: L20.499058 -> physical_length=20.499058
2025-09-02 13:50:14.414 | INFO     | Pendulum.PendulumAPP:_processSerialData:121 - 🔄 数据来源: 串口接收 -> PendulumState.physical_length
2025-09-02 13:50:14.463 | INFO     | Pendulum.PendulumAPP:_processSerialData:120 - 📏 串口长度数据已更新: L20.499058 -> physical_length=20.499058
2025-09-02 13:50:14.464 | INFO     | Pendulum.PendulumAPP:_processSerialData:121 - 🔄 数据来源: 串口接收 -> PendulumState.physical_length
2025-09-02 13:50:14.497 | INFO     | Pendulum.PendulumAPP:_processSerialData:120 - 📏 串口长度数据已更新: L20.499058 -> physical_length=20.499058
2025-09-02 13:50:14.497 | INFO     | Pendulum.PendulumAPP:_processSerialData:121 - 🔄 数据来源: 串口接收 -> PendulumState.physical_length
2025-09-02 13:50:14.540 | INFO     | Pendulum.PendulumAPP:_processSerialData:120 - 📏 串口长度数据已更新: L20.499058 -> physical_length=20.499058
2025-09-02 13:50:14.541 | INFO     | Pendulum.PendulumAPP:_processSerialData:121 - 🔄 数据来源: 串口接收 -> PendulumState.physical_length
2025-09-02 13:50:14.579 | INFO     | Pendulum.PendulumAPP:_processSerialData:120 - 📏 串口长度数据已更新: L20.499058 -> physical_length=20.499058
2025-09-02 13:50:14.579 | INFO     | Pendulum.PendulumAPP:_processSerialData:121 - 🔄 数据来源: 串口接收 -> PendulumState.physical_length
2025-09-02 13:50:14.624 | INFO     | Pendulum.PendulumAPP:_processSerialData:120 - 📏 串口长度数据已更新: L20.499058 -> physical_length=20.499058
2025-09-02 13:50:14.624 | INFO     | Pendulum.PendulumAPP:_processSerialData:121 - 🔄 数据来源: 串口接收 -> PendulumState.physical_length
2025-09-02 13:50:14.657 | INFO     | Pendulum.PendulumAPP:_processSerialData:120 - 📏 串口长度数据已更新: L20.499058 -> physical_length=20.499058
2025-09-02 13:50:14.658 | INFO     | Pendulum.PendulumAPP:_processSerialData:121 - 🔄 数据来源: 串口接收 -> PendulumState.physical_length
2025-09-02 13:50:14.708 | INFO     | Pendulum.PendulumAPP:_processSerialData:120 - 📏 串口长度数据已更新: L20.499058 -> physical_length=20.499058
2025-09-02 13:50:14.708 | INFO     | Pendulum.PendulumAPP:_processSerialData:121 - 🔄 数据来源: 串口接收 -> PendulumState.physical_length
2025-09-02 13:50:14.735 | INFO     | Pendulum.PendulumAPP:_processSerialData:120 - 📏 串口长度数据已更新: L20.499058 -> physical_length=20.499058
2025-09-02 13:50:14.735 | INFO     | Pendulum.PendulumAPP:_processSerialData:121 - 🔄 数据来源: 串口接收 -> PendulumState.physical_length
2025-09-02 13:50:14.783 | INFO     | Pendulum.PendulumAPP:_processSerialData:120 - 📏 串口长度数据已更新: L20.499058 -> physical_length=20.499058
2025-09-02 13:50:14.785 | INFO     | Pendulum.PendulumAPP:_processSerialData:121 - 🔄 数据来源: 串口接收 -> PendulumState.physical_length
2025-09-02 13:50:14.815 | INFO     | Pendulum.PendulumAPP:_processSerialData:120 - 📏 串口长度数据已更新: L20.499058 -> physical_length=20.499058
2025-09-02 13:50:14.816 | INFO     | Pendulum.PendulumAPP:_processSerialData:121 - 🔄 数据来源: 串口接收 -> PendulumState.physical_length
2025-09-02 13:50:14.862 | INFO     | Pendulum.PendulumAPP:_processSerialData:120 - 📏 串口长度数据已更新: L20.499058 -> physical_length=20.499058
2025-09-02 13:50:14.863 | INFO     | Pendulum.PendulumAPP:_processSerialData:121 - 🔄 数据来源: 串口接收 -> PendulumState.physical_length
2025-09-02 13:50:14.896 | INFO     | Pendulum.PendulumAPP:_processSerialData:120 - 📏 串口长度数据已更新: L20.499058 -> physical_length=20.499058
2025-09-02 13:50:14.896 | INFO     | Pendulum.PendulumAPP:_processSerialData:121 - 🔄 数据来源: 串口接收 -> PendulumState.physical_length
2025-09-02 13:50:14.950 | INFO     | Pendulum.PendulumAPP:_processSerialData:120 - 📏 串口长度数据已更新: L20.499058 -> physical_length=20.499058
2025-09-02 13:50:14.951 | INFO     | Pendulum.PendulumAPP:_processSerialData:121 - 🔄 数据来源: 串口接收 -> PendulumState.physical_length
2025-09-02 13:50:14.984 | INFO     | Pendulum.PendulumAPP:_processSerialData:120 - 📏 串口长度数据已更新: L20.499058 -> physical_length=20.499058
2025-09-02 13:50:14.984 | INFO     | Pendulum.PendulumAPP:_processSerialData:121 - 🔄 数据来源: 串口接收 -> PendulumState.physical_length
2025-09-02 13:50:15.024 | INFO     | Pendulum.PendulumAPP:_processSerialData:120 - 📏 串口长度数据已更新: L20.499058 -> physical_length=20.499058
2025-09-02 13:50:15.025 | INFO     | Pendulum.PendulumAPP:_processSerialData:121 - 🔄 数据来源: 串口接收 -> PendulumState.physical_length
2025-09-02 13:50:15.058 | INFO     | Pendulum.PendulumAPP:_processSerialData:120 - 📏 串口长度数据已更新: L20.499058 -> physical_length=20.499058
2025-09-02 13:50:15.059 | INFO     | Pendulum.PendulumAPP:_processSerialData:121 - 🔄 数据来源: 串口接收 -> PendulumState.physical_length
2025-09-02 13:50:15.107 | INFO     | Pendulum.PendulumAPP:_processSerialData:120 - 📏 串口长度数据已更新: L20.499058 -> physical_length=20.499058
2025-09-02 13:50:15.107 | INFO     | Pendulum.PendulumAPP:_processSerialData:121 - 🔄 数据来源: 串口接收 -> PendulumState.physical_length
2025-09-02 13:50:15.136 | INFO     | Pendulum.PendulumAPP:_processSerialData:120 - 📏 串口长度数据已更新: L20.499058 -> physical_length=20.499058
2025-09-02 13:50:15.136 | INFO     | Pendulum.PendulumAPP:_processSerialData:121 - 🔄 数据来源: 串口接收 -> PendulumState.physical_length
2025-09-02 13:50:15.191 | INFO     | Pendulum.PendulumAPP:_processSerialData:120 - 📏 串口长度数据已更新: L20.499058 -> physical_length=20.499058
2025-09-02 13:50:15.191 | INFO     | Pendulum.PendulumAPP:_processSerialData:121 - 🔄 数据来源: 串口接收 -> PendulumState.physical_length
2025-09-02 13:50:15.217 | INFO     | Pendulum.PendulumAPP:_processSerialData:120 - 📏 串口长度数据已更新: L20.499058 -> physical_length=20.499058
2025-09-02 13:50:15.218 | INFO     | Pendulum.PendulumAPP:_processSerialData:121 - 🔄 数据来源: 串口接收 -> PendulumState.physical_length
2025-09-02 13:50:15.270 | INFO     | Pendulum.PendulumAPP:_processSerialData:120 - 📏 串口长度数据已更新: L20.499058 -> physical_length=20.499058
2025-09-02 13:50:15.271 | INFO     | Pendulum.PendulumAPP:_processSerialData:121 - 🔄 数据来源: 串口接收 -> PendulumState.physical_length
2025-09-02 13:50:15.302 | INFO     | Pendulum.PendulumAPP:_processSerialData:120 - 📏 串口长度数据已更新: L20.499058 -> physical_length=20.499058
2025-09-02 13:50:15.303 | INFO     | Pendulum.PendulumAPP:_processSerialData:121 - 🔄 数据来源: 串口接收 -> PendulumState.physical_length
2025-09-02 13:50:15.345 | INFO     | Pendulum.PendulumAPP:_processSerialData:120 - 📏 串口长度数据已更新: L20.499058 -> physical_length=20.499058
2025-09-02 13:50:15.345 | INFO     | Pendulum.PendulumAPP:_processSerialData:121 - 🔄 数据来源: 串口接收 -> PendulumState.physical_length
2025-09-02 13:50:15.376 | INFO     | Pendulum.PendulumAPP:_processSerialData:120 - 📏 串口长度数据已更新: L20.499058 -> physical_length=20.499058
2025-09-02 13:50:15.376 | INFO     | Pendulum.PendulumAPP:_processSerialData:121 - 🔄 数据来源: 串口接收 -> PendulumState.physical_length
2025-09-02 13:50:15.426 | INFO     | Pendulum.PendulumAPP:_processSerialData:120 - 📏 串口长度数据已更新: L20.499058 -> physical_length=20.499058
2025-09-02 13:50:15.427 | INFO     | Pendulum.PendulumAPP:_processSerialData:121 - 🔄 数据来源: 串口接收 -> PendulumState.physical_length
2025-09-02 13:50:15.455 | INFO     | Pendulum.PendulumAPP:_processSerialData:120 - 📏 串口长度数据已更新: L20.499058 -> physical_length=20.499058
2025-09-02 13:50:15.456 | INFO     | Pendulum.PendulumAPP:_processSerialData:121 - 🔄 数据来源: 串口接收 -> PendulumState.physical_length
2025-09-02 13:50:15.510 | INFO     | Pendulum.PendulumAPP:_processSerialData:120 - 📏 串口长度数据已更新: L20.499058 -> physical_length=20.499058
2025-09-02 13:50:15.510 | INFO     | Pendulum.PendulumAPP:_processSerialData:121 - 🔄 数据来源: 串口接收 -> PendulumState.physical_length
2025-09-02 13:50:15.536 | INFO     | Pendulum.PendulumAPP:_processSerialData:120 - 📏 串口长度数据已更新: L20.499058 -> physical_length=20.499058
2025-09-02 13:50:15.537 | INFO     | Pendulum.PendulumAPP:_processSerialData:121 - 🔄 数据来源: 串口接收 -> PendulumState.physical_length
2025-09-02 13:50:15.586 | INFO     | Pendulum.PendulumAPP:_processSerialData:120 - 📏 串口长度数据已更新: L20.499058 -> physical_length=20.499058
2025-09-02 13:50:15.586 | INFO     | Pendulum.PendulumAPP:_processSerialData:121 - 🔄 数据来源: 串口接收 -> PendulumState.physical_length
2025-09-02 13:50:15.620 | INFO     | Pendulum.PendulumAPP:_processSerialData:120 - 📏 串口长度数据已更新: L20.499058 -> physical_length=20.499058
2025-09-02 13:50:15.620 | INFO     | Pendulum.PendulumAPP:_processSerialData:121 - 🔄 数据来源: 串口接收 -> PendulumState.physical_length
2025-09-02 13:50:15.665 | INFO     | Pendulum.PendulumAPP:_processSerialData:120 - 📏 串口长度数据已更新: L20.499058 -> physical_length=20.499058
2025-09-02 13:50:15.665 | INFO     | Pendulum.PendulumAPP:_processSerialData:121 - 🔄 数据来源: 串口接收 -> PendulumState.physical_length
2025-09-02 13:50:15.695 | INFO     | Pendulum.PendulumAPP:_processSerialData:120 - 📏 串口长度数据已更新: L20.499058 -> physical_length=20.499058
2025-09-02 13:50:15.696 | INFO     | Pendulum.PendulumAPP:_processSerialData:121 - 🔄 数据来源: 串口接收 -> PendulumState.physical_length
2025-09-02 13:50:15.750 | INFO     | Pendulum.PendulumAPP:_processSerialData:120 - 📏 串口长度数据已更新: L20.499058 -> physical_length=20.499058
2025-09-02 13:50:15.751 | INFO     | Pendulum.PendulumAPP:_processSerialData:121 - 🔄 数据来源: 串口接收 -> PendulumState.physical_length
2025-09-02 13:50:15.780 | INFO     | Pendulum.PendulumAPP:_processSerialData:120 - 📏 串口长度数据已更新: L20.499058 -> physical_length=20.499058
2025-09-02 13:50:15.780 | INFO     | Pendulum.PendulumAPP:_processSerialData:121 - 🔄 数据来源: 串口接收 -> PendulumState.physical_length
2025-09-02 13:50:15.821 | INFO     | Pendulum.PendulumAPP:_processSerialData:120 - 📏 串口长度数据已更新: L20.499058 -> physical_length=20.499058
2025-09-02 13:50:15.822 | INFO     | Pendulum.PendulumAPP:_processSerialData:121 - 🔄 数据来源: 串口接收 -> PendulumState.physical_length
2025-09-02 13:50:15.855 | INFO     | Pendulum.PendulumAPP:_processSerialData:120 - 📏 串口长度数据已更新: L20.499058 -> physical_length=20.499058
2025-09-02 13:50:15.857 | INFO     | Pendulum.PendulumAPP:_processSerialData:121 - 🔄 数据来源: 串口接收 -> PendulumState.physical_length
2025-09-02 13:50:15.910 | INFO     | Pendulum.PendulumAPP:_processSerialData:120 - 📏 串口长度数据已更新: L20.499058 -> physical_length=20.499058
2025-09-02 13:50:15.910 | INFO     | Pendulum.PendulumAPP:_processSerialData:121 - 🔄 数据来源: 串口接收 -> PendulumState.physical_length
2025-09-02 13:50:15.936 | INFO     | Pendulum.PendulumAPP:_processSerialData:120 - 📏 串口长度数据已更新: L20.499058 -> physical_length=20.499058
2025-09-02 13:50:15.937 | INFO     | Pendulum.PendulumAPP:_processSerialData:121 - 🔄 数据来源: 串口接收 -> PendulumState.physical_length
2025-09-02 13:50:15.991 | INFO     | Pendulum.PendulumAPP:_processSerialData:120 - 📏 串口长度数据已更新: L20.499058 -> physical_length=20.499058
2025-09-02 13:50:15.992 | INFO     | Pendulum.PendulumAPP:_processSerialData:121 - 🔄 数据来源: 串口接收 -> PendulumState.physical_length
2025-09-02 13:50:16.018 | INFO     | Pendulum.PendulumAPP:_processSerialData:120 - 📏 串口长度数据已更新: L20.499058 -> physical_length=20.499058
2025-09-02 13:50:16.018 | INFO     | Pendulum.PendulumAPP:_processSerialData:121 - 🔄 数据来源: 串口接收 -> PendulumState.physical_length
2025-09-02 13:50:16.070 | INFO     | Pendulum.PendulumAPP:_processSerialData:120 - 📏 串口长度数据已更新: L20.499058 -> physical_length=20.499058
2025-09-02 13:50:16.070 | INFO     | Pendulum.PendulumAPP:_processSerialData:121 - 🔄 数据来源: 串口接收 -> PendulumState.physical_length
2025-09-02 13:50:16.097 | INFO     | Pendulum.PendulumAPP:_keyEventWeb:246 - ↓
2025-09-02 13:50:16.103 | INFO     | Pendulum.SerialConncet:send:199 - sendm1
2025-09-02 13:50:16.106 | INFO     | Pendulum.SerialConncet:send:201 - [发送] m1
2025-09-02 13:50:16.109 | INFO     | Pendulum.PendulumAPP:_processSerialData:120 - 📏 串口长度数据已更新: L20.499058 -> physical_length=20.499058
2025-09-02 13:50:16.109 | INFO     | Pendulum.PendulumAPP:_processSerialData:121 - 🔄 数据来源: 串口接收 -> PendulumState.physical_length
2025-09-02 13:50:16.127 | INFO     | Pendulum.SerialConncet:_run:176 - [接收] L20.524580
2025-09-02 13:50:16.145 | INFO     | Pendulum.PendulumAPP:_processSerialData:120 - 📏 串口长度数据已更新: L20.524580 -> physical_length=20.524580
2025-09-02 13:50:16.145 | INFO     | Pendulum.PendulumAPP:_processSerialData:121 - 🔄 数据来源: 串口接收 -> PendulumState.physical_length
2025-09-02 13:50:16.149 | INFO     | Pendulum.SerialConncet:_run:176 - [接收] L20.550098
2025-09-02 13:50:16.173 | INFO     | Pendulum.SerialConncet:_run:176 - [接收] L20.575621
2025-09-02 13:50:16.179 | INFO     | Pendulum.PendulumAPP:_processSerialData:120 - 📏 串口长度数据已更新: L20.575621 -> physical_length=20.575621
2025-09-02 13:50:16.179 | INFO     | Pendulum.PendulumAPP:_processSerialData:121 - 🔄 数据来源: 串口接收 -> PendulumState.physical_length
2025-09-02 13:50:16.191 | INFO     | Pendulum.SerialConncet:_run:176 - [接收] L20.601143
2025-09-02 13:50:16.212 | INFO     | Pendulum.SerialConncet:_run:176 - [接收] L20.626663
2025-09-02 13:50:16.227 | INFO     | Pendulum.PendulumAPP:_processSerialData:120 - 📏 串口长度数据已更新: L20.626663 -> physical_length=20.626663
2025-09-02 13:50:16.227 | INFO     | Pendulum.PendulumAPP:_processSerialData:121 - 🔄 数据来源: 串口接收 -> PendulumState.physical_length
2025-09-02 13:50:16.233 | INFO     | Pendulum.SerialConncet:_run:176 - [接收] L20.652184
2025-09-02 13:50:16.256 | INFO     | Pendulum.SerialConncet:_run:176 - [接收] L20.677706
2025-09-02 13:50:16.267 | INFO     | Pendulum.PendulumAPP:_processSerialData:120 - 📏 串口长度数据已更新: L20.677706 -> physical_length=20.677706
2025-09-02 13:50:16.269 | INFO     | Pendulum.PendulumAPP:_processSerialData:121 - 🔄 数据来源: 串口接收 -> PendulumState.physical_length
2025-09-02 13:50:16.275 | INFO     | Pendulum.SerialConncet:_run:176 - [接收] L20.703226
2025-09-02 13:50:16.295 | INFO     | Pendulum.SerialConncet:_run:176 - [接收] L20.728746
2025-09-02 13:50:16.302 | INFO     | Pendulum.PendulumAPP:_keyEventWeb:249 - stop
2025-09-02 13:50:16.304 | INFO     | Pendulum.SerialConncet:send:199 - sendm0
2025-09-02 13:50:16.305 | INFO     | Pendulum.SerialConncet:send:201 - [发送] m0
2025-09-02 13:50:16.308 | INFO     | Pendulum.PendulumAPP:_processSerialData:120 - 📏 串口长度数据已更新: L20.728746 -> physical_length=20.728746
2025-09-02 13:50:16.308 | INFO     | Pendulum.PendulumAPP:_processSerialData:121 - 🔄 数据来源: 串口接收 -> PendulumState.physical_length
2025-09-02 13:50:16.317 | INFO     | Pendulum.SerialConncet:_run:176 - [接收] L20.754267
2025-09-02 13:50:16.337 | INFO     | Pendulum.PendulumAPP:_processSerialData:120 - 📏 串口长度数据已更新: L20.754267 -> physical_length=20.754267
2025-09-02 13:50:16.338 | INFO     | Pendulum.PendulumAPP:_processSerialData:121 - 🔄 数据来源: 串口接收 -> PendulumState.physical_length
2025-09-02 13:50:16.387 | INFO     | Pendulum.PendulumAPP:_processSerialData:120 - 📏 串口长度数据已更新: L20.754267 -> physical_length=20.754267
2025-09-02 13:50:16.387 | INFO     | Pendulum.PendulumAPP:_processSerialData:121 - 🔄 数据来源: 串口接收 -> PendulumState.physical_length
2025-09-02 13:50:16.417 | INFO     | Pendulum.PendulumAPP:_processSerialData:120 - 📏 串口长度数据已更新: L20.754267 -> physical_length=20.754267
2025-09-02 13:50:16.418 | INFO     | Pendulum.PendulumAPP:_processSerialData:121 - 🔄 数据来源: 串口接收 -> PendulumState.physical_length
2025-09-02 13:50:16.468 | INFO     | Pendulum.PendulumAPP:_processSerialData:120 - 📏 串口长度数据已更新: L20.754267 -> physical_length=20.754267
2025-09-02 13:50:16.469 | INFO     | Pendulum.PendulumAPP:_processSerialData:121 - 🔄 数据来源: 串口接收 -> PendulumState.physical_length
2025-09-02 13:50:16.498 | INFO     | Pendulum.PendulumAPP:_processSerialData:120 - 📏 串口长度数据已更新: L20.754267 -> physical_length=20.754267
2025-09-02 13:50:16.498 | INFO     | Pendulum.PendulumAPP:_processSerialData:121 - 🔄 数据来源: 串口接收 -> PendulumState.physical_length
2025-09-02 13:50:16.546 | INFO     | Pendulum.PendulumAPP:_processSerialData:120 - 📏 串口长度数据已更新: L20.754267 -> physical_length=20.754267
2025-09-02 13:50:16.546 | INFO     | Pendulum.PendulumAPP:_processSerialData:121 - 🔄 数据来源: 串口接收 -> PendulumState.physical_length
2025-09-02 13:50:16.579 | INFO     | Pendulum.PendulumAPP:_processSerialData:120 - 📏 串口长度数据已更新: L20.754267 -> physical_length=20.754267
2025-09-02 13:50:16.579 | INFO     | Pendulum.PendulumAPP:_processSerialData:121 - 🔄 数据来源: 串口接收 -> PendulumState.physical_length
2025-09-02 13:50:16.625 | INFO     | Pendulum.PendulumAPP:_processSerialData:120 - 📏 串口长度数据已更新: L20.754267 -> physical_length=20.754267
2025-09-02 13:50:16.626 | INFO     | Pendulum.PendulumAPP:_processSerialData:121 - 🔄 数据来源: 串口接收 -> PendulumState.physical_length
2025-09-02 13:50:16.657 | INFO     | Pendulum.PendulumAPP:_processSerialData:120 - 📏 串口长度数据已更新: L20.754267 -> physical_length=20.754267
2025-09-02 13:50:16.658 | INFO     | Pendulum.PendulumAPP:_processSerialData:121 - 🔄 数据来源: 串口接收 -> PendulumState.physical_length
2025-09-02 13:50:16.708 | INFO     | Pendulum.PendulumAPP:_processSerialData:120 - 📏 串口长度数据已更新: L20.754267 -> physical_length=20.754267
2025-09-02 13:50:16.708 | INFO     | Pendulum.PendulumAPP:_processSerialData:121 - 🔄 数据来源: 串口接收 -> PendulumState.physical_length
2025-09-02 13:50:16.738 | INFO     | Pendulum.PendulumAPP:_processSerialData:120 - 📏 串口长度数据已更新: L20.754267 -> physical_length=20.754267
2025-09-02 13:50:16.739 | INFO     | Pendulum.PendulumAPP:_processSerialData:121 - 🔄 数据来源: 串口接收 -> PendulumState.physical_length
2025-09-02 13:50:16.784 | INFO     | Pendulum.PendulumAPP:_processSerialData:120 - 📏 串口长度数据已更新: L20.754267 -> physical_length=20.754267
2025-09-02 13:50:16.785 | INFO     | Pendulum.PendulumAPP:_processSerialData:121 - 🔄 数据来源: 串口接收 -> PendulumState.physical_length
2025-09-02 13:50:16.815 | INFO     | Pendulum.PendulumAPP:_processSerialData:120 - 📏 串口长度数据已更新: L20.754267 -> physical_length=20.754267
2025-09-02 13:50:16.816 | INFO     | Pendulum.PendulumAPP:_processSerialData:121 - 🔄 数据来源: 串口接收 -> PendulumState.physical_length
2025-09-02 13:50:16.868 | INFO     | Pendulum.PendulumAPP:_processSerialData:120 - 📏 串口长度数据已更新: L20.754267 -> physical_length=20.754267
2025-09-02 13:50:16.870 | INFO     | Pendulum.PendulumAPP:_processSerialData:121 - 🔄 数据来源: 串口接收 -> PendulumState.physical_length
2025-09-02 13:50:16.895 | INFO     | Pendulum.PendulumAPP:_processSerialData:120 - 📏 串口长度数据已更新: L20.754267 -> physical_length=20.754267
2025-09-02 13:50:16.896 | INFO     | Pendulum.PendulumAPP:_processSerialData:121 - 🔄 数据来源: 串口接收 -> PendulumState.physical_length
2025-09-02 13:50:16.948 | INFO     | Pendulum.PendulumAPP:_processSerialData:120 - 📏 串口长度数据已更新: L20.754267 -> physical_length=20.754267
2025-09-02 13:50:16.948 | INFO     | Pendulum.PendulumAPP:_processSerialData:121 - 🔄 数据来源: 串口接收 -> PendulumState.physical_length
2025-09-02 13:50:16.975 | INFO     | Pendulum.PendulumAPP:_processSerialData:120 - 📏 串口长度数据已更新: L20.754267 -> physical_length=20.754267
2025-09-02 13:50:16.976 | INFO     | Pendulum.PendulumAPP:_processSerialData:121 - 🔄 数据来源: 串口接收 -> PendulumState.physical_length
2025-09-02 13:50:17.024 | INFO     | Pendulum.PendulumAPP:_processSerialData:120 - 📏 串口长度数据已更新: L20.754267 -> physical_length=20.754267
2025-09-02 13:50:17.025 | INFO     | Pendulum.PendulumAPP:_processSerialData:121 - 🔄 数据来源: 串口接收 -> PendulumState.physical_length
2025-09-02 13:50:17.063 | INFO     | Pendulum.PendulumAPP:_processSerialData:120 - 📏 串口长度数据已更新: L20.754267 -> physical_length=20.754267
2025-09-02 13:50:17.064 | INFO     | Pendulum.PendulumAPP:_processSerialData:121 - 🔄 数据来源: 串口接收 -> PendulumState.physical_length
2025-09-02 13:50:17.102 | INFO     | Pendulum.PendulumAPP:_processSerialData:120 - 📏 串口长度数据已更新: L20.754267 -> physical_length=20.754267
2025-09-02 13:50:17.103 | INFO     | Pendulum.PendulumAPP:_processSerialData:121 - 🔄 数据来源: 串口接收 -> PendulumState.physical_length
2025-09-02 13:50:17.142 | INFO     | Pendulum.PendulumAPP:_processSerialData:120 - 📏 串口长度数据已更新: L20.754267 -> physical_length=20.754267
2025-09-02 13:50:17.142 | INFO     | Pendulum.PendulumAPP:_processSerialData:121 - 🔄 数据来源: 串口接收 -> PendulumState.physical_length
2025-09-02 13:50:17.187 | INFO     | Pendulum.PendulumAPP:_processSerialData:120 - 📏 串口长度数据已更新: L20.754267 -> physical_length=20.754267
2025-09-02 13:50:17.188 | INFO     | Pendulum.PendulumAPP:_processSerialData:121 - 🔄 数据来源: 串口接收 -> PendulumState.physical_length
2025-09-02 13:50:17.218 | INFO     | Pendulum.PendulumAPP:_processSerialData:120 - 📏 串口长度数据已更新: L20.754267 -> physical_length=20.754267
2025-09-02 13:50:17.218 | INFO     | Pendulum.PendulumAPP:_processSerialData:121 - 🔄 数据来源: 串口接收 -> PendulumState.physical_length
2025-09-02 13:50:17.271 | INFO     | Pendulum.PendulumAPP:_processSerialData:120 - 📏 串口长度数据已更新: L20.754267 -> physical_length=20.754267
2025-09-02 13:50:17.272 | INFO     | Pendulum.PendulumAPP:_processSerialData:121 - 🔄 数据来源: 串口接收 -> PendulumState.physical_length
2025-09-02 13:50:17.300 | INFO     | Pendulum.PendulumAPP:_processSerialData:120 - 📏 串口长度数据已更新: L20.754267 -> physical_length=20.754267
2025-09-02 13:50:17.301 | INFO     | Pendulum.PendulumAPP:_processSerialData:121 - 🔄 数据来源: 串口接收 -> PendulumState.physical_length
2025-09-02 13:50:17.347 | INFO     | Pendulum.PendulumAPP:_processSerialData:120 - 📏 串口长度数据已更新: L20.754267 -> physical_length=20.754267
2025-09-02 13:50:17.347 | INFO     | Pendulum.PendulumAPP:_processSerialData:121 - 🔄 数据来源: 串口接收 -> PendulumState.physical_length
2025-09-02 13:50:17.381 | INFO     | Pendulum.PendulumAPP:_processSerialData:120 - 📏 串口长度数据已更新: L20.754267 -> physical_length=20.754267
2025-09-02 13:50:17.381 | INFO     | Pendulum.PendulumAPP:_processSerialData:121 - 🔄 数据来源: 串口接收 -> PendulumState.physical_length
2025-09-02 13:50:17.426 | INFO     | Pendulum.PendulumAPP:_processSerialData:120 - 📏 串口长度数据已更新: L20.754267 -> physical_length=20.754267
2025-09-02 13:50:17.427 | INFO     | Pendulum.PendulumAPP:_processSerialData:121 - 🔄 数据来源: 串口接收 -> PendulumState.physical_length
2025-09-02 13:50:17.455 | INFO     | Pendulum.PendulumAPP:_processSerialData:120 - 📏 串口长度数据已更新: L20.754267 -> physical_length=20.754267
2025-09-02 13:50:17.456 | INFO     | Pendulum.PendulumAPP:_processSerialData:121 - 🔄 数据来源: 串口接收 -> PendulumState.physical_length
2025-09-02 13:50:17.506 | INFO     | Pendulum.PendulumAPP:_processSerialData:120 - 📏 串口长度数据已更新: L20.754267 -> physical_length=20.754267
2025-09-02 13:50:17.506 | INFO     | Pendulum.PendulumAPP:_processSerialData:121 - 🔄 数据来源: 串口接收 -> PendulumState.physical_length
2025-09-02 13:50:17.536 | INFO     | Pendulum.PendulumAPP:_processSerialData:120 - 📏 串口长度数据已更新: L20.754267 -> physical_length=20.754267
2025-09-02 13:50:17.538 | INFO     | Pendulum.PendulumAPP:_processSerialData:121 - 🔄 数据来源: 串口接收 -> PendulumState.physical_length
2025-09-02 13:50:17.584 | INFO     | Pendulum.PendulumAPP:_processSerialData:120 - 📏 串口长度数据已更新: L20.754267 -> physical_length=20.754267
2025-09-02 13:50:17.585 | INFO     | Pendulum.PendulumAPP:_processSerialData:121 - 🔄 数据来源: 串口接收 -> PendulumState.physical_length
2025-09-02 13:50:17.614 | INFO     | Pendulum.PendulumAPP:_processSerialData:120 - 📏 串口长度数据已更新: L20.754267 -> physical_length=20.754267
2025-09-02 13:50:17.615 | INFO     | Pendulum.PendulumAPP:_processSerialData:121 - 🔄 数据来源: 串口接收 -> PendulumState.physical_length
2025-09-02 13:50:17.669 | INFO     | Pendulum.PendulumAPP:_processSerialData:120 - 📏 串口长度数据已更新: L20.754267 -> physical_length=20.754267
2025-09-02 13:50:17.669 | INFO     | Pendulum.PendulumAPP:_processSerialData:121 - 🔄 数据来源: 串口接收 -> PendulumState.physical_length
2025-09-02 13:50:17.698 | INFO     | Pendulum.PendulumAPP:_processSerialData:120 - 📏 串口长度数据已更新: L20.754267 -> physical_length=20.754267
2025-09-02 13:50:17.699 | INFO     | Pendulum.PendulumAPP:_processSerialData:121 - 🔄 数据来源: 串口接收 -> PendulumState.physical_length
2025-09-02 13:50:17.745 | INFO     | Pendulum.PendulumAPP:_processSerialData:120 - 📏 串口长度数据已更新: L20.754267 -> physical_length=20.754267
2025-09-02 13:50:17.745 | INFO     | Pendulum.PendulumAPP:_processSerialData:121 - 🔄 数据来源: 串口接收 -> PendulumState.physical_length
2025-09-02 13:50:17.777 | INFO     | Pendulum.PendulumAPP:_processSerialData:120 - 📏 串口长度数据已更新: L20.754267 -> physical_length=20.754267
2025-09-02 13:50:17.779 | INFO     | Pendulum.PendulumAPP:_processSerialData:121 - 🔄 数据来源: 串口接收 -> PendulumState.physical_length
2025-09-02 13:50:17.826 | INFO     | Pendulum.PendulumAPP:_processSerialData:120 - 📏 串口长度数据已更新: L20.754267 -> physical_length=20.754267
2025-09-02 13:50:17.826 | INFO     | Pendulum.PendulumAPP:_processSerialData:121 - 🔄 数据来源: 串口接收 -> PendulumState.physical_length
2025-09-02 13:50:17.853 | INFO     | Pendulum.PendulumAPP:_processSerialData:120 - 📏 串口长度数据已更新: L20.754267 -> physical_length=20.754267
2025-09-02 13:50:17.855 | INFO     | Pendulum.PendulumAPP:_processSerialData:121 - 🔄 数据来源: 串口接收 -> PendulumState.physical_length
2025-09-02 13:50:17.911 | INFO     | Pendulum.PendulumAPP:_processSerialData:120 - 📏 串口长度数据已更新: L20.754267 -> physical_length=20.754267
2025-09-02 13:50:17.911 | INFO     | Pendulum.PendulumAPP:_processSerialData:121 - 🔄 数据来源: 串口接收 -> PendulumState.physical_length
2025-09-02 13:50:17.935 | INFO     | Pendulum.PendulumAPP:_processSerialData:120 - 📏 串口长度数据已更新: L20.754267 -> physical_length=20.754267
2025-09-02 13:50:17.937 | INFO     | Pendulum.PendulumAPP:_processSerialData:121 - 🔄 数据来源: 串口接收 -> PendulumState.physical_length
2025-09-02 13:50:17.989 | INFO     | Pendulum.PendulumAPP:_processSerialData:120 - 📏 串口长度数据已更新: L20.754267 -> physical_length=20.754267
2025-09-02 13:50:17.989 | INFO     | Pendulum.PendulumAPP:_processSerialData:121 - 🔄 数据来源: 串口接收 -> PendulumState.physical_length
2025-09-02 13:50:18.021 | INFO     | Pendulum.PendulumAPP:_processSerialData:120 - 📏 串口长度数据已更新: L20.754267 -> physical_length=20.754267
2025-09-02 13:50:18.021 | INFO     | Pendulum.PendulumAPP:_processSerialData:121 - 🔄 数据来源: 串口接收 -> PendulumState.physical_length
2025-09-02 13:50:18.067 | INFO     | Pendulum.PendulumAPP:_processSerialData:120 - 📏 串口长度数据已更新: L20.754267 -> physical_length=20.754267
2025-09-02 13:50:18.067 | INFO     | Pendulum.PendulumAPP:_processSerialData:121 - 🔄 数据来源: 串口接收 -> PendulumState.physical_length
2025-09-02 13:50:18.091 | INFO     | Pendulum.PendulumAPP:_processSerialData:120 - 📏 串口长度数据已更新: L20.754267 -> physical_length=20.754267
2025-09-02 13:50:18.091 | INFO     | Pendulum.PendulumAPP:_processSerialData:121 - 🔄 数据来源: 串口接收 -> PendulumState.physical_length
2025-09-02 13:50:18.146 | INFO     | Pendulum.PendulumAPP:_processSerialData:120 - 📏 串口长度数据已更新: L20.754267 -> physical_length=20.754267
2025-09-02 13:50:18.146 | INFO     | Pendulum.PendulumAPP:_processSerialData:121 - 🔄 数据来源: 串口接收 -> PendulumState.physical_length
2025-09-02 13:50:18.179 | INFO     | Pendulum.PendulumAPP:_processSerialData:120 - 📏 串口长度数据已更新: L20.754267 -> physical_length=20.754267
2025-09-02 13:50:18.179 | INFO     | Pendulum.PendulumAPP:_processSerialData:121 - 🔄 数据来源: 串口接收 -> PendulumState.physical_length
2025-09-02 13:50:18.221 | INFO     | Pendulum.PendulumAPP:_processSerialData:120 - 📏 串口长度数据已更新: L20.754267 -> physical_length=20.754267
2025-09-02 13:50:18.222 | INFO     | Pendulum.PendulumAPP:_processSerialData:121 - 🔄 数据来源: 串口接收 -> PendulumState.physical_length
2025-09-02 13:50:18.256 | INFO     | Pendulum.PendulumAPP:_processSerialData:120 - 📏 串口长度数据已更新: L20.754267 -> physical_length=20.754267
2025-09-02 13:50:18.257 | INFO     | Pendulum.PendulumAPP:_processSerialData:121 - 🔄 数据来源: 串口接收 -> PendulumState.physical_length
2025-09-02 13:50:18.305 | INFO     | Pendulum.PendulumAPP:_processSerialData:120 - 📏 串口长度数据已更新: L20.754267 -> physical_length=20.754267
2025-09-02 13:50:18.306 | INFO     | Pendulum.PendulumAPP:_processSerialData:121 - 🔄 数据来源: 串口接收 -> PendulumState.physical_length
2025-09-02 13:50:18.334 | INFO     | Pendulum.PendulumAPP:_processSerialData:120 - 📏 串口长度数据已更新: L20.754267 -> physical_length=20.754267
2025-09-02 13:50:18.335 | INFO     | Pendulum.PendulumAPP:_processSerialData:121 - 🔄 数据来源: 串口接收 -> PendulumState.physical_length
2025-09-02 13:50:18.389 | INFO     | Pendulum.PendulumAPP:_processSerialData:120 - 📏 串口长度数据已更新: L20.754267 -> physical_length=20.754267
2025-09-02 13:50:18.389 | INFO     | Pendulum.PendulumAPP:_processSerialData:121 - 🔄 数据来源: 串口接收 -> PendulumState.physical_length
2025-09-02 13:50:18.417 | INFO     | Pendulum.PendulumAPP:_processSerialData:120 - 📏 串口长度数据已更新: L20.754267 -> physical_length=20.754267
2025-09-02 13:50:18.417 | INFO     | Pendulum.PendulumAPP:_processSerialData:121 - 🔄 数据来源: 串口接收 -> PendulumState.physical_length
2025-09-02 13:50:18.464 | INFO     | Pendulum.PendulumAPP:_processSerialData:120 - 📏 串口长度数据已更新: L20.754267 -> physical_length=20.754267
2025-09-02 13:50:18.464 | INFO     | Pendulum.PendulumAPP:_processSerialData:121 - 🔄 数据来源: 串口接收 -> PendulumState.physical_length
2025-09-02 13:50:18.494 | INFO     | Pendulum.PendulumAPP:_processSerialData:120 - 📏 串口长度数据已更新: L20.754267 -> physical_length=20.754267
2025-09-02 13:50:18.494 | INFO     | Pendulum.PendulumAPP:_processSerialData:121 - 🔄 数据来源: 串口接收 -> PendulumState.physical_length
2025-09-02 13:50:18.546 | INFO     | Pendulum.PendulumAPP:_processSerialData:120 - 📏 串口长度数据已更新: L20.754267 -> physical_length=20.754267
2025-09-02 13:50:18.547 | INFO     | Pendulum.PendulumAPP:_processSerialData:121 - 🔄 数据来源: 串口接收 -> PendulumState.physical_length
2025-09-02 13:50:18.579 | INFO     | Pendulum.PendulumAPP:_processSerialData:120 - 📏 串口长度数据已更新: L20.754267 -> physical_length=20.754267
2025-09-02 13:50:18.580 | INFO     | Pendulum.PendulumAPP:_processSerialData:121 - 🔄 数据来源: 串口接收 -> PendulumState.physical_length
2025-09-02 13:50:18.628 | INFO     | Pendulum.PendulumAPP:_processSerialData:120 - 📏 串口长度数据已更新: L20.754267 -> physical_length=20.754267
2025-09-02 13:50:18.628 | INFO     | Pendulum.PendulumAPP:_processSerialData:121 - 🔄 数据来源: 串口接收 -> PendulumState.physical_length
2025-09-02 13:50:18.656 | INFO     | Pendulum.PendulumAPP:_processSerialData:120 - 📏 串口长度数据已更新: L20.754267 -> physical_length=20.754267
2025-09-02 13:50:18.656 | INFO     | Pendulum.PendulumAPP:_processSerialData:121 - 🔄 数据来源: 串口接收 -> PendulumState.physical_length
2025-09-02 13:50:18.703 | INFO     | Pendulum.PendulumAPP:_processSerialData:120 - 📏 串口长度数据已更新: L20.754267 -> physical_length=20.754267
2025-09-02 13:50:18.705 | INFO     | Pendulum.PendulumAPP:_processSerialData:121 - 🔄 数据来源: 串口接收 -> PendulumState.physical_length
2025-09-02 13:50:18.739 | INFO     | Pendulum.PendulumAPP:_processSerialData:120 - 📏 串口长度数据已更新: L20.754267 -> physical_length=20.754267
2025-09-02 13:50:18.739 | INFO     | Pendulum.PendulumAPP:_processSerialData:121 - 🔄 数据来源: 串口接收 -> PendulumState.physical_length
2025-09-02 13:50:18.783 | INFO     | Pendulum.PendulumAPP:_processSerialData:120 - 📏 串口长度数据已更新: L20.754267 -> physical_length=20.754267
2025-09-02 13:50:18.784 | INFO     | Pendulum.PendulumAPP:_processSerialData:121 - 🔄 数据来源: 串口接收 -> PendulumState.physical_length
2025-09-02 13:50:18.813 | INFO     | Pendulum.PendulumAPP:_processSerialData:120 - 📏 串口长度数据已更新: L20.754267 -> physical_length=20.754267
2025-09-02 13:50:18.813 | INFO     | Pendulum.PendulumAPP:_processSerialData:121 - 🔄 数据来源: 串口接收 -> PendulumState.physical_length
2025-09-02 13:50:18.869 | INFO     | Pendulum.PendulumAPP:_processSerialData:120 - 📏 串口长度数据已更新: L20.754267 -> physical_length=20.754267
2025-09-02 13:50:18.870 | INFO     | Pendulum.PendulumAPP:_processSerialData:121 - 🔄 数据来源: 串口接收 -> PendulumState.physical_length
2025-09-02 13:50:18.900 | INFO     | Pendulum.PendulumAPP:_processSerialData:120 - 📏 串口长度数据已更新: L20.754267 -> physical_length=20.754267
2025-09-02 13:50:18.901 | INFO     | Pendulum.PendulumAPP:_processSerialData:121 - 🔄 数据来源: 串口接收 -> PendulumState.physical_length
2025-09-02 13:50:18.943 | INFO     | Pendulum.PendulumAPP:_processSerialData:120 - 📏 串口长度数据已更新: L20.754267 -> physical_length=20.754267
2025-09-02 13:50:18.944 | INFO     | Pendulum.PendulumAPP:_processSerialData:121 - 🔄 数据来源: 串口接收 -> PendulumState.physical_length
2025-09-02 13:50:18.979 | INFO     | Pendulum.PendulumAPP:_processSerialData:120 - 📏 串口长度数据已更新: L20.754267 -> physical_length=20.754267
2025-09-02 13:50:18.979 | INFO     | Pendulum.PendulumAPP:_processSerialData:121 - 🔄 数据来源: 串口接收 -> PendulumState.physical_length
2025-09-02 13:50:19.023 | INFO     | Pendulum.PendulumAPP:_processSerialData:120 - 📏 串口长度数据已更新: L20.754267 -> physical_length=20.754267
2025-09-02 13:50:19.023 | INFO     | Pendulum.PendulumAPP:_processSerialData:121 - 🔄 数据来源: 串口接收 -> PendulumState.physical_length
2025-09-02 13:50:19.056 | INFO     | Pendulum.PendulumAPP:_processSerialData:120 - 📏 串口长度数据已更新: L20.754267 -> physical_length=20.754267
2025-09-02 13:50:19.057 | INFO     | Pendulum.PendulumAPP:_processSerialData:121 - 🔄 数据来源: 串口接收 -> PendulumState.physical_length
2025-09-02 13:50:19.108 | INFO     | Pendulum.PendulumAPP:_processSerialData:120 - 📏 串口长度数据已更新: L20.754267 -> physical_length=20.754267
2025-09-02 13:50:19.108 | INFO     | Pendulum.PendulumAPP:_processSerialData:121 - 🔄 数据来源: 串口接收 -> PendulumState.physical_length
2025-09-02 13:50:19.134 | INFO     | Pendulum.PendulumAPP:_processSerialData:120 - 📏 串口长度数据已更新: L20.754267 -> physical_length=20.754267
2025-09-02 13:50:19.134 | INFO     | Pendulum.PendulumAPP:_processSerialData:121 - 🔄 数据来源: 串口接收 -> PendulumState.physical_length
2025-09-02 13:50:19.181 | INFO     | Pendulum.PendulumAPP:_processSerialData:120 - 📏 串口长度数据已更新: L20.754267 -> physical_length=20.754267
2025-09-02 13:50:19.181 | INFO     | Pendulum.PendulumAPP:_processSerialData:121 - 🔄 数据来源: 串口接收 -> PendulumState.physical_length
2025-09-02 13:50:19.217 | INFO     | Pendulum.PendulumAPP:_processSerialData:120 - 📏 串口长度数据已更新: L20.754267 -> physical_length=20.754267
2025-09-02 13:50:19.218 | INFO     | Pendulum.PendulumAPP:_processSerialData:121 - 🔄 数据来源: 串口接收 -> PendulumState.physical_length
2025-09-02 13:50:19.261 | INFO     | Pendulum.PendulumAPP:_processSerialData:120 - 📏 串口长度数据已更新: L20.754267 -> physical_length=20.754267
2025-09-02 13:50:19.261 | INFO     | Pendulum.PendulumAPP:_processSerialData:121 - 🔄 数据来源: 串口接收 -> PendulumState.physical_length
2025-09-02 13:50:19.303 | INFO     | Pendulum.PendulumAPP:_processSerialData:120 - 📏 串口长度数据已更新: L20.754267 -> physical_length=20.754267
2025-09-02 13:50:19.303 | INFO     | Pendulum.PendulumAPP:_processSerialData:121 - 🔄 数据来源: 串口接收 -> PendulumState.physical_length
2025-09-02 13:50:19.343 | INFO     | Pendulum.PendulumAPP:_processSerialData:120 - 📏 串口长度数据已更新: L20.754267 -> physical_length=20.754267
2025-09-02 13:50:19.343 | INFO     | Pendulum.PendulumAPP:_processSerialData:121 - 🔄 数据来源: 串口接收 -> PendulumState.physical_length
2025-09-02 13:50:19.376 | INFO     | Pendulum.PendulumAPP:_processSerialData:120 - 📏 串口长度数据已更新: L20.754267 -> physical_length=20.754267
2025-09-02 13:50:19.377 | INFO     | Pendulum.PendulumAPP:_processSerialData:121 - 🔄 数据来源: 串口接收 -> PendulumState.physical_length
2025-09-02 13:50:19.434 | INFO     | Pendulum.PendulumAPP:_processSerialData:120 - 📏 串口长度数据已更新: L20.754267 -> physical_length=20.754267
2025-09-02 13:50:19.435 | INFO     | Pendulum.PendulumAPP:_processSerialData:121 - 🔄 数据来源: 串口接收 -> PendulumState.physical_length
2025-09-02 13:50:19.459 | INFO     | Pendulum.PendulumAPP:_processSerialData:120 - 📏 串口长度数据已更新: L20.754267 -> physical_length=20.754267
2025-09-02 13:50:19.459 | INFO     | Pendulum.PendulumAPP:_processSerialData:121 - 🔄 数据来源: 串口接收 -> PendulumState.physical_length
2025-09-02 13:50:19.504 | INFO     | Pendulum.PendulumAPP:_processSerialData:120 - 📏 串口长度数据已更新: L20.754267 -> physical_length=20.754267
2025-09-02 13:50:19.505 | INFO     | Pendulum.PendulumAPP:_processSerialData:121 - 🔄 数据来源: 串口接收 -> PendulumState.physical_length
2025-09-02 13:50:19.539 | INFO     | Pendulum.PendulumAPP:_processSerialData:120 - 📏 串口长度数据已更新: L20.754267 -> physical_length=20.754267
2025-09-02 13:50:19.539 | INFO     | Pendulum.PendulumAPP:_processSerialData:121 - 🔄 数据来源: 串口接收 -> PendulumState.physical_length
2025-09-02 13:50:19.583 | INFO     | Pendulum.PendulumAPP:_processSerialData:120 - 📏 串口长度数据已更新: L20.754267 -> physical_length=20.754267
2025-09-02 13:50:19.583 | INFO     | Pendulum.PendulumAPP:_processSerialData:121 - 🔄 数据来源: 串口接收 -> PendulumState.physical_length
2025-09-02 13:50:19.616 | INFO     | Pendulum.PendulumAPP:_processSerialData:120 - 📏 串口长度数据已更新: L20.754267 -> physical_length=20.754267
2025-09-02 13:50:19.616 | INFO     | Pendulum.PendulumAPP:_processSerialData:121 - 🔄 数据来源: 串口接收 -> PendulumState.physical_length
2025-09-02 13:50:19.667 | INFO     | Pendulum.PendulumAPP:_processSerialData:120 - 📏 串口长度数据已更新: L20.754267 -> physical_length=20.754267
2025-09-02 13:50:19.667 | INFO     | Pendulum.PendulumAPP:_processSerialData:121 - 🔄 数据来源: 串口接收 -> PendulumState.physical_length
2025-09-02 13:50:19.697 | INFO     | Pendulum.PendulumAPP:_processSerialData:120 - 📏 串口长度数据已更新: L20.754267 -> physical_length=20.754267
2025-09-02 13:50:19.697 | INFO     | Pendulum.PendulumAPP:_processSerialData:121 - 🔄 数据来源: 串口接收 -> PendulumState.physical_length
2025-09-02 13:50:19.745 | INFO     | Pendulum.PendulumAPP:_processSerialData:120 - 📏 串口长度数据已更新: L20.754267 -> physical_length=20.754267
2025-09-02 13:50:19.746 | INFO     | Pendulum.PendulumAPP:_processSerialData:121 - 🔄 数据来源: 串口接收 -> PendulumState.physical_length
2025-09-02 13:50:19.779 | INFO     | Pendulum.PendulumAPP:_processSerialData:120 - 📏 串口长度数据已更新: L20.754267 -> physical_length=20.754267
2025-09-02 13:50:19.779 | INFO     | Pendulum.PendulumAPP:_processSerialData:121 - 🔄 数据来源: 串口接收 -> PendulumState.physical_length
2025-09-02 13:50:19.822 | INFO     | Pendulum.PendulumAPP:_processSerialData:120 - 📏 串口长度数据已更新: L20.754267 -> physical_length=20.754267
2025-09-02 13:50:19.823 | INFO     | Pendulum.PendulumAPP:_processSerialData:121 - 🔄 数据来源: 串口接收 -> PendulumState.physical_length
2025-09-02 13:50:19.851 | INFO     | Pendulum.PendulumAPP:_processSerialData:120 - 📏 串口长度数据已更新: L20.754267 -> physical_length=20.754267
2025-09-02 13:50:19.852 | INFO     | Pendulum.PendulumAPP:_processSerialData:121 - 🔄 数据来源: 串口接收 -> PendulumState.physical_length
2025-09-02 13:50:19.909 | INFO     | Pendulum.PendulumAPP:_processSerialData:120 - 📏 串口长度数据已更新: L20.754267 -> physical_length=20.754267
2025-09-02 13:50:19.909 | INFO     | Pendulum.PendulumAPP:_processSerialData:121 - 🔄 数据来源: 串口接收 -> PendulumState.physical_length
2025-09-02 13:50:19.943 | INFO     | Pendulum.PendulumAPP:_processSerialData:120 - 📏 串口长度数据已更新: L20.754267 -> physical_length=20.754267
2025-09-02 13:50:19.943 | INFO     | Pendulum.PendulumAPP:_processSerialData:121 - 🔄 数据来源: 串口接收 -> PendulumState.physical_length
2025-09-02 13:50:19.979 | INFO     | Pendulum.PendulumAPP:_processSerialData:120 - 📏 串口长度数据已更新: L20.754267 -> physical_length=20.754267
2025-09-02 13:50:19.980 | INFO     | Pendulum.PendulumAPP:_processSerialData:121 - 🔄 数据来源: 串口接收 -> PendulumState.physical_length
2025-09-02 13:50:20.021 | INFO     | Pendulum.PendulumAPP:_processSerialData:120 - 📏 串口长度数据已更新: L20.754267 -> physical_length=20.754267
2025-09-02 13:50:20.021 | INFO     | Pendulum.PendulumAPP:_processSerialData:121 - 🔄 数据来源: 串口接收 -> PendulumState.physical_length
2025-09-02 13:50:20.064 | INFO     | Pendulum.PendulumAPP:_processSerialData:120 - 📏 串口长度数据已更新: L20.754267 -> physical_length=20.754267
2025-09-02 13:50:20.066 | INFO     | Pendulum.PendulumAPP:_processSerialData:121 - 🔄 数据来源: 串口接收 -> PendulumState.physical_length
2025-09-02 13:50:20.097 | INFO     | Pendulum.PendulumAPP:_processSerialData:120 - 📏 串口长度数据已更新: L20.754267 -> physical_length=20.754267
2025-09-02 13:50:20.098 | INFO     | Pendulum.PendulumAPP:_processSerialData:121 - 🔄 数据来源: 串口接收 -> PendulumState.physical_length
2025-09-02 13:50:20.140 | INFO     | Pendulum.PendulumAPP:_processSerialData:120 - 📏 串口长度数据已更新: L20.754267 -> physical_length=20.754267
2025-09-02 13:50:20.141 | INFO     | Pendulum.PendulumAPP:_processSerialData:121 - 🔄 数据来源: 串口接收 -> PendulumState.physical_length
2025-09-02 13:50:20.174 | INFO     | Pendulum.PendulumAPP:_processSerialData:120 - 📏 串口长度数据已更新: L20.754267 -> physical_length=20.754267
2025-09-02 13:50:20.175 | INFO     | Pendulum.PendulumAPP:_processSerialData:121 - 🔄 数据来源: 串口接收 -> PendulumState.physical_length
2025-09-02 13:50:20.227 | INFO     | Pendulum.PendulumAPP:_processSerialData:120 - 📏 串口长度数据已更新: L20.754267 -> physical_length=20.754267
2025-09-02 13:50:20.227 | INFO     | Pendulum.PendulumAPP:_processSerialData:121 - 🔄 数据来源: 串口接收 -> PendulumState.physical_length
2025-09-02 13:50:20.262 | INFO     | Pendulum.PendulumAPP:_processSerialData:120 - 📏 串口长度数据已更新: L20.754267 -> physical_length=20.754267
2025-09-02 13:50:20.263 | INFO     | Pendulum.PendulumAPP:_processSerialData:121 - 🔄 数据来源: 串口接收 -> PendulumState.physical_length
2025-09-02 13:50:20.304 | INFO     | Pendulum.PendulumAPP:_processSerialData:120 - 📏 串口长度数据已更新: L20.754267 -> physical_length=20.754267
2025-09-02 13:50:20.304 | INFO     | Pendulum.PendulumAPP:_processSerialData:121 - 🔄 数据来源: 串口接收 -> PendulumState.physical_length
2025-09-02 13:50:20.337 | INFO     | Pendulum.PendulumAPP:_processSerialData:120 - 📏 串口长度数据已更新: L20.754267 -> physical_length=20.754267
2025-09-02 13:50:20.337 | INFO     | Pendulum.PendulumAPP:_processSerialData:121 - 🔄 数据来源: 串口接收 -> PendulumState.physical_length
2025-09-02 13:50:20.381 | INFO     | Pendulum.PendulumAPP:_processSerialData:120 - 📏 串口长度数据已更新: L20.754267 -> physical_length=20.754267
2025-09-02 13:50:20.381 | INFO     | Pendulum.PendulumAPP:_processSerialData:121 - 🔄 数据来源: 串口接收 -> PendulumState.physical_length
2025-09-02 13:50:20.420 | INFO     | Pendulum.PendulumAPP:_processSerialData:120 - 📏 串口长度数据已更新: L20.754267 -> physical_length=20.754267
2025-09-02 13:50:20.421 | INFO     | Pendulum.PendulumAPP:_processSerialData:121 - 🔄 数据来源: 串口接收 -> PendulumState.physical_length
2025-09-02 13:50:20.463 | INFO     | Pendulum.PendulumAPP:_processSerialData:120 - 📏 串口长度数据已更新: L20.754267 -> physical_length=20.754267
2025-09-02 13:50:20.464 | INFO     | Pendulum.PendulumAPP:_processSerialData:121 - 🔄 数据来源: 串口接收 -> PendulumState.physical_length
2025-09-02 13:50:20.497 | INFO     | Pendulum.PendulumAPP:_processSerialData:120 - 📏 串口长度数据已更新: L20.754267 -> physical_length=20.754267
2025-09-02 13:50:20.498 | INFO     | Pendulum.PendulumAPP:_processSerialData:121 - 🔄 数据来源: 串口接收 -> PendulumState.physical_length
2025-09-02 13:50:20.548 | INFO     | Pendulum.PendulumAPP:_processSerialData:120 - 📏 串口长度数据已更新: L20.754267 -> physical_length=20.754267
2025-09-02 13:50:20.548 | INFO     | Pendulum.PendulumAPP:_processSerialData:121 - 🔄 数据来源: 串口接收 -> PendulumState.physical_length
2025-09-02 13:50:20.577 | INFO     | Pendulum.PendulumAPP:_processSerialData:120 - 📏 串口长度数据已更新: L20.754267 -> physical_length=20.754267
2025-09-02 13:50:20.577 | INFO     | Pendulum.PendulumAPP:_processSerialData:121 - 🔄 数据来源: 串口接收 -> PendulumState.physical_length
2025-09-02 13:50:20.627 | INFO     | Pendulum.PendulumAPP:_processSerialData:120 - 📏 串口长度数据已更新: L20.754267 -> physical_length=20.754267
2025-09-02 13:50:20.627 | INFO     | Pendulum.PendulumAPP:_processSerialData:121 - 🔄 数据来源: 串口接收 -> PendulumState.physical_length
2025-09-02 13:50:20.659 | INFO     | Pendulum.PendulumAPP:_processSerialData:120 - 📏 串口长度数据已更新: L20.754267 -> physical_length=20.754267
2025-09-02 13:50:20.659 | INFO     | Pendulum.PendulumAPP:_processSerialData:121 - 🔄 数据来源: 串口接收 -> PendulumState.physical_length
2025-09-02 13:50:20.700 | INFO     | Pendulum.PendulumAPP:_processSerialData:120 - 📏 串口长度数据已更新: L20.754267 -> physical_length=20.754267
2025-09-02 13:50:20.701 | INFO     | Pendulum.PendulumAPP:_processSerialData:121 - 🔄 数据来源: 串口接收 -> PendulumState.physical_length
2025-09-02 13:50:20.741 | INFO     | Pendulum.PendulumAPP:_processSerialData:120 - 📏 串口长度数据已更新: L20.754267 -> physical_length=20.754267
2025-09-02 13:50:20.741 | INFO     | Pendulum.PendulumAPP:_processSerialData:121 - 🔄 数据来源: 串口接收 -> PendulumState.physical_length
2025-09-02 13:50:20.783 | INFO     | Pendulum.PendulumAPP:_processSerialData:120 - 📏 串口长度数据已更新: L20.754267 -> physical_length=20.754267
2025-09-02 13:50:20.784 | INFO     | Pendulum.PendulumAPP:_processSerialData:121 - 🔄 数据来源: 串口接收 -> PendulumState.physical_length
2025-09-02 13:50:20.817 | INFO     | Pendulum.PendulumAPP:_processSerialData:120 - 📏 串口长度数据已更新: L20.754267 -> physical_length=20.754267
2025-09-02 13:50:20.817 | INFO     | Pendulum.PendulumAPP:_processSerialData:121 - 🔄 数据来源: 串口接收 -> PendulumState.physical_length
2025-09-02 13:50:20.868 | INFO     | Pendulum.PendulumAPP:_processSerialData:120 - 📏 串口长度数据已更新: L20.754267 -> physical_length=20.754267
2025-09-02 13:50:20.869 | INFO     | Pendulum.PendulumAPP:_processSerialData:121 - 🔄 数据来源: 串口接收 -> PendulumState.physical_length
2025-09-02 13:50:20.899 | INFO     | Pendulum.PendulumAPP:_processSerialData:120 - 📏 串口长度数据已更新: L20.754267 -> physical_length=20.754267
2025-09-02 13:50:20.899 | INFO     | Pendulum.PendulumAPP:_processSerialData:121 - 🔄 数据来源: 串口接收 -> PendulumState.physical_length
2025-09-02 13:50:20.949 | INFO     | Pendulum.PendulumAPP:_processSerialData:120 - 📏 串口长度数据已更新: L20.754267 -> physical_length=20.754267
2025-09-02 13:50:20.949 | INFO     | Pendulum.PendulumAPP:_processSerialData:121 - 🔄 数据来源: 串口接收 -> PendulumState.physical_length
2025-09-02 13:50:20.976 | INFO     | Pendulum.PendulumAPP:_processSerialData:120 - 📏 串口长度数据已更新: L20.754267 -> physical_length=20.754267
2025-09-02 13:50:20.977 | INFO     | Pendulum.PendulumAPP:_processSerialData:121 - 🔄 数据来源: 串口接收 -> PendulumState.physical_length
2025-09-02 13:50:21.025 | INFO     | Pendulum.PendulumAPP:_processSerialData:120 - 📏 串口长度数据已更新: L20.754267 -> physical_length=20.754267
2025-09-02 13:50:21.025 | INFO     | Pendulum.PendulumAPP:_processSerialData:121 - 🔄 数据来源: 串口接收 -> PendulumState.physical_length
2025-09-02 13:50:21.058 | INFO     | Pendulum.PendulumAPP:_processSerialData:120 - 📏 串口长度数据已更新: L20.754267 -> physical_length=20.754267
2025-09-02 13:50:21.058 | INFO     | Pendulum.PendulumAPP:_processSerialData:121 - 🔄 数据来源: 串口接收 -> PendulumState.physical_length
2025-09-02 13:50:21.107 | INFO     | Pendulum.PendulumAPP:_processSerialData:120 - 📏 串口长度数据已更新: L20.754267 -> physical_length=20.754267
2025-09-02 13:50:21.108 | INFO     | Pendulum.PendulumAPP:_processSerialData:121 - 🔄 数据来源: 串口接收 -> PendulumState.physical_length
2025-09-02 13:50:21.135 | INFO     | Pendulum.PendulumAPP:_processSerialData:120 - 📏 串口长度数据已更新: L20.754267 -> physical_length=20.754267
2025-09-02 13:50:21.135 | INFO     | Pendulum.PendulumAPP:_processSerialData:121 - 🔄 数据来源: 串口接收 -> PendulumState.physical_length
2025-09-02 13:50:21.181 | INFO     | Pendulum.PendulumAPP:_processSerialData:120 - 📏 串口长度数据已更新: L20.754267 -> physical_length=20.754267
2025-09-02 13:50:21.182 | INFO     | Pendulum.PendulumAPP:_processSerialData:121 - 🔄 数据来源: 串口接收 -> PendulumState.physical_length
2025-09-02 13:50:21.223 | INFO     | Pendulum.PendulumAPP:_processSerialData:120 - 📏 串口长度数据已更新: L20.754267 -> physical_length=20.754267
2025-09-02 13:50:21.223 | INFO     | Pendulum.PendulumAPP:_processSerialData:121 - 🔄 数据来源: 串口接收 -> PendulumState.physical_length
2025-09-02 13:50:21.262 | INFO     | Pendulum.PendulumAPP:_processSerialData:120 - 📏 串口长度数据已更新: L20.754267 -> physical_length=20.754267
2025-09-02 13:50:21.262 | INFO     | Pendulum.PendulumAPP:_processSerialData:121 - 🔄 数据来源: 串口接收 -> PendulumState.physical_length
2025-09-02 13:50:21.293 | INFO     | Pendulum.PendulumAPP:_processSerialData:120 - 📏 串口长度数据已更新: L20.754267 -> physical_length=20.754267
2025-09-02 13:50:21.294 | INFO     | Pendulum.PendulumAPP:_processSerialData:121 - 🔄 数据来源: 串口接收 -> PendulumState.physical_length
2025-09-02 13:50:21.350 | INFO     | Pendulum.PendulumAPP:_processSerialData:120 - 📏 串口长度数据已更新: L20.754267 -> physical_length=20.754267
2025-09-02 13:50:21.350 | INFO     | Pendulum.PendulumAPP:_processSerialData:121 - 🔄 数据来源: 串口接收 -> PendulumState.physical_length
2025-09-02 13:50:21.380 | INFO     | Pendulum.PendulumAPP:_processSerialData:120 - 📏 串口长度数据已更新: L20.754267 -> physical_length=20.754267
2025-09-02 13:50:21.380 | INFO     | Pendulum.PendulumAPP:_processSerialData:121 - 🔄 数据来源: 串口接收 -> PendulumState.physical_length
2025-09-02 13:50:21.421 | INFO     | Pendulum.PendulumAPP:_processSerialData:120 - 📏 串口长度数据已更新: L20.754267 -> physical_length=20.754267
2025-09-02 13:50:21.423 | INFO     | Pendulum.PendulumAPP:_processSerialData:121 - 🔄 数据来源: 串口接收 -> PendulumState.physical_length
2025-09-02 13:50:21.455 | INFO     | Pendulum.PendulumAPP:_processSerialData:120 - 📏 串口长度数据已更新: L20.754267 -> physical_length=20.754267
2025-09-02 13:50:21.456 | INFO     | Pendulum.PendulumAPP:_processSerialData:121 - 🔄 数据来源: 串口接收 -> PendulumState.physical_length
2025-09-02 13:50:21.507 | INFO     | Pendulum.PendulumAPP:_processSerialData:120 - 📏 串口长度数据已更新: L20.754267 -> physical_length=20.754267
2025-09-02 13:50:21.508 | INFO     | Pendulum.PendulumAPP:_processSerialData:121 - 🔄 数据来源: 串口接收 -> PendulumState.physical_length
2025-09-02 13:50:21.542 | INFO     | Pendulum.PendulumAPP:_processSerialData:120 - 📏 串口长度数据已更新: L20.754267 -> physical_length=20.754267
2025-09-02 13:50:21.542 | INFO     | Pendulum.PendulumAPP:_processSerialData:121 - 🔄 数据来源: 串口接收 -> PendulumState.physical_length
2025-09-02 13:50:21.585 | INFO     | Pendulum.PendulumAPP:_processSerialData:120 - 📏 串口长度数据已更新: L20.754267 -> physical_length=20.754267
2025-09-02 13:50:21.585 | INFO     | Pendulum.PendulumAPP:_processSerialData:121 - 🔄 数据来源: 串口接收 -> PendulumState.physical_length
2025-09-02 13:50:21.622 | INFO     | Pendulum.PendulumAPP:_processSerialData:120 - 📏 串口长度数据已更新: L20.754267 -> physical_length=20.754267
2025-09-02 13:50:21.622 | INFO     | Pendulum.PendulumAPP:_processSerialData:121 - 🔄 数据来源: 串口接收 -> PendulumState.physical_length
2025-09-02 13:50:21.665 | INFO     | Pendulum.PendulumAPP:_processSerialData:120 - 📏 串口长度数据已更新: L20.754267 -> physical_length=20.754267
2025-09-02 13:50:21.665 | INFO     | Pendulum.PendulumAPP:_processSerialData:121 - 🔄 数据来源: 串口接收 -> PendulumState.physical_length
2025-09-02 13:50:21.699 | INFO     | Pendulum.PendulumAPP:_processSerialData:120 - 📏 串口长度数据已更新: L20.754267 -> physical_length=20.754267
2025-09-02 13:50:21.700 | INFO     | Pendulum.PendulumAPP:_processSerialData:121 - 🔄 数据来源: 串口接收 -> PendulumState.physical_length
2025-09-02 13:50:21.742 | INFO     | Pendulum.PendulumAPP:_processSerialData:120 - 📏 串口长度数据已更新: L20.754267 -> physical_length=20.754267
2025-09-02 13:50:21.743 | INFO     | Pendulum.PendulumAPP:_processSerialData:121 - 🔄 数据来源: 串口接收 -> PendulumState.physical_length
2025-09-02 13:50:21.779 | INFO     | Pendulum.PendulumAPP:_processSerialData:120 - 📏 串口长度数据已更新: L20.754267 -> physical_length=20.754267
2025-09-02 13:50:21.780 | INFO     | Pendulum.PendulumAPP:_processSerialData:121 - 🔄 数据来源: 串口接收 -> PendulumState.physical_length
2025-09-02 13:50:21.821 | INFO     | Pendulum.PendulumAPP:_processSerialData:120 - 📏 串口长度数据已更新: L20.754267 -> physical_length=20.754267
2025-09-02 13:50:21.822 | INFO     | Pendulum.PendulumAPP:_processSerialData:121 - 🔄 数据来源: 串口接收 -> PendulumState.physical_length
2025-09-02 13:50:21.854 | INFO     | Pendulum.PendulumAPP:_processSerialData:120 - 📏 串口长度数据已更新: L20.754267 -> physical_length=20.754267
2025-09-02 13:50:21.855 | INFO     | Pendulum.PendulumAPP:_processSerialData:121 - 🔄 数据来源: 串口接收 -> PendulumState.physical_length
2025-09-02 13:50:21.909 | INFO     | Pendulum.PendulumAPP:_processSerialData:120 - 📏 串口长度数据已更新: L20.754267 -> physical_length=20.754267
2025-09-02 13:50:21.910 | INFO     | Pendulum.PendulumAPP:_processSerialData:121 - 🔄 数据来源: 串口接收 -> PendulumState.physical_length
2025-09-02 13:50:21.937 | INFO     | Pendulum.PendulumAPP:_processSerialData:120 - 📏 串口长度数据已更新: L20.754267 -> physical_length=20.754267
2025-09-02 13:50:21.938 | INFO     | Pendulum.PendulumAPP:_processSerialData:121 - 🔄 数据来源: 串口接收 -> PendulumState.physical_length
2025-09-02 13:50:21.984 | INFO     | Pendulum.PendulumAPP:_processSerialData:120 - 📏 串口长度数据已更新: L20.754267 -> physical_length=20.754267
2025-09-02 13:50:21.984 | INFO     | Pendulum.PendulumAPP:_processSerialData:121 - 🔄 数据来源: 串口接收 -> PendulumState.physical_length
2025-09-02 13:50:22.019 | INFO     | Pendulum.PendulumAPP:_processSerialData:120 - 📏 串口长度数据已更新: L20.754267 -> physical_length=20.754267
2025-09-02 13:50:22.020 | INFO     | Pendulum.PendulumAPP:_processSerialData:121 - 🔄 数据来源: 串口接收 -> PendulumState.physical_length
2025-09-02 13:50:22.074 | INFO     | Pendulum.PendulumAPP:_processSerialData:120 - 📏 串口长度数据已更新: L20.754267 -> physical_length=20.754267
2025-09-02 13:50:22.075 | INFO     | Pendulum.PendulumAPP:_processSerialData:121 - 🔄 数据来源: 串口接收 -> PendulumState.physical_length
2025-09-02 13:50:22.097 | INFO     | Pendulum.PendulumAPP:_keyEventWeb:271 - u1
2025-09-02 13:50:22.097 | INFO     | Pendulum.SerialConncet:send:199 - sendu1
2025-09-02 13:50:22.099 | INFO     | Pendulum.SerialConncet:send:201 - [发送] u1
2025-09-02 13:50:22.101 | INFO     | Pendulum.PendulumAPP:_processSerialData:120 - 📏 串口长度数据已更新: L20.754267 -> physical_length=20.754267
2025-09-02 13:50:22.101 | INFO     | Pendulum.PendulumAPP:_processSerialData:121 - 🔄 数据来源: 串口接收 -> PendulumState.physical_length
2025-09-02 13:50:22.144 | INFO     | Pendulum.PendulumAPP:_processSerialData:120 - 📏 串口长度数据已更新: L20.754267 -> physical_length=20.754267
2025-09-02 13:50:22.145 | INFO     | Pendulum.PendulumAPP:_processSerialData:121 - 🔄 数据来源: 串口接收 -> PendulumState.physical_length
2025-09-02 13:50:22.182 | INFO     | Pendulum.PendulumAPP:_processSerialData:120 - 📏 串口长度数据已更新: L20.754267 -> physical_length=20.754267
2025-09-02 13:50:22.183 | INFO     | Pendulum.PendulumAPP:_processSerialData:121 - 🔄 数据来源: 串口接收 -> PendulumState.physical_length
2025-09-02 13:50:22.224 | INFO     | Pendulum.PendulumAPP:_processSerialData:120 - 📏 串口长度数据已更新: L20.754267 -> physical_length=20.754267
2025-09-02 13:50:22.225 | INFO     | Pendulum.PendulumAPP:_processSerialData:121 - 🔄 数据来源: 串口接收 -> PendulumState.physical_length
2025-09-02 13:50:22.262 | INFO     | Pendulum.PendulumAPP:_processSerialData:120 - 📏 串口长度数据已更新: L20.754267 -> physical_length=20.754267
2025-09-02 13:50:22.262 | INFO     | Pendulum.PendulumAPP:_processSerialData:121 - 🔄 数据来源: 串口接收 -> PendulumState.physical_length
2025-09-02 13:50:22.312 | INFO     | Pendulum.PendulumAPP:_processSerialData:120 - 📏 串口长度数据已更新: L20.754267 -> physical_length=20.754267
2025-09-02 13:50:22.312 | INFO     | Pendulum.PendulumAPP:_processSerialData:121 - 🔄 数据来源: 串口接收 -> PendulumState.physical_length
2025-09-02 13:50:22.336 | INFO     | Pendulum.PendulumAPP:_processSerialData:120 - 📏 串口长度数据已更新: L20.754267 -> physical_length=20.754267
2025-09-02 13:50:22.336 | INFO     | Pendulum.PendulumAPP:_processSerialData:121 - 🔄 数据来源: 串口接收 -> PendulumState.physical_length
2025-09-02 13:50:22.388 | INFO     | Pendulum.PendulumAPP:_processSerialData:120 - 📏 串口长度数据已更新: L20.754267 -> physical_length=20.754267
2025-09-02 13:50:22.388 | INFO     | Pendulum.PendulumAPP:_processSerialData:121 - 🔄 数据来源: 串口接收 -> PendulumState.physical_length
2025-09-02 13:50:22.420 | INFO     | Pendulum.PendulumAPP:_processSerialData:120 - 📏 串口长度数据已更新: L20.754267 -> physical_length=20.754267
2025-09-02 13:50:22.420 | INFO     | Pendulum.PendulumAPP:_processSerialData:121 - 🔄 数据来源: 串口接收 -> PendulumState.physical_length
2025-09-02 13:50:22.465 | INFO     | Pendulum.PendulumAPP:_processSerialData:120 - 📏 串口长度数据已更新: L20.754267 -> physical_length=20.754267
2025-09-02 13:50:22.465 | INFO     | Pendulum.PendulumAPP:_processSerialData:121 - 🔄 数据来源: 串口接收 -> PendulumState.physical_length
2025-09-02 13:50:22.500 | INFO     | Pendulum.PendulumAPP:_processSerialData:120 - 📏 串口长度数据已更新: L20.754267 -> physical_length=20.754267
2025-09-02 13:50:22.501 | INFO     | Pendulum.PendulumAPP:_processSerialData:121 - 🔄 数据来源: 串口接收 -> PendulumState.physical_length
2025-09-02 13:50:22.543 | INFO     | Pendulum.PendulumAPP:_processSerialData:120 - 📏 串口长度数据已更新: L20.754267 -> physical_length=20.754267
2025-09-02 13:50:22.543 | INFO     | Pendulum.PendulumAPP:_processSerialData:121 - 🔄 数据来源: 串口接收 -> PendulumState.physical_length
2025-09-02 13:50:22.586 | INFO     | Pendulum.PendulumAPP:_processSerialData:120 - 📏 串口长度数据已更新: L20.754267 -> physical_length=20.754267
2025-09-02 13:50:22.587 | INFO     | Pendulum.PendulumAPP:_processSerialData:121 - 🔄 数据来源: 串口接收 -> PendulumState.physical_length
2025-09-02 13:50:22.624 | INFO     | Pendulum.PendulumAPP:_processSerialData:120 - 📏 串口长度数据已更新: L20.754267 -> physical_length=20.754267
2025-09-02 13:50:22.624 | INFO     | Pendulum.PendulumAPP:_processSerialData:121 - 🔄 数据来源: 串口接收 -> PendulumState.physical_length
2025-09-02 13:50:22.659 | INFO     | Pendulum.PendulumAPP:_processSerialData:120 - 📏 串口长度数据已更新: L20.754267 -> physical_length=20.754267
2025-09-02 13:50:22.660 | INFO     | Pendulum.PendulumAPP:_processSerialData:121 - 🔄 数据来源: 串口接收 -> PendulumState.physical_length
2025-09-02 13:50:22.706 | INFO     | Pendulum.PendulumAPP:_processSerialData:120 - 📏 串口长度数据已更新: L20.754267 -> physical_length=20.754267
2025-09-02 13:50:22.706 | INFO     | Pendulum.PendulumAPP:_processSerialData:121 - 🔄 数据来源: 串口接收 -> PendulumState.physical_length
2025-09-02 13:50:22.735 | INFO     | Pendulum.PendulumAPP:_processSerialData:120 - 📏 串口长度数据已更新: L20.754267 -> physical_length=20.754267
2025-09-02 13:50:22.735 | INFO     | Pendulum.PendulumAPP:_processSerialData:121 - 🔄 数据来源: 串口接收 -> PendulumState.physical_length
2025-09-02 13:50:22.787 | INFO     | Pendulum.PendulumAPP:_processSerialData:120 - 📏 串口长度数据已更新: L20.754267 -> physical_length=20.754267
2025-09-02 13:50:22.787 | INFO     | Pendulum.PendulumAPP:_processSerialData:121 - 🔄 数据来源: 串口接收 -> PendulumState.physical_length
2025-09-02 13:50:22.817 | INFO     | Pendulum.PendulumAPP:_processSerialData:120 - 📏 串口长度数据已更新: L20.754267 -> physical_length=20.754267
2025-09-02 13:50:22.818 | INFO     | Pendulum.PendulumAPP:_processSerialData:121 - 🔄 数据来源: 串口接收 -> PendulumState.physical_length
2025-09-02 13:50:22.870 | INFO     | Pendulum.PendulumAPP:_processSerialData:120 - 📏 串口长度数据已更新: L20.754267 -> physical_length=20.754267
2025-09-02 13:50:22.871 | INFO     | Pendulum.PendulumAPP:_processSerialData:121 - 🔄 数据来源: 串口接收 -> PendulumState.physical_length
2025-09-02 13:50:22.902 | INFO     | Pendulum.PendulumAPP:_processSerialData:120 - 📏 串口长度数据已更新: L20.754267 -> physical_length=20.754267
2025-09-02 13:50:22.902 | INFO     | Pendulum.PendulumAPP:_processSerialData:121 - 🔄 数据来源: 串口接收 -> PendulumState.physical_length
2025-09-02 13:50:22.947 | INFO     | Pendulum.PendulumAPP:_processSerialData:120 - 📏 串口长度数据已更新: L20.754267 -> physical_length=20.754267
2025-09-02 13:50:22.949 | INFO     | Pendulum.PendulumAPP:_processSerialData:121 - 🔄 数据来源: 串口接收 -> PendulumState.physical_length
2025-09-02 13:50:22.982 | INFO     | Pendulum.PendulumAPP:_processSerialData:120 - 📏 串口长度数据已更新: L20.754267 -> physical_length=20.754267
2025-09-02 13:50:22.982 | INFO     | Pendulum.PendulumAPP:_processSerialData:121 - 🔄 数据来源: 串口接收 -> PendulumState.physical_length
2025-09-02 13:50:23.025 | INFO     | Pendulum.PendulumAPP:_processSerialData:120 - 📏 串口长度数据已更新: L20.754267 -> physical_length=20.754267
2025-09-02 13:50:23.027 | INFO     | Pendulum.PendulumAPP:_processSerialData:121 - 🔄 数据来源: 串口接收 -> PendulumState.physical_length
2025-09-02 13:50:23.061 | INFO     | Pendulum.PendulumAPP:_processSerialData:120 - 📏 串口长度数据已更新: L20.754267 -> physical_length=20.754267
2025-09-02 13:50:23.061 | INFO     | Pendulum.PendulumAPP:_processSerialData:121 - 🔄 数据来源: 串口接收 -> PendulumState.physical_length
2025-09-02 13:50:23.108 | INFO     | Pendulum.PendulumAPP:_processSerialData:120 - 📏 串口长度数据已更新: L20.754267 -> physical_length=20.754267
2025-09-02 13:50:23.109 | INFO     | Pendulum.PendulumAPP:_processSerialData:121 - 🔄 数据来源: 串口接收 -> PendulumState.physical_length
2025-09-02 13:50:23.140 | INFO     | Pendulum.PendulumAPP:_processSerialData:120 - 📏 串口长度数据已更新: L20.754267 -> physical_length=20.754267
2025-09-02 13:50:23.141 | INFO     | Pendulum.PendulumAPP:_processSerialData:121 - 🔄 数据来源: 串口接收 -> PendulumState.physical_length
2025-09-02 13:50:23.183 | INFO     | Pendulum.PendulumAPP:_processSerialData:120 - 📏 串口长度数据已更新: L20.754267 -> physical_length=20.754267
2025-09-02 13:50:23.184 | INFO     | Pendulum.PendulumAPP:_processSerialData:121 - 🔄 数据来源: 串口接收 -> PendulumState.physical_length
2025-09-02 13:50:23.221 | INFO     | Pendulum.PendulumAPP:_processSerialData:120 - 📏 串口长度数据已更新: L20.754267 -> physical_length=20.754267
2025-09-02 13:50:23.221 | INFO     | Pendulum.PendulumAPP:_processSerialData:121 - 🔄 数据来源: 串口接收 -> PendulumState.physical_length
2025-09-02 13:50:23.268 | INFO     | Pendulum.PendulumAPP:_processSerialData:120 - 📏 串口长度数据已更新: L20.754267 -> physical_length=20.754267
2025-09-02 13:50:23.268 | INFO     | Pendulum.PendulumAPP:_processSerialData:121 - 🔄 数据来源: 串口接收 -> PendulumState.physical_length
2025-09-02 13:50:23.296 | INFO     | Pendulum.PendulumAPP:_processSerialData:120 - 📏 串口长度数据已更新: L20.754267 -> physical_length=20.754267
2025-09-02 13:50:23.296 | INFO     | Pendulum.PendulumAPP:_processSerialData:121 - 🔄 数据来源: 串口接收 -> PendulumState.physical_length
2025-09-02 13:50:23.344 | INFO     | Pendulum.PendulumAPP:_processSerialData:120 - 📏 串口长度数据已更新: L20.754267 -> physical_length=20.754267
2025-09-02 13:50:23.345 | INFO     | Pendulum.PendulumAPP:_processSerialData:121 - 🔄 数据来源: 串口接收 -> PendulumState.physical_length
2025-09-02 13:50:23.374 | INFO     | Pendulum.PendulumAPP:_processSerialData:120 - 📏 串口长度数据已更新: L20.754267 -> physical_length=20.754267
2025-09-02 13:50:23.375 | INFO     | Pendulum.PendulumAPP:_processSerialData:121 - 🔄 数据来源: 串口接收 -> PendulumState.physical_length
2025-09-02 13:50:23.424 | INFO     | Pendulum.PendulumAPP:_processSerialData:120 - 📏 串口长度数据已更新: L20.754267 -> physical_length=20.754267
2025-09-02 13:50:23.425 | INFO     | Pendulum.PendulumAPP:_processSerialData:121 - 🔄 数据来源: 串口接收 -> PendulumState.physical_length
2025-09-02 13:50:23.457 | INFO     | Pendulum.PendulumAPP:_processSerialData:120 - 📏 串口长度数据已更新: L20.754267 -> physical_length=20.754267
2025-09-02 13:50:23.458 | INFO     | Pendulum.PendulumAPP:_processSerialData:121 - 🔄 数据来源: 串口接收 -> PendulumState.physical_length
2025-09-02 13:50:23.509 | INFO     | Pendulum.PendulumAPP:_processSerialData:120 - 📏 串口长度数据已更新: L20.754267 -> physical_length=20.754267
2025-09-02 13:50:23.510 | INFO     | Pendulum.PendulumAPP:_processSerialData:121 - 🔄 数据来源: 串口接收 -> PendulumState.physical_length
2025-09-02 13:50:23.535 | INFO     | Pendulum.PendulumAPP:_processSerialData:120 - 📏 串口长度数据已更新: L20.754267 -> physical_length=20.754267
2025-09-02 13:50:23.536 | INFO     | Pendulum.PendulumAPP:_processSerialData:121 - 🔄 数据来源: 串口接收 -> PendulumState.physical_length
2025-09-02 13:50:23.588 | INFO     | Pendulum.PendulumAPP:_processSerialData:120 - 📏 串口长度数据已更新: L20.754267 -> physical_length=20.754267
2025-09-02 13:50:23.588 | INFO     | Pendulum.PendulumAPP:_processSerialData:121 - 🔄 数据来源: 串口接收 -> PendulumState.physical_length
2025-09-02 13:50:23.616 | INFO     | Pendulum.PendulumAPP:_processSerialData:120 - 📏 串口长度数据已更新: L20.754267 -> physical_length=20.754267
2025-09-02 13:50:23.617 | INFO     | Pendulum.PendulumAPP:_processSerialData:121 - 🔄 数据来源: 串口接收 -> PendulumState.physical_length
2025-09-02 13:50:23.661 | INFO     | Pendulum.PendulumAPP:_processSerialData:120 - 📏 串口长度数据已更新: L20.754267 -> physical_length=20.754267
2025-09-02 13:50:23.661 | INFO     | Pendulum.PendulumAPP:_processSerialData:121 - 🔄 数据来源: 串口接收 -> PendulumState.physical_length
2025-09-02 13:50:23.700 | INFO     | Pendulum.PendulumAPP:_processSerialData:120 - 📏 串口长度数据已更新: L20.754267 -> physical_length=20.754267
2025-09-02 13:50:23.700 | INFO     | Pendulum.PendulumAPP:_processSerialData:121 - 🔄 数据来源: 串口接收 -> PendulumState.physical_length
2025-09-02 13:50:23.746 | INFO     | Pendulum.PendulumAPP:_processSerialData:120 - 📏 串口长度数据已更新: L20.754267 -> physical_length=20.754267
2025-09-02 13:50:23.747 | INFO     | Pendulum.PendulumAPP:_processSerialData:121 - 🔄 数据来源: 串口接收 -> PendulumState.physical_length
2025-09-02 13:50:23.777 | INFO     | Pendulum.PendulumAPP:_processSerialData:120 - 📏 串口长度数据已更新: L20.754267 -> physical_length=20.754267
2025-09-02 13:50:23.777 | INFO     | Pendulum.PendulumAPP:_processSerialData:121 - 🔄 数据来源: 串口接收 -> PendulumState.physical_length
2025-09-02 13:50:23.826 | INFO     | Pendulum.PendulumAPP:_processSerialData:120 - 📏 串口长度数据已更新: L20.754267 -> physical_length=20.754267
2025-09-02 13:50:23.827 | INFO     | Pendulum.PendulumAPP:_processSerialData:121 - 🔄 数据来源: 串口接收 -> PendulumState.physical_length
2025-09-02 13:50:23.857 | INFO     | Pendulum.PendulumAPP:_processSerialData:120 - 📏 串口长度数据已更新: L20.754267 -> physical_length=20.754267
2025-09-02 13:50:23.858 | INFO     | Pendulum.PendulumAPP:_processSerialData:121 - 🔄 数据来源: 串口接收 -> PendulumState.physical_length
2025-09-02 13:50:23.901 | INFO     | Pendulum.PendulumAPP:_processSerialData:120 - 📏 串口长度数据已更新: L20.754267 -> physical_length=20.754267
2025-09-02 13:50:23.903 | INFO     | Pendulum.PendulumAPP:_processSerialData:121 - 🔄 数据来源: 串口接收 -> PendulumState.physical_length
2025-09-02 13:50:23.940 | INFO     | Pendulum.PendulumAPP:_processSerialData:120 - 📏 串口长度数据已更新: L20.754267 -> physical_length=20.754267
2025-09-02 13:50:23.941 | INFO     | Pendulum.PendulumAPP:_processSerialData:121 - 🔄 数据来源: 串口接收 -> PendulumState.physical_length
2025-09-02 13:50:23.987 | INFO     | Pendulum.PendulumAPP:_processSerialData:120 - 📏 串口长度数据已更新: L20.754267 -> physical_length=20.754267
2025-09-02 13:50:23.987 | INFO     | Pendulum.PendulumAPP:_processSerialData:121 - 🔄 数据来源: 串口接收 -> PendulumState.physical_length
2025-09-02 13:50:24.017 | INFO     | Pendulum.PendulumAPP:_processSerialData:120 - 📏 串口长度数据已更新: L20.754267 -> physical_length=20.754267
2025-09-02 13:50:24.019 | INFO     | Pendulum.PendulumAPP:_processSerialData:121 - 🔄 数据来源: 串口接收 -> PendulumState.physical_length
2025-09-02 13:50:24.068 | INFO     | Pendulum.PendulumAPP:_keyEventWeb:274 - u0
2025-09-02 13:50:24.070 | INFO     | Pendulum.SerialConncet:send:199 - sendu0
2025-09-02 13:50:24.071 | INFO     | Pendulum.SerialConncet:send:201 - [发送] u0
2025-09-02 13:50:24.074 | INFO     | Pendulum.PendulumAPP:_processSerialData:120 - 📏 串口长度数据已更新: L20.754267 -> physical_length=20.754267
2025-09-02 13:50:24.076 | INFO     | Pendulum.PendulumAPP:_processSerialData:121 - 🔄 数据来源: 串口接收 -> PendulumState.physical_length
2025-09-02 13:50:24.102 | INFO     | Pendulum.PendulumAPP:_processSerialData:120 - 📏 串口长度数据已更新: L20.754267 -> physical_length=20.754267
2025-09-02 13:50:24.103 | INFO     | Pendulum.PendulumAPP:_processSerialData:121 - 🔄 数据来源: 串口接收 -> PendulumState.physical_length
2025-09-02 13:50:24.145 | INFO     | Pendulum.PendulumAPP:_processSerialData:120 - 📏 串口长度数据已更新: L20.754267 -> physical_length=20.754267
2025-09-02 13:50:24.146 | INFO     | Pendulum.PendulumAPP:_processSerialData:121 - 🔄 数据来源: 串口接收 -> PendulumState.physical_length
2025-09-02 13:50:24.181 | INFO     | Pendulum.PendulumAPP:_processSerialData:120 - 📏 串口长度数据已更新: L20.754267 -> physical_length=20.754267
2025-09-02 13:50:24.182 | INFO     | Pendulum.PendulumAPP:_processSerialData:121 - 🔄 数据来源: 串口接收 -> PendulumState.physical_length
2025-09-02 13:50:24.226 | INFO     | Pendulum.PendulumAPP:_processSerialData:120 - 📏 串口长度数据已更新: L20.754267 -> physical_length=20.754267
2025-09-02 13:50:24.226 | INFO     | Pendulum.PendulumAPP:_processSerialData:121 - 🔄 数据来源: 串口接收 -> PendulumState.physical_length
2025-09-02 13:50:24.260 | INFO     | Pendulum.PendulumAPP:_processSerialData:120 - 📏 串口长度数据已更新: L20.754267 -> physical_length=20.754267
2025-09-02 13:50:24.260 | INFO     | Pendulum.PendulumAPP:_processSerialData:121 - 🔄 数据来源: 串口接收 -> PendulumState.physical_length
2025-09-02 13:50:24.315 | INFO     | Pendulum.PendulumAPP:_processSerialData:120 - 📏 串口长度数据已更新: L20.754267 -> physical_length=20.754267
2025-09-02 13:50:24.316 | INFO     | Pendulum.PendulumAPP:_processSerialData:121 - 🔄 数据来源: 串口接收 -> PendulumState.physical_length
2025-09-02 13:50:24.338 | INFO     | Pendulum.PendulumAPP:_processSerialData:120 - 📏 串口长度数据已更新: L20.754267 -> physical_length=20.754267
2025-09-02 13:50:24.339 | INFO     | Pendulum.PendulumAPP:_processSerialData:121 - 🔄 数据来源: 串口接收 -> PendulumState.physical_length
2025-09-02 13:50:24.386 | INFO     | Pendulum.PendulumAPP:_processSerialData:120 - 📏 串口长度数据已更新: L20.754267 -> physical_length=20.754267
2025-09-02 13:50:24.387 | INFO     | Pendulum.PendulumAPP:_processSerialData:121 - 🔄 数据来源: 串口接收 -> PendulumState.physical_length
2025-09-02 13:50:24.419 | INFO     | Pendulum.PendulumAPP:_processSerialData:120 - 📏 串口长度数据已更新: L20.754267 -> physical_length=20.754267
2025-09-02 13:50:24.420 | INFO     | Pendulum.PendulumAPP:_processSerialData:121 - 🔄 数据来源: 串口接收 -> PendulumState.physical_length
2025-09-02 13:50:24.464 | INFO     | Pendulum.PendulumAPP:_processSerialData:120 - 📏 串口长度数据已更新: L20.754267 -> physical_length=20.754267
2025-09-02 13:50:24.464 | INFO     | Pendulum.PendulumAPP:_processSerialData:121 - 🔄 数据来源: 串口接收 -> PendulumState.physical_length
2025-09-02 13:50:24.505 | INFO     | Pendulum.PendulumAPP:_processSerialData:120 - 📏 串口长度数据已更新: L20.754267 -> physical_length=20.754267
2025-09-02 13:50:24.507 | INFO     | Pendulum.PendulumAPP:_processSerialData:121 - 🔄 数据来源: 串口接收 -> PendulumState.physical_length
2025-09-02 13:50:24.554 | INFO     | Pendulum.PendulumAPP:_processSerialData:120 - 📏 串口长度数据已更新: L20.754267 -> physical_length=20.754267
2025-09-02 13:50:24.557 | INFO     | Pendulum.PendulumAPP:_processSerialData:121 - 🔄 数据来源: 串口接收 -> PendulumState.physical_length
2025-09-02 13:50:24.592 | INFO     | Pendulum.PendulumAPP:_processSerialData:120 - 📏 串口长度数据已更新: L20.754267 -> physical_length=20.754267
2025-09-02 13:50:24.592 | INFO     | Pendulum.PendulumAPP:_processSerialData:121 - 🔄 数据来源: 串口接收 -> PendulumState.physical_length
2025-09-02 13:50:24.632 | INFO     | Pendulum.PendulumAPP:_processSerialData:120 - 📏 串口长度数据已更新: L20.754267 -> physical_length=20.754267
2025-09-02 13:50:24.632 | INFO     | Pendulum.PendulumAPP:_processSerialData:121 - 🔄 数据来源: 串口接收 -> PendulumState.physical_length
2025-09-02 13:50:24.662 | INFO     | Pendulum.PendulumAPP:_processSerialData:120 - 📏 串口长度数据已更新: L20.754267 -> physical_length=20.754267
2025-09-02 13:50:24.663 | INFO     | Pendulum.PendulumAPP:_processSerialData:121 - 🔄 数据来源: 串口接收 -> PendulumState.physical_length
2025-09-02 13:50:24.707 | INFO     | Pendulum.PendulumAPP:_processSerialData:120 - 📏 串口长度数据已更新: L20.754267 -> physical_length=20.754267
2025-09-02 13:50:24.707 | INFO     | Pendulum.PendulumAPP:_processSerialData:121 - 🔄 数据来源: 串口接收 -> PendulumState.physical_length
2025-09-02 13:50:24.741 | INFO     | Pendulum.PendulumAPP:_processSerialData:120 - 📏 串口长度数据已更新: L20.754267 -> physical_length=20.754267
2025-09-02 13:50:24.742 | INFO     | Pendulum.PendulumAPP:_processSerialData:121 - 🔄 数据来源: 串口接收 -> PendulumState.physical_length
2025-09-02 13:50:24.791 | INFO     | Pendulum.PendulumAPP:_processSerialData:120 - 📏 串口长度数据已更新: L20.754267 -> physical_length=20.754267
2025-09-02 13:50:24.792 | INFO     | Pendulum.PendulumAPP:_processSerialData:121 - 🔄 数据来源: 串口接收 -> PendulumState.physical_length
2025-09-02 13:50:24.827 | INFO     | Pendulum.PendulumAPP:_processSerialData:120 - 📏 串口长度数据已更新: L20.754267 -> physical_length=20.754267
2025-09-02 13:50:24.828 | INFO     | Pendulum.PendulumAPP:_processSerialData:121 - 🔄 数据来源: 串口接收 -> PendulumState.physical_length
2025-09-02 13:50:24.865 | INFO     | Pendulum.PendulumAPP:_processSerialData:120 - 📏 串口长度数据已更新: L20.754267 -> physical_length=20.754267
2025-09-02 13:50:24.865 | INFO     | Pendulum.PendulumAPP:_processSerialData:121 - 🔄 数据来源: 串口接收 -> PendulumState.physical_length
2025-09-02 13:50:24.904 | INFO     | Pendulum.PendulumAPP:_processSerialData:120 - 📏 串口长度数据已更新: L20.754267 -> physical_length=20.754267
2025-09-02 13:50:24.905 | INFO     | Pendulum.PendulumAPP:_processSerialData:121 - 🔄 数据来源: 串口接收 -> PendulumState.physical_length
2025-09-02 13:50:24.943 | INFO     | Pendulum.PendulumAPP:_processSerialData:120 - 📏 串口长度数据已更新: L20.754267 -> physical_length=20.754267
2025-09-02 13:50:24.945 | INFO     | Pendulum.PendulumAPP:_processSerialData:121 - 🔄 数据来源: 串口接收 -> PendulumState.physical_length
2025-09-02 13:50:24.975 | INFO     | Pendulum.PendulumAPP:_processSerialData:120 - 📏 串口长度数据已更新: L20.754267 -> physical_length=20.754267
2025-09-02 13:50:24.975 | INFO     | Pendulum.PendulumAPP:_processSerialData:121 - 🔄 数据来源: 串口接收 -> PendulumState.physical_length
2025-09-02 13:50:25.031 | INFO     | Pendulum.PendulumAPP:_processSerialData:120 - 📏 串口长度数据已更新: L20.754267 -> physical_length=20.754267
2025-09-02 13:50:25.032 | INFO     | Pendulum.PendulumAPP:_processSerialData:121 - 🔄 数据来源: 串口接收 -> PendulumState.physical_length
2025-09-02 13:50:25.061 | INFO     | Pendulum.PendulumAPP:_processSerialData:120 - 📏 串口长度数据已更新: L20.754267 -> physical_length=20.754267
2025-09-02 13:50:25.063 | INFO     | Pendulum.PendulumAPP:_processSerialData:121 - 🔄 数据来源: 串口接收 -> PendulumState.physical_length
2025-09-02 13:50:25.105 | INFO     | Pendulum.PendulumAPP:_processSerialData:120 - 📏 串口长度数据已更新: L20.754267 -> physical_length=20.754267
2025-09-02 13:50:25.105 | INFO     | Pendulum.PendulumAPP:_processSerialData:121 - 🔄 数据来源: 串口接收 -> PendulumState.physical_length
2025-09-02 13:50:25.135 | INFO     | Pendulum.PendulumAPP:_processSerialData:120 - 📏 串口长度数据已更新: L20.754267 -> physical_length=20.754267
2025-09-02 13:50:25.135 | INFO     | Pendulum.PendulumAPP:_processSerialData:121 - 🔄 数据来源: 串口接收 -> PendulumState.physical_length
2025-09-02 13:50:25.191 | INFO     | Pendulum.PendulumAPP:_processSerialData:120 - 📏 串口长度数据已更新: L20.754267 -> physical_length=20.754267
2025-09-02 13:50:25.191 | INFO     | Pendulum.PendulumAPP:_processSerialData:121 - 🔄 数据来源: 串口接收 -> PendulumState.physical_length
2025-09-02 13:50:25.218 | INFO     | Pendulum.PendulumAPP:_processSerialData:120 - 📏 串口长度数据已更新: L20.754267 -> physical_length=20.754267
2025-09-02 13:50:25.218 | INFO     | Pendulum.PendulumAPP:_processSerialData:121 - 🔄 数据来源: 串口接收 -> PendulumState.physical_length
2025-09-02 13:50:25.270 | INFO     | Pendulum.PendulumAPP:_processSerialData:120 - 📏 串口长度数据已更新: L20.754267 -> physical_length=20.754267
2025-09-02 13:50:25.271 | INFO     | Pendulum.PendulumAPP:_processSerialData:121 - 🔄 数据来源: 串口接收 -> PendulumState.physical_length
2025-09-02 13:50:25.300 | INFO     | Pendulum.PendulumAPP:_processSerialData:120 - 📏 串口长度数据已更新: L20.754267 -> physical_length=20.754267
2025-09-02 13:50:25.300 | INFO     | Pendulum.PendulumAPP:_processSerialData:121 - 🔄 数据来源: 串口接收 -> PendulumState.physical_length
2025-09-02 13:50:25.340 | INFO     | Pendulum.PendulumAPP:_keyEventWeb:289 - d1
2025-09-02 13:50:25.342 | INFO     | Pendulum.SerialConncet:send:199 - sendd1
2025-09-02 13:50:25.344 | INFO     | Pendulum.SerialConncet:send:201 - [发送] d1
2025-09-02 13:50:25.346 | INFO     | Pendulum.PendulumAPP:_processSerialData:120 - 📏 串口长度数据已更新: L20.754267 -> physical_length=20.754267
2025-09-02 13:50:25.346 | INFO     | Pendulum.PendulumAPP:_processSerialData:121 - 🔄 数据来源: 串口接收 -> PendulumState.physical_length
2025-09-02 13:50:25.375 | INFO     | Pendulum.PendulumAPP:_processSerialData:120 - 📏 串口长度数据已更新: L20.754267 -> physical_length=20.754267
2025-09-02 13:50:25.375 | INFO     | Pendulum.PendulumAPP:_processSerialData:121 - 🔄 数据来源: 串口接收 -> PendulumState.physical_length
2025-09-02 13:50:25.425 | INFO     | Pendulum.PendulumAPP:_processSerialData:120 - 📏 串口长度数据已更新: L20.754267 -> physical_length=20.754267
2025-09-02 13:50:25.426 | INFO     | Pendulum.PendulumAPP:_processSerialData:121 - 🔄 数据来源: 串口接收 -> PendulumState.physical_length
2025-09-02 13:50:25.459 | INFO     | Pendulum.PendulumAPP:_processSerialData:120 - 📏 串口长度数据已更新: L20.754267 -> physical_length=20.754267
2025-09-02 13:50:25.459 | INFO     | Pendulum.PendulumAPP:_processSerialData:121 - 🔄 数据来源: 串口接收 -> PendulumState.physical_length
2025-09-02 13:50:25.510 | INFO     | Pendulum.PendulumAPP:_processSerialData:120 - 📏 串口长度数据已更新: L20.754267 -> physical_length=20.754267
2025-09-02 13:50:25.510 | INFO     | Pendulum.PendulumAPP:_processSerialData:121 - 🔄 数据来源: 串口接收 -> PendulumState.physical_length
2025-09-02 13:50:25.539 | INFO     | Pendulum.PendulumAPP:_processSerialData:120 - 📏 串口长度数据已更新: L20.754267 -> physical_length=20.754267
2025-09-02 13:50:25.540 | INFO     | Pendulum.PendulumAPP:_processSerialData:121 - 🔄 数据来源: 串口接收 -> PendulumState.physical_length
2025-09-02 13:50:25.587 | INFO     | Pendulum.PendulumAPP:_processSerialData:120 - 📏 串口长度数据已更新: L20.754267 -> physical_length=20.754267
2025-09-02 13:50:25.587 | INFO     | Pendulum.PendulumAPP:_processSerialData:121 - 🔄 数据来源: 串口接收 -> PendulumState.physical_length
2025-09-02 13:50:25.620 | INFO     | Pendulum.PendulumAPP:_processSerialData:120 - 📏 串口长度数据已更新: L20.754267 -> physical_length=20.754267
2025-09-02 13:50:25.620 | INFO     | Pendulum.PendulumAPP:_processSerialData:121 - 🔄 数据来源: 串口接收 -> PendulumState.physical_length
2025-09-02 13:50:25.668 | INFO     | Pendulum.PendulumAPP:_processSerialData:120 - 📏 串口长度数据已更新: L20.754267 -> physical_length=20.754267
2025-09-02 13:50:25.669 | INFO     | Pendulum.PendulumAPP:_processSerialData:121 - 🔄 数据来源: 串口接收 -> PendulumState.physical_length
2025-09-02 13:50:25.697 | INFO     | Pendulum.PendulumAPP:_processSerialData:120 - 📏 串口长度数据已更新: L20.754267 -> physical_length=20.754267
2025-09-02 13:50:25.698 | INFO     | Pendulum.PendulumAPP:_processSerialData:121 - 🔄 数据来源: 串口接收 -> PendulumState.physical_length
2025-09-02 13:50:25.745 | INFO     | Pendulum.PendulumAPP:_processSerialData:120 - 📏 串口长度数据已更新: L20.754267 -> physical_length=20.754267
2025-09-02 13:50:25.745 | INFO     | Pendulum.PendulumAPP:_processSerialData:121 - 🔄 数据来源: 串口接收 -> PendulumState.physical_length
2025-09-02 13:50:25.778 | INFO     | Pendulum.PendulumAPP:_processSerialData:120 - 📏 串口长度数据已更新: L20.754267 -> physical_length=20.754267
2025-09-02 13:50:25.779 | INFO     | Pendulum.PendulumAPP:_processSerialData:121 - 🔄 数据来源: 串口接收 -> PendulumState.physical_length
2025-09-02 13:50:25.825 | INFO     | Pendulum.PendulumAPP:_processSerialData:120 - 📏 串口长度数据已更新: L20.754267 -> physical_length=20.754267
2025-09-02 13:50:25.825 | INFO     | Pendulum.PendulumAPP:_processSerialData:121 - 🔄 数据来源: 串口接收 -> PendulumState.physical_length
2025-09-02 13:50:25.859 | INFO     | Pendulum.PendulumAPP:_processSerialData:120 - 📏 串口长度数据已更新: L20.754267 -> physical_length=20.754267
2025-09-02 13:50:25.859 | INFO     | Pendulum.PendulumAPP:_processSerialData:121 - 🔄 数据来源: 串口接收 -> PendulumState.physical_length
2025-09-02 13:50:25.910 | INFO     | Pendulum.PendulumAPP:_processSerialData:120 - 📏 串口长度数据已更新: L20.754267 -> physical_length=20.754267
2025-09-02 13:50:25.911 | INFO     | Pendulum.PendulumAPP:_processSerialData:121 - 🔄 数据来源: 串口接收 -> PendulumState.physical_length
2025-09-02 13:50:25.932 | INFO     | Pendulum.PendulumAPP:_processSerialData:120 - 📏 串口长度数据已更新: L20.754267 -> physical_length=20.754267
2025-09-02 13:50:25.934 | INFO     | Pendulum.PendulumAPP:_processSerialData:121 - 🔄 数据来源: 串口接收 -> PendulumState.physical_length
2025-09-02 13:50:25.982 | INFO     | Pendulum.PendulumAPP:_processSerialData:120 - 📏 串口长度数据已更新: L20.754267 -> physical_length=20.754267
2025-09-02 13:50:25.982 | INFO     | Pendulum.PendulumAPP:_processSerialData:121 - 🔄 数据来源: 串口接收 -> PendulumState.physical_length
2025-09-02 13:50:26.019 | INFO     | Pendulum.PendulumAPP:_processSerialData:120 - 📏 串口长度数据已更新: L20.754267 -> physical_length=20.754267
2025-09-02 13:50:26.020 | INFO     | Pendulum.PendulumAPP:_processSerialData:121 - 🔄 数据来源: 串口接收 -> PendulumState.physical_length
2025-09-02 13:50:26.063 | INFO     | Pendulum.PendulumAPP:_processSerialData:120 - 📏 串口长度数据已更新: L20.754267 -> physical_length=20.754267
2025-09-02 13:50:26.064 | INFO     | Pendulum.PendulumAPP:_processSerialData:121 - 🔄 数据来源: 串口接收 -> PendulumState.physical_length
2025-09-02 13:50:26.100 | INFO     | Pendulum.PendulumAPP:_processSerialData:120 - 📏 串口长度数据已更新: L20.754267 -> physical_length=20.754267
2025-09-02 13:50:26.101 | INFO     | Pendulum.PendulumAPP:_processSerialData:121 - 🔄 数据来源: 串口接收 -> PendulumState.physical_length
2025-09-02 13:50:26.147 | INFO     | Pendulum.PendulumAPP:_processSerialData:120 - 📏 串口长度数据已更新: L20.754267 -> physical_length=20.754267
2025-09-02 13:50:26.147 | INFO     | Pendulum.PendulumAPP:_processSerialData:121 - 🔄 数据来源: 串口接收 -> PendulumState.physical_length
2025-09-02 13:50:26.177 | INFO     | Pendulum.PendulumAPP:_processSerialData:120 - 📏 串口长度数据已更新: L20.754267 -> physical_length=20.754267
2025-09-02 13:50:26.177 | INFO     | Pendulum.PendulumAPP:_processSerialData:121 - 🔄 数据来源: 串口接收 -> PendulumState.physical_length
2025-09-02 13:50:26.227 | INFO     | Pendulum.PendulumAPP:_processSerialData:120 - 📏 串口长度数据已更新: L20.754267 -> physical_length=20.754267
2025-09-02 13:50:26.227 | INFO     | Pendulum.PendulumAPP:_processSerialData:121 - 🔄 数据来源: 串口接收 -> PendulumState.physical_length
2025-09-02 13:50:26.262 | INFO     | Pendulum.PendulumAPP:_processSerialData:120 - 📏 串口长度数据已更新: L20.754267 -> physical_length=20.754267
2025-09-02 13:50:26.263 | INFO     | Pendulum.PendulumAPP:_processSerialData:121 - 🔄 数据来源: 串口接收 -> PendulumState.physical_length
2025-09-02 13:50:26.307 | INFO     | Pendulum.PendulumAPP:_processSerialData:120 - 📏 串口长度数据已更新: L20.754267 -> physical_length=20.754267
2025-09-02 13:50:26.307 | INFO     | Pendulum.PendulumAPP:_processSerialData:121 - 🔄 数据来源: 串口接收 -> PendulumState.physical_length
2025-09-02 13:50:26.340 | INFO     | Pendulum.PendulumAPP:_processSerialData:120 - 📏 串口长度数据已更新: L20.754267 -> physical_length=20.754267
2025-09-02 13:50:26.340 | INFO     | Pendulum.PendulumAPP:_processSerialData:121 - 🔄 数据来源: 串口接收 -> PendulumState.physical_length
2025-09-02 13:50:26.385 | INFO     | Pendulum.PendulumAPP:_processSerialData:120 - 📏 串口长度数据已更新: L20.754267 -> physical_length=20.754267
2025-09-02 13:50:26.386 | INFO     | Pendulum.PendulumAPP:_processSerialData:121 - 🔄 数据来源: 串口接收 -> PendulumState.physical_length
2025-09-02 13:50:26.421 | INFO     | Pendulum.PendulumAPP:_processSerialData:120 - 📏 串口长度数据已更新: L20.754267 -> physical_length=20.754267
2025-09-02 13:50:26.422 | INFO     | Pendulum.PendulumAPP:_processSerialData:121 - 🔄 数据来源: 串口接收 -> PendulumState.physical_length
2025-09-02 13:50:26.468 | INFO     | Pendulum.PendulumAPP:_processSerialData:120 - 📏 串口长度数据已更新: L20.754267 -> physical_length=20.754267
2025-09-02 13:50:26.468 | INFO     | Pendulum.PendulumAPP:_processSerialData:121 - 🔄 数据来源: 串口接收 -> PendulumState.physical_length
2025-09-02 13:50:26.501 | INFO     | Pendulum.PendulumAPP:_keyEventWeb:268 - u2
2025-09-02 13:50:26.502 | INFO     | Pendulum.SerialConncet:send:199 - sendu2
2025-09-02 13:50:26.502 | INFO     | Pendulum.SerialConncet:send:201 - [发送] u2
2025-09-02 13:50:26.505 | INFO     | Pendulum.PendulumAPP:_processSerialData:120 - 📏 串口长度数据已更新: L20.754267 -> physical_length=20.754267
2025-09-02 13:50:26.505 | INFO     | Pendulum.PendulumAPP:_processSerialData:121 - 🔄 数据来源: 串口接收 -> PendulumState.physical_length
2025-09-02 13:50:26.546 | INFO     | Pendulum.PendulumAPP:_processSerialData:120 - 📏 串口长度数据已更新: L20.754267 -> physical_length=20.754267
2025-09-02 13:50:26.547 | INFO     | Pendulum.PendulumAPP:_processSerialData:121 - 🔄 数据来源: 串口接收 -> PendulumState.physical_length
2025-09-02 13:50:26.581 | INFO     | Pendulum.PendulumAPP:_processSerialData:120 - 📏 串口长度数据已更新: L20.754267 -> physical_length=20.754267
2025-09-02 13:50:26.582 | INFO     | Pendulum.PendulumAPP:_processSerialData:121 - 🔄 数据来源: 串口接收 -> PendulumState.physical_length
2025-09-02 13:50:26.622 | INFO     | Pendulum.PendulumAPP:_processSerialData:120 - 📏 串口长度数据已更新: L20.754267 -> physical_length=20.754267
2025-09-02 13:50:26.623 | INFO     | Pendulum.PendulumAPP:_processSerialData:121 - 🔄 数据来源: 串口接收 -> PendulumState.physical_length
2025-09-02 13:50:26.654 | INFO     | Pendulum.PendulumAPP:_processSerialData:120 - 📏 串口长度数据已更新: L20.754267 -> physical_length=20.754267
2025-09-02 13:50:26.654 | INFO     | Pendulum.PendulumAPP:_processSerialData:121 - 🔄 数据来源: 串口接收 -> PendulumState.physical_length
2025-09-02 13:50:26.711 | INFO     | Pendulum.PendulumAPP:_processSerialData:120 - 📏 串口长度数据已更新: L20.754267 -> physical_length=20.754267
2025-09-02 13:50:26.712 | INFO     | Pendulum.PendulumAPP:_processSerialData:121 - 🔄 数据来源: 串口接收 -> PendulumState.physical_length
2025-09-02 13:50:26.736 | INFO     | Pendulum.PendulumAPP:_processSerialData:120 - 📏 串口长度数据已更新: L20.754267 -> physical_length=20.754267
2025-09-02 13:50:26.737 | INFO     | Pendulum.PendulumAPP:_processSerialData:121 - 🔄 数据来源: 串口接收 -> PendulumState.physical_length
2025-09-02 13:50:26.785 | INFO     | Pendulum.PendulumAPP:_processSerialData:120 - 📏 串口长度数据已更新: L20.754267 -> physical_length=20.754267
2025-09-02 13:50:26.786 | INFO     | Pendulum.PendulumAPP:_processSerialData:121 - 🔄 数据来源: 串口接收 -> PendulumState.physical_length
2025-09-02 13:50:26.821 | INFO     | Pendulum.PendulumAPP:_processSerialData:120 - 📏 串口长度数据已更新: L20.754267 -> physical_length=20.754267
2025-09-02 13:50:26.821 | INFO     | Pendulum.PendulumAPP:_processSerialData:121 - 🔄 数据来源: 串口接收 -> PendulumState.physical_length
2025-09-02 13:50:26.866 | INFO     | Pendulum.PendulumAPP:_processSerialData:120 - 📏 串口长度数据已更新: L20.754267 -> physical_length=20.754267
2025-09-02 13:50:26.866 | INFO     | Pendulum.PendulumAPP:_processSerialData:121 - 🔄 数据来源: 串口接收 -> PendulumState.physical_length
2025-09-02 13:50:26.897 | INFO     | Pendulum.PendulumAPP:_processSerialData:120 - 📏 串口长度数据已更新: L20.754267 -> physical_length=20.754267
2025-09-02 13:50:26.900 | INFO     | Pendulum.PendulumAPP:_processSerialData:121 - 🔄 数据来源: 串口接收 -> PendulumState.physical_length
2025-09-02 13:50:26.949 | INFO     | Pendulum.PendulumAPP:_processSerialData:120 - 📏 串口长度数据已更新: L20.754267 -> physical_length=20.754267
2025-09-02 13:50:26.950 | INFO     | Pendulum.PendulumAPP:_processSerialData:121 - 🔄 数据来源: 串口接收 -> PendulumState.physical_length
2025-09-02 13:50:26.984 | INFO     | Pendulum.PendulumAPP:_processSerialData:120 - 📏 串口长度数据已更新: L20.754267 -> physical_length=20.754267
2025-09-02 13:50:26.985 | INFO     | Pendulum.PendulumAPP:_processSerialData:121 - 🔄 数据来源: 串口接收 -> PendulumState.physical_length
2025-09-02 13:50:27.025 | INFO     | Pendulum.PendulumAPP:_processSerialData:120 - 📏 串口长度数据已更新: L20.754267 -> physical_length=20.754267
2025-09-02 13:50:27.026 | INFO     | Pendulum.PendulumAPP:_processSerialData:121 - 🔄 数据来源: 串口接收 -> PendulumState.physical_length
2025-09-02 13:50:27.061 | INFO     | Pendulum.PendulumAPP:_processSerialData:120 - 📏 串口长度数据已更新: L20.754267 -> physical_length=20.754267
2025-09-02 13:50:27.062 | INFO     | Pendulum.PendulumAPP:_processSerialData:121 - 🔄 数据来源: 串口接收 -> PendulumState.physical_length
2025-09-02 13:50:27.112 | INFO     | Pendulum.PendulumAPP:_processSerialData:120 - 📏 串口长度数据已更新: L20.754267 -> physical_length=20.754267
2025-09-02 13:50:27.112 | INFO     | Pendulum.PendulumAPP:_processSerialData:121 - 🔄 数据来源: 串口接收 -> PendulumState.physical_length
2025-09-02 13:50:27.139 | INFO     | Pendulum.PendulumAPP:_processSerialData:120 - 📏 串口长度数据已更新: L20.754267 -> physical_length=20.754267
2025-09-02 13:50:27.140 | INFO     | Pendulum.PendulumAPP:_processSerialData:121 - 🔄 数据来源: 串口接收 -> PendulumState.physical_length
2025-09-02 13:50:27.193 | INFO     | Pendulum.PendulumAPP:_processSerialData:120 - 📏 串口长度数据已更新: L20.754267 -> physical_length=20.754267
2025-09-02 13:50:27.194 | INFO     | Pendulum.PendulumAPP:_processSerialData:121 - 🔄 数据来源: 串口接收 -> PendulumState.physical_length
2025-09-02 13:50:27.222 | INFO     | Pendulum.PendulumAPP:_processSerialData:120 - 📏 串口长度数据已更新: L20.754267 -> physical_length=20.754267
2025-09-02 13:50:27.222 | INFO     | Pendulum.PendulumAPP:_processSerialData:121 - 🔄 数据来源: 串口接收 -> PendulumState.physical_length
2025-09-02 13:50:27.271 | INFO     | Pendulum.PendulumAPP:_processSerialData:120 - 📏 串口长度数据已更新: L20.754267 -> physical_length=20.754267
2025-09-02 13:50:27.271 | INFO     | Pendulum.PendulumAPP:_processSerialData:121 - 🔄 数据来源: 串口接收 -> PendulumState.physical_length
2025-09-02 13:50:27.305 | INFO     | Pendulum.PendulumAPP:_processSerialData:120 - 📏 串口长度数据已更新: L20.754267 -> physical_length=20.754267
2025-09-02 13:50:27.305 | INFO     | Pendulum.PendulumAPP:_processSerialData:121 - 🔄 数据来源: 串口接收 -> PendulumState.physical_length
2025-09-02 13:50:27.349 | INFO     | Pendulum.PendulumAPP:_processSerialData:120 - 📏 串口长度数据已更新: L20.754267 -> physical_length=20.754267
2025-09-02 13:50:27.349 | INFO     | Pendulum.PendulumAPP:_processSerialData:121 - 🔄 数据来源: 串口接收 -> PendulumState.physical_length
2025-09-02 13:50:27.378 | INFO     | Pendulum.PendulumAPP:_processSerialData:120 - 📏 串口长度数据已更新: L20.754267 -> physical_length=20.754267
2025-09-02 13:50:27.378 | INFO     | Pendulum.PendulumAPP:_processSerialData:121 - 🔄 数据来源: 串口接收 -> PendulumState.physical_length
2025-09-02 13:50:27.429 | INFO     | Pendulum.PendulumAPP:_processSerialData:120 - 📏 串口长度数据已更新: L20.754267 -> physical_length=20.754267
2025-09-02 13:50:27.429 | INFO     | Pendulum.PendulumAPP:_processSerialData:121 - 🔄 数据来源: 串口接收 -> PendulumState.physical_length
2025-09-02 13:50:27.456 | INFO     | Pendulum.PendulumAPP:_processSerialData:120 - 📏 串口长度数据已更新: L20.754267 -> physical_length=20.754267
2025-09-02 13:50:27.457 | INFO     | Pendulum.PendulumAPP:_processSerialData:121 - 🔄 数据来源: 串口接收 -> PendulumState.physical_length
2025-09-02 13:50:27.507 | INFO     | Pendulum.PendulumAPP:_processSerialData:120 - 📏 串口长度数据已更新: L20.754267 -> physical_length=20.754267
2025-09-02 13:50:27.508 | INFO     | Pendulum.PendulumAPP:_processSerialData:121 - 🔄 数据来源: 串口接收 -> PendulumState.physical_length
2025-09-02 13:50:27.538 | INFO     | Pendulum.PendulumAPP:_processSerialData:120 - 📏 串口长度数据已更新: L20.754267 -> physical_length=20.754267
2025-09-02 13:50:27.539 | INFO     | Pendulum.PendulumAPP:_processSerialData:121 - 🔄 数据来源: 串口接收 -> PendulumState.physical_length
2025-09-02 13:50:27.586 | INFO     | Pendulum.PendulumAPP:_processSerialData:120 - 📏 串口长度数据已更新: L20.754267 -> physical_length=20.754267
2025-09-02 13:50:27.587 | INFO     | Pendulum.PendulumAPP:_processSerialData:121 - 🔄 数据来源: 串口接收 -> PendulumState.physical_length
2025-09-02 13:50:27.625 | INFO     | Pendulum.PendulumAPP:_processSerialData:120 - 📏 串口长度数据已更新: L20.754267 -> physical_length=20.754267
2025-09-02 13:50:27.625 | INFO     | Pendulum.PendulumAPP:_processSerialData:121 - 🔄 数据来源: 串口接收 -> PendulumState.physical_length
2025-09-02 13:50:27.667 | INFO     | Pendulum.PendulumAPP:_processSerialData:120 - 📏 串口长度数据已更新: L20.754267 -> physical_length=20.754267
2025-09-02 13:50:27.667 | INFO     | Pendulum.PendulumAPP:_processSerialData:121 - 🔄 数据来源: 串口接收 -> PendulumState.physical_length
2025-09-02 13:50:27.702 | INFO     | Pendulum.PendulumAPP:_processSerialData:120 - 📏 串口长度数据已更新: L20.754267 -> physical_length=20.754267
2025-09-02 13:50:27.703 | INFO     | Pendulum.PendulumAPP:_processSerialData:121 - 🔄 数据来源: 串口接收 -> PendulumState.physical_length
2025-09-02 13:50:27.748 | INFO     | Pendulum.PendulumAPP:_processSerialData:120 - 📏 串口长度数据已更新: L20.754267 -> physical_length=20.754267
2025-09-02 13:50:27.748 | INFO     | Pendulum.PendulumAPP:_processSerialData:121 - 🔄 数据来源: 串口接收 -> PendulumState.physical_length
2025-09-02 13:50:27.780 | INFO     | Pendulum.PendulumAPP:_processSerialData:120 - 📏 串口长度数据已更新: L20.754267 -> physical_length=20.754267
2025-09-02 13:50:27.780 | INFO     | Pendulum.PendulumAPP:_processSerialData:121 - 🔄 数据来源: 串口接收 -> PendulumState.physical_length
2025-09-02 13:50:27.823 | INFO     | Pendulum.PendulumAPP:_processSerialData:120 - 📏 串口长度数据已更新: L20.754267 -> physical_length=20.754267
2025-09-02 13:50:27.825 | INFO     | Pendulum.PendulumAPP:_processSerialData:121 - 🔄 数据来源: 串口接收 -> PendulumState.physical_length
2025-09-02 13:50:27.861 | INFO     | Pendulum.PendulumAPP:_processSerialData:120 - 📏 串口长度数据已更新: L20.754267 -> physical_length=20.754267
2025-09-02 13:50:27.862 | INFO     | Pendulum.PendulumAPP:_processSerialData:121 - 🔄 数据来源: 串口接收 -> PendulumState.physical_length
2025-09-02 13:50:27.908 | INFO     | Pendulum.PendulumAPP:_processSerialData:120 - 📏 串口长度数据已更新: L20.754267 -> physical_length=20.754267
2025-09-02 13:50:27.908 | INFO     | Pendulum.PendulumAPP:_processSerialData:121 - 🔄 数据来源: 串口接收 -> PendulumState.physical_length
2025-09-02 13:50:27.942 | INFO     | Pendulum.PendulumAPP:_processSerialData:120 - 📏 串口长度数据已更新: L20.754267 -> physical_length=20.754267
2025-09-02 13:50:27.942 | INFO     | Pendulum.PendulumAPP:_processSerialData:121 - 🔄 数据来源: 串口接收 -> PendulumState.physical_length
2025-09-02 13:50:27.987 | INFO     | Pendulum.PendulumAPP:_processSerialData:120 - 📏 串口长度数据已更新: L20.754267 -> physical_length=20.754267
2025-09-02 13:50:27.987 | INFO     | Pendulum.PendulumAPP:_processSerialData:121 - 🔄 数据来源: 串口接收 -> PendulumState.physical_length
2025-09-02 13:50:28.016 | INFO     | Pendulum.PendulumAPP:_processSerialData:120 - 📏 串口长度数据已更新: L20.754267 -> physical_length=20.754267
2025-09-02 13:50:28.019 | INFO     | Pendulum.PendulumAPP:_processSerialData:121 - 🔄 数据来源: 串口接收 -> PendulumState.physical_length
2025-09-02 13:50:28.063 | INFO     | Pendulum.PendulumAPP:_processSerialData:120 - 📏 串口长度数据已更新: L20.754267 -> physical_length=20.754267
2025-09-02 13:50:28.063 | INFO     | Pendulum.PendulumAPP:_processSerialData:121 - 🔄 数据来源: 串口接收 -> PendulumState.physical_length
2025-09-02 13:50:28.103 | INFO     | Pendulum.PendulumAPP:_processSerialData:120 - 📏 串口长度数据已更新: L20.754267 -> physical_length=20.754267
2025-09-02 13:50:28.104 | INFO     | Pendulum.PendulumAPP:_processSerialData:121 - 🔄 数据来源: 串口接收 -> PendulumState.physical_length
2025-09-02 13:50:28.147 | INFO     | Pendulum.PendulumAPP:_processSerialData:120 - 📏 串口长度数据已更新: L20.754267 -> physical_length=20.754267
2025-09-02 13:50:28.147 | INFO     | Pendulum.PendulumAPP:_processSerialData:121 - 🔄 数据来源: 串口接收 -> PendulumState.physical_length
2025-09-02 13:50:28.177 | INFO     | Pendulum.PendulumAPP:_processSerialData:120 - 📏 串口长度数据已更新: L20.754267 -> physical_length=20.754267
2025-09-02 13:50:28.177 | INFO     | Pendulum.PendulumAPP:_processSerialData:121 - 🔄 数据来源: 串口接收 -> PendulumState.physical_length
2025-09-02 13:50:28.233 | INFO     | Pendulum.PendulumAPP:_processSerialData:120 - 📏 串口长度数据已更新: L20.754267 -> physical_length=20.754267
2025-09-02 13:50:28.234 | INFO     | Pendulum.PendulumAPP:_processSerialData:121 - 🔄 数据来源: 串口接收 -> PendulumState.physical_length
2025-09-02 13:50:28.263 | INFO     | Pendulum.PendulumAPP:_processSerialData:120 - 📏 串口长度数据已更新: L20.754267 -> physical_length=20.754267
2025-09-02 13:50:28.263 | INFO     | Pendulum.PendulumAPP:_processSerialData:121 - 🔄 数据来源: 串口接收 -> PendulumState.physical_length
2025-09-02 13:50:28.308 | INFO     | Pendulum.PendulumAPP:_processSerialData:120 - 📏 串口长度数据已更新: L20.754267 -> physical_length=20.754267
2025-09-02 13:50:28.309 | INFO     | Pendulum.PendulumAPP:_processSerialData:121 - 🔄 数据来源: 串口接收 -> PendulumState.physical_length
2025-09-02 13:50:28.346 | INFO     | Pendulum.PendulumAPP:_processSerialData:120 - 📏 串口长度数据已更新: L20.754267 -> physical_length=20.754267
2025-09-02 13:50:28.348 | INFO     | Pendulum.PendulumAPP:_processSerialData:121 - 🔄 数据来源: 串口接收 -> PendulumState.physical_length
2025-09-02 13:50:28.388 | INFO     | Pendulum.PendulumAPP:_processSerialData:120 - 📏 串口长度数据已更新: L20.754267 -> physical_length=20.754267
2025-09-02 13:50:28.388 | INFO     | Pendulum.PendulumAPP:_processSerialData:121 - 🔄 数据来源: 串口接收 -> PendulumState.physical_length
2025-09-02 13:50:28.423 | INFO     | Pendulum.PendulumAPP:_processSerialData:120 - 📏 串口长度数据已更新: L20.754267 -> physical_length=20.754267
2025-09-02 13:50:28.425 | INFO     | Pendulum.PendulumAPP:_processSerialData:121 - 🔄 数据来源: 串口接收 -> PendulumState.physical_length
2025-09-02 13:50:28.469 | INFO     | Pendulum.PendulumAPP:_processSerialData:120 - 📏 串口长度数据已更新: L20.754267 -> physical_length=20.754267
2025-09-02 13:50:28.470 | INFO     | Pendulum.PendulumAPP:_processSerialData:121 - 🔄 数据来源: 串口接收 -> PendulumState.physical_length
2025-09-02 13:50:28.503 | INFO     | Pendulum.PendulumAPP:_processSerialData:120 - 📏 串口长度数据已更新: L20.754267 -> physical_length=20.754267
2025-09-02 13:50:28.504 | INFO     | Pendulum.PendulumAPP:_processSerialData:121 - 🔄 数据来源: 串口接收 -> PendulumState.physical_length
2025-09-02 13:50:28.544 | INFO     | Pendulum.PendulumAPP:_processSerialData:120 - 📏 串口长度数据已更新: L20.754267 -> physical_length=20.754267
2025-09-02 13:50:28.544 | INFO     | Pendulum.PendulumAPP:_processSerialData:121 - 🔄 数据来源: 串口接收 -> PendulumState.physical_length
2025-09-02 13:50:28.578 | INFO     | Pendulum.PendulumAPP:_processSerialData:120 - 📏 串口长度数据已更新: L20.754267 -> physical_length=20.754267
2025-09-02 13:50:28.579 | INFO     | Pendulum.PendulumAPP:_processSerialData:121 - 🔄 数据来源: 串口接收 -> PendulumState.physical_length
2025-09-02 13:50:28.624 | INFO     | Pendulum.PendulumAPP:_processSerialData:120 - 📏 串口长度数据已更新: L20.754267 -> physical_length=20.754267
2025-09-02 13:50:28.625 | INFO     | Pendulum.PendulumAPP:_processSerialData:121 - 🔄 数据来源: 串口接收 -> PendulumState.physical_length
2025-09-02 13:50:28.658 | INFO     | Pendulum.PendulumAPP:_processSerialData:120 - 📏 串口长度数据已更新: L20.754267 -> physical_length=20.754267
2025-09-02 13:50:28.659 | INFO     | Pendulum.PendulumAPP:_processSerialData:121 - 🔄 数据来源: 串口接收 -> PendulumState.physical_length
2025-09-02 13:50:28.705 | INFO     | Pendulum.PendulumAPP:_processSerialData:120 - 📏 串口长度数据已更新: L20.754267 -> physical_length=20.754267
2025-09-02 13:50:28.705 | INFO     | Pendulum.PendulumAPP:_processSerialData:121 - 🔄 数据来源: 串口接收 -> PendulumState.physical_length
2025-09-02 13:50:28.736 | INFO     | Pendulum.PendulumAPP:_processSerialData:120 - 📏 串口长度数据已更新: L20.754267 -> physical_length=20.754267
2025-09-02 13:50:28.737 | INFO     | Pendulum.PendulumAPP:_processSerialData:121 - 🔄 数据来源: 串口接收 -> PendulumState.physical_length
2025-09-02 13:50:28.784 | INFO     | Pendulum.PendulumAPP:_keyEventWeb:274 - u0
2025-09-02 13:50:28.784 | INFO     | Pendulum.SerialConncet:send:199 - sendu0
2025-09-02 13:50:28.786 | INFO     | Pendulum.SerialConncet:send:201 - [发送] u0
2025-09-02 13:50:28.788 | INFO     | Pendulum.PendulumAPP:_processSerialData:120 - 📏 串口长度数据已更新: L20.754267 -> physical_length=20.754267
2025-09-02 13:50:28.788 | INFO     | Pendulum.PendulumAPP:_processSerialData:121 - 🔄 数据来源: 串口接收 -> PendulumState.physical_length
2025-09-02 13:50:28.817 | INFO     | Pendulum.PendulumAPP:_processSerialData:120 - 📏 串口长度数据已更新: L20.754267 -> physical_length=20.754267
2025-09-02 13:50:28.817 | INFO     | Pendulum.PendulumAPP:_processSerialData:121 - 🔄 数据来源: 串口接收 -> PendulumState.physical_length
2025-09-02 13:50:28.865 | INFO     | Pendulum.PendulumAPP:_processSerialData:120 - 📏 串口长度数据已更新: L20.754267 -> physical_length=20.754267
2025-09-02 13:50:28.865 | INFO     | Pendulum.PendulumAPP:_processSerialData:121 - 🔄 数据来源: 串口接收 -> PendulumState.physical_length
2025-09-02 13:50:28.901 | INFO     | Pendulum.PendulumAPP:_processSerialData:120 - 📏 串口长度数据已更新: L20.754267 -> physical_length=20.754267
2025-09-02 13:50:28.901 | INFO     | Pendulum.PendulumAPP:_processSerialData:121 - 🔄 数据来源: 串口接收 -> PendulumState.physical_length
2025-09-02 13:50:28.946 | INFO     | Pendulum.PendulumAPP:_processSerialData:120 - 📏 串口长度数据已更新: L20.754267 -> physical_length=20.754267
2025-09-02 13:50:28.946 | INFO     | Pendulum.PendulumAPP:_processSerialData:121 - 🔄 数据来源: 串口接收 -> PendulumState.physical_length
2025-09-02 13:50:28.983 | INFO     | Pendulum.PendulumAPP:_processSerialData:120 - 📏 串口长度数据已更新: L20.754267 -> physical_length=20.754267
2025-09-02 13:50:28.984 | INFO     | Pendulum.PendulumAPP:_processSerialData:121 - 🔄 数据来源: 串口接收 -> PendulumState.physical_length
2025-09-02 13:50:29.028 | INFO     | Pendulum.PendulumAPP:_processSerialData:120 - 📏 串口长度数据已更新: L20.754267 -> physical_length=20.754267
2025-09-02 13:50:29.028 | INFO     | Pendulum.PendulumAPP:_processSerialData:121 - 🔄 数据来源: 串口接收 -> PendulumState.physical_length
2025-09-02 13:50:29.061 | INFO     | Pendulum.PendulumAPP:_processSerialData:120 - 📏 串口长度数据已更新: L20.754267 -> physical_length=20.754267
2025-09-02 13:50:29.061 | INFO     | Pendulum.PendulumAPP:_processSerialData:121 - 🔄 数据来源: 串口接收 -> PendulumState.physical_length
2025-09-02 13:50:29.111 | INFO     | Pendulum.PendulumAPP:_processSerialData:120 - 📏 串口长度数据已更新: L20.754267 -> physical_length=20.754267
2025-09-02 13:50:29.112 | INFO     | Pendulum.PendulumAPP:_processSerialData:121 - 🔄 数据来源: 串口接收 -> PendulumState.physical_length
2025-09-02 13:50:29.140 | INFO     | Pendulum.PendulumAPP:_processSerialData:120 - 📏 串口长度数据已更新: L20.754267 -> physical_length=20.754267
2025-09-02 13:50:29.141 | INFO     | Pendulum.PendulumAPP:_processSerialData:121 - 🔄 数据来源: 串口接收 -> PendulumState.physical_length
2025-09-02 13:50:29.185 | INFO     | Pendulum.PendulumAPP:_processSerialData:120 - 📏 串口长度数据已更新: L20.754267 -> physical_length=20.754267
2025-09-02 13:50:29.186 | INFO     | Pendulum.PendulumAPP:_processSerialData:121 - 🔄 数据来源: 串口接收 -> PendulumState.physical_length
2025-09-02 13:50:29.223 | INFO     | Pendulum.PendulumAPP:_processSerialData:120 - 📏 串口长度数据已更新: L20.754267 -> physical_length=20.754267
2025-09-02 13:50:29.223 | INFO     | Pendulum.PendulumAPP:_processSerialData:121 - 🔄 数据来源: 串口接收 -> PendulumState.physical_length
2025-09-02 13:50:29.266 | INFO     | Pendulum.PendulumAPP:_processSerialData:120 - 📏 串口长度数据已更新: L20.754267 -> physical_length=20.754267
2025-09-02 13:50:29.266 | INFO     | Pendulum.PendulumAPP:_processSerialData:121 - 🔄 数据来源: 串口接收 -> PendulumState.physical_length
2025-09-02 13:50:29.298 | INFO     | Pendulum.PendulumAPP:_processSerialData:120 - 📏 串口长度数据已更新: L20.754267 -> physical_length=20.754267
2025-09-02 13:50:29.298 | INFO     | Pendulum.PendulumAPP:_processSerialData:121 - 🔄 数据来源: 串口接收 -> PendulumState.physical_length
2025-09-02 13:50:29.351 | INFO     | Pendulum.PendulumAPP:_processSerialData:120 - 📏 串口长度数据已更新: L20.754267 -> physical_length=20.754267
2025-09-02 13:50:29.352 | INFO     | Pendulum.PendulumAPP:_processSerialData:121 - 🔄 数据来源: 串口接收 -> PendulumState.physical_length
2025-09-02 13:50:29.377 | INFO     | Pendulum.PendulumAPP:_processSerialData:120 - 📏 串口长度数据已更新: L20.754267 -> physical_length=20.754267
2025-09-02 13:50:29.378 | INFO     | Pendulum.PendulumAPP:_processSerialData:121 - 🔄 数据来源: 串口接收 -> PendulumState.physical_length
2025-09-02 13:50:29.427 | INFO     | Pendulum.PendulumAPP:_processSerialData:120 - 📏 串口长度数据已更新: L20.754267 -> physical_length=20.754267
2025-09-02 13:50:29.427 | INFO     | Pendulum.PendulumAPP:_processSerialData:121 - 🔄 数据来源: 串口接收 -> PendulumState.physical_length
2025-09-02 13:50:29.456 | INFO     | Pendulum.PendulumAPP:_processSerialData:120 - 📏 串口长度数据已更新: L20.754267 -> physical_length=20.754267
2025-09-02 13:50:29.457 | INFO     | Pendulum.PendulumAPP:_processSerialData:121 - 🔄 数据来源: 串口接收 -> PendulumState.physical_length
2025-09-02 13:50:29.504 | INFO     | Pendulum.PendulumAPP:_processSerialData:120 - 📏 串口长度数据已更新: L20.754267 -> physical_length=20.754267
2025-09-02 13:50:29.504 | INFO     | Pendulum.PendulumAPP:_processSerialData:121 - 🔄 数据来源: 串口接收 -> PendulumState.physical_length
2025-09-02 13:50:29.536 | INFO     | Pendulum.PendulumAPP:_processSerialData:120 - 📏 串口长度数据已更新: L20.754267 -> physical_length=20.754267
2025-09-02 13:50:29.537 | INFO     | Pendulum.PendulumAPP:_processSerialData:121 - 🔄 数据来源: 串口接收 -> PendulumState.physical_length
2025-09-02 13:50:29.586 | INFO     | Pendulum.PendulumAPP:_processSerialData:120 - 📏 串口长度数据已更新: L20.754267 -> physical_length=20.754267
2025-09-02 13:50:29.586 | INFO     | Pendulum.PendulumAPP:_processSerialData:121 - 🔄 数据来源: 串口接收 -> PendulumState.physical_length
2025-09-02 13:50:29.618 | INFO     | Pendulum.PendulumAPP:_processSerialData:120 - 📏 串口长度数据已更新: L20.754267 -> physical_length=20.754267
2025-09-02 13:50:29.619 | INFO     | Pendulum.PendulumAPP:_processSerialData:121 - 🔄 数据来源: 串口接收 -> PendulumState.physical_length
2025-09-02 13:50:29.667 | INFO     | Pendulum.PendulumAPP:_processSerialData:120 - 📏 串口长度数据已更新: L20.754267 -> physical_length=20.754267
2025-09-02 13:50:29.668 | INFO     | Pendulum.PendulumAPP:_processSerialData:121 - 🔄 数据来源: 串口接收 -> PendulumState.physical_length
2025-09-02 13:50:29.702 | INFO     | Pendulum.PendulumAPP:_processSerialData:120 - 📏 串口长度数据已更新: L20.754267 -> physical_length=20.754267
2025-09-02 13:50:29.702 | INFO     | Pendulum.PendulumAPP:_processSerialData:121 - 🔄 数据来源: 串口接收 -> PendulumState.physical_length
2025-09-02 13:50:29.747 | INFO     | Pendulum.PendulumAPP:_processSerialData:120 - 📏 串口长度数据已更新: L20.754267 -> physical_length=20.754267
2025-09-02 13:50:29.748 | INFO     | Pendulum.PendulumAPP:_processSerialData:121 - 🔄 数据来源: 串口接收 -> PendulumState.physical_length
2025-09-02 13:50:29.774 | INFO     | Pendulum.PendulumAPP:_processSerialData:120 - 📏 串口长度数据已更新: L20.754267 -> physical_length=20.754267
2025-09-02 13:50:29.775 | INFO     | Pendulum.PendulumAPP:_processSerialData:121 - 🔄 数据来源: 串口接收 -> PendulumState.physical_length
2025-09-02 13:50:29.827 | INFO     | Pendulum.PendulumAPP:_processSerialData:120 - 📏 串口长度数据已更新: L20.754267 -> physical_length=20.754267
2025-09-02 13:50:29.827 | INFO     | Pendulum.PendulumAPP:_processSerialData:121 - 🔄 数据来源: 串口接收 -> PendulumState.physical_length
2025-09-02 13:50:29.855 | INFO     | Pendulum.PendulumAPP:_processSerialData:120 - 📏 串口长度数据已更新: L20.754267 -> physical_length=20.754267
2025-09-02 13:50:29.856 | INFO     | Pendulum.PendulumAPP:_processSerialData:121 - 🔄 数据来源: 串口接收 -> PendulumState.physical_length
2025-09-02 13:50:29.908 | INFO     | Pendulum.PendulumAPP:_processSerialData:120 - 📏 串口长度数据已更新: L20.754267 -> physical_length=20.754267
2025-09-02 13:50:29.909 | INFO     | Pendulum.PendulumAPP:_processSerialData:121 - 🔄 数据来源: 串口接收 -> PendulumState.physical_length
2025-09-02 13:50:29.938 | INFO     | Pendulum.PendulumAPP:_processSerialData:120 - 📏 串口长度数据已更新: L20.754267 -> physical_length=20.754267
2025-09-02 13:50:29.938 | INFO     | Pendulum.PendulumAPP:_processSerialData:121 - 🔄 数据来源: 串口接收 -> PendulumState.physical_length
2025-09-02 13:50:29.985 | INFO     | Pendulum.PendulumAPP:_processSerialData:120 - 📏 串口长度数据已更新: L20.754267 -> physical_length=20.754267
2025-09-02 13:50:29.985 | INFO     | Pendulum.PendulumAPP:_processSerialData:121 - 🔄 数据来源: 串口接收 -> PendulumState.physical_length
2025-09-02 13:50:30.015 | INFO     | Pendulum.PendulumAPP:_processSerialData:120 - 📏 串口长度数据已更新: L20.754267 -> physical_length=20.754267
2025-09-02 13:50:30.016 | INFO     | Pendulum.PendulumAPP:_processSerialData:121 - 🔄 数据来源: 串口接收 -> PendulumState.physical_length
2025-09-02 13:50:30.064 | INFO     | Pendulum.PendulumAPP:_processSerialData:120 - 📏 串口长度数据已更新: L20.754267 -> physical_length=20.754267
2025-09-02 13:50:30.065 | INFO     | Pendulum.PendulumAPP:_processSerialData:121 - 🔄 数据来源: 串口接收 -> PendulumState.physical_length
2025-09-02 13:50:30.097 | INFO     | Pendulum.PendulumAPP:_processSerialData:120 - 📏 串口长度数据已更新: L20.754267 -> physical_length=20.754267
2025-09-02 13:50:30.098 | INFO     | Pendulum.PendulumAPP:_processSerialData:121 - 🔄 数据来源: 串口接收 -> PendulumState.physical_length
2025-09-02 13:50:30.148 | INFO     | Pendulum.PendulumAPP:_processSerialData:120 - 📏 串口长度数据已更新: L20.754267 -> physical_length=20.754267
2025-09-02 13:50:30.148 | INFO     | Pendulum.PendulumAPP:_processSerialData:121 - 🔄 数据来源: 串口接收 -> PendulumState.physical_length
2025-09-02 13:50:30.176 | INFO     | Pendulum.PendulumAPP:_processSerialData:120 - 📏 串口长度数据已更新: L20.754267 -> physical_length=20.754267
2025-09-02 13:50:30.176 | INFO     | Pendulum.PendulumAPP:_processSerialData:121 - 🔄 数据来源: 串口接收 -> PendulumState.physical_length
2025-09-02 13:50:30.225 | INFO     | Pendulum.PendulumAPP:_processSerialData:120 - 📏 串口长度数据已更新: L20.754267 -> physical_length=20.754267
2025-09-02 13:50:30.226 | INFO     | Pendulum.PendulumAPP:_processSerialData:121 - 🔄 数据来源: 串口接收 -> PendulumState.physical_length
2025-09-02 13:50:30.261 | INFO     | Pendulum.PendulumAPP:_processSerialData:120 - 📏 串口长度数据已更新: L20.754267 -> physical_length=20.754267
2025-09-02 13:50:30.262 | INFO     | Pendulum.PendulumAPP:_processSerialData:121 - 🔄 数据来源: 串口接收 -> PendulumState.physical_length
2025-09-02 13:50:30.305 | INFO     | Pendulum.PendulumAPP:_processSerialData:120 - 📏 串口长度数据已更新: L20.754267 -> physical_length=20.754267
2025-09-02 13:50:30.306 | INFO     | Pendulum.PendulumAPP:_processSerialData:121 - 🔄 数据来源: 串口接收 -> PendulumState.physical_length
2025-09-02 13:50:30.342 | INFO     | Pendulum.PendulumAPP:_processSerialData:120 - 📏 串口长度数据已更新: L20.754267 -> physical_length=20.754267
2025-09-02 13:50:30.343 | INFO     | Pendulum.PendulumAPP:_processSerialData:121 - 🔄 数据来源: 串口接收 -> PendulumState.physical_length
2025-09-02 13:50:30.386 | INFO     | Pendulum.PendulumAPP:_processSerialData:120 - 📏 串口长度数据已更新: L20.754267 -> physical_length=20.754267
2025-09-02 13:50:30.386 | INFO     | Pendulum.PendulumAPP:_processSerialData:121 - 🔄 数据来源: 串口接收 -> PendulumState.physical_length
2025-09-02 13:50:30.420 | INFO     | Pendulum.PendulumAPP:_processSerialData:120 - 📏 串口长度数据已更新: L20.754267 -> physical_length=20.754267
2025-09-02 13:50:30.421 | INFO     | Pendulum.PendulumAPP:_processSerialData:121 - 🔄 数据来源: 串口接收 -> PendulumState.physical_length
2025-09-02 13:50:30.467 | INFO     | Pendulum.PendulumAPP:_processSerialData:120 - 📏 串口长度数据已更新: L20.754267 -> physical_length=20.754267
2025-09-02 13:50:30.467 | INFO     | Pendulum.PendulumAPP:_processSerialData:121 - 🔄 数据来源: 串口接收 -> PendulumState.physical_length
2025-09-02 13:50:30.496 | INFO     | Pendulum.PendulumAPP:_processSerialData:120 - 📏 串口长度数据已更新: L20.754267 -> physical_length=20.754267
2025-09-02 13:50:30.497 | INFO     | Pendulum.PendulumAPP:_processSerialData:121 - 🔄 数据来源: 串口接收 -> PendulumState.physical_length
2025-09-02 13:50:30.549 | INFO     | Pendulum.PendulumAPP:_processSerialData:120 - 📏 串口长度数据已更新: L20.754267 -> physical_length=20.754267
2025-09-02 13:50:30.549 | INFO     | Pendulum.PendulumAPP:_processSerialData:121 - 🔄 数据来源: 串口接收 -> PendulumState.physical_length
2025-09-02 13:50:30.583 | INFO     | Pendulum.PendulumAPP:_processSerialData:120 - 📏 串口长度数据已更新: L20.754267 -> physical_length=20.754267
2025-09-02 13:50:30.584 | INFO     | Pendulum.PendulumAPP:_processSerialData:121 - 🔄 数据来源: 串口接收 -> PendulumState.physical_length
2025-09-02 13:50:30.627 | INFO     | Pendulum.PendulumAPP:_processSerialData:120 - 📏 串口长度数据已更新: L20.754267 -> physical_length=20.754267
2025-09-02 13:50:30.627 | INFO     | Pendulum.PendulumAPP:_processSerialData:121 - 🔄 数据来源: 串口接收 -> PendulumState.physical_length
2025-09-02 13:50:30.656 | INFO     | Pendulum.PendulumAPP:_processSerialData:120 - 📏 串口长度数据已更新: L20.754267 -> physical_length=20.754267
2025-09-02 13:50:30.657 | INFO     | Pendulum.PendulumAPP:_processSerialData:121 - 🔄 数据来源: 串口接收 -> PendulumState.physical_length
2025-09-02 13:50:30.707 | INFO     | Pendulum.PendulumAPP:_processSerialData:120 - 📏 串口长度数据已更新: L20.754267 -> physical_length=20.754267
2025-09-02 13:50:30.708 | INFO     | Pendulum.PendulumAPP:_processSerialData:121 - 🔄 数据来源: 串口接收 -> PendulumState.physical_length
2025-09-02 13:50:30.733 | INFO     | Pendulum.PendulumAPP:_processSerialData:120 - 📏 串口长度数据已更新: L20.754267 -> physical_length=20.754267
2025-09-02 13:50:30.733 | INFO     | Pendulum.PendulumAPP:_processSerialData:121 - 🔄 数据来源: 串口接收 -> PendulumState.physical_length
2025-09-02 13:50:30.783 | INFO     | Pendulum.PendulumAPP:_processSerialData:120 - 📏 串口长度数据已更新: L20.754267 -> physical_length=20.754267
2025-09-02 13:50:30.784 | INFO     | Pendulum.PendulumAPP:_processSerialData:121 - 🔄 数据来源: 串口接收 -> PendulumState.physical_length
2025-09-02 13:50:30.818 | INFO     | Pendulum.PendulumAPP:_processSerialData:120 - 📏 串口长度数据已更新: L20.754267 -> physical_length=20.754267
2025-09-02 13:50:30.818 | INFO     | Pendulum.PendulumAPP:_processSerialData:121 - 🔄 数据来源: 串口接收 -> PendulumState.physical_length
2025-09-02 13:50:30.867 | INFO     | Pendulum.PendulumAPP:_processSerialData:120 - 📏 串口长度数据已更新: L20.754267 -> physical_length=20.754267
2025-09-02 13:50:30.867 | INFO     | Pendulum.PendulumAPP:_processSerialData:121 - 🔄 数据来源: 串口接收 -> PendulumState.physical_length
2025-09-02 13:50:30.899 | INFO     | Pendulum.PendulumAPP:_processSerialData:120 - 📏 串口长度数据已更新: L20.754267 -> physical_length=20.754267
2025-09-02 13:50:30.900 | INFO     | Pendulum.PendulumAPP:_processSerialData:121 - 🔄 数据来源: 串口接收 -> PendulumState.physical_length
2025-09-02 13:50:30.951 | INFO     | Pendulum.PendulumAPP:_processSerialData:120 - 📏 串口长度数据已更新: L20.754267 -> physical_length=20.754267
2025-09-02 13:50:30.952 | INFO     | Pendulum.PendulumAPP:_processSerialData:121 - 🔄 数据来源: 串口接收 -> PendulumState.physical_length
2025-09-02 13:50:30.979 | INFO     | Pendulum.PendulumAPP:_processSerialData:120 - 📏 串口长度数据已更新: L20.754267 -> physical_length=20.754267
2025-09-02 13:50:30.979 | INFO     | Pendulum.PendulumAPP:_processSerialData:121 - 🔄 数据来源: 串口接收 -> PendulumState.physical_length
2025-09-02 13:50:31.027 | INFO     | Pendulum.PendulumAPP:_processSerialData:120 - 📏 串口长度数据已更新: L20.754267 -> physical_length=20.754267
2025-09-02 13:50:31.027 | INFO     | Pendulum.PendulumAPP:_processSerialData:121 - 🔄 数据来源: 串口接收 -> PendulumState.physical_length
2025-09-02 13:50:31.061 | INFO     | Pendulum.PendulumAPP:_processSerialData:120 - 📏 串口长度数据已更新: L20.754267 -> physical_length=20.754267
2025-09-02 13:50:31.062 | INFO     | Pendulum.PendulumAPP:_processSerialData:121 - 🔄 数据来源: 串口接收 -> PendulumState.physical_length
2025-09-02 13:50:31.104 | INFO     | Pendulum.PendulumAPP:_processSerialData:120 - 📏 串口长度数据已更新: L20.754267 -> physical_length=20.754267
2025-09-02 13:50:31.104 | INFO     | Pendulum.PendulumAPP:_processSerialData:121 - 🔄 数据来源: 串口接收 -> PendulumState.physical_length
2025-09-02 13:50:31.138 | INFO     | Pendulum.PendulumAPP:_processSerialData:120 - 📏 串口长度数据已更新: L20.754267 -> physical_length=20.754267
2025-09-02 13:50:31.139 | INFO     | Pendulum.PendulumAPP:_processSerialData:121 - 🔄 数据来源: 串口接收 -> PendulumState.physical_length
2025-09-02 13:50:31.196 | INFO     | Pendulum.PendulumAPP:_processSerialData:120 - 📏 串口长度数据已更新: L20.754267 -> physical_length=20.754267
2025-09-02 13:50:31.196 | INFO     | Pendulum.PendulumAPP:_processSerialData:121 - 🔄 数据来源: 串口接收 -> PendulumState.physical_length
2025-09-02 13:50:31.221 | INFO     | Pendulum.PendulumAPP:_processSerialData:120 - 📏 串口长度数据已更新: L20.754267 -> physical_length=20.754267
2025-09-02 13:50:31.221 | INFO     | Pendulum.PendulumAPP:_processSerialData:121 - 🔄 数据来源: 串口接收 -> PendulumState.physical_length
2025-09-02 13:50:31.267 | INFO     | Pendulum.PendulumAPP:_processSerialData:120 - 📏 串口长度数据已更新: L20.754267 -> physical_length=20.754267
2025-09-02 13:50:31.268 | INFO     | Pendulum.PendulumAPP:_processSerialData:121 - 🔄 数据来源: 串口接收 -> PendulumState.physical_length
2025-09-02 13:50:31.302 | INFO     | Pendulum.PendulumAPP:_processSerialData:120 - 📏 串口长度数据已更新: L20.754267 -> physical_length=20.754267
2025-09-02 13:50:31.303 | INFO     | Pendulum.PendulumAPP:_processSerialData:121 - 🔄 数据来源: 串口接收 -> PendulumState.physical_length
2025-09-02 13:50:31.344 | INFO     | Pendulum.PendulumAPP:_processSerialData:120 - 📏 串口长度数据已更新: L20.754267 -> physical_length=20.754267
2025-09-02 13:50:31.344 | INFO     | Pendulum.PendulumAPP:_processSerialData:121 - 🔄 数据来源: 串口接收 -> PendulumState.physical_length
2025-09-02 13:50:31.380 | INFO     | Pendulum.PendulumAPP:_processSerialData:120 - 📏 串口长度数据已更新: L20.754267 -> physical_length=20.754267
2025-09-02 13:50:31.380 | INFO     | Pendulum.PendulumAPP:_processSerialData:121 - 🔄 数据来源: 串口接收 -> PendulumState.physical_length
2025-09-02 13:50:31.428 | INFO     | Pendulum.PendulumAPP:_processSerialData:120 - 📏 串口长度数据已更新: L20.754267 -> physical_length=20.754267
2025-09-02 13:50:31.428 | INFO     | Pendulum.PendulumAPP:_processSerialData:121 - 🔄 数据来源: 串口接收 -> PendulumState.physical_length
2025-09-02 13:50:31.460 | INFO     | Pendulum.PendulumAPP:_processSerialData:120 - 📏 串口长度数据已更新: L20.754267 -> physical_length=20.754267
2025-09-02 13:50:31.460 | INFO     | Pendulum.PendulumAPP:_processSerialData:121 - 🔄 数据来源: 串口接收 -> PendulumState.physical_length
2025-09-02 13:50:31.509 | INFO     | Pendulum.PendulumAPP:_processSerialData:120 - 📏 串口长度数据已更新: L20.754267 -> physical_length=20.754267
2025-09-02 13:50:31.510 | INFO     | Pendulum.PendulumAPP:_processSerialData:121 - 🔄 数据来源: 串口接收 -> PendulumState.physical_length
2025-09-02 13:50:31.537 | INFO     | Pendulum.PendulumAPP:_processSerialData:120 - 📏 串口长度数据已更新: L20.754267 -> physical_length=20.754267
2025-09-02 13:50:31.537 | INFO     | Pendulum.PendulumAPP:_processSerialData:121 - 🔄 数据来源: 串口接收 -> PendulumState.physical_length
2025-09-02 13:50:31.588 | INFO     | Pendulum.PendulumAPP:_processSerialData:120 - 📏 串口长度数据已更新: L20.754267 -> physical_length=20.754267
2025-09-02 13:50:31.588 | INFO     | Pendulum.PendulumAPP:_processSerialData:121 - 🔄 数据来源: 串口接收 -> PendulumState.physical_length
2025-09-02 13:50:31.618 | INFO     | Pendulum.PendulumAPP:_processSerialData:120 - 📏 串口长度数据已更新: L20.754267 -> physical_length=20.754267
2025-09-02 13:50:31.618 | INFO     | Pendulum.PendulumAPP:_processSerialData:121 - 🔄 数据来源: 串口接收 -> PendulumState.physical_length
2025-09-02 13:50:31.665 | INFO     | Pendulum.PendulumAPP:_processSerialData:120 - 📏 串口长度数据已更新: L20.754267 -> physical_length=20.754267
2025-09-02 13:50:31.665 | INFO     | Pendulum.PendulumAPP:_processSerialData:121 - 🔄 数据来源: 串口接收 -> PendulumState.physical_length
2025-09-02 13:50:31.696 | INFO     | Pendulum.PendulumAPP:_processSerialData:120 - 📏 串口长度数据已更新: L20.754267 -> physical_length=20.754267
2025-09-02 13:50:31.697 | INFO     | Pendulum.PendulumAPP:_processSerialData:121 - 🔄 数据来源: 串口接收 -> PendulumState.physical_length
2025-09-02 13:50:31.750 | INFO     | Pendulum.PendulumAPP:_processSerialData:120 - 📏 串口长度数据已更新: L20.754267 -> physical_length=20.754267
2025-09-02 13:50:31.750 | INFO     | Pendulum.PendulumAPP:_processSerialData:121 - 🔄 数据来源: 串口接收 -> PendulumState.physical_length
2025-09-02 13:50:31.781 | INFO     | Pendulum.PendulumAPP:_processSerialData:120 - 📏 串口长度数据已更新: L20.754267 -> physical_length=20.754267
2025-09-02 13:50:31.781 | INFO     | Pendulum.PendulumAPP:_processSerialData:121 - 🔄 数据来源: 串口接收 -> PendulumState.physical_length
2025-09-02 13:50:31.827 | INFO     | Pendulum.PendulumAPP:_processSerialData:120 - 📏 串口长度数据已更新: L20.754267 -> physical_length=20.754267
2025-09-02 13:50:31.828 | INFO     | Pendulum.PendulumAPP:_processSerialData:121 - 🔄 数据来源: 串口接收 -> PendulumState.physical_length
2025-09-02 13:50:31.856 | INFO     | Pendulum.PendulumAPP:_processSerialData:120 - 📏 串口长度数据已更新: L20.754267 -> physical_length=20.754267
2025-09-02 13:50:31.857 | INFO     | Pendulum.PendulumAPP:_processSerialData:121 - 🔄 数据来源: 串口接收 -> PendulumState.physical_length
2025-09-02 13:50:31.905 | INFO     | Pendulum.PendulumAPP:_processSerialData:120 - 📏 串口长度数据已更新: L20.754267 -> physical_length=20.754267
2025-09-02 13:50:31.905 | INFO     | Pendulum.PendulumAPP:_processSerialData:121 - 🔄 数据来源: 串口接收 -> PendulumState.physical_length
2025-09-02 13:50:31.944 | INFO     | Pendulum.PendulumAPP:_processSerialData:120 - 📏 串口长度数据已更新: L20.754267 -> physical_length=20.754267
2025-09-02 13:50:31.948 | INFO     | Pendulum.PendulumAPP:_processSerialData:121 - 🔄 数据来源: 串口接收 -> PendulumState.physical_length
2025-09-02 13:50:31.984 | INFO     | Pendulum.PendulumAPP:_processSerialData:120 - 📏 串口长度数据已更新: L20.754267 -> physical_length=20.754267
2025-09-02 13:50:31.984 | INFO     | Pendulum.PendulumAPP:_processSerialData:121 - 🔄 数据来源: 串口接收 -> PendulumState.physical_length
2025-09-02 13:50:32.018 | INFO     | Pendulum.PendulumAPP:_processSerialData:120 - 📏 串口长度数据已更新: L20.754267 -> physical_length=20.754267
2025-09-02 13:50:32.018 | INFO     | Pendulum.PendulumAPP:_processSerialData:121 - 🔄 数据来源: 串口接收 -> PendulumState.physical_length
2025-09-02 13:50:32.067 | INFO     | Pendulum.PendulumAPP:_processSerialData:120 - 📏 串口长度数据已更新: L20.754267 -> physical_length=20.754267
2025-09-02 13:50:32.068 | INFO     | Pendulum.PendulumAPP:_processSerialData:121 - 🔄 数据来源: 串口接收 -> PendulumState.physical_length
2025-09-02 13:50:32.097 | INFO     | Pendulum.PendulumAPP:_processSerialData:120 - 📏 串口长度数据已更新: L20.754267 -> physical_length=20.754267
2025-09-02 13:50:32.099 | INFO     | Pendulum.PendulumAPP:_processSerialData:121 - 🔄 数据来源: 串口接收 -> PendulumState.physical_length
2025-09-02 13:50:32.147 | INFO     | Pendulum.PendulumAPP:_processSerialData:120 - 📏 串口长度数据已更新: L20.754267 -> physical_length=20.754267
2025-09-02 13:50:32.147 | INFO     | Pendulum.PendulumAPP:_processSerialData:121 - 🔄 数据来源: 串口接收 -> PendulumState.physical_length
2025-09-02 13:50:32.185 | INFO     | Pendulum.PendulumAPP:_processSerialData:120 - 📏 串口长度数据已更新: L20.754267 -> physical_length=20.754267
2025-09-02 13:50:32.188 | INFO     | Pendulum.PendulumAPP:_processSerialData:121 - 🔄 数据来源: 串口接收 -> PendulumState.physical_length
2025-09-02 13:50:32.225 | INFO     | Pendulum.PendulumAPP:_processSerialData:120 - 📏 串口长度数据已更新: L20.754267 -> physical_length=20.754267
2025-09-02 13:50:32.226 | INFO     | Pendulum.PendulumAPP:_processSerialData:121 - 🔄 数据来源: 串口接收 -> PendulumState.physical_length
2025-09-02 13:50:32.258 | INFO     | Pendulum.PendulumAPP:_processSerialData:120 - 📏 串口长度数据已更新: L20.754267 -> physical_length=20.754267
2025-09-02 13:50:32.258 | INFO     | Pendulum.PendulumAPP:_processSerialData:121 - 🔄 数据来源: 串口接收 -> PendulumState.physical_length
2025-09-02 13:50:32.305 | INFO     | Pendulum.PendulumAPP:_processSerialData:120 - 📏 串口长度数据已更新: L20.754267 -> physical_length=20.754267
2025-09-02 13:50:32.307 | INFO     | Pendulum.PendulumAPP:_processSerialData:121 - 🔄 数据来源: 串口接收 -> PendulumState.physical_length
2025-09-02 13:50:32.340 | INFO     | Pendulum.PendulumAPP:_processSerialData:120 - 📏 串口长度数据已更新: L20.754267 -> physical_length=20.754267
2025-09-02 13:50:32.340 | INFO     | Pendulum.PendulumAPP:_processSerialData:121 - 🔄 数据来源: 串口接收 -> PendulumState.physical_length
2025-09-02 13:50:32.387 | INFO     | Pendulum.PendulumAPP:_processSerialData:120 - 📏 串口长度数据已更新: L20.754267 -> physical_length=20.754267
2025-09-02 13:50:32.387 | INFO     | Pendulum.PendulumAPP:_processSerialData:121 - 🔄 数据来源: 串口接收 -> PendulumState.physical_length
2025-09-02 13:50:32.420 | INFO     | Pendulum.PendulumAPP:_processSerialData:120 - 📏 串口长度数据已更新: L20.754267 -> physical_length=20.754267
2025-09-02 13:50:32.420 | INFO     | Pendulum.PendulumAPP:_processSerialData:121 - 🔄 数据来源: 串口接收 -> PendulumState.physical_length
2025-09-02 13:50:32.468 | INFO     | Pendulum.PendulumAPP:_processSerialData:120 - 📏 串口长度数据已更新: L20.754267 -> physical_length=20.754267
2025-09-02 13:50:32.468 | INFO     | Pendulum.PendulumAPP:_processSerialData:121 - 🔄 数据来源: 串口接收 -> PendulumState.physical_length
2025-09-02 13:50:32.501 | INFO     | Pendulum.PendulumAPP:_processSerialData:120 - 📏 串口长度数据已更新: L20.754267 -> physical_length=20.754267
2025-09-02 13:50:32.501 | INFO     | Pendulum.PendulumAPP:_processSerialData:121 - 🔄 数据来源: 串口接收 -> PendulumState.physical_length
2025-09-02 13:50:32.545 | INFO     | Pendulum.PendulumAPP:_processSerialData:120 - 📏 串口长度数据已更新: L20.754267 -> physical_length=20.754267
2025-09-02 13:50:32.545 | INFO     | Pendulum.PendulumAPP:_processSerialData:121 - 🔄 数据来源: 串口接收 -> PendulumState.physical_length
2025-09-02 13:50:32.583 | INFO     | Pendulum.PendulumAPP:_processSerialData:120 - 📏 串口长度数据已更新: L20.754267 -> physical_length=20.754267
2025-09-02 13:50:32.583 | INFO     | Pendulum.PendulumAPP:_processSerialData:121 - 🔄 数据来源: 串口接收 -> PendulumState.physical_length
2025-09-02 13:50:32.626 | INFO     | Pendulum.PendulumAPP:_processSerialData:120 - 📏 串口长度数据已更新: L20.754267 -> physical_length=20.754267
2025-09-02 13:50:32.626 | INFO     | Pendulum.PendulumAPP:_processSerialData:121 - 🔄 数据来源: 串口接收 -> PendulumState.physical_length
2025-09-02 13:50:32.656 | INFO     | Pendulum.PendulumAPP:_processSerialData:120 - 📏 串口长度数据已更新: L20.754267 -> physical_length=20.754267
2025-09-02 13:50:32.656 | INFO     | Pendulum.PendulumAPP:_processSerialData:121 - 🔄 数据来源: 串口接收 -> PendulumState.physical_length
2025-09-02 13:50:32.706 | INFO     | Pendulum.PendulumAPP:_processSerialData:120 - 📏 串口长度数据已更新: L20.754267 -> physical_length=20.754267
2025-09-02 13:50:32.706 | INFO     | Pendulum.PendulumAPP:_processSerialData:121 - 🔄 数据来源: 串口接收 -> PendulumState.physical_length
2025-09-02 13:50:32.740 | INFO     | Pendulum.PendulumAPP:_processSerialData:120 - 📏 串口长度数据已更新: L20.754267 -> physical_length=20.754267
2025-09-02 13:50:32.740 | INFO     | Pendulum.PendulumAPP:_processSerialData:121 - 🔄 数据来源: 串口接收 -> PendulumState.physical_length
2025-09-02 13:50:32.780 | INFO     | Pendulum.PendulumAPP:_processSerialData:120 - 📏 串口长度数据已更新: L20.754267 -> physical_length=20.754267
2025-09-02 13:50:32.782 | INFO     | Pendulum.PendulumAPP:_processSerialData:121 - 🔄 数据来源: 串口接收 -> PendulumState.physical_length
2025-09-02 13:50:32.822 | INFO     | Pendulum.PendulumAPP:_processSerialData:120 - 📏 串口长度数据已更新: L20.754267 -> physical_length=20.754267
2025-09-02 13:50:32.823 | INFO     | Pendulum.PendulumAPP:_processSerialData:121 - 🔄 数据来源: 串口接收 -> PendulumState.physical_length
2025-09-02 13:50:32.866 | INFO     | Pendulum.PendulumAPP:_processSerialData:120 - 📏 串口长度数据已更新: L20.754267 -> physical_length=20.754267
2025-09-02 13:50:32.867 | INFO     | Pendulum.PendulumAPP:_processSerialData:121 - 🔄 数据来源: 串口接收 -> PendulumState.physical_length
2025-09-02 13:50:32.900 | INFO     | Pendulum.PendulumAPP:_processSerialData:120 - 📏 串口长度数据已更新: L20.754267 -> physical_length=20.754267
2025-09-02 13:50:32.901 | INFO     | Pendulum.PendulumAPP:_processSerialData:121 - 🔄 数据来源: 串口接收 -> PendulumState.physical_length
2025-09-02 13:50:32.951 | INFO     | Pendulum.PendulumAPP:_processSerialData:120 - 📏 串口长度数据已更新: L20.754267 -> physical_length=20.754267
2025-09-02 13:50:32.952 | INFO     | Pendulum.PendulumAPP:_processSerialData:121 - 🔄 数据来源: 串口接收 -> PendulumState.physical_length
2025-09-02 13:50:32.979 | INFO     | Pendulum.PendulumAPP:_processSerialData:120 - 📏 串口长度数据已更新: L20.754267 -> physical_length=20.754267
2025-09-02 13:50:32.979 | INFO     | Pendulum.PendulumAPP:_processSerialData:121 - 🔄 数据来源: 串口接收 -> PendulumState.physical_length
2025-09-02 13:50:33.033 | INFO     | Pendulum.PendulumAPP:_processSerialData:120 - 📏 串口长度数据已更新: L20.754267 -> physical_length=20.754267
2025-09-02 13:50:33.034 | INFO     | Pendulum.PendulumAPP:_processSerialData:121 - 🔄 数据来源: 串口接收 -> PendulumState.physical_length
2025-09-02 13:50:33.061 | INFO     | Pendulum.PendulumAPP:_processSerialData:120 - 📏 串口长度数据已更新: L20.754267 -> physical_length=20.754267
2025-09-02 13:50:33.062 | INFO     | Pendulum.PendulumAPP:_processSerialData:121 - 🔄 数据来源: 串口接收 -> PendulumState.physical_length
2025-09-02 13:50:33.108 | INFO     | Pendulum.PendulumAPP:_processSerialData:120 - 📏 串口长度数据已更新: L20.754267 -> physical_length=20.754267
2025-09-02 13:50:33.108 | INFO     | Pendulum.PendulumAPP:_processSerialData:121 - 🔄 数据来源: 串口接收 -> PendulumState.physical_length
2025-09-02 13:50:33.137 | INFO     | Pendulum.PendulumAPP:_processSerialData:120 - 📏 串口长度数据已更新: L20.754267 -> physical_length=20.754267
2025-09-02 13:50:33.137 | INFO     | Pendulum.PendulumAPP:_processSerialData:121 - 🔄 数据来源: 串口接收 -> PendulumState.physical_length
2025-09-02 13:50:33.190 | INFO     | Pendulum.PendulumAPP:_processSerialData:120 - 📏 串口长度数据已更新: L20.754267 -> physical_length=20.754267
2025-09-02 13:50:33.190 | INFO     | Pendulum.PendulumAPP:_processSerialData:121 - 🔄 数据来源: 串口接收 -> PendulumState.physical_length
2025-09-02 13:50:33.219 | INFO     | Pendulum.PendulumAPP:_processSerialData:120 - 📏 串口长度数据已更新: L20.754267 -> physical_length=20.754267
2025-09-02 13:50:33.220 | INFO     | Pendulum.PendulumAPP:_processSerialData:121 - 🔄 数据来源: 串口接收 -> PendulumState.physical_length
2025-09-02 13:50:33.265 | INFO     | Pendulum.PendulumAPP:_processSerialData:120 - 📏 串口长度数据已更新: L20.754267 -> physical_length=20.754267
2025-09-02 13:50:33.265 | INFO     | Pendulum.PendulumAPP:_processSerialData:121 - 🔄 数据来源: 串口接收 -> PendulumState.physical_length
2025-09-02 13:50:33.303 | INFO     | Pendulum.PendulumAPP:_processSerialData:120 - 📏 串口长度数据已更新: L20.754267 -> physical_length=20.754267
2025-09-02 13:50:33.303 | INFO     | Pendulum.PendulumAPP:_processSerialData:121 - 🔄 数据来源: 串口接收 -> PendulumState.physical_length
2025-09-02 13:50:33.350 | INFO     | Pendulum.PendulumAPP:_processSerialData:120 - 📏 串口长度数据已更新: L20.754267 -> physical_length=20.754267
2025-09-02 13:50:33.351 | INFO     | Pendulum.PendulumAPP:_processSerialData:121 - 🔄 数据来源: 串口接收 -> PendulumState.physical_length
2025-09-02 13:50:33.381 | INFO     | Pendulum.PendulumAPP:_processSerialData:120 - 📏 串口长度数据已更新: L20.754267 -> physical_length=20.754267
2025-09-02 13:50:33.382 | INFO     | Pendulum.PendulumAPP:_processSerialData:121 - 🔄 数据来源: 串口接收 -> PendulumState.physical_length
2025-09-02 13:50:33.431 | INFO     | Pendulum.PendulumAPP:_processSerialData:120 - 📏 串口长度数据已更新: L20.754267 -> physical_length=20.754267
2025-09-02 13:50:33.431 | INFO     | Pendulum.PendulumAPP:_processSerialData:121 - 🔄 数据来源: 串口接收 -> PendulumState.physical_length
2025-09-02 13:50:33.460 | INFO     | Pendulum.PendulumAPP:_keyEventWeb:257 - 清除数据
2025-09-02 13:50:33.461 | INFO     | Pendulum.SerialConncet:send:199 - sendr
2025-09-02 13:50:33.461 | INFO     | Pendulum.SerialConncet:send:201 - [发送] r
2025-09-02 13:50:33.465 | INFO     | Pendulum.SerialConncet:_run:176 - [接收] R
2025-09-02 13:50:35.385 | INFO     | Pendulum.PendulumCore:cleanRef:487 - 已删除摆轴固定点、参考角度、参考向量和自动检测摆轴
2025-09-02 13:50:35.387 | INFO     | Pendulum.PendulumAPP:_keyEventWeb:236 - 已删除摆轴固定点和参考角度
2025-09-02 13:50:35.388 | INFO     | Pendulum.PendulumCore:cleanRef:487 - 已删除摆轴固定点、参考角度、参考向量和自动检测摆轴
2025-09-02 13:50:35.388 | INFO     | Pendulum.PendulumAPP:_keyEventWeb:236 - 已删除摆轴固定点和参考角度
2025-09-02 13:50:35.507 | INFO     | Pendulum.PendulumCore:autoDetectPivot:446 - 自动检测并设置摆轴: (308, 0), 置信度: 3.838
2025-09-02 13:50:37.511 | INFO     | Pendulum.PendulumAPP:_keyEventWeb:252 - 清除数据
2025-09-02 13:50:37.512 | INFO     | Pendulum.SerialConncet:send:199 - sendr
2025-09-02 13:50:37.513 | INFO     | Pendulum.SerialConncet:send:201 - [发送] r
2025-09-02 13:50:37.515 | INFO     | Pendulum.SerialConncet:_run:176 - [接收] R
2025-09-02 13:50:37.589 | INFO     | Pendulum.PendulumAPP:_keyEventWeb:286 - d0
2025-09-02 13:50:37.589 | INFO     | Pendulum.SerialConncet:send:199 - sendd0
2025-09-02 13:50:37.590 | INFO     | Pendulum.SerialConncet:send:201 - [发送] d0
2025-09-02 13:50:38.726 | INFO     | Pendulum.SerialConncet:_run:176 - [接收] T0.000000,0.000000,0.000000
2025-09-02 13:50:40.558 | INFO     | Pendulum.SerialConncet:_run:176 - [接收] T1.000000,0.916941,0.916941
2025-09-02 13:50:40.563 | INFO     | Pendulum.SerialConncet:_run:176 - [接收] L20.775669
2025-09-02 13:50:40.578 | INFO     | Pendulum.PendulumAPP:_processSerialData:120 - 📏 串口长度数据已更新: L20.775669 -> physical_length=20.775669
2025-09-02 13:50:40.578 | INFO     | Pendulum.PendulumAPP:_processSerialData:121 - 🔄 数据来源: 串口接收 -> PendulumState.physical_length
2025-09-02 13:50:40.630 | INFO     | Pendulum.PendulumAPP:_processSerialData:120 - 📏 串口长度数据已更新: L20.775669 -> physical_length=20.775669
2025-09-02 13:50:40.631 | INFO     | Pendulum.PendulumAPP:_processSerialData:121 - 🔄 数据来源: 串口接收 -> PendulumState.physical_length
2025-09-02 13:50:40.657 | INFO     | Pendulum.PendulumAPP:_processSerialData:120 - 📏 串口长度数据已更新: L20.775669 -> physical_length=20.775669
2025-09-02 13:50:40.657 | INFO     | Pendulum.PendulumAPP:_processSerialData:121 - 🔄 数据来源: 串口接收 -> PendulumState.physical_length
2025-09-02 13:50:40.708 | INFO     | Pendulum.PendulumAPP:_processSerialData:120 - 📏 串口长度数据已更新: L20.775669 -> physical_length=20.775669
2025-09-02 13:50:40.708 | INFO     | Pendulum.PendulumAPP:_processSerialData:121 - 🔄 数据来源: 串口接收 -> PendulumState.physical_length
2025-09-02 13:50:40.739 | INFO     | Pendulum.PendulumAPP:_processSerialData:120 - 📏 串口长度数据已更新: L20.775669 -> physical_length=20.775669
2025-09-02 13:50:40.739 | INFO     | Pendulum.PendulumAPP:_processSerialData:121 - 🔄 数据来源: 串口接收 -> PendulumState.physical_length
2025-09-02 13:50:40.787 | INFO     | Pendulum.PendulumAPP:_processSerialData:120 - 📏 串口长度数据已更新: L20.775669 -> physical_length=20.775669
2025-09-02 13:50:40.789 | INFO     | Pendulum.PendulumAPP:_processSerialData:121 - 🔄 数据来源: 串口接收 -> PendulumState.physical_length
2025-09-02 13:50:40.820 | INFO     | Pendulum.PendulumAPP:_processSerialData:120 - 📏 串口长度数据已更新: L20.775669 -> physical_length=20.775669
2025-09-02 13:50:40.820 | INFO     | Pendulum.PendulumAPP:_processSerialData:121 - 🔄 数据来源: 串口接收 -> PendulumState.physical_length
2025-09-02 13:50:40.883 | INFO     | Pendulum.PendulumAPP:_processSerialData:120 - 📏 串口长度数据已更新: L20.775669 -> physical_length=20.775669
2025-09-02 13:50:40.885 | INFO     | Pendulum.PendulumAPP:_processSerialData:121 - 🔄 数据来源: 串口接收 -> PendulumState.physical_length
2025-09-02 13:50:40.926 | INFO     | Pendulum.PendulumAPP:_processSerialData:120 - 📏 串口长度数据已更新: L20.775669 -> physical_length=20.775669
2025-09-02 13:50:40.929 | INFO     | Pendulum.PendulumAPP:_processSerialData:121 - 🔄 数据来源: 串口接收 -> PendulumState.physical_length
2025-09-02 13:50:40.954 | INFO     | Pendulum.PendulumAPP:_processSerialData:120 - 📏 串口长度数据已更新: L20.775669 -> physical_length=20.775669
2025-09-02 13:50:40.956 | INFO     | Pendulum.PendulumAPP:_processSerialData:121 - 🔄 数据来源: 串口接收 -> PendulumState.physical_length
2025-09-02 13:50:40.986 | INFO     | Pendulum.PendulumAPP:_processSerialData:120 - 📏 串口长度数据已更新: L20.775669 -> physical_length=20.775669
2025-09-02 13:50:40.988 | INFO     | Pendulum.PendulumAPP:_processSerialData:121 - 🔄 数据来源: 串口接收 -> PendulumState.physical_length
2025-09-02 13:50:41.029 | INFO     | Pendulum.PendulumAPP:_processSerialData:120 - 📏 串口长度数据已更新: L20.775669 -> physical_length=20.775669
2025-09-02 13:50:41.029 | INFO     | Pendulum.PendulumAPP:_processSerialData:121 - 🔄 数据来源: 串口接收 -> PendulumState.physical_length
2025-09-02 13:50:41.060 | INFO     | Pendulum.PendulumAPP:_processSerialData:120 - 📏 串口长度数据已更新: L20.775669 -> physical_length=20.775669
2025-09-02 13:50:41.061 | INFO     | Pendulum.PendulumAPP:_processSerialData:121 - 🔄 数据来源: 串口接收 -> PendulumState.physical_length
2025-09-02 13:50:41.112 | INFO     | Pendulum.PendulumAPP:_processSerialData:120 - 📏 串口长度数据已更新: L20.775669 -> physical_length=20.775669
2025-09-02 13:50:41.112 | INFO     | Pendulum.PendulumAPP:_processSerialData:121 - 🔄 数据来源: 串口接收 -> PendulumState.physical_length
2025-09-02 13:50:41.139 | INFO     | Pendulum.PendulumAPP:_processSerialData:120 - 📏 串口长度数据已更新: L20.775669 -> physical_length=20.775669
2025-09-02 13:50:41.139 | INFO     | Pendulum.PendulumAPP:_processSerialData:121 - 🔄 数据来源: 串口接收 -> PendulumState.physical_length
2025-09-02 13:50:41.187 | INFO     | Pendulum.PendulumAPP:_processSerialData:120 - 📏 串口长度数据已更新: L20.775669 -> physical_length=20.775669
2025-09-02 13:50:41.188 | INFO     | Pendulum.PendulumAPP:_processSerialData:121 - 🔄 数据来源: 串口接收 -> PendulumState.physical_length
2025-09-02 13:50:41.221 | INFO     | Pendulum.PendulumAPP:_processSerialData:120 - 📏 串口长度数据已更新: L20.775669 -> physical_length=20.775669
2025-09-02 13:50:41.221 | INFO     | Pendulum.PendulumAPP:_processSerialData:121 - 🔄 数据来源: 串口接收 -> PendulumState.physical_length
2025-09-02 13:50:41.270 | INFO     | Pendulum.PendulumAPP:_processSerialData:120 - 📏 串口长度数据已更新: L20.775669 -> physical_length=20.775669
2025-09-02 13:50:41.270 | INFO     | Pendulum.PendulumAPP:_processSerialData:121 - 🔄 数据来源: 串口接收 -> PendulumState.physical_length
2025-09-02 13:50:41.302 | INFO     | Pendulum.PendulumAPP:_processSerialData:120 - 📏 串口长度数据已更新: L20.775669 -> physical_length=20.775669
2025-09-02 13:50:41.302 | INFO     | Pendulum.PendulumAPP:_processSerialData:121 - 🔄 数据来源: 串口接收 -> PendulumState.physical_length
2025-09-02 13:50:41.349 | INFO     | Pendulum.PendulumAPP:_processSerialData:120 - 📏 串口长度数据已更新: L20.775669 -> physical_length=20.775669
2025-09-02 13:50:41.349 | INFO     | Pendulum.PendulumAPP:_processSerialData:121 - 🔄 数据来源: 串口接收 -> PendulumState.physical_length
2025-09-02 13:50:41.381 | INFO     | Pendulum.PendulumAPP:_processSerialData:120 - 📏 串口长度数据已更新: L20.775669 -> physical_length=20.775669
2025-09-02 13:50:41.382 | INFO     | Pendulum.PendulumAPP:_processSerialData:121 - 🔄 数据来源: 串口接收 -> PendulumState.physical_length
2025-09-02 13:50:41.428 | INFO     | Pendulum.PendulumAPP:_processSerialData:120 - 📏 串口长度数据已更新: L20.775669 -> physical_length=20.775669
2025-09-02 13:50:41.428 | INFO     | Pendulum.PendulumAPP:_processSerialData:121 - 🔄 数据来源: 串口接收 -> PendulumState.physical_length
2025-09-02 13:50:41.462 | INFO     | Pendulum.PendulumAPP:_processSerialData:120 - 📏 串口长度数据已更新: L20.775669 -> physical_length=20.775669
2025-09-02 13:50:41.463 | INFO     | Pendulum.PendulumAPP:_processSerialData:121 - 🔄 数据来源: 串口接收 -> PendulumState.physical_length
2025-09-02 13:50:41.472 | INFO     | Pendulum.SerialConncet:_run:176 - [接收] T2.000000,0.917843,1.834784
2025-09-02 13:50:42.384 | INFO     | Pendulum.SerialConncet:_run:176 - [接收] T3.000000,0.917515,2.752299
2025-09-02 13:50:43.300 | INFO     | Pendulum.SerialConncet:_run:176 - [接收] T4.000000,0.917604,3.669903
2025-09-02 13:50:44.214 | INFO     | Pendulum.SerialConncet:_run:176 - [接收] T5.000000,0.918091,4.587994
2025-09-02 13:50:45.128 | INFO     | Pendulum.SerialConncet:_run:176 - [接收] T6.000000,0.914556,5.502550
2025-09-02 13:50:46.045 | INFO     | Pendulum.SerialConncet:_run:176 - [接收] T7.000000,0.917713,6.420263
2025-09-02 13:50:46.957 | INFO     | Pendulum.SerialConncet:_run:176 - [接收] T8.000000,0.917859,7.338122
2025-09-02 13:50:47.873 | INFO     | Pendulum.SerialConncet:_run:176 - [接收] T9.000000,0.918284,8.256406
2025-09-02 13:50:48.787 | INFO     | Pendulum.SerialConncet:_run:176 - [接收] T10.000000,0.917835,9.174241
2025-09-02 13:50:49.701 | INFO     | Pendulum.SerialConncet:_run:176 - [接收] T11.000000,0.918027,10.092268
2025-09-02 13:50:50.617 | INFO     | Pendulum.SerialConncet:_run:176 - [接收] T12.000000,0.917932,11.010201
2025-09-02 13:50:51.533 | INFO     | Pendulum.SerialConncet:_run:176 - [接收] T13.000000,0.917690,11.927891
2025-09-02 13:50:52.445 | INFO     | Pendulum.SerialConncet:_run:176 - [接收] T14.000000,0.914524,12.842415
2025-09-02 13:50:53.359 | INFO     | Pendulum.SerialConncet:_run:176 - [接收] T15.000000,0.917572,13.759987
2025-09-02 13:50:54.274 | INFO     | Pendulum.SerialConncet:_run:176 - [接收] T16.000000,0.917669,14.677656
2025-09-02 13:50:55.189 | INFO     | Pendulum.SerialConncet:_run:176 - [接收] T17.000000,0.917838,15.595494
2025-09-02 13:50:56.103 | INFO     | Pendulum.SerialConncet:_run:176 - [接收] T18.000000,0.918485,16.513979
2025-09-02 13:50:57.021 | INFO     | Pendulum.SerialConncet:_run:176 - [接收] T19.000000,0.918266,17.432245
2025-09-02 13:50:57.935 | INFO     | Pendulum.SerialConncet:_run:176 - [接收] T20.000000,0.914407,18.346653
2025-09-02 13:55:31.703 | INFO     | Pendulum.PendulumCore:setReferenceAngle:474 - 参考摆线向量设为: (-17, 1096) (摆轴: (308, 0))
2025-09-02 13:55:31.705 | INFO     | Pendulum.PendulumCore:setReferenceAngle:475 - 参考角度设为: -0.89°
2025-09-02 13:55:31.706 | INFO     | Pendulum.PendulumAPP:_keyEventWeb:228 - 参考角度设为: -0.89 deg
2025-09-02 13:55:31.707 | INFO     | Pendulum.SerialConncet:send:199 - sendz
2025-09-02 13:55:31.712 | INFO     | Pendulum.SerialConncet:send:201 - [发送] z
2025-09-02 13:55:31.713 | INFO     | Pendulum.PendulumAPP:_keyEventWeb:233 - z信号已发送到单片机
2025-09-02 13:55:31.716 | INFO     | Pendulum.PendulumCore:setReferenceAngle:474 - 参考摆线向量设为: (-17, 1096) (摆轴: (308, 0))
2025-09-02 13:55:31.718 | INFO     | Pendulum.PendulumCore:setReferenceAngle:475 - 参考角度设为: -0.89°
2025-09-02 13:55:31.720 | INFO     | Pendulum.PendulumAPP:_keyEventWeb:228 - 参考角度设为: -0.89 deg
2025-09-02 13:55:31.722 | INFO     | Pendulum.SerialConncet:send:199 - sendz
2025-09-02 13:55:31.725 | INFO     | Pendulum.SerialConncet:send:201 - [发送] z
2025-09-02 13:55:31.726 | INFO     | Pendulum.PendulumAPP:_keyEventWeb:233 - z信号已发送到单片机
2025-09-02 13:55:44.756 | INFO     | Pendulum.PendulumAPP:_keyEventWeb:271 - u1
2025-09-02 13:55:44.757 | INFO     | Pendulum.SerialConncet:send:199 - sendu1
2025-09-02 13:55:44.758 | INFO     | Pendulum.SerialConncet:send:201 - [发送] u1
2025-09-02 13:55:47.097 | INFO     | Pendulum.PendulumAPP:_keyEventWeb:274 - u0
2025-09-02 13:55:47.100 | INFO     | Pendulum.SerialConncet:send:199 - sendu0
2025-09-02 13:55:47.106 | INFO     | Pendulum.SerialConncet:send:201 - [发送] u0
2025-09-02 13:55:49.014 | INFO     | Pendulum.PendulumAPP:_keyEventWeb:289 - d1
2025-09-02 13:55:49.016 | INFO     | Pendulum.SerialConncet:send:199 - sendd1
2025-09-02 13:55:49.016 | INFO     | Pendulum.SerialConncet:send:201 - [发送] d1
2025-09-02 13:55:49.959 | INFO     | Pendulum.PendulumAPP:_keyEventWeb:268 - u2
2025-09-02 13:55:49.960 | INFO     | Pendulum.SerialConncet:send:199 - sendu2
2025-09-02 13:55:49.964 | INFO     | Pendulum.SerialConncet:send:201 - [发送] u2
2025-09-02 13:55:52.216 | INFO     | Pendulum.PendulumAPP:_keyEventWeb:274 - u0
2025-09-02 13:55:52.217 | INFO     | Pendulum.SerialConncet:send:199 - sendu0
2025-09-02 13:55:52.220 | INFO     | Pendulum.SerialConncet:send:201 - [发送] u0
2025-09-02 13:55:53.161 | INFO     | Pendulum.PendulumAPP:_keyEventWeb:257 - 清除数据
2025-09-02 13:55:53.163 | INFO     | Pendulum.SerialConncet:send:199 - sendr
2025-09-02 13:55:53.166 | INFO     | Pendulum.SerialConncet:send:201 - [发送] r
2025-09-02 13:55:53.175 | INFO     | Pendulum.SerialConncet:_run:176 - [接收] R
2025-09-02 13:55:57.283 | INFO     | Pendulum.PendulumAPP:_keyEventWeb:257 - 清除数据
2025-09-02 13:55:57.284 | INFO     | Pendulum.SerialConncet:send:199 - sendr
2025-09-02 13:55:57.285 | INFO     | Pendulum.SerialConncet:send:201 - [发送] r
2025-09-02 13:55:57.286 | INFO     | Pendulum.SerialConncet:_run:176 - [接收] R
2025-09-02 13:55:58.646 | INFO     | Pendulum.PendulumAPP:_keyEventWeb:252 - 清除数据
2025-09-02 13:55:58.646 | INFO     | Pendulum.SerialConncet:send:199 - sendr
2025-09-02 13:55:58.647 | INFO     | Pendulum.SerialConncet:send:201 - [发送] r
2025-09-02 13:55:58.652 | INFO     | Pendulum.SerialConncet:_run:176 - [接收] R
2025-09-02 13:55:58.711 | INFO     | Pendulum.PendulumAPP:_keyEventWeb:286 - d0
2025-09-02 13:55:58.712 | INFO     | Pendulum.SerialConncet:send:199 - sendd0
2025-09-02 13:55:58.714 | INFO     | Pendulum.SerialConncet:send:201 - [发送] d0
2025-09-02 13:57:01.268 | INFO     | Pendulum.SerialConncet:_run:176 - [接收] T0.000000,0.000000,0.000000
2025-09-02 13:57:03.095 | INFO     | Pendulum.SerialConncet:_run:176 - [接收] T1.000000,0.917770,0.917770
2025-09-02 13:57:03.097 | INFO     | Pendulum.SerialConncet:_run:176 - [接收] L20.813231
2025-09-02 13:57:03.111 | INFO     | Pendulum.PendulumAPP:_processSerialData:120 - 📏 串口长度数据已更新: L20.813231 -> physical_length=20.813231
2025-09-02 13:57:03.113 | INFO     | Pendulum.PendulumAPP:_processSerialData:121 - 🔄 数据来源: 串口接收 -> PendulumState.physical_length
2025-09-02 13:57:03.156 | INFO     | Pendulum.PendulumAPP:_processSerialData:120 - 📏 串口长度数据已更新: L20.813231 -> physical_length=20.813231
2025-09-02 13:57:03.157 | INFO     | Pendulum.PendulumAPP:_processSerialData:121 - 🔄 数据来源: 串口接收 -> PendulumState.physical_length
2025-09-02 13:57:03.203 | INFO     | Pendulum.PendulumAPP:_processSerialData:120 - 📏 串口长度数据已更新: L20.813231 -> physical_length=20.813231
2025-09-02 13:57:03.204 | INFO     | Pendulum.PendulumAPP:_processSerialData:121 - 🔄 数据来源: 串口接收 -> PendulumState.physical_length
2025-09-02 13:57:03.249 | INFO     | Pendulum.PendulumAPP:_processSerialData:120 - 📏 串口长度数据已更新: L20.813231 -> physical_length=20.813231
2025-09-02 13:57:03.250 | INFO     | Pendulum.PendulumAPP:_processSerialData:121 - 🔄 数据来源: 串口接收 -> PendulumState.physical_length
2025-09-02 13:57:03.295 | INFO     | Pendulum.PendulumAPP:_processSerialData:120 - 📏 串口长度数据已更新: L20.813231 -> physical_length=20.813231
2025-09-02 13:57:03.296 | INFO     | Pendulum.PendulumAPP:_processSerialData:121 - 🔄 数据来源: 串口接收 -> PendulumState.physical_length
2025-09-02 13:57:03.342 | INFO     | Pendulum.PendulumAPP:_processSerialData:120 - 📏 串口长度数据已更新: L20.813231 -> physical_length=20.813231
2025-09-02 13:57:03.343 | INFO     | Pendulum.PendulumAPP:_processSerialData:121 - 🔄 数据来源: 串口接收 -> PendulumState.physical_length
2025-09-02 13:57:03.390 | INFO     | Pendulum.PendulumAPP:_processSerialData:120 - 📏 串口长度数据已更新: L20.813231 -> physical_length=20.813231
2025-09-02 13:57:03.392 | INFO     | Pendulum.PendulumAPP:_processSerialData:121 - 🔄 数据来源: 串口接收 -> PendulumState.physical_length
2025-09-02 13:57:03.436 | INFO     | Pendulum.PendulumAPP:_processSerialData:120 - 📏 串口长度数据已更新: L20.813231 -> physical_length=20.813231
2025-09-02 13:57:03.437 | INFO     | Pendulum.PendulumAPP:_processSerialData:121 - 🔄 数据来源: 串口接收 -> PendulumState.physical_length
2025-09-02 13:57:03.483 | INFO     | Pendulum.PendulumAPP:_processSerialData:120 - 📏 串口长度数据已更新: L20.813231 -> physical_length=20.813231
2025-09-02 13:57:03.485 | INFO     | Pendulum.PendulumAPP:_processSerialData:121 - 🔄 数据来源: 串口接收 -> PendulumState.physical_length
2025-09-02 13:57:03.530 | INFO     | Pendulum.PendulumAPP:_processSerialData:120 - 📏 串口长度数据已更新: L20.813231 -> physical_length=20.813231
2025-09-02 13:57:03.531 | INFO     | Pendulum.PendulumAPP:_processSerialData:121 - 🔄 数据来源: 串口接收 -> PendulumState.physical_length
2025-09-02 13:57:03.607 | INFO     | Pendulum.PendulumAPP:_processSerialData:120 - 📏 串口长度数据已更新: L20.813231 -> physical_length=20.813231
2025-09-02 13:57:03.608 | INFO     | Pendulum.PendulumAPP:_processSerialData:121 - 🔄 数据来源: 串口接收 -> PendulumState.physical_length
2025-09-02 13:57:03.653 | INFO     | Pendulum.PendulumAPP:_processSerialData:120 - 📏 串口长度数据已更新: L20.813231 -> physical_length=20.813231
2025-09-02 13:57:03.653 | INFO     | Pendulum.PendulumAPP:_processSerialData:121 - 🔄 数据来源: 串口接收 -> PendulumState.physical_length
2025-09-02 13:57:03.700 | INFO     | Pendulum.PendulumAPP:_processSerialData:120 - 📏 串口长度数据已更新: L20.813231 -> physical_length=20.813231
2025-09-02 13:57:03.701 | INFO     | Pendulum.PendulumAPP:_processSerialData:121 - 🔄 数据来源: 串口接收 -> PendulumState.physical_length
2025-09-02 13:57:03.746 | INFO     | Pendulum.PendulumAPP:_processSerialData:120 - 📏 串口长度数据已更新: L20.813231 -> physical_length=20.813231
2025-09-02 13:57:03.748 | INFO     | Pendulum.PendulumAPP:_processSerialData:121 - 🔄 数据来源: 串口接收 -> PendulumState.physical_length
2025-09-02 13:57:03.792 | INFO     | Pendulum.PendulumAPP:_processSerialData:120 - 📏 串口长度数据已更新: L20.813231 -> physical_length=20.813231
2025-09-02 13:57:03.793 | INFO     | Pendulum.PendulumAPP:_processSerialData:121 - 🔄 数据来源: 串口接收 -> PendulumState.physical_length
2025-09-02 13:57:03.839 | INFO     | Pendulum.PendulumAPP:_processSerialData:120 - 📏 串口长度数据已更新: L20.813231 -> physical_length=20.813231
2025-09-02 13:57:03.840 | INFO     | Pendulum.PendulumAPP:_processSerialData:121 - 🔄 数据来源: 串口接收 -> PendulumState.physical_length
2025-09-02 13:57:03.886 | INFO     | Pendulum.PendulumAPP:_processSerialData:120 - 📏 串口长度数据已更新: L20.813231 -> physical_length=20.813231
2025-09-02 13:57:03.887 | INFO     | Pendulum.PendulumAPP:_processSerialData:121 - 🔄 数据来源: 串口接收 -> PendulumState.physical_length
2025-09-02 13:57:03.932 | INFO     | Pendulum.PendulumAPP:_processSerialData:120 - 📏 串口长度数据已更新: L20.813231 -> physical_length=20.813231
2025-09-02 13:57:03.935 | INFO     | Pendulum.PendulumAPP:_processSerialData:121 - 🔄 数据来源: 串口接收 -> PendulumState.physical_length
2025-09-02 13:57:03.979 | INFO     | Pendulum.PendulumAPP:_processSerialData:120 - 📏 串口长度数据已更新: L20.813231 -> physical_length=20.813231
2025-09-02 13:57:03.979 | INFO     | Pendulum.PendulumAPP:_processSerialData:121 - 🔄 数据来源: 串口接收 -> PendulumState.physical_length
2025-09-02 13:57:04.018 | INFO     | Pendulum.SerialConncet:_run:176 - [接收] T2.000000,0.914908,1.832678
2025-09-02 13:57:04.923 | INFO     | Pendulum.SerialConncet:_run:176 - [接收] T3.000000,0.917352,2.750030
2025-09-02 13:57:05.840 | INFO     | Pendulum.SerialConncet:_run:176 - [接收] T4.000000,0.917388,3.667418
2025-09-02 13:57:06.755 | INFO     | Pendulum.SerialConncet:_run:176 - [接收] T5.000000,0.917263,4.584680
2025-09-02 13:57:07.668 | INFO     | Pendulum.SerialConncet:_run:176 - [接收] T6.000000,0.917246,5.501926
2025-09-02 13:57:08.583 | INFO     | Pendulum.SerialConncet:_run:176 - [接收] T7.000000,0.917067,6.418993
2025-09-02 13:57:09.500 | INFO     | Pendulum.SerialConncet:_run:176 - [接收] T8.000000,0.917921,7.336914
2025-09-02 13:57:10.412 | INFO     | Pendulum.SerialConncet:_run:176 - [接收] T9.000000,0.913984,8.250898
2025-09-02 13:57:11.327 | INFO     | Pendulum.SerialConncet:_run:176 - [接收] T10.000000,0.917411,9.168309
2025-09-02 13:57:12.240 | INFO     | Pendulum.SerialConncet:_run:176 - [接收] T11.000000,0.917455,10.085764
2025-09-02 13:57:13.155 | INFO     | Pendulum.SerialConncet:_run:176 - [接收] T12.000000,0.918056,11.003819
2025-09-02 13:57:14.071 | INFO     | Pendulum.SerialConncet:_run:176 - [接收] T13.000000,0.918258,11.922077
2025-09-02 13:57:14.991 | INFO     | Pendulum.SerialConncet:_run:176 - [接收] T14.000000,0.917734,12.839811
2025-09-02 13:57:15.902 | INFO     | Pendulum.SerialConncet:_run:176 - [接收] T15.000000,0.915228,13.755039
2025-09-02 13:57:16.818 | INFO     | Pendulum.SerialConncet:_run:176 - [接收] T16.000000,0.917912,14.672951
2025-09-02 13:57:17.731 | INFO     | Pendulum.SerialConncet:_run:176 - [接收] T17.000000,0.918069,15.591020
2025-09-02 13:57:18.644 | INFO     | Pendulum.SerialConncet:_run:176 - [接收] T18.000000,0.917964,16.508984
2025-09-02 13:57:19.559 | INFO     | Pendulum.SerialConncet:_run:176 - [接收] T19.000000,0.914551,17.423534
2025-09-02 13:57:20.480 | INFO     | Pendulum.SerialConncet:_run:176 - [接收] T20.000000,0.917992,18.341526
2025-09-02 13:57:27.710 | INFO     | Pendulum.PendulumAPP:_keyEventWeb:271 - u1
2025-09-02 13:57:27.712 | INFO     | Pendulum.SerialConncet:send:199 - sendu1
2025-09-02 13:57:27.714 | INFO     | Pendulum.SerialConncet:send:201 - [发送] u1
2025-09-02 13:57:30.377 | INFO     | Pendulum.PendulumAPP:_keyEventWeb:271 - u1
2025-09-02 13:57:30.382 | INFO     | Pendulum.SerialConncet:send:199 - sendu1
2025-09-02 13:57:30.384 | INFO     | Pendulum.SerialConncet:send:201 - [发送] u1
2025-09-02 13:57:30.583 | INFO     | Pendulum.PendulumAPP:_keyEventWeb:274 - u0
2025-09-02 13:57:30.584 | INFO     | Pendulum.SerialConncet:send:199 - sendu0
2025-09-02 13:57:30.585 | INFO     | Pendulum.SerialConncet:send:201 - [发送] u0
2025-09-02 13:57:32.506 | INFO     | Pendulum.PendulumAPP:_keyEventWeb:289 - d1
2025-09-02 13:57:32.511 | INFO     | Pendulum.SerialConncet:send:199 - sendd1
2025-09-02 13:57:32.513 | INFO     | Pendulum.SerialConncet:send:201 - [发送] d1
2025-09-02 13:57:34.057 | INFO     | Pendulum.PendulumAPP:_keyEventWeb:274 - u0
2025-09-02 13:57:34.058 | INFO     | Pendulum.SerialConncet:send:199 - sendu0
2025-09-02 13:57:34.059 | INFO     | Pendulum.SerialConncet:send:201 - [发送] u0
2025-09-02 13:57:34.359 | INFO     | Pendulum.PendulumAPP:_keyEventWeb:268 - u2
2025-09-02 13:57:34.360 | INFO     | Pendulum.SerialConncet:send:199 - sendu2
2025-09-02 13:57:34.362 | INFO     | Pendulum.SerialConncet:send:201 - [发送] u2
2025-09-02 13:57:38.308 | INFO     | Pendulum.PendulumAPP:_keyEventWeb:274 - u0
2025-09-02 13:57:38.309 | INFO     | Pendulum.SerialConncet:send:199 - sendu0
2025-09-02 13:57:38.311 | INFO     | Pendulum.SerialConncet:send:201 - [发送] u0
2025-09-02 13:57:40.966 | INFO     | Pendulum.PendulumAPP:_keyEventWeb:257 - 清除数据
2025-09-02 13:57:40.967 | INFO     | Pendulum.SerialConncet:send:199 - sendr
2025-09-02 13:57:40.969 | INFO     | Pendulum.SerialConncet:send:201 - [发送] r
2025-09-02 13:57:40.972 | INFO     | Pendulum.SerialConncet:_run:176 - [接收] R
2025-09-02 13:57:43.441 | INFO     | Pendulum.PendulumAPP:_keyEventWeb:252 - 清除数据
2025-09-02 13:57:43.445 | INFO     | Pendulum.SerialConncet:send:199 - sendr
2025-09-02 13:57:43.451 | INFO     | Pendulum.SerialConncet:send:201 - [发送] r
2025-09-02 13:57:43.452 | INFO     | Pendulum.SerialConncet:_run:176 - [接收] R
2025-09-02 13:57:43.522 | INFO     | Pendulum.PendulumAPP:_keyEventWeb:286 - d0
2025-09-02 13:57:43.523 | INFO     | Pendulum.SerialConncet:send:199 - sendd0
2025-09-02 13:57:43.525 | INFO     | Pendulum.SerialConncet:send:201 - [发送] d0
2025-09-02 13:57:43.938 | INFO     | Pendulum.SerialConncet:_run:176 - [接收] T0.000000,0.000000,0.000000
2025-09-02 13:57:45.764 | INFO     | Pendulum.SerialConncet:_run:176 - [接收] T1.000000,0.916741,0.916741
2025-09-02 13:57:45.765 | INFO     | Pendulum.SerialConncet:_run:176 - [接收] L20.766617
2025-09-02 13:57:45.775 | INFO     | Pendulum.PendulumAPP:_processSerialData:120 - 📏 串口长度数据已更新: L20.766617 -> physical_length=20.766617
2025-09-02 13:57:45.776 | INFO     | Pendulum.PendulumAPP:_processSerialData:121 - 🔄 数据来源: 串口接收 -> PendulumState.physical_length
2025-09-02 13:57:45.836 | INFO     | Pendulum.PendulumAPP:_processSerialData:120 - 📏 串口长度数据已更新: L20.766617 -> physical_length=20.766617
2025-09-02 13:57:45.837 | INFO     | Pendulum.PendulumAPP:_processSerialData:121 - 🔄 数据来源: 串口接收 -> PendulumState.physical_length
2025-09-02 13:57:45.883 | INFO     | Pendulum.PendulumAPP:_processSerialData:120 - 📏 串口长度数据已更新: L20.766617 -> physical_length=20.766617
2025-09-02 13:57:45.885 | INFO     | Pendulum.PendulumAPP:_processSerialData:121 - 🔄 数据来源: 串口接收 -> PendulumState.physical_length
2025-09-02 13:57:45.929 | INFO     | Pendulum.PendulumAPP:_processSerialData:120 - 📏 串口长度数据已更新: L20.766617 -> physical_length=20.766617
2025-09-02 13:57:45.930 | INFO     | Pendulum.PendulumAPP:_processSerialData:121 - 🔄 数据来源: 串口接收 -> PendulumState.physical_length
2025-09-02 13:57:45.976 | INFO     | Pendulum.PendulumAPP:_processSerialData:120 - 📏 串口长度数据已更新: L20.766617 -> physical_length=20.766617
2025-09-02 13:57:45.976 | INFO     | Pendulum.PendulumAPP:_processSerialData:121 - 🔄 数据来源: 串口接收 -> PendulumState.physical_length
2025-09-02 13:57:46.024 | INFO     | Pendulum.PendulumAPP:_processSerialData:120 - 📏 串口长度数据已更新: L20.766617 -> physical_length=20.766617
2025-09-02 13:57:46.027 | INFO     | Pendulum.PendulumAPP:_processSerialData:121 - 🔄 数据来源: 串口接收 -> PendulumState.physical_length
2025-09-02 13:57:46.071 | INFO     | Pendulum.PendulumAPP:_processSerialData:120 - 📏 串口长度数据已更新: L20.766617 -> physical_length=20.766617
2025-09-02 13:57:46.072 | INFO     | Pendulum.PendulumAPP:_processSerialData:121 - 🔄 数据来源: 串口接收 -> PendulumState.physical_length
2025-09-02 13:57:46.117 | INFO     | Pendulum.PendulumAPP:_processSerialData:120 - 📏 串口长度数据已更新: L20.766617 -> physical_length=20.766617
2025-09-02 13:57:46.118 | INFO     | Pendulum.PendulumAPP:_processSerialData:121 - 🔄 数据来源: 串口接收 -> PendulumState.physical_length
2025-09-02 13:57:46.165 | INFO     | Pendulum.PendulumAPP:_processSerialData:120 - 📏 串口长度数据已更新: L20.766617 -> physical_length=20.766617
2025-09-02 13:57:46.165 | INFO     | Pendulum.PendulumAPP:_processSerialData:121 - 🔄 数据来源: 串口接收 -> PendulumState.physical_length
2025-09-02 13:57:46.211 | INFO     | Pendulum.PendulumAPP:_processSerialData:120 - 📏 串口长度数据已更新: L20.766617 -> physical_length=20.766617
2025-09-02 13:57:46.213 | INFO     | Pendulum.PendulumAPP:_processSerialData:121 - 🔄 数据来源: 串口接收 -> PendulumState.physical_length
2025-09-02 13:57:46.257 | INFO     | Pendulum.PendulumAPP:_processSerialData:120 - 📏 串口长度数据已更新: L20.766617 -> physical_length=20.766617
2025-09-02 13:57:46.258 | INFO     | Pendulum.PendulumAPP:_processSerialData:121 - 🔄 数据来源: 串口接收 -> PendulumState.physical_length
2025-09-02 13:57:46.304 | INFO     | Pendulum.PendulumAPP:_processSerialData:120 - 📏 串口长度数据已更新: L20.766617 -> physical_length=20.766617
2025-09-02 13:57:46.306 | INFO     | Pendulum.PendulumAPP:_processSerialData:121 - 🔄 数据来源: 串口接收 -> PendulumState.physical_length
2025-09-02 13:57:46.352 | INFO     | Pendulum.PendulumAPP:_processSerialData:120 - 📏 串口长度数据已更新: L20.766617 -> physical_length=20.766617
2025-09-02 13:57:46.352 | INFO     | Pendulum.PendulumAPP:_processSerialData:121 - 🔄 数据来源: 串口接收 -> PendulumState.physical_length
2025-09-02 13:57:46.398 | INFO     | Pendulum.PendulumAPP:_processSerialData:120 - 📏 串口长度数据已更新: L20.766617 -> physical_length=20.766617
2025-09-02 13:57:46.399 | INFO     | Pendulum.PendulumAPP:_processSerialData:121 - 🔄 数据来源: 串口接收 -> PendulumState.physical_length
2025-09-02 13:57:46.445 | INFO     | Pendulum.PendulumAPP:_processSerialData:120 - 📏 串口长度数据已更新: L20.766617 -> physical_length=20.766617
2025-09-02 13:57:46.448 | INFO     | Pendulum.PendulumAPP:_processSerialData:121 - 🔄 数据来源: 串口接收 -> PendulumState.physical_length
2025-09-02 13:57:46.492 | INFO     | Pendulum.PendulumAPP:_processSerialData:120 - 📏 串口长度数据已更新: L20.766617 -> physical_length=20.766617
2025-09-02 13:57:46.496 | INFO     | Pendulum.PendulumAPP:_processSerialData:121 - 🔄 数据来源: 串口接收 -> PendulumState.physical_length
2025-09-02 13:57:46.570 | INFO     | Pendulum.PendulumAPP:_processSerialData:120 - 📏 串口长度数据已更新: L20.766617 -> physical_length=20.766617
2025-09-02 13:57:46.571 | INFO     | Pendulum.PendulumAPP:_processSerialData:121 - 🔄 数据来源: 串口接收 -> PendulumState.physical_length
2025-09-02 13:57:46.616 | INFO     | Pendulum.PendulumAPP:_processSerialData:120 - 📏 串口长度数据已更新: L20.766617 -> physical_length=20.766617
2025-09-02 13:57:46.619 | INFO     | Pendulum.PendulumAPP:_processSerialData:121 - 🔄 数据来源: 串口接收 -> PendulumState.physical_length
2025-09-02 13:57:46.663 | INFO     | Pendulum.PendulumAPP:_processSerialData:120 - 📏 串口长度数据已更新: L20.766617 -> physical_length=20.766617
2025-09-02 13:57:46.666 | INFO     | Pendulum.PendulumAPP:_processSerialData:121 - 🔄 数据来源: 串口接收 -> PendulumState.physical_length
2025-09-02 13:57:46.680 | INFO     | Pendulum.SerialConncet:_run:176 - [接收] T2.000000,0.917572,1.834313
2025-09-02 13:57:47.593 | INFO     | Pendulum.SerialConncet:_run:176 - [接收] T3.000000,0.917766,2.752079
2025-09-02 13:57:48.508 | INFO     | Pendulum.SerialConncet:_run:176 - [接收] T4.000000,0.917836,3.669915
2025-09-02 13:57:49.426 | INFO     | Pendulum.SerialConncet:_run:176 - [接收] T5.000000,0.917501,4.587416
2025-09-02 13:57:50.336 | INFO     | Pendulum.SerialConncet:_run:176 - [接收] T6.000000,0.917507,5.504923
2025-09-02 13:57:51.250 | INFO     | Pendulum.SerialConncet:_run:176 - [接收] T7.000000,0.917215,6.422138
2025-09-02 13:57:52.164 | INFO     | Pendulum.SerialConncet:_run:176 - [接收] T8.000000,0.917572,7.339710
2025-09-02 13:57:53.079 | INFO     | Pendulum.SerialConncet:_run:176 - [接收] T9.000000,0.917359,8.257069
2025-09-02 13:57:53.998 | INFO     | Pendulum.SerialConncet:_run:176 - [接收] T10.000000,0.913846,9.170914
2025-09-02 13:57:54.908 | INFO     | Pendulum.SerialConncet:_run:176 - [接收] T11.000000,0.917583,10.088496
2025-09-02 13:57:55.824 | INFO     | Pendulum.SerialConncet:_run:176 - [接收] T12.000000,0.916904,11.005400
2025-09-02 13:57:56.737 | INFO     | Pendulum.SerialConncet:_run:176 - [接收] T13.000000,0.917250,11.922650
2025-09-02 13:57:57.652 | INFO     | Pendulum.SerialConncet:_run:176 - [接收] T14.000000,0.917035,12.839685
2025-09-02 13:57:58.564 | INFO     | Pendulum.SerialConncet:_run:176 - [接收] T15.000000,0.917207,13.756892
2025-09-02 13:57:59.479 | INFO     | Pendulum.SerialConncet:_run:176 - [接收] T16.000000,0.917182,14.674074
2025-09-02 13:58:00.392 | INFO     | Pendulum.SerialConncet:_run:176 - [接收] T17.000000,0.917138,15.591211
2025-09-02 13:58:01.309 | INFO     | Pendulum.SerialConncet:_run:176 - [接收] T18.000000,0.917361,16.508572
2025-09-02 13:58:02.222 | INFO     | Pendulum.SerialConncet:_run:176 - [接收] T19.000000,0.917288,17.425859
2025-09-02 13:58:03.137 | INFO     | Pendulum.SerialConncet:_run:176 - [接收] T20.000000,0.917655,18.343513
2025-09-02 14:28:05.124 | INFO     | Pendulum.PendulumAPP:_keyEventWeb:271 - u1
2025-09-02 14:28:05.125 | INFO     | Pendulum.SerialConncet:send:199 - sendu1
2025-09-02 14:28:05.127 | INFO     | Pendulum.SerialConncet:send:201 - [发送] u1
2025-09-02 14:28:08.827 | INFO     | Pendulum.PendulumAPP:_keyEventWeb:274 - u0
2025-09-02 14:28:08.827 | INFO     | Pendulum.SerialConncet:send:199 - sendu0
2025-09-02 14:28:08.829 | INFO     | Pendulum.SerialConncet:send:201 - [发送] u0
2025-09-02 14:28:11.582 | INFO     | Pendulum.PendulumAPP:_keyEventWeb:289 - d1
2025-09-02 14:28:11.583 | INFO     | Pendulum.SerialConncet:send:199 - sendd1
2025-09-02 14:28:11.584 | INFO     | Pendulum.SerialConncet:send:201 - [发送] d1
2025-09-02 14:28:12.836 | INFO     | Pendulum.PendulumAPP:_keyEventWeb:271 - u1
2025-09-02 14:28:12.838 | INFO     | Pendulum.SerialConncet:send:199 - sendu1
2025-09-02 14:28:12.840 | INFO     | Pendulum.SerialConncet:send:201 - [发送] u1
2025-09-02 14:28:14.351 | INFO     | Pendulum.PendulumAPP:_keyEventWeb:274 - u0
2025-09-02 14:28:14.352 | INFO     | Pendulum.SerialConncet:send:199 - sendu0
2025-09-02 14:28:14.354 | INFO     | Pendulum.SerialConncet:send:201 - [发送] u0
2025-09-02 14:28:16.767 | INFO     | Pendulum.PendulumAPP:_keyEventWeb:268 - u2
2025-09-02 14:28:16.768 | INFO     | Pendulum.SerialConncet:send:199 - sendu2
2025-09-02 14:28:16.769 | INFO     | Pendulum.SerialConncet:send:201 - [发送] u2
2025-09-02 14:28:21.179 | INFO     | Pendulum.PendulumAPP:_keyEventWeb:274 - u0
2025-09-02 14:28:21.180 | INFO     | Pendulum.SerialConncet:send:199 - sendu0
2025-09-02 14:28:21.182 | INFO     | Pendulum.SerialConncet:send:201 - [发送] u0
2025-09-02 14:28:25.166 | INFO     | Pendulum.PendulumAPP:_keyEventWeb:252 - 清除数据
2025-09-02 14:28:25.167 | INFO     | Pendulum.SerialConncet:send:199 - sendr
2025-09-02 14:28:25.168 | INFO     | Pendulum.SerialConncet:send:201 - [发送] r
2025-09-02 14:28:25.191 | INFO     | Pendulum.SerialConncet:_run:176 - [接收] R
2025-09-02 14:28:25.242 | INFO     | Pendulum.PendulumAPP:_keyEventWeb:286 - d0
2025-09-02 14:28:25.243 | INFO     | Pendulum.SerialConncet:send:199 - sendd0
2025-09-02 14:28:25.245 | INFO     | Pendulum.SerialConncet:send:201 - [发送] d0
2025-09-02 14:28:25.569 | INFO     | Pendulum.SerialConncet:_run:176 - [接收] T0.000000,0.000000,0.000000
2025-09-02 14:28:27.397 | INFO     | Pendulum.SerialConncet:_run:176 - [接收] T1.000000,0.918102,0.918102
2025-09-02 14:28:27.400 | INFO     | Pendulum.SerialConncet:_run:176 - [接收] L20.828285
2025-09-02 14:28:27.425 | INFO     | Pendulum.PendulumAPP:_processSerialData:120 - 📏 串口长度数据已更新: L20.828285 -> physical_length=20.828285
2025-09-02 14:28:27.425 | INFO     | Pendulum.PendulumAPP:_processSerialData:121 - 🔄 数据来源: 串口接收 -> PendulumState.physical_length
2025-09-02 14:28:27.472 | INFO     | Pendulum.PendulumAPP:_processSerialData:120 - 📏 串口长度数据已更新: L20.828285 -> physical_length=20.828285
2025-09-02 14:28:27.473 | INFO     | Pendulum.PendulumAPP:_processSerialData:121 - 🔄 数据来源: 串口接收 -> PendulumState.physical_length
2025-09-02 14:28:27.518 | INFO     | Pendulum.PendulumAPP:_processSerialData:120 - 📏 串口长度数据已更新: L20.828285 -> physical_length=20.828285
2025-09-02 14:28:27.518 | INFO     | Pendulum.PendulumAPP:_processSerialData:121 - 🔄 数据来源: 串口接收 -> PendulumState.physical_length
2025-09-02 14:28:27.564 | INFO     | Pendulum.PendulumAPP:_processSerialData:120 - 📏 串口长度数据已更新: L20.828285 -> physical_length=20.828285
2025-09-02 14:28:27.565 | INFO     | Pendulum.PendulumAPP:_processSerialData:121 - 🔄 数据来源: 串口接收 -> PendulumState.physical_length
2025-09-02 14:28:27.610 | INFO     | Pendulum.PendulumAPP:_processSerialData:120 - 📏 串口长度数据已更新: L20.828285 -> physical_length=20.828285
2025-09-02 14:28:27.610 | INFO     | Pendulum.PendulumAPP:_processSerialData:121 - 🔄 数据来源: 串口接收 -> PendulumState.physical_length
2025-09-02 14:28:27.656 | INFO     | Pendulum.PendulumAPP:_processSerialData:120 - 📏 串口长度数据已更新: L20.828285 -> physical_length=20.828285
2025-09-02 14:28:27.657 | INFO     | Pendulum.PendulumAPP:_processSerialData:121 - 🔄 数据来源: 串口接收 -> PendulumState.physical_length
2025-09-02 14:28:27.704 | INFO     | Pendulum.PendulumAPP:_processSerialData:120 - 📏 串口长度数据已更新: L20.828285 -> physical_length=20.828285
2025-09-02 14:28:27.705 | INFO     | Pendulum.PendulumAPP:_processSerialData:121 - 🔄 数据来源: 串口接收 -> PendulumState.physical_length
2025-09-02 14:28:27.749 | INFO     | Pendulum.PendulumAPP:_processSerialData:120 - 📏 串口长度数据已更新: L20.828285 -> physical_length=20.828285
2025-09-02 14:28:27.749 | INFO     | Pendulum.PendulumAPP:_processSerialData:121 - 🔄 数据来源: 串口接收 -> PendulumState.physical_length
2025-09-02 14:28:27.796 | INFO     | Pendulum.PendulumAPP:_processSerialData:120 - 📏 串口长度数据已更新: L20.828285 -> physical_length=20.828285
2025-09-02 14:28:27.796 | INFO     | Pendulum.PendulumAPP:_processSerialData:121 - 🔄 数据来源: 串口接收 -> PendulumState.physical_length
2025-09-02 14:28:27.844 | INFO     | Pendulum.PendulumAPP:_processSerialData:120 - 📏 串口长度数据已更新: L20.828285 -> physical_length=20.828285
2025-09-02 14:28:27.846 | INFO     | Pendulum.PendulumAPP:_processSerialData:121 - 🔄 数据来源: 串口接收 -> PendulumState.physical_length
2025-09-02 14:28:27.891 | INFO     | Pendulum.PendulumAPP:_processSerialData:120 - 📏 串口长度数据已更新: L20.828285 -> physical_length=20.828285
2025-09-02 14:28:27.892 | INFO     | Pendulum.PendulumAPP:_processSerialData:121 - 🔄 数据来源: 串口接收 -> PendulumState.physical_length
2025-09-02 14:28:27.938 | INFO     | Pendulum.PendulumAPP:_processSerialData:120 - 📏 串口长度数据已更新: L20.828285 -> physical_length=20.828285
2025-09-02 14:28:27.939 | INFO     | Pendulum.PendulumAPP:_processSerialData:121 - 🔄 数据来源: 串口接收 -> PendulumState.physical_length
2025-09-02 14:28:27.985 | INFO     | Pendulum.PendulumAPP:_processSerialData:120 - 📏 串口长度数据已更新: L20.828285 -> physical_length=20.828285
2025-09-02 14:28:27.986 | INFO     | Pendulum.PendulumAPP:_processSerialData:121 - 🔄 数据来源: 串口接收 -> PendulumState.physical_length
2025-09-02 14:28:28.032 | INFO     | Pendulum.PendulumAPP:_processSerialData:120 - 📏 串口长度数据已更新: L20.828285 -> physical_length=20.828285
2025-09-02 14:28:28.033 | INFO     | Pendulum.PendulumAPP:_processSerialData:121 - 🔄 数据来源: 串口接收 -> PendulumState.physical_length
2025-09-02 14:28:28.078 | INFO     | Pendulum.PendulumAPP:_processSerialData:120 - 📏 串口长度数据已更新: L20.828285 -> physical_length=20.828285
2025-09-02 14:28:28.079 | INFO     | Pendulum.PendulumAPP:_processSerialData:121 - 🔄 数据来源: 串口接收 -> PendulumState.physical_length
2025-09-02 14:28:28.125 | INFO     | Pendulum.PendulumAPP:_processSerialData:120 - 📏 串口长度数据已更新: L20.828285 -> physical_length=20.828285
2025-09-02 14:28:28.126 | INFO     | Pendulum.PendulumAPP:_processSerialData:121 - 🔄 数据来源: 串口接收 -> PendulumState.physical_length
2025-09-02 14:28:28.172 | INFO     | Pendulum.PendulumAPP:_processSerialData:120 - 📏 串口长度数据已更新: L20.828285 -> physical_length=20.828285
2025-09-02 14:28:28.173 | INFO     | Pendulum.PendulumAPP:_processSerialData:121 - 🔄 数据来源: 串口接收 -> PendulumState.physical_length
2025-09-02 14:28:28.218 | INFO     | Pendulum.PendulumAPP:_processSerialData:120 - 📏 串口长度数据已更新: L20.828285 -> physical_length=20.828285
2025-09-02 14:28:28.219 | INFO     | Pendulum.PendulumAPP:_processSerialData:121 - 🔄 数据来源: 串口接收 -> PendulumState.physical_length
2025-09-02 14:28:28.265 | INFO     | Pendulum.PendulumAPP:_processSerialData:120 - 📏 串口长度数据已更新: L20.828285 -> physical_length=20.828285
2025-09-02 14:28:28.266 | INFO     | Pendulum.PendulumAPP:_processSerialData:121 - 🔄 数据来源: 串口接收 -> PendulumState.physical_length
2025-09-02 14:28:28.311 | INFO     | Pendulum.SerialConncet:_run:176 - [接收] T2.000000,0.917683,1.835784
2025-09-02 14:28:28.312 | INFO     | Pendulum.PendulumAPP:_processSerialData:120 - 📏 串口长度数据已更新: L20.828285 -> physical_length=20.828285
2025-09-02 14:28:28.313 | INFO     | Pendulum.PendulumAPP:_processSerialData:121 - 🔄 数据来源: 串口接收 -> PendulumState.physical_length
2025-09-02 14:28:29.226 | INFO     | Pendulum.SerialConncet:_run:176 - [接收] T3.000000,0.916764,2.752548
2025-09-02 14:28:30.140 | INFO     | Pendulum.SerialConncet:_run:176 - [接收] T4.000000,0.917398,3.669946
2025-09-02 14:28:31.054 | INFO     | Pendulum.SerialConncet:_run:176 - [接收] T5.000000,0.917457,4.587403
2025-09-02 14:28:31.968 | INFO     | Pendulum.SerialConncet:_run:176 - [接收] T6.000000,0.915145,5.502548
2025-09-02 14:28:32.882 | INFO     | Pendulum.SerialConncet:_run:176 - [接收] T7.000000,0.919596,6.422144
2025-09-02 14:28:33.796 | INFO     | Pendulum.SerialConncet:_run:176 - [接收] T8.000000,0.915594,7.337738
2025-09-02 14:28:34.715 | INFO     | Pendulum.SerialConncet:_run:176 - [接收] T9.000000,0.917821,8.255560
2025-09-02 14:28:35.625 | INFO     | Pendulum.SerialConncet:_run:176 - [接收] T10.000000,0.917350,9.172910
2025-09-02 14:28:36.539 | INFO     | Pendulum.SerialConncet:_run:176 - [接收] T11.000000,0.917430,10.090340
2025-09-02 14:28:37.452 | INFO     | Pendulum.SerialConncet:_run:176 - [接收] T12.000000,0.917571,11.007910
2025-09-02 14:28:38.366 | INFO     | Pendulum.SerialConncet:_run:176 - [接收] T13.000000,0.916793,11.924704
2025-09-02 14:28:39.282 | INFO     | Pendulum.SerialConncet:_run:176 - [接收] T14.000000,0.913989,12.838693
2025-09-02 14:28:40.197 | INFO     | Pendulum.SerialConncet:_run:176 - [接收] T15.000000,0.917572,13.756265
2025-09-02 14:28:41.113 | INFO     | Pendulum.SerialConncet:_run:176 - [接收] T16.000000,0.917818,14.674083
2025-09-02 14:28:42.024 | INFO     | Pendulum.SerialConncet:_run:176 - [接收] T17.000000,0.917459,15.591542
2025-09-02 14:28:42.937 | INFO     | Pendulum.SerialConncet:_run:176 - [接收] T18.000000,0.917919,16.509460
2025-09-02 14:28:43.853 | INFO     | Pendulum.SerialConncet:_run:176 - [接收] T19.000000,0.918071,17.427530
2025-09-02 14:28:44.767 | INFO     | Pendulum.SerialConncet:_run:176 - [接收] T20.000000,0.917725,18.345255
2025-09-02 14:28:49.874 | INFO     | Pendulum.PendulumAPP:_keyEventWeb:271 - u1
2025-09-02 14:28:49.875 | INFO     | Pendulum.SerialConncet:send:199 - sendu1
2025-09-02 14:28:49.876 | INFO     | Pendulum.SerialConncet:send:201 - [发送] u1
2025-09-02 14:28:51.391 | INFO     | Pendulum.PendulumAPP:_keyEventWeb:274 - u0
2025-09-02 14:28:51.391 | INFO     | Pendulum.SerialConncet:send:199 - sendu0
2025-09-02 14:28:51.392 | INFO     | Pendulum.SerialConncet:send:201 - [发送] u0
2025-09-02 14:28:52.925 | INFO     | Pendulum.PendulumAPP:_keyEventWeb:289 - d1
2025-09-02 14:28:52.928 | INFO     | Pendulum.SerialConncet:send:199 - sendd1
2025-09-02 14:28:52.929 | INFO     | Pendulum.SerialConncet:send:201 - [发送] d1
2025-09-02 14:28:55.426 | INFO     | Pendulum.PendulumAPP:_keyEventWeb:286 - d0
2025-09-02 14:28:55.427 | INFO     | Pendulum.SerialConncet:send:199 - sendd0
2025-09-02 14:28:55.428 | INFO     | Pendulum.SerialConncet:send:201 - [发送] d0
2025-09-02 14:28:58.988 | INFO     | Pendulum.PendulumAPP:_keyEventWeb:277 - n2
2025-09-02 14:28:58.991 | INFO     | Pendulum.SerialConncet:send:199 - sendn2
2025-09-02 14:28:58.992 | INFO     | Pendulum.SerialConncet:send:201 - [发送] n2
2025-09-02 14:29:03.116 | INFO     | Pendulum.PendulumAPP:_keyEventWeb:283 - n0
2025-09-02 14:29:03.118 | INFO     | Pendulum.SerialConncet:send:199 - sendn0
2025-09-02 14:29:03.118 | INFO     | Pendulum.SerialConncet:send:201 - [发送] n0
2025-09-02 14:29:04.002 | INFO     | Pendulum.PendulumAPP:_keyEventWeb:246 - ↓
2025-09-02 14:29:04.003 | INFO     | Pendulum.SerialConncet:send:199 - sendm1
2025-09-02 14:29:04.004 | INFO     | Pendulum.SerialConncet:send:201 - [发送] m1
2025-09-02 14:29:04.027 | INFO     | Pendulum.SerialConncet:_run:176 - [接收] L20.853806
2025-09-02 14:29:04.048 | INFO     | Pendulum.SerialConncet:_run:176 - [接收] L20.879326
2025-09-02 14:29:04.060 | INFO     | Pendulum.PendulumAPP:_processSerialData:120 - 📏 串口长度数据已更新: L20.879326 -> physical_length=20.879326
2025-09-02 14:29:04.061 | INFO     | Pendulum.PendulumAPP:_processSerialData:121 - 🔄 数据来源: 串口接收 -> PendulumState.physical_length
2025-09-02 14:29:04.069 | INFO     | Pendulum.SerialConncet:_run:176 - [接收] L20.904848
2025-09-02 14:29:04.093 | INFO     | Pendulum.SerialConncet:_run:176 - [接收] L20.930368
2025-09-02 14:29:04.107 | INFO     | Pendulum.PendulumAPP:_processSerialData:120 - 📏 串口长度数据已更新: L20.930368 -> physical_length=20.930368
2025-09-02 14:29:04.108 | INFO     | Pendulum.PendulumAPP:_processSerialData:121 - 🔄 数据来源: 串口接收 -> PendulumState.physical_length
2025-09-02 14:29:04.111 | INFO     | Pendulum.SerialConncet:_run:176 - [接收] L20.955889
2025-09-02 14:29:04.134 | INFO     | Pendulum.SerialConncet:_run:176 - [接收] L20.981411
2025-09-02 14:29:04.154 | INFO     | Pendulum.PendulumAPP:_processSerialData:120 - 📏 串口长度数据已更新: L20.981411 -> physical_length=20.981411
2025-09-02 14:29:04.154 | INFO     | Pendulum.SerialConncet:_run:176 - [接收] L21.006931
2025-09-02 14:29:04.155 | INFO     | Pendulum.PendulumAPP:_processSerialData:121 - 🔄 数据来源: 串口接收 -> PendulumState.physical_length
2025-09-02 14:29:04.174 | INFO     | Pendulum.SerialConncet:_run:176 - [接收] L21.032454
2025-09-02 14:29:04.195 | INFO     | Pendulum.SerialConncet:_run:176 - [接收] L21.057974
2025-09-02 14:29:04.201 | INFO     | Pendulum.PendulumAPP:_processSerialData:120 - 📏 串口长度数据已更新: L21.057974 -> physical_length=21.057974
2025-09-02 14:29:04.202 | INFO     | Pendulum.PendulumAPP:_processSerialData:121 - 🔄 数据来源: 串口接收 -> PendulumState.physical_length
2025-09-02 14:29:04.218 | INFO     | Pendulum.SerialConncet:_run:176 - [接收] L21.083494
2025-09-02 14:29:04.240 | INFO     | Pendulum.SerialConncet:_run:176 - [接收] L21.109016
2025-09-02 14:29:04.248 | INFO     | Pendulum.PendulumAPP:_processSerialData:120 - 📏 串口长度数据已更新: L21.109016 -> physical_length=21.109016
2025-09-02 14:29:04.250 | INFO     | Pendulum.PendulumAPP:_processSerialData:121 - 🔄 数据来源: 串口接收 -> PendulumState.physical_length
2025-09-02 14:29:04.258 | INFO     | Pendulum.SerialConncet:_run:176 - [接收] L21.134537
2025-09-02 14:29:04.278 | INFO     | Pendulum.SerialConncet:_run:176 - [接收] L21.160057
2025-09-02 14:29:04.295 | INFO     | Pendulum.PendulumAPP:_processSerialData:120 - 📏 串口长度数据已更新: L21.160057 -> physical_length=21.160057
2025-09-02 14:29:04.297 | INFO     | Pendulum.PendulumAPP:_processSerialData:121 - 🔄 数据来源: 串口接收 -> PendulumState.physical_length
2025-09-02 14:29:04.300 | INFO     | Pendulum.SerialConncet:_run:176 - [接收] L21.185579
2025-09-02 14:29:04.320 | INFO     | Pendulum.SerialConncet:_run:176 - [接收] L21.211100
2025-09-02 14:29:04.340 | INFO     | Pendulum.SerialConncet:_run:176 - [接收] L21.236620
2025-09-02 14:29:04.341 | INFO     | Pendulum.PendulumAPP:_processSerialData:120 - 📏 串口长度数据已更新: L21.211100 -> physical_length=21.211100
2025-09-02 14:29:04.342 | INFO     | Pendulum.PendulumAPP:_processSerialData:121 - 🔄 数据来源: 串口接收 -> PendulumState.physical_length
2025-09-02 14:29:04.361 | INFO     | Pendulum.SerialConncet:_run:176 - [接收] L21.262142
2025-09-02 14:29:04.383 | INFO     | Pendulum.SerialConncet:_run:176 - [接收] L21.287663
2025-09-02 14:29:04.387 | INFO     | Pendulum.PendulumAPP:_processSerialData:120 - 📏 串口长度数据已更新: L21.287663 -> physical_length=21.287663
2025-09-02 14:29:04.387 | INFO     | Pendulum.PendulumAPP:_processSerialData:121 - 🔄 数据来源: 串口接收 -> PendulumState.physical_length
2025-09-02 14:29:04.406 | INFO     | Pendulum.SerialConncet:_run:176 - [接收] L21.313185
2025-09-02 14:29:04.425 | INFO     | Pendulum.SerialConncet:_run:176 - [接收] L21.338703
2025-09-02 14:29:04.433 | INFO     | Pendulum.PendulumAPP:_processSerialData:120 - 📏 串口长度数据已更新: L21.338703 -> physical_length=21.338703
2025-09-02 14:29:04.433 | INFO     | Pendulum.PendulumAPP:_processSerialData:121 - 🔄 数据来源: 串口接收 -> PendulumState.physical_length
2025-09-02 14:29:04.445 | INFO     | Pendulum.SerialConncet:_run:176 - [接收] L21.364225
2025-09-02 14:29:04.466 | INFO     | Pendulum.SerialConncet:_run:176 - [接收] L21.389748
2025-09-02 14:29:04.481 | INFO     | Pendulum.PendulumAPP:_processSerialData:120 - 📏 串口长度数据已更新: L21.389748 -> physical_length=21.389748
2025-09-02 14:29:04.482 | INFO     | Pendulum.PendulumAPP:_processSerialData:121 - 🔄 数据来源: 串口接收 -> PendulumState.physical_length
2025-09-02 14:29:04.488 | INFO     | Pendulum.SerialConncet:_run:176 - [接收] L21.415268
2025-09-02 14:29:04.509 | INFO     | Pendulum.SerialConncet:_run:176 - [接收] L21.440788
2025-09-02 14:29:04.527 | INFO     | Pendulum.PendulumAPP:_processSerialData:120 - 📏 串口长度数据已更新: L21.440788 -> physical_length=21.440788
2025-09-02 14:29:04.528 | INFO     | Pendulum.PendulumAPP:_processSerialData:121 - 🔄 数据来源: 串口接收 -> PendulumState.physical_length
2025-09-02 14:29:04.530 | INFO     | Pendulum.SerialConncet:_run:176 - [接收] L21.466311
2025-09-02 14:29:04.550 | INFO     | Pendulum.SerialConncet:_run:176 - [接收] L21.491831
2025-09-02 14:29:04.572 | INFO     | Pendulum.SerialConncet:_run:176 - [接收] L21.517351
2025-09-02 14:29:04.575 | INFO     | Pendulum.PendulumAPP:_processSerialData:120 - 📏 串口长度数据已更新: L21.517351 -> physical_length=21.517351
2025-09-02 14:29:04.576 | INFO     | Pendulum.PendulumAPP:_processSerialData:121 - 🔄 数据来源: 串口接收 -> PendulumState.physical_length
2025-09-02 14:29:04.593 | INFO     | Pendulum.SerialConncet:_run:176 - [接收] L21.542873
2025-09-02 14:29:04.612 | INFO     | Pendulum.SerialConncet:_run:176 - [接收] L21.568394
2025-09-02 14:29:04.620 | INFO     | Pendulum.PendulumAPP:_processSerialData:120 - 📏 串口长度数据已更新: L21.568394 -> physical_length=21.568394
2025-09-02 14:29:04.621 | INFO     | Pendulum.PendulumAPP:_processSerialData:121 - 🔄 数据来源: 串口接收 -> PendulumState.physical_length
2025-09-02 14:29:04.634 | INFO     | Pendulum.SerialConncet:_run:176 - [接收] L21.593916
2025-09-02 14:29:04.655 | INFO     | Pendulum.SerialConncet:_run:176 - [接收] L21.619434
2025-09-02 14:29:04.668 | INFO     | Pendulum.PendulumAPP:_processSerialData:120 - 📏 串口长度数据已更新: L21.619434 -> physical_length=21.619434
2025-09-02 14:29:04.669 | INFO     | Pendulum.PendulumAPP:_processSerialData:121 - 🔄 数据来源: 串口接收 -> PendulumState.physical_length
2025-09-02 14:29:04.677 | INFO     | Pendulum.SerialConncet:_run:176 - [接收] L21.644957
2025-09-02 14:29:04.697 | INFO     | Pendulum.SerialConncet:_run:176 - [接收] L21.670479
2025-09-02 14:29:04.713 | INFO     | Pendulum.PendulumAPP:_processSerialData:120 - 📏 串口长度数据已更新: L21.670479 -> physical_length=21.670479
2025-09-02 14:29:04.715 | INFO     | Pendulum.PendulumAPP:_processSerialData:121 - 🔄 数据来源: 串口接收 -> PendulumState.physical_length
2025-09-02 14:29:04.718 | INFO     | Pendulum.SerialConncet:_run:176 - [接收] L21.695999
2025-09-02 14:29:04.739 | INFO     | Pendulum.SerialConncet:_run:176 - [接收] L21.721519
2025-09-02 14:29:04.759 | INFO     | Pendulum.PendulumAPP:_processSerialData:120 - 📏 串口长度数据已更新: L21.721519 -> physical_length=21.721519
2025-09-02 14:29:04.760 | INFO     | Pendulum.PendulumAPP:_processSerialData:121 - 🔄 数据来源: 串口接收 -> PendulumState.physical_length
2025-09-02 14:29:04.764 | INFO     | Pendulum.SerialConncet:_run:176 - [接收] L21.747040
2025-09-02 14:29:04.781 | INFO     | Pendulum.SerialConncet:_run:176 - [接收] L21.772562
2025-09-02 14:29:04.802 | INFO     | Pendulum.SerialConncet:_run:176 - [接收] L21.798082
2025-09-02 14:29:04.821 | INFO     | Pendulum.PendulumAPP:_processSerialData:120 - 📏 串口长度数据已更新: L21.798082 -> physical_length=21.798082
2025-09-02 14:29:04.822 | INFO     | Pendulum.PendulumAPP:_processSerialData:121 - 🔄 数据来源: 串口接收 -> PendulumState.physical_length
2025-09-02 14:29:04.824 | INFO     | Pendulum.SerialConncet:_run:176 - [接收] L21.823603
2025-09-02 14:29:04.843 | INFO     | Pendulum.SerialConncet:_run:176 - [接收] L21.849125
2025-09-02 14:29:04.865 | INFO     | Pendulum.SerialConncet:_run:176 - [接收] L21.874647
2025-09-02 14:29:04.867 | INFO     | Pendulum.PendulumAPP:_processSerialData:120 - 📏 串口长度数据已更新: L21.874647 -> physical_length=21.874647
2025-09-02 14:29:04.868 | INFO     | Pendulum.PendulumAPP:_processSerialData:121 - 🔄 数据来源: 串口接收 -> PendulumState.physical_length
2025-09-02 14:29:04.885 | INFO     | Pendulum.SerialConncet:_run:176 - [接收] L21.900166
2025-09-02 14:29:04.906 | INFO     | Pendulum.SerialConncet:_run:176 - [接收] L21.925688
2025-09-02 14:29:04.913 | INFO     | Pendulum.PendulumAPP:_processSerialData:120 - 📏 串口长度数据已更新: L21.925688 -> physical_length=21.925688
2025-09-02 14:29:04.914 | INFO     | Pendulum.PendulumAPP:_processSerialData:121 - 🔄 数据来源: 串口接收 -> PendulumState.physical_length
2025-09-02 14:29:04.927 | INFO     | Pendulum.SerialConncet:_run:176 - [接收] L21.951210
2025-09-02 14:29:04.948 | INFO     | Pendulum.SerialConncet:_run:176 - [接收] L21.976730
2025-09-02 14:29:04.960 | INFO     | Pendulum.PendulumAPP:_processSerialData:120 - 📏 串口长度数据已更新: L21.976730 -> physical_length=21.976730
2025-09-02 14:29:04.961 | INFO     | Pendulum.PendulumAPP:_processSerialData:121 - 🔄 数据来源: 串口接收 -> PendulumState.physical_length
2025-09-02 14:29:04.971 | INFO     | Pendulum.SerialConncet:_run:176 - [接收] L22.002251
2025-09-02 14:29:04.990 | INFO     | Pendulum.SerialConncet:_run:176 - [接收] L22.027771
2025-09-02 14:29:05.008 | INFO     | Pendulum.PendulumAPP:_processSerialData:120 - 📏 串口长度数据已更新: L22.027771 -> physical_length=22.027771
2025-09-02 14:29:05.009 | INFO     | Pendulum.PendulumAPP:_processSerialData:121 - 🔄 数据来源: 串口接收 -> PendulumState.physical_length
2025-09-02 14:29:05.014 | INFO     | Pendulum.SerialConncet:_run:176 - [接收] L22.053293
2025-09-02 14:29:05.033 | INFO     | Pendulum.SerialConncet:_run:176 - [接收] L22.078814
2025-09-02 14:29:05.053 | INFO     | Pendulum.SerialConncet:_run:176 - [接收] L22.104334
2025-09-02 14:29:05.056 | INFO     | Pendulum.PendulumAPP:_processSerialData:120 - 📏 串口长度数据已更新: L22.078814 -> physical_length=22.078814
2025-09-02 14:29:05.058 | INFO     | Pendulum.PendulumAPP:_processSerialData:121 - 🔄 数据来源: 串口接收 -> PendulumState.physical_length
2025-09-02 14:29:05.074 | INFO     | Pendulum.SerialConncet:_run:176 - [接收] L22.129856
2025-09-02 14:29:05.094 | INFO     | Pendulum.SerialConncet:_run:176 - [接收] L22.155376
2025-09-02 14:29:05.100 | INFO     | Pendulum.PendulumAPP:_processSerialData:120 - 📏 串口长度数据已更新: L22.155376 -> physical_length=22.155376
2025-09-02 14:29:05.102 | INFO     | Pendulum.PendulumAPP:_processSerialData:121 - 🔄 数据来源: 串口接收 -> PendulumState.physical_length
2025-09-02 14:29:05.117 | INFO     | Pendulum.SerialConncet:_run:176 - [接收] L22.180897
2025-09-02 14:29:05.136 | INFO     | Pendulum.SerialConncet:_run:176 - [接收] L22.206419
2025-09-02 14:29:05.138 | INFO     | Pendulum.PendulumAPP:_keyEventWeb:249 - stop
2025-09-02 14:29:05.140 | INFO     | Pendulum.SerialConncet:send:199 - sendm0
2025-09-02 14:29:05.141 | INFO     | Pendulum.SerialConncet:send:201 - [发送] m0
2025-09-02 14:29:05.148 | INFO     | Pendulum.PendulumAPP:_processSerialData:120 - 📏 串口长度数据已更新: L22.206419 -> physical_length=22.206419
2025-09-02 14:29:05.148 | INFO     | Pendulum.PendulumAPP:_processSerialData:121 - 🔄 数据来源: 串口接收 -> PendulumState.physical_length
2025-09-02 14:29:05.157 | INFO     | Pendulum.SerialConncet:_run:176 - [接收] L22.231939
2025-09-02 14:29:05.194 | INFO     | Pendulum.PendulumAPP:_processSerialData:120 - 📏 串口长度数据已更新: L22.231939 -> physical_length=22.231939
2025-09-02 14:29:05.195 | INFO     | Pendulum.PendulumAPP:_processSerialData:121 - 🔄 数据来源: 串口接收 -> PendulumState.physical_length
2025-09-02 14:29:05.241 | INFO     | Pendulum.PendulumAPP:_processSerialData:120 - 📏 串口长度数据已更新: L22.231939 -> physical_length=22.231939
2025-09-02 14:29:05.242 | INFO     | Pendulum.PendulumAPP:_processSerialData:121 - 🔄 数据来源: 串口接收 -> PendulumState.physical_length
2025-09-02 14:29:05.287 | INFO     | Pendulum.PendulumAPP:_processSerialData:120 - 📏 串口长度数据已更新: L22.231939 -> physical_length=22.231939
2025-09-02 14:29:05.289 | INFO     | Pendulum.PendulumAPP:_processSerialData:121 - 🔄 数据来源: 串口接收 -> PendulumState.physical_length
2025-09-02 14:29:05.334 | INFO     | Pendulum.PendulumAPP:_processSerialData:120 - 📏 串口长度数据已更新: L22.231939 -> physical_length=22.231939
2025-09-02 14:29:05.335 | INFO     | Pendulum.PendulumAPP:_processSerialData:121 - 🔄 数据来源: 串口接收 -> PendulumState.physical_length
2025-09-02 14:29:05.382 | INFO     | Pendulum.PendulumAPP:_processSerialData:120 - 📏 串口长度数据已更新: L22.231939 -> physical_length=22.231939
2025-09-02 14:29:05.385 | INFO     | Pendulum.PendulumAPP:_processSerialData:121 - 🔄 数据来源: 串口接收 -> PendulumState.physical_length
2025-09-02 14:29:05.428 | INFO     | Pendulum.PendulumAPP:_processSerialData:120 - 📏 串口长度数据已更新: L22.231939 -> physical_length=22.231939
2025-09-02 14:29:05.429 | INFO     | Pendulum.PendulumAPP:_processSerialData:121 - 🔄 数据来源: 串口接收 -> PendulumState.physical_length
2025-09-02 14:29:05.475 | INFO     | Pendulum.PendulumAPP:_processSerialData:120 - 📏 串口长度数据已更新: L22.231939 -> physical_length=22.231939
2025-09-02 14:29:05.475 | INFO     | Pendulum.PendulumAPP:_processSerialData:121 - 🔄 数据来源: 串口接收 -> PendulumState.physical_length
2025-09-02 14:29:05.523 | INFO     | Pendulum.PendulumAPP:_processSerialData:120 - 📏 串口长度数据已更新: L22.231939 -> physical_length=22.231939
2025-09-02 14:29:05.525 | INFO     | Pendulum.PendulumAPP:_processSerialData:121 - 🔄 数据来源: 串口接收 -> PendulumState.physical_length
2025-09-02 14:29:05.569 | INFO     | Pendulum.PendulumAPP:_processSerialData:120 - 📏 串口长度数据已更新: L22.231939 -> physical_length=22.231939
2025-09-02 14:29:05.570 | INFO     | Pendulum.PendulumAPP:_processSerialData:121 - 🔄 数据来源: 串口接收 -> PendulumState.physical_length
2025-09-02 14:29:05.615 | INFO     | Pendulum.PendulumAPP:_processSerialData:120 - 📏 串口长度数据已更新: L22.231939 -> physical_length=22.231939
2025-09-02 14:29:05.616 | INFO     | Pendulum.PendulumAPP:_processSerialData:121 - 🔄 数据来源: 串口接收 -> PendulumState.physical_length
2025-09-02 14:29:05.660 | INFO     | Pendulum.PendulumAPP:_processSerialData:120 - 📏 串口长度数据已更新: L22.231939 -> physical_length=22.231939
2025-09-02 14:29:05.661 | INFO     | Pendulum.PendulumAPP:_processSerialData:121 - 🔄 数据来源: 串口接收 -> PendulumState.physical_length
2025-09-02 14:29:05.707 | INFO     | Pendulum.PendulumAPP:_processSerialData:120 - 📏 串口长度数据已更新: L22.231939 -> physical_length=22.231939
2025-09-02 14:29:05.708 | INFO     | Pendulum.PendulumAPP:_processSerialData:121 - 🔄 数据来源: 串口接收 -> PendulumState.physical_length
2025-09-02 14:29:05.754 | INFO     | Pendulum.PendulumAPP:_processSerialData:120 - 📏 串口长度数据已更新: L22.231939 -> physical_length=22.231939
2025-09-02 14:29:05.755 | INFO     | Pendulum.PendulumAPP:_processSerialData:121 - 🔄 数据来源: 串口接收 -> PendulumState.physical_length
2025-09-02 14:29:05.803 | INFO     | Pendulum.PendulumAPP:_processSerialData:120 - 📏 串口长度数据已更新: L22.231939 -> physical_length=22.231939
2025-09-02 14:29:05.803 | INFO     | Pendulum.PendulumAPP:_processSerialData:121 - 🔄 数据来源: 串口接收 -> PendulumState.physical_length
2025-09-02 14:29:05.847 | INFO     | Pendulum.PendulumAPP:_processSerialData:120 - 📏 串口长度数据已更新: L22.231939 -> physical_length=22.231939
2025-09-02 14:29:05.850 | INFO     | Pendulum.PendulumAPP:_processSerialData:121 - 🔄 数据来源: 串口接收 -> PendulumState.physical_length
2025-09-02 14:29:05.894 | INFO     | Pendulum.PendulumAPP:_processSerialData:120 - 📏 串口长度数据已更新: L22.231939 -> physical_length=22.231939
2025-09-02 14:29:05.895 | INFO     | Pendulum.PendulumAPP:_processSerialData:121 - 🔄 数据来源: 串口接收 -> PendulumState.physical_length
2025-09-02 14:29:05.939 | INFO     | Pendulum.PendulumAPP:_processSerialData:120 - 📏 串口长度数据已更新: L22.231939 -> physical_length=22.231939
2025-09-02 14:29:05.940 | INFO     | Pendulum.PendulumAPP:_processSerialData:121 - 🔄 数据来源: 串口接收 -> PendulumState.physical_length
2025-09-02 14:29:05.987 | INFO     | Pendulum.PendulumAPP:_processSerialData:120 - 📏 串口长度数据已更新: L22.231939 -> physical_length=22.231939
2025-09-02 14:29:05.989 | INFO     | Pendulum.PendulumAPP:_processSerialData:121 - 🔄 数据来源: 串口接收 -> PendulumState.physical_length
2025-09-02 14:29:06.034 | INFO     | Pendulum.PendulumAPP:_processSerialData:120 - 📏 串口长度数据已更新: L22.231939 -> physical_length=22.231939
2025-09-02 14:29:06.035 | INFO     | Pendulum.PendulumAPP:_processSerialData:121 - 🔄 数据来源: 串口接收 -> PendulumState.physical_length
2025-09-02 14:29:06.080 | INFO     | Pendulum.PendulumAPP:_processSerialData:120 - 📏 串口长度数据已更新: L22.231939 -> physical_length=22.231939
2025-09-02 14:29:06.081 | INFO     | Pendulum.PendulumAPP:_processSerialData:121 - 🔄 数据来源: 串口接收 -> PendulumState.physical_length
2025-09-02 14:29:06.128 | INFO     | Pendulum.PendulumAPP:_processSerialData:120 - 📏 串口长度数据已更新: L22.231939 -> physical_length=22.231939
2025-09-02 14:29:06.129 | INFO     | Pendulum.PendulumAPP:_processSerialData:121 - 🔄 数据来源: 串口接收 -> PendulumState.physical_length
2025-09-02 14:29:06.168 | INFO     | Pendulum.PendulumAPP:_keyEventWeb:246 - ↓
2025-09-02 14:29:06.170 | INFO     | Pendulum.SerialConncet:send:199 - sendm1
2025-09-02 14:29:06.171 | INFO     | Pendulum.SerialConncet:send:201 - [发送] m1
2025-09-02 14:29:06.173 | INFO     | Pendulum.PendulumAPP:_processSerialData:120 - 📏 串口长度数据已更新: L22.231939 -> physical_length=22.231939
2025-09-02 14:29:06.173 | INFO     | Pendulum.PendulumAPP:_processSerialData:121 - 🔄 数据来源: 串口接收 -> PendulumState.physical_length
2025-09-02 14:29:06.193 | INFO     | Pendulum.SerialConncet:_run:176 - [接收] L22.257462
2025-09-02 14:29:06.215 | INFO     | Pendulum.SerialConncet:_run:176 - [接收] L22.282982
2025-09-02 14:29:06.220 | INFO     | Pendulum.PendulumAPP:_processSerialData:120 - 📏 串口长度数据已更新: L22.282982 -> physical_length=22.282982
2025-09-02 14:29:06.221 | INFO     | Pendulum.PendulumAPP:_processSerialData:121 - 🔄 数据来源: 串口接收 -> PendulumState.physical_length
2025-09-02 14:29:06.235 | INFO     | Pendulum.SerialConncet:_run:176 - [接收] L22.308502
2025-09-02 14:29:06.256 | INFO     | Pendulum.SerialConncet:_run:176 - [接收] L22.334024
2025-09-02 14:29:06.266 | INFO     | Pendulum.PendulumAPP:_processSerialData:120 - 📏 串口长度数据已更新: L22.334024 -> physical_length=22.334024
2025-09-02 14:29:06.266 | INFO     | Pendulum.PendulumAPP:_processSerialData:121 - 🔄 数据来源: 串口接收 -> PendulumState.physical_length
2025-09-02 14:29:06.279 | INFO     | Pendulum.SerialConncet:_run:176 - [接收] L22.359545
2025-09-02 14:29:06.299 | INFO     | Pendulum.SerialConncet:_run:176 - [接收] L22.385065
2025-09-02 14:29:06.313 | INFO     | Pendulum.PendulumAPP:_processSerialData:120 - 📏 串口长度数据已更新: L22.385065 -> physical_length=22.385065
2025-09-02 14:29:06.314 | INFO     | Pendulum.PendulumAPP:_processSerialData:121 - 🔄 数据来源: 串口接收 -> PendulumState.physical_length
2025-09-02 14:29:06.319 | INFO     | Pendulum.SerialConncet:_run:176 - [接收] L22.410587
2025-09-02 14:29:06.342 | INFO     | Pendulum.SerialConncet:_run:176 - [接收] L22.436108
2025-09-02 14:29:06.359 | INFO     | Pendulum.PendulumAPP:_processSerialData:120 - 📏 串口长度数据已更新: L22.436108 -> physical_length=22.436108
2025-09-02 14:29:06.359 | INFO     | Pendulum.PendulumAPP:_processSerialData:121 - 🔄 数据来源: 串口接收 -> PendulumState.physical_length
2025-09-02 14:29:06.363 | INFO     | Pendulum.SerialConncet:_run:176 - [接收] L22.461628
2025-09-02 14:29:06.381 | INFO     | Pendulum.SerialConncet:_run:176 - [接收] L22.487150
2025-09-02 14:29:06.403 | INFO     | Pendulum.SerialConncet:_run:176 - [接收] L22.512671
2025-09-02 14:29:06.405 | INFO     | Pendulum.PendulumAPP:_processSerialData:120 - 📏 串口长度数据已更新: L22.512671 -> physical_length=22.512671
2025-09-02 14:29:06.406 | INFO     | Pendulum.PendulumAPP:_processSerialData:121 - 🔄 数据来源: 串口接收 -> PendulumState.physical_length
2025-09-02 14:29:06.426 | INFO     | Pendulum.SerialConncet:_run:176 - [接收] L22.538193
2025-09-02 14:29:06.445 | INFO     | Pendulum.SerialConncet:_run:176 - [接收] L22.563711
2025-09-02 14:29:06.451 | INFO     | Pendulum.PendulumAPP:_processSerialData:120 - 📏 串口长度数据已更新: L22.563711 -> physical_length=22.563711
2025-09-02 14:29:06.452 | INFO     | Pendulum.PendulumAPP:_processSerialData:121 - 🔄 数据来源: 串口接收 -> PendulumState.physical_length
2025-09-02 14:29:06.467 | INFO     | Pendulum.SerialConncet:_run:176 - [接收] L22.589233
2025-09-02 14:29:06.482 | INFO     | Pendulum.PendulumAPP:_processSerialData:120 - 📏 串口长度数据已更新: L22.589233 -> physical_length=22.589233
2025-09-02 14:29:06.483 | INFO     | Pendulum.PendulumAPP:_processSerialData:121 - 🔄 数据来源: 串口接收 -> PendulumState.physical_length
2025-09-02 14:29:06.487 | INFO     | Pendulum.SerialConncet:_run:176 - [接收] L22.614756
2025-09-02 14:29:06.507 | INFO     | Pendulum.SerialConncet:_run:176 - [接收] L22.640276
2025-09-02 14:29:06.518 | INFO     | Pendulum.PendulumAPP:_keyEventWeb:249 - stop
2025-09-02 14:29:06.519 | INFO     | Pendulum.SerialConncet:send:199 - sendm0
2025-09-02 14:29:06.521 | INFO     | Pendulum.SerialConncet:send:201 - [发送] m0
2025-09-02 14:29:06.527 | INFO     | Pendulum.SerialConncet:_run:176 - [接收] L22.665796
2025-09-02 14:29:06.528 | INFO     | Pendulum.PendulumAPP:_processSerialData:120 - 📏 串口长度数据已更新: L22.640276 -> physical_length=22.640276
2025-09-02 14:29:06.530 | INFO     | Pendulum.PendulumAPP:_processSerialData:121 - 🔄 数据来源: 串口接收 -> PendulumState.physical_length
2025-09-02 14:29:06.574 | INFO     | Pendulum.PendulumAPP:_processSerialData:120 - 📏 串口长度数据已更新: L22.665796 -> physical_length=22.665796
2025-09-02 14:29:06.576 | INFO     | Pendulum.PendulumAPP:_processSerialData:121 - 🔄 数据来源: 串口接收 -> PendulumState.physical_length
2025-09-02 14:29:06.621 | INFO     | Pendulum.PendulumAPP:_processSerialData:120 - 📏 串口长度数据已更新: L22.665796 -> physical_length=22.665796
2025-09-02 14:29:06.623 | INFO     | Pendulum.PendulumAPP:_processSerialData:121 - 🔄 数据来源: 串口接收 -> PendulumState.physical_length
2025-09-02 14:29:06.667 | INFO     | Pendulum.PendulumAPP:_processSerialData:120 - 📏 串口长度数据已更新: L22.665796 -> physical_length=22.665796
2025-09-02 14:29:06.667 | INFO     | Pendulum.PendulumAPP:_processSerialData:121 - 🔄 数据来源: 串口接收 -> PendulumState.physical_length
2025-09-02 14:29:06.713 | INFO     | Pendulum.PendulumAPP:_processSerialData:120 - 📏 串口长度数据已更新: L22.665796 -> physical_length=22.665796
2025-09-02 14:29:06.714 | INFO     | Pendulum.PendulumAPP:_processSerialData:121 - 🔄 数据来源: 串口接收 -> PendulumState.physical_length
2025-09-02 14:29:06.759 | INFO     | Pendulum.PendulumAPP:_processSerialData:120 - 📏 串口长度数据已更新: L22.665796 -> physical_length=22.665796
2025-09-02 14:29:06.762 | INFO     | Pendulum.PendulumAPP:_processSerialData:121 - 🔄 数据来源: 串口接收 -> PendulumState.physical_length
2025-09-02 14:29:06.805 | INFO     | Pendulum.PendulumAPP:_processSerialData:120 - 📏 串口长度数据已更新: L22.665796 -> physical_length=22.665796
2025-09-02 14:29:06.806 | INFO     | Pendulum.PendulumAPP:_processSerialData:121 - 🔄 数据来源: 串口接收 -> PendulumState.physical_length
2025-09-02 14:29:06.853 | INFO     | Pendulum.PendulumAPP:_processSerialData:120 - 📏 串口长度数据已更新: L22.665796 -> physical_length=22.665796
2025-09-02 14:29:06.854 | INFO     | Pendulum.PendulumAPP:_processSerialData:121 - 🔄 数据来源: 串口接收 -> PendulumState.physical_length
2025-09-02 14:29:06.901 | INFO     | Pendulum.PendulumAPP:_processSerialData:120 - 📏 串口长度数据已更新: L22.665796 -> physical_length=22.665796
2025-09-02 14:29:06.901 | INFO     | Pendulum.PendulumAPP:_processSerialData:121 - 🔄 数据来源: 串口接收 -> PendulumState.physical_length
2025-09-02 14:29:06.947 | INFO     | Pendulum.PendulumAPP:_processSerialData:120 - 📏 串口长度数据已更新: L22.665796 -> physical_length=22.665796
2025-09-02 14:29:06.949 | INFO     | Pendulum.PendulumAPP:_processSerialData:121 - 🔄 数据来源: 串口接收 -> PendulumState.physical_length
2025-09-02 14:29:06.995 | INFO     | Pendulum.PendulumAPP:_processSerialData:120 - 📏 串口长度数据已更新: L22.665796 -> physical_length=22.665796
2025-09-02 14:29:06.996 | INFO     | Pendulum.PendulumAPP:_processSerialData:121 - 🔄 数据来源: 串口接收 -> PendulumState.physical_length
2025-09-02 14:29:07.041 | INFO     | Pendulum.PendulumAPP:_processSerialData:120 - 📏 串口长度数据已更新: L22.665796 -> physical_length=22.665796
2025-09-02 14:29:07.042 | INFO     | Pendulum.PendulumAPP:_processSerialData:121 - 🔄 数据来源: 串口接收 -> PendulumState.physical_length
2025-09-02 14:29:07.087 | INFO     | Pendulum.PendulumAPP:_processSerialData:120 - 📏 串口长度数据已更新: L22.665796 -> physical_length=22.665796
2025-09-02 14:29:07.088 | INFO     | Pendulum.PendulumAPP:_processSerialData:121 - 🔄 数据来源: 串口接收 -> PendulumState.physical_length
2025-09-02 14:29:07.133 | INFO     | Pendulum.PendulumAPP:_processSerialData:120 - 📏 串口长度数据已更新: L22.665796 -> physical_length=22.665796
2025-09-02 14:29:07.134 | INFO     | Pendulum.PendulumAPP:_processSerialData:121 - 🔄 数据来源: 串口接收 -> PendulumState.physical_length
2025-09-02 14:29:07.179 | INFO     | Pendulum.PendulumAPP:_processSerialData:120 - 📏 串口长度数据已更新: L22.665796 -> physical_length=22.665796
2025-09-02 14:29:07.180 | INFO     | Pendulum.PendulumAPP:_processSerialData:121 - 🔄 数据来源: 串口接收 -> PendulumState.physical_length
2025-09-02 14:29:07.225 | INFO     | Pendulum.PendulumAPP:_processSerialData:120 - 📏 串口长度数据已更新: L22.665796 -> physical_length=22.665796
2025-09-02 14:29:07.226 | INFO     | Pendulum.PendulumAPP:_processSerialData:121 - 🔄 数据来源: 串口接收 -> PendulumState.physical_length
2025-09-02 14:29:07.272 | INFO     | Pendulum.PendulumAPP:_processSerialData:120 - 📏 串口长度数据已更新: L22.665796 -> physical_length=22.665796
2025-09-02 14:29:07.274 | INFO     | Pendulum.PendulumAPP:_processSerialData:121 - 🔄 数据来源: 串口接收 -> PendulumState.physical_length
2025-09-02 14:29:07.318 | INFO     | Pendulum.PendulumAPP:_processSerialData:120 - 📏 串口长度数据已更新: L22.665796 -> physical_length=22.665796
2025-09-02 14:29:07.322 | INFO     | Pendulum.PendulumAPP:_processSerialData:121 - 🔄 数据来源: 串口接收 -> PendulumState.physical_length
2025-09-02 14:29:07.364 | INFO     | Pendulum.PendulumAPP:_processSerialData:120 - 📏 串口长度数据已更新: L22.665796 -> physical_length=22.665796
2025-09-02 14:29:07.365 | INFO     | Pendulum.PendulumAPP:_processSerialData:121 - 🔄 数据来源: 串口接收 -> PendulumState.physical_length
2025-09-02 14:29:07.410 | INFO     | Pendulum.PendulumAPP:_processSerialData:120 - 📏 串口长度数据已更新: L22.665796 -> physical_length=22.665796
2025-09-02 14:29:07.411 | INFO     | Pendulum.PendulumAPP:_processSerialData:121 - 🔄 数据来源: 串口接收 -> PendulumState.physical_length
2025-09-02 14:29:07.457 | INFO     | Pendulum.PendulumAPP:_processSerialData:120 - 📏 串口长度数据已更新: L22.665796 -> physical_length=22.665796
2025-09-02 14:29:07.457 | INFO     | Pendulum.PendulumAPP:_processSerialData:121 - 🔄 数据来源: 串口接收 -> PendulumState.physical_length
2025-09-02 14:29:07.502 | INFO     | Pendulum.PendulumAPP:_processSerialData:120 - 📏 串口长度数据已更新: L22.665796 -> physical_length=22.665796
2025-09-02 14:29:07.503 | INFO     | Pendulum.PendulumAPP:_processSerialData:121 - 🔄 数据来源: 串口接收 -> PendulumState.physical_length
2025-09-02 14:29:07.550 | INFO     | Pendulum.PendulumAPP:_processSerialData:120 - 📏 串口长度数据已更新: L22.665796 -> physical_length=22.665796
2025-09-02 14:29:07.551 | INFO     | Pendulum.PendulumAPP:_processSerialData:121 - 🔄 数据来源: 串口接收 -> PendulumState.physical_length
2025-09-02 14:29:07.595 | INFO     | Pendulum.PendulumAPP:_processSerialData:120 - 📏 串口长度数据已更新: L22.665796 -> physical_length=22.665796
2025-09-02 14:29:07.596 | INFO     | Pendulum.PendulumAPP:_processSerialData:121 - 🔄 数据来源: 串口接收 -> PendulumState.physical_length
2025-09-02 14:29:07.642 | INFO     | Pendulum.PendulumAPP:_processSerialData:120 - 📏 串口长度数据已更新: L22.665796 -> physical_length=22.665796
2025-09-02 14:29:07.643 | INFO     | Pendulum.PendulumAPP:_processSerialData:121 - 🔄 数据来源: 串口接收 -> PendulumState.physical_length
2025-09-02 14:29:07.688 | INFO     | Pendulum.PendulumAPP:_processSerialData:120 - 📏 串口长度数据已更新: L22.665796 -> physical_length=22.665796
2025-09-02 14:29:07.689 | INFO     | Pendulum.PendulumAPP:_processSerialData:121 - 🔄 数据来源: 串口接收 -> PendulumState.physical_length
2025-09-02 14:29:07.733 | INFO     | Pendulum.PendulumAPP:_processSerialData:120 - 📏 串口长度数据已更新: L22.665796 -> physical_length=22.665796
2025-09-02 14:29:07.734 | INFO     | Pendulum.PendulumAPP:_processSerialData:121 - 🔄 数据来源: 串口接收 -> PendulumState.physical_length
2025-09-02 14:29:07.780 | INFO     | Pendulum.PendulumAPP:_processSerialData:120 - 📏 串口长度数据已更新: L22.665796 -> physical_length=22.665796
2025-09-02 14:29:07.782 | INFO     | Pendulum.PendulumAPP:_processSerialData:121 - 🔄 数据来源: 串口接收 -> PendulumState.physical_length
2025-09-02 14:29:07.828 | INFO     | Pendulum.PendulumAPP:_processSerialData:120 - 📏 串口长度数据已更新: L22.665796 -> physical_length=22.665796
2025-09-02 14:29:07.831 | INFO     | Pendulum.PendulumAPP:_processSerialData:121 - 🔄 数据来源: 串口接收 -> PendulumState.physical_length
2025-09-02 14:29:07.873 | INFO     | Pendulum.PendulumAPP:_processSerialData:120 - 📏 串口长度数据已更新: L22.665796 -> physical_length=22.665796
2025-09-02 14:29:07.874 | INFO     | Pendulum.PendulumAPP:_processSerialData:121 - 🔄 数据来源: 串口接收 -> PendulumState.physical_length
2025-09-02 14:29:07.919 | INFO     | Pendulum.PendulumAPP:_processSerialData:120 - 📏 串口长度数据已更新: L22.665796 -> physical_length=22.665796
2025-09-02 14:29:07.920 | INFO     | Pendulum.PendulumAPP:_processSerialData:121 - 🔄 数据来源: 串口接收 -> PendulumState.physical_length
2025-09-02 14:29:07.966 | INFO     | Pendulum.PendulumAPP:_processSerialData:120 - 📏 串口长度数据已更新: L22.665796 -> physical_length=22.665796
2025-09-02 14:29:07.966 | INFO     | Pendulum.PendulumAPP:_processSerialData:121 - 🔄 数据来源: 串口接收 -> PendulumState.physical_length
2025-09-02 14:29:08.012 | INFO     | Pendulum.PendulumAPP:_processSerialData:120 - 📏 串口长度数据已更新: L22.665796 -> physical_length=22.665796
2025-09-02 14:29:08.013 | INFO     | Pendulum.PendulumAPP:_processSerialData:121 - 🔄 数据来源: 串口接收 -> PendulumState.physical_length
2025-09-02 14:29:08.059 | INFO     | Pendulum.PendulumAPP:_processSerialData:120 - 📏 串口长度数据已更新: L22.665796 -> physical_length=22.665796
2025-09-02 14:29:08.060 | INFO     | Pendulum.PendulumAPP:_processSerialData:121 - 🔄 数据来源: 串口接收 -> PendulumState.physical_length
2025-09-02 14:29:08.106 | INFO     | Pendulum.PendulumAPP:_processSerialData:120 - 📏 串口长度数据已更新: L22.665796 -> physical_length=22.665796
2025-09-02 14:29:08.109 | INFO     | Pendulum.PendulumAPP:_processSerialData:121 - 🔄 数据来源: 串口接收 -> PendulumState.physical_length
2025-09-02 14:29:08.151 | INFO     | Pendulum.PendulumAPP:_processSerialData:120 - 📏 串口长度数据已更新: L22.665796 -> physical_length=22.665796
2025-09-02 14:29:08.152 | INFO     | Pendulum.PendulumAPP:_processSerialData:121 - 🔄 数据来源: 串口接收 -> PendulumState.physical_length
2025-09-02 14:29:08.198 | INFO     | Pendulum.PendulumAPP:_processSerialData:120 - 📏 串口长度数据已更新: L22.665796 -> physical_length=22.665796
2025-09-02 14:29:08.199 | INFO     | Pendulum.PendulumAPP:_processSerialData:121 - 🔄 数据来源: 串口接收 -> PendulumState.physical_length
2025-09-02 14:29:08.245 | INFO     | Pendulum.PendulumAPP:_processSerialData:120 - 📏 串口长度数据已更新: L22.665796 -> physical_length=22.665796
2025-09-02 14:29:08.246 | INFO     | Pendulum.PendulumAPP:_processSerialData:121 - 🔄 数据来源: 串口接收 -> PendulumState.physical_length
2025-09-02 14:29:08.292 | INFO     | Pendulum.PendulumAPP:_processSerialData:120 - 📏 串口长度数据已更新: L22.665796 -> physical_length=22.665796
2025-09-02 14:29:08.293 | INFO     | Pendulum.PendulumAPP:_processSerialData:121 - 🔄 数据来源: 串口接收 -> PendulumState.physical_length
2025-09-02 14:29:08.340 | INFO     | Pendulum.PendulumAPP:_processSerialData:120 - 📏 串口长度数据已更新: L22.665796 -> physical_length=22.665796
2025-09-02 14:29:08.341 | INFO     | Pendulum.PendulumAPP:_processSerialData:121 - 🔄 数据来源: 串口接收 -> PendulumState.physical_length
2025-09-02 14:29:08.387 | INFO     | Pendulum.PendulumAPP:_processSerialData:120 - 📏 串口长度数据已更新: L22.665796 -> physical_length=22.665796
2025-09-02 14:29:08.389 | INFO     | Pendulum.PendulumAPP:_processSerialData:121 - 🔄 数据来源: 串口接收 -> PendulumState.physical_length
2025-09-02 14:29:08.433 | INFO     | Pendulum.PendulumAPP:_processSerialData:120 - 📏 串口长度数据已更新: L22.665796 -> physical_length=22.665796
2025-09-02 14:29:08.434 | INFO     | Pendulum.PendulumAPP:_processSerialData:121 - 🔄 数据来源: 串口接收 -> PendulumState.physical_length
2025-09-02 14:29:08.479 | INFO     | Pendulum.PendulumAPP:_processSerialData:120 - 📏 串口长度数据已更新: L22.665796 -> physical_length=22.665796
2025-09-02 14:29:08.480 | INFO     | Pendulum.PendulumAPP:_processSerialData:121 - 🔄 数据来源: 串口接收 -> PendulumState.physical_length
2025-09-02 14:29:08.525 | INFO     | Pendulum.PendulumAPP:_processSerialData:120 - 📏 串口长度数据已更新: L22.665796 -> physical_length=22.665796
2025-09-02 14:29:08.526 | INFO     | Pendulum.PendulumAPP:_processSerialData:121 - 🔄 数据来源: 串口接收 -> PendulumState.physical_length
2025-09-02 14:29:08.572 | INFO     | Pendulum.PendulumAPP:_processSerialData:120 - 📏 串口长度数据已更新: L22.665796 -> physical_length=22.665796
2025-09-02 14:29:08.574 | INFO     | Pendulum.PendulumAPP:_processSerialData:121 - 🔄 数据来源: 串口接收 -> PendulumState.physical_length
2025-09-02 14:29:08.619 | INFO     | Pendulum.PendulumAPP:_processSerialData:120 - 📏 串口长度数据已更新: L22.665796 -> physical_length=22.665796
2025-09-02 14:29:08.620 | INFO     | Pendulum.PendulumAPP:_processSerialData:121 - 🔄 数据来源: 串口接收 -> PendulumState.physical_length
2025-09-02 14:29:08.666 | INFO     | Pendulum.PendulumAPP:_processSerialData:120 - 📏 串口长度数据已更新: L22.665796 -> physical_length=22.665796
2025-09-02 14:29:08.666 | INFO     | Pendulum.PendulumAPP:_processSerialData:121 - 🔄 数据来源: 串口接收 -> PendulumState.physical_length
2025-09-02 14:29:08.713 | INFO     | Pendulum.PendulumAPP:_processSerialData:120 - 📏 串口长度数据已更新: L22.665796 -> physical_length=22.665796
2025-09-02 14:29:08.714 | INFO     | Pendulum.PendulumAPP:_processSerialData:121 - 🔄 数据来源: 串口接收 -> PendulumState.physical_length
2025-09-02 14:29:08.762 | INFO     | Pendulum.PendulumAPP:_processSerialData:120 - 📏 串口长度数据已更新: L22.665796 -> physical_length=22.665796
2025-09-02 14:29:08.763 | INFO     | Pendulum.PendulumAPP:_processSerialData:121 - 🔄 数据来源: 串口接收 -> PendulumState.physical_length
2025-09-02 14:29:08.806 | INFO     | Pendulum.PendulumAPP:_processSerialData:120 - 📏 串口长度数据已更新: L22.665796 -> physical_length=22.665796
2025-09-02 14:29:08.807 | INFO     | Pendulum.PendulumAPP:_processSerialData:121 - 🔄 数据来源: 串口接收 -> PendulumState.physical_length
2025-09-02 14:29:08.853 | INFO     | Pendulum.PendulumAPP:_processSerialData:120 - 📏 串口长度数据已更新: L22.665796 -> physical_length=22.665796
2025-09-02 14:29:08.853 | INFO     | Pendulum.PendulumAPP:_processSerialData:121 - 🔄 数据来源: 串口接收 -> PendulumState.physical_length
2025-09-02 14:29:08.899 | INFO     | Pendulum.PendulumAPP:_processSerialData:120 - 📏 串口长度数据已更新: L22.665796 -> physical_length=22.665796
2025-09-02 14:29:08.900 | INFO     | Pendulum.PendulumAPP:_processSerialData:121 - 🔄 数据来源: 串口接收 -> PendulumState.physical_length
2025-09-02 14:29:08.945 | INFO     | Pendulum.PendulumAPP:_processSerialData:120 - 📏 串口长度数据已更新: L22.665796 -> physical_length=22.665796
2025-09-02 14:29:08.948 | INFO     | Pendulum.PendulumAPP:_processSerialData:121 - 🔄 数据来源: 串口接收 -> PendulumState.physical_length
2025-09-02 14:29:08.992 | INFO     | Pendulum.PendulumAPP:_processSerialData:120 - 📏 串口长度数据已更新: L22.665796 -> physical_length=22.665796
2025-09-02 14:29:08.993 | INFO     | Pendulum.PendulumAPP:_processSerialData:121 - 🔄 数据来源: 串口接收 -> PendulumState.physical_length
2025-09-02 14:29:09.038 | INFO     | Pendulum.PendulumAPP:_processSerialData:120 - 📏 串口长度数据已更新: L22.665796 -> physical_length=22.665796
2025-09-02 14:29:09.039 | INFO     | Pendulum.PendulumAPP:_processSerialData:121 - 🔄 数据来源: 串口接收 -> PendulumState.physical_length
2025-09-02 14:29:09.085 | INFO     | Pendulum.PendulumAPP:_processSerialData:120 - 📏 串口长度数据已更新: L22.665796 -> physical_length=22.665796
2025-09-02 14:29:09.087 | INFO     | Pendulum.PendulumAPP:_processSerialData:121 - 🔄 数据来源: 串口接收 -> PendulumState.physical_length
2025-09-02 14:29:09.131 | INFO     | Pendulum.PendulumAPP:_processSerialData:120 - 📏 串口长度数据已更新: L22.665796 -> physical_length=22.665796
2025-09-02 14:29:09.132 | INFO     | Pendulum.PendulumAPP:_processSerialData:121 - 🔄 数据来源: 串口接收 -> PendulumState.physical_length
2025-09-02 14:29:09.177 | INFO     | Pendulum.PendulumAPP:_processSerialData:120 - 📏 串口长度数据已更新: L22.665796 -> physical_length=22.665796
2025-09-02 14:29:09.178 | INFO     | Pendulum.PendulumAPP:_processSerialData:121 - 🔄 数据来源: 串口接收 -> PendulumState.physical_length
2025-09-02 14:29:09.224 | INFO     | Pendulum.PendulumAPP:_processSerialData:120 - 📏 串口长度数据已更新: L22.665796 -> physical_length=22.665796
2025-09-02 14:29:09.225 | INFO     | Pendulum.PendulumAPP:_processSerialData:121 - 🔄 数据来源: 串口接收 -> PendulumState.physical_length
2025-09-02 14:29:09.270 | INFO     | Pendulum.PendulumAPP:_processSerialData:120 - 📏 串口长度数据已更新: L22.665796 -> physical_length=22.665796
2025-09-02 14:29:09.271 | INFO     | Pendulum.PendulumAPP:_processSerialData:121 - 🔄 数据来源: 串口接收 -> PendulumState.physical_length
2025-09-02 14:29:09.315 | INFO     | Pendulum.PendulumAPP:_processSerialData:120 - 📏 串口长度数据已更新: L22.665796 -> physical_length=22.665796
2025-09-02 14:29:09.317 | INFO     | Pendulum.PendulumAPP:_processSerialData:121 - 🔄 数据来源: 串口接收 -> PendulumState.physical_length
2025-09-02 14:29:09.362 | INFO     | Pendulum.PendulumAPP:_processSerialData:120 - 📏 串口长度数据已更新: L22.665796 -> physical_length=22.665796
2025-09-02 14:29:09.362 | INFO     | Pendulum.PendulumAPP:_processSerialData:121 - 🔄 数据来源: 串口接收 -> PendulumState.physical_length
2025-09-02 14:29:09.408 | INFO     | Pendulum.PendulumAPP:_processSerialData:120 - 📏 串口长度数据已更新: L22.665796 -> physical_length=22.665796
2025-09-02 14:29:09.408 | INFO     | Pendulum.PendulumAPP:_processSerialData:121 - 🔄 数据来源: 串口接收 -> PendulumState.physical_length
2025-09-02 14:29:09.454 | INFO     | Pendulum.PendulumAPP:_processSerialData:120 - 📏 串口长度数据已更新: L22.665796 -> physical_length=22.665796
2025-09-02 14:29:09.455 | INFO     | Pendulum.PendulumAPP:_processSerialData:121 - 🔄 数据来源: 串口接收 -> PendulumState.physical_length
2025-09-02 14:29:09.501 | INFO     | Pendulum.PendulumAPP:_processSerialData:120 - 📏 串口长度数据已更新: L22.665796 -> physical_length=22.665796
2025-09-02 14:29:09.502 | INFO     | Pendulum.PendulumAPP:_processSerialData:121 - 🔄 数据来源: 串口接收 -> PendulumState.physical_length
2025-09-02 14:29:09.547 | INFO     | Pendulum.PendulumAPP:_processSerialData:120 - 📏 串口长度数据已更新: L22.665796 -> physical_length=22.665796
2025-09-02 14:29:09.548 | INFO     | Pendulum.PendulumAPP:_processSerialData:121 - 🔄 数据来源: 串口接收 -> PendulumState.physical_length
2025-09-02 14:29:09.595 | INFO     | Pendulum.PendulumAPP:_processSerialData:120 - 📏 串口长度数据已更新: L22.665796 -> physical_length=22.665796
2025-09-02 14:29:09.596 | INFO     | Pendulum.PendulumAPP:_processSerialData:121 - 🔄 数据来源: 串口接收 -> PendulumState.physical_length
2025-09-02 14:29:09.642 | INFO     | Pendulum.PendulumAPP:_processSerialData:120 - 📏 串口长度数据已更新: L22.665796 -> physical_length=22.665796
2025-09-02 14:29:09.642 | INFO     | Pendulum.PendulumAPP:_processSerialData:121 - 🔄 数据来源: 串口接收 -> PendulumState.physical_length
2025-09-02 14:29:09.688 | INFO     | Pendulum.PendulumAPP:_processSerialData:120 - 📏 串口长度数据已更新: L22.665796 -> physical_length=22.665796
2025-09-02 14:29:09.689 | INFO     | Pendulum.PendulumAPP:_processSerialData:121 - 🔄 数据来源: 串口接收 -> PendulumState.physical_length
2025-09-02 14:29:09.735 | INFO     | Pendulum.PendulumAPP:_processSerialData:120 - 📏 串口长度数据已更新: L22.665796 -> physical_length=22.665796
2025-09-02 14:29:09.738 | INFO     | Pendulum.PendulumAPP:_processSerialData:121 - 🔄 数据来源: 串口接收 -> PendulumState.physical_length
2025-09-02 14:29:09.781 | INFO     | Pendulum.PendulumAPP:_processSerialData:120 - 📏 串口长度数据已更新: L22.665796 -> physical_length=22.665796
2025-09-02 14:29:09.782 | INFO     | Pendulum.PendulumAPP:_processSerialData:121 - 🔄 数据来源: 串口接收 -> PendulumState.physical_length
2025-09-02 14:29:09.827 | INFO     | Pendulum.PendulumAPP:_processSerialData:120 - 📏 串口长度数据已更新: L22.665796 -> physical_length=22.665796
2025-09-02 14:29:09.828 | INFO     | Pendulum.PendulumAPP:_processSerialData:121 - 🔄 数据来源: 串口接收 -> PendulumState.physical_length
2025-09-02 14:29:09.873 | INFO     | Pendulum.PendulumAPP:_processSerialData:120 - 📏 串口长度数据已更新: L22.665796 -> physical_length=22.665796
2025-09-02 14:29:09.873 | INFO     | Pendulum.PendulumAPP:_processSerialData:121 - 🔄 数据来源: 串口接收 -> PendulumState.physical_length
2025-09-02 14:29:09.919 | INFO     | Pendulum.PendulumAPP:_processSerialData:120 - 📏 串口长度数据已更新: L22.665796 -> physical_length=22.665796
2025-09-02 14:29:09.920 | INFO     | Pendulum.PendulumAPP:_processSerialData:121 - 🔄 数据来源: 串口接收 -> PendulumState.physical_length
2025-09-02 14:29:09.965 | INFO     | Pendulum.PendulumAPP:_processSerialData:120 - 📏 串口长度数据已更新: L22.665796 -> physical_length=22.665796
2025-09-02 14:29:09.966 | INFO     | Pendulum.PendulumAPP:_processSerialData:121 - 🔄 数据来源: 串口接收 -> PendulumState.physical_length
2025-09-02 14:29:10.012 | INFO     | Pendulum.PendulumAPP:_processSerialData:120 - 📏 串口长度数据已更新: L22.665796 -> physical_length=22.665796
2025-09-02 14:29:10.013 | INFO     | Pendulum.PendulumAPP:_processSerialData:121 - 🔄 数据来源: 串口接收 -> PendulumState.physical_length
2025-09-02 14:29:10.058 | INFO     | Pendulum.PendulumAPP:_processSerialData:120 - 📏 串口长度数据已更新: L22.665796 -> physical_length=22.665796
2025-09-02 14:29:10.059 | INFO     | Pendulum.PendulumAPP:_processSerialData:121 - 🔄 数据来源: 串口接收 -> PendulumState.physical_length
2025-09-02 14:29:10.106 | INFO     | Pendulum.PendulumAPP:_processSerialData:120 - 📏 串口长度数据已更新: L22.665796 -> physical_length=22.665796
2025-09-02 14:29:10.107 | INFO     | Pendulum.PendulumAPP:_processSerialData:121 - 🔄 数据来源: 串口接收 -> PendulumState.physical_length
2025-09-02 14:29:10.152 | INFO     | Pendulum.PendulumAPP:_processSerialData:120 - 📏 串口长度数据已更新: L22.665796 -> physical_length=22.665796
2025-09-02 14:29:10.153 | INFO     | Pendulum.PendulumAPP:_processSerialData:121 - 🔄 数据来源: 串口接收 -> PendulumState.physical_length
2025-09-02 14:29:10.198 | INFO     | Pendulum.PendulumAPP:_processSerialData:120 - 📏 串口长度数据已更新: L22.665796 -> physical_length=22.665796
2025-09-02 14:29:10.202 | INFO     | Pendulum.PendulumAPP:_processSerialData:121 - 🔄 数据来源: 串口接收 -> PendulumState.physical_length
2025-09-02 14:29:10.244 | INFO     | Pendulum.PendulumAPP:_processSerialData:120 - 📏 串口长度数据已更新: L22.665796 -> physical_length=22.665796
2025-09-02 14:29:10.245 | INFO     | Pendulum.PendulumAPP:_processSerialData:121 - 🔄 数据来源: 串口接收 -> PendulumState.physical_length
2025-09-02 14:29:10.292 | INFO     | Pendulum.PendulumAPP:_processSerialData:120 - 📏 串口长度数据已更新: L22.665796 -> physical_length=22.665796
2025-09-02 14:29:10.293 | INFO     | Pendulum.PendulumAPP:_processSerialData:121 - 🔄 数据来源: 串口接收 -> PendulumState.physical_length
2025-09-02 14:29:10.336 | INFO     | Pendulum.PendulumAPP:_processSerialData:120 - 📏 串口长度数据已更新: L22.665796 -> physical_length=22.665796
2025-09-02 14:29:10.337 | INFO     | Pendulum.PendulumAPP:_processSerialData:121 - 🔄 数据来源: 串口接收 -> PendulumState.physical_length
2025-09-02 14:29:10.382 | INFO     | Pendulum.PendulumAPP:_processSerialData:120 - 📏 串口长度数据已更新: L22.665796 -> physical_length=22.665796
2025-09-02 14:29:10.382 | INFO     | Pendulum.PendulumAPP:_processSerialData:121 - 🔄 数据来源: 串口接收 -> PendulumState.physical_length
2025-09-02 14:29:10.430 | INFO     | Pendulum.PendulumAPP:_processSerialData:120 - 📏 串口长度数据已更新: L22.665796 -> physical_length=22.665796
2025-09-02 14:29:10.431 | INFO     | Pendulum.PendulumAPP:_processSerialData:121 - 🔄 数据来源: 串口接收 -> PendulumState.physical_length
2025-09-02 14:29:10.477 | INFO     | Pendulum.PendulumAPP:_processSerialData:120 - 📏 串口长度数据已更新: L22.665796 -> physical_length=22.665796
2025-09-02 14:29:10.479 | INFO     | Pendulum.PendulumAPP:_processSerialData:121 - 🔄 数据来源: 串口接收 -> PendulumState.physical_length
2025-09-02 14:29:10.523 | INFO     | Pendulum.PendulumAPP:_processSerialData:120 - 📏 串口长度数据已更新: L22.665796 -> physical_length=22.665796
2025-09-02 14:29:10.523 | INFO     | Pendulum.PendulumAPP:_processSerialData:121 - 🔄 数据来源: 串口接收 -> PendulumState.physical_length
2025-09-02 14:29:10.568 | INFO     | Pendulum.PendulumAPP:_processSerialData:120 - 📏 串口长度数据已更新: L22.665796 -> physical_length=22.665796
2025-09-02 14:29:10.571 | INFO     | Pendulum.PendulumAPP:_processSerialData:121 - 🔄 数据来源: 串口接收 -> PendulumState.physical_length
2025-09-02 14:29:10.614 | INFO     | Pendulum.PendulumAPP:_processSerialData:120 - 📏 串口长度数据已更新: L22.665796 -> physical_length=22.665796
2025-09-02 14:29:10.615 | INFO     | Pendulum.PendulumAPP:_processSerialData:121 - 🔄 数据来源: 串口接收 -> PendulumState.physical_length
2025-09-02 14:29:10.660 | INFO     | Pendulum.PendulumAPP:_processSerialData:120 - 📏 串口长度数据已更新: L22.665796 -> physical_length=22.665796
2025-09-02 14:29:10.661 | INFO     | Pendulum.PendulumAPP:_processSerialData:121 - 🔄 数据来源: 串口接收 -> PendulumState.physical_length
2025-09-02 14:29:10.707 | INFO     | Pendulum.PendulumAPP:_processSerialData:120 - 📏 串口长度数据已更新: L22.665796 -> physical_length=22.665796
2025-09-02 14:29:10.708 | INFO     | Pendulum.PendulumAPP:_processSerialData:121 - 🔄 数据来源: 串口接收 -> PendulumState.physical_length
2025-09-02 14:29:10.753 | INFO     | Pendulum.PendulumAPP:_processSerialData:120 - 📏 串口长度数据已更新: L22.665796 -> physical_length=22.665796
2025-09-02 14:29:10.755 | INFO     | Pendulum.PendulumAPP:_processSerialData:121 - 🔄 数据来源: 串口接收 -> PendulumState.physical_length
2025-09-02 14:29:10.799 | INFO     | Pendulum.PendulumAPP:_processSerialData:120 - 📏 串口长度数据已更新: L22.665796 -> physical_length=22.665796
2025-09-02 14:29:10.801 | INFO     | Pendulum.PendulumAPP:_processSerialData:121 - 🔄 数据来源: 串口接收 -> PendulumState.physical_length
2025-09-02 14:29:10.845 | INFO     | Pendulum.PendulumAPP:_processSerialData:120 - 📏 串口长度数据已更新: L22.665796 -> physical_length=22.665796
2025-09-02 14:29:10.846 | INFO     | Pendulum.PendulumAPP:_processSerialData:121 - 🔄 数据来源: 串口接收 -> PendulumState.physical_length
2025-09-02 14:29:10.892 | INFO     | Pendulum.PendulumAPP:_processSerialData:120 - 📏 串口长度数据已更新: L22.665796 -> physical_length=22.665796
2025-09-02 14:29:10.893 | INFO     | Pendulum.PendulumAPP:_processSerialData:121 - 🔄 数据来源: 串口接收 -> PendulumState.physical_length
2025-09-02 14:29:10.938 | INFO     | Pendulum.PendulumAPP:_processSerialData:120 - 📏 串口长度数据已更新: L22.665796 -> physical_length=22.665796
2025-09-02 14:29:10.940 | INFO     | Pendulum.PendulumAPP:_processSerialData:121 - 🔄 数据来源: 串口接收 -> PendulumState.physical_length
2025-09-02 14:29:10.985 | INFO     | Pendulum.PendulumAPP:_processSerialData:120 - 📏 串口长度数据已更新: L22.665796 -> physical_length=22.665796
2025-09-02 14:29:10.986 | INFO     | Pendulum.PendulumAPP:_processSerialData:121 - 🔄 数据来源: 串口接收 -> PendulumState.physical_length
2025-09-02 14:29:11.031 | INFO     | Pendulum.PendulumAPP:_processSerialData:120 - 📏 串口长度数据已更新: L22.665796 -> physical_length=22.665796
2025-09-02 14:29:11.032 | INFO     | Pendulum.PendulumAPP:_processSerialData:121 - 🔄 数据来源: 串口接收 -> PendulumState.physical_length
2025-09-02 14:29:11.077 | INFO     | Pendulum.PendulumAPP:_processSerialData:120 - 📏 串口长度数据已更新: L22.665796 -> physical_length=22.665796
2025-09-02 14:29:11.078 | INFO     | Pendulum.PendulumAPP:_processSerialData:121 - 🔄 数据来源: 串口接收 -> PendulumState.physical_length
2025-09-02 14:29:11.124 | INFO     | Pendulum.PendulumAPP:_processSerialData:120 - 📏 串口长度数据已更新: L22.665796 -> physical_length=22.665796
2025-09-02 14:29:11.125 | INFO     | Pendulum.PendulumAPP:_processSerialData:121 - 🔄 数据来源: 串口接收 -> PendulumState.physical_length
2025-09-02 14:29:11.170 | INFO     | Pendulum.PendulumAPP:_processSerialData:120 - 📏 串口长度数据已更新: L22.665796 -> physical_length=22.665796
2025-09-02 14:29:11.171 | INFO     | Pendulum.PendulumAPP:_processSerialData:121 - 🔄 数据来源: 串口接收 -> PendulumState.physical_length
2025-09-02 14:29:11.217 | INFO     | Pendulum.PendulumAPP:_processSerialData:120 - 📏 串口长度数据已更新: L22.665796 -> physical_length=22.665796
2025-09-02 14:29:11.218 | INFO     | Pendulum.PendulumAPP:_processSerialData:121 - 🔄 数据来源: 串口接收 -> PendulumState.physical_length
2025-09-02 14:29:11.265 | INFO     | Pendulum.PendulumAPP:_processSerialData:120 - 📏 串口长度数据已更新: L22.665796 -> physical_length=22.665796
2025-09-02 14:29:11.265 | INFO     | Pendulum.PendulumAPP:_processSerialData:121 - 🔄 数据来源: 串口接收 -> PendulumState.physical_length
2025-09-02 14:29:11.311 | INFO     | Pendulum.PendulumAPP:_processSerialData:120 - 📏 串口长度数据已更新: L22.665796 -> physical_length=22.665796
2025-09-02 14:29:11.312 | INFO     | Pendulum.PendulumAPP:_processSerialData:121 - 🔄 数据来源: 串口接收 -> PendulumState.physical_length
2025-09-02 14:29:11.357 | INFO     | Pendulum.PendulumAPP:_processSerialData:120 - 📏 串口长度数据已更新: L22.665796 -> physical_length=22.665796
2025-09-02 14:29:11.358 | INFO     | Pendulum.PendulumAPP:_processSerialData:121 - 🔄 数据来源: 串口接收 -> PendulumState.physical_length
2025-09-02 14:29:11.403 | INFO     | Pendulum.PendulumAPP:_processSerialData:120 - 📏 串口长度数据已更新: L22.665796 -> physical_length=22.665796
2025-09-02 14:29:11.405 | INFO     | Pendulum.PendulumAPP:_processSerialData:121 - 🔄 数据来源: 串口接收 -> PendulumState.physical_length
2025-09-02 14:29:11.450 | INFO     | Pendulum.PendulumAPP:_processSerialData:120 - 📏 串口长度数据已更新: L22.665796 -> physical_length=22.665796
2025-09-02 14:29:11.451 | INFO     | Pendulum.PendulumAPP:_processSerialData:121 - 🔄 数据来源: 串口接收 -> PendulumState.physical_length
2025-09-02 14:29:11.496 | INFO     | Pendulum.PendulumAPP:_processSerialData:120 - 📏 串口长度数据已更新: L22.665796 -> physical_length=22.665796
2025-09-02 14:29:11.500 | INFO     | Pendulum.PendulumAPP:_processSerialData:121 - 🔄 数据来源: 串口接收 -> PendulumState.physical_length
2025-09-02 14:29:11.542 | INFO     | Pendulum.PendulumAPP:_processSerialData:120 - 📏 串口长度数据已更新: L22.665796 -> physical_length=22.665796
2025-09-02 14:29:11.542 | INFO     | Pendulum.PendulumAPP:_processSerialData:121 - 🔄 数据来源: 串口接收 -> PendulumState.physical_length
2025-09-02 14:29:11.590 | INFO     | Pendulum.PendulumAPP:_processSerialData:120 - 📏 串口长度数据已更新: L22.665796 -> physical_length=22.665796
2025-09-02 14:29:11.590 | INFO     | Pendulum.PendulumAPP:_processSerialData:121 - 🔄 数据来源: 串口接收 -> PendulumState.physical_length
2025-09-02 14:29:11.638 | INFO     | Pendulum.PendulumAPP:_processSerialData:120 - 📏 串口长度数据已更新: L22.665796 -> physical_length=22.665796
2025-09-02 14:29:11.638 | INFO     | Pendulum.PendulumAPP:_processSerialData:121 - 🔄 数据来源: 串口接收 -> PendulumState.physical_length
2025-09-02 14:29:11.684 | INFO     | Pendulum.PendulumAPP:_processSerialData:120 - 📏 串口长度数据已更新: L22.665796 -> physical_length=22.665796
2025-09-02 14:29:11.689 | INFO     | Pendulum.PendulumAPP:_processSerialData:121 - 🔄 数据来源: 串口接收 -> PendulumState.physical_length
2025-09-02 14:29:11.731 | INFO     | Pendulum.PendulumAPP:_processSerialData:120 - 📏 串口长度数据已更新: L22.665796 -> physical_length=22.665796
2025-09-02 14:29:11.731 | INFO     | Pendulum.PendulumAPP:_processSerialData:121 - 🔄 数据来源: 串口接收 -> PendulumState.physical_length
2025-09-02 14:29:11.777 | INFO     | Pendulum.PendulumAPP:_processSerialData:120 - 📏 串口长度数据已更新: L22.665796 -> physical_length=22.665796
2025-09-02 14:29:11.777 | INFO     | Pendulum.PendulumAPP:_processSerialData:121 - 🔄 数据来源: 串口接收 -> PendulumState.physical_length
2025-09-02 14:29:11.824 | INFO     | Pendulum.PendulumAPP:_processSerialData:120 - 📏 串口长度数据已更新: L22.665796 -> physical_length=22.665796
2025-09-02 14:29:11.825 | INFO     | Pendulum.PendulumAPP:_processSerialData:121 - 🔄 数据来源: 串口接收 -> PendulumState.physical_length
2025-09-02 14:29:11.870 | INFO     | Pendulum.PendulumAPP:_processSerialData:120 - 📏 串口长度数据已更新: L22.665796 -> physical_length=22.665796
2025-09-02 14:29:11.871 | INFO     | Pendulum.PendulumAPP:_processSerialData:121 - 🔄 数据来源: 串口接收 -> PendulumState.physical_length
2025-09-02 14:29:11.917 | INFO     | Pendulum.PendulumAPP:_processSerialData:120 - 📏 串口长度数据已更新: L22.665796 -> physical_length=22.665796
2025-09-02 14:29:11.918 | INFO     | Pendulum.PendulumAPP:_processSerialData:121 - 🔄 数据来源: 串口接收 -> PendulumState.physical_length
2025-09-02 14:29:11.963 | INFO     | Pendulum.PendulumAPP:_processSerialData:120 - 📏 串口长度数据已更新: L22.665796 -> physical_length=22.665796
2025-09-02 14:29:11.964 | INFO     | Pendulum.PendulumAPP:_processSerialData:121 - 🔄 数据来源: 串口接收 -> PendulumState.physical_length
2025-09-02 14:29:12.010 | INFO     | Pendulum.PendulumAPP:_processSerialData:120 - 📏 串口长度数据已更新: L22.665796 -> physical_length=22.665796
2025-09-02 14:29:12.010 | INFO     | Pendulum.PendulumAPP:_processSerialData:121 - 🔄 数据来源: 串口接收 -> PendulumState.physical_length
2025-09-02 14:29:12.055 | INFO     | Pendulum.PendulumAPP:_processSerialData:120 - 📏 串口长度数据已更新: L22.665796 -> physical_length=22.665796
2025-09-02 14:29:12.056 | INFO     | Pendulum.PendulumAPP:_processSerialData:121 - 🔄 数据来源: 串口接收 -> PendulumState.physical_length
2025-09-02 14:29:12.102 | INFO     | Pendulum.PendulumAPP:_processSerialData:120 - 📏 串口长度数据已更新: L22.665796 -> physical_length=22.665796
2025-09-02 14:29:12.102 | INFO     | Pendulum.PendulumAPP:_processSerialData:121 - 🔄 数据来源: 串口接收 -> PendulumState.physical_length
2025-09-02 14:29:12.150 | INFO     | Pendulum.PendulumAPP:_processSerialData:120 - 📏 串口长度数据已更新: L22.665796 -> physical_length=22.665796
2025-09-02 14:29:12.152 | INFO     | Pendulum.PendulumAPP:_processSerialData:121 - 🔄 数据来源: 串口接收 -> PendulumState.physical_length
2025-09-02 14:29:12.197 | INFO     | Pendulum.PendulumAPP:_processSerialData:120 - 📏 串口长度数据已更新: L22.665796 -> physical_length=22.665796
2025-09-02 14:29:12.199 | INFO     | Pendulum.PendulumAPP:_processSerialData:121 - 🔄 数据来源: 串口接收 -> PendulumState.physical_length
2025-09-02 14:29:12.244 | INFO     | Pendulum.PendulumAPP:_processSerialData:120 - 📏 串口长度数据已更新: L22.665796 -> physical_length=22.665796
2025-09-02 14:29:12.246 | INFO     | Pendulum.PendulumAPP:_processSerialData:121 - 🔄 数据来源: 串口接收 -> PendulumState.physical_length
2025-09-02 14:29:12.291 | INFO     | Pendulum.PendulumAPP:_processSerialData:120 - 📏 串口长度数据已更新: L22.665796 -> physical_length=22.665796
2025-09-02 14:29:12.293 | INFO     | Pendulum.PendulumAPP:_processSerialData:121 - 🔄 数据来源: 串口接收 -> PendulumState.physical_length
2025-09-02 14:29:12.337 | INFO     | Pendulum.PendulumAPP:_processSerialData:120 - 📏 串口长度数据已更新: L22.665796 -> physical_length=22.665796
2025-09-02 14:29:12.338 | INFO     | Pendulum.PendulumAPP:_processSerialData:121 - 🔄 数据来源: 串口接收 -> PendulumState.physical_length
2025-09-02 14:29:12.385 | INFO     | Pendulum.PendulumAPP:_processSerialData:120 - 📏 串口长度数据已更新: L22.665796 -> physical_length=22.665796
2025-09-02 14:29:12.386 | INFO     | Pendulum.PendulumAPP:_processSerialData:121 - 🔄 数据来源: 串口接收 -> PendulumState.physical_length
2025-09-02 14:29:12.432 | INFO     | Pendulum.PendulumAPP:_processSerialData:120 - 📏 串口长度数据已更新: L22.665796 -> physical_length=22.665796
2025-09-02 14:29:12.433 | INFO     | Pendulum.PendulumAPP:_processSerialData:121 - 🔄 数据来源: 串口接收 -> PendulumState.physical_length
2025-09-02 14:29:12.479 | INFO     | Pendulum.PendulumAPP:_processSerialData:120 - 📏 串口长度数据已更新: L22.665796 -> physical_length=22.665796
2025-09-02 14:29:12.481 | INFO     | Pendulum.PendulumAPP:_processSerialData:121 - 🔄 数据来源: 串口接收 -> PendulumState.physical_length
2025-09-02 14:29:12.525 | INFO     | Pendulum.PendulumAPP:_processSerialData:120 - 📏 串口长度数据已更新: L22.665796 -> physical_length=22.665796
2025-09-02 14:29:12.526 | INFO     | Pendulum.PendulumAPP:_processSerialData:121 - 🔄 数据来源: 串口接收 -> PendulumState.physical_length
2025-09-02 14:29:12.571 | INFO     | Pendulum.PendulumAPP:_processSerialData:120 - 📏 串口长度数据已更新: L22.665796 -> physical_length=22.665796
2025-09-02 14:29:12.573 | INFO     | Pendulum.PendulumAPP:_processSerialData:121 - 🔄 数据来源: 串口接收 -> PendulumState.physical_length
2025-09-02 14:29:12.617 | INFO     | Pendulum.PendulumAPP:_processSerialData:120 - 📏 串口长度数据已更新: L22.665796 -> physical_length=22.665796
2025-09-02 14:29:12.618 | INFO     | Pendulum.PendulumAPP:_processSerialData:121 - 🔄 数据来源: 串口接收 -> PendulumState.physical_length
2025-09-02 14:29:12.664 | INFO     | Pendulum.PendulumAPP:_processSerialData:120 - 📏 串口长度数据已更新: L22.665796 -> physical_length=22.665796
2025-09-02 14:29:12.666 | INFO     | Pendulum.PendulumAPP:_processSerialData:121 - 🔄 数据来源: 串口接收 -> PendulumState.physical_length
2025-09-02 14:29:12.711 | INFO     | Pendulum.PendulumAPP:_processSerialData:120 - 📏 串口长度数据已更新: L22.665796 -> physical_length=22.665796
2025-09-02 14:29:12.712 | INFO     | Pendulum.PendulumAPP:_processSerialData:121 - 🔄 数据来源: 串口接收 -> PendulumState.physical_length
2025-09-02 14:29:12.758 | INFO     | Pendulum.PendulumAPP:_processSerialData:120 - 📏 串口长度数据已更新: L22.665796 -> physical_length=22.665796
2025-09-02 14:29:12.760 | INFO     | Pendulum.PendulumAPP:_processSerialData:121 - 🔄 数据来源: 串口接收 -> PendulumState.physical_length
2025-09-02 14:29:12.805 | INFO     | Pendulum.PendulumAPP:_processSerialData:120 - 📏 串口长度数据已更新: L22.665796 -> physical_length=22.665796
2025-09-02 14:29:12.805 | INFO     | Pendulum.PendulumAPP:_processSerialData:121 - 🔄 数据来源: 串口接收 -> PendulumState.physical_length
2025-09-02 14:29:12.851 | INFO     | Pendulum.PendulumAPP:_processSerialData:120 - 📏 串口长度数据已更新: L22.665796 -> physical_length=22.665796
2025-09-02 14:29:12.852 | INFO     | Pendulum.PendulumAPP:_processSerialData:121 - 🔄 数据来源: 串口接收 -> PendulumState.physical_length
2025-09-02 14:29:12.899 | INFO     | Pendulum.PendulumAPP:_processSerialData:120 - 📏 串口长度数据已更新: L22.665796 -> physical_length=22.665796
2025-09-02 14:29:12.900 | INFO     | Pendulum.PendulumAPP:_processSerialData:121 - 🔄 数据来源: 串口接收 -> PendulumState.physical_length
2025-09-02 14:29:12.945 | INFO     | Pendulum.PendulumAPP:_processSerialData:120 - 📏 串口长度数据已更新: L22.665796 -> physical_length=22.665796
2025-09-02 14:29:12.946 | INFO     | Pendulum.PendulumAPP:_processSerialData:121 - 🔄 数据来源: 串口接收 -> PendulumState.physical_length
2025-09-02 14:29:12.991 | INFO     | Pendulum.PendulumAPP:_processSerialData:120 - 📏 串口长度数据已更新: L22.665796 -> physical_length=22.665796
2025-09-02 14:29:12.992 | INFO     | Pendulum.PendulumAPP:_processSerialData:121 - 🔄 数据来源: 串口接收 -> PendulumState.physical_length
2025-09-02 14:29:13.038 | INFO     | Pendulum.PendulumAPP:_processSerialData:120 - 📏 串口长度数据已更新: L22.665796 -> physical_length=22.665796
2025-09-02 14:29:13.039 | INFO     | Pendulum.PendulumAPP:_processSerialData:121 - 🔄 数据来源: 串口接收 -> PendulumState.physical_length
2025-09-02 14:29:13.085 | INFO     | Pendulum.PendulumAPP:_processSerialData:120 - 📏 串口长度数据已更新: L22.665796 -> physical_length=22.665796
2025-09-02 14:29:13.086 | INFO     | Pendulum.PendulumAPP:_processSerialData:121 - 🔄 数据来源: 串口接收 -> PendulumState.physical_length
2025-09-02 14:29:13.130 | INFO     | Pendulum.PendulumAPP:_processSerialData:120 - 📏 串口长度数据已更新: L22.665796 -> physical_length=22.665796
2025-09-02 14:29:13.133 | INFO     | Pendulum.PendulumAPP:_processSerialData:121 - 🔄 数据来源: 串口接收 -> PendulumState.physical_length
2025-09-02 14:29:13.181 | INFO     | Pendulum.PendulumAPP:_processSerialData:120 - 📏 串口长度数据已更新: L22.665796 -> physical_length=22.665796
2025-09-02 14:29:13.181 | INFO     | Pendulum.PendulumAPP:_processSerialData:121 - 🔄 数据来源: 串口接收 -> PendulumState.physical_length
2025-09-02 14:29:13.226 | INFO     | Pendulum.PendulumAPP:_processSerialData:120 - 📏 串口长度数据已更新: L22.665796 -> physical_length=22.665796
2025-09-02 14:29:13.228 | INFO     | Pendulum.PendulumAPP:_processSerialData:121 - 🔄 数据来源: 串口接收 -> PendulumState.physical_length
2025-09-02 14:29:13.273 | INFO     | Pendulum.PendulumAPP:_processSerialData:120 - 📏 串口长度数据已更新: L22.665796 -> physical_length=22.665796
2025-09-02 14:29:13.274 | INFO     | Pendulum.PendulumAPP:_processSerialData:121 - 🔄 数据来源: 串口接收 -> PendulumState.physical_length
2025-09-02 14:29:13.318 | INFO     | Pendulum.PendulumAPP:_processSerialData:120 - 📏 串口长度数据已更新: L22.665796 -> physical_length=22.665796
2025-09-02 14:29:13.319 | INFO     | Pendulum.PendulumAPP:_processSerialData:121 - 🔄 数据来源: 串口接收 -> PendulumState.physical_length
2025-09-02 14:29:13.364 | INFO     | Pendulum.PendulumAPP:_processSerialData:120 - 📏 串口长度数据已更新: L22.665796 -> physical_length=22.665796
2025-09-02 14:29:13.365 | INFO     | Pendulum.PendulumAPP:_processSerialData:121 - 🔄 数据来源: 串口接收 -> PendulumState.physical_length
2025-09-02 14:29:13.410 | INFO     | Pendulum.PendulumAPP:_processSerialData:120 - 📏 串口长度数据已更新: L22.665796 -> physical_length=22.665796
2025-09-02 14:29:13.411 | INFO     | Pendulum.PendulumAPP:_processSerialData:121 - 🔄 数据来源: 串口接收 -> PendulumState.physical_length
2025-09-02 14:29:13.458 | INFO     | Pendulum.PendulumAPP:_processSerialData:120 - 📏 串口长度数据已更新: L22.665796 -> physical_length=22.665796
2025-09-02 14:29:13.459 | INFO     | Pendulum.PendulumAPP:_processSerialData:121 - 🔄 数据来源: 串口接收 -> PendulumState.physical_length
2025-09-02 14:29:13.504 | INFO     | Pendulum.PendulumAPP:_processSerialData:120 - 📏 串口长度数据已更新: L22.665796 -> physical_length=22.665796
2025-09-02 14:29:13.505 | INFO     | Pendulum.PendulumAPP:_processSerialData:121 - 🔄 数据来源: 串口接收 -> PendulumState.physical_length
2025-09-02 14:29:13.551 | INFO     | Pendulum.PendulumAPP:_processSerialData:120 - 📏 串口长度数据已更新: L22.665796 -> physical_length=22.665796
2025-09-02 14:29:13.551 | INFO     | Pendulum.PendulumAPP:_processSerialData:121 - 🔄 数据来源: 串口接收 -> PendulumState.physical_length
2025-09-02 14:29:13.597 | INFO     | Pendulum.PendulumAPP:_processSerialData:120 - 📏 串口长度数据已更新: L22.665796 -> physical_length=22.665796
2025-09-02 14:29:13.599 | INFO     | Pendulum.PendulumAPP:_processSerialData:121 - 🔄 数据来源: 串口接收 -> PendulumState.physical_length
2025-09-02 14:29:13.643 | INFO     | Pendulum.PendulumAPP:_processSerialData:120 - 📏 串口长度数据已更新: L22.665796 -> physical_length=22.665796
2025-09-02 14:29:13.644 | INFO     | Pendulum.PendulumAPP:_processSerialData:121 - 🔄 数据来源: 串口接收 -> PendulumState.physical_length
2025-09-02 14:29:13.690 | INFO     | Pendulum.PendulumAPP:_processSerialData:120 - 📏 串口长度数据已更新: L22.665796 -> physical_length=22.665796
2025-09-02 14:29:13.692 | INFO     | Pendulum.PendulumAPP:_processSerialData:121 - 🔄 数据来源: 串口接收 -> PendulumState.physical_length
2025-09-02 14:29:13.736 | INFO     | Pendulum.PendulumAPP:_processSerialData:120 - 📏 串口长度数据已更新: L22.665796 -> physical_length=22.665796
2025-09-02 14:29:13.739 | INFO     | Pendulum.PendulumAPP:_processSerialData:121 - 🔄 数据来源: 串口接收 -> PendulumState.physical_length
2025-09-02 14:29:13.782 | INFO     | Pendulum.PendulumAPP:_processSerialData:120 - 📏 串口长度数据已更新: L22.665796 -> physical_length=22.665796
2025-09-02 14:29:13.782 | INFO     | Pendulum.PendulumAPP:_processSerialData:121 - 🔄 数据来源: 串口接收 -> PendulumState.physical_length
2025-09-02 14:29:13.829 | INFO     | Pendulum.PendulumAPP:_processSerialData:120 - 📏 串口长度数据已更新: L22.665796 -> physical_length=22.665796
2025-09-02 14:29:13.830 | INFO     | Pendulum.PendulumAPP:_processSerialData:121 - 🔄 数据来源: 串口接收 -> PendulumState.physical_length
2025-09-02 14:29:13.876 | INFO     | Pendulum.PendulumAPP:_processSerialData:120 - 📏 串口长度数据已更新: L22.665796 -> physical_length=22.665796
2025-09-02 14:29:13.877 | INFO     | Pendulum.PendulumAPP:_processSerialData:121 - 🔄 数据来源: 串口接收 -> PendulumState.physical_length
2025-09-02 14:29:13.922 | INFO     | Pendulum.PendulumAPP:_processSerialData:120 - 📏 串口长度数据已更新: L22.665796 -> physical_length=22.665796
2025-09-02 14:29:13.923 | INFO     | Pendulum.PendulumAPP:_processSerialData:121 - 🔄 数据来源: 串口接收 -> PendulumState.physical_length
2025-09-02 14:29:13.967 | INFO     | Pendulum.PendulumAPP:_processSerialData:120 - 📏 串口长度数据已更新: L22.665796 -> physical_length=22.665796
2025-09-02 14:29:13.969 | INFO     | Pendulum.PendulumAPP:_processSerialData:121 - 🔄 数据来源: 串口接收 -> PendulumState.physical_length
2025-09-02 14:29:14.014 | INFO     | Pendulum.PendulumAPP:_processSerialData:120 - 📏 串口长度数据已更新: L22.665796 -> physical_length=22.665796
2025-09-02 14:29:14.015 | INFO     | Pendulum.PendulumAPP:_processSerialData:121 - 🔄 数据来源: 串口接收 -> PendulumState.physical_length
2025-09-02 14:29:14.061 | INFO     | Pendulum.PendulumAPP:_processSerialData:120 - 📏 串口长度数据已更新: L22.665796 -> physical_length=22.665796
2025-09-02 14:29:14.062 | INFO     | Pendulum.PendulumAPP:_processSerialData:121 - 🔄 数据来源: 串口接收 -> PendulumState.physical_length
2025-09-02 14:29:14.107 | INFO     | Pendulum.PendulumAPP:_processSerialData:120 - 📏 串口长度数据已更新: L22.665796 -> physical_length=22.665796
2025-09-02 14:29:14.108 | INFO     | Pendulum.PendulumAPP:_processSerialData:121 - 🔄 数据来源: 串口接收 -> PendulumState.physical_length
2025-09-02 14:29:14.154 | INFO     | Pendulum.PendulumAPP:_processSerialData:120 - 📏 串口长度数据已更新: L22.665796 -> physical_length=22.665796
2025-09-02 14:29:14.155 | INFO     | Pendulum.PendulumAPP:_processSerialData:121 - 🔄 数据来源: 串口接收 -> PendulumState.physical_length
2025-09-02 14:29:14.199 | INFO     | Pendulum.PendulumAPP:_processSerialData:120 - 📏 串口长度数据已更新: L22.665796 -> physical_length=22.665796
2025-09-02 14:29:14.200 | INFO     | Pendulum.PendulumAPP:_processSerialData:121 - 🔄 数据来源: 串口接收 -> PendulumState.physical_length
2025-09-02 14:29:14.247 | INFO     | Pendulum.PendulumAPP:_processSerialData:120 - 📏 串口长度数据已更新: L22.665796 -> physical_length=22.665796
2025-09-02 14:29:14.250 | INFO     | Pendulum.PendulumAPP:_processSerialData:121 - 🔄 数据来源: 串口接收 -> PendulumState.physical_length
2025-09-02 14:29:14.296 | INFO     | Pendulum.PendulumAPP:_processSerialData:120 - 📏 串口长度数据已更新: L22.665796 -> physical_length=22.665796
2025-09-02 14:29:14.298 | INFO     | Pendulum.PendulumAPP:_processSerialData:121 - 🔄 数据来源: 串口接收 -> PendulumState.physical_length
2025-09-02 14:29:14.341 | INFO     | Pendulum.PendulumAPP:_processSerialData:120 - 📏 串口长度数据已更新: L22.665796 -> physical_length=22.665796
2025-09-02 14:29:14.342 | INFO     | Pendulum.PendulumAPP:_processSerialData:121 - 🔄 数据来源: 串口接收 -> PendulumState.physical_length
2025-09-02 14:29:14.388 | INFO     | Pendulum.PendulumAPP:_processSerialData:120 - 📏 串口长度数据已更新: L22.665796 -> physical_length=22.665796
2025-09-02 14:29:14.389 | INFO     | Pendulum.PendulumAPP:_processSerialData:121 - 🔄 数据来源: 串口接收 -> PendulumState.physical_length
2025-09-02 14:29:14.435 | INFO     | Pendulum.PendulumAPP:_processSerialData:120 - 📏 串口长度数据已更新: L22.665796 -> physical_length=22.665796
2025-09-02 14:29:14.438 | INFO     | Pendulum.PendulumAPP:_processSerialData:121 - 🔄 数据来源: 串口接收 -> PendulumState.physical_length
2025-09-02 14:29:14.481 | INFO     | Pendulum.PendulumAPP:_processSerialData:120 - 📏 串口长度数据已更新: L22.665796 -> physical_length=22.665796
2025-09-02 14:29:14.482 | INFO     | Pendulum.PendulumAPP:_processSerialData:121 - 🔄 数据来源: 串口接收 -> PendulumState.physical_length
2025-09-02 14:29:14.527 | INFO     | Pendulum.PendulumAPP:_processSerialData:120 - 📏 串口长度数据已更新: L22.665796 -> physical_length=22.665796
2025-09-02 14:29:14.528 | INFO     | Pendulum.PendulumAPP:_processSerialData:121 - 🔄 数据来源: 串口接收 -> PendulumState.physical_length
2025-09-02 14:29:14.574 | INFO     | Pendulum.PendulumAPP:_processSerialData:120 - 📏 串口长度数据已更新: L22.665796 -> physical_length=22.665796
2025-09-02 14:29:14.575 | INFO     | Pendulum.PendulumAPP:_processSerialData:121 - 🔄 数据来源: 串口接收 -> PendulumState.physical_length
2025-09-02 14:29:14.620 | INFO     | Pendulum.PendulumAPP:_processSerialData:120 - 📏 串口长度数据已更新: L22.665796 -> physical_length=22.665796
2025-09-02 14:29:14.621 | INFO     | Pendulum.PendulumAPP:_processSerialData:121 - 🔄 数据来源: 串口接收 -> PendulumState.physical_length
2025-09-02 14:29:14.656 | INFO     | Pendulum.PendulumAPP:_keyEventWeb:289 - d1
2025-09-02 14:29:14.657 | INFO     | Pendulum.SerialConncet:send:199 - sendd1
2025-09-02 14:29:14.660 | INFO     | Pendulum.SerialConncet:send:201 - [发送] d1
2025-09-02 14:29:14.667 | INFO     | Pendulum.PendulumAPP:_processSerialData:120 - 📏 串口长度数据已更新: L22.665796 -> physical_length=22.665796
2025-09-02 14:29:14.667 | INFO     | Pendulum.PendulumAPP:_processSerialData:121 - 🔄 数据来源: 串口接收 -> PendulumState.physical_length
2025-09-02 14:29:14.714 | INFO     | Pendulum.PendulumAPP:_processSerialData:120 - 📏 串口长度数据已更新: L22.665796 -> physical_length=22.665796
2025-09-02 14:29:14.715 | INFO     | Pendulum.PendulumAPP:_processSerialData:121 - 🔄 数据来源: 串口接收 -> PendulumState.physical_length
2025-09-02 14:29:14.761 | INFO     | Pendulum.PendulumAPP:_processSerialData:120 - 📏 串口长度数据已更新: L22.665796 -> physical_length=22.665796
2025-09-02 14:29:14.762 | INFO     | Pendulum.PendulumAPP:_processSerialData:121 - 🔄 数据来源: 串口接收 -> PendulumState.physical_length
2025-09-02 14:29:14.807 | INFO     | Pendulum.PendulumAPP:_processSerialData:120 - 📏 串口长度数据已更新: L22.665796 -> physical_length=22.665796
2025-09-02 14:29:14.809 | INFO     | Pendulum.PendulumAPP:_processSerialData:121 - 🔄 数据来源: 串口接收 -> PendulumState.physical_length
2025-09-02 14:29:14.854 | INFO     | Pendulum.PendulumAPP:_processSerialData:120 - 📏 串口长度数据已更新: L22.665796 -> physical_length=22.665796
2025-09-02 14:29:14.855 | INFO     | Pendulum.PendulumAPP:_processSerialData:121 - 🔄 数据来源: 串口接收 -> PendulumState.physical_length
2025-09-02 14:29:14.902 | INFO     | Pendulum.PendulumAPP:_processSerialData:120 - 📏 串口长度数据已更新: L22.665796 -> physical_length=22.665796
2025-09-02 14:29:14.905 | INFO     | Pendulum.PendulumAPP:_processSerialData:121 - 🔄 数据来源: 串口接收 -> PendulumState.physical_length
2025-09-02 14:29:14.949 | INFO     | Pendulum.PendulumAPP:_processSerialData:120 - 📏 串口长度数据已更新: L22.665796 -> physical_length=22.665796
2025-09-02 14:29:14.949 | INFO     | Pendulum.PendulumAPP:_processSerialData:121 - 🔄 数据来源: 串口接收 -> PendulumState.physical_length
2025-09-02 14:29:14.994 | INFO     | Pendulum.PendulumAPP:_processSerialData:120 - 📏 串口长度数据已更新: L22.665796 -> physical_length=22.665796
2025-09-02 14:29:14.995 | INFO     | Pendulum.PendulumAPP:_processSerialData:121 - 🔄 数据来源: 串口接收 -> PendulumState.physical_length
2025-09-02 14:29:15.041 | INFO     | Pendulum.PendulumAPP:_processSerialData:120 - 📏 串口长度数据已更新: L22.665796 -> physical_length=22.665796
2025-09-02 14:29:15.042 | INFO     | Pendulum.PendulumAPP:_processSerialData:121 - 🔄 数据来源: 串口接收 -> PendulumState.physical_length
2025-09-02 14:29:15.087 | INFO     | Pendulum.PendulumAPP:_processSerialData:120 - 📏 串口长度数据已更新: L22.665796 -> physical_length=22.665796
2025-09-02 14:29:15.088 | INFO     | Pendulum.PendulumAPP:_processSerialData:121 - 🔄 数据来源: 串口接收 -> PendulumState.physical_length
2025-09-02 14:29:15.134 | INFO     | Pendulum.PendulumAPP:_processSerialData:120 - 📏 串口长度数据已更新: L22.665796 -> physical_length=22.665796
2025-09-02 14:29:15.134 | INFO     | Pendulum.PendulumAPP:_processSerialData:121 - 🔄 数据来源: 串口接收 -> PendulumState.physical_length
2025-09-02 14:29:15.180 | INFO     | Pendulum.PendulumAPP:_processSerialData:120 - 📏 串口长度数据已更新: L22.665796 -> physical_length=22.665796
2025-09-02 14:29:15.182 | INFO     | Pendulum.PendulumAPP:_processSerialData:121 - 🔄 数据来源: 串口接收 -> PendulumState.physical_length
2025-09-02 14:29:15.226 | INFO     | Pendulum.PendulumAPP:_processSerialData:120 - 📏 串口长度数据已更新: L22.665796 -> physical_length=22.665796
2025-09-02 14:29:15.227 | INFO     | Pendulum.PendulumAPP:_processSerialData:121 - 🔄 数据来源: 串口接收 -> PendulumState.physical_length
2025-09-02 14:29:15.275 | INFO     | Pendulum.PendulumAPP:_processSerialData:120 - 📏 串口长度数据已更新: L22.665796 -> physical_length=22.665796
2025-09-02 14:29:15.276 | INFO     | Pendulum.PendulumAPP:_processSerialData:121 - 🔄 数据来源: 串口接收 -> PendulumState.physical_length
2025-09-02 14:29:15.321 | INFO     | Pendulum.PendulumAPP:_processSerialData:120 - 📏 串口长度数据已更新: L22.665796 -> physical_length=22.665796
2025-09-02 14:29:15.322 | INFO     | Pendulum.PendulumAPP:_processSerialData:121 - 🔄 数据来源: 串口接收 -> PendulumState.physical_length
2025-09-02 14:29:15.367 | INFO     | Pendulum.PendulumAPP:_processSerialData:120 - 📏 串口长度数据已更新: L22.665796 -> physical_length=22.665796
2025-09-02 14:29:15.368 | INFO     | Pendulum.PendulumAPP:_processSerialData:121 - 🔄 数据来源: 串口接收 -> PendulumState.physical_length
2025-09-02 14:29:15.414 | INFO     | Pendulum.PendulumAPP:_processSerialData:120 - 📏 串口长度数据已更新: L22.665796 -> physical_length=22.665796
2025-09-02 14:29:15.414 | INFO     | Pendulum.PendulumAPP:_processSerialData:121 - 🔄 数据来源: 串口接收 -> PendulumState.physical_length
2025-09-02 14:29:15.460 | INFO     | Pendulum.PendulumAPP:_processSerialData:120 - 📏 串口长度数据已更新: L22.665796 -> physical_length=22.665796
2025-09-02 14:29:15.462 | INFO     | Pendulum.PendulumAPP:_processSerialData:121 - 🔄 数据来源: 串口接收 -> PendulumState.physical_length
2025-09-02 14:29:15.507 | INFO     | Pendulum.PendulumAPP:_processSerialData:120 - 📏 串口长度数据已更新: L22.665796 -> physical_length=22.665796
2025-09-02 14:29:15.509 | INFO     | Pendulum.PendulumAPP:_processSerialData:121 - 🔄 数据来源: 串口接收 -> PendulumState.physical_length
2025-09-02 14:29:15.553 | INFO     | Pendulum.PendulumAPP:_processSerialData:120 - 📏 串口长度数据已更新: L22.665796 -> physical_length=22.665796
2025-09-02 14:29:15.554 | INFO     | Pendulum.PendulumAPP:_processSerialData:121 - 🔄 数据来源: 串口接收 -> PendulumState.physical_length
2025-09-02 14:29:15.600 | INFO     | Pendulum.PendulumAPP:_processSerialData:120 - 📏 串口长度数据已更新: L22.665796 -> physical_length=22.665796
2025-09-02 14:29:15.601 | INFO     | Pendulum.PendulumAPP:_processSerialData:121 - 🔄 数据来源: 串口接收 -> PendulumState.physical_length
2025-09-02 14:29:15.646 | INFO     | Pendulum.PendulumAPP:_processSerialData:120 - 📏 串口长度数据已更新: L22.665796 -> physical_length=22.665796
2025-09-02 14:29:15.647 | INFO     | Pendulum.PendulumAPP:_processSerialData:121 - 🔄 数据来源: 串口接收 -> PendulumState.physical_length
2025-09-02 14:29:15.693 | INFO     | Pendulum.PendulumAPP:_processSerialData:120 - 📏 串口长度数据已更新: L22.665796 -> physical_length=22.665796
2025-09-02 14:29:15.694 | INFO     | Pendulum.PendulumAPP:_processSerialData:121 - 🔄 数据来源: 串口接收 -> PendulumState.physical_length
2025-09-02 14:29:15.740 | INFO     | Pendulum.PendulumAPP:_processSerialData:120 - 📏 串口长度数据已更新: L22.665796 -> physical_length=22.665796
2025-09-02 14:29:15.740 | INFO     | Pendulum.PendulumAPP:_processSerialData:121 - 🔄 数据来源: 串口接收 -> PendulumState.physical_length
2025-09-02 14:29:15.787 | INFO     | Pendulum.PendulumAPP:_processSerialData:120 - 📏 串口长度数据已更新: L22.665796 -> physical_length=22.665796
2025-09-02 14:29:15.787 | INFO     | Pendulum.PendulumAPP:_processSerialData:121 - 🔄 数据来源: 串口接收 -> PendulumState.physical_length
2025-09-02 14:29:15.834 | INFO     | Pendulum.PendulumAPP:_processSerialData:120 - 📏 串口长度数据已更新: L22.665796 -> physical_length=22.665796
2025-09-02 14:29:15.834 | INFO     | Pendulum.PendulumAPP:_processSerialData:121 - 🔄 数据来源: 串口接收 -> PendulumState.physical_length
2025-09-02 14:29:15.881 | INFO     | Pendulum.PendulumAPP:_processSerialData:120 - 📏 串口长度数据已更新: L22.665796 -> physical_length=22.665796
2025-09-02 14:29:15.883 | INFO     | Pendulum.PendulumAPP:_processSerialData:121 - 🔄 数据来源: 串口接收 -> PendulumState.physical_length
2025-09-02 14:29:15.927 | INFO     | Pendulum.PendulumAPP:_processSerialData:120 - 📏 串口长度数据已更新: L22.665796 -> physical_length=22.665796
2025-09-02 14:29:15.930 | INFO     | Pendulum.PendulumAPP:_processSerialData:121 - 🔄 数据来源: 串口接收 -> PendulumState.physical_length
2025-09-02 14:29:15.975 | INFO     | Pendulum.PendulumAPP:_processSerialData:120 - 📏 串口长度数据已更新: L22.665796 -> physical_length=22.665796
2025-09-02 14:29:15.975 | INFO     | Pendulum.PendulumAPP:_processSerialData:121 - 🔄 数据来源: 串口接收 -> PendulumState.physical_length
2025-09-02 14:29:16.022 | INFO     | Pendulum.PendulumAPP:_processSerialData:120 - 📏 串口长度数据已更新: L22.665796 -> physical_length=22.665796
2025-09-02 14:29:16.024 | INFO     | Pendulum.PendulumAPP:_processSerialData:121 - 🔄 数据来源: 串口接收 -> PendulumState.physical_length
2025-09-02 14:29:16.068 | INFO     | Pendulum.PendulumAPP:_processSerialData:120 - 📏 串口长度数据已更新: L22.665796 -> physical_length=22.665796
2025-09-02 14:29:16.069 | INFO     | Pendulum.PendulumAPP:_processSerialData:121 - 🔄 数据来源: 串口接收 -> PendulumState.physical_length
2025-09-02 14:29:16.114 | INFO     | Pendulum.PendulumAPP:_processSerialData:120 - 📏 串口长度数据已更新: L22.665796 -> physical_length=22.665796
2025-09-02 14:29:16.115 | INFO     | Pendulum.PendulumAPP:_processSerialData:121 - 🔄 数据来源: 串口接收 -> PendulumState.physical_length
2025-09-02 14:29:16.160 | INFO     | Pendulum.PendulumAPP:_processSerialData:120 - 📏 串口长度数据已更新: L22.665796 -> physical_length=22.665796
2025-09-02 14:29:16.162 | INFO     | Pendulum.PendulumAPP:_processSerialData:121 - 🔄 数据来源: 串口接收 -> PendulumState.physical_length
2025-09-02 14:29:16.208 | INFO     | Pendulum.PendulumAPP:_processSerialData:120 - 📏 串口长度数据已更新: L22.665796 -> physical_length=22.665796
2025-09-02 14:29:16.209 | INFO     | Pendulum.PendulumAPP:_processSerialData:121 - 🔄 数据来源: 串口接收 -> PendulumState.physical_length
2025-09-02 14:29:16.254 | INFO     | Pendulum.PendulumAPP:_processSerialData:120 - 📏 串口长度数据已更新: L22.665796 -> physical_length=22.665796
2025-09-02 14:29:16.255 | INFO     | Pendulum.PendulumAPP:_processSerialData:121 - 🔄 数据来源: 串口接收 -> PendulumState.physical_length
2025-09-02 14:29:16.301 | INFO     | Pendulum.PendulumAPP:_processSerialData:120 - 📏 串口长度数据已更新: L22.665796 -> physical_length=22.665796
2025-09-02 14:29:16.302 | INFO     | Pendulum.PendulumAPP:_processSerialData:121 - 🔄 数据来源: 串口接收 -> PendulumState.physical_length
2025-09-02 14:29:16.348 | INFO     | Pendulum.PendulumAPP:_processSerialData:120 - 📏 串口长度数据已更新: L22.665796 -> physical_length=22.665796
2025-09-02 14:29:16.349 | INFO     | Pendulum.PendulumAPP:_processSerialData:121 - 🔄 数据来源: 串口接收 -> PendulumState.physical_length
2025-09-02 14:29:16.394 | INFO     | Pendulum.PendulumAPP:_processSerialData:120 - 📏 串口长度数据已更新: L22.665796 -> physical_length=22.665796
2025-09-02 14:29:16.395 | INFO     | Pendulum.PendulumAPP:_processSerialData:121 - 🔄 数据来源: 串口接收 -> PendulumState.physical_length
2025-09-02 14:29:16.441 | INFO     | Pendulum.PendulumAPP:_processSerialData:120 - 📏 串口长度数据已更新: L22.665796 -> physical_length=22.665796
2025-09-02 14:29:16.442 | INFO     | Pendulum.PendulumAPP:_processSerialData:121 - 🔄 数据来源: 串口接收 -> PendulumState.physical_length
2025-09-02 14:29:16.487 | INFO     | Pendulum.PendulumAPP:_processSerialData:120 - 📏 串口长度数据已更新: L22.665796 -> physical_length=22.665796
2025-09-02 14:29:16.488 | INFO     | Pendulum.PendulumAPP:_processSerialData:121 - 🔄 数据来源: 串口接收 -> PendulumState.physical_length
2025-09-02 14:29:16.534 | INFO     | Pendulum.PendulumAPP:_processSerialData:120 - 📏 串口长度数据已更新: L22.665796 -> physical_length=22.665796
2025-09-02 14:29:16.536 | INFO     | Pendulum.PendulumAPP:_processSerialData:121 - 🔄 数据来源: 串口接收 -> PendulumState.physical_length
2025-09-02 14:29:16.580 | INFO     | Pendulum.PendulumAPP:_processSerialData:120 - 📏 串口长度数据已更新: L22.665796 -> physical_length=22.665796
2025-09-02 14:29:16.581 | INFO     | Pendulum.PendulumAPP:_processSerialData:121 - 🔄 数据来源: 串口接收 -> PendulumState.physical_length
2025-09-02 14:29:16.626 | INFO     | Pendulum.PendulumAPP:_processSerialData:120 - 📏 串口长度数据已更新: L22.665796 -> physical_length=22.665796
2025-09-02 14:29:16.628 | INFO     | Pendulum.PendulumAPP:_processSerialData:121 - 🔄 数据来源: 串口接收 -> PendulumState.physical_length
2025-09-02 14:29:16.673 | INFO     | Pendulum.PendulumAPP:_processSerialData:120 - 📏 串口长度数据已更新: L22.665796 -> physical_length=22.665796
2025-09-02 14:29:16.673 | INFO     | Pendulum.PendulumAPP:_processSerialData:121 - 🔄 数据来源: 串口接收 -> PendulumState.physical_length
2025-09-02 14:29:16.719 | INFO     | Pendulum.PendulumAPP:_processSerialData:120 - 📏 串口长度数据已更新: L22.665796 -> physical_length=22.665796
2025-09-02 14:29:16.720 | INFO     | Pendulum.PendulumAPP:_processSerialData:121 - 🔄 数据来源: 串口接收 -> PendulumState.physical_length
2025-09-02 14:29:16.764 | INFO     | Pendulum.PendulumAPP:_processSerialData:120 - 📏 串口长度数据已更新: L22.665796 -> physical_length=22.665796
2025-09-02 14:29:16.764 | INFO     | Pendulum.PendulumAPP:_processSerialData:121 - 🔄 数据来源: 串口接收 -> PendulumState.physical_length
2025-09-02 14:29:16.812 | INFO     | Pendulum.PendulumAPP:_processSerialData:120 - 📏 串口长度数据已更新: L22.665796 -> physical_length=22.665796
2025-09-02 14:29:16.813 | INFO     | Pendulum.PendulumAPP:_processSerialData:121 - 🔄 数据来源: 串口接收 -> PendulumState.physical_length
2025-09-02 14:29:16.858 | INFO     | Pendulum.PendulumAPP:_processSerialData:120 - 📏 串口长度数据已更新: L22.665796 -> physical_length=22.665796
2025-09-02 14:29:16.859 | INFO     | Pendulum.PendulumAPP:_processSerialData:121 - 🔄 数据来源: 串口接收 -> PendulumState.physical_length
2025-09-02 14:29:16.905 | INFO     | Pendulum.PendulumAPP:_processSerialData:120 - 📏 串口长度数据已更新: L22.665796 -> physical_length=22.665796
2025-09-02 14:29:16.906 | INFO     | Pendulum.PendulumAPP:_processSerialData:121 - 🔄 数据来源: 串口接收 -> PendulumState.physical_length
2025-09-02 14:29:16.951 | INFO     | Pendulum.PendulumAPP:_processSerialData:120 - 📏 串口长度数据已更新: L22.665796 -> physical_length=22.665796
2025-09-02 14:29:16.953 | INFO     | Pendulum.PendulumAPP:_processSerialData:121 - 🔄 数据来源: 串口接收 -> PendulumState.physical_length
2025-09-02 14:29:16.997 | INFO     | Pendulum.PendulumAPP:_processSerialData:120 - 📏 串口长度数据已更新: L22.665796 -> physical_length=22.665796
2025-09-02 14:29:16.998 | INFO     | Pendulum.PendulumAPP:_processSerialData:121 - 🔄 数据来源: 串口接收 -> PendulumState.physical_length
2025-09-02 14:29:17.043 | INFO     | Pendulum.PendulumAPP:_processSerialData:120 - 📏 串口长度数据已更新: L22.665796 -> physical_length=22.665796
2025-09-02 14:29:17.044 | INFO     | Pendulum.PendulumAPP:_processSerialData:121 - 🔄 数据来源: 串口接收 -> PendulumState.physical_length
2025-09-02 14:29:17.090 | INFO     | Pendulum.PendulumAPP:_processSerialData:120 - 📏 串口长度数据已更新: L22.665796 -> physical_length=22.665796
2025-09-02 14:29:17.092 | INFO     | Pendulum.PendulumAPP:_processSerialData:121 - 🔄 数据来源: 串口接收 -> PendulumState.physical_length
2025-09-02 14:29:17.136 | INFO     | Pendulum.PendulumAPP:_processSerialData:120 - 📏 串口长度数据已更新: L22.665796 -> physical_length=22.665796
2025-09-02 14:29:17.137 | INFO     | Pendulum.PendulumAPP:_processSerialData:121 - 🔄 数据来源: 串口接收 -> PendulumState.physical_length
2025-09-02 14:29:17.183 | INFO     | Pendulum.PendulumAPP:_processSerialData:120 - 📏 串口长度数据已更新: L22.665796 -> physical_length=22.665796
2025-09-02 14:29:17.184 | INFO     | Pendulum.PendulumAPP:_processSerialData:121 - 🔄 数据来源: 串口接收 -> PendulumState.physical_length
2025-09-02 14:29:17.229 | INFO     | Pendulum.PendulumAPP:_processSerialData:120 - 📏 串口长度数据已更新: L22.665796 -> physical_length=22.665796
2025-09-02 14:29:17.230 | INFO     | Pendulum.PendulumAPP:_processSerialData:121 - 🔄 数据来源: 串口接收 -> PendulumState.physical_length
2025-09-02 14:29:17.275 | INFO     | Pendulum.PendulumAPP:_processSerialData:120 - 📏 串口长度数据已更新: L22.665796 -> physical_length=22.665796
2025-09-02 14:29:17.275 | INFO     | Pendulum.PendulumAPP:_processSerialData:121 - 🔄 数据来源: 串口接收 -> PendulumState.physical_length
2025-09-02 14:29:17.320 | INFO     | Pendulum.PendulumAPP:_processSerialData:120 - 📏 串口长度数据已更新: L22.665796 -> physical_length=22.665796
2025-09-02 14:29:17.321 | INFO     | Pendulum.PendulumAPP:_processSerialData:121 - 🔄 数据来源: 串口接收 -> PendulumState.physical_length
2025-09-02 14:29:17.367 | INFO     | Pendulum.PendulumAPP:_processSerialData:120 - 📏 串口长度数据已更新: L22.665796 -> physical_length=22.665796
2025-09-02 14:29:17.371 | INFO     | Pendulum.PendulumAPP:_processSerialData:121 - 🔄 数据来源: 串口接收 -> PendulumState.physical_length
2025-09-02 14:29:17.404 | INFO     | Pendulum.PendulumAPP:_keyEventWeb:268 - u2
2025-09-02 14:29:17.405 | INFO     | Pendulum.SerialConncet:send:199 - sendu2
2025-09-02 14:29:17.406 | INFO     | Pendulum.SerialConncet:send:201 - [发送] u2
2025-09-02 14:29:17.414 | INFO     | Pendulum.PendulumAPP:_processSerialData:120 - 📏 串口长度数据已更新: L22.665796 -> physical_length=22.665796
2025-09-02 14:29:17.414 | INFO     | Pendulum.PendulumAPP:_processSerialData:121 - 🔄 数据来源: 串口接收 -> PendulumState.physical_length
2025-09-02 14:29:17.460 | INFO     | Pendulum.PendulumAPP:_processSerialData:120 - 📏 串口长度数据已更新: L22.665796 -> physical_length=22.665796
2025-09-02 14:29:17.461 | INFO     | Pendulum.PendulumAPP:_processSerialData:121 - 🔄 数据来源: 串口接收 -> PendulumState.physical_length
2025-09-02 14:29:17.507 | INFO     | Pendulum.PendulumAPP:_processSerialData:120 - 📏 串口长度数据已更新: L22.665796 -> physical_length=22.665796
2025-09-02 14:29:17.509 | INFO     | Pendulum.PendulumAPP:_processSerialData:121 - 🔄 数据来源: 串口接收 -> PendulumState.physical_length
2025-09-02 14:29:17.554 | INFO     | Pendulum.PendulumAPP:_processSerialData:120 - 📏 串口长度数据已更新: L22.665796 -> physical_length=22.665796
2025-09-02 14:29:17.555 | INFO     | Pendulum.PendulumAPP:_processSerialData:121 - 🔄 数据来源: 串口接收 -> PendulumState.physical_length
2025-09-02 14:29:17.601 | INFO     | Pendulum.PendulumAPP:_processSerialData:120 - 📏 串口长度数据已更新: L22.665796 -> physical_length=22.665796
2025-09-02 14:29:17.601 | INFO     | Pendulum.PendulumAPP:_processSerialData:121 - 🔄 数据来源: 串口接收 -> PendulumState.physical_length
2025-09-02 14:29:17.648 | INFO     | Pendulum.PendulumAPP:_processSerialData:120 - 📏 串口长度数据已更新: L22.665796 -> physical_length=22.665796
2025-09-02 14:29:17.649 | INFO     | Pendulum.PendulumAPP:_processSerialData:121 - 🔄 数据来源: 串口接收 -> PendulumState.physical_length
2025-09-02 14:29:17.695 | INFO     | Pendulum.PendulumAPP:_processSerialData:120 - 📏 串口长度数据已更新: L22.665796 -> physical_length=22.665796
2025-09-02 14:29:17.697 | INFO     | Pendulum.PendulumAPP:_processSerialData:121 - 🔄 数据来源: 串口接收 -> PendulumState.physical_length
2025-09-02 14:29:17.742 | INFO     | Pendulum.PendulumAPP:_processSerialData:120 - 📏 串口长度数据已更新: L22.665796 -> physical_length=22.665796
2025-09-02 14:29:17.743 | INFO     | Pendulum.PendulumAPP:_processSerialData:121 - 🔄 数据来源: 串口接收 -> PendulumState.physical_length
2025-09-02 14:29:17.789 | INFO     | Pendulum.PendulumAPP:_processSerialData:120 - 📏 串口长度数据已更新: L22.665796 -> physical_length=22.665796
2025-09-02 14:29:17.790 | INFO     | Pendulum.PendulumAPP:_processSerialData:121 - 🔄 数据来源: 串口接收 -> PendulumState.physical_length
2025-09-02 14:29:17.835 | INFO     | Pendulum.PendulumAPP:_processSerialData:120 - 📏 串口长度数据已更新: L22.665796 -> physical_length=22.665796
2025-09-02 14:29:17.837 | INFO     | Pendulum.PendulumAPP:_processSerialData:121 - 🔄 数据来源: 串口接收 -> PendulumState.physical_length
2025-09-02 14:29:17.881 | INFO     | Pendulum.PendulumAPP:_processSerialData:120 - 📏 串口长度数据已更新: L22.665796 -> physical_length=22.665796
2025-09-02 14:29:17.883 | INFO     | Pendulum.PendulumAPP:_processSerialData:121 - 🔄 数据来源: 串口接收 -> PendulumState.physical_length
2025-09-02 14:29:17.927 | INFO     | Pendulum.PendulumAPP:_processSerialData:120 - 📏 串口长度数据已更新: L22.665796 -> physical_length=22.665796
2025-09-02 14:29:17.930 | INFO     | Pendulum.PendulumAPP:_processSerialData:121 - 🔄 数据来源: 串口接收 -> PendulumState.physical_length
2025-09-02 14:29:17.974 | INFO     | Pendulum.PendulumAPP:_processSerialData:120 - 📏 串口长度数据已更新: L22.665796 -> physical_length=22.665796
2025-09-02 14:29:17.976 | INFO     | Pendulum.PendulumAPP:_processSerialData:121 - 🔄 数据来源: 串口接收 -> PendulumState.physical_length
2025-09-02 14:29:18.022 | INFO     | Pendulum.PendulumAPP:_processSerialData:120 - 📏 串口长度数据已更新: L22.665796 -> physical_length=22.665796
2025-09-02 14:29:18.023 | INFO     | Pendulum.PendulumAPP:_processSerialData:121 - 🔄 数据来源: 串口接收 -> PendulumState.physical_length
2025-09-02 14:29:18.070 | INFO     | Pendulum.PendulumAPP:_processSerialData:120 - 📏 串口长度数据已更新: L22.665796 -> physical_length=22.665796
2025-09-02 14:29:18.071 | INFO     | Pendulum.PendulumAPP:_processSerialData:121 - 🔄 数据来源: 串口接收 -> PendulumState.physical_length
2025-09-02 14:29:18.116 | INFO     | Pendulum.PendulumAPP:_processSerialData:120 - 📏 串口长度数据已更新: L22.665796 -> physical_length=22.665796
2025-09-02 14:29:18.117 | INFO     | Pendulum.PendulumAPP:_processSerialData:121 - 🔄 数据来源: 串口接收 -> PendulumState.physical_length
2025-09-02 14:29:18.162 | INFO     | Pendulum.PendulumAPP:_processSerialData:120 - 📏 串口长度数据已更新: L22.665796 -> physical_length=22.665796
2025-09-02 14:29:18.163 | INFO     | Pendulum.PendulumAPP:_processSerialData:121 - 🔄 数据来源: 串口接收 -> PendulumState.physical_length
2025-09-02 14:29:18.208 | INFO     | Pendulum.PendulumAPP:_processSerialData:120 - 📏 串口长度数据已更新: L22.665796 -> physical_length=22.665796
2025-09-02 14:29:18.209 | INFO     | Pendulum.PendulumAPP:_processSerialData:121 - 🔄 数据来源: 串口接收 -> PendulumState.physical_length
2025-09-02 14:29:18.255 | INFO     | Pendulum.PendulumAPP:_processSerialData:120 - 📏 串口长度数据已更新: L22.665796 -> physical_length=22.665796
2025-09-02 14:29:18.256 | INFO     | Pendulum.PendulumAPP:_processSerialData:121 - 🔄 数据来源: 串口接收 -> PendulumState.physical_length
2025-09-02 14:29:18.301 | INFO     | Pendulum.PendulumAPP:_processSerialData:120 - 📏 串口长度数据已更新: L22.665796 -> physical_length=22.665796
2025-09-02 14:29:18.302 | INFO     | Pendulum.PendulumAPP:_processSerialData:121 - 🔄 数据来源: 串口接收 -> PendulumState.physical_length
2025-09-02 14:29:18.347 | INFO     | Pendulum.PendulumAPP:_processSerialData:120 - 📏 串口长度数据已更新: L22.665796 -> physical_length=22.665796
2025-09-02 14:29:18.348 | INFO     | Pendulum.PendulumAPP:_processSerialData:121 - 🔄 数据来源: 串口接收 -> PendulumState.physical_length
2025-09-02 14:29:18.393 | INFO     | Pendulum.PendulumAPP:_processSerialData:120 - 📏 串口长度数据已更新: L22.665796 -> physical_length=22.665796
2025-09-02 14:29:18.394 | INFO     | Pendulum.PendulumAPP:_processSerialData:121 - 🔄 数据来源: 串口接收 -> PendulumState.physical_length
2025-09-02 14:29:18.440 | INFO     | Pendulum.PendulumAPP:_processSerialData:120 - 📏 串口长度数据已更新: L22.665796 -> physical_length=22.665796
2025-09-02 14:29:18.444 | INFO     | Pendulum.PendulumAPP:_processSerialData:121 - 🔄 数据来源: 串口接收 -> PendulumState.physical_length
2025-09-02 14:29:18.487 | INFO     | Pendulum.PendulumAPP:_processSerialData:120 - 📏 串口长度数据已更新: L22.665796 -> physical_length=22.665796
2025-09-02 14:29:18.488 | INFO     | Pendulum.PendulumAPP:_processSerialData:121 - 🔄 数据来源: 串口接收 -> PendulumState.physical_length
2025-09-02 14:29:18.533 | INFO     | Pendulum.PendulumAPP:_processSerialData:120 - 📏 串口长度数据已更新: L22.665796 -> physical_length=22.665796
2025-09-02 14:29:18.535 | INFO     | Pendulum.PendulumAPP:_processSerialData:121 - 🔄 数据来源: 串口接收 -> PendulumState.physical_length
2025-09-02 14:29:18.580 | INFO     | Pendulum.PendulumAPP:_processSerialData:120 - 📏 串口长度数据已更新: L22.665796 -> physical_length=22.665796
2025-09-02 14:29:18.580 | INFO     | Pendulum.PendulumAPP:_processSerialData:121 - 🔄 数据来源: 串口接收 -> PendulumState.physical_length
2025-09-02 14:29:18.629 | INFO     | Pendulum.PendulumAPP:_processSerialData:120 - 📏 串口长度数据已更新: L22.665796 -> physical_length=22.665796
2025-09-02 14:29:18.630 | INFO     | Pendulum.PendulumAPP:_processSerialData:121 - 🔄 数据来源: 串口接收 -> PendulumState.physical_length
2025-09-02 14:29:18.676 | INFO     | Pendulum.PendulumAPP:_processSerialData:120 - 📏 串口长度数据已更新: L22.665796 -> physical_length=22.665796
2025-09-02 14:29:18.676 | INFO     | Pendulum.PendulumAPP:_processSerialData:121 - 🔄 数据来源: 串口接收 -> PendulumState.physical_length
2025-09-02 14:29:18.721 | INFO     | Pendulum.PendulumAPP:_processSerialData:120 - 📏 串口长度数据已更新: L22.665796 -> physical_length=22.665796
2025-09-02 14:29:18.722 | INFO     | Pendulum.PendulumAPP:_processSerialData:121 - 🔄 数据来源: 串口接收 -> PendulumState.physical_length
2025-09-02 14:29:18.767 | INFO     | Pendulum.PendulumAPP:_processSerialData:120 - 📏 串口长度数据已更新: L22.665796 -> physical_length=22.665796
2025-09-02 14:29:18.768 | INFO     | Pendulum.PendulumAPP:_processSerialData:121 - 🔄 数据来源: 串口接收 -> PendulumState.physical_length
2025-09-02 14:29:18.813 | INFO     | Pendulum.PendulumAPP:_processSerialData:120 - 📏 串口长度数据已更新: L22.665796 -> physical_length=22.665796
2025-09-02 14:29:18.817 | INFO     | Pendulum.PendulumAPP:_processSerialData:121 - 🔄 数据来源: 串口接收 -> PendulumState.physical_length
2025-09-02 14:29:18.845 | INFO     | Pendulum.PendulumAPP:_keyEventWeb:274 - u0
2025-09-02 14:29:18.848 | INFO     | Pendulum.SerialConncet:send:199 - sendu0
2025-09-02 14:29:18.849 | INFO     | Pendulum.SerialConncet:send:201 - [发送] u0
2025-09-02 14:29:18.860 | INFO     | Pendulum.PendulumAPP:_processSerialData:120 - 📏 串口长度数据已更新: L22.665796 -> physical_length=22.665796
2025-09-02 14:29:18.861 | INFO     | Pendulum.PendulumAPP:_processSerialData:121 - 🔄 数据来源: 串口接收 -> PendulumState.physical_length
2025-09-02 14:29:18.909 | INFO     | Pendulum.PendulumAPP:_processSerialData:120 - 📏 串口长度数据已更新: L22.665796 -> physical_length=22.665796
2025-09-02 14:29:18.910 | INFO     | Pendulum.PendulumAPP:_processSerialData:121 - 🔄 数据来源: 串口接收 -> PendulumState.physical_length
2025-09-02 14:29:18.955 | INFO     | Pendulum.PendulumAPP:_processSerialData:120 - 📏 串口长度数据已更新: L22.665796 -> physical_length=22.665796
2025-09-02 14:29:18.956 | INFO     | Pendulum.PendulumAPP:_processSerialData:121 - 🔄 数据来源: 串口接收 -> PendulumState.physical_length
2025-09-02 14:29:19.001 | INFO     | Pendulum.PendulumAPP:_processSerialData:120 - 📏 串口长度数据已更新: L22.665796 -> physical_length=22.665796
2025-09-02 14:29:19.002 | INFO     | Pendulum.PendulumAPP:_processSerialData:121 - 🔄 数据来源: 串口接收 -> PendulumState.physical_length
2025-09-02 14:29:19.047 | INFO     | Pendulum.PendulumAPP:_processSerialData:120 - 📏 串口长度数据已更新: L22.665796 -> physical_length=22.665796
2025-09-02 14:29:19.047 | INFO     | Pendulum.PendulumAPP:_processSerialData:121 - 🔄 数据来源: 串口接收 -> PendulumState.physical_length
2025-09-02 14:29:19.093 | INFO     | Pendulum.PendulumAPP:_processSerialData:120 - 📏 串口长度数据已更新: L22.665796 -> physical_length=22.665796
2025-09-02 14:29:19.094 | INFO     | Pendulum.PendulumAPP:_processSerialData:121 - 🔄 数据来源: 串口接收 -> PendulumState.physical_length
2025-09-02 14:29:19.124 | INFO     | Pendulum.PendulumAPP:_processSerialData:120 - 📏 串口长度数据已更新: L22.665796 -> physical_length=22.665796
2025-09-02 14:29:19.126 | INFO     | Pendulum.PendulumAPP:_processSerialData:121 - 🔄 数据来源: 串口接收 -> PendulumState.physical_length
2025-09-02 14:29:19.156 | INFO     | Pendulum.PendulumAPP:_keyEventWeb:268 - u2
2025-09-02 14:29:19.157 | INFO     | Pendulum.SerialConncet:send:199 - sendu2
2025-09-02 14:29:19.160 | INFO     | Pendulum.SerialConncet:send:201 - [发送] u2
2025-09-02 14:29:19.169 | INFO     | Pendulum.PendulumAPP:_processSerialData:120 - 📏 串口长度数据已更新: L22.665796 -> physical_length=22.665796
2025-09-02 14:29:19.170 | INFO     | Pendulum.PendulumAPP:_processSerialData:121 - 🔄 数据来源: 串口接收 -> PendulumState.physical_length
2025-09-02 14:29:19.216 | INFO     | Pendulum.PendulumAPP:_processSerialData:120 - 📏 串口长度数据已更新: L22.665796 -> physical_length=22.665796
2025-09-02 14:29:19.217 | INFO     | Pendulum.PendulumAPP:_processSerialData:121 - 🔄 数据来源: 串口接收 -> PendulumState.physical_length
2025-09-02 14:29:19.262 | INFO     | Pendulum.PendulumAPP:_processSerialData:120 - 📏 串口长度数据已更新: L22.665796 -> physical_length=22.665796
2025-09-02 14:29:19.263 | INFO     | Pendulum.PendulumAPP:_processSerialData:121 - 🔄 数据来源: 串口接收 -> PendulumState.physical_length
2025-09-02 14:29:19.308 | INFO     | Pendulum.PendulumAPP:_processSerialData:120 - 📏 串口长度数据已更新: L22.665796 -> physical_length=22.665796
2025-09-02 14:29:19.308 | INFO     | Pendulum.PendulumAPP:_processSerialData:121 - 🔄 数据来源: 串口接收 -> PendulumState.physical_length
2025-09-02 14:29:19.354 | INFO     | Pendulum.PendulumAPP:_processSerialData:120 - 📏 串口长度数据已更新: L22.665796 -> physical_length=22.665796
2025-09-02 14:29:19.355 | INFO     | Pendulum.PendulumAPP:_processSerialData:121 - 🔄 数据来源: 串口接收 -> PendulumState.physical_length
2025-09-02 14:29:19.404 | INFO     | Pendulum.PendulumAPP:_processSerialData:120 - 📏 串口长度数据已更新: L22.665796 -> physical_length=22.665796
2025-09-02 14:29:19.406 | INFO     | Pendulum.PendulumAPP:_processSerialData:121 - 🔄 数据来源: 串口接收 -> PendulumState.physical_length
2025-09-02 14:29:19.450 | INFO     | Pendulum.PendulumAPP:_processSerialData:120 - 📏 串口长度数据已更新: L22.665796 -> physical_length=22.665796
2025-09-02 14:29:19.451 | INFO     | Pendulum.PendulumAPP:_processSerialData:121 - 🔄 数据来源: 串口接收 -> PendulumState.physical_length
2025-09-02 14:29:19.498 | INFO     | Pendulum.PendulumAPP:_processSerialData:120 - 📏 串口长度数据已更新: L22.665796 -> physical_length=22.665796
2025-09-02 14:29:19.499 | INFO     | Pendulum.PendulumAPP:_processSerialData:121 - 🔄 数据来源: 串口接收 -> PendulumState.physical_length
2025-09-02 14:29:19.545 | INFO     | Pendulum.PendulumAPP:_processSerialData:120 - 📏 串口长度数据已更新: L22.665796 -> physical_length=22.665796
2025-09-02 14:29:19.546 | INFO     | Pendulum.PendulumAPP:_processSerialData:121 - 🔄 数据来源: 串口接收 -> PendulumState.physical_length
2025-09-02 14:29:19.593 | INFO     | Pendulum.PendulumAPP:_processSerialData:120 - 📏 串口长度数据已更新: L22.665796 -> physical_length=22.665796
2025-09-02 14:29:19.594 | INFO     | Pendulum.PendulumAPP:_processSerialData:121 - 🔄 数据来源: 串口接收 -> PendulumState.physical_length
2025-09-02 14:29:19.639 | INFO     | Pendulum.PendulumAPP:_processSerialData:120 - 📏 串口长度数据已更新: L22.665796 -> physical_length=22.665796
2025-09-02 14:29:19.640 | INFO     | Pendulum.PendulumAPP:_processSerialData:121 - 🔄 数据来源: 串口接收 -> PendulumState.physical_length
2025-09-02 14:29:19.686 | INFO     | Pendulum.PendulumAPP:_processSerialData:120 - 📏 串口长度数据已更新: L22.665796 -> physical_length=22.665796
2025-09-02 14:29:19.689 | INFO     | Pendulum.PendulumAPP:_processSerialData:121 - 🔄 数据来源: 串口接收 -> PendulumState.physical_length
2025-09-02 14:29:19.732 | INFO     | Pendulum.PendulumAPP:_processSerialData:120 - 📏 串口长度数据已更新: L22.665796 -> physical_length=22.665796
2025-09-02 14:29:19.732 | INFO     | Pendulum.PendulumAPP:_processSerialData:121 - 🔄 数据来源: 串口接收 -> PendulumState.physical_length
2025-09-02 14:29:19.778 | INFO     | Pendulum.PendulumAPP:_processSerialData:120 - 📏 串口长度数据已更新: L22.665796 -> physical_length=22.665796
2025-09-02 14:29:19.780 | INFO     | Pendulum.PendulumAPP:_processSerialData:121 - 🔄 数据来源: 串口接收 -> PendulumState.physical_length
2025-09-02 14:29:19.824 | INFO     | Pendulum.PendulumAPP:_processSerialData:120 - 📏 串口长度数据已更新: L22.665796 -> physical_length=22.665796
2025-09-02 14:29:19.825 | INFO     | Pendulum.PendulumAPP:_processSerialData:121 - 🔄 数据来源: 串口接收 -> PendulumState.physical_length
2025-09-02 14:29:19.871 | INFO     | Pendulum.PendulumAPP:_processSerialData:120 - 📏 串口长度数据已更新: L22.665796 -> physical_length=22.665796
2025-09-02 14:29:19.872 | INFO     | Pendulum.PendulumAPP:_processSerialData:121 - 🔄 数据来源: 串口接收 -> PendulumState.physical_length
2025-09-02 14:29:19.918 | INFO     | Pendulum.PendulumAPP:_processSerialData:120 - 📏 串口长度数据已更新: L22.665796 -> physical_length=22.665796
2025-09-02 14:29:19.918 | INFO     | Pendulum.PendulumAPP:_processSerialData:121 - 🔄 数据来源: 串口接收 -> PendulumState.physical_length
2025-09-02 14:29:19.964 | INFO     | Pendulum.PendulumAPP:_processSerialData:120 - 📏 串口长度数据已更新: L22.665796 -> physical_length=22.665796
2025-09-02 14:29:19.965 | INFO     | Pendulum.PendulumAPP:_processSerialData:121 - 🔄 数据来源: 串口接收 -> PendulumState.physical_length
2025-09-02 14:29:20.012 | INFO     | Pendulum.PendulumAPP:_processSerialData:120 - 📏 串口长度数据已更新: L22.665796 -> physical_length=22.665796
2025-09-02 14:29:20.013 | INFO     | Pendulum.PendulumAPP:_processSerialData:121 - 🔄 数据来源: 串口接收 -> PendulumState.physical_length
2025-09-02 14:29:20.058 | INFO     | Pendulum.PendulumAPP:_processSerialData:120 - 📏 串口长度数据已更新: L22.665796 -> physical_length=22.665796
2025-09-02 14:29:20.059 | INFO     | Pendulum.PendulumAPP:_processSerialData:121 - 🔄 数据来源: 串口接收 -> PendulumState.physical_length
2025-09-02 14:29:20.105 | INFO     | Pendulum.PendulumAPP:_processSerialData:120 - 📏 串口长度数据已更新: L22.665796 -> physical_length=22.665796
2025-09-02 14:29:20.106 | INFO     | Pendulum.PendulumAPP:_processSerialData:121 - 🔄 数据来源: 串口接收 -> PendulumState.physical_length
2025-09-02 14:29:20.151 | INFO     | Pendulum.PendulumAPP:_processSerialData:120 - 📏 串口长度数据已更新: L22.665796 -> physical_length=22.665796
2025-09-02 14:29:20.154 | INFO     | Pendulum.PendulumAPP:_processSerialData:121 - 🔄 数据来源: 串口接收 -> PendulumState.physical_length
2025-09-02 14:29:20.199 | INFO     | Pendulum.PendulumAPP:_processSerialData:120 - 📏 串口长度数据已更新: L22.665796 -> physical_length=22.665796
2025-09-02 14:29:20.200 | INFO     | Pendulum.PendulumAPP:_processSerialData:121 - 🔄 数据来源: 串口接收 -> PendulumState.physical_length
2025-09-02 14:29:20.237 | INFO     | Pendulum.PendulumAPP:_keyEventWeb:274 - u0
2025-09-02 14:29:20.239 | INFO     | Pendulum.SerialConncet:send:199 - sendu0
2025-09-02 14:29:20.241 | INFO     | Pendulum.SerialConncet:send:201 - [发送] u0
2025-09-02 14:29:20.245 | INFO     | Pendulum.PendulumAPP:_processSerialData:120 - 📏 串口长度数据已更新: L22.665796 -> physical_length=22.665796
2025-09-02 14:29:20.246 | INFO     | Pendulum.PendulumAPP:_processSerialData:121 - 🔄 数据来源: 串口接收 -> PendulumState.physical_length
2025-09-02 14:29:20.292 | INFO     | Pendulum.PendulumAPP:_processSerialData:120 - 📏 串口长度数据已更新: L22.665796 -> physical_length=22.665796
2025-09-02 14:29:20.293 | INFO     | Pendulum.PendulumAPP:_processSerialData:121 - 🔄 数据来源: 串口接收 -> PendulumState.physical_length
2025-09-02 14:29:20.338 | INFO     | Pendulum.PendulumAPP:_processSerialData:120 - 📏 串口长度数据已更新: L22.665796 -> physical_length=22.665796
2025-09-02 14:29:20.339 | INFO     | Pendulum.PendulumAPP:_processSerialData:121 - 🔄 数据来源: 串口接收 -> PendulumState.physical_length
2025-09-02 14:29:20.384 | INFO     | Pendulum.PendulumAPP:_processSerialData:120 - 📏 串口长度数据已更新: L22.665796 -> physical_length=22.665796
2025-09-02 14:29:20.384 | INFO     | Pendulum.PendulumAPP:_processSerialData:121 - 🔄 数据来源: 串口接收 -> PendulumState.physical_length
2025-09-02 14:29:20.431 | INFO     | Pendulum.PendulumAPP:_processSerialData:120 - 📏 串口长度数据已更新: L22.665796 -> physical_length=22.665796
2025-09-02 14:29:20.432 | INFO     | Pendulum.PendulumAPP:_processSerialData:121 - 🔄 数据来源: 串口接收 -> PendulumState.physical_length
2025-09-02 14:29:20.476 | INFO     | Pendulum.PendulumAPP:_processSerialData:120 - 📏 串口长度数据已更新: L22.665796 -> physical_length=22.665796
2025-09-02 14:29:20.477 | INFO     | Pendulum.PendulumAPP:_processSerialData:121 - 🔄 数据来源: 串口接收 -> PendulumState.physical_length
2025-09-02 14:29:20.524 | INFO     | Pendulum.PendulumAPP:_processSerialData:120 - 📏 串口长度数据已更新: L22.665796 -> physical_length=22.665796
2025-09-02 14:29:20.525 | INFO     | Pendulum.PendulumAPP:_processSerialData:121 - 🔄 数据来源: 串口接收 -> PendulumState.physical_length
2025-09-02 14:29:20.571 | INFO     | Pendulum.PendulumAPP:_processSerialData:120 - 📏 串口长度数据已更新: L22.665796 -> physical_length=22.665796
2025-09-02 14:29:20.573 | INFO     | Pendulum.PendulumAPP:_processSerialData:121 - 🔄 数据来源: 串口接收 -> PendulumState.physical_length
2025-09-02 14:29:20.617 | INFO     | Pendulum.PendulumAPP:_processSerialData:120 - 📏 串口长度数据已更新: L22.665796 -> physical_length=22.665796
2025-09-02 14:29:20.619 | INFO     | Pendulum.PendulumAPP:_processSerialData:121 - 🔄 数据来源: 串口接收 -> PendulumState.physical_length
2025-09-02 14:29:20.663 | INFO     | Pendulum.PendulumAPP:_processSerialData:120 - 📏 串口长度数据已更新: L22.665796 -> physical_length=22.665796
2025-09-02 14:29:20.667 | INFO     | Pendulum.PendulumAPP:_processSerialData:121 - 🔄 数据来源: 串口接收 -> PendulumState.physical_length
2025-09-02 14:29:20.709 | INFO     | Pendulum.PendulumAPP:_processSerialData:120 - 📏 串口长度数据已更新: L22.665796 -> physical_length=22.665796
2025-09-02 14:29:20.710 | INFO     | Pendulum.PendulumAPP:_processSerialData:121 - 🔄 数据来源: 串口接收 -> PendulumState.physical_length
2025-09-02 14:29:20.755 | INFO     | Pendulum.PendulumAPP:_processSerialData:120 - 📏 串口长度数据已更新: L22.665796 -> physical_length=22.665796
2025-09-02 14:29:20.758 | INFO     | Pendulum.PendulumAPP:_processSerialData:121 - 🔄 数据来源: 串口接收 -> PendulumState.physical_length
2025-09-02 14:29:20.802 | INFO     | Pendulum.PendulumAPP:_processSerialData:120 - 📏 串口长度数据已更新: L22.665796 -> physical_length=22.665796
2025-09-02 14:29:20.804 | INFO     | Pendulum.PendulumAPP:_processSerialData:121 - 🔄 数据来源: 串口接收 -> PendulumState.physical_length
2025-09-02 14:29:20.848 | INFO     | Pendulum.PendulumAPP:_processSerialData:120 - 📏 串口长度数据已更新: L22.665796 -> physical_length=22.665796
2025-09-02 14:29:20.849 | INFO     | Pendulum.PendulumAPP:_processSerialData:121 - 🔄 数据来源: 串口接收 -> PendulumState.physical_length
2025-09-02 14:29:20.894 | INFO     | Pendulum.PendulumAPP:_processSerialData:120 - 📏 串口长度数据已更新: L22.665796 -> physical_length=22.665796
2025-09-02 14:29:20.894 | INFO     | Pendulum.PendulumAPP:_processSerialData:121 - 🔄 数据来源: 串口接收 -> PendulumState.physical_length
2025-09-02 14:29:20.942 | INFO     | Pendulum.PendulumAPP:_processSerialData:120 - 📏 串口长度数据已更新: L22.665796 -> physical_length=22.665796
2025-09-02 14:29:20.944 | INFO     | Pendulum.PendulumAPP:_processSerialData:121 - 🔄 数据来源: 串口接收 -> PendulumState.physical_length
2025-09-02 14:29:20.990 | INFO     | Pendulum.PendulumAPP:_processSerialData:120 - 📏 串口长度数据已更新: L22.665796 -> physical_length=22.665796
2025-09-02 14:29:20.990 | INFO     | Pendulum.PendulumAPP:_processSerialData:121 - 🔄 数据来源: 串口接收 -> PendulumState.physical_length
2025-09-02 14:29:21.036 | INFO     | Pendulum.PendulumAPP:_processSerialData:120 - 📏 串口长度数据已更新: L22.665796 -> physical_length=22.665796
2025-09-02 14:29:21.037 | INFO     | Pendulum.PendulumAPP:_processSerialData:121 - 🔄 数据来源: 串口接收 -> PendulumState.physical_length
2025-09-02 14:29:21.083 | INFO     | Pendulum.PendulumAPP:_processSerialData:120 - 📏 串口长度数据已更新: L22.665796 -> physical_length=22.665796
2025-09-02 14:29:21.084 | INFO     | Pendulum.PendulumAPP:_processSerialData:121 - 🔄 数据来源: 串口接收 -> PendulumState.physical_length
2025-09-02 14:29:21.129 | INFO     | Pendulum.PendulumAPP:_processSerialData:120 - 📏 串口长度数据已更新: L22.665796 -> physical_length=22.665796
2025-09-02 14:29:21.130 | INFO     | Pendulum.PendulumAPP:_processSerialData:121 - 🔄 数据来源: 串口接收 -> PendulumState.physical_length
2025-09-02 14:29:21.177 | INFO     | Pendulum.PendulumAPP:_processSerialData:120 - 📏 串口长度数据已更新: L22.665796 -> physical_length=22.665796
2025-09-02 14:29:21.178 | INFO     | Pendulum.PendulumAPP:_processSerialData:121 - 🔄 数据来源: 串口接收 -> PendulumState.physical_length
2025-09-02 14:29:21.222 | INFO     | Pendulum.PendulumAPP:_processSerialData:120 - 📏 串口长度数据已更新: L22.665796 -> physical_length=22.665796
2025-09-02 14:29:21.222 | INFO     | Pendulum.PendulumAPP:_processSerialData:121 - 🔄 数据来源: 串口接收 -> PendulumState.physical_length
2025-09-02 14:29:21.269 | INFO     | Pendulum.PendulumAPP:_processSerialData:120 - 📏 串口长度数据已更新: L22.665796 -> physical_length=22.665796
2025-09-02 14:29:21.270 | INFO     | Pendulum.PendulumAPP:_processSerialData:121 - 🔄 数据来源: 串口接收 -> PendulumState.physical_length
2025-09-02 14:29:21.315 | INFO     | Pendulum.PendulumAPP:_processSerialData:120 - 📏 串口长度数据已更新: L22.665796 -> physical_length=22.665796
2025-09-02 14:29:21.317 | INFO     | Pendulum.PendulumAPP:_processSerialData:121 - 🔄 数据来源: 串口接收 -> PendulumState.physical_length
2025-09-02 14:29:21.361 | INFO     | Pendulum.PendulumAPP:_processSerialData:120 - 📏 串口长度数据已更新: L22.665796 -> physical_length=22.665796
2025-09-02 14:29:21.362 | INFO     | Pendulum.PendulumAPP:_processSerialData:121 - 🔄 数据来源: 串口接收 -> PendulumState.physical_length
2025-09-02 14:29:21.408 | INFO     | Pendulum.PendulumAPP:_processSerialData:120 - 📏 串口长度数据已更新: L22.665796 -> physical_length=22.665796
2025-09-02 14:29:21.409 | INFO     | Pendulum.PendulumAPP:_processSerialData:121 - 🔄 数据来源: 串口接收 -> PendulumState.physical_length
2025-09-02 14:29:21.454 | INFO     | Pendulum.PendulumAPP:_processSerialData:120 - 📏 串口长度数据已更新: L22.665796 -> physical_length=22.665796
2025-09-02 14:29:21.455 | INFO     | Pendulum.PendulumAPP:_processSerialData:121 - 🔄 数据来源: 串口接收 -> PendulumState.physical_length
2025-09-02 14:29:21.501 | INFO     | Pendulum.PendulumAPP:_processSerialData:120 - 📏 串口长度数据已更新: L22.665796 -> physical_length=22.665796
2025-09-02 14:29:21.502 | INFO     | Pendulum.PendulumAPP:_processSerialData:121 - 🔄 数据来源: 串口接收 -> PendulumState.physical_length
2025-09-02 14:29:21.547 | INFO     | Pendulum.PendulumAPP:_processSerialData:120 - 📏 串口长度数据已更新: L22.665796 -> physical_length=22.665796
2025-09-02 14:29:21.549 | INFO     | Pendulum.PendulumAPP:_processSerialData:121 - 🔄 数据来源: 串口接收 -> PendulumState.physical_length
2025-09-02 14:29:21.595 | INFO     | Pendulum.PendulumAPP:_processSerialData:120 - 📏 串口长度数据已更新: L22.665796 -> physical_length=22.665796
2025-09-02 14:29:21.596 | INFO     | Pendulum.PendulumAPP:_processSerialData:121 - 🔄 数据来源: 串口接收 -> PendulumState.physical_length
2025-09-02 14:29:21.641 | INFO     | Pendulum.PendulumAPP:_processSerialData:120 - 📏 串口长度数据已更新: L22.665796 -> physical_length=22.665796
2025-09-02 14:29:21.642 | INFO     | Pendulum.PendulumAPP:_processSerialData:121 - 🔄 数据来源: 串口接收 -> PendulumState.physical_length
2025-09-02 14:29:21.688 | INFO     | Pendulum.PendulumAPP:_processSerialData:120 - 📏 串口长度数据已更新: L22.665796 -> physical_length=22.665796
2025-09-02 14:29:21.690 | INFO     | Pendulum.PendulumAPP:_processSerialData:121 - 🔄 数据来源: 串口接收 -> PendulumState.physical_length
2025-09-02 14:29:21.735 | INFO     | Pendulum.PendulumAPP:_processSerialData:120 - 📏 串口长度数据已更新: L22.665796 -> physical_length=22.665796
2025-09-02 14:29:21.736 | INFO     | Pendulum.PendulumAPP:_processSerialData:121 - 🔄 数据来源: 串口接收 -> PendulumState.physical_length
2025-09-02 14:29:21.782 | INFO     | Pendulum.PendulumAPP:_processSerialData:120 - 📏 串口长度数据已更新: L22.665796 -> physical_length=22.665796
2025-09-02 14:29:21.784 | INFO     | Pendulum.PendulumAPP:_processSerialData:121 - 🔄 数据来源: 串口接收 -> PendulumState.physical_length
2025-09-02 14:29:21.828 | INFO     | Pendulum.PendulumAPP:_processSerialData:120 - 📏 串口长度数据已更新: L22.665796 -> physical_length=22.665796
2025-09-02 14:29:21.829 | INFO     | Pendulum.PendulumAPP:_processSerialData:121 - 🔄 数据来源: 串口接收 -> PendulumState.physical_length
2025-09-02 14:29:21.875 | INFO     | Pendulum.PendulumAPP:_processSerialData:120 - 📏 串口长度数据已更新: L22.665796 -> physical_length=22.665796
2025-09-02 14:29:21.876 | INFO     | Pendulum.PendulumAPP:_processSerialData:121 - 🔄 数据来源: 串口接收 -> PendulumState.physical_length
2025-09-02 14:29:21.922 | INFO     | Pendulum.PendulumAPP:_processSerialData:120 - 📏 串口长度数据已更新: L22.665796 -> physical_length=22.665796
2025-09-02 14:29:21.923 | INFO     | Pendulum.PendulumAPP:_processSerialData:121 - 🔄 数据来源: 串口接收 -> PendulumState.physical_length
2025-09-02 14:29:21.967 | INFO     | Pendulum.PendulumAPP:_processSerialData:120 - 📏 串口长度数据已更新: L22.665796 -> physical_length=22.665796
2025-09-02 14:29:21.968 | INFO     | Pendulum.PendulumAPP:_processSerialData:121 - 🔄 数据来源: 串口接收 -> PendulumState.physical_length
2025-09-02 14:29:22.013 | INFO     | Pendulum.PendulumAPP:_processSerialData:120 - 📏 串口长度数据已更新: L22.665796 -> physical_length=22.665796
2025-09-02 14:29:22.015 | INFO     | Pendulum.PendulumAPP:_processSerialData:121 - 🔄 数据来源: 串口接收 -> PendulumState.physical_length
2025-09-02 14:29:22.059 | INFO     | Pendulum.PendulumAPP:_processSerialData:120 - 📏 串口长度数据已更新: L22.665796 -> physical_length=22.665796
2025-09-02 14:29:22.060 | INFO     | Pendulum.PendulumAPP:_processSerialData:121 - 🔄 数据来源: 串口接收 -> PendulumState.physical_length
2025-09-02 14:29:22.104 | INFO     | Pendulum.PendulumAPP:_processSerialData:120 - 📏 串口长度数据已更新: L22.665796 -> physical_length=22.665796
2025-09-02 14:29:22.105 | INFO     | Pendulum.PendulumAPP:_processSerialData:121 - 🔄 数据来源: 串口接收 -> PendulumState.physical_length
2025-09-02 14:29:22.151 | INFO     | Pendulum.PendulumAPP:_processSerialData:120 - 📏 串口长度数据已更新: L22.665796 -> physical_length=22.665796
2025-09-02 14:29:22.152 | INFO     | Pendulum.PendulumAPP:_processSerialData:121 - 🔄 数据来源: 串口接收 -> PendulumState.physical_length
2025-09-02 14:29:22.196 | INFO     | Pendulum.PendulumAPP:_processSerialData:120 - 📏 串口长度数据已更新: L22.665796 -> physical_length=22.665796
2025-09-02 14:29:22.197 | INFO     | Pendulum.PendulumAPP:_processSerialData:121 - 🔄 数据来源: 串口接收 -> PendulumState.physical_length
2025-09-02 14:29:22.243 | INFO     | Pendulum.PendulumAPP:_processSerialData:120 - 📏 串口长度数据已更新: L22.665796 -> physical_length=22.665796
2025-09-02 14:29:22.245 | INFO     | Pendulum.PendulumAPP:_processSerialData:121 - 🔄 数据来源: 串口接收 -> PendulumState.physical_length
2025-09-02 14:29:22.289 | INFO     | Pendulum.PendulumAPP:_processSerialData:120 - 📏 串口长度数据已更新: L22.665796 -> physical_length=22.665796
2025-09-02 14:29:22.289 | INFO     | Pendulum.PendulumAPP:_processSerialData:121 - 🔄 数据来源: 串口接收 -> PendulumState.physical_length
2025-09-02 14:29:22.336 | INFO     | Pendulum.PendulumAPP:_processSerialData:120 - 📏 串口长度数据已更新: L22.665796 -> physical_length=22.665796
2025-09-02 14:29:22.337 | INFO     | Pendulum.PendulumAPP:_processSerialData:121 - 🔄 数据来源: 串口接收 -> PendulumState.physical_length
2025-09-02 14:29:22.381 | INFO     | Pendulum.PendulumAPP:_processSerialData:120 - 📏 串口长度数据已更新: L22.665796 -> physical_length=22.665796
2025-09-02 14:29:22.383 | INFO     | Pendulum.PendulumAPP:_processSerialData:121 - 🔄 数据来源: 串口接收 -> PendulumState.physical_length
2025-09-02 14:29:22.428 | INFO     | Pendulum.PendulumAPP:_processSerialData:120 - 📏 串口长度数据已更新: L22.665796 -> physical_length=22.665796
2025-09-02 14:29:22.429 | INFO     | Pendulum.PendulumAPP:_processSerialData:121 - 🔄 数据来源: 串口接收 -> PendulumState.physical_length
2025-09-02 14:29:22.476 | INFO     | Pendulum.PendulumAPP:_processSerialData:120 - 📏 串口长度数据已更新: L22.665796 -> physical_length=22.665796
2025-09-02 14:29:22.476 | INFO     | Pendulum.PendulumAPP:_processSerialData:121 - 🔄 数据来源: 串口接收 -> PendulumState.physical_length
2025-09-02 14:29:22.522 | INFO     | Pendulum.PendulumAPP:_processSerialData:120 - 📏 串口长度数据已更新: L22.665796 -> physical_length=22.665796
2025-09-02 14:29:22.524 | INFO     | Pendulum.PendulumAPP:_processSerialData:121 - 🔄 数据来源: 串口接收 -> PendulumState.physical_length
2025-09-02 14:29:22.555 | INFO     | Pendulum.PendulumAPP:_keyEventWeb:257 - 清除数据
2025-09-02 14:29:22.556 | INFO     | Pendulum.SerialConncet:send:199 - sendr
2025-09-02 14:29:22.559 | INFO     | Pendulum.SerialConncet:send:201 - [发送] r
2025-09-02 14:29:22.562 | INFO     | Pendulum.SerialConncet:_run:176 - [接收] R
2025-09-02 14:29:24.307 | INFO     | Pendulum.PendulumAPP:_keyEventWeb:252 - 清除数据
2025-09-02 14:29:24.309 | INFO     | Pendulum.SerialConncet:send:199 - sendr
2025-09-02 14:29:24.311 | INFO     | Pendulum.SerialConncet:send:201 - [发送] r
2025-09-02 14:29:24.312 | INFO     | Pendulum.SerialConncet:_run:176 - [接收] R
2025-09-02 14:29:24.352 | INFO     | Pendulum.PendulumAPP:_keyEventWeb:286 - d0
2025-09-02 14:29:24.353 | INFO     | Pendulum.SerialConncet:send:199 - sendd0
2025-09-02 14:29:24.354 | INFO     | Pendulum.SerialConncet:send:201 - [发送] d0
2025-09-02 14:29:28.342 | INFO     | Pendulum.SerialConncet:_run:176 - [接收] T0.000000,0.000000,0.000000
2025-09-02 14:29:30.246 | INFO     | Pendulum.SerialConncet:_run:176 - [接收] T1.000000,0.952626,0.952626
2025-09-02 14:29:30.252 | INFO     | Pendulum.SerialConncet:_run:176 - [接收] L22.424187
2025-09-02 14:29:30.280 | INFO     | Pendulum.PendulumAPP:_processSerialData:120 - 📏 串口长度数据已更新: L22.424187 -> physical_length=22.424187
2025-09-02 14:29:30.280 | INFO     | Pendulum.PendulumAPP:_processSerialData:121 - 🔄 数据来源: 串口接收 -> PendulumState.physical_length
2025-09-02 14:29:30.327 | INFO     | Pendulum.PendulumAPP:_processSerialData:120 - 📏 串口长度数据已更新: L22.424187 -> physical_length=22.424187
2025-09-02 14:29:30.329 | INFO     | Pendulum.PendulumAPP:_processSerialData:121 - 🔄 数据来源: 串口接收 -> PendulumState.physical_length
2025-09-02 14:29:30.372 | INFO     | Pendulum.PendulumAPP:_processSerialData:120 - 📏 串口长度数据已更新: L22.424187 -> physical_length=22.424187
2025-09-02 14:29:30.373 | INFO     | Pendulum.PendulumAPP:_processSerialData:121 - 🔄 数据来源: 串口接收 -> PendulumState.physical_length
2025-09-02 14:29:30.420 | INFO     | Pendulum.PendulumAPP:_processSerialData:120 - 📏 串口长度数据已更新: L22.424187 -> physical_length=22.424187
2025-09-02 14:29:30.422 | INFO     | Pendulum.PendulumAPP:_processSerialData:121 - 🔄 数据来源: 串口接收 -> PendulumState.physical_length
2025-09-02 14:29:30.468 | INFO     | Pendulum.PendulumAPP:_processSerialData:120 - 📏 串口长度数据已更新: L22.424187 -> physical_length=22.424187
2025-09-02 14:29:30.468 | INFO     | Pendulum.PendulumAPP:_processSerialData:121 - 🔄 数据来源: 串口接收 -> PendulumState.physical_length
2025-09-02 14:29:30.515 | INFO     | Pendulum.PendulumAPP:_processSerialData:120 - 📏 串口长度数据已更新: L22.424187 -> physical_length=22.424187
2025-09-02 14:29:30.520 | INFO     | Pendulum.PendulumAPP:_processSerialData:121 - 🔄 数据来源: 串口接收 -> PendulumState.physical_length
2025-09-02 14:29:30.561 | INFO     | Pendulum.PendulumAPP:_processSerialData:120 - 📏 串口长度数据已更新: L22.424187 -> physical_length=22.424187
2025-09-02 14:29:30.562 | INFO     | Pendulum.PendulumAPP:_processSerialData:121 - 🔄 数据来源: 串口接收 -> PendulumState.physical_length
2025-09-02 14:29:30.607 | INFO     | Pendulum.PendulumAPP:_processSerialData:120 - 📏 串口长度数据已更新: L22.424187 -> physical_length=22.424187
2025-09-02 14:29:30.608 | INFO     | Pendulum.PendulumAPP:_processSerialData:121 - 🔄 数据来源: 串口接收 -> PendulumState.physical_length
2025-09-02 14:29:30.655 | INFO     | Pendulum.PendulumAPP:_processSerialData:120 - 📏 串口长度数据已更新: L22.424187 -> physical_length=22.424187
2025-09-02 14:29:30.656 | INFO     | Pendulum.PendulumAPP:_processSerialData:121 - 🔄 数据来源: 串口接收 -> PendulumState.physical_length
2025-09-02 14:29:30.701 | INFO     | Pendulum.PendulumAPP:_processSerialData:120 - 📏 串口长度数据已更新: L22.424187 -> physical_length=22.424187
2025-09-02 14:29:30.702 | INFO     | Pendulum.PendulumAPP:_processSerialData:121 - 🔄 数据来源: 串口接收 -> PendulumState.physical_length
2025-09-02 14:29:30.748 | INFO     | Pendulum.PendulumAPP:_processSerialData:120 - 📏 串口长度数据已更新: L22.424187 -> physical_length=22.424187
2025-09-02 14:29:30.748 | INFO     | Pendulum.PendulumAPP:_processSerialData:121 - 🔄 数据来源: 串口接收 -> PendulumState.physical_length
2025-09-02 14:29:30.794 | INFO     | Pendulum.PendulumAPP:_processSerialData:120 - 📏 串口长度数据已更新: L22.424187 -> physical_length=22.424187
2025-09-02 14:29:30.796 | INFO     | Pendulum.PendulumAPP:_processSerialData:121 - 🔄 数据来源: 串口接收 -> PendulumState.physical_length
2025-09-02 14:29:30.841 | INFO     | Pendulum.PendulumAPP:_processSerialData:120 - 📏 串口长度数据已更新: L22.424187 -> physical_length=22.424187
2025-09-02 14:29:30.842 | INFO     | Pendulum.PendulumAPP:_processSerialData:121 - 🔄 数据来源: 串口接收 -> PendulumState.physical_length
2025-09-02 14:29:30.887 | INFO     | Pendulum.PendulumAPP:_processSerialData:120 - 📏 串口长度数据已更新: L22.424187 -> physical_length=22.424187
2025-09-02 14:29:30.888 | INFO     | Pendulum.PendulumAPP:_processSerialData:121 - 🔄 数据来源: 串口接收 -> PendulumState.physical_length
2025-09-02 14:29:30.918 | INFO     | Pendulum.PendulumAPP:_processSerialData:120 - 📏 串口长度数据已更新: L22.424187 -> physical_length=22.424187
2025-09-02 14:29:30.922 | INFO     | Pendulum.PendulumAPP:_processSerialData:121 - 🔄 数据来源: 串口接收 -> PendulumState.physical_length
2025-09-02 14:29:30.964 | INFO     | Pendulum.PendulumAPP:_processSerialData:120 - 📏 串口长度数据已更新: L22.424187 -> physical_length=22.424187
2025-09-02 14:29:30.965 | INFO     | Pendulum.PendulumAPP:_processSerialData:121 - 🔄 数据来源: 串口接收 -> PendulumState.physical_length
2025-09-02 14:29:31.010 | INFO     | Pendulum.PendulumAPP:_processSerialData:120 - 📏 串口长度数据已更新: L22.424187 -> physical_length=22.424187
2025-09-02 14:29:31.010 | INFO     | Pendulum.PendulumAPP:_processSerialData:121 - 🔄 数据来源: 串口接收 -> PendulumState.physical_length
2025-09-02 14:29:31.057 | INFO     | Pendulum.PendulumAPP:_processSerialData:120 - 📏 串口长度数据已更新: L22.424187 -> physical_length=22.424187
2025-09-02 14:29:31.058 | INFO     | Pendulum.PendulumAPP:_processSerialData:121 - 🔄 数据来源: 串口接收 -> PendulumState.physical_length
2025-09-02 14:29:31.103 | INFO     | Pendulum.PendulumAPP:_processSerialData:120 - 📏 串口长度数据已更新: L22.424187 -> physical_length=22.424187
2025-09-02 14:29:31.104 | INFO     | Pendulum.PendulumAPP:_processSerialData:121 - 🔄 数据来源: 串口接收 -> PendulumState.physical_length
2025-09-02 14:29:31.150 | INFO     | Pendulum.PendulumAPP:_processSerialData:120 - 📏 串口长度数据已更新: L22.424187 -> physical_length=22.424187
2025-09-02 14:29:31.150 | INFO     | Pendulum.PendulumAPP:_processSerialData:121 - 🔄 数据来源: 串口接收 -> PendulumState.physical_length
2025-09-02 14:29:31.196 | INFO     | Pendulum.PendulumAPP:_processSerialData:120 - 📏 串口长度数据已更新: L22.424187 -> physical_length=22.424187
2025-09-02 14:29:31.197 | INFO     | Pendulum.PendulumAPP:_processSerialData:121 - 🔄 数据来源: 串口接收 -> PendulumState.physical_length
2025-09-02 14:29:31.200 | INFO     | Pendulum.SerialConncet:_run:176 - [接收] T2.000000,0.956259,1.908885
2025-09-02 14:29:32.153 | INFO     | Pendulum.SerialConncet:_run:176 - [接收] T3.000000,0.956053,2.864938
2025-09-02 14:29:33.106 | INFO     | Pendulum.SerialConncet:_run:176 - [接收] T4.000000,0.956796,3.821734
2025-09-02 14:29:34.060 | INFO     | Pendulum.SerialConncet:_run:176 - [接收] T5.000000,0.956545,4.778279
2025-09-02 14:29:35.013 | INFO     | Pendulum.SerialConncet:_run:176 - [接收] T6.000000,0.956287,5.734567
2025-09-02 14:29:35.965 | INFO     | Pendulum.SerialConncet:_run:176 - [接收] T7.000000,0.957232,6.691799
2025-09-02 14:29:36.918 | INFO     | Pendulum.SerialConncet:_run:176 - [接收] T8.000000,0.956842,7.648642
2025-09-02 14:29:37.870 | INFO     | Pendulum.SerialConncet:_run:176 - [接收] T9.000000,0.956461,8.605103
2025-09-02 14:29:38.824 | INFO     | Pendulum.SerialConncet:_run:176 - [接收] T10.000000,0.957025,9.562127
2025-09-02 14:29:39.777 | INFO     | Pendulum.SerialConncet:_run:176 - [接收] T11.000000,0.957117,10.519244
2025-09-02 14:29:40.733 | INFO     | Pendulum.SerialConncet:_run:176 - [接收] T12.000000,0.953422,11.472666
2025-09-02 14:29:41.683 | INFO     | Pendulum.SerialConncet:_run:176 - [接收] T13.000000,0.956797,12.429462
2025-09-02 14:29:42.635 | INFO     | Pendulum.SerialConncet:_run:176 - [接收] T14.000000,0.956981,13.386443
2025-09-02 14:29:43.588 | INFO     | Pendulum.SerialConncet:_run:176 - [接收] T15.000000,0.956993,14.343436
2025-09-02 14:29:44.541 | INFO     | Pendulum.SerialConncet:_run:176 - [接收] T16.000000,0.957197,15.300632
2025-09-02 14:29:45.499 | INFO     | Pendulum.SerialConncet:_run:176 - [接收] T17.000000,0.957013,16.257645
2025-09-02 14:29:46.448 | INFO     | Pendulum.SerialConncet:_run:176 - [接收] T18.000000,0.957277,17.214922
2025-09-02 14:29:47.400 | INFO     | Pendulum.SerialConncet:_run:176 - [接收] T19.000000,0.956689,18.171612
2025-09-02 14:29:48.353 | INFO     | Pendulum.SerialConncet:_run:176 - [接收] T20.000000,0.957587,19.129198
2025-09-02 14:29:53.530 | INFO     | Pendulum.PendulumAPP:_keyEventWeb:289 - d1
2025-09-02 14:29:53.532 | INFO     | Pendulum.SerialConncet:send:199 - sendd1
2025-09-02 14:29:53.533 | INFO     | Pendulum.SerialConncet:send:201 - [发送] d1
2025-09-02 14:29:56.401 | INFO     | Pendulum.PendulumAPP:_keyEventWeb:271 - u1
2025-09-02 14:29:56.402 | INFO     | Pendulum.SerialConncet:send:199 - sendu1
2025-09-02 14:29:56.403 | INFO     | Pendulum.SerialConncet:send:201 - [发送] u1
2025-09-02 14:29:57.219 | INFO     | Pendulum.PendulumAPP:_keyEventWeb:274 - u0
2025-09-02 14:29:57.219 | INFO     | Pendulum.SerialConncet:send:199 - sendu0
2025-09-02 14:29:57.221 | INFO     | Pendulum.SerialConncet:send:201 - [发送] u0
2025-09-02 14:29:59.240 | INFO     | Pendulum.PendulumAPP:_keyEventWeb:268 - u2
2025-09-02 14:29:59.241 | INFO     | Pendulum.SerialConncet:send:199 - sendu2
2025-09-02 14:29:59.245 | INFO     | Pendulum.SerialConncet:send:201 - [发送] u2
2025-09-02 14:30:00.570 | INFO     | Pendulum.PendulumAPP:_keyEventWeb:274 - u0
2025-09-02 14:30:00.571 | INFO     | Pendulum.SerialConncet:send:199 - sendu0
2025-09-02 14:30:00.573 | INFO     | Pendulum.SerialConncet:send:201 - [发送] u0
2025-09-02 14:30:01.730 | INFO     | Pendulum.PendulumAPP:_keyEventWeb:286 - d0
2025-09-02 14:30:01.733 | INFO     | Pendulum.SerialConncet:send:199 - sendd0
2025-09-02 14:30:01.734 | INFO     | Pendulum.SerialConncet:send:201 - [发送] d0
2025-09-02 14:30:03.087 | INFO     | Pendulum.PendulumAPP:_keyEventWeb:277 - n2
2025-09-02 14:30:03.088 | INFO     | Pendulum.SerialConncet:send:199 - sendn2
2025-09-02 14:30:03.090 | INFO     | Pendulum.SerialConncet:send:201 - [发送] n2
2025-09-02 14:30:07.375 | INFO     | Pendulum.PendulumAPP:_keyEventWeb:283 - n0
2025-09-02 14:30:07.376 | INFO     | Pendulum.SerialConncet:send:199 - sendn0
2025-09-02 14:30:07.378 | INFO     | Pendulum.SerialConncet:send:201 - [发送] n0
2025-09-02 14:30:08.775 | INFO     | Pendulum.PendulumAPP:_keyEventWeb:246 - ↓
2025-09-02 14:30:08.777 | INFO     | Pendulum.SerialConncet:send:199 - sendm1
2025-09-02 14:30:08.778 | INFO     | Pendulum.SerialConncet:send:201 - [发送] m1
2025-09-02 14:30:08.801 | INFO     | Pendulum.SerialConncet:_run:176 - [接收] L22.449709
2025-09-02 14:30:08.825 | INFO     | Pendulum.SerialConncet:_run:176 - [接收] L22.475229
2025-09-02 14:30:08.842 | INFO     | Pendulum.PendulumAPP:_processSerialData:120 - 📏 串口长度数据已更新: L22.475229 -> physical_length=22.475229
2025-09-02 14:30:08.844 | INFO     | Pendulum.PendulumAPP:_processSerialData:121 - 🔄 数据来源: 串口接收 -> PendulumState.physical_length
2025-09-02 14:30:08.847 | INFO     | Pendulum.SerialConncet:_run:176 - [接收] L22.500750
2025-09-02 14:30:08.865 | INFO     | Pendulum.SerialConncet:_run:176 - [接收] L22.526272
2025-09-02 14:30:08.884 | INFO     | Pendulum.SerialConncet:_run:176 - [接收] L22.551792
2025-09-02 14:30:08.888 | INFO     | Pendulum.PendulumAPP:_processSerialData:120 - 📏 串口长度数据已更新: L22.551792 -> physical_length=22.551792
2025-09-02 14:30:08.889 | INFO     | Pendulum.PendulumAPP:_processSerialData:121 - 🔄 数据来源: 串口接收 -> PendulumState.physical_length
2025-09-02 14:30:08.906 | INFO     | Pendulum.SerialConncet:_run:176 - [接收] L22.577314
2025-09-02 14:30:08.926 | INFO     | Pendulum.SerialConncet:_run:176 - [接收] L22.602833
2025-09-02 14:30:08.933 | INFO     | Pendulum.PendulumAPP:_processSerialData:120 - 📏 串口长度数据已更新: L22.602833 -> physical_length=22.602833
2025-09-02 14:30:08.935 | INFO     | Pendulum.PendulumAPP:_processSerialData:121 - 🔄 数据来源: 串口接收 -> PendulumState.physical_length
2025-09-02 14:30:08.946 | INFO     | Pendulum.SerialConncet:_run:176 - [接收] L22.628355
2025-09-02 14:30:08.969 | INFO     | Pendulum.SerialConncet:_run:176 - [接收] L22.653877
2025-09-02 14:30:08.979 | INFO     | Pendulum.PendulumAPP:_processSerialData:120 - 📏 串口长度数据已更新: L22.653877 -> physical_length=22.653877
2025-09-02 14:30:08.980 | INFO     | Pendulum.PendulumAPP:_processSerialData:121 - 🔄 数据来源: 串口接收 -> PendulumState.physical_length
2025-09-02 14:30:08.988 | INFO     | Pendulum.SerialConncet:_run:176 - [接收] L22.679398
2025-09-02 14:30:09.009 | INFO     | Pendulum.SerialConncet:_run:176 - [接收] L22.704918
2025-09-02 14:30:09.026 | INFO     | Pendulum.PendulumAPP:_processSerialData:120 - 📏 串口长度数据已更新: L22.704918 -> physical_length=22.704918
2025-09-02 14:30:09.027 | INFO     | Pendulum.PendulumAPP:_processSerialData:121 - 🔄 数据来源: 串口接收 -> PendulumState.physical_length
2025-09-02 14:30:09.034 | INFO     | Pendulum.SerialConncet:_run:176 - [接收] L22.730438
2025-09-02 14:30:09.051 | INFO     | Pendulum.SerialConncet:_run:176 - [接收] L22.755960
2025-09-02 14:30:09.072 | INFO     | Pendulum.PendulumAPP:_processSerialData:120 - 📏 串口长度数据已更新: L22.755960 -> physical_length=22.755960
2025-09-02 14:30:09.074 | INFO     | Pendulum.PendulumAPP:_processSerialData:121 - 🔄 数据来源: 串口接收 -> PendulumState.physical_length
2025-09-02 14:30:09.075 | INFO     | Pendulum.SerialConncet:_run:176 - [接收] L22.781481
2025-09-02 14:30:09.096 | INFO     | Pendulum.SerialConncet:_run:176 - [接收] L22.807001
2025-09-02 14:30:09.114 | INFO     | Pendulum.SerialConncet:_run:176 - [接收] L22.832523
2025-09-02 14:30:09.117 | INFO     | Pendulum.PendulumAPP:_processSerialData:120 - 📏 串口长度数据已更新: L22.832523 -> physical_length=22.832523
2025-09-02 14:30:09.119 | INFO     | Pendulum.PendulumAPP:_processSerialData:121 - 🔄 数据来源: 串口接收 -> PendulumState.physical_length
2025-09-02 14:30:09.135 | INFO     | Pendulum.SerialConncet:_run:176 - [接收] L22.858046
2025-09-02 14:30:09.156 | INFO     | Pendulum.SerialConncet:_run:176 - [接收] L22.883564
2025-09-02 14:30:09.163 | INFO     | Pendulum.PendulumAPP:_processSerialData:120 - 📏 串口长度数据已更新: L22.883564 -> physical_length=22.883564
2025-09-02 14:30:09.165 | INFO     | Pendulum.PendulumAPP:_processSerialData:121 - 🔄 数据来源: 串口接收 -> PendulumState.physical_length
2025-09-02 14:30:09.181 | INFO     | Pendulum.SerialConncet:_run:176 - [接收] L22.909086
2025-09-02 14:30:09.198 | INFO     | Pendulum.SerialConncet:_run:176 - [接收] L22.934608
2025-09-02 14:30:09.210 | INFO     | Pendulum.PendulumAPP:_processSerialData:120 - 📏 串口长度数据已更新: L22.934608 -> physical_length=22.934608
2025-09-02 14:30:09.212 | INFO     | Pendulum.PendulumAPP:_processSerialData:121 - 🔄 数据来源: 串口接收 -> PendulumState.physical_length
2025-09-02 14:30:09.218 | INFO     | Pendulum.SerialConncet:_run:176 - [接收] L22.960129
2025-09-02 14:30:09.242 | INFO     | Pendulum.SerialConncet:_run:176 - [接收] L22.985649
2025-09-02 14:30:09.256 | INFO     | Pendulum.PendulumAPP:_processSerialData:120 - 📏 串口长度数据已更新: L22.985649 -> physical_length=22.985649
2025-09-02 14:30:09.261 | INFO     | Pendulum.PendulumAPP:_processSerialData:121 - 🔄 数据来源: 串口接收 -> PendulumState.physical_length
2025-09-02 14:30:09.265 | INFO     | Pendulum.SerialConncet:_run:176 - [接收] L23.011169
2025-09-02 14:30:09.282 | INFO     | Pendulum.SerialConncet:_run:176 - [接收] L23.036692
2025-09-02 14:30:09.302 | INFO     | Pendulum.PendulumAPP:_processSerialData:120 - 📏 串口长度数据已更新: L23.036692 -> physical_length=23.036692
2025-09-02 14:30:09.303 | INFO     | Pendulum.PendulumAPP:_processSerialData:121 - 🔄 数据来源: 串口接收 -> PendulumState.physical_length
2025-09-02 14:30:09.305 | INFO     | Pendulum.SerialConncet:_run:176 - [接收] L23.062212
2025-09-02 14:30:09.324 | INFO     | Pendulum.SerialConncet:_run:176 - [接收] L23.087732
2025-09-02 14:30:09.344 | INFO     | Pendulum.SerialConncet:_run:176 - [接收] L23.113255
2025-09-02 14:30:09.348 | INFO     | Pendulum.PendulumAPP:_processSerialData:120 - 📏 串口长度数据已更新: L23.113255 -> physical_length=23.113255
2025-09-02 14:30:09.350 | INFO     | Pendulum.PendulumAPP:_processSerialData:121 - 🔄 数据来源: 串口接收 -> PendulumState.physical_length
2025-09-02 14:30:09.365 | INFO     | Pendulum.SerialConncet:_run:176 - [接收] L23.138775
2025-09-02 14:30:09.388 | INFO     | Pendulum.SerialConncet:_run:176 - [接收] L23.164295
2025-09-02 14:30:09.394 | INFO     | Pendulum.PendulumAPP:_processSerialData:120 - 📏 串口长度数据已更新: L23.164295 -> physical_length=23.164295
2025-09-02 14:30:09.396 | INFO     | Pendulum.PendulumAPP:_processSerialData:121 - 🔄 数据来源: 串口接收 -> PendulumState.physical_length
2025-09-02 14:30:09.407 | INFO     | Pendulum.SerialConncet:_run:176 - [接收] L23.189817
2025-09-02 14:30:09.428 | INFO     | Pendulum.SerialConncet:_run:176 - [接收] L23.215338
2025-09-02 14:30:09.441 | INFO     | Pendulum.PendulumAPP:_processSerialData:120 - 📏 串口长度数据已更新: L23.215338 -> physical_length=23.215338
2025-09-02 14:30:09.442 | INFO     | Pendulum.PendulumAPP:_processSerialData:121 - 🔄 数据来源: 串口接收 -> PendulumState.physical_length
2025-09-02 14:30:09.449 | INFO     | Pendulum.SerialConncet:_run:176 - [接收] L23.240860
2025-09-02 14:30:09.471 | INFO     | Pendulum.SerialConncet:_run:176 - [接收] L23.266380
2025-09-02 14:30:09.487 | INFO     | Pendulum.PendulumAPP:_processSerialData:120 - 📏 串口长度数据已更新: L23.266380 -> physical_length=23.266380
2025-09-02 14:30:09.488 | INFO     | Pendulum.PendulumAPP:_processSerialData:121 - 🔄 数据来源: 串口接收 -> PendulumState.physical_length
2025-09-02 14:30:09.490 | INFO     | Pendulum.SerialConncet:_run:176 - [接收] L23.291901
2025-09-02 14:30:09.511 | INFO     | Pendulum.SerialConncet:_run:176 - [接收] L23.317423
2025-09-02 14:30:09.533 | INFO     | Pendulum.PendulumAPP:_processSerialData:120 - 📏 串口长度数据已更新: L23.317423 -> physical_length=23.317423
2025-09-02 14:30:09.534 | INFO     | Pendulum.SerialConncet:_run:176 - [接收] L23.342943
2025-09-02 14:30:09.534 | INFO     | Pendulum.PendulumAPP:_processSerialData:121 - 🔄 数据来源: 串口接收 -> PendulumState.physical_length
2025-09-02 14:30:09.554 | INFO     | Pendulum.SerialConncet:_run:176 - [接收] L23.368464
2025-09-02 14:30:09.576 | INFO     | Pendulum.SerialConncet:_run:176 - [接收] L23.393986
2025-09-02 14:30:09.580 | INFO     | Pendulum.PendulumAPP:_processSerialData:120 - 📏 串口长度数据已更新: L23.393986 -> physical_length=23.393986
2025-09-02 14:30:09.581 | INFO     | Pendulum.PendulumAPP:_processSerialData:121 - 🔄 数据来源: 串口接收 -> PendulumState.physical_length
2025-09-02 14:30:09.597 | INFO     | Pendulum.SerialConncet:_run:176 - [接收] L23.419506
2025-09-02 14:30:09.617 | INFO     | Pendulum.SerialConncet:_run:176 - [接收] L23.445026
2025-09-02 14:30:09.626 | INFO     | Pendulum.PendulumAPP:_processSerialData:120 - 📏 串口长度数据已更新: L23.445026 -> physical_length=23.445026
2025-09-02 14:30:09.628 | INFO     | Pendulum.PendulumAPP:_processSerialData:121 - 🔄 数据来源: 串口接收 -> PendulumState.physical_length
2025-09-02 14:30:09.638 | INFO     | Pendulum.SerialConncet:_run:176 - [接收] L23.470549
2025-09-02 14:30:09.658 | INFO     | Pendulum.SerialConncet:_run:176 - [接收] L23.496069
2025-09-02 14:30:09.674 | INFO     | Pendulum.PendulumAPP:_processSerialData:120 - 📏 串口长度数据已更新: L23.496069 -> physical_length=23.496069
2025-09-02 14:30:09.676 | INFO     | Pendulum.PendulumAPP:_processSerialData:121 - 🔄 数据来源: 串口接收 -> PendulumState.physical_length
2025-09-02 14:30:09.678 | INFO     | Pendulum.SerialConncet:_run:176 - [接收] L23.521591
2025-09-02 14:30:09.700 | INFO     | Pendulum.SerialConncet:_run:176 - [接收] L23.547110
2025-09-02 14:30:09.719 | INFO     | Pendulum.PendulumAPP:_processSerialData:120 - 📏 串口长度数据已更新: L23.547110 -> physical_length=23.547110
2025-09-02 14:30:09.721 | INFO     | Pendulum.PendulumAPP:_processSerialData:121 - 🔄 数据来源: 串口接收 -> PendulumState.physical_length
2025-09-02 14:30:09.723 | INFO     | Pendulum.SerialConncet:_run:176 - [接收] L23.572632
2025-09-02 14:30:09.741 | INFO     | Pendulum.SerialConncet:_run:176 - [接收] L23.598154
2025-09-02 14:30:09.762 | INFO     | Pendulum.SerialConncet:_run:176 - [接收] L23.623674
2025-09-02 14:30:09.765 | INFO     | Pendulum.PendulumAPP:_processSerialData:120 - 📏 串口长度数据已更新: L23.623674 -> physical_length=23.623674
2025-09-02 14:30:09.768 | INFO     | Pendulum.PendulumAPP:_processSerialData:121 - 🔄 数据来源: 串口接收 -> PendulumState.physical_length
2025-09-02 14:30:09.784 | INFO     | Pendulum.SerialConncet:_run:176 - [接收] L23.649195
2025-09-02 14:30:09.804 | INFO     | Pendulum.SerialConncet:_run:176 - [接收] L23.674717
2025-09-02 14:30:09.811 | INFO     | Pendulum.PendulumAPP:_processSerialData:120 - 📏 串口长度数据已更新: L23.674717 -> physical_length=23.674717
2025-09-02 14:30:09.812 | INFO     | Pendulum.PendulumAPP:_processSerialData:121 - 🔄 数据来源: 串口接收 -> PendulumState.physical_length
2025-09-02 14:30:09.826 | INFO     | Pendulum.SerialConncet:_run:176 - [接收] L23.700237
2025-09-02 14:30:09.846 | INFO     | Pendulum.SerialConncet:_run:176 - [接收] L23.725758
2025-09-02 14:30:09.858 | INFO     | Pendulum.PendulumAPP:_processSerialData:120 - 📏 串口长度数据已更新: L23.725758 -> physical_length=23.725758
2025-09-02 14:30:09.858 | INFO     | Pendulum.PendulumAPP:_processSerialData:121 - 🔄 数据来源: 串口接收 -> PendulumState.physical_length
2025-09-02 14:30:09.867 | INFO     | Pendulum.SerialConncet:_run:176 - [接收] L23.751280
2025-09-02 14:30:09.893 | INFO     | Pendulum.SerialConncet:_run:176 - [接收] L23.776800
2025-09-02 14:30:09.905 | INFO     | Pendulum.PendulumAPP:_processSerialData:120 - 📏 串口长度数据已更新: L23.776800 -> physical_length=23.776800
2025-09-02 14:30:09.906 | INFO     | Pendulum.PendulumAPP:_processSerialData:121 - 🔄 数据来源: 串口接收 -> PendulumState.physical_length
2025-09-02 14:30:09.909 | INFO     | Pendulum.SerialConncet:_run:176 - [接收] L23.802322
2025-09-02 14:30:09.930 | INFO     | Pendulum.SerialConncet:_run:176 - [接收] L23.827841
2025-09-02 14:30:09.951 | INFO     | Pendulum.PendulumAPP:_processSerialData:120 - 📏 串口长度数据已更新: L23.827841 -> physical_length=23.827841
2025-09-02 14:30:09.951 | INFO     | Pendulum.SerialConncet:_run:176 - [接收] L23.853363
2025-09-02 14:30:09.952 | INFO     | Pendulum.PendulumAPP:_processSerialData:121 - 🔄 数据来源: 串口接收 -> PendulumState.physical_length
2025-09-02 14:30:09.973 | INFO     | Pendulum.SerialConncet:_run:176 - [接收] L23.878885
2025-09-02 14:30:09.993 | INFO     | Pendulum.SerialConncet:_run:176 - [接收] L23.904406
2025-09-02 14:30:09.998 | INFO     | Pendulum.PendulumAPP:_processSerialData:120 - 📏 串口长度数据已更新: L23.904406 -> physical_length=23.904406
2025-09-02 14:30:09.999 | INFO     | Pendulum.PendulumAPP:_processSerialData:121 - 🔄 数据来源: 串口接收 -> PendulumState.physical_length
2025-09-02 14:30:10.014 | INFO     | Pendulum.SerialConncet:_run:176 - [接收] L23.929926
2025-09-02 14:30:10.035 | INFO     | Pendulum.SerialConncet:_run:176 - [接收] L23.955446
2025-09-02 14:30:10.044 | INFO     | Pendulum.PendulumAPP:_processSerialData:120 - 📏 串口长度数据已更新: L23.955446 -> physical_length=23.955446
2025-09-02 14:30:10.044 | INFO     | Pendulum.PendulumAPP:_processSerialData:121 - 🔄 数据来源: 串口接收 -> PendulumState.physical_length
2025-09-02 14:30:10.058 | INFO     | Pendulum.SerialConncet:_run:176 - [接收] L23.980968
2025-09-02 14:30:10.078 | INFO     | Pendulum.SerialConncet:_run:176 - [接收] L24.006489
2025-09-02 14:30:10.081 | INFO     | Pendulum.PendulumAPP:_keyEventWeb:249 - stop
2025-09-02 14:30:10.082 | INFO     | Pendulum.SerialConncet:send:199 - sendm0
2025-09-02 14:30:10.083 | INFO     | Pendulum.SerialConncet:send:201 - [发送] m0
2025-09-02 14:30:10.091 | INFO     | Pendulum.PendulumAPP:_processSerialData:120 - 📏 串口长度数据已更新: L24.006489 -> physical_length=24.006489
2025-09-02 14:30:10.092 | INFO     | Pendulum.PendulumAPP:_processSerialData:121 - 🔄 数据来源: 串口接收 -> PendulumState.physical_length
2025-09-02 14:30:10.097 | INFO     | Pendulum.SerialConncet:_run:176 - [接收] L24.032009
2025-09-02 14:30:10.137 | INFO     | Pendulum.PendulumAPP:_processSerialData:120 - 📏 串口长度数据已更新: L24.032009 -> physical_length=24.032009
2025-09-02 14:30:10.139 | INFO     | Pendulum.PendulumAPP:_processSerialData:121 - 🔄 数据来源: 串口接收 -> PendulumState.physical_length
2025-09-02 14:30:10.186 | INFO     | Pendulum.PendulumAPP:_processSerialData:120 - 📏 串口长度数据已更新: L24.032009 -> physical_length=24.032009
2025-09-02 14:30:10.188 | INFO     | Pendulum.PendulumAPP:_processSerialData:121 - 🔄 数据来源: 串口接收 -> PendulumState.physical_length
2025-09-02 14:30:10.230 | INFO     | Pendulum.PendulumAPP:_processSerialData:120 - 📏 串口长度数据已更新: L24.032009 -> physical_length=24.032009
2025-09-02 14:30:10.231 | INFO     | Pendulum.PendulumAPP:_processSerialData:121 - 🔄 数据来源: 串口接收 -> PendulumState.physical_length
2025-09-02 14:30:10.276 | INFO     | Pendulum.PendulumAPP:_processSerialData:120 - 📏 串口长度数据已更新: L24.032009 -> physical_length=24.032009
2025-09-02 14:30:10.277 | INFO     | Pendulum.PendulumAPP:_processSerialData:121 - 🔄 数据来源: 串口接收 -> PendulumState.physical_length
2025-09-02 14:30:10.321 | INFO     | Pendulum.PendulumAPP:_processSerialData:120 - 📏 串口长度数据已更新: L24.032009 -> physical_length=24.032009
2025-09-02 14:30:10.322 | INFO     | Pendulum.PendulumAPP:_processSerialData:121 - 🔄 数据来源: 串口接收 -> PendulumState.physical_length
2025-09-02 14:30:10.367 | INFO     | Pendulum.PendulumAPP:_processSerialData:120 - 📏 串口长度数据已更新: L24.032009 -> physical_length=24.032009
2025-09-02 14:30:10.368 | INFO     | Pendulum.PendulumAPP:_processSerialData:121 - 🔄 数据来源: 串口接收 -> PendulumState.physical_length
2025-09-02 14:30:10.414 | INFO     | Pendulum.PendulumAPP:_processSerialData:120 - 📏 串口长度数据已更新: L24.032009 -> physical_length=24.032009
2025-09-02 14:30:10.415 | INFO     | Pendulum.PendulumAPP:_processSerialData:121 - 🔄 数据来源: 串口接收 -> PendulumState.physical_length
2025-09-02 14:30:10.460 | INFO     | Pendulum.PendulumAPP:_processSerialData:120 - 📏 串口长度数据已更新: L24.032009 -> physical_length=24.032009
2025-09-02 14:30:10.461 | INFO     | Pendulum.PendulumAPP:_processSerialData:121 - 🔄 数据来源: 串口接收 -> PendulumState.physical_length
2025-09-02 14:30:10.508 | INFO     | Pendulum.PendulumAPP:_processSerialData:120 - 📏 串口长度数据已更新: L24.032009 -> physical_length=24.032009
2025-09-02 14:30:10.509 | INFO     | Pendulum.PendulumAPP:_processSerialData:121 - 🔄 数据来源: 串口接收 -> PendulumState.physical_length
2025-09-02 14:30:10.554 | INFO     | Pendulum.PendulumAPP:_processSerialData:120 - 📏 串口长度数据已更新: L24.032009 -> physical_length=24.032009
2025-09-02 14:30:10.556 | INFO     | Pendulum.PendulumAPP:_processSerialData:121 - 🔄 数据来源: 串口接收 -> PendulumState.physical_length
2025-09-02 14:30:10.600 | INFO     | Pendulum.PendulumAPP:_processSerialData:120 - 📏 串口长度数据已更新: L24.032009 -> physical_length=24.032009
2025-09-02 14:30:10.601 | INFO     | Pendulum.PendulumAPP:_processSerialData:121 - 🔄 数据来源: 串口接收 -> PendulumState.physical_length
2025-09-02 14:30:10.647 | INFO     | Pendulum.PendulumAPP:_processSerialData:120 - 📏 串口长度数据已更新: L24.032009 -> physical_length=24.032009
2025-09-02 14:30:10.648 | INFO     | Pendulum.PendulumAPP:_processSerialData:121 - 🔄 数据来源: 串口接收 -> PendulumState.physical_length
2025-09-02 14:30:10.694 | INFO     | Pendulum.PendulumAPP:_processSerialData:120 - 📏 串口长度数据已更新: L24.032009 -> physical_length=24.032009
2025-09-02 14:30:10.696 | INFO     | Pendulum.PendulumAPP:_processSerialData:121 - 🔄 数据来源: 串口接收 -> PendulumState.physical_length
2025-09-02 14:30:10.740 | INFO     | Pendulum.PendulumAPP:_processSerialData:120 - 📏 串口长度数据已更新: L24.032009 -> physical_length=24.032009
2025-09-02 14:30:10.740 | INFO     | Pendulum.PendulumAPP:_processSerialData:121 - 🔄 数据来源: 串口接收 -> PendulumState.physical_length
2025-09-02 14:30:10.791 | INFO     | Pendulum.PendulumAPP:_processSerialData:120 - 📏 串口长度数据已更新: L24.032009 -> physical_length=24.032009
2025-09-02 14:30:10.795 | INFO     | Pendulum.PendulumAPP:_processSerialData:121 - 🔄 数据来源: 串口接收 -> PendulumState.physical_length
2025-09-02 14:30:10.834 | INFO     | Pendulum.PendulumAPP:_processSerialData:120 - 📏 串口长度数据已更新: L24.032009 -> physical_length=24.032009
2025-09-02 14:30:10.836 | INFO     | Pendulum.PendulumAPP:_processSerialData:121 - 🔄 数据来源: 串口接收 -> PendulumState.physical_length
2025-09-02 14:30:10.868 | INFO     | Pendulum.PendulumAPP:_keyEventWeb:246 - ↓
2025-09-02 14:30:10.870 | INFO     | Pendulum.SerialConncet:send:199 - sendm1
2025-09-02 14:30:10.874 | INFO     | Pendulum.SerialConncet:send:201 - [发送] m1
2025-09-02 14:30:10.880 | INFO     | Pendulum.PendulumAPP:_processSerialData:120 - 📏 串口长度数据已更新: L24.032009 -> physical_length=24.032009
2025-09-02 14:30:10.880 | INFO     | Pendulum.PendulumAPP:_processSerialData:121 - 🔄 数据来源: 串口接收 -> PendulumState.physical_length
2025-09-02 14:30:10.896 | INFO     | Pendulum.SerialConncet:_run:176 - [接收] L24.057531
2025-09-02 14:30:10.917 | INFO     | Pendulum.SerialConncet:_run:176 - [接收] L24.083054
2025-09-02 14:30:10.927 | INFO     | Pendulum.PendulumAPP:_processSerialData:120 - 📏 串口长度数据已更新: L24.083054 -> physical_length=24.083054
2025-09-02 14:30:10.928 | INFO     | Pendulum.PendulumAPP:_processSerialData:121 - 🔄 数据来源: 串口接收 -> PendulumState.physical_length
2025-09-02 14:30:10.938 | INFO     | Pendulum.SerialConncet:_run:176 - [接收] L24.108572
2025-09-02 14:30:10.959 | INFO     | Pendulum.SerialConncet:_run:176 - [接收] L24.134094
2025-09-02 14:30:10.973 | INFO     | Pendulum.PendulumAPP:_processSerialData:120 - 📏 串口长度数据已更新: L24.134094 -> physical_length=24.134094
2025-09-02 14:30:10.974 | INFO     | Pendulum.PendulumAPP:_processSerialData:121 - 🔄 数据来源: 串口接收 -> PendulumState.physical_length
2025-09-02 14:30:10.980 | INFO     | Pendulum.SerialConncet:_run:176 - [接收] L24.159616
2025-09-02 14:30:11.002 | INFO     | Pendulum.SerialConncet:_run:176 - [接收] L24.185137
2025-09-02 14:30:11.020 | INFO     | Pendulum.PendulumAPP:_processSerialData:120 - 📏 串口长度数据已更新: L24.185137 -> physical_length=24.185137
2025-09-02 14:30:11.021 | INFO     | Pendulum.PendulumAPP:_processSerialData:121 - 🔄 数据来源: 串口接收 -> PendulumState.physical_length
2025-09-02 14:30:11.022 | INFO     | Pendulum.SerialConncet:_run:176 - [接收] L24.210657
2025-09-02 14:30:11.043 | INFO     | Pendulum.SerialConncet:_run:176 - [接收] L24.236177
2025-09-02 14:30:11.064 | INFO     | Pendulum.SerialConncet:_run:176 - [接收] L24.261700
2025-09-02 14:30:11.066 | INFO     | Pendulum.PendulumAPP:_processSerialData:120 - 📏 串口长度数据已更新: L24.261700 -> physical_length=24.261700
2025-09-02 14:30:11.068 | INFO     | Pendulum.PendulumAPP:_processSerialData:121 - 🔄 数据来源: 串口接收 -> PendulumState.physical_length
2025-09-02 14:30:11.085 | INFO     | Pendulum.SerialConncet:_run:176 - [接收] L24.287220
2025-09-02 14:30:11.105 | INFO     | Pendulum.SerialConncet:_run:176 - [接收] L24.312740
2025-09-02 14:30:11.113 | INFO     | Pendulum.PendulumAPP:_processSerialData:120 - 📏 串口长度数据已更新: L24.312740 -> physical_length=24.312740
2025-09-02 14:30:11.114 | INFO     | Pendulum.PendulumAPP:_processSerialData:121 - 🔄 数据来源: 串口接收 -> PendulumState.physical_length
2025-09-02 14:30:11.126 | INFO     | Pendulum.SerialConncet:_run:176 - [接收] L24.338263
2025-09-02 14:30:11.148 | INFO     | Pendulum.SerialConncet:_run:176 - [接收] L24.363783
2025-09-02 14:30:11.159 | INFO     | Pendulum.PendulumAPP:_processSerialData:120 - 📏 串口长度数据已更新: L24.363783 -> physical_length=24.363783
2025-09-02 14:30:11.161 | INFO     | Pendulum.PendulumAPP:_processSerialData:121 - 🔄 数据来源: 串口接收 -> PendulumState.physical_length
2025-09-02 14:30:11.169 | INFO     | Pendulum.SerialConncet:_run:176 - [接收] L24.389303
2025-09-02 14:30:11.189 | INFO     | Pendulum.SerialConncet:_run:176 - [接收] L24.414825
2025-09-02 14:30:11.206 | INFO     | Pendulum.PendulumAPP:_processSerialData:120 - 📏 串口长度数据已更新: L24.414825 -> physical_length=24.414825
2025-09-02 14:30:11.208 | INFO     | Pendulum.PendulumAPP:_processSerialData:121 - 🔄 数据来源: 串口接收 -> PendulumState.physical_length
2025-09-02 14:30:11.212 | INFO     | Pendulum.SerialConncet:_run:176 - [接收] L24.440346
2025-09-02 14:30:11.231 | INFO     | Pendulum.SerialConncet:_run:176 - [接收] L24.465868
2025-09-02 14:30:11.248 | INFO     | Pendulum.PendulumAPP:_keyEventWeb:249 - stop
2025-09-02 14:30:11.248 | INFO     | Pendulum.SerialConncet:send:199 - sendm0
2025-09-02 14:30:11.249 | INFO     | Pendulum.SerialConncet:send:201 - [发送] m0
2025-09-02 14:30:11.252 | INFO     | Pendulum.SerialConncet:_run:176 - [接收] L24.491388
2025-09-02 14:30:11.253 | INFO     | Pendulum.PendulumAPP:_processSerialData:120 - 📏 串口长度数据已更新: L24.491388 -> physical_length=24.491388
2025-09-02 14:30:11.255 | INFO     | Pendulum.PendulumAPP:_processSerialData:121 - 🔄 数据来源: 串口接收 -> PendulumState.physical_length
2025-09-02 14:30:11.299 | INFO     | Pendulum.PendulumAPP:_processSerialData:120 - 📏 串口长度数据已更新: L24.491388 -> physical_length=24.491388
2025-09-02 14:30:11.300 | INFO     | Pendulum.PendulumAPP:_processSerialData:121 - 🔄 数据来源: 串口接收 -> PendulumState.physical_length
2025-09-02 14:30:11.346 | INFO     | Pendulum.PendulumAPP:_processSerialData:120 - 📏 串口长度数据已更新: L24.491388 -> physical_length=24.491388
2025-09-02 14:30:11.347 | INFO     | Pendulum.PendulumAPP:_processSerialData:121 - 🔄 数据来源: 串口接收 -> PendulumState.physical_length
2025-09-02 14:30:11.392 | INFO     | Pendulum.PendulumAPP:_processSerialData:120 - 📏 串口长度数据已更新: L24.491388 -> physical_length=24.491388
2025-09-02 14:30:11.393 | INFO     | Pendulum.PendulumAPP:_processSerialData:121 - 🔄 数据来源: 串口接收 -> PendulumState.physical_length
2025-09-02 14:30:11.439 | INFO     | Pendulum.PendulumAPP:_processSerialData:120 - 📏 串口长度数据已更新: L24.491388 -> physical_length=24.491388
2025-09-02 14:30:11.440 | INFO     | Pendulum.PendulumAPP:_processSerialData:121 - 🔄 数据来源: 串口接收 -> PendulumState.physical_length
2025-09-02 14:30:11.485 | INFO     | Pendulum.PendulumAPP:_processSerialData:120 - 📏 串口长度数据已更新: L24.491388 -> physical_length=24.491388
2025-09-02 14:30:11.486 | INFO     | Pendulum.PendulumAPP:_processSerialData:121 - 🔄 数据来源: 串口接收 -> PendulumState.physical_length
2025-09-02 14:30:11.531 | INFO     | Pendulum.PendulumAPP:_processSerialData:120 - 📏 串口长度数据已更新: L24.491388 -> physical_length=24.491388
2025-09-02 14:30:11.532 | INFO     | Pendulum.PendulumAPP:_processSerialData:121 - 🔄 数据来源: 串口接收 -> PendulumState.physical_length
2025-09-02 14:30:11.578 | INFO     | Pendulum.PendulumAPP:_processSerialData:120 - 📏 串口长度数据已更新: L24.491388 -> physical_length=24.491388
2025-09-02 14:30:11.580 | INFO     | Pendulum.PendulumAPP:_processSerialData:121 - 🔄 数据来源: 串口接收 -> PendulumState.physical_length
2025-09-02 14:30:11.624 | INFO     | Pendulum.PendulumAPP:_processSerialData:120 - 📏 串口长度数据已更新: L24.491388 -> physical_length=24.491388
2025-09-02 14:30:11.625 | INFO     | Pendulum.PendulumAPP:_processSerialData:121 - 🔄 数据来源: 串口接收 -> PendulumState.physical_length
2025-09-02 14:30:11.671 | INFO     | Pendulum.PendulumAPP:_processSerialData:120 - 📏 串口长度数据已更新: L24.491388 -> physical_length=24.491388
2025-09-02 14:30:11.674 | INFO     | Pendulum.PendulumAPP:_processSerialData:121 - 🔄 数据来源: 串口接收 -> PendulumState.physical_length
2025-09-02 14:30:11.717 | INFO     | Pendulum.PendulumAPP:_processSerialData:120 - 📏 串口长度数据已更新: L24.491388 -> physical_length=24.491388
2025-09-02 14:30:11.718 | INFO     | Pendulum.PendulumAPP:_processSerialData:121 - 🔄 数据来源: 串口接收 -> PendulumState.physical_length
2025-09-02 14:30:11.764 | INFO     | Pendulum.PendulumAPP:_processSerialData:120 - 📏 串口长度数据已更新: L24.491388 -> physical_length=24.491388
2025-09-02 14:30:11.764 | INFO     | Pendulum.PendulumAPP:_processSerialData:121 - 🔄 数据来源: 串口接收 -> PendulumState.physical_length
2025-09-02 14:30:11.811 | INFO     | Pendulum.PendulumAPP:_processSerialData:120 - 📏 串口长度数据已更新: L24.491388 -> physical_length=24.491388
2025-09-02 14:30:11.813 | INFO     | Pendulum.PendulumAPP:_processSerialData:121 - 🔄 数据来源: 串口接收 -> PendulumState.physical_length
2025-09-02 14:30:11.858 | INFO     | Pendulum.PendulumAPP:_processSerialData:120 - 📏 串口长度数据已更新: L24.491388 -> physical_length=24.491388
2025-09-02 14:30:11.858 | INFO     | Pendulum.PendulumAPP:_processSerialData:121 - 🔄 数据来源: 串口接收 -> PendulumState.physical_length
2025-09-02 14:30:11.904 | INFO     | Pendulum.PendulumAPP:_processSerialData:120 - 📏 串口长度数据已更新: L24.491388 -> physical_length=24.491388
2025-09-02 14:30:11.905 | INFO     | Pendulum.PendulumAPP:_processSerialData:121 - 🔄 数据来源: 串口接收 -> PendulumState.physical_length
2025-09-02 14:30:11.951 | INFO     | Pendulum.PendulumAPP:_processSerialData:120 - 📏 串口长度数据已更新: L24.491388 -> physical_length=24.491388
2025-09-02 14:30:11.952 | INFO     | Pendulum.PendulumAPP:_processSerialData:121 - 🔄 数据来源: 串口接收 -> PendulumState.physical_length
2025-09-02 14:30:11.998 | INFO     | Pendulum.PendulumAPP:_processSerialData:120 - 📏 串口长度数据已更新: L24.491388 -> physical_length=24.491388
2025-09-02 14:30:11.998 | INFO     | Pendulum.PendulumAPP:_processSerialData:121 - 🔄 数据来源: 串口接收 -> PendulumState.physical_length
2025-09-02 14:30:12.045 | INFO     | Pendulum.PendulumAPP:_processSerialData:120 - 📏 串口长度数据已更新: L24.491388 -> physical_length=24.491388
2025-09-02 14:30:12.046 | INFO     | Pendulum.PendulumAPP:_processSerialData:121 - 🔄 数据来源: 串口接收 -> PendulumState.physical_length
2025-09-02 14:30:12.091 | INFO     | Pendulum.PendulumAPP:_processSerialData:120 - 📏 串口长度数据已更新: L24.491388 -> physical_length=24.491388
2025-09-02 14:30:12.093 | INFO     | Pendulum.PendulumAPP:_processSerialData:121 - 🔄 数据来源: 串口接收 -> PendulumState.physical_length
2025-09-02 14:30:12.138 | INFO     | Pendulum.PendulumAPP:_processSerialData:120 - 📏 串口长度数据已更新: L24.491388 -> physical_length=24.491388
2025-09-02 14:30:12.139 | INFO     | Pendulum.PendulumAPP:_processSerialData:121 - 🔄 数据来源: 串口接收 -> PendulumState.physical_length
2025-09-02 14:30:12.185 | INFO     | Pendulum.PendulumAPP:_processSerialData:120 - 📏 串口长度数据已更新: L24.491388 -> physical_length=24.491388
2025-09-02 14:30:12.186 | INFO     | Pendulum.PendulumAPP:_processSerialData:121 - 🔄 数据来源: 串口接收 -> PendulumState.physical_length
2025-09-02 14:30:12.232 | INFO     | Pendulum.PendulumAPP:_processSerialData:120 - 📏 串口长度数据已更新: L24.491388 -> physical_length=24.491388
2025-09-02 14:30:12.232 | INFO     | Pendulum.PendulumAPP:_processSerialData:121 - 🔄 数据来源: 串口接收 -> PendulumState.physical_length
2025-09-02 14:30:12.278 | INFO     | Pendulum.PendulumAPP:_processSerialData:120 - 📏 串口长度数据已更新: L24.491388 -> physical_length=24.491388
2025-09-02 14:30:12.278 | INFO     | Pendulum.PendulumAPP:_processSerialData:121 - 🔄 数据来源: 串口接收 -> PendulumState.physical_length
2025-09-02 14:30:12.324 | INFO     | Pendulum.PendulumAPP:_processSerialData:120 - 📏 串口长度数据已更新: L24.491388 -> physical_length=24.491388
2025-09-02 14:30:12.324 | INFO     | Pendulum.PendulumAPP:_processSerialData:121 - 🔄 数据来源: 串口接收 -> PendulumState.physical_length
2025-09-02 14:30:12.371 | INFO     | Pendulum.PendulumAPP:_processSerialData:120 - 📏 串口长度数据已更新: L24.491388 -> physical_length=24.491388
2025-09-02 14:30:12.372 | INFO     | Pendulum.PendulumAPP:_processSerialData:121 - 🔄 数据来源: 串口接收 -> PendulumState.physical_length
2025-09-02 14:30:12.417 | INFO     | Pendulum.PendulumAPP:_processSerialData:120 - 📏 串口长度数据已更新: L24.491388 -> physical_length=24.491388
2025-09-02 14:30:12.418 | INFO     | Pendulum.PendulumAPP:_processSerialData:121 - 🔄 数据来源: 串口接收 -> PendulumState.physical_length
2025-09-02 14:30:12.463 | INFO     | Pendulum.PendulumAPP:_processSerialData:120 - 📏 串口长度数据已更新: L24.491388 -> physical_length=24.491388
2025-09-02 14:30:12.464 | INFO     | Pendulum.PendulumAPP:_processSerialData:121 - 🔄 数据来源: 串口接收 -> PendulumState.physical_length
2025-09-02 14:30:12.510 | INFO     | Pendulum.PendulumAPP:_processSerialData:120 - 📏 串口长度数据已更新: L24.491388 -> physical_length=24.491388
2025-09-02 14:30:12.511 | INFO     | Pendulum.PendulumAPP:_processSerialData:121 - 🔄 数据来源: 串口接收 -> PendulumState.physical_length
2025-09-02 14:30:12.557 | INFO     | Pendulum.PendulumAPP:_processSerialData:120 - 📏 串口长度数据已更新: L24.491388 -> physical_length=24.491388
2025-09-02 14:30:12.558 | INFO     | Pendulum.PendulumAPP:_processSerialData:121 - 🔄 数据来源: 串口接收 -> PendulumState.physical_length
2025-09-02 14:30:12.604 | INFO     | Pendulum.PendulumAPP:_processSerialData:120 - 📏 串口长度数据已更新: L24.491388 -> physical_length=24.491388
2025-09-02 14:30:12.605 | INFO     | Pendulum.PendulumAPP:_processSerialData:121 - 🔄 数据来源: 串口接收 -> PendulumState.physical_length
2025-09-02 14:30:12.651 | INFO     | Pendulum.PendulumAPP:_processSerialData:120 - 📏 串口长度数据已更新: L24.491388 -> physical_length=24.491388
2025-09-02 14:30:12.652 | INFO     | Pendulum.PendulumAPP:_processSerialData:121 - 🔄 数据来源: 串口接收 -> PendulumState.physical_length
2025-09-02 14:30:12.698 | INFO     | Pendulum.PendulumAPP:_processSerialData:120 - 📏 串口长度数据已更新: L24.491388 -> physical_length=24.491388
2025-09-02 14:30:12.699 | INFO     | Pendulum.PendulumAPP:_processSerialData:121 - 🔄 数据来源: 串口接收 -> PendulumState.physical_length
2025-09-02 14:30:12.745 | INFO     | Pendulum.PendulumAPP:_processSerialData:120 - 📏 串口长度数据已更新: L24.491388 -> physical_length=24.491388
2025-09-02 14:30:12.748 | INFO     | Pendulum.PendulumAPP:_processSerialData:121 - 🔄 数据来源: 串口接收 -> PendulumState.physical_length
2025-09-02 14:30:12.793 | INFO     | Pendulum.PendulumAPP:_processSerialData:120 - 📏 串口长度数据已更新: L24.491388 -> physical_length=24.491388
2025-09-02 14:30:12.793 | INFO     | Pendulum.PendulumAPP:_processSerialData:121 - 🔄 数据来源: 串口接收 -> PendulumState.physical_length
2025-09-02 14:30:12.837 | INFO     | Pendulum.PendulumAPP:_processSerialData:120 - 📏 串口长度数据已更新: L24.491388 -> physical_length=24.491388
2025-09-02 14:30:12.837 | INFO     | Pendulum.PendulumAPP:_processSerialData:121 - 🔄 数据来源: 串口接收 -> PendulumState.physical_length
2025-09-02 14:30:12.883 | INFO     | Pendulum.PendulumAPP:_processSerialData:120 - 📏 串口长度数据已更新: L24.491388 -> physical_length=24.491388
2025-09-02 14:30:12.884 | INFO     | Pendulum.PendulumAPP:_processSerialData:121 - 🔄 数据来源: 串口接收 -> PendulumState.physical_length
2025-09-02 14:30:12.929 | INFO     | Pendulum.PendulumAPP:_processSerialData:120 - 📏 串口长度数据已更新: L24.491388 -> physical_length=24.491388
2025-09-02 14:30:12.930 | INFO     | Pendulum.PendulumAPP:_processSerialData:121 - 🔄 数据来源: 串口接收 -> PendulumState.physical_length
2025-09-02 14:30:12.975 | INFO     | Pendulum.PendulumAPP:_processSerialData:120 - 📏 串口长度数据已更新: L24.491388 -> physical_length=24.491388
2025-09-02 14:30:12.977 | INFO     | Pendulum.PendulumAPP:_processSerialData:121 - 🔄 数据来源: 串口接收 -> PendulumState.physical_length
2025-09-02 14:30:13.022 | INFO     | Pendulum.PendulumAPP:_processSerialData:120 - 📏 串口长度数据已更新: L24.491388 -> physical_length=24.491388
2025-09-02 14:30:13.023 | INFO     | Pendulum.PendulumAPP:_processSerialData:121 - 🔄 数据来源: 串口接收 -> PendulumState.physical_length
2025-09-02 14:30:13.070 | INFO     | Pendulum.PendulumAPP:_processSerialData:120 - 📏 串口长度数据已更新: L24.491388 -> physical_length=24.491388
2025-09-02 14:30:13.071 | INFO     | Pendulum.PendulumAPP:_processSerialData:121 - 🔄 数据来源: 串口接收 -> PendulumState.physical_length
2025-09-02 14:30:13.115 | INFO     | Pendulum.PendulumAPP:_processSerialData:120 - 📏 串口长度数据已更新: L24.491388 -> physical_length=24.491388
2025-09-02 14:30:13.116 | INFO     | Pendulum.PendulumAPP:_processSerialData:121 - 🔄 数据来源: 串口接收 -> PendulumState.physical_length
2025-09-02 14:30:13.161 | INFO     | Pendulum.PendulumAPP:_processSerialData:120 - 📏 串口长度数据已更新: L24.491388 -> physical_length=24.491388
2025-09-02 14:30:13.162 | INFO     | Pendulum.PendulumAPP:_processSerialData:121 - 🔄 数据来源: 串口接收 -> PendulumState.physical_length
2025-09-02 14:30:13.209 | INFO     | Pendulum.PendulumAPP:_processSerialData:120 - 📏 串口长度数据已更新: L24.491388 -> physical_length=24.491388
2025-09-02 14:30:13.210 | INFO     | Pendulum.PendulumAPP:_processSerialData:121 - 🔄 数据来源: 串口接收 -> PendulumState.physical_length
2025-09-02 14:30:13.255 | INFO     | Pendulum.PendulumAPP:_processSerialData:120 - 📏 串口长度数据已更新: L24.491388 -> physical_length=24.491388
2025-09-02 14:30:13.257 | INFO     | Pendulum.PendulumAPP:_processSerialData:121 - 🔄 数据来源: 串口接收 -> PendulumState.physical_length
2025-09-02 14:30:13.301 | INFO     | Pendulum.PendulumAPP:_processSerialData:120 - 📏 串口长度数据已更新: L24.491388 -> physical_length=24.491388
2025-09-02 14:30:13.302 | INFO     | Pendulum.PendulumAPP:_processSerialData:121 - 🔄 数据来源: 串口接收 -> PendulumState.physical_length
2025-09-02 14:30:13.346 | INFO     | Pendulum.PendulumAPP:_processSerialData:120 - 📏 串口长度数据已更新: L24.491388 -> physical_length=24.491388
2025-09-02 14:30:13.348 | INFO     | Pendulum.PendulumAPP:_processSerialData:121 - 🔄 数据来源: 串口接收 -> PendulumState.physical_length
2025-09-02 14:30:13.392 | INFO     | Pendulum.PendulumAPP:_processSerialData:120 - 📏 串口长度数据已更新: L24.491388 -> physical_length=24.491388
2025-09-02 14:30:13.393 | INFO     | Pendulum.PendulumAPP:_processSerialData:121 - 🔄 数据来源: 串口接收 -> PendulumState.physical_length
2025-09-02 14:30:13.439 | INFO     | Pendulum.PendulumAPP:_processSerialData:120 - 📏 串口长度数据已更新: L24.491388 -> physical_length=24.491388
2025-09-02 14:30:13.440 | INFO     | Pendulum.PendulumAPP:_processSerialData:121 - 🔄 数据来源: 串口接收 -> PendulumState.physical_length
2025-09-02 14:30:13.485 | INFO     | Pendulum.PendulumAPP:_processSerialData:120 - 📏 串口长度数据已更新: L24.491388 -> physical_length=24.491388
2025-09-02 14:30:13.485 | INFO     | Pendulum.PendulumAPP:_processSerialData:121 - 🔄 数据来源: 串口接收 -> PendulumState.physical_length
2025-09-02 14:30:13.533 | INFO     | Pendulum.PendulumAPP:_processSerialData:120 - 📏 串口长度数据已更新: L24.491388 -> physical_length=24.491388
2025-09-02 14:30:13.533 | INFO     | Pendulum.PendulumAPP:_processSerialData:121 - 🔄 数据来源: 串口接收 -> PendulumState.physical_length
2025-09-02 14:30:13.578 | INFO     | Pendulum.PendulumAPP:_processSerialData:120 - 📏 串口长度数据已更新: L24.491388 -> physical_length=24.491388
2025-09-02 14:30:13.580 | INFO     | Pendulum.PendulumAPP:_processSerialData:121 - 🔄 数据来源: 串口接收 -> PendulumState.physical_length
2025-09-02 14:30:13.626 | INFO     | Pendulum.PendulumAPP:_processSerialData:120 - 📏 串口长度数据已更新: L24.491388 -> physical_length=24.491388
2025-09-02 14:30:13.628 | INFO     | Pendulum.PendulumAPP:_processSerialData:121 - 🔄 数据来源: 串口接收 -> PendulumState.physical_length
2025-09-02 14:30:13.671 | INFO     | Pendulum.PendulumAPP:_processSerialData:120 - 📏 串口长度数据已更新: L24.491388 -> physical_length=24.491388
2025-09-02 14:30:13.673 | INFO     | Pendulum.PendulumAPP:_processSerialData:121 - 🔄 数据来源: 串口接收 -> PendulumState.physical_length
2025-09-02 14:30:13.720 | INFO     | Pendulum.PendulumAPP:_processSerialData:120 - 📏 串口长度数据已更新: L24.491388 -> physical_length=24.491388
2025-09-02 14:30:13.722 | INFO     | Pendulum.PendulumAPP:_processSerialData:121 - 🔄 数据来源: 串口接收 -> PendulumState.physical_length
2025-09-02 14:30:13.763 | INFO     | Pendulum.PendulumAPP:_processSerialData:120 - 📏 串口长度数据已更新: L24.491388 -> physical_length=24.491388
2025-09-02 14:30:13.766 | INFO     | Pendulum.PendulumAPP:_processSerialData:121 - 🔄 数据来源: 串口接收 -> PendulumState.physical_length
2025-09-02 14:30:13.810 | INFO     | Pendulum.PendulumAPP:_processSerialData:120 - 📏 串口长度数据已更新: L24.491388 -> physical_length=24.491388
2025-09-02 14:30:13.813 | INFO     | Pendulum.PendulumAPP:_processSerialData:121 - 🔄 数据来源: 串口接收 -> PendulumState.physical_length
2025-09-02 14:30:13.857 | INFO     | Pendulum.PendulumAPP:_processSerialData:120 - 📏 串口长度数据已更新: L24.491388 -> physical_length=24.491388
2025-09-02 14:30:13.858 | INFO     | Pendulum.PendulumAPP:_processSerialData:121 - 🔄 数据来源: 串口接收 -> PendulumState.physical_length
2025-09-02 14:30:13.903 | INFO     | Pendulum.PendulumAPP:_processSerialData:120 - 📏 串口长度数据已更新: L24.491388 -> physical_length=24.491388
2025-09-02 14:30:13.904 | INFO     | Pendulum.PendulumAPP:_processSerialData:121 - 🔄 数据来源: 串口接收 -> PendulumState.physical_length
2025-09-02 14:30:13.949 | INFO     | Pendulum.PendulumAPP:_processSerialData:120 - 📏 串口长度数据已更新: L24.491388 -> physical_length=24.491388
2025-09-02 14:30:13.951 | INFO     | Pendulum.PendulumAPP:_processSerialData:121 - 🔄 数据来源: 串口接收 -> PendulumState.physical_length
2025-09-02 14:30:13.995 | INFO     | Pendulum.PendulumAPP:_processSerialData:120 - 📏 串口长度数据已更新: L24.491388 -> physical_length=24.491388
2025-09-02 14:30:13.995 | INFO     | Pendulum.PendulumAPP:_processSerialData:121 - 🔄 数据来源: 串口接收 -> PendulumState.physical_length
2025-09-02 14:30:14.042 | INFO     | Pendulum.PendulumAPP:_processSerialData:120 - 📏 串口长度数据已更新: L24.491388 -> physical_length=24.491388
2025-09-02 14:30:14.043 | INFO     | Pendulum.PendulumAPP:_processSerialData:121 - 🔄 数据来源: 串口接收 -> PendulumState.physical_length
2025-09-02 14:30:14.087 | INFO     | Pendulum.PendulumAPP:_processSerialData:120 - 📏 串口长度数据已更新: L24.491388 -> physical_length=24.491388
2025-09-02 14:30:14.088 | INFO     | Pendulum.PendulumAPP:_processSerialData:121 - 🔄 数据来源: 串口接收 -> PendulumState.physical_length
2025-09-02 14:30:14.124 | INFO     | Pendulum.PendulumAPP:_keyEventWeb:271 - u1
2025-09-02 14:30:14.125 | INFO     | Pendulum.SerialConncet:send:199 - sendu1
2025-09-02 14:30:14.126 | INFO     | Pendulum.SerialConncet:send:201 - [发送] u1
2025-09-02 14:30:14.134 | INFO     | Pendulum.PendulumAPP:_processSerialData:120 - 📏 串口长度数据已更新: L24.491388 -> physical_length=24.491388
2025-09-02 14:30:14.136 | INFO     | Pendulum.PendulumAPP:_processSerialData:121 - 🔄 数据来源: 串口接收 -> PendulumState.physical_length
2025-09-02 14:30:14.180 | INFO     | Pendulum.PendulumAPP:_processSerialData:120 - 📏 串口长度数据已更新: L24.491388 -> physical_length=24.491388
2025-09-02 14:30:14.182 | INFO     | Pendulum.PendulumAPP:_processSerialData:121 - 🔄 数据来源: 串口接收 -> PendulumState.physical_length
2025-09-02 14:30:14.244 | INFO     | Pendulum.PendulumAPP:_processSerialData:120 - 📏 串口长度数据已更新: L24.491388 -> physical_length=24.491388
2025-09-02 14:30:14.245 | INFO     | Pendulum.PendulumAPP:_processSerialData:121 - 🔄 数据来源: 串口接收 -> PendulumState.physical_length
2025-09-02 14:30:14.292 | INFO     | Pendulum.PendulumAPP:_processSerialData:120 - 📏 串口长度数据已更新: L24.491388 -> physical_length=24.491388
2025-09-02 14:30:14.293 | INFO     | Pendulum.PendulumAPP:_processSerialData:121 - 🔄 数据来源: 串口接收 -> PendulumState.physical_length
2025-09-02 14:30:14.337 | INFO     | Pendulum.PendulumAPP:_processSerialData:120 - 📏 串口长度数据已更新: L24.491388 -> physical_length=24.491388
2025-09-02 14:30:14.339 | INFO     | Pendulum.PendulumAPP:_processSerialData:121 - 🔄 数据来源: 串口接收 -> PendulumState.physical_length
2025-09-02 14:30:14.383 | INFO     | Pendulum.PendulumAPP:_processSerialData:120 - 📏 串口长度数据已更新: L24.491388 -> physical_length=24.491388
2025-09-02 14:30:14.384 | INFO     | Pendulum.PendulumAPP:_processSerialData:121 - 🔄 数据来源: 串口接收 -> PendulumState.physical_length
2025-09-02 14:30:14.430 | INFO     | Pendulum.PendulumAPP:_processSerialData:120 - 📏 串口长度数据已更新: L24.491388 -> physical_length=24.491388
2025-09-02 14:30:14.431 | INFO     | Pendulum.PendulumAPP:_processSerialData:121 - 🔄 数据来源: 串口接收 -> PendulumState.physical_length
2025-09-02 14:30:14.476 | INFO     | Pendulum.PendulumAPP:_processSerialData:120 - 📏 串口长度数据已更新: L24.491388 -> physical_length=24.491388
2025-09-02 14:30:14.477 | INFO     | Pendulum.PendulumAPP:_processSerialData:121 - 🔄 数据来源: 串口接收 -> PendulumState.physical_length
2025-09-02 14:30:14.524 | INFO     | Pendulum.PendulumAPP:_processSerialData:120 - 📏 串口长度数据已更新: L24.491388 -> physical_length=24.491388
2025-09-02 14:30:14.524 | INFO     | Pendulum.PendulumAPP:_processSerialData:121 - 🔄 数据来源: 串口接收 -> PendulumState.physical_length
2025-09-02 14:30:14.570 | INFO     | Pendulum.PendulumAPP:_processSerialData:120 - 📏 串口长度数据已更新: L24.491388 -> physical_length=24.491388
2025-09-02 14:30:14.572 | INFO     | Pendulum.PendulumAPP:_processSerialData:121 - 🔄 数据来源: 串口接收 -> PendulumState.physical_length
2025-09-02 14:30:14.615 | INFO     | Pendulum.PendulumAPP:_processSerialData:120 - 📏 串口长度数据已更新: L24.491388 -> physical_length=24.491388
2025-09-02 14:30:14.617 | INFO     | Pendulum.PendulumAPP:_processSerialData:121 - 🔄 数据来源: 串口接收 -> PendulumState.physical_length
2025-09-02 14:30:14.661 | INFO     | Pendulum.PendulumAPP:_processSerialData:120 - 📏 串口长度数据已更新: L24.491388 -> physical_length=24.491388
2025-09-02 14:30:14.662 | INFO     | Pendulum.PendulumAPP:_processSerialData:121 - 🔄 数据来源: 串口接收 -> PendulumState.physical_length
2025-09-02 14:30:14.708 | INFO     | Pendulum.PendulumAPP:_processSerialData:120 - 📏 串口长度数据已更新: L24.491388 -> physical_length=24.491388
2025-09-02 14:30:14.709 | INFO     | Pendulum.PendulumAPP:_processSerialData:121 - 🔄 数据来源: 串口接收 -> PendulumState.physical_length
2025-09-02 14:30:14.756 | INFO     | Pendulum.PendulumAPP:_processSerialData:120 - 📏 串口长度数据已更新: L24.491388 -> physical_length=24.491388
2025-09-02 14:30:14.758 | INFO     | Pendulum.PendulumAPP:_processSerialData:121 - 🔄 数据来源: 串口接收 -> PendulumState.physical_length
2025-09-02 14:30:14.803 | INFO     | Pendulum.PendulumAPP:_processSerialData:120 - 📏 串口长度数据已更新: L24.491388 -> physical_length=24.491388
2025-09-02 14:30:14.804 | INFO     | Pendulum.PendulumAPP:_processSerialData:121 - 🔄 数据来源: 串口接收 -> PendulumState.physical_length
2025-09-02 14:30:14.850 | INFO     | Pendulum.PendulumAPP:_processSerialData:120 - 📏 串口长度数据已更新: L24.491388 -> physical_length=24.491388
2025-09-02 14:30:14.851 | INFO     | Pendulum.PendulumAPP:_processSerialData:121 - 🔄 数据来源: 串口接收 -> PendulumState.physical_length
2025-09-02 14:30:14.896 | INFO     | Pendulum.PendulumAPP:_processSerialData:120 - 📏 串口长度数据已更新: L24.491388 -> physical_length=24.491388
2025-09-02 14:30:14.897 | INFO     | Pendulum.PendulumAPP:_processSerialData:121 - 🔄 数据来源: 串口接收 -> PendulumState.physical_length
2025-09-02 14:30:14.941 | INFO     | Pendulum.PendulumAPP:_processSerialData:120 - 📏 串口长度数据已更新: L24.491388 -> physical_length=24.491388
2025-09-02 14:30:14.941 | INFO     | Pendulum.PendulumAPP:_processSerialData:121 - 🔄 数据来源: 串口接收 -> PendulumState.physical_length
2025-09-02 14:30:14.987 | INFO     | Pendulum.PendulumAPP:_processSerialData:120 - 📏 串口长度数据已更新: L24.491388 -> physical_length=24.491388
2025-09-02 14:30:14.989 | INFO     | Pendulum.PendulumAPP:_processSerialData:121 - 🔄 数据来源: 串口接收 -> PendulumState.physical_length
2025-09-02 14:30:15.035 | INFO     | Pendulum.PendulumAPP:_processSerialData:120 - 📏 串口长度数据已更新: L24.491388 -> physical_length=24.491388
2025-09-02 14:30:15.036 | INFO     | Pendulum.PendulumAPP:_processSerialData:121 - 🔄 数据来源: 串口接收 -> PendulumState.physical_length
2025-09-02 14:30:15.083 | INFO     | Pendulum.PendulumAPP:_processSerialData:120 - 📏 串口长度数据已更新: L24.491388 -> physical_length=24.491388
2025-09-02 14:30:15.084 | INFO     | Pendulum.PendulumAPP:_processSerialData:121 - 🔄 数据来源: 串口接收 -> PendulumState.physical_length
2025-09-02 14:30:15.130 | INFO     | Pendulum.PendulumAPP:_processSerialData:120 - 📏 串口长度数据已更新: L24.491388 -> physical_length=24.491388
2025-09-02 14:30:15.132 | INFO     | Pendulum.PendulumAPP:_processSerialData:121 - 🔄 数据来源: 串口接收 -> PendulumState.physical_length
2025-09-02 14:30:15.176 | INFO     | Pendulum.PendulumAPP:_processSerialData:120 - 📏 串口长度数据已更新: L24.491388 -> physical_length=24.491388
2025-09-02 14:30:15.177 | INFO     | Pendulum.PendulumAPP:_processSerialData:121 - 🔄 数据来源: 串口接收 -> PendulumState.physical_length
2025-09-02 14:30:15.222 | INFO     | Pendulum.PendulumAPP:_processSerialData:120 - 📏 串口长度数据已更新: L24.491388 -> physical_length=24.491388
2025-09-02 14:30:15.223 | INFO     | Pendulum.PendulumAPP:_processSerialData:121 - 🔄 数据来源: 串口接收 -> PendulumState.physical_length
2025-09-02 14:30:15.268 | INFO     | Pendulum.PendulumAPP:_processSerialData:120 - 📏 串口长度数据已更新: L24.491388 -> physical_length=24.491388
2025-09-02 14:30:15.270 | INFO     | Pendulum.PendulumAPP:_processSerialData:121 - 🔄 数据来源: 串口接收 -> PendulumState.physical_length
2025-09-02 14:30:15.315 | INFO     | Pendulum.PendulumAPP:_processSerialData:120 - 📏 串口长度数据已更新: L24.491388 -> physical_length=24.491388
2025-09-02 14:30:15.317 | INFO     | Pendulum.PendulumAPP:_processSerialData:121 - 🔄 数据来源: 串口接收 -> PendulumState.physical_length
2025-09-02 14:30:15.361 | INFO     | Pendulum.PendulumAPP:_processSerialData:120 - 📏 串口长度数据已更新: L24.491388 -> physical_length=24.491388
2025-09-02 14:30:15.362 | INFO     | Pendulum.PendulumAPP:_processSerialData:121 - 🔄 数据来源: 串口接收 -> PendulumState.physical_length
2025-09-02 14:30:15.407 | INFO     | Pendulum.PendulumAPP:_processSerialData:120 - 📏 串口长度数据已更新: L24.491388 -> physical_length=24.491388
2025-09-02 14:30:15.409 | INFO     | Pendulum.PendulumAPP:_processSerialData:121 - 🔄 数据来源: 串口接收 -> PendulumState.physical_length
2025-09-02 14:30:15.453 | INFO     | Pendulum.PendulumAPP:_processSerialData:120 - 📏 串口长度数据已更新: L24.491388 -> physical_length=24.491388
2025-09-02 14:30:15.454 | INFO     | Pendulum.PendulumAPP:_processSerialData:121 - 🔄 数据来源: 串口接收 -> PendulumState.physical_length
2025-09-02 14:30:15.500 | INFO     | Pendulum.PendulumAPP:_processSerialData:120 - 📏 串口长度数据已更新: L24.491388 -> physical_length=24.491388
2025-09-02 14:30:15.501 | INFO     | Pendulum.PendulumAPP:_processSerialData:121 - 🔄 数据来源: 串口接收 -> PendulumState.physical_length
2025-09-02 14:30:15.546 | INFO     | Pendulum.PendulumAPP:_processSerialData:120 - 📏 串口长度数据已更新: L24.491388 -> physical_length=24.491388
2025-09-02 14:30:15.548 | INFO     | Pendulum.PendulumAPP:_processSerialData:121 - 🔄 数据来源: 串口接收 -> PendulumState.physical_length
2025-09-02 14:30:15.593 | INFO     | Pendulum.PendulumAPP:_processSerialData:120 - 📏 串口长度数据已更新: L24.491388 -> physical_length=24.491388
2025-09-02 14:30:15.593 | INFO     | Pendulum.PendulumAPP:_processSerialData:121 - 🔄 数据来源: 串口接收 -> PendulumState.physical_length
2025-09-02 14:30:15.639 | INFO     | Pendulum.PendulumAPP:_processSerialData:120 - 📏 串口长度数据已更新: L24.491388 -> physical_length=24.491388
2025-09-02 14:30:15.640 | INFO     | Pendulum.PendulumAPP:_processSerialData:121 - 🔄 数据来源: 串口接收 -> PendulumState.physical_length
2025-09-02 14:30:15.685 | INFO     | Pendulum.PendulumAPP:_processSerialData:120 - 📏 串口长度数据已更新: L24.491388 -> physical_length=24.491388
2025-09-02 14:30:15.686 | INFO     | Pendulum.PendulumAPP:_processSerialData:121 - 🔄 数据来源: 串口接收 -> PendulumState.physical_length
2025-09-02 14:30:15.732 | INFO     | Pendulum.PendulumAPP:_processSerialData:120 - 📏 串口长度数据已更新: L24.491388 -> physical_length=24.491388
2025-09-02 14:30:15.733 | INFO     | Pendulum.PendulumAPP:_processSerialData:121 - 🔄 数据来源: 串口接收 -> PendulumState.physical_length
2025-09-02 14:30:15.779 | INFO     | Pendulum.PendulumAPP:_processSerialData:120 - 📏 串口长度数据已更新: L24.491388 -> physical_length=24.491388
2025-09-02 14:30:15.780 | INFO     | Pendulum.PendulumAPP:_processSerialData:121 - 🔄 数据来源: 串口接收 -> PendulumState.physical_length
2025-09-02 14:30:15.827 | INFO     | Pendulum.PendulumAPP:_processSerialData:120 - 📏 串口长度数据已更新: L24.491388 -> physical_length=24.491388
2025-09-02 14:30:15.827 | INFO     | Pendulum.PendulumAPP:_processSerialData:121 - 🔄 数据来源: 串口接收 -> PendulumState.physical_length
2025-09-02 14:30:15.874 | INFO     | Pendulum.PendulumAPP:_processSerialData:120 - 📏 串口长度数据已更新: L24.491388 -> physical_length=24.491388
2025-09-02 14:30:15.875 | INFO     | Pendulum.PendulumAPP:_processSerialData:121 - 🔄 数据来源: 串口接收 -> PendulumState.physical_length
2025-09-02 14:30:15.919 | INFO     | Pendulum.PendulumAPP:_processSerialData:120 - 📏 串口长度数据已更新: L24.491388 -> physical_length=24.491388
2025-09-02 14:30:15.920 | INFO     | Pendulum.PendulumAPP:_processSerialData:121 - 🔄 数据来源: 串口接收 -> PendulumState.physical_length
2025-09-02 14:30:15.965 | INFO     | Pendulum.PendulumAPP:_processSerialData:120 - 📏 串口长度数据已更新: L24.491388 -> physical_length=24.491388
2025-09-02 14:30:15.966 | INFO     | Pendulum.PendulumAPP:_processSerialData:121 - 🔄 数据来源: 串口接收 -> PendulumState.physical_length
2025-09-02 14:30:16.012 | INFO     | Pendulum.PendulumAPP:_processSerialData:120 - 📏 串口长度数据已更新: L24.491388 -> physical_length=24.491388
2025-09-02 14:30:16.012 | INFO     | Pendulum.PendulumAPP:_processSerialData:121 - 🔄 数据来源: 串口接收 -> PendulumState.physical_length
2025-09-02 14:30:16.059 | INFO     | Pendulum.PendulumAPP:_processSerialData:120 - 📏 串口长度数据已更新: L24.491388 -> physical_length=24.491388
2025-09-02 14:30:16.061 | INFO     | Pendulum.PendulumAPP:_processSerialData:121 - 🔄 数据来源: 串口接收 -> PendulumState.physical_length
2025-09-02 14:30:16.105 | INFO     | Pendulum.PendulumAPP:_processSerialData:120 - 📏 串口长度数据已更新: L24.491388 -> physical_length=24.491388
2025-09-02 14:30:16.105 | INFO     | Pendulum.PendulumAPP:_processSerialData:121 - 🔄 数据来源: 串口接收 -> PendulumState.physical_length
2025-09-02 14:30:16.152 | INFO     | Pendulum.PendulumAPP:_processSerialData:120 - 📏 串口长度数据已更新: L24.491388 -> physical_length=24.491388
2025-09-02 14:30:16.152 | INFO     | Pendulum.PendulumAPP:_processSerialData:121 - 🔄 数据来源: 串口接收 -> PendulumState.physical_length
2025-09-02 14:30:16.197 | INFO     | Pendulum.PendulumAPP:_processSerialData:120 - 📏 串口长度数据已更新: L24.491388 -> physical_length=24.491388
2025-09-02 14:30:16.198 | INFO     | Pendulum.PendulumAPP:_processSerialData:121 - 🔄 数据来源: 串口接收 -> PendulumState.physical_length
2025-09-02 14:30:16.243 | INFO     | Pendulum.PendulumAPP:_processSerialData:120 - 📏 串口长度数据已更新: L24.491388 -> physical_length=24.491388
2025-09-02 14:30:16.244 | INFO     | Pendulum.PendulumAPP:_processSerialData:121 - 🔄 数据来源: 串口接收 -> PendulumState.physical_length
2025-09-02 14:30:16.290 | INFO     | Pendulum.PendulumAPP:_processSerialData:120 - 📏 串口长度数据已更新: L24.491388 -> physical_length=24.491388
2025-09-02 14:30:16.290 | INFO     | Pendulum.PendulumAPP:_processSerialData:121 - 🔄 数据来源: 串口接收 -> PendulumState.physical_length
2025-09-02 14:30:16.338 | INFO     | Pendulum.PendulumAPP:_processSerialData:120 - 📏 串口长度数据已更新: L24.491388 -> physical_length=24.491388
2025-09-02 14:30:16.340 | INFO     | Pendulum.PendulumAPP:_processSerialData:121 - 🔄 数据来源: 串口接收 -> PendulumState.physical_length
2025-09-02 14:30:16.384 | INFO     | Pendulum.PendulumAPP:_processSerialData:120 - 📏 串口长度数据已更新: L24.491388 -> physical_length=24.491388
2025-09-02 14:30:16.385 | INFO     | Pendulum.PendulumAPP:_processSerialData:121 - 🔄 数据来源: 串口接收 -> PendulumState.physical_length
2025-09-02 14:30:16.431 | INFO     | Pendulum.PendulumAPP:_processSerialData:120 - 📏 串口长度数据已更新: L24.491388 -> physical_length=24.491388
2025-09-02 14:30:16.432 | INFO     | Pendulum.PendulumAPP:_processSerialData:121 - 🔄 数据来源: 串口接收 -> PendulumState.physical_length
2025-09-02 14:30:16.477 | INFO     | Pendulum.PendulumAPP:_processSerialData:120 - 📏 串口长度数据已更新: L24.491388 -> physical_length=24.491388
2025-09-02 14:30:16.477 | INFO     | Pendulum.PendulumAPP:_processSerialData:121 - 🔄 数据来源: 串口接收 -> PendulumState.physical_length
2025-09-02 14:30:16.524 | INFO     | Pendulum.PendulumAPP:_processSerialData:120 - 📏 串口长度数据已更新: L24.491388 -> physical_length=24.491388
2025-09-02 14:30:16.525 | INFO     | Pendulum.PendulumAPP:_processSerialData:121 - 🔄 数据来源: 串口接收 -> PendulumState.physical_length
2025-09-02 14:30:16.570 | INFO     | Pendulum.PendulumAPP:_processSerialData:120 - 📏 串口长度数据已更新: L24.491388 -> physical_length=24.491388
2025-09-02 14:30:16.571 | INFO     | Pendulum.PendulumAPP:_processSerialData:121 - 🔄 数据来源: 串口接收 -> PendulumState.physical_length
2025-09-02 14:30:16.618 | INFO     | Pendulum.PendulumAPP:_processSerialData:120 - 📏 串口长度数据已更新: L24.491388 -> physical_length=24.491388
2025-09-02 14:30:16.618 | INFO     | Pendulum.PendulumAPP:_processSerialData:121 - 🔄 数据来源: 串口接收 -> PendulumState.physical_length
2025-09-02 14:30:16.663 | INFO     | Pendulum.PendulumAPP:_processSerialData:120 - 📏 串口长度数据已更新: L24.491388 -> physical_length=24.491388
2025-09-02 14:30:16.665 | INFO     | Pendulum.PendulumAPP:_processSerialData:121 - 🔄 数据来源: 串口接收 -> PendulumState.physical_length
2025-09-02 14:30:16.709 | INFO     | Pendulum.PendulumAPP:_processSerialData:120 - 📏 串口长度数据已更新: L24.491388 -> physical_length=24.491388
2025-09-02 14:30:16.709 | INFO     | Pendulum.PendulumAPP:_processSerialData:121 - 🔄 数据来源: 串口接收 -> PendulumState.physical_length
2025-09-02 14:30:16.756 | INFO     | Pendulum.PendulumAPP:_processSerialData:120 - 📏 串口长度数据已更新: L24.491388 -> physical_length=24.491388
2025-09-02 14:30:16.758 | INFO     | Pendulum.PendulumAPP:_processSerialData:121 - 🔄 数据来源: 串口接收 -> PendulumState.physical_length
2025-09-02 14:30:16.802 | INFO     | Pendulum.PendulumAPP:_processSerialData:120 - 📏 串口长度数据已更新: L24.491388 -> physical_length=24.491388
2025-09-02 14:30:16.803 | INFO     | Pendulum.PendulumAPP:_processSerialData:121 - 🔄 数据来源: 串口接收 -> PendulumState.physical_length
2025-09-02 14:30:16.848 | INFO     | Pendulum.PendulumAPP:_processSerialData:120 - 📏 串口长度数据已更新: L24.491388 -> physical_length=24.491388
2025-09-02 14:30:16.848 | INFO     | Pendulum.PendulumAPP:_processSerialData:121 - 🔄 数据来源: 串口接收 -> PendulumState.physical_length
2025-09-02 14:30:16.894 | INFO     | Pendulum.PendulumAPP:_processSerialData:120 - 📏 串口长度数据已更新: L24.491388 -> physical_length=24.491388
2025-09-02 14:30:16.895 | INFO     | Pendulum.PendulumAPP:_processSerialData:121 - 🔄 数据来源: 串口接收 -> PendulumState.physical_length
2025-09-02 14:30:16.941 | INFO     | Pendulum.PendulumAPP:_processSerialData:120 - 📏 串口长度数据已更新: L24.491388 -> physical_length=24.491388
2025-09-02 14:30:16.942 | INFO     | Pendulum.PendulumAPP:_processSerialData:121 - 🔄 数据来源: 串口接收 -> PendulumState.physical_length
2025-09-02 14:30:16.989 | INFO     | Pendulum.PendulumAPP:_processSerialData:120 - 📏 串口长度数据已更新: L24.491388 -> physical_length=24.491388
2025-09-02 14:30:16.990 | INFO     | Pendulum.PendulumAPP:_processSerialData:121 - 🔄 数据来源: 串口接收 -> PendulumState.physical_length
2025-09-02 14:30:17.035 | INFO     | Pendulum.PendulumAPP:_processSerialData:120 - 📏 串口长度数据已更新: L24.491388 -> physical_length=24.491388
2025-09-02 14:30:17.036 | INFO     | Pendulum.PendulumAPP:_processSerialData:121 - 🔄 数据来源: 串口接收 -> PendulumState.physical_length
2025-09-02 14:30:17.081 | INFO     | Pendulum.PendulumAPP:_processSerialData:120 - 📏 串口长度数据已更新: L24.491388 -> physical_length=24.491388
2025-09-02 14:30:17.081 | INFO     | Pendulum.PendulumAPP:_processSerialData:121 - 🔄 数据来源: 串口接收 -> PendulumState.physical_length
2025-09-02 14:30:17.128 | INFO     | Pendulum.PendulumAPP:_processSerialData:120 - 📏 串口长度数据已更新: L24.491388 -> physical_length=24.491388
2025-09-02 14:30:17.129 | INFO     | Pendulum.PendulumAPP:_processSerialData:121 - 🔄 数据来源: 串口接收 -> PendulumState.physical_length
2025-09-02 14:30:17.174 | INFO     | Pendulum.PendulumAPP:_processSerialData:120 - 📏 串口长度数据已更新: L24.491388 -> physical_length=24.491388
2025-09-02 14:30:17.175 | INFO     | Pendulum.PendulumAPP:_processSerialData:121 - 🔄 数据来源: 串口接收 -> PendulumState.physical_length
2025-09-02 14:30:17.220 | INFO     | Pendulum.PendulumAPP:_processSerialData:120 - 📏 串口长度数据已更新: L24.491388 -> physical_length=24.491388
2025-09-02 14:30:17.221 | INFO     | Pendulum.PendulumAPP:_processSerialData:121 - 🔄 数据来源: 串口接收 -> PendulumState.physical_length
2025-09-02 14:30:17.266 | INFO     | Pendulum.PendulumAPP:_processSerialData:120 - 📏 串口长度数据已更新: L24.491388 -> physical_length=24.491388
2025-09-02 14:30:17.267 | INFO     | Pendulum.PendulumAPP:_processSerialData:121 - 🔄 数据来源: 串口接收 -> PendulumState.physical_length
2025-09-02 14:30:17.311 | INFO     | Pendulum.PendulumAPP:_processSerialData:120 - 📏 串口长度数据已更新: L24.491388 -> physical_length=24.491388
2025-09-02 14:30:17.312 | INFO     | Pendulum.PendulumAPP:_processSerialData:121 - 🔄 数据来源: 串口接收 -> PendulumState.physical_length
2025-09-02 14:30:17.358 | INFO     | Pendulum.PendulumAPP:_processSerialData:120 - 📏 串口长度数据已更新: L24.491388 -> physical_length=24.491388
2025-09-02 14:30:17.358 | INFO     | Pendulum.PendulumAPP:_processSerialData:121 - 🔄 数据来源: 串口接收 -> PendulumState.physical_length
2025-09-02 14:30:17.404 | INFO     | Pendulum.PendulumAPP:_processSerialData:120 - 📏 串口长度数据已更新: L24.491388 -> physical_length=24.491388
2025-09-02 14:30:17.406 | INFO     | Pendulum.PendulumAPP:_processSerialData:121 - 🔄 数据来源: 串口接收 -> PendulumState.physical_length
2025-09-02 14:30:17.451 | INFO     | Pendulum.PendulumAPP:_processSerialData:120 - 📏 串口长度数据已更新: L24.491388 -> physical_length=24.491388
2025-09-02 14:30:17.452 | INFO     | Pendulum.PendulumAPP:_processSerialData:121 - 🔄 数据来源: 串口接收 -> PendulumState.physical_length
2025-09-02 14:30:17.498 | INFO     | Pendulum.PendulumAPP:_processSerialData:120 - 📏 串口长度数据已更新: L24.491388 -> physical_length=24.491388
2025-09-02 14:30:17.500 | INFO     | Pendulum.PendulumAPP:_processSerialData:121 - 🔄 数据来源: 串口接收 -> PendulumState.physical_length
2025-09-02 14:30:17.546 | INFO     | Pendulum.PendulumAPP:_processSerialData:120 - 📏 串口长度数据已更新: L24.491388 -> physical_length=24.491388
2025-09-02 14:30:17.549 | INFO     | Pendulum.PendulumAPP:_processSerialData:121 - 🔄 数据来源: 串口接收 -> PendulumState.physical_length
2025-09-02 14:30:17.593 | INFO     | Pendulum.PendulumAPP:_processSerialData:120 - 📏 串口长度数据已更新: L24.491388 -> physical_length=24.491388
2025-09-02 14:30:17.594 | INFO     | Pendulum.PendulumAPP:_processSerialData:121 - 🔄 数据来源: 串口接收 -> PendulumState.physical_length
2025-09-02 14:30:17.639 | INFO     | Pendulum.PendulumAPP:_processSerialData:120 - 📏 串口长度数据已更新: L24.491388 -> physical_length=24.491388
2025-09-02 14:30:17.641 | INFO     | Pendulum.PendulumAPP:_processSerialData:121 - 🔄 数据来源: 串口接收 -> PendulumState.physical_length
2025-09-02 14:30:17.685 | INFO     | Pendulum.PendulumAPP:_processSerialData:120 - 📏 串口长度数据已更新: L24.491388 -> physical_length=24.491388
2025-09-02 14:30:17.687 | INFO     | Pendulum.PendulumAPP:_processSerialData:121 - 🔄 数据来源: 串口接收 -> PendulumState.physical_length
2025-09-02 14:30:17.731 | INFO     | Pendulum.PendulumAPP:_processSerialData:120 - 📏 串口长度数据已更新: L24.491388 -> physical_length=24.491388
2025-09-02 14:30:17.732 | INFO     | Pendulum.PendulumAPP:_processSerialData:121 - 🔄 数据来源: 串口接收 -> PendulumState.physical_length
2025-09-02 14:30:17.777 | INFO     | Pendulum.PendulumAPP:_processSerialData:120 - 📏 串口长度数据已更新: L24.491388 -> physical_length=24.491388
2025-09-02 14:30:17.778 | INFO     | Pendulum.PendulumAPP:_processSerialData:121 - 🔄 数据来源: 串口接收 -> PendulumState.physical_length
2025-09-02 14:30:17.855 | INFO     | Pendulum.PendulumAPP:_processSerialData:120 - 📏 串口长度数据已更新: L24.491388 -> physical_length=24.491388
2025-09-02 14:30:17.858 | INFO     | Pendulum.PendulumAPP:_processSerialData:121 - 🔄 数据来源: 串口接收 -> PendulumState.physical_length
2025-09-02 14:30:17.919 | INFO     | Pendulum.PendulumAPP:_keyEventWeb:268 - u2
2025-09-02 14:30:17.925 | INFO     | Pendulum.SerialConncet:send:199 - sendu2
2025-09-02 14:30:17.926 | INFO     | Pendulum.SerialConncet:send:201 - [发送] u2
2025-09-02 14:30:17.933 | INFO     | Pendulum.PendulumAPP:_processSerialData:120 - 📏 串口长度数据已更新: L24.491388 -> physical_length=24.491388
2025-09-02 14:30:17.934 | INFO     | Pendulum.PendulumAPP:_processSerialData:121 - 🔄 数据来源: 串口接收 -> PendulumState.physical_length
2025-09-02 14:30:17.997 | INFO     | Pendulum.PendulumAPP:_processSerialData:120 - 📏 串口长度数据已更新: L24.491388 -> physical_length=24.491388
2025-09-02 14:30:17.999 | INFO     | Pendulum.PendulumAPP:_processSerialData:121 - 🔄 数据来源: 串口接收 -> PendulumState.physical_length
2025-09-02 14:30:18.058 | INFO     | Pendulum.PendulumAPP:_processSerialData:120 - 📏 串口长度数据已更新: L24.491388 -> physical_length=24.491388
2025-09-02 14:30:18.059 | INFO     | Pendulum.PendulumAPP:_processSerialData:121 - 🔄 数据来源: 串口接收 -> PendulumState.physical_length
2025-09-02 14:30:18.097 | INFO     | Pendulum.PendulumAPP:_keyEventWeb:274 - u0
2025-09-02 14:30:18.098 | INFO     | Pendulum.SerialConncet:send:199 - sendu0
2025-09-02 14:30:18.099 | INFO     | Pendulum.SerialConncet:send:201 - [发送] u0
2025-09-02 14:30:18.105 | INFO     | Pendulum.PendulumAPP:_processSerialData:120 - 📏 串口长度数据已更新: L24.491388 -> physical_length=24.491388
2025-09-02 14:30:18.105 | INFO     | Pendulum.PendulumAPP:_processSerialData:121 - 🔄 数据来源: 串口接收 -> PendulumState.physical_length
2025-09-02 14:30:18.153 | INFO     | Pendulum.PendulumAPP:_processSerialData:120 - 📏 串口长度数据已更新: L24.491388 -> physical_length=24.491388
2025-09-02 14:30:18.153 | INFO     | Pendulum.PendulumAPP:_processSerialData:121 - 🔄 数据来源: 串口接收 -> PendulumState.physical_length
2025-09-02 14:30:18.197 | INFO     | Pendulum.PendulumAPP:_processSerialData:120 - 📏 串口长度数据已更新: L24.491388 -> physical_length=24.491388
2025-09-02 14:30:18.198 | INFO     | Pendulum.PendulumAPP:_processSerialData:121 - 🔄 数据来源: 串口接收 -> PendulumState.physical_length
2025-09-02 14:30:18.243 | INFO     | Pendulum.PendulumAPP:_processSerialData:120 - 📏 串口长度数据已更新: L24.491388 -> physical_length=24.491388
2025-09-02 14:30:18.247 | INFO     | Pendulum.PendulumAPP:_processSerialData:121 - 🔄 数据来源: 串口接收 -> PendulumState.physical_length
2025-09-02 14:30:18.289 | INFO     | Pendulum.PendulumAPP:_processSerialData:120 - 📏 串口长度数据已更新: L24.491388 -> physical_length=24.491388
2025-09-02 14:30:18.290 | INFO     | Pendulum.PendulumAPP:_processSerialData:121 - 🔄 数据来源: 串口接收 -> PendulumState.physical_length
