2025-09-02 15:05:49.122 | INFO     | Pendulum.PendulumAPP:_processSerialData:120 - 📏 串口长度数据已更新: L25.685593 -> physical_length=25.685593
2025-09-02 15:05:49.122 | INFO     | Pendulum.PendulumAPP:_processSerialData:121 - 🔄 数据来源: 串口接收 -> PendulumState.physical_length
2025-09-02 15:05:49.169 | INFO     | Pendulum.PendulumAPP:_processSerialData:120 - 📏 串口长度数据已更新: L25.685593 -> physical_length=25.685593
2025-09-02 15:05:49.170 | INFO     | Pendulum.PendulumAPP:_processSerialData:121 - 🔄 数据来源: 串口接收 -> PendulumState.physical_length
2025-09-02 15:05:49.216 | INFO     | Pendulum.PendulumAPP:_processSerialData:120 - 📏 串口长度数据已更新: L25.685593 -> physical_length=25.685593
2025-09-02 15:05:49.217 | INFO     | Pendulum.PendulumAPP:_processSerialData:121 - 🔄 数据来源: 串口接收 -> PendulumState.physical_length
2025-09-02 15:05:49.263 | INFO     | Pendulum.PendulumAPP:_processSerialData:120 - 📏 串口长度数据已更新: L25.685593 -> physical_length=25.685593
2025-09-02 15:05:49.265 | INFO     | Pendulum.PendulumAPP:_processSerialData:121 - 🔄 数据来源: 串口接收 -> PendulumState.physical_length
2025-09-02 15:05:49.312 | INFO     | Pendulum.PendulumAPP:_processSerialData:120 - 📏 串口长度数据已更新: L25.685593 -> physical_length=25.685593
2025-09-02 15:05:49.314 | INFO     | Pendulum.PendulumAPP:_processSerialData:121 - 🔄 数据来源: 串口接收 -> PendulumState.physical_length
2025-09-02 15:05:49.354 | INFO     | Pendulum.PendulumAPP:_processSerialData:120 - 📏 串口长度数据已更新: L25.685593 -> physical_length=25.685593
2025-09-02 15:05:49.357 | INFO     | Pendulum.PendulumAPP:_processSerialData:121 - 🔄 数据来源: 串口接收 -> PendulumState.physical_length
2025-09-02 15:05:49.401 | INFO     | Pendulum.PendulumAPP:_processSerialData:120 - 📏 串口长度数据已更新: L25.685593 -> physical_length=25.685593
2025-09-02 15:05:49.402 | INFO     | Pendulum.PendulumAPP:_processSerialData:121 - 🔄 数据来源: 串口接收 -> PendulumState.physical_length
2025-09-02 15:05:49.447 | INFO     | Pendulum.PendulumAPP:_processSerialData:120 - 📏 串口长度数据已更新: L25.685593 -> physical_length=25.685593
2025-09-02 15:05:49.448 | INFO     | Pendulum.PendulumAPP:_processSerialData:121 - 🔄 数据来源: 串口接收 -> PendulumState.physical_length
2025-09-02 15:05:49.493 | INFO     | Pendulum.PendulumAPP:_processSerialData:120 - 📏 串口长度数据已更新: L25.685593 -> physical_length=25.685593
2025-09-02 15:05:49.495 | INFO     | Pendulum.PendulumAPP:_processSerialData:121 - 🔄 数据来源: 串口接收 -> PendulumState.physical_length
2025-09-02 15:05:49.540 | INFO     | Pendulum.PendulumAPP:_processSerialData:120 - 📏 串口长度数据已更新: L25.685593 -> physical_length=25.685593
2025-09-02 15:05:49.541 | INFO     | Pendulum.PendulumAPP:_processSerialData:121 - 🔄 数据来源: 串口接收 -> PendulumState.physical_length
2025-09-02 15:05:49.587 | INFO     | Pendulum.PendulumAPP:_processSerialData:120 - 📏 串口长度数据已更新: L25.685593 -> physical_length=25.685593
2025-09-02 15:05:49.587 | INFO     | Pendulum.PendulumAPP:_processSerialData:121 - 🔄 数据来源: 串口接收 -> PendulumState.physical_length
2025-09-02 15:05:49.633 | INFO     | Pendulum.PendulumAPP:_processSerialData:120 - 📏 串口长度数据已更新: L25.685593 -> physical_length=25.685593
2025-09-02 15:05:49.636 | INFO     | Pendulum.PendulumAPP:_processSerialData:121 - 🔄 数据来源: 串口接收 -> PendulumState.physical_length
2025-09-02 15:05:49.681 | INFO     | Pendulum.PendulumAPP:_processSerialData:120 - 📏 串口长度数据已更新: L25.685593 -> physical_length=25.685593
2025-09-02 15:05:49.683 | INFO     | Pendulum.PendulumAPP:_processSerialData:121 - 🔄 数据来源: 串口接收 -> PendulumState.physical_length
2025-09-02 15:05:49.728 | INFO     | Pendulum.PendulumAPP:_processSerialData:120 - 📏 串口长度数据已更新: L25.685593 -> physical_length=25.685593
2025-09-02 15:05:49.728 | INFO     | Pendulum.PendulumAPP:_processSerialData:121 - 🔄 数据来源: 串口接收 -> PendulumState.physical_length
2025-09-02 15:05:49.773 | INFO     | Pendulum.PendulumAPP:_processSerialData:120 - 📏 串口长度数据已更新: L25.685593 -> physical_length=25.685593
2025-09-02 15:05:49.775 | INFO     | Pendulum.PendulumAPP:_processSerialData:121 - 🔄 数据来源: 串口接收 -> PendulumState.physical_length
2025-09-02 15:05:49.819 | INFO     | Pendulum.PendulumAPP:_processSerialData:120 - 📏 串口长度数据已更新: L25.685593 -> physical_length=25.685593
2025-09-02 15:05:49.820 | INFO     | Pendulum.PendulumAPP:_processSerialData:121 - 🔄 数据来源: 串口接收 -> PendulumState.physical_length
2025-09-02 15:05:49.865 | INFO     | Pendulum.PendulumAPP:_processSerialData:120 - 📏 串口长度数据已更新: L25.685593 -> physical_length=25.685593
2025-09-02 15:05:49.866 | INFO     | Pendulum.PendulumAPP:_processSerialData:121 - 🔄 数据来源: 串口接收 -> PendulumState.physical_length
2025-09-02 15:05:49.911 | INFO     | Pendulum.PendulumAPP:_processSerialData:120 - 📏 串口长度数据已更新: L25.685593 -> physical_length=25.685593
2025-09-02 15:05:49.912 | INFO     | Pendulum.PendulumAPP:_processSerialData:121 - 🔄 数据来源: 串口接收 -> PendulumState.physical_length
2025-09-02 15:05:49.957 | INFO     | Pendulum.PendulumAPP:_processSerialData:120 - 📏 串口长度数据已更新: L25.685593 -> physical_length=25.685593
2025-09-02 15:05:49.958 | INFO     | Pendulum.PendulumAPP:_processSerialData:121 - 🔄 数据来源: 串口接收 -> PendulumState.physical_length
2025-09-02 15:05:50.003 | INFO     | Pendulum.PendulumAPP:_processSerialData:120 - 📏 串口长度数据已更新: L25.685593 -> physical_length=25.685593
2025-09-02 15:05:50.003 | INFO     | Pendulum.PendulumAPP:_processSerialData:121 - 🔄 数据来源: 串口接收 -> PendulumState.physical_length
2025-09-02 15:05:50.050 | INFO     | Pendulum.PendulumAPP:_processSerialData:120 - 📏 串口长度数据已更新: L25.685593 -> physical_length=25.685593
2025-09-02 15:05:50.050 | INFO     | Pendulum.PendulumAPP:_processSerialData:121 - 🔄 数据来源: 串口接收 -> PendulumState.physical_length
2025-09-02 15:05:50.098 | INFO     | Pendulum.PendulumAPP:_processSerialData:120 - 📏 串口长度数据已更新: L25.685593 -> physical_length=25.685593
2025-09-02 15:05:50.099 | INFO     | Pendulum.PendulumAPP:_processSerialData:121 - 🔄 数据来源: 串口接收 -> PendulumState.physical_length
2025-09-02 15:05:50.145 | INFO     | Pendulum.PendulumAPP:_processSerialData:120 - 📏 串口长度数据已更新: L25.685593 -> physical_length=25.685593
2025-09-02 15:05:50.145 | INFO     | Pendulum.PendulumAPP:_processSerialData:121 - 🔄 数据来源: 串口接收 -> PendulumState.physical_length
2025-09-02 15:05:50.189 | INFO     | Pendulum.PendulumAPP:_processSerialData:120 - 📏 串口长度数据已更新: L25.685593 -> physical_length=25.685593
2025-09-02 15:05:50.190 | INFO     | Pendulum.PendulumAPP:_processSerialData:121 - 🔄 数据来源: 串口接收 -> PendulumState.physical_length
2025-09-02 15:05:50.236 | INFO     | Pendulum.PendulumAPP:_processSerialData:120 - 📏 串口长度数据已更新: L25.685593 -> physical_length=25.685593
2025-09-02 15:05:50.237 | INFO     | Pendulum.PendulumAPP:_processSerialData:121 - 🔄 数据来源: 串口接收 -> PendulumState.physical_length
2025-09-02 15:05:50.284 | INFO     | Pendulum.PendulumAPP:_processSerialData:120 - 📏 串口长度数据已更新: L25.685593 -> physical_length=25.685593
2025-09-02 15:05:50.285 | INFO     | Pendulum.PendulumAPP:_processSerialData:121 - 🔄 数据来源: 串口接收 -> PendulumState.physical_length
2025-09-02 15:05:50.329 | INFO     | Pendulum.PendulumAPP:_processSerialData:120 - 📏 串口长度数据已更新: L25.685593 -> physical_length=25.685593
2025-09-02 15:05:50.332 | INFO     | Pendulum.PendulumAPP:_processSerialData:121 - 🔄 数据来源: 串口接收 -> PendulumState.physical_length
2025-09-02 15:05:50.376 | INFO     | Pendulum.PendulumAPP:_processSerialData:120 - 📏 串口长度数据已更新: L25.685593 -> physical_length=25.685593
2025-09-02 15:05:50.377 | INFO     | Pendulum.PendulumAPP:_processSerialData:121 - 🔄 数据来源: 串口接收 -> PendulumState.physical_length
2025-09-02 15:05:50.421 | INFO     | Pendulum.PendulumAPP:_processSerialData:120 - 📏 串口长度数据已更新: L25.685593 -> physical_length=25.685593
2025-09-02 15:05:50.423 | INFO     | Pendulum.PendulumAPP:_processSerialData:121 - 🔄 数据来源: 串口接收 -> PendulumState.physical_length
2025-09-02 15:05:50.469 | INFO     | Pendulum.PendulumAPP:_processSerialData:120 - 📏 串口长度数据已更新: L25.685593 -> physical_length=25.685593
2025-09-02 15:05:50.470 | INFO     | Pendulum.PendulumAPP:_processSerialData:121 - 🔄 数据来源: 串口接收 -> PendulumState.physical_length
2025-09-02 15:05:50.516 | INFO     | Pendulum.PendulumAPP:_processSerialData:120 - 📏 串口长度数据已更新: L25.685593 -> physical_length=25.685593
2025-09-02 15:05:50.517 | INFO     | Pendulum.PendulumAPP:_processSerialData:121 - 🔄 数据来源: 串口接收 -> PendulumState.physical_length
2025-09-02 15:05:50.562 | INFO     | Pendulum.PendulumAPP:_processSerialData:120 - 📏 串口长度数据已更新: L25.685593 -> physical_length=25.685593
2025-09-02 15:05:50.566 | INFO     | Pendulum.PendulumAPP:_processSerialData:121 - 🔄 数据来源: 串口接收 -> PendulumState.physical_length
2025-09-02 15:05:50.595 | INFO     | Pendulum.PendulumAPP:_keyEventWeb:289 - d1
2025-09-02 15:05:50.596 | INFO     | Pendulum.SerialConncet:send:199 - sendd1
2025-09-02 15:05:50.597 | INFO     | Pendulum.SerialConncet:send:201 - [发送] d1
2025-09-02 15:05:50.608 | INFO     | Pendulum.PendulumAPP:_processSerialData:120 - 📏 串口长度数据已更新: L25.685593 -> physical_length=25.685593
2025-09-02 15:05:50.611 | INFO     | Pendulum.PendulumAPP:_processSerialData:121 - 🔄 数据来源: 串口接收 -> PendulumState.physical_length
2025-09-02 15:05:50.655 | INFO     | Pendulum.PendulumAPP:_processSerialData:120 - 📏 串口长度数据已更新: L25.685593 -> physical_length=25.685593
2025-09-02 15:05:50.656 | INFO     | Pendulum.PendulumAPP:_processSerialData:121 - 🔄 数据来源: 串口接收 -> PendulumState.physical_length
2025-09-02 15:05:50.701 | INFO     | Pendulum.PendulumAPP:_processSerialData:120 - 📏 串口长度数据已更新: L25.685593 -> physical_length=25.685593
2025-09-02 15:05:50.703 | INFO     | Pendulum.PendulumAPP:_processSerialData:121 - 🔄 数据来源: 串口接收 -> PendulumState.physical_length
2025-09-02 15:05:50.749 | INFO     | Pendulum.PendulumAPP:_processSerialData:120 - 📏 串口长度数据已更新: L25.685593 -> physical_length=25.685593
2025-09-02 15:05:50.752 | INFO     | Pendulum.PendulumAPP:_processSerialData:121 - 🔄 数据来源: 串口接收 -> PendulumState.physical_length
2025-09-02 15:05:50.795 | INFO     | Pendulum.PendulumAPP:_processSerialData:120 - 📏 串口长度数据已更新: L25.685593 -> physical_length=25.685593
2025-09-02 15:05:50.797 | INFO     | Pendulum.PendulumAPP:_processSerialData:121 - 🔄 数据来源: 串口接收 -> PendulumState.physical_length
2025-09-02 15:05:50.842 | INFO     | Pendulum.PendulumAPP:_processSerialData:120 - 📏 串口长度数据已更新: L25.685593 -> physical_length=25.685593
2025-09-02 15:05:50.843 | INFO     | Pendulum.PendulumAPP:_processSerialData:121 - 🔄 数据来源: 串口接收 -> PendulumState.physical_length
2025-09-02 15:05:50.887 | INFO     | Pendulum.PendulumAPP:_processSerialData:120 - 📏 串口长度数据已更新: L25.685593 -> physical_length=25.685593
2025-09-02 15:05:50.888 | INFO     | Pendulum.PendulumAPP:_processSerialData:121 - 🔄 数据来源: 串口接收 -> PendulumState.physical_length
2025-09-02 15:05:50.933 | INFO     | Pendulum.PendulumAPP:_processSerialData:120 - 📏 串口长度数据已更新: L25.685593 -> physical_length=25.685593
2025-09-02 15:05:50.934 | INFO     | Pendulum.PendulumAPP:_processSerialData:121 - 🔄 数据来源: 串口接收 -> PendulumState.physical_length
2025-09-02 15:05:50.978 | INFO     | Pendulum.PendulumAPP:_processSerialData:120 - 📏 串口长度数据已更新: L25.685593 -> physical_length=25.685593
2025-09-02 15:05:50.978 | INFO     | Pendulum.PendulumAPP:_processSerialData:121 - 🔄 数据来源: 串口接收 -> PendulumState.physical_length
2025-09-02 15:05:51.025 | INFO     | Pendulum.PendulumAPP:_processSerialData:120 - 📏 串口长度数据已更新: L25.685593 -> physical_length=25.685593
2025-09-02 15:05:51.029 | INFO     | Pendulum.PendulumAPP:_processSerialData:121 - 🔄 数据来源: 串口接收 -> PendulumState.physical_length
2025-09-02 15:05:51.072 | INFO     | Pendulum.PendulumAPP:_processSerialData:120 - 📏 串口长度数据已更新: L25.685593 -> physical_length=25.685593
2025-09-02 15:05:51.072 | INFO     | Pendulum.PendulumAPP:_processSerialData:121 - 🔄 数据来源: 串口接收 -> PendulumState.physical_length
2025-09-02 15:05:51.118 | INFO     | Pendulum.PendulumAPP:_processSerialData:120 - 📏 串口长度数据已更新: L25.685593 -> physical_length=25.685593
2025-09-02 15:05:51.120 | INFO     | Pendulum.PendulumAPP:_processSerialData:121 - 🔄 数据来源: 串口接收 -> PendulumState.physical_length
2025-09-02 15:05:51.164 | INFO     | Pendulum.PendulumAPP:_processSerialData:120 - 📏 串口长度数据已更新: L25.685593 -> physical_length=25.685593
2025-09-02 15:05:51.166 | INFO     | Pendulum.PendulumAPP:_processSerialData:121 - 🔄 数据来源: 串口接收 -> PendulumState.physical_length
2025-09-02 15:05:51.211 | INFO     | Pendulum.PendulumAPP:_processSerialData:120 - 📏 串口长度数据已更新: L25.685593 -> physical_length=25.685593
2025-09-02 15:05:51.212 | INFO     | Pendulum.PendulumAPP:_processSerialData:121 - 🔄 数据来源: 串口接收 -> PendulumState.physical_length
2025-09-02 15:05:51.258 | INFO     | Pendulum.PendulumAPP:_processSerialData:120 - 📏 串口长度数据已更新: L25.685593 -> physical_length=25.685593
2025-09-02 15:05:51.260 | INFO     | Pendulum.PendulumAPP:_processSerialData:121 - 🔄 数据来源: 串口接收 -> PendulumState.physical_length
2025-09-02 15:05:51.303 | INFO     | Pendulum.PendulumAPP:_processSerialData:120 - 📏 串口长度数据已更新: L25.685593 -> physical_length=25.685593
2025-09-02 15:05:51.305 | INFO     | Pendulum.PendulumAPP:_processSerialData:121 - 🔄 数据来源: 串口接收 -> PendulumState.physical_length
2025-09-02 15:05:51.350 | INFO     | Pendulum.PendulumAPP:_processSerialData:120 - 📏 串口长度数据已更新: L25.685593 -> physical_length=25.685593
2025-09-02 15:05:51.351 | INFO     | Pendulum.PendulumAPP:_processSerialData:121 - 🔄 数据来源: 串口接收 -> PendulumState.physical_length
2025-09-02 15:05:51.395 | INFO     | Pendulum.PendulumAPP:_processSerialData:120 - 📏 串口长度数据已更新: L25.685593 -> physical_length=25.685593
2025-09-02 15:05:51.396 | INFO     | Pendulum.PendulumAPP:_processSerialData:121 - 🔄 数据来源: 串口接收 -> PendulumState.physical_length
2025-09-02 15:05:51.441 | INFO     | Pendulum.PendulumAPP:_processSerialData:120 - 📏 串口长度数据已更新: L25.685593 -> physical_length=25.685593
2025-09-02 15:05:51.443 | INFO     | Pendulum.PendulumAPP:_processSerialData:121 - 🔄 数据来源: 串口接收 -> PendulumState.physical_length
2025-09-02 15:05:51.487 | INFO     | Pendulum.PendulumAPP:_processSerialData:120 - 📏 串口长度数据已更新: L25.685593 -> physical_length=25.685593
2025-09-02 15:05:51.489 | INFO     | Pendulum.PendulumAPP:_processSerialData:121 - 🔄 数据来源: 串口接收 -> PendulumState.physical_length
2025-09-02 15:05:51.534 | INFO     | Pendulum.PendulumAPP:_processSerialData:120 - 📏 串口长度数据已更新: L25.685593 -> physical_length=25.685593
2025-09-02 15:05:51.537 | INFO     | Pendulum.PendulumAPP:_processSerialData:121 - 🔄 数据来源: 串口接收 -> PendulumState.physical_length
2025-09-02 15:05:51.581 | INFO     | Pendulum.PendulumAPP:_processSerialData:120 - 📏 串口长度数据已更新: L25.685593 -> physical_length=25.685593
2025-09-02 15:05:51.584 | INFO     | Pendulum.PendulumAPP:_processSerialData:121 - 🔄 数据来源: 串口接收 -> PendulumState.physical_length
2025-09-02 15:05:51.631 | INFO     | Pendulum.PendulumAPP:_processSerialData:120 - 📏 串口长度数据已更新: L25.685593 -> physical_length=25.685593
2025-09-02 15:05:51.633 | INFO     | Pendulum.PendulumAPP:_processSerialData:121 - 🔄 数据来源: 串口接收 -> PendulumState.physical_length
2025-09-02 15:05:51.676 | INFO     | Pendulum.PendulumAPP:_processSerialData:120 - 📏 串口长度数据已更新: L25.685593 -> physical_length=25.685593
2025-09-02 15:05:51.677 | INFO     | Pendulum.PendulumAPP:_processSerialData:121 - 🔄 数据来源: 串口接收 -> PendulumState.physical_length
2025-09-02 15:05:51.722 | INFO     | Pendulum.PendulumAPP:_processSerialData:120 - 📏 串口长度数据已更新: L25.685593 -> physical_length=25.685593
2025-09-02 15:05:51.723 | INFO     | Pendulum.PendulumAPP:_processSerialData:121 - 🔄 数据来源: 串口接收 -> PendulumState.physical_length
2025-09-02 15:05:51.758 | INFO     | Pendulum.PendulumAPP:_keyEventWeb:268 - u2
2025-09-02 15:05:51.762 | INFO     | Pendulum.SerialConncet:send:199 - sendu2
2025-09-02 15:05:51.764 | INFO     | Pendulum.SerialConncet:send:201 - [发送] u2
2025-09-02 15:05:51.769 | INFO     | Pendulum.PendulumAPP:_processSerialData:120 - 📏 串口长度数据已更新: L25.685593 -> physical_length=25.685593
2025-09-02 15:05:51.770 | INFO     | Pendulum.PendulumAPP:_processSerialData:121 - 🔄 数据来源: 串口接收 -> PendulumState.physical_length
2025-09-02 15:05:51.815 | INFO     | Pendulum.PendulumAPP:_processSerialData:120 - 📏 串口长度数据已更新: L25.685593 -> physical_length=25.685593
2025-09-02 15:05:51.818 | INFO     | Pendulum.PendulumAPP:_processSerialData:121 - 🔄 数据来源: 串口接收 -> PendulumState.physical_length
2025-09-02 15:05:51.862 | INFO     | Pendulum.PendulumAPP:_processSerialData:120 - 📏 串口长度数据已更新: L25.685593 -> physical_length=25.685593
2025-09-02 15:05:51.862 | INFO     | Pendulum.PendulumAPP:_processSerialData:121 - 🔄 数据来源: 串口接收 -> PendulumState.physical_length
2025-09-02 15:05:51.908 | INFO     | Pendulum.PendulumAPP:_processSerialData:120 - 📏 串口长度数据已更新: L25.685593 -> physical_length=25.685593
2025-09-02 15:05:51.908 | INFO     | Pendulum.PendulumAPP:_processSerialData:121 - 🔄 数据来源: 串口接收 -> PendulumState.physical_length
2025-09-02 15:05:51.955 | INFO     | Pendulum.PendulumAPP:_processSerialData:120 - 📏 串口长度数据已更新: L25.685593 -> physical_length=25.685593
2025-09-02 15:05:51.956 | INFO     | Pendulum.PendulumAPP:_processSerialData:121 - 🔄 数据来源: 串口接收 -> PendulumState.physical_length
2025-09-02 15:05:52.002 | INFO     | Pendulum.PendulumAPP:_processSerialData:120 - 📏 串口长度数据已更新: L25.685593 -> physical_length=25.685593
2025-09-02 15:05:52.002 | INFO     | Pendulum.PendulumAPP:_processSerialData:121 - 🔄 数据来源: 串口接收 -> PendulumState.physical_length
2025-09-02 15:05:52.048 | INFO     | Pendulum.PendulumAPP:_processSerialData:120 - 📏 串口长度数据已更新: L25.685593 -> physical_length=25.685593
2025-09-02 15:05:52.049 | INFO     | Pendulum.PendulumAPP:_processSerialData:121 - 🔄 数据来源: 串口接收 -> PendulumState.physical_length
2025-09-02 15:05:52.094 | INFO     | Pendulum.PendulumAPP:_processSerialData:120 - 📏 串口长度数据已更新: L25.685593 -> physical_length=25.685593
2025-09-02 15:05:52.095 | INFO     | Pendulum.PendulumAPP:_processSerialData:121 - 🔄 数据来源: 串口接收 -> PendulumState.physical_length
2025-09-02 15:05:52.142 | INFO     | Pendulum.PendulumAPP:_processSerialData:120 - 📏 串口长度数据已更新: L25.685593 -> physical_length=25.685593
2025-09-02 15:05:52.143 | INFO     | Pendulum.PendulumAPP:_processSerialData:121 - 🔄 数据来源: 串口接收 -> PendulumState.physical_length
2025-09-02 15:05:52.189 | INFO     | Pendulum.PendulumAPP:_processSerialData:120 - 📏 串口长度数据已更新: L25.685593 -> physical_length=25.685593
2025-09-02 15:05:52.191 | INFO     | Pendulum.PendulumAPP:_processSerialData:121 - 🔄 数据来源: 串口接收 -> PendulumState.physical_length
2025-09-02 15:05:52.234 | INFO     | Pendulum.PendulumAPP:_processSerialData:120 - 📏 串口长度数据已更新: L25.685593 -> physical_length=25.685593
2025-09-02 15:05:52.235 | INFO     | Pendulum.PendulumAPP:_processSerialData:121 - 🔄 数据来源: 串口接收 -> PendulumState.physical_length
2025-09-02 15:05:52.281 | INFO     | Pendulum.PendulumAPP:_processSerialData:120 - 📏 串口长度数据已更新: L25.685593 -> physical_length=25.685593
2025-09-02 15:05:52.282 | INFO     | Pendulum.PendulumAPP:_processSerialData:121 - 🔄 数据来源: 串口接收 -> PendulumState.physical_length
2025-09-02 15:05:52.326 | INFO     | Pendulum.PendulumAPP:_processSerialData:120 - 📏 串口长度数据已更新: L25.685593 -> physical_length=25.685593
2025-09-02 15:05:52.329 | INFO     | Pendulum.PendulumAPP:_processSerialData:121 - 🔄 数据来源: 串口接收 -> PendulumState.physical_length
2025-09-02 15:05:52.374 | INFO     | Pendulum.PendulumAPP:_processSerialData:120 - 📏 串口长度数据已更新: L25.685593 -> physical_length=25.685593
2025-09-02 15:05:52.375 | INFO     | Pendulum.PendulumAPP:_processSerialData:121 - 🔄 数据来源: 串口接收 -> PendulumState.physical_length
2025-09-02 15:05:52.420 | INFO     | Pendulum.PendulumAPP:_processSerialData:120 - 📏 串口长度数据已更新: L25.685593 -> physical_length=25.685593
2025-09-02 15:05:52.420 | INFO     | Pendulum.PendulumAPP:_processSerialData:121 - 🔄 数据来源: 串口接收 -> PendulumState.physical_length
2025-09-02 15:05:52.465 | INFO     | Pendulum.PendulumAPP:_processSerialData:120 - 📏 串口长度数据已更新: L25.685593 -> physical_length=25.685593
2025-09-02 15:05:52.466 | INFO     | Pendulum.PendulumAPP:_processSerialData:121 - 🔄 数据来源: 串口接收 -> PendulumState.physical_length
2025-09-02 15:05:52.512 | INFO     | Pendulum.PendulumAPP:_processSerialData:120 - 📏 串口长度数据已更新: L25.685593 -> physical_length=25.685593
2025-09-02 15:05:52.512 | INFO     | Pendulum.PendulumAPP:_processSerialData:121 - 🔄 数据来源: 串口接收 -> PendulumState.physical_length
2025-09-02 15:05:52.558 | INFO     | Pendulum.PendulumAPP:_processSerialData:120 - 📏 串口长度数据已更新: L25.685593 -> physical_length=25.685593
2025-09-02 15:05:52.558 | INFO     | Pendulum.PendulumAPP:_processSerialData:121 - 🔄 数据来源: 串口接收 -> PendulumState.physical_length
2025-09-02 15:05:52.605 | INFO     | Pendulum.PendulumAPP:_processSerialData:120 - 📏 串口长度数据已更新: L25.685593 -> physical_length=25.685593
2025-09-02 15:05:52.609 | INFO     | Pendulum.PendulumAPP:_processSerialData:121 - 🔄 数据来源: 串口接收 -> PendulumState.physical_length
2025-09-02 15:05:52.651 | INFO     | Pendulum.PendulumAPP:_processSerialData:120 - 📏 串口长度数据已更新: L25.685593 -> physical_length=25.685593
2025-09-02 15:05:52.653 | INFO     | Pendulum.PendulumAPP:_processSerialData:121 - 🔄 数据来源: 串口接收 -> PendulumState.physical_length
2025-09-02 15:05:52.699 | INFO     | Pendulum.PendulumAPP:_processSerialData:120 - 📏 串口长度数据已更新: L25.685593 -> physical_length=25.685593
2025-09-02 15:05:52.701 | INFO     | Pendulum.PendulumAPP:_processSerialData:121 - 🔄 数据来源: 串口接收 -> PendulumState.physical_length
2025-09-02 15:05:52.746 | INFO     | Pendulum.PendulumAPP:_processSerialData:120 - 📏 串口长度数据已更新: L25.685593 -> physical_length=25.685593
2025-09-02 15:05:52.748 | INFO     | Pendulum.PendulumAPP:_processSerialData:121 - 🔄 数据来源: 串口接收 -> PendulumState.physical_length
2025-09-02 15:05:52.792 | INFO     | Pendulum.PendulumAPP:_processSerialData:120 - 📏 串口长度数据已更新: L25.685593 -> physical_length=25.685593
2025-09-02 15:05:52.792 | INFO     | Pendulum.PendulumAPP:_processSerialData:121 - 🔄 数据来源: 串口接收 -> PendulumState.physical_length
2025-09-02 15:05:52.839 | INFO     | Pendulum.PendulumAPP:_processSerialData:120 - 📏 串口长度数据已更新: L25.685593 -> physical_length=25.685593
2025-09-02 15:05:52.840 | INFO     | Pendulum.PendulumAPP:_processSerialData:121 - 🔄 数据来源: 串口接收 -> PendulumState.physical_length
2025-09-02 15:05:52.884 | INFO     | Pendulum.PendulumAPP:_processSerialData:120 - 📏 串口长度数据已更新: L25.685593 -> physical_length=25.685593
2025-09-02 15:05:52.885 | INFO     | Pendulum.PendulumAPP:_processSerialData:121 - 🔄 数据来源: 串口接收 -> PendulumState.physical_length
2025-09-02 15:05:52.931 | INFO     | Pendulum.PendulumAPP:_processSerialData:120 - 📏 串口长度数据已更新: L25.685593 -> physical_length=25.685593
2025-09-02 15:05:52.932 | INFO     | Pendulum.PendulumAPP:_processSerialData:121 - 🔄 数据来源: 串口接收 -> PendulumState.physical_length
2025-09-02 15:05:52.979 | INFO     | Pendulum.PendulumAPP:_processSerialData:120 - 📏 串口长度数据已更新: L25.685593 -> physical_length=25.685593
2025-09-02 15:05:52.980 | INFO     | Pendulum.PendulumAPP:_processSerialData:121 - 🔄 数据来源: 串口接收 -> PendulumState.physical_length
2025-09-02 15:05:53.025 | INFO     | Pendulum.PendulumAPP:_processSerialData:120 - 📏 串口长度数据已更新: L25.685593 -> physical_length=25.685593
2025-09-02 15:05:53.026 | INFO     | Pendulum.PendulumAPP:_processSerialData:121 - 🔄 数据来源: 串口接收 -> PendulumState.physical_length
2025-09-02 15:05:53.072 | INFO     | Pendulum.PendulumAPP:_processSerialData:120 - 📏 串口长度数据已更新: L25.685593 -> physical_length=25.685593
2025-09-02 15:05:53.076 | INFO     | Pendulum.PendulumAPP:_processSerialData:121 - 🔄 数据来源: 串口接收 -> PendulumState.physical_length
2025-09-02 15:05:53.118 | INFO     | Pendulum.PendulumAPP:_processSerialData:120 - 📏 串口长度数据已更新: L25.685593 -> physical_length=25.685593
2025-09-02 15:05:53.121 | INFO     | Pendulum.PendulumAPP:_processSerialData:121 - 🔄 数据来源: 串口接收 -> PendulumState.physical_length
2025-09-02 15:05:53.166 | INFO     | Pendulum.PendulumAPP:_processSerialData:120 - 📏 串口长度数据已更新: L25.685593 -> physical_length=25.685593
2025-09-02 15:05:53.167 | INFO     | Pendulum.PendulumAPP:_processSerialData:121 - 🔄 数据来源: 串口接收 -> PendulumState.physical_length
2025-09-02 15:05:53.228 | INFO     | Pendulum.PendulumAPP:_processSerialData:120 - 📏 串口长度数据已更新: L25.685593 -> physical_length=25.685593
2025-09-02 15:05:53.229 | INFO     | Pendulum.PendulumAPP:_processSerialData:121 - 🔄 数据来源: 串口接收 -> PendulumState.physical_length
2025-09-02 15:05:53.276 | INFO     | Pendulum.PendulumAPP:_processSerialData:120 - 📏 串口长度数据已更新: L25.685593 -> physical_length=25.685593
2025-09-02 15:05:53.276 | INFO     | Pendulum.PendulumAPP:_processSerialData:121 - 🔄 数据来源: 串口接收 -> PendulumState.physical_length
2025-09-02 15:05:53.323 | INFO     | Pendulum.PendulumAPP:_processSerialData:120 - 📏 串口长度数据已更新: L25.685593 -> physical_length=25.685593
2025-09-02 15:05:53.323 | INFO     | Pendulum.PendulumAPP:_processSerialData:121 - 🔄 数据来源: 串口接收 -> PendulumState.physical_length
2025-09-02 15:05:53.369 | INFO     | Pendulum.PendulumAPP:_processSerialData:120 - 📏 串口长度数据已更新: L25.685593 -> physical_length=25.685593
2025-09-02 15:05:53.370 | INFO     | Pendulum.PendulumAPP:_processSerialData:121 - 🔄 数据来源: 串口接收 -> PendulumState.physical_length
2025-09-02 15:05:53.414 | INFO     | Pendulum.PendulumAPP:_processSerialData:120 - 📏 串口长度数据已更新: L25.685593 -> physical_length=25.685593
2025-09-02 15:05:53.414 | INFO     | Pendulum.PendulumAPP:_processSerialData:121 - 🔄 数据来源: 串口接收 -> PendulumState.physical_length
2025-09-02 15:05:53.460 | INFO     | Pendulum.PendulumAPP:_processSerialData:120 - 📏 串口长度数据已更新: L25.685593 -> physical_length=25.685593
2025-09-02 15:05:53.461 | INFO     | Pendulum.PendulumAPP:_processSerialData:121 - 🔄 数据来源: 串口接收 -> PendulumState.physical_length
2025-09-02 15:05:53.506 | INFO     | Pendulum.PendulumAPP:_processSerialData:120 - 📏 串口长度数据已更新: L25.685593 -> physical_length=25.685593
2025-09-02 15:05:53.509 | INFO     | Pendulum.PendulumAPP:_processSerialData:121 - 🔄 数据来源: 串口接收 -> PendulumState.physical_length
2025-09-02 15:05:53.553 | INFO     | Pendulum.PendulumAPP:_processSerialData:120 - 📏 串口长度数据已更新: L25.685593 -> physical_length=25.685593
2025-09-02 15:05:53.554 | INFO     | Pendulum.PendulumAPP:_processSerialData:121 - 🔄 数据来源: 串口接收 -> PendulumState.physical_length
2025-09-02 15:05:53.601 | INFO     | Pendulum.PendulumAPP:_processSerialData:120 - 📏 串口长度数据已更新: L25.685593 -> physical_length=25.685593
2025-09-02 15:05:53.602 | INFO     | Pendulum.PendulumAPP:_processSerialData:121 - 🔄 数据来源: 串口接收 -> PendulumState.physical_length
2025-09-02 15:05:53.648 | INFO     | Pendulum.PendulumAPP:_processSerialData:120 - 📏 串口长度数据已更新: L25.685593 -> physical_length=25.685593
2025-09-02 15:05:53.651 | INFO     | Pendulum.PendulumAPP:_processSerialData:121 - 🔄 数据来源: 串口接收 -> PendulumState.physical_length
2025-09-02 15:05:53.695 | INFO     | Pendulum.PendulumAPP:_processSerialData:120 - 📏 串口长度数据已更新: L25.685593 -> physical_length=25.685593
2025-09-02 15:05:53.696 | INFO     | Pendulum.PendulumAPP:_processSerialData:121 - 🔄 数据来源: 串口接收 -> PendulumState.physical_length
2025-09-02 15:05:53.742 | INFO     | Pendulum.PendulumAPP:_processSerialData:120 - 📏 串口长度数据已更新: L25.685593 -> physical_length=25.685593
2025-09-02 15:05:53.743 | INFO     | Pendulum.PendulumAPP:_processSerialData:121 - 🔄 数据来源: 串口接收 -> PendulumState.physical_length
2025-09-02 15:05:53.788 | INFO     | Pendulum.PendulumAPP:_processSerialData:120 - 📏 串口长度数据已更新: L25.685593 -> physical_length=25.685593
2025-09-02 15:05:53.790 | INFO     | Pendulum.PendulumAPP:_processSerialData:121 - 🔄 数据来源: 串口接收 -> PendulumState.physical_length
2025-09-02 15:05:53.834 | INFO     | Pendulum.PendulumAPP:_processSerialData:120 - 📏 串口长度数据已更新: L25.685593 -> physical_length=25.685593
2025-09-02 15:05:53.835 | INFO     | Pendulum.PendulumAPP:_processSerialData:121 - 🔄 数据来源: 串口接收 -> PendulumState.physical_length
2025-09-02 15:05:53.881 | INFO     | Pendulum.PendulumAPP:_processSerialData:120 - 📏 串口长度数据已更新: L25.685593 -> physical_length=25.685593
2025-09-02 15:05:53.882 | INFO     | Pendulum.PendulumAPP:_processSerialData:121 - 🔄 数据来源: 串口接收 -> PendulumState.physical_length
2025-09-02 15:05:53.927 | INFO     | Pendulum.PendulumAPP:_processSerialData:120 - 📏 串口长度数据已更新: L25.685593 -> physical_length=25.685593
2025-09-02 15:05:53.930 | INFO     | Pendulum.PendulumAPP:_processSerialData:121 - 🔄 数据来源: 串口接收 -> PendulumState.physical_length
2025-09-02 15:05:53.974 | INFO     | Pendulum.PendulumAPP:_processSerialData:120 - 📏 串口长度数据已更新: L25.685593 -> physical_length=25.685593
2025-09-02 15:05:53.975 | INFO     | Pendulum.PendulumAPP:_processSerialData:121 - 🔄 数据来源: 串口接收 -> PendulumState.physical_length
2025-09-02 15:05:54.020 | INFO     | Pendulum.PendulumAPP:_processSerialData:120 - 📏 串口长度数据已更新: L25.685593 -> physical_length=25.685593
2025-09-02 15:05:54.021 | INFO     | Pendulum.PendulumAPP:_processSerialData:121 - 🔄 数据来源: 串口接收 -> PendulumState.physical_length
2025-09-02 15:05:54.066 | INFO     | Pendulum.PendulumAPP:_processSerialData:120 - 📏 串口长度数据已更新: L25.685593 -> physical_length=25.685593
2025-09-02 15:05:54.067 | INFO     | Pendulum.PendulumAPP:_processSerialData:121 - 🔄 数据来源: 串口接收 -> PendulumState.physical_length
2025-09-02 15:05:54.113 | INFO     | Pendulum.PendulumAPP:_processSerialData:120 - 📏 串口长度数据已更新: L25.685593 -> physical_length=25.685593
2025-09-02 15:05:54.114 | INFO     | Pendulum.PendulumAPP:_processSerialData:121 - 🔄 数据来源: 串口接收 -> PendulumState.physical_length
2025-09-02 15:05:54.159 | INFO     | Pendulum.PendulumAPP:_processSerialData:120 - 📏 串口长度数据已更新: L25.685593 -> physical_length=25.685593
2025-09-02 15:05:54.161 | INFO     | Pendulum.PendulumAPP:_processSerialData:121 - 🔄 数据来源: 串口接收 -> PendulumState.physical_length
2025-09-02 15:05:54.204 | INFO     | Pendulum.PendulumAPP:_processSerialData:120 - 📏 串口长度数据已更新: L25.685593 -> physical_length=25.685593
2025-09-02 15:05:54.205 | INFO     | Pendulum.PendulumAPP:_processSerialData:121 - 🔄 数据来源: 串口接收 -> PendulumState.physical_length
2025-09-02 15:05:54.251 | INFO     | Pendulum.PendulumAPP:_processSerialData:120 - 📏 串口长度数据已更新: L25.685593 -> physical_length=25.685593
2025-09-02 15:05:54.252 | INFO     | Pendulum.PendulumAPP:_processSerialData:121 - 🔄 数据来源: 串口接收 -> PendulumState.physical_length
2025-09-02 15:05:54.297 | INFO     | Pendulum.PendulumAPP:_processSerialData:120 - 📏 串口长度数据已更新: L25.685593 -> physical_length=25.685593
2025-09-02 15:05:54.298 | INFO     | Pendulum.PendulumAPP:_processSerialData:121 - 🔄 数据来源: 串口接收 -> PendulumState.physical_length
2025-09-02 15:05:54.344 | INFO     | Pendulum.PendulumAPP:_processSerialData:120 - 📏 串口长度数据已更新: L25.685593 -> physical_length=25.685593
2025-09-02 15:05:54.345 | INFO     | Pendulum.PendulumAPP:_processSerialData:121 - 🔄 数据来源: 串口接收 -> PendulumState.physical_length
2025-09-02 15:05:54.391 | INFO     | Pendulum.PendulumAPP:_processSerialData:120 - 📏 串口长度数据已更新: L25.685593 -> physical_length=25.685593
2025-09-02 15:05:54.394 | INFO     | Pendulum.PendulumAPP:_processSerialData:121 - 🔄 数据来源: 串口接收 -> PendulumState.physical_length
2025-09-02 15:05:54.438 | INFO     | Pendulum.PendulumAPP:_processSerialData:120 - 📏 串口长度数据已更新: L25.685593 -> physical_length=25.685593
2025-09-02 15:05:54.439 | INFO     | Pendulum.PendulumAPP:_processSerialData:121 - 🔄 数据来源: 串口接收 -> PendulumState.physical_length
2025-09-02 15:05:54.484 | INFO     | Pendulum.PendulumAPP:_processSerialData:120 - 📏 串口长度数据已更新: L25.685593 -> physical_length=25.685593
2025-09-02 15:05:54.484 | INFO     | Pendulum.PendulumAPP:_processSerialData:121 - 🔄 数据来源: 串口接收 -> PendulumState.physical_length
2025-09-02 15:05:54.531 | INFO     | Pendulum.PendulumAPP:_processSerialData:120 - 📏 串口长度数据已更新: L25.685593 -> physical_length=25.685593
2025-09-02 15:05:54.536 | INFO     | Pendulum.PendulumAPP:_processSerialData:121 - 🔄 数据来源: 串口接收 -> PendulumState.physical_length
2025-09-02 15:05:54.578 | INFO     | Pendulum.PendulumAPP:_processSerialData:120 - 📏 串口长度数据已更新: L25.685593 -> physical_length=25.685593
2025-09-02 15:05:54.579 | INFO     | Pendulum.PendulumAPP:_processSerialData:121 - 🔄 数据来源: 串口接收 -> PendulumState.physical_length
2025-09-02 15:05:54.626 | INFO     | Pendulum.PendulumAPP:_processSerialData:120 - 📏 串口长度数据已更新: L25.685593 -> physical_length=25.685593
2025-09-02 15:05:54.627 | INFO     | Pendulum.PendulumAPP:_processSerialData:121 - 🔄 数据来源: 串口接收 -> PendulumState.physical_length
2025-09-02 15:05:54.668 | INFO     | Pendulum.PendulumAPP:_processSerialData:120 - 📏 串口长度数据已更新: L25.685593 -> physical_length=25.685593
2025-09-02 15:05:54.670 | INFO     | Pendulum.PendulumAPP:_processSerialData:121 - 🔄 数据来源: 串口接收 -> PendulumState.physical_length
2025-09-02 15:05:54.714 | INFO     | Pendulum.PendulumAPP:_processSerialData:120 - 📏 串口长度数据已更新: L25.685593 -> physical_length=25.685593
2025-09-02 15:05:54.717 | INFO     | Pendulum.PendulumAPP:_processSerialData:121 - 🔄 数据来源: 串口接收 -> PendulumState.physical_length
2025-09-02 15:05:54.761 | INFO     | Pendulum.PendulumAPP:_processSerialData:120 - 📏 串口长度数据已更新: L25.685593 -> physical_length=25.685593
2025-09-02 15:05:54.762 | INFO     | Pendulum.PendulumAPP:_processSerialData:121 - 🔄 数据来源: 串口接收 -> PendulumState.physical_length
2025-09-02 15:05:54.808 | INFO     | Pendulum.PendulumAPP:_processSerialData:120 - 📏 串口长度数据已更新: L25.685593 -> physical_length=25.685593
2025-09-02 15:05:54.810 | INFO     | Pendulum.PendulumAPP:_processSerialData:121 - 🔄 数据来源: 串口接收 -> PendulumState.physical_length
2025-09-02 15:05:54.854 | INFO     | Pendulum.PendulumAPP:_processSerialData:120 - 📏 串口长度数据已更新: L25.685593 -> physical_length=25.685593
2025-09-02 15:05:54.855 | INFO     | Pendulum.PendulumAPP:_processSerialData:121 - 🔄 数据来源: 串口接收 -> PendulumState.physical_length
2025-09-02 15:05:54.901 | INFO     | Pendulum.PendulumAPP:_processSerialData:120 - 📏 串口长度数据已更新: L25.685593 -> physical_length=25.685593
2025-09-02 15:05:54.901 | INFO     | Pendulum.PendulumAPP:_processSerialData:121 - 🔄 数据来源: 串口接收 -> PendulumState.physical_length
2025-09-02 15:05:54.948 | INFO     | Pendulum.PendulumAPP:_processSerialData:120 - 📏 串口长度数据已更新: L25.685593 -> physical_length=25.685593
2025-09-02 15:05:54.948 | INFO     | Pendulum.PendulumAPP:_processSerialData:121 - 🔄 数据来源: 串口接收 -> PendulumState.physical_length
2025-09-02 15:05:54.994 | INFO     | Pendulum.PendulumAPP:_processSerialData:120 - 📏 串口长度数据已更新: L25.685593 -> physical_length=25.685593
2025-09-02 15:05:54.995 | INFO     | Pendulum.PendulumAPP:_processSerialData:121 - 🔄 数据来源: 串口接收 -> PendulumState.physical_length
2025-09-02 15:05:55.042 | INFO     | Pendulum.PendulumAPP:_processSerialData:120 - 📏 串口长度数据已更新: L25.685593 -> physical_length=25.685593
2025-09-02 15:05:55.044 | INFO     | Pendulum.PendulumAPP:_processSerialData:121 - 🔄 数据来源: 串口接收 -> PendulumState.physical_length
2025-09-02 15:05:55.088 | INFO     | Pendulum.PendulumAPP:_processSerialData:120 - 📏 串口长度数据已更新: L25.685593 -> physical_length=25.685593
2025-09-02 15:05:55.088 | INFO     | Pendulum.PendulumAPP:_processSerialData:121 - 🔄 数据来源: 串口接收 -> PendulumState.physical_length
2025-09-02 15:05:55.136 | INFO     | Pendulum.PendulumAPP:_processSerialData:120 - 📏 串口长度数据已更新: L25.685593 -> physical_length=25.685593
2025-09-02 15:05:55.139 | INFO     | Pendulum.PendulumAPP:_processSerialData:121 - 🔄 数据来源: 串口接收 -> PendulumState.physical_length
2025-09-02 15:05:55.182 | INFO     | Pendulum.PendulumAPP:_processSerialData:120 - 📏 串口长度数据已更新: L25.685593 -> physical_length=25.685593
2025-09-02 15:05:55.183 | INFO     | Pendulum.PendulumAPP:_processSerialData:121 - 🔄 数据来源: 串口接收 -> PendulumState.physical_length
2025-09-02 15:05:55.229 | INFO     | Pendulum.PendulumAPP:_processSerialData:120 - 📏 串口长度数据已更新: L25.685593 -> physical_length=25.685593
2025-09-02 15:05:55.232 | INFO     | Pendulum.PendulumAPP:_processSerialData:121 - 🔄 数据来源: 串口接收 -> PendulumState.physical_length
2025-09-02 15:05:55.276 | INFO     | Pendulum.PendulumAPP:_processSerialData:120 - 📏 串口长度数据已更新: L25.685593 -> physical_length=25.685593
2025-09-02 15:05:55.278 | INFO     | Pendulum.PendulumAPP:_processSerialData:121 - 🔄 数据来源: 串口接收 -> PendulumState.physical_length
2025-09-02 15:05:55.323 | INFO     | Pendulum.PendulumAPP:_processSerialData:120 - 📏 串口长度数据已更新: L25.685593 -> physical_length=25.685593
2025-09-02 15:05:55.325 | INFO     | Pendulum.PendulumAPP:_processSerialData:121 - 🔄 数据来源: 串口接收 -> PendulumState.physical_length
2025-09-02 15:05:55.371 | INFO     | Pendulum.PendulumAPP:_processSerialData:120 - 📏 串口长度数据已更新: L25.685593 -> physical_length=25.685593
2025-09-02 15:05:55.373 | INFO     | Pendulum.PendulumAPP:_processSerialData:121 - 🔄 数据来源: 串口接收 -> PendulumState.physical_length
2025-09-02 15:05:55.417 | INFO     | Pendulum.PendulumAPP:_processSerialData:120 - 📏 串口长度数据已更新: L25.685593 -> physical_length=25.685593
2025-09-02 15:05:55.419 | INFO     | Pendulum.PendulumAPP:_processSerialData:121 - 🔄 数据来源: 串口接收 -> PendulumState.physical_length
2025-09-02 15:05:55.464 | INFO     | Pendulum.PendulumAPP:_processSerialData:120 - 📏 串口长度数据已更新: L25.685593 -> physical_length=25.685593
2025-09-02 15:05:55.465 | INFO     | Pendulum.PendulumAPP:_processSerialData:121 - 🔄 数据来源: 串口接收 -> PendulumState.physical_length
2025-09-02 15:05:55.510 | INFO     | Pendulum.PendulumAPP:_processSerialData:120 - 📏 串口长度数据已更新: L25.685593 -> physical_length=25.685593
2025-09-02 15:05:55.512 | INFO     | Pendulum.PendulumAPP:_processSerialData:121 - 🔄 数据来源: 串口接收 -> PendulumState.physical_length
2025-09-02 15:05:55.559 | INFO     | Pendulum.PendulumAPP:_processSerialData:120 - 📏 串口长度数据已更新: L25.685593 -> physical_length=25.685593
2025-09-02 15:05:55.560 | INFO     | Pendulum.PendulumAPP:_processSerialData:121 - 🔄 数据来源: 串口接收 -> PendulumState.physical_length
2025-09-02 15:05:55.604 | INFO     | Pendulum.PendulumAPP:_processSerialData:120 - 📏 串口长度数据已更新: L25.685593 -> physical_length=25.685593
2025-09-02 15:05:55.605 | INFO     | Pendulum.PendulumAPP:_processSerialData:121 - 🔄 数据来源: 串口接收 -> PendulumState.physical_length
2025-09-02 15:05:55.651 | INFO     | Pendulum.PendulumAPP:_processSerialData:120 - 📏 串口长度数据已更新: L25.685593 -> physical_length=25.685593
2025-09-02 15:05:55.651 | INFO     | Pendulum.PendulumAPP:_processSerialData:121 - 🔄 数据来源: 串口接收 -> PendulumState.physical_length
2025-09-02 15:05:55.697 | INFO     | Pendulum.PendulumAPP:_processSerialData:120 - 📏 串口长度数据已更新: L25.685593 -> physical_length=25.685593
2025-09-02 15:05:55.698 | INFO     | Pendulum.PendulumAPP:_processSerialData:121 - 🔄 数据来源: 串口接收 -> PendulumState.physical_length
2025-09-02 15:05:55.743 | INFO     | Pendulum.PendulumAPP:_processSerialData:120 - 📏 串口长度数据已更新: L25.685593 -> physical_length=25.685593
2025-09-02 15:05:55.744 | INFO     | Pendulum.PendulumAPP:_processSerialData:121 - 🔄 数据来源: 串口接收 -> PendulumState.physical_length
2025-09-02 15:05:55.789 | INFO     | Pendulum.PendulumAPP:_processSerialData:120 - 📏 串口长度数据已更新: L25.685593 -> physical_length=25.685593
2025-09-02 15:05:55.791 | INFO     | Pendulum.PendulumAPP:_processSerialData:121 - 🔄 数据来源: 串口接收 -> PendulumState.physical_length
2025-09-02 15:05:55.835 | INFO     | Pendulum.PendulumAPP:_processSerialData:120 - 📏 串口长度数据已更新: L25.685593 -> physical_length=25.685593
2025-09-02 15:05:55.835 | INFO     | Pendulum.PendulumAPP:_processSerialData:121 - 🔄 数据来源: 串口接收 -> PendulumState.physical_length
2025-09-02 15:05:55.882 | INFO     | Pendulum.PendulumAPP:_processSerialData:120 - 📏 串口长度数据已更新: L25.685593 -> physical_length=25.685593
2025-09-02 15:05:55.884 | INFO     | Pendulum.PendulumAPP:_processSerialData:121 - 🔄 数据来源: 串口接收 -> PendulumState.physical_length
2025-09-02 15:05:55.930 | INFO     | Pendulum.PendulumAPP:_processSerialData:120 - 📏 串口长度数据已更新: L25.685593 -> physical_length=25.685593
2025-09-02 15:05:55.930 | INFO     | Pendulum.PendulumAPP:_processSerialData:121 - 🔄 数据来源: 串口接收 -> PendulumState.physical_length
2025-09-02 15:05:55.975 | INFO     | Pendulum.PendulumAPP:_processSerialData:120 - 📏 串口长度数据已更新: L25.685593 -> physical_length=25.685593
2025-09-02 15:05:55.977 | INFO     | Pendulum.PendulumAPP:_processSerialData:121 - 🔄 数据来源: 串口接收 -> PendulumState.physical_length
2025-09-02 15:05:56.022 | INFO     | Pendulum.PendulumAPP:_processSerialData:120 - 📏 串口长度数据已更新: L25.685593 -> physical_length=25.685593
2025-09-02 15:05:56.023 | INFO     | Pendulum.PendulumAPP:_processSerialData:121 - 🔄 数据来源: 串口接收 -> PendulumState.physical_length
2025-09-02 15:05:56.069 | INFO     | Pendulum.PendulumAPP:_processSerialData:120 - 📏 串口长度数据已更新: L25.685593 -> physical_length=25.685593
2025-09-02 15:05:56.070 | INFO     | Pendulum.PendulumAPP:_processSerialData:121 - 🔄 数据来源: 串口接收 -> PendulumState.physical_length
2025-09-02 15:05:56.115 | INFO     | Pendulum.PendulumAPP:_processSerialData:120 - 📏 串口长度数据已更新: L25.685593 -> physical_length=25.685593
2025-09-02 15:05:56.116 | INFO     | Pendulum.PendulumAPP:_processSerialData:121 - 🔄 数据来源: 串口接收 -> PendulumState.physical_length
2025-09-02 15:05:56.161 | INFO     | Pendulum.PendulumAPP:_processSerialData:120 - 📏 串口长度数据已更新: L25.685593 -> physical_length=25.685593
2025-09-02 15:05:56.162 | INFO     | Pendulum.PendulumAPP:_processSerialData:121 - 🔄 数据来源: 串口接收 -> PendulumState.physical_length
2025-09-02 15:05:56.207 | INFO     | Pendulum.PendulumAPP:_processSerialData:120 - 📏 串口长度数据已更新: L25.685593 -> physical_length=25.685593
2025-09-02 15:05:56.208 | INFO     | Pendulum.PendulumAPP:_processSerialData:121 - 🔄 数据来源: 串口接收 -> PendulumState.physical_length
2025-09-02 15:05:56.255 | INFO     | Pendulum.PendulumAPP:_processSerialData:120 - 📏 串口长度数据已更新: L25.685593 -> physical_length=25.685593
2025-09-02 15:05:56.257 | INFO     | Pendulum.PendulumAPP:_processSerialData:121 - 🔄 数据来源: 串口接收 -> PendulumState.physical_length
2025-09-02 15:05:56.301 | INFO     | Pendulum.PendulumAPP:_processSerialData:120 - 📏 串口长度数据已更新: L25.685593 -> physical_length=25.685593
2025-09-02 15:05:56.305 | INFO     | Pendulum.PendulumAPP:_processSerialData:121 - 🔄 数据来源: 串口接收 -> PendulumState.physical_length
2025-09-02 15:05:56.347 | INFO     | Pendulum.PendulumAPP:_processSerialData:120 - 📏 串口长度数据已更新: L25.685593 -> physical_length=25.685593
2025-09-02 15:05:56.347 | INFO     | Pendulum.PendulumAPP:_processSerialData:121 - 🔄 数据来源: 串口接收 -> PendulumState.physical_length
2025-09-02 15:05:56.397 | INFO     | Pendulum.PendulumAPP:_processSerialData:120 - 📏 串口长度数据已更新: L25.685593 -> physical_length=25.685593
2025-09-02 15:05:56.398 | INFO     | Pendulum.PendulumAPP:_processSerialData:121 - 🔄 数据来源: 串口接收 -> PendulumState.physical_length
2025-09-02 15:05:56.432 | INFO     | Pendulum.PendulumAPP:_keyEventWeb:274 - u0
2025-09-02 15:05:56.435 | INFO     | Pendulum.SerialConncet:send:199 - sendu0
2025-09-02 15:05:56.436 | INFO     | Pendulum.SerialConncet:send:201 - [发送] u0
2025-09-02 15:05:56.442 | INFO     | Pendulum.PendulumAPP:_processSerialData:120 - 📏 串口长度数据已更新: L25.685593 -> physical_length=25.685593
2025-09-02 15:05:56.442 | INFO     | Pendulum.PendulumAPP:_processSerialData:121 - 🔄 数据来源: 串口接收 -> PendulumState.physical_length
2025-09-02 15:05:56.490 | INFO     | Pendulum.PendulumAPP:_processSerialData:120 - 📏 串口长度数据已更新: L25.685593 -> physical_length=25.685593
2025-09-02 15:05:56.491 | INFO     | Pendulum.PendulumAPP:_processSerialData:121 - 🔄 数据来源: 串口接收 -> PendulumState.physical_length
2025-09-02 15:05:56.536 | INFO     | Pendulum.PendulumAPP:_processSerialData:120 - 📏 串口长度数据已更新: L25.685593 -> physical_length=25.685593
2025-09-02 15:05:56.537 | INFO     | Pendulum.PendulumAPP:_processSerialData:121 - 🔄 数据来源: 串口接收 -> PendulumState.physical_length
2025-09-02 15:05:56.583 | INFO     | Pendulum.PendulumAPP:_processSerialData:120 - 📏 串口长度数据已更新: L25.685593 -> physical_length=25.685593
2025-09-02 15:05:56.586 | INFO     | Pendulum.PendulumAPP:_processSerialData:121 - 🔄 数据来源: 串口接收 -> PendulumState.physical_length
2025-09-02 15:05:56.630 | INFO     | Pendulum.PendulumAPP:_processSerialData:120 - 📏 串口长度数据已更新: L25.685593 -> physical_length=25.685593
2025-09-02 15:05:56.631 | INFO     | Pendulum.PendulumAPP:_processSerialData:121 - 🔄 数据来源: 串口接收 -> PendulumState.physical_length
2025-09-02 15:05:56.676 | INFO     | Pendulum.PendulumAPP:_processSerialData:120 - 📏 串口长度数据已更新: L25.685593 -> physical_length=25.685593
2025-09-02 15:05:56.677 | INFO     | Pendulum.PendulumAPP:_processSerialData:121 - 🔄 数据来源: 串口接收 -> PendulumState.physical_length
2025-09-02 15:05:56.723 | INFO     | Pendulum.PendulumAPP:_processSerialData:120 - 📏 串口长度数据已更新: L25.685593 -> physical_length=25.685593
2025-09-02 15:05:56.724 | INFO     | Pendulum.PendulumAPP:_processSerialData:121 - 🔄 数据来源: 串口接收 -> PendulumState.physical_length
2025-09-02 15:05:56.768 | INFO     | Pendulum.PendulumAPP:_processSerialData:120 - 📏 串口长度数据已更新: L25.685593 -> physical_length=25.685593
2025-09-02 15:05:56.769 | INFO     | Pendulum.PendulumAPP:_processSerialData:121 - 🔄 数据来源: 串口接收 -> PendulumState.physical_length
2025-09-02 15:05:56.817 | INFO     | Pendulum.PendulumAPP:_processSerialData:120 - 📏 串口长度数据已更新: L25.685593 -> physical_length=25.685593
2025-09-02 15:05:56.819 | INFO     | Pendulum.PendulumAPP:_processSerialData:121 - 🔄 数据来源: 串口接收 -> PendulumState.physical_length
2025-09-02 15:05:56.862 | INFO     | Pendulum.PendulumAPP:_processSerialData:120 - 📏 串口长度数据已更新: L25.685593 -> physical_length=25.685593
2025-09-02 15:05:56.863 | INFO     | Pendulum.PendulumAPP:_processSerialData:121 - 🔄 数据来源: 串口接收 -> PendulumState.physical_length
2025-09-02 15:05:56.909 | INFO     | Pendulum.PendulumAPP:_processSerialData:120 - 📏 串口长度数据已更新: L25.685593 -> physical_length=25.685593
2025-09-02 15:05:56.911 | INFO     | Pendulum.PendulumAPP:_processSerialData:121 - 🔄 数据来源: 串口接收 -> PendulumState.physical_length
2025-09-02 15:05:56.956 | INFO     | Pendulum.PendulumAPP:_processSerialData:120 - 📏 串口长度数据已更新: L25.685593 -> physical_length=25.685593
2025-09-02 15:05:56.957 | INFO     | Pendulum.PendulumAPP:_processSerialData:121 - 🔄 数据来源: 串口接收 -> PendulumState.physical_length
2025-09-02 15:05:57.002 | INFO     | Pendulum.PendulumAPP:_processSerialData:120 - 📏 串口长度数据已更新: L25.685593 -> physical_length=25.685593
2025-09-02 15:05:57.006 | INFO     | Pendulum.PendulumAPP:_processSerialData:121 - 🔄 数据来源: 串口接收 -> PendulumState.physical_length
2025-09-02 15:05:57.050 | INFO     | Pendulum.PendulumAPP:_processSerialData:120 - 📏 串口长度数据已更新: L25.685593 -> physical_length=25.685593
2025-09-02 15:05:57.052 | INFO     | Pendulum.PendulumAPP:_processSerialData:121 - 🔄 数据来源: 串口接收 -> PendulumState.physical_length
2025-09-02 15:05:57.098 | INFO     | Pendulum.PendulumAPP:_processSerialData:120 - 📏 串口长度数据已更新: L25.685593 -> physical_length=25.685593
2025-09-02 15:05:57.099 | INFO     | Pendulum.PendulumAPP:_processSerialData:121 - 🔄 数据来源: 串口接收 -> PendulumState.physical_length
2025-09-02 15:05:57.144 | INFO     | Pendulum.PendulumAPP:_processSerialData:120 - 📏 串口长度数据已更新: L25.685593 -> physical_length=25.685593
2025-09-02 15:05:57.147 | INFO     | Pendulum.PendulumAPP:_processSerialData:121 - 🔄 数据来源: 串口接收 -> PendulumState.physical_length
2025-09-02 15:05:57.190 | INFO     | Pendulum.PendulumAPP:_processSerialData:120 - 📏 串口长度数据已更新: L25.685593 -> physical_length=25.685593
2025-09-02 15:05:57.191 | INFO     | Pendulum.PendulumAPP:_processSerialData:121 - 🔄 数据来源: 串口接收 -> PendulumState.physical_length
2025-09-02 15:05:57.236 | INFO     | Pendulum.PendulumAPP:_processSerialData:120 - 📏 串口长度数据已更新: L25.685593 -> physical_length=25.685593
2025-09-02 15:05:57.236 | INFO     | Pendulum.PendulumAPP:_processSerialData:121 - 🔄 数据来源: 串口接收 -> PendulumState.physical_length
2025-09-02 15:05:57.283 | INFO     | Pendulum.PendulumAPP:_processSerialData:120 - 📏 串口长度数据已更新: L25.685593 -> physical_length=25.685593
2025-09-02 15:05:57.284 | INFO     | Pendulum.PendulumAPP:_processSerialData:121 - 🔄 数据来源: 串口接收 -> PendulumState.physical_length
2025-09-02 15:05:57.330 | INFO     | Pendulum.PendulumAPP:_processSerialData:120 - 📏 串口长度数据已更新: L25.685593 -> physical_length=25.685593
2025-09-02 15:05:57.330 | INFO     | Pendulum.PendulumAPP:_processSerialData:121 - 🔄 数据来源: 串口接收 -> PendulumState.physical_length
2025-09-02 15:05:57.377 | INFO     | Pendulum.PendulumAPP:_processSerialData:120 - 📏 串口长度数据已更新: L25.685593 -> physical_length=25.685593
2025-09-02 15:05:57.377 | INFO     | Pendulum.PendulumAPP:_processSerialData:121 - 🔄 数据来源: 串口接收 -> PendulumState.physical_length
2025-09-02 15:05:57.423 | INFO     | Pendulum.PendulumAPP:_processSerialData:120 - 📏 串口长度数据已更新: L25.685593 -> physical_length=25.685593
2025-09-02 15:05:57.424 | INFO     | Pendulum.PendulumAPP:_processSerialData:121 - 🔄 数据来源: 串口接收 -> PendulumState.physical_length
2025-09-02 15:05:57.470 | INFO     | Pendulum.PendulumAPP:_processSerialData:120 - 📏 串口长度数据已更新: L25.685593 -> physical_length=25.685593
2025-09-02 15:05:57.473 | INFO     | Pendulum.PendulumAPP:_processSerialData:121 - 🔄 数据来源: 串口接收 -> PendulumState.physical_length
2025-09-02 15:05:57.517 | INFO     | Pendulum.PendulumAPP:_processSerialData:120 - 📏 串口长度数据已更新: L25.685593 -> physical_length=25.685593
2025-09-02 15:05:57.518 | INFO     | Pendulum.PendulumAPP:_processSerialData:121 - 🔄 数据来源: 串口接收 -> PendulumState.physical_length
2025-09-02 15:05:57.563 | INFO     | Pendulum.PendulumAPP:_processSerialData:120 - 📏 串口长度数据已更新: L25.685593 -> physical_length=25.685593
2025-09-02 15:05:57.567 | INFO     | Pendulum.PendulumAPP:_processSerialData:121 - 🔄 数据来源: 串口接收 -> PendulumState.physical_length
2025-09-02 15:05:57.609 | INFO     | Pendulum.PendulumAPP:_processSerialData:120 - 📏 串口长度数据已更新: L25.685593 -> physical_length=25.685593
2025-09-02 15:05:57.611 | INFO     | Pendulum.PendulumAPP:_processSerialData:121 - 🔄 数据来源: 串口接收 -> PendulumState.physical_length
2025-09-02 15:05:57.656 | INFO     | Pendulum.PendulumAPP:_processSerialData:120 - 📏 串口长度数据已更新: L25.685593 -> physical_length=25.685593
2025-09-02 15:05:57.659 | INFO     | Pendulum.PendulumAPP:_processSerialData:121 - 🔄 数据来源: 串口接收 -> PendulumState.physical_length
2025-09-02 15:05:57.702 | INFO     | Pendulum.PendulumAPP:_processSerialData:120 - 📏 串口长度数据已更新: L25.685593 -> physical_length=25.685593
2025-09-02 15:05:57.704 | INFO     | Pendulum.PendulumAPP:_processSerialData:121 - 🔄 数据来源: 串口接收 -> PendulumState.physical_length
2025-09-02 15:05:57.747 | INFO     | Pendulum.PendulumAPP:_processSerialData:120 - 📏 串口长度数据已更新: L25.685593 -> physical_length=25.685593
2025-09-02 15:05:57.748 | INFO     | Pendulum.PendulumAPP:_processSerialData:121 - 🔄 数据来源: 串口接收 -> PendulumState.physical_length
2025-09-02 15:05:57.793 | INFO     | Pendulum.PendulumAPP:_processSerialData:120 - 📏 串口长度数据已更新: L25.685593 -> physical_length=25.685593
2025-09-02 15:05:57.797 | INFO     | Pendulum.PendulumAPP:_processSerialData:121 - 🔄 数据来源: 串口接收 -> PendulumState.physical_length
2025-09-02 15:05:57.841 | INFO     | Pendulum.PendulumAPP:_processSerialData:120 - 📏 串口长度数据已更新: L25.685593 -> physical_length=25.685593
2025-09-02 15:05:57.841 | INFO     | Pendulum.PendulumAPP:_processSerialData:121 - 🔄 数据来源: 串口接收 -> PendulumState.physical_length
2025-09-02 15:05:57.889 | INFO     | Pendulum.PendulumAPP:_processSerialData:120 - 📏 串口长度数据已更新: L25.685593 -> physical_length=25.685593
2025-09-02 15:05:57.890 | INFO     | Pendulum.PendulumAPP:_processSerialData:121 - 🔄 数据来源: 串口接收 -> PendulumState.physical_length
2025-09-02 15:05:57.935 | INFO     | Pendulum.PendulumAPP:_processSerialData:120 - 📏 串口长度数据已更新: L25.685593 -> physical_length=25.685593
2025-09-02 15:05:57.936 | INFO     | Pendulum.PendulumAPP:_processSerialData:121 - 🔄 数据来源: 串口接收 -> PendulumState.physical_length
2025-09-02 15:05:57.981 | INFO     | Pendulum.PendulumAPP:_processSerialData:120 - 📏 串口长度数据已更新: L25.685593 -> physical_length=25.685593
2025-09-02 15:05:57.986 | INFO     | Pendulum.PendulumAPP:_processSerialData:121 - 🔄 数据来源: 串口接收 -> PendulumState.physical_length
2025-09-02 15:05:58.027 | INFO     | Pendulum.PendulumAPP:_processSerialData:120 - 📏 串口长度数据已更新: L25.685593 -> physical_length=25.685593
2025-09-02 15:05:58.029 | INFO     | Pendulum.PendulumAPP:_processSerialData:121 - 🔄 数据来源: 串口接收 -> PendulumState.physical_length
2025-09-02 15:05:58.067 | INFO     | Pendulum.PendulumAPP:_keyEventWeb:252 - 清除数据
2025-09-02 15:05:58.068 | INFO     | Pendulum.SerialConncet:send:199 - sendr
2025-09-02 15:05:58.070 | INFO     | Pendulum.SerialConncet:send:201 - [发送] r
2025-09-02 15:05:58.072 | INFO     | Pendulum.SerialConncet:_run:176 - [接收] R
2025-09-02 15:05:58.113 | INFO     | Pendulum.PendulumAPP:_keyEventWeb:286 - d0
2025-09-02 15:05:58.114 | INFO     | Pendulum.SerialConncet:send:199 - sendd0
2025-09-02 15:05:58.115 | INFO     | Pendulum.SerialConncet:send:201 - [发送] d0
2025-09-02 15:05:58.133 | INFO     | Pendulum.SerialConncet:_run:176 - [接收] T0.000000,0.000000,0.000000
2025-09-02 15:06:00.021 | INFO     | Pendulum.SerialConncet:_run:176 - [接收] T1.000000,1.015861,1.015861
2025-09-02 15:06:00.022 | INFO     | Pendulum.SerialConncet:_run:176 - [接收] L25.500015
2025-09-02 15:06:00.026 | INFO     | Pendulum.PendulumAPP:_processSerialData:120 - 📏 串口长度数据已更新: L25.500015 -> physical_length=25.500015
2025-09-02 15:06:00.027 | INFO     | Pendulum.PendulumAPP:_processSerialData:121 - 🔄 数据来源: 串口接收 -> PendulumState.physical_length
2025-09-02 15:06:00.073 | INFO     | Pendulum.PendulumAPP:_processSerialData:120 - 📏 串口长度数据已更新: L25.500015 -> physical_length=25.500015
2025-09-02 15:06:00.076 | INFO     | Pendulum.PendulumAPP:_processSerialData:121 - 🔄 数据来源: 串口接收 -> PendulumState.physical_length
2025-09-02 15:06:00.120 | INFO     | Pendulum.PendulumAPP:_processSerialData:120 - 📏 串口长度数据已更新: L25.500015 -> physical_length=25.500015
2025-09-02 15:06:00.121 | INFO     | Pendulum.PendulumAPP:_processSerialData:121 - 🔄 数据来源: 串口接收 -> PendulumState.physical_length
2025-09-02 15:06:00.167 | INFO     | Pendulum.PendulumAPP:_processSerialData:120 - 📏 串口长度数据已更新: L25.500015 -> physical_length=25.500015
2025-09-02 15:06:00.169 | INFO     | Pendulum.PendulumAPP:_processSerialData:121 - 🔄 数据来源: 串口接收 -> PendulumState.physical_length
2025-09-02 15:06:00.213 | INFO     | Pendulum.PendulumAPP:_processSerialData:120 - 📏 串口长度数据已更新: L25.500015 -> physical_length=25.500015
2025-09-02 15:06:00.213 | INFO     | Pendulum.PendulumAPP:_processSerialData:121 - 🔄 数据来源: 串口接收 -> PendulumState.physical_length
2025-09-02 15:06:00.259 | INFO     | Pendulum.PendulumAPP:_processSerialData:120 - 📏 串口长度数据已更新: L25.500015 -> physical_length=25.500015
2025-09-02 15:06:00.260 | INFO     | Pendulum.PendulumAPP:_processSerialData:121 - 🔄 数据来源: 串口接收 -> PendulumState.physical_length
2025-09-02 15:06:00.306 | INFO     | Pendulum.PendulumAPP:_processSerialData:120 - 📏 串口长度数据已更新: L25.500015 -> physical_length=25.500015
2025-09-02 15:06:00.307 | INFO     | Pendulum.PendulumAPP:_processSerialData:121 - 🔄 数据来源: 串口接收 -> PendulumState.physical_length
2025-09-02 15:06:00.352 | INFO     | Pendulum.PendulumAPP:_processSerialData:120 - 📏 串口长度数据已更新: L25.500015 -> physical_length=25.500015
2025-09-02 15:06:00.355 | INFO     | Pendulum.PendulumAPP:_processSerialData:121 - 🔄 数据来源: 串口接收 -> PendulumState.physical_length
2025-09-02 15:06:00.398 | INFO     | Pendulum.PendulumAPP:_processSerialData:120 - 📏 串口长度数据已更新: L25.500015 -> physical_length=25.500015
2025-09-02 15:06:00.399 | INFO     | Pendulum.PendulumAPP:_processSerialData:121 - 🔄 数据来源: 串口接收 -> PendulumState.physical_length
2025-09-02 15:06:00.445 | INFO     | Pendulum.PendulumAPP:_processSerialData:120 - 📏 串口长度数据已更新: L25.500015 -> physical_length=25.500015
2025-09-02 15:06:00.446 | INFO     | Pendulum.PendulumAPP:_processSerialData:121 - 🔄 数据来源: 串口接收 -> PendulumState.physical_length
2025-09-02 15:06:00.493 | INFO     | Pendulum.PendulumAPP:_processSerialData:120 - 📏 串口长度数据已更新: L25.500015 -> physical_length=25.500015
2025-09-02 15:06:00.494 | INFO     | Pendulum.PendulumAPP:_processSerialData:121 - 🔄 数据来源: 串口接收 -> PendulumState.physical_length
2025-09-02 15:06:00.540 | INFO     | Pendulum.PendulumAPP:_processSerialData:120 - 📏 串口长度数据已更新: L25.500015 -> physical_length=25.500015
2025-09-02 15:06:00.541 | INFO     | Pendulum.PendulumAPP:_processSerialData:121 - 🔄 数据来源: 串口接收 -> PendulumState.physical_length
2025-09-02 15:06:00.585 | INFO     | Pendulum.PendulumAPP:_processSerialData:120 - 📏 串口长度数据已更新: L25.500015 -> physical_length=25.500015
2025-09-02 15:06:00.587 | INFO     | Pendulum.PendulumAPP:_processSerialData:121 - 🔄 数据来源: 串口接收 -> PendulumState.physical_length
2025-09-02 15:06:00.633 | INFO     | Pendulum.PendulumAPP:_processSerialData:120 - 📏 串口长度数据已更新: L25.500015 -> physical_length=25.500015
2025-09-02 15:06:00.633 | INFO     | Pendulum.PendulumAPP:_processSerialData:121 - 🔄 数据来源: 串口接收 -> PendulumState.physical_length
2025-09-02 15:06:00.677 | INFO     | Pendulum.PendulumAPP:_processSerialData:120 - 📏 串口长度数据已更新: L25.500015 -> physical_length=25.500015
2025-09-02 15:06:00.678 | INFO     | Pendulum.PendulumAPP:_processSerialData:121 - 🔄 数据来源: 串口接收 -> PendulumState.physical_length
2025-09-02 15:06:00.724 | INFO     | Pendulum.PendulumAPP:_processSerialData:120 - 📏 串口长度数据已更新: L25.500015 -> physical_length=25.500015
2025-09-02 15:06:00.725 | INFO     | Pendulum.PendulumAPP:_processSerialData:121 - 🔄 数据来源: 串口接收 -> PendulumState.physical_length
2025-09-02 15:06:00.771 | INFO     | Pendulum.PendulumAPP:_processSerialData:120 - 📏 串口长度数据已更新: L25.500015 -> physical_length=25.500015
2025-09-02 15:06:00.771 | INFO     | Pendulum.PendulumAPP:_processSerialData:121 - 🔄 数据来源: 串口接收 -> PendulumState.physical_length
2025-09-02 15:06:00.818 | INFO     | Pendulum.PendulumAPP:_processSerialData:120 - 📏 串口长度数据已更新: L25.500015 -> physical_length=25.500015
2025-09-02 15:06:00.819 | INFO     | Pendulum.PendulumAPP:_processSerialData:121 - 🔄 数据来源: 串口接收 -> PendulumState.physical_length
2025-09-02 15:06:00.865 | INFO     | Pendulum.PendulumAPP:_processSerialData:120 - 📏 串口长度数据已更新: L25.500015 -> physical_length=25.500015
2025-09-02 15:06:00.866 | INFO     | Pendulum.PendulumAPP:_processSerialData:121 - 🔄 数据来源: 串口接收 -> PendulumState.physical_length
2025-09-02 15:06:00.910 | INFO     | Pendulum.PendulumAPP:_processSerialData:120 - 📏 串口长度数据已更新: L25.500015 -> physical_length=25.500015
2025-09-02 15:06:00.912 | INFO     | Pendulum.PendulumAPP:_processSerialData:121 - 🔄 数据来源: 串口接收 -> PendulumState.physical_length
2025-09-02 15:06:00.956 | INFO     | Pendulum.PendulumAPP:_processSerialData:120 - 📏 串口长度数据已更新: L25.500015 -> physical_length=25.500015
2025-09-02 15:06:00.958 | INFO     | Pendulum.PendulumAPP:_processSerialData:121 - 🔄 数据来源: 串口接收 -> PendulumState.physical_length
2025-09-02 15:06:01.002 | INFO     | Pendulum.PendulumAPP:_processSerialData:120 - 📏 串口长度数据已更新: L25.500015 -> physical_length=25.500015
2025-09-02 15:06:01.003 | INFO     | Pendulum.PendulumAPP:_processSerialData:121 - 🔄 数据来源: 串口接收 -> PendulumState.physical_length
2025-09-02 15:06:01.034 | INFO     | Pendulum.SerialConncet:_run:176 - [接收] T2.000000,1.014680,2.030540
2025-09-02 15:06:02.043 | INFO     | Pendulum.SerialConncet:_run:176 - [接收] T3.000000,1.014594,3.045135
2025-09-02 15:06:03.057 | INFO     | Pendulum.SerialConncet:_run:176 - [接收] T4.000000,1.015406,4.060541
2025-09-02 15:06:04.067 | INFO     | Pendulum.SerialConncet:_run:176 - [接收] T5.000000,1.014673,5.075214
2025-09-02 15:06:05.077 | INFO     | Pendulum.SerialConncet:_run:176 - [接收] T6.000000,1.015493,6.090707
2025-09-02 15:06:06.089 | INFO     | Pendulum.SerialConncet:_run:176 - [接收] T7.000000,1.014799,7.105506
2025-09-02 15:06:07.100 | INFO     | Pendulum.SerialConncet:_run:176 - [接收] T8.000000,1.014562,8.120069
2025-09-02 15:06:08.111 | INFO     | Pendulum.SerialConncet:_run:176 - [接收] T9.000000,1.014797,9.134866
2025-09-02 15:06:09.124 | INFO     | Pendulum.SerialConncet:_run:176 - [接收] T10.000000,1.014554,10.149420
2025-09-02 15:06:10.136 | INFO     | Pendulum.SerialConncet:_run:176 - [接收] T11.000000,1.014490,11.163910
2025-09-02 15:06:11.146 | INFO     | Pendulum.SerialConncet:_run:176 - [接收] T12.000000,1.014938,12.178848
2025-09-02 15:06:12.158 | INFO     | Pendulum.SerialConncet:_run:176 - [接收] T13.000000,1.014906,13.193754
2025-09-02 15:06:13.170 | INFO     | Pendulum.SerialConncet:_run:176 - [接收] T14.000000,1.014616,14.208370
2025-09-02 15:06:14.180 | INFO     | Pendulum.SerialConncet:_run:176 - [接收] T15.000000,1.014916,15.223286
2025-09-02 15:06:15.192 | INFO     | Pendulum.SerialConncet:_run:176 - [接收] T16.000000,1.014464,16.237749
2025-09-02 15:06:16.203 | INFO     | Pendulum.SerialConncet:_run:176 - [接收] T17.000000,1.015035,17.252785
2025-09-02 15:06:17.214 | INFO     | Pendulum.SerialConncet:_run:176 - [接收] T18.000000,1.014785,18.267570
2025-09-02 15:06:18.226 | INFO     | Pendulum.SerialConncet:_run:176 - [接收] T19.000000,1.014259,19.281830
2025-09-02 15:06:19.237 | INFO     | Pendulum.SerialConncet:_run:176 - [接收] T20.000000,1.015193,20.297022
2025-09-02 15:06:23.462 | INFO     | Pendulum.PendulumAPP:_keyEventWeb:277 - n2
2025-09-02 15:06:23.464 | INFO     | Pendulum.SerialConncet:send:199 - sendn2
2025-09-02 15:06:23.467 | INFO     | Pendulum.SerialConncet:send:201 - [发送] n2
2025-09-02 15:06:27.236 | INFO     | Pendulum.PendulumAPP:_keyEventWeb:283 - n0
2025-09-02 15:06:27.237 | INFO     | Pendulum.SerialConncet:send:199 - sendn0
2025-09-02 15:06:27.238 | INFO     | Pendulum.SerialConncet:send:201 - [发送] n0
2025-09-02 15:06:29.922 | INFO     | Pendulum.PendulumAPP:_keyEventWeb:246 - ↓
2025-09-02 15:06:29.923 | INFO     | Pendulum.SerialConncet:send:199 - sendm1
2025-09-02 15:06:29.924 | INFO     | Pendulum.SerialConncet:send:201 - [发送] m1
2025-09-02 15:06:29.947 | INFO     | Pendulum.SerialConncet:_run:176 - [接收] L25.525537
2025-09-02 15:06:29.968 | INFO     | Pendulum.SerialConncet:_run:176 - [接收] L25.551058
2025-09-02 15:06:29.983 | INFO     | Pendulum.PendulumAPP:_processSerialData:120 - 📏 串口长度数据已更新: L25.551058 -> physical_length=25.551058
2025-09-02 15:06:29.984 | INFO     | Pendulum.PendulumAPP:_processSerialData:121 - 🔄 数据来源: 串口接收 -> PendulumState.physical_length
2025-09-02 15:06:29.989 | INFO     | Pendulum.SerialConncet:_run:176 - [接收] L25.576580
2025-09-02 15:06:30.013 | INFO     | Pendulum.SerialConncet:_run:176 - [接收] L25.602098
2025-09-02 15:06:30.030 | INFO     | Pendulum.SerialConncet:_run:176 - [接收] L25.627621
2025-09-02 15:06:30.045 | INFO     | Pendulum.PendulumAPP:_processSerialData:120 - 📏 串口长度数据已更新: L25.627621 -> physical_length=25.627621
2025-09-02 15:06:30.047 | INFO     | Pendulum.PendulumAPP:_processSerialData:121 - 🔄 数据来源: 串口接收 -> PendulumState.physical_length
2025-09-02 15:06:30.051 | INFO     | Pendulum.SerialConncet:_run:176 - [接收] L25.653143
2025-09-02 15:06:30.076 | INFO     | Pendulum.SerialConncet:_run:176 - [接收] L25.678663
2025-09-02 15:06:30.091 | INFO     | Pendulum.PendulumAPP:_processSerialData:120 - 📏 串口长度数据已更新: L25.678663 -> physical_length=25.678663
2025-09-02 15:06:30.093 | INFO     | Pendulum.PendulumAPP:_processSerialData:121 - 🔄 数据来源: 串口接收 -> PendulumState.physical_length
2025-09-02 15:06:30.101 | INFO     | Pendulum.SerialConncet:_run:176 - [接收] L25.704184
2025-09-02 15:06:30.114 | INFO     | Pendulum.SerialConncet:_run:176 - [接收] L25.729706
2025-09-02 15:06:30.135 | INFO     | Pendulum.SerialConncet:_run:176 - [接收] L25.755226
2025-09-02 15:06:30.137 | INFO     | Pendulum.PendulumAPP:_processSerialData:120 - 📏 串口长度数据已更新: L25.755226 -> physical_length=25.755226
2025-09-02 15:06:30.140 | INFO     | Pendulum.PendulumAPP:_processSerialData:121 - 🔄 数据来源: 串口接收 -> PendulumState.physical_length
2025-09-02 15:06:30.159 | INFO     | Pendulum.SerialConncet:_run:176 - [接收] L25.780746
2025-09-02 15:06:30.177 | INFO     | Pendulum.SerialConncet:_run:176 - [接收] L25.806269
2025-09-02 15:06:30.185 | INFO     | Pendulum.PendulumAPP:_processSerialData:120 - 📏 串口长度数据已更新: L25.806269 -> physical_length=25.806269
2025-09-02 15:06:30.186 | INFO     | Pendulum.PendulumAPP:_processSerialData:121 - 🔄 数据来源: 串口接收 -> PendulumState.physical_length
2025-09-02 15:06:30.199 | INFO     | Pendulum.SerialConncet:_run:176 - [接收] L25.831789
2025-09-02 15:06:30.219 | INFO     | Pendulum.SerialConncet:_run:176 - [接收] L25.857311
2025-09-02 15:06:30.234 | INFO     | Pendulum.PendulumAPP:_processSerialData:120 - 📏 串口长度数据已更新: L25.857311 -> physical_length=25.857311
2025-09-02 15:06:30.234 | INFO     | Pendulum.PendulumAPP:_processSerialData:121 - 🔄 数据来源: 串口接收 -> PendulumState.physical_length
2025-09-02 15:06:30.240 | INFO     | Pendulum.SerialConncet:_run:176 - [接收] L25.882830
2025-09-02 15:06:30.260 | INFO     | Pendulum.SerialConncet:_run:176 - [接收] L25.908352
2025-09-02 15:06:30.279 | INFO     | Pendulum.PendulumAPP:_processSerialData:120 - 📏 串口长度数据已更新: L25.908352 -> physical_length=25.908352
2025-09-02 15:06:30.279 | INFO     | Pendulum.PendulumAPP:_processSerialData:121 - 🔄 数据来源: 串口接收 -> PendulumState.physical_length
2025-09-02 15:06:30.281 | INFO     | Pendulum.SerialConncet:_run:176 - [接收] L25.933874
2025-09-02 15:06:30.303 | INFO     | Pendulum.SerialConncet:_run:176 - [接收] L25.959394
2025-09-02 15:06:30.324 | INFO     | Pendulum.SerialConncet:_run:176 - [接收] L25.984915
2025-09-02 15:06:30.326 | INFO     | Pendulum.PendulumAPP:_processSerialData:120 - 📏 串口长度数据已更新: L25.984915 -> physical_length=25.984915
2025-09-02 15:06:30.326 | INFO     | Pendulum.PendulumAPP:_processSerialData:121 - 🔄 数据来源: 串口接收 -> PendulumState.physical_length
2025-09-02 15:06:30.344 | INFO     | Pendulum.SerialConncet:_run:176 - [接收] L26.010435
2025-09-02 15:06:30.366 | INFO     | Pendulum.SerialConncet:_run:176 - [接收] L26.035957
2025-09-02 15:06:30.373 | INFO     | Pendulum.PendulumAPP:_processSerialData:120 - 📏 串口长度数据已更新: L26.035957 -> physical_length=26.035957
2025-09-02 15:06:30.374 | INFO     | Pendulum.PendulumAPP:_processSerialData:121 - 🔄 数据来源: 串口接收 -> PendulumState.physical_length
2025-09-02 15:06:30.386 | INFO     | Pendulum.SerialConncet:_run:176 - [接收] L26.061478
2025-09-02 15:06:30.407 | INFO     | Pendulum.SerialConncet:_run:176 - [接收] L26.086998
2025-09-02 15:06:30.419 | INFO     | Pendulum.PendulumAPP:_processSerialData:120 - 📏 串口长度数据已更新: L26.086998 -> physical_length=26.086998
2025-09-02 15:06:30.420 | INFO     | Pendulum.PendulumAPP:_processSerialData:121 - 🔄 数据来源: 串口接收 -> PendulumState.physical_length
2025-09-02 15:06:30.427 | INFO     | Pendulum.SerialConncet:_run:176 - [接收] L26.112520
2025-09-02 15:06:30.449 | INFO     | Pendulum.SerialConncet:_run:176 - [接收] L26.138042
2025-09-02 15:06:30.465 | INFO     | Pendulum.PendulumAPP:_processSerialData:120 - 📏 串口长度数据已更新: L26.138042 -> physical_length=26.138042
2025-09-02 15:06:30.465 | INFO     | Pendulum.PendulumAPP:_processSerialData:121 - 🔄 数据来源: 串口接收 -> PendulumState.physical_length
2025-09-02 15:06:30.470 | INFO     | Pendulum.SerialConncet:_run:176 - [接收] L26.163561
2025-09-02 15:06:30.491 | INFO     | Pendulum.SerialConncet:_run:176 - [接收] L26.189083
2025-09-02 15:06:30.512 | INFO     | Pendulum.PendulumAPP:_processSerialData:120 - 📏 串口长度数据已更新: L26.189083 -> physical_length=26.189083
2025-09-02 15:06:30.514 | INFO     | Pendulum.PendulumAPP:_processSerialData:121 - 🔄 数据来源: 串口接收 -> PendulumState.physical_length
2025-09-02 15:06:30.516 | INFO     | Pendulum.SerialConncet:_run:176 - [接收] L26.214605
2025-09-02 15:06:30.533 | INFO     | Pendulum.SerialConncet:_run:176 - [接收] L26.240126
2025-09-02 15:06:30.555 | INFO     | Pendulum.SerialConncet:_run:176 - [接收] L26.265646
2025-09-02 15:06:30.559 | INFO     | Pendulum.PendulumAPP:_processSerialData:120 - 📏 串口长度数据已更新: L26.265646 -> physical_length=26.265646
2025-09-02 15:06:30.560 | INFO     | Pendulum.PendulumAPP:_processSerialData:121 - 🔄 数据来源: 串口接收 -> PendulumState.physical_length
2025-09-02 15:06:30.575 | INFO     | Pendulum.SerialConncet:_run:176 - [接收] L26.291166
2025-09-02 15:06:30.595 | INFO     | Pendulum.SerialConncet:_run:176 - [接收] L26.316689
2025-09-02 15:06:30.606 | INFO     | Pendulum.PendulumAPP:_processSerialData:120 - 📏 串口长度数据已更新: L26.316689 -> physical_length=26.316689
2025-09-02 15:06:30.609 | INFO     | Pendulum.PendulumAPP:_processSerialData:121 - 🔄 数据来源: 串口接收 -> PendulumState.physical_length
2025-09-02 15:06:30.616 | INFO     | Pendulum.SerialConncet:_run:176 - [接收] L26.342209
2025-09-02 15:06:30.640 | INFO     | Pendulum.SerialConncet:_run:176 - [接收] L26.367729
2025-09-02 15:06:30.654 | INFO     | Pendulum.PendulumAPP:_processSerialData:120 - 📏 串口长度数据已更新: L26.367729 -> physical_length=26.367729
2025-09-02 15:06:30.655 | INFO     | Pendulum.PendulumAPP:_processSerialData:121 - 🔄 数据来源: 串口接收 -> PendulumState.physical_length
2025-09-02 15:06:30.658 | INFO     | Pendulum.SerialConncet:_run:176 - [接收] L26.393251
2025-09-02 15:06:30.680 | INFO     | Pendulum.SerialConncet:_run:176 - [接收] L26.418772
2025-09-02 15:06:30.699 | INFO     | Pendulum.PendulumAPP:_processSerialData:120 - 📏 串口长度数据已更新: L26.418772 -> physical_length=26.418772
2025-09-02 15:06:30.701 | INFO     | Pendulum.PendulumAPP:_processSerialData:121 - 🔄 数据来源: 串口接收 -> PendulumState.physical_length
2025-09-02 15:06:30.703 | INFO     | Pendulum.SerialConncet:_run:176 - [接收] L26.444292
2025-09-02 15:06:30.721 | INFO     | Pendulum.SerialConncet:_run:176 - [接收] L26.469814
2025-09-02 15:06:30.742 | INFO     | Pendulum.SerialConncet:_run:176 - [接收] L26.495335
2025-09-02 15:06:30.745 | INFO     | Pendulum.PendulumAPP:_processSerialData:120 - 📏 串口长度数据已更新: L26.495335 -> physical_length=26.495335
2025-09-02 15:06:30.746 | INFO     | Pendulum.PendulumAPP:_processSerialData:121 - 🔄 数据来源: 串口接收 -> PendulumState.physical_length
2025-09-02 15:06:30.764 | INFO     | Pendulum.SerialConncet:_run:176 - [接收] L26.520857
2025-09-02 15:06:30.786 | INFO     | Pendulum.SerialConncet:_run:176 - [接收] L26.546377
2025-09-02 15:06:30.792 | INFO     | Pendulum.PendulumAPP:_processSerialData:120 - 📏 串口长度数据已更新: L26.546377 -> physical_length=26.546377
2025-09-02 15:06:30.792 | INFO     | Pendulum.PendulumAPP:_processSerialData:121 - 🔄 数据来源: 串口接收 -> PendulumState.physical_length
2025-09-02 15:06:30.804 | INFO     | Pendulum.SerialConncet:_run:176 - [接收] L26.571898
2025-09-02 15:06:30.827 | INFO     | Pendulum.SerialConncet:_run:176 - [接收] L26.597420
2025-09-02 15:06:30.841 | INFO     | Pendulum.PendulumAPP:_processSerialData:120 - 📏 串口长度数据已更新: L26.597420 -> physical_length=26.597420
2025-09-02 15:06:30.842 | INFO     | Pendulum.PendulumAPP:_processSerialData:121 - 🔄 数据来源: 串口接收 -> PendulumState.physical_length
2025-09-02 15:06:30.846 | INFO     | Pendulum.SerialConncet:_run:176 - [接收] L26.622940
2025-09-02 15:06:30.867 | INFO     | Pendulum.SerialConncet:_run:176 - [接收] L26.648460
2025-09-02 15:06:30.887 | INFO     | Pendulum.PendulumAPP:_processSerialData:120 - 📏 串口长度数据已更新: L26.648460 -> physical_length=26.648460
2025-09-02 15:06:30.888 | INFO     | Pendulum.PendulumAPP:_processSerialData:121 - 🔄 数据来源: 串口接收 -> PendulumState.physical_length
2025-09-02 15:06:30.897 | INFO     | Pendulum.SerialConncet:_run:176 - [接收] L26.673983
2025-09-02 15:06:30.909 | INFO     | Pendulum.SerialConncet:_run:176 - [接收] L26.699503
2025-09-02 15:06:30.930 | INFO     | Pendulum.SerialConncet:_run:176 - [接收] L26.725023
2025-09-02 15:06:30.933 | INFO     | Pendulum.PendulumAPP:_processSerialData:120 - 📏 串口长度数据已更新: L26.725023 -> physical_length=26.725023
2025-09-02 15:06:30.933 | INFO     | Pendulum.PendulumAPP:_processSerialData:121 - 🔄 数据来源: 串口接收 -> PendulumState.physical_length
2025-09-02 15:06:30.951 | INFO     | Pendulum.SerialConncet:_run:176 - [接收] L26.750546
2025-09-02 15:06:30.973 | INFO     | Pendulum.SerialConncet:_run:176 - [接收] L26.776066
2025-09-02 15:06:30.980 | INFO     | Pendulum.PendulumAPP:_processSerialData:120 - 📏 串口长度数据已更新: L26.776066 -> physical_length=26.776066
2025-09-02 15:06:30.981 | INFO     | Pendulum.PendulumAPP:_processSerialData:121 - 🔄 数据来源: 串口接收 -> PendulumState.physical_length
2025-09-02 15:06:30.993 | INFO     | Pendulum.SerialConncet:_run:176 - [接收] L26.801588
2025-09-02 15:06:31.014 | INFO     | Pendulum.SerialConncet:_run:176 - [接收] L26.827106
2025-09-02 15:06:31.027 | INFO     | Pendulum.PendulumAPP:_processSerialData:120 - 📏 串口长度数据已更新: L26.827106 -> physical_length=26.827106
2025-09-02 15:06:31.028 | INFO     | Pendulum.PendulumAPP:_processSerialData:121 - 🔄 数据来源: 串口接收 -> PendulumState.physical_length
2025-09-02 15:06:31.035 | INFO     | Pendulum.SerialConncet:_run:176 - [接收] L26.852631
2025-09-02 15:06:31.055 | INFO     | Pendulum.SerialConncet:_run:176 - [接收] L26.878151
2025-09-02 15:06:31.072 | INFO     | Pendulum.PendulumAPP:_processSerialData:120 - 📏 串口长度数据已更新: L26.878151 -> physical_length=26.878151
2025-09-02 15:06:31.074 | INFO     | Pendulum.PendulumAPP:_processSerialData:121 - 🔄 数据来源: 串口接收 -> PendulumState.physical_length
2025-09-02 15:06:31.078 | INFO     | Pendulum.SerialConncet:_run:176 - [接收] L26.903671
2025-09-02 15:06:31.098 | INFO     | Pendulum.SerialConncet:_run:176 - [接收] L26.929190
2025-09-02 15:06:31.119 | INFO     | Pendulum.PendulumAPP:_processSerialData:120 - 📏 串口长度数据已更新: L26.929190 -> physical_length=26.929190
2025-09-02 15:06:31.120 | INFO     | Pendulum.PendulumAPP:_processSerialData:121 - 🔄 数据来源: 串口接收 -> PendulumState.physical_length
2025-09-02 15:06:31.121 | INFO     | Pendulum.SerialConncet:_run:176 - [接收] L26.954714
2025-09-02 15:06:31.141 | INFO     | Pendulum.SerialConncet:_run:176 - [接收] L26.980234
2025-09-02 15:06:31.160 | INFO     | Pendulum.SerialConncet:_run:176 - [接收] L27.005754
2025-09-02 15:06:31.165 | INFO     | Pendulum.PendulumAPP:_processSerialData:120 - 📏 串口长度数据已更新: L27.005754 -> physical_length=27.005754
2025-09-02 15:06:31.166 | INFO     | Pendulum.PendulumAPP:_processSerialData:121 - 🔄 数据来源: 串口接收 -> PendulumState.physical_length
2025-09-02 15:06:31.182 | INFO     | Pendulum.SerialConncet:_run:176 - [接收] L27.031277
2025-09-02 15:06:31.206 | INFO     | Pendulum.SerialConncet:_run:176 - [接收] L27.056797
2025-09-02 15:06:31.212 | INFO     | Pendulum.PendulumAPP:_processSerialData:120 - 📏 串口长度数据已更新: L27.056797 -> physical_length=27.056797
2025-09-02 15:06:31.212 | INFO     | Pendulum.PendulumAPP:_processSerialData:121 - 🔄 数据来源: 串口接收 -> PendulumState.physical_length
2025-09-02 15:06:31.223 | INFO     | Pendulum.SerialConncet:_run:176 - [接收] L27.082317
2025-09-02 15:06:31.246 | INFO     | Pendulum.SerialConncet:_run:176 - [接收] L27.107840
2025-09-02 15:06:31.258 | INFO     | Pendulum.PendulumAPP:_processSerialData:120 - 📏 串口长度数据已更新: L27.107840 -> physical_length=27.107840
2025-09-02 15:06:31.260 | INFO     | Pendulum.PendulumAPP:_processSerialData:121 - 🔄 数据来源: 串口接收 -> PendulumState.physical_length
2025-09-02 15:06:31.265 | INFO     | Pendulum.SerialConncet:_run:176 - [接收] L27.133360
2025-09-02 15:06:31.286 | INFO     | Pendulum.SerialConncet:_run:176 - [接收] L27.158880
2025-09-02 15:06:31.304 | INFO     | Pendulum.PendulumAPP:_processSerialData:120 - 📏 串口长度数据已更新: L27.158880 -> physical_length=27.158880
2025-09-02 15:06:31.305 | INFO     | Pendulum.PendulumAPP:_processSerialData:121 - 🔄 数据来源: 串口接收 -> PendulumState.physical_length
2025-09-02 15:06:31.307 | INFO     | Pendulum.SerialConncet:_run:176 - [接收] L27.184402
2025-09-02 15:06:31.328 | INFO     | Pendulum.SerialConncet:_run:176 - [接收] L27.209923
2025-09-02 15:06:31.348 | INFO     | Pendulum.SerialConncet:_run:176 - [接收] L27.235443
2025-09-02 15:06:31.353 | INFO     | Pendulum.PendulumAPP:_processSerialData:120 - 📏 串口长度数据已更新: L27.235443 -> physical_length=27.235443
2025-09-02 15:06:31.355 | INFO     | Pendulum.PendulumAPP:_processSerialData:121 - 🔄 数据来源: 串口接收 -> PendulumState.physical_length
2025-09-02 15:06:31.369 | INFO     | Pendulum.SerialConncet:_run:176 - [接收] L27.260967
2025-09-02 15:06:31.391 | INFO     | Pendulum.SerialConncet:_run:176 - [接收] L27.286486
2025-09-02 15:06:31.398 | INFO     | Pendulum.PendulumAPP:_processSerialData:120 - 📏 串口长度数据已更新: L27.286486 -> physical_length=27.286486
2025-09-02 15:06:31.399 | INFO     | Pendulum.PendulumAPP:_processSerialData:121 - 🔄 数据来源: 串口接收 -> PendulumState.physical_length
2025-09-02 15:06:31.412 | INFO     | Pendulum.SerialConncet:_run:176 - [接收] L27.312006
2025-09-02 15:06:31.432 | INFO     | Pendulum.SerialConncet:_run:176 - [接收] L27.337530
2025-09-02 15:06:31.445 | INFO     | Pendulum.PendulumAPP:_processSerialData:120 - 📏 串口长度数据已更新: L27.337530 -> physical_length=27.337530
2025-09-02 15:06:31.447 | INFO     | Pendulum.PendulumAPP:_processSerialData:121 - 🔄 数据来源: 串口接收 -> PendulumState.physical_length
2025-09-02 15:06:31.454 | INFO     | Pendulum.SerialConncet:_run:176 - [接收] L27.363050
2025-09-02 15:06:31.474 | INFO     | Pendulum.SerialConncet:_run:176 - [接收] L27.388569
2025-09-02 15:06:31.492 | INFO     | Pendulum.PendulumAPP:_processSerialData:120 - 📏 串口长度数据已更新: L27.388569 -> physical_length=27.388569
2025-09-02 15:06:31.493 | INFO     | Pendulum.PendulumAPP:_processSerialData:121 - 🔄 数据来源: 串口接收 -> PendulumState.physical_length
2025-09-02 15:06:31.497 | INFO     | Pendulum.SerialConncet:_run:176 - [接收] L27.414089
2025-09-02 15:06:31.517 | INFO     | Pendulum.SerialConncet:_run:176 - [接收] L27.439613
2025-09-02 15:06:31.537 | INFO     | Pendulum.SerialConncet:_run:176 - [接收] L27.465134
2025-09-02 15:06:31.539 | INFO     | Pendulum.PendulumAPP:_processSerialData:120 - 📏 串口长度数据已更新: L27.465134 -> physical_length=27.465134
2025-09-02 15:06:31.540 | INFO     | Pendulum.PendulumAPP:_processSerialData:121 - 🔄 数据来源: 串口接收 -> PendulumState.physical_length
2025-09-02 15:06:31.558 | INFO     | Pendulum.SerialConncet:_run:176 - [接收] L27.490652
2025-09-02 15:06:31.579 | INFO     | Pendulum.SerialConncet:_run:176 - [接收] L27.516176
2025-09-02 15:06:31.586 | INFO     | Pendulum.PendulumAPP:_processSerialData:120 - 📏 串口长度数据已更新: L27.516176 -> physical_length=27.516176
2025-09-02 15:06:31.586 | INFO     | Pendulum.PendulumAPP:_processSerialData:121 - 🔄 数据来源: 串口接收 -> PendulumState.physical_length
2025-09-02 15:06:31.599 | INFO     | Pendulum.SerialConncet:_run:176 - [接收] L27.541697
2025-09-02 15:06:31.621 | INFO     | Pendulum.SerialConncet:_run:176 - [接收] L27.567217
2025-09-02 15:06:31.632 | INFO     | Pendulum.PendulumAPP:_processSerialData:120 - 📏 串口长度数据已更新: L27.567217 -> physical_length=27.567217
2025-09-02 15:06:31.634 | INFO     | Pendulum.PendulumAPP:_processSerialData:121 - 🔄 数据来源: 串口接收 -> PendulumState.physical_length
2025-09-02 15:06:31.642 | INFO     | Pendulum.SerialConncet:_run:176 - [接收] L27.592739
2025-09-02 15:06:31.663 | INFO     | Pendulum.SerialConncet:_run:176 - [接收] L27.618259
2025-09-02 15:06:31.679 | INFO     | Pendulum.PendulumAPP:_processSerialData:120 - 📏 串口长度数据已更新: L27.618259 -> physical_length=27.618259
2025-09-02 15:06:31.680 | INFO     | Pendulum.PendulumAPP:_processSerialData:121 - 🔄 数据来源: 串口接收 -> PendulumState.physical_length
2025-09-02 15:06:31.685 | INFO     | Pendulum.SerialConncet:_run:176 - [接收] L27.643780
2025-09-02 15:06:31.704 | INFO     | Pendulum.SerialConncet:_run:176 - [接收] L27.669302
2025-09-02 15:06:31.725 | INFO     | Pendulum.PendulumAPP:_processSerialData:120 - 📏 串口长度数据已更新: L27.669302 -> physical_length=27.669302
2025-09-02 15:06:31.728 | INFO     | Pendulum.PendulumAPP:_processSerialData:121 - 🔄 数据来源: 串口接收 -> PendulumState.physical_length
2025-09-02 15:06:31.730 | INFO     | Pendulum.SerialConncet:_run:176 - [接收] L27.694822
2025-09-02 15:06:31.747 | INFO     | Pendulum.SerialConncet:_run:176 - [接收] L27.720343
2025-09-02 15:06:31.768 | INFO     | Pendulum.SerialConncet:_run:176 - [接收] L27.745863
2025-09-02 15:06:31.772 | INFO     | Pendulum.PendulumAPP:_processSerialData:120 - 📏 串口长度数据已更新: L27.745863 -> physical_length=27.745863
2025-09-02 15:06:31.775 | INFO     | Pendulum.PendulumAPP:_processSerialData:121 - 🔄 数据来源: 串口接收 -> PendulumState.physical_length
2025-09-02 15:06:31.790 | INFO     | Pendulum.SerialConncet:_run:176 - [接收] L27.771385
2025-09-02 15:06:31.809 | INFO     | Pendulum.SerialConncet:_run:176 - [接收] L27.796906
2025-09-02 15:06:31.819 | INFO     | Pendulum.PendulumAPP:_processSerialData:120 - 📏 串口长度数据已更新: L27.796906 -> physical_length=27.796906
2025-09-02 15:06:31.820 | INFO     | Pendulum.PendulumAPP:_processSerialData:121 - 🔄 数据来源: 串口接收 -> PendulumState.physical_length
2025-09-02 15:06:31.830 | INFO     | Pendulum.SerialConncet:_run:176 - [接收] L27.822426
2025-09-02 15:06:31.851 | INFO     | Pendulum.SerialConncet:_run:176 - [接收] L27.847948
2025-09-02 15:06:31.866 | INFO     | Pendulum.PendulumAPP:_processSerialData:120 - 📏 串口长度数据已更新: L27.847948 -> physical_length=27.847948
2025-09-02 15:06:31.867 | INFO     | Pendulum.PendulumAPP:_processSerialData:121 - 🔄 数据来源: 串口接收 -> PendulumState.physical_length
2025-09-02 15:06:31.872 | INFO     | Pendulum.SerialConncet:_run:176 - [接收] L27.873468
2025-09-02 15:06:31.897 | INFO     | Pendulum.SerialConncet:_run:176 - [接收] L27.898989
2025-09-02 15:06:31.904 | INFO     | Pendulum.PendulumAPP:_keyEventWeb:249 - stop
2025-09-02 15:06:31.905 | INFO     | Pendulum.SerialConncet:send:199 - sendm0
2025-09-02 15:06:31.907 | INFO     | Pendulum.SerialConncet:send:201 - [发送] m0
2025-09-02 15:06:31.913 | INFO     | Pendulum.PendulumAPP:_processSerialData:120 - 📏 串口长度数据已更新: L27.898989 -> physical_length=27.898989
2025-09-02 15:06:31.915 | INFO     | Pendulum.PendulumAPP:_processSerialData:121 - 🔄 数据来源: 串口接收 -> PendulumState.physical_length
2025-09-02 15:06:31.921 | INFO     | Pendulum.SerialConncet:_run:176 - [接收] L27.924513
2025-09-02 15:06:31.946 | INFO     | Pendulum.PendulumAPP:_processSerialData:120 - 📏 串口长度数据已更新: L27.924513 -> physical_length=27.924513
2025-09-02 15:06:31.947 | INFO     | Pendulum.PendulumAPP:_processSerialData:121 - 🔄 数据来源: 串口接收 -> PendulumState.physical_length
2025-09-02 15:06:31.993 | INFO     | Pendulum.PendulumAPP:_processSerialData:120 - 📏 串口长度数据已更新: L27.924513 -> physical_length=27.924513
2025-09-02 15:06:31.995 | INFO     | Pendulum.PendulumAPP:_processSerialData:121 - 🔄 数据来源: 串口接收 -> PendulumState.physical_length
2025-09-02 15:06:32.038 | INFO     | Pendulum.PendulumAPP:_processSerialData:120 - 📏 串口长度数据已更新: L27.924513 -> physical_length=27.924513
2025-09-02 15:06:32.039 | INFO     | Pendulum.PendulumAPP:_processSerialData:121 - 🔄 数据来源: 串口接收 -> PendulumState.physical_length
2025-09-02 15:06:32.084 | INFO     | Pendulum.PendulumAPP:_processSerialData:120 - 📏 串口长度数据已更新: L27.924513 -> physical_length=27.924513
2025-09-02 15:06:32.085 | INFO     | Pendulum.PendulumAPP:_processSerialData:121 - 🔄 数据来源: 串口接收 -> PendulumState.physical_length
2025-09-02 15:06:32.129 | INFO     | Pendulum.PendulumAPP:_processSerialData:120 - 📏 串口长度数据已更新: L27.924513 -> physical_length=27.924513
2025-09-02 15:06:32.133 | INFO     | Pendulum.PendulumAPP:_processSerialData:121 - 🔄 数据来源: 串口接收 -> PendulumState.physical_length
2025-09-02 15:06:32.175 | INFO     | Pendulum.PendulumAPP:_processSerialData:120 - 📏 串口长度数据已更新: L27.924513 -> physical_length=27.924513
2025-09-02 15:06:32.176 | INFO     | Pendulum.PendulumAPP:_processSerialData:121 - 🔄 数据来源: 串口接收 -> PendulumState.physical_length
2025-09-02 15:06:32.222 | INFO     | Pendulum.PendulumAPP:_processSerialData:120 - 📏 串口长度数据已更新: L27.924513 -> physical_length=27.924513
2025-09-02 15:06:32.223 | INFO     | Pendulum.PendulumAPP:_processSerialData:121 - 🔄 数据来源: 串口接收 -> PendulumState.physical_length
2025-09-02 15:06:32.269 | INFO     | Pendulum.PendulumAPP:_processSerialData:120 - 📏 串口长度数据已更新: L27.924513 -> physical_length=27.924513
2025-09-02 15:06:32.272 | INFO     | Pendulum.PendulumAPP:_processSerialData:121 - 🔄 数据来源: 串口接收 -> PendulumState.physical_length
2025-09-02 15:06:32.315 | INFO     | Pendulum.PendulumAPP:_processSerialData:120 - 📏 串口长度数据已更新: L27.924513 -> physical_length=27.924513
2025-09-02 15:06:32.319 | INFO     | Pendulum.PendulumAPP:_processSerialData:121 - 🔄 数据来源: 串口接收 -> PendulumState.physical_length
2025-09-02 15:06:32.362 | INFO     | Pendulum.PendulumAPP:_processSerialData:120 - 📏 串口长度数据已更新: L27.924513 -> physical_length=27.924513
2025-09-02 15:06:32.363 | INFO     | Pendulum.PendulumAPP:_processSerialData:121 - 🔄 数据来源: 串口接收 -> PendulumState.physical_length
2025-09-02 15:06:32.409 | INFO     | Pendulum.PendulumAPP:_processSerialData:120 - 📏 串口长度数据已更新: L27.924513 -> physical_length=27.924513
2025-09-02 15:06:32.411 | INFO     | Pendulum.PendulumAPP:_processSerialData:121 - 🔄 数据来源: 串口接收 -> PendulumState.physical_length
2025-09-02 15:06:32.456 | INFO     | Pendulum.PendulumAPP:_processSerialData:120 - 📏 串口长度数据已更新: L27.924513 -> physical_length=27.924513
2025-09-02 15:06:32.456 | INFO     | Pendulum.PendulumAPP:_processSerialData:121 - 🔄 数据来源: 串口接收 -> PendulumState.physical_length
2025-09-02 15:06:32.502 | INFO     | Pendulum.PendulumAPP:_processSerialData:120 - 📏 串口长度数据已更新: L27.924513 -> physical_length=27.924513
2025-09-02 15:06:32.506 | INFO     | Pendulum.PendulumAPP:_processSerialData:121 - 🔄 数据来源: 串口接收 -> PendulumState.physical_length
2025-09-02 15:06:32.549 | INFO     | Pendulum.PendulumAPP:_processSerialData:120 - 📏 串口长度数据已更新: L27.924513 -> physical_length=27.924513
2025-09-02 15:06:32.550 | INFO     | Pendulum.PendulumAPP:_processSerialData:121 - 🔄 数据来源: 串口接收 -> PendulumState.physical_length
2025-09-02 15:06:32.597 | INFO     | Pendulum.PendulumAPP:_processSerialData:120 - 📏 串口长度数据已更新: L27.924513 -> physical_length=27.924513
2025-09-02 15:06:32.598 | INFO     | Pendulum.PendulumAPP:_processSerialData:121 - 🔄 数据来源: 串口接收 -> PendulumState.physical_length
2025-09-02 15:06:32.642 | INFO     | Pendulum.PendulumAPP:_processSerialData:120 - 📏 串口长度数据已更新: L27.924513 -> physical_length=27.924513
2025-09-02 15:06:32.643 | INFO     | Pendulum.PendulumAPP:_processSerialData:121 - 🔄 数据来源: 串口接收 -> PendulumState.physical_length
2025-09-02 15:06:32.689 | INFO     | Pendulum.PendulumAPP:_processSerialData:120 - 📏 串口长度数据已更新: L27.924513 -> physical_length=27.924513
2025-09-02 15:06:32.691 | INFO     | Pendulum.PendulumAPP:_processSerialData:121 - 🔄 数据来源: 串口接收 -> PendulumState.physical_length
2025-09-02 15:06:32.735 | INFO     | Pendulum.PendulumAPP:_processSerialData:120 - 📏 串口长度数据已更新: L27.924513 -> physical_length=27.924513
2025-09-02 15:06:32.736 | INFO     | Pendulum.PendulumAPP:_processSerialData:121 - 🔄 数据来源: 串口接收 -> PendulumState.physical_length
2025-09-02 15:06:32.783 | INFO     | Pendulum.PendulumAPP:_processSerialData:120 - 📏 串口长度数据已更新: L27.924513 -> physical_length=27.924513
2025-09-02 15:06:32.786 | INFO     | Pendulum.PendulumAPP:_processSerialData:121 - 🔄 数据来源: 串口接收 -> PendulumState.physical_length
2025-09-02 15:06:32.827 | INFO     | Pendulum.PendulumAPP:_processSerialData:120 - 📏 串口长度数据已更新: L27.924513 -> physical_length=27.924513
2025-09-02 15:06:32.827 | INFO     | Pendulum.PendulumAPP:_processSerialData:121 - 🔄 数据来源: 串口接收 -> PendulumState.physical_length
2025-09-02 15:06:32.873 | INFO     | Pendulum.PendulumAPP:_processSerialData:120 - 📏 串口长度数据已更新: L27.924513 -> physical_length=27.924513
2025-09-02 15:06:32.876 | INFO     | Pendulum.PendulumAPP:_processSerialData:121 - 🔄 数据来源: 串口接收 -> PendulumState.physical_length
2025-09-02 15:06:32.919 | INFO     | Pendulum.PendulumAPP:_processSerialData:120 - 📏 串口长度数据已更新: L27.924513 -> physical_length=27.924513
2025-09-02 15:06:32.920 | INFO     | Pendulum.PendulumAPP:_processSerialData:121 - 🔄 数据来源: 串口接收 -> PendulumState.physical_length
2025-09-02 15:06:32.966 | INFO     | Pendulum.PendulumAPP:_processSerialData:120 - 📏 串口长度数据已更新: L27.924513 -> physical_length=27.924513
2025-09-02 15:06:32.966 | INFO     | Pendulum.PendulumAPP:_processSerialData:121 - 🔄 数据来源: 串口接收 -> PendulumState.physical_length
2025-09-02 15:06:33.013 | INFO     | Pendulum.PendulumAPP:_processSerialData:120 - 📏 串口长度数据已更新: L27.924513 -> physical_length=27.924513
2025-09-02 15:06:33.013 | INFO     | Pendulum.PendulumAPP:_processSerialData:121 - 🔄 数据来源: 串口接收 -> PendulumState.physical_length
2025-09-02 15:06:33.059 | INFO     | Pendulum.PendulumAPP:_processSerialData:120 - 📏 串口长度数据已更新: L27.924513 -> physical_length=27.924513
2025-09-02 15:06:33.061 | INFO     | Pendulum.PendulumAPP:_processSerialData:121 - 🔄 数据来源: 串口接收 -> PendulumState.physical_length
2025-09-02 15:06:33.106 | INFO     | Pendulum.PendulumAPP:_processSerialData:120 - 📏 串口长度数据已更新: L27.924513 -> physical_length=27.924513
2025-09-02 15:06:33.107 | INFO     | Pendulum.PendulumAPP:_processSerialData:121 - 🔄 数据来源: 串口接收 -> PendulumState.physical_length
2025-09-02 15:06:33.151 | INFO     | Pendulum.PendulumAPP:_processSerialData:120 - 📏 串口长度数据已更新: L27.924513 -> physical_length=27.924513
2025-09-02 15:06:33.153 | INFO     | Pendulum.PendulumAPP:_processSerialData:121 - 🔄 数据来源: 串口接收 -> PendulumState.physical_length
2025-09-02 15:06:33.200 | INFO     | Pendulum.PendulumAPP:_processSerialData:120 - 📏 串口长度数据已更新: L27.924513 -> physical_length=27.924513
2025-09-02 15:06:33.202 | INFO     | Pendulum.PendulumAPP:_processSerialData:121 - 🔄 数据来源: 串口接收 -> PendulumState.physical_length
2025-09-02 15:06:33.234 | INFO     | Pendulum.PendulumAPP:_keyEventWeb:277 - n2
2025-09-02 15:06:33.235 | INFO     | Pendulum.SerialConncet:send:199 - sendn2
2025-09-02 15:06:33.236 | INFO     | Pendulum.SerialConncet:send:201 - [发送] n2
2025-09-02 15:06:33.245 | INFO     | Pendulum.PendulumAPP:_processSerialData:120 - 📏 串口长度数据已更新: L27.924513 -> physical_length=27.924513
2025-09-02 15:06:33.246 | INFO     | Pendulum.PendulumAPP:_processSerialData:121 - 🔄 数据来源: 串口接收 -> PendulumState.physical_length
2025-09-02 15:06:33.291 | INFO     | Pendulum.PendulumAPP:_processSerialData:120 - 📏 串口长度数据已更新: L27.924513 -> physical_length=27.924513
2025-09-02 15:06:33.292 | INFO     | Pendulum.PendulumAPP:_processSerialData:121 - 🔄 数据来源: 串口接收 -> PendulumState.physical_length
2025-09-02 15:06:33.336 | INFO     | Pendulum.PendulumAPP:_processSerialData:120 - 📏 串口长度数据已更新: L27.924513 -> physical_length=27.924513
2025-09-02 15:06:33.337 | INFO     | Pendulum.PendulumAPP:_processSerialData:121 - 🔄 数据来源: 串口接收 -> PendulumState.physical_length
2025-09-02 15:06:33.382 | INFO     | Pendulum.PendulumAPP:_processSerialData:120 - 📏 串口长度数据已更新: L27.924513 -> physical_length=27.924513
2025-09-02 15:06:33.384 | INFO     | Pendulum.PendulumAPP:_processSerialData:121 - 🔄 数据来源: 串口接收 -> PendulumState.physical_length
2025-09-02 15:06:33.430 | INFO     | Pendulum.PendulumAPP:_processSerialData:120 - 📏 串口长度数据已更新: L27.924513 -> physical_length=27.924513
2025-09-02 15:06:33.431 | INFO     | Pendulum.PendulumAPP:_processSerialData:121 - 🔄 数据来源: 串口接收 -> PendulumState.physical_length
2025-09-02 15:06:33.477 | INFO     | Pendulum.PendulumAPP:_processSerialData:120 - 📏 串口长度数据已更新: L27.924513 -> physical_length=27.924513
2025-09-02 15:06:33.477 | INFO     | Pendulum.PendulumAPP:_processSerialData:121 - 🔄 数据来源: 串口接收 -> PendulumState.physical_length
2025-09-02 15:06:33.524 | INFO     | Pendulum.PendulumAPP:_processSerialData:120 - 📏 串口长度数据已更新: L27.924513 -> physical_length=27.924513
2025-09-02 15:06:33.524 | INFO     | Pendulum.PendulumAPP:_processSerialData:121 - 🔄 数据来源: 串口接收 -> PendulumState.physical_length
2025-09-02 15:06:33.570 | INFO     | Pendulum.PendulumAPP:_processSerialData:120 - 📏 串口长度数据已更新: L27.924513 -> physical_length=27.924513
2025-09-02 15:06:33.571 | INFO     | Pendulum.PendulumAPP:_processSerialData:121 - 🔄 数据来源: 串口接收 -> PendulumState.physical_length
2025-09-02 15:06:33.616 | INFO     | Pendulum.PendulumAPP:_processSerialData:120 - 📏 串口长度数据已更新: L27.924513 -> physical_length=27.924513
2025-09-02 15:06:33.617 | INFO     | Pendulum.PendulumAPP:_processSerialData:121 - 🔄 数据来源: 串口接收 -> PendulumState.physical_length
2025-09-02 15:06:33.664 | INFO     | Pendulum.PendulumAPP:_processSerialData:120 - 📏 串口长度数据已更新: L27.924513 -> physical_length=27.924513
2025-09-02 15:06:33.666 | INFO     | Pendulum.PendulumAPP:_processSerialData:121 - 🔄 数据来源: 串口接收 -> PendulumState.physical_length
2025-09-02 15:06:33.711 | INFO     | Pendulum.PendulumAPP:_processSerialData:120 - 📏 串口长度数据已更新: L27.924513 -> physical_length=27.924513
2025-09-02 15:06:33.713 | INFO     | Pendulum.PendulumAPP:_processSerialData:121 - 🔄 数据来源: 串口接收 -> PendulumState.physical_length
2025-09-02 15:06:33.758 | INFO     | Pendulum.PendulumAPP:_processSerialData:120 - 📏 串口长度数据已更新: L27.924513 -> physical_length=27.924513
2025-09-02 15:06:33.760 | INFO     | Pendulum.PendulumAPP:_processSerialData:121 - 🔄 数据来源: 串口接收 -> PendulumState.physical_length
2025-09-02 15:06:33.805 | INFO     | Pendulum.PendulumAPP:_processSerialData:120 - 📏 串口长度数据已更新: L27.924513 -> physical_length=27.924513
2025-09-02 15:06:33.806 | INFO     | Pendulum.PendulumAPP:_processSerialData:121 - 🔄 数据来源: 串口接收 -> PendulumState.physical_length
2025-09-02 15:06:33.853 | INFO     | Pendulum.PendulumAPP:_processSerialData:120 - 📏 串口长度数据已更新: L27.924513 -> physical_length=27.924513
2025-09-02 15:06:33.854 | INFO     | Pendulum.PendulumAPP:_processSerialData:121 - 🔄 数据来源: 串口接收 -> PendulumState.physical_length
2025-09-02 15:06:33.898 | INFO     | Pendulum.PendulumAPP:_processSerialData:120 - 📏 串口长度数据已更新: L27.924513 -> physical_length=27.924513
2025-09-02 15:06:33.899 | INFO     | Pendulum.PendulumAPP:_processSerialData:121 - 🔄 数据来源: 串口接收 -> PendulumState.physical_length
2025-09-02 15:06:33.945 | INFO     | Pendulum.PendulumAPP:_processSerialData:120 - 📏 串口长度数据已更新: L27.924513 -> physical_length=27.924513
2025-09-02 15:06:33.946 | INFO     | Pendulum.PendulumAPP:_processSerialData:121 - 🔄 数据来源: 串口接收 -> PendulumState.physical_length
2025-09-02 15:06:33.991 | INFO     | Pendulum.PendulumAPP:_processSerialData:120 - 📏 串口长度数据已更新: L27.924513 -> physical_length=27.924513
2025-09-02 15:06:33.992 | INFO     | Pendulum.PendulumAPP:_processSerialData:121 - 🔄 数据来源: 串口接收 -> PendulumState.physical_length
2025-09-02 15:06:34.037 | INFO     | Pendulum.PendulumAPP:_processSerialData:120 - 📏 串口长度数据已更新: L27.924513 -> physical_length=27.924513
2025-09-02 15:06:34.037 | INFO     | Pendulum.PendulumAPP:_processSerialData:121 - 🔄 数据来源: 串口接收 -> PendulumState.physical_length
2025-09-02 15:06:34.083 | INFO     | Pendulum.PendulumAPP:_processSerialData:120 - 📏 串口长度数据已更新: L27.924513 -> physical_length=27.924513
2025-09-02 15:06:34.084 | INFO     | Pendulum.PendulumAPP:_processSerialData:121 - 🔄 数据来源: 串口接收 -> PendulumState.physical_length
2025-09-02 15:06:34.130 | INFO     | Pendulum.PendulumAPP:_processSerialData:120 - 📏 串口长度数据已更新: L27.924513 -> physical_length=27.924513
2025-09-02 15:06:34.132 | INFO     | Pendulum.PendulumAPP:_processSerialData:121 - 🔄 数据来源: 串口接收 -> PendulumState.physical_length
2025-09-02 15:06:34.178 | INFO     | Pendulum.PendulumAPP:_processSerialData:120 - 📏 串口长度数据已更新: L27.924513 -> physical_length=27.924513
2025-09-02 15:06:34.179 | INFO     | Pendulum.PendulumAPP:_processSerialData:121 - 🔄 数据来源: 串口接收 -> PendulumState.physical_length
2025-09-02 15:06:34.215 | INFO     | Pendulum.PendulumAPP:_keyEventWeb:283 - n0
2025-09-02 15:06:34.216 | INFO     | Pendulum.SerialConncet:send:199 - sendn0
2025-09-02 15:06:34.218 | INFO     | Pendulum.SerialConncet:send:201 - [发送] n0
2025-09-02 15:06:34.225 | INFO     | Pendulum.PendulumAPP:_processSerialData:120 - 📏 串口长度数据已更新: L27.924513 -> physical_length=27.924513
2025-09-02 15:06:34.226 | INFO     | Pendulum.PendulumAPP:_processSerialData:121 - 🔄 数据来源: 串口接收 -> PendulumState.physical_length
2025-09-02 15:06:34.271 | INFO     | Pendulum.PendulumAPP:_processSerialData:120 - 📏 串口长度数据已更新: L27.924513 -> physical_length=27.924513
2025-09-02 15:06:34.272 | INFO     | Pendulum.PendulumAPP:_processSerialData:121 - 🔄 数据来源: 串口接收 -> PendulumState.physical_length
2025-09-02 15:06:34.317 | INFO     | Pendulum.PendulumAPP:_processSerialData:120 - 📏 串口长度数据已更新: L27.924513 -> physical_length=27.924513
2025-09-02 15:06:34.320 | INFO     | Pendulum.PendulumAPP:_processSerialData:121 - 🔄 数据来源: 串口接收 -> PendulumState.physical_length
2025-09-02 15:06:34.363 | INFO     | Pendulum.PendulumAPP:_processSerialData:120 - 📏 串口长度数据已更新: L27.924513 -> physical_length=27.924513
2025-09-02 15:06:34.367 | INFO     | Pendulum.PendulumAPP:_processSerialData:121 - 🔄 数据来源: 串口接收 -> PendulumState.physical_length
2025-09-02 15:06:34.410 | INFO     | Pendulum.PendulumAPP:_processSerialData:120 - 📏 串口长度数据已更新: L27.924513 -> physical_length=27.924513
2025-09-02 15:06:34.411 | INFO     | Pendulum.PendulumAPP:_processSerialData:121 - 🔄 数据来源: 串口接收 -> PendulumState.physical_length
2025-09-02 15:06:34.458 | INFO     | Pendulum.PendulumAPP:_processSerialData:120 - 📏 串口长度数据已更新: L27.924513 -> physical_length=27.924513
2025-09-02 15:06:34.459 | INFO     | Pendulum.PendulumAPP:_processSerialData:121 - 🔄 数据来源: 串口接收 -> PendulumState.physical_length
2025-09-02 15:06:34.499 | INFO     | Pendulum.PendulumAPP:_keyEventWeb:277 - n2
2025-09-02 15:06:34.500 | INFO     | Pendulum.SerialConncet:send:199 - sendn2
2025-09-02 15:06:34.501 | INFO     | Pendulum.SerialConncet:send:201 - [发送] n2
2025-09-02 15:06:34.518 | INFO     | Pendulum.PendulumAPP:_processSerialData:120 - 📏 串口长度数据已更新: L27.924513 -> physical_length=27.924513
2025-09-02 15:06:34.519 | INFO     | Pendulum.PendulumAPP:_processSerialData:121 - 🔄 数据来源: 串口接收 -> PendulumState.physical_length
2025-09-02 15:06:34.564 | INFO     | Pendulum.PendulumAPP:_processSerialData:120 - 📏 串口长度数据已更新: L27.924513 -> physical_length=27.924513
2025-09-02 15:06:34.566 | INFO     | Pendulum.PendulumAPP:_processSerialData:121 - 🔄 数据来源: 串口接收 -> PendulumState.physical_length
2025-09-02 15:06:34.611 | INFO     | Pendulum.PendulumAPP:_processSerialData:120 - 📏 串口长度数据已更新: L27.924513 -> physical_length=27.924513
2025-09-02 15:06:34.612 | INFO     | Pendulum.PendulumAPP:_processSerialData:121 - 🔄 数据来源: 串口接收 -> PendulumState.physical_length
2025-09-02 15:06:34.656 | INFO     | Pendulum.PendulumAPP:_processSerialData:120 - 📏 串口长度数据已更新: L27.924513 -> physical_length=27.924513
2025-09-02 15:06:34.657 | INFO     | Pendulum.PendulumAPP:_processSerialData:121 - 🔄 数据来源: 串口接收 -> PendulumState.physical_length
2025-09-02 15:06:34.704 | INFO     | Pendulum.PendulumAPP:_processSerialData:120 - 📏 串口长度数据已更新: L27.924513 -> physical_length=27.924513
2025-09-02 15:06:34.704 | INFO     | Pendulum.PendulumAPP:_processSerialData:121 - 🔄 数据来源: 串口接收 -> PendulumState.physical_length
2025-09-02 15:06:34.751 | INFO     | Pendulum.PendulumAPP:_processSerialData:120 - 📏 串口长度数据已更新: L27.924513 -> physical_length=27.924513
2025-09-02 15:06:34.752 | INFO     | Pendulum.PendulumAPP:_processSerialData:121 - 🔄 数据来源: 串口接收 -> PendulumState.physical_length
2025-09-02 15:06:34.792 | INFO     | Pendulum.PendulumAPP:_keyEventWeb:283 - n0
2025-09-02 15:06:34.793 | INFO     | Pendulum.SerialConncet:send:199 - sendn0
2025-09-02 15:06:34.794 | INFO     | Pendulum.SerialConncet:send:201 - [发送] n0
2025-09-02 15:06:34.798 | INFO     | Pendulum.PendulumAPP:_processSerialData:120 - 📏 串口长度数据已更新: L27.924513 -> physical_length=27.924513
2025-09-02 15:06:34.798 | INFO     | Pendulum.PendulumAPP:_processSerialData:121 - 🔄 数据来源: 串口接收 -> PendulumState.physical_length
2025-09-02 15:06:34.844 | INFO     | Pendulum.PendulumAPP:_processSerialData:120 - 📏 串口长度数据已更新: L27.924513 -> physical_length=27.924513
2025-09-02 15:06:34.845 | INFO     | Pendulum.PendulumAPP:_processSerialData:121 - 🔄 数据来源: 串口接收 -> PendulumState.physical_length
2025-09-02 15:06:34.890 | INFO     | Pendulum.PendulumAPP:_processSerialData:120 - 📏 串口长度数据已更新: L27.924513 -> physical_length=27.924513
2025-09-02 15:06:34.891 | INFO     | Pendulum.PendulumAPP:_processSerialData:121 - 🔄 数据来源: 串口接收 -> PendulumState.physical_length
2025-09-02 15:06:34.937 | INFO     | Pendulum.PendulumAPP:_processSerialData:120 - 📏 串口长度数据已更新: L27.924513 -> physical_length=27.924513
2025-09-02 15:06:34.938 | INFO     | Pendulum.PendulumAPP:_processSerialData:121 - 🔄 数据来源: 串口接收 -> PendulumState.physical_length
2025-09-02 15:06:34.985 | INFO     | Pendulum.PendulumAPP:_processSerialData:120 - 📏 串口长度数据已更新: L27.924513 -> physical_length=27.924513
2025-09-02 15:06:34.986 | INFO     | Pendulum.PendulumAPP:_processSerialData:121 - 🔄 数据来源: 串口接收 -> PendulumState.physical_length
2025-09-02 15:06:35.030 | INFO     | Pendulum.PendulumAPP:_processSerialData:120 - 📏 串口长度数据已更新: L27.924513 -> physical_length=27.924513
2025-09-02 15:06:35.030 | INFO     | Pendulum.PendulumAPP:_processSerialData:121 - 🔄 数据来源: 串口接收 -> PendulumState.physical_length
2025-09-02 15:06:35.076 | INFO     | Pendulum.PendulumAPP:_processSerialData:120 - 📏 串口长度数据已更新: L27.924513 -> physical_length=27.924513
2025-09-02 15:06:35.077 | INFO     | Pendulum.PendulumAPP:_processSerialData:121 - 🔄 数据来源: 串口接收 -> PendulumState.physical_length
2025-09-02 15:06:35.124 | INFO     | Pendulum.PendulumAPP:_processSerialData:120 - 📏 串口长度数据已更新: L27.924513 -> physical_length=27.924513
2025-09-02 15:06:35.125 | INFO     | Pendulum.PendulumAPP:_processSerialData:121 - 🔄 数据来源: 串口接收 -> PendulumState.physical_length
2025-09-02 15:06:35.170 | INFO     | Pendulum.PendulumAPP:_processSerialData:120 - 📏 串口长度数据已更新: L27.924513 -> physical_length=27.924513
2025-09-02 15:06:35.171 | INFO     | Pendulum.PendulumAPP:_processSerialData:121 - 🔄 数据来源: 串口接收 -> PendulumState.physical_length
2025-09-02 15:06:35.217 | INFO     | Pendulum.PendulumAPP:_processSerialData:120 - 📏 串口长度数据已更新: L27.924513 -> physical_length=27.924513
2025-09-02 15:06:35.220 | INFO     | Pendulum.PendulumAPP:_processSerialData:121 - 🔄 数据来源: 串口接收 -> PendulumState.physical_length
2025-09-02 15:06:35.263 | INFO     | Pendulum.PendulumAPP:_processSerialData:120 - 📏 串口长度数据已更新: L27.924513 -> physical_length=27.924513
2025-09-02 15:06:35.264 | INFO     | Pendulum.PendulumAPP:_processSerialData:121 - 🔄 数据来源: 串口接收 -> PendulumState.physical_length
2025-09-02 15:06:35.310 | INFO     | Pendulum.PendulumAPP:_processSerialData:120 - 📏 串口长度数据已更新: L27.924513 -> physical_length=27.924513
2025-09-02 15:06:35.311 | INFO     | Pendulum.PendulumAPP:_processSerialData:121 - 🔄 数据来源: 串口接收 -> PendulumState.physical_length
2025-09-02 15:06:35.357 | INFO     | Pendulum.PendulumAPP:_processSerialData:120 - 📏 串口长度数据已更新: L27.924513 -> physical_length=27.924513
2025-09-02 15:06:35.359 | INFO     | Pendulum.PendulumAPP:_processSerialData:121 - 🔄 数据来源: 串口接收 -> PendulumState.physical_length
2025-09-02 15:06:35.403 | INFO     | Pendulum.PendulumAPP:_processSerialData:120 - 📏 串口长度数据已更新: L27.924513 -> physical_length=27.924513
2025-09-02 15:06:35.404 | INFO     | Pendulum.PendulumAPP:_processSerialData:121 - 🔄 数据来源: 串口接收 -> PendulumState.physical_length
2025-09-02 15:06:35.450 | INFO     | Pendulum.PendulumAPP:_processSerialData:120 - 📏 串口长度数据已更新: L27.924513 -> physical_length=27.924513
2025-09-02 15:06:35.452 | INFO     | Pendulum.PendulumAPP:_processSerialData:121 - 🔄 数据来源: 串口接收 -> PendulumState.physical_length
2025-09-02 15:06:35.495 | INFO     | Pendulum.PendulumAPP:_processSerialData:120 - 📏 串口长度数据已更新: L27.924513 -> physical_length=27.924513
2025-09-02 15:06:35.495 | INFO     | Pendulum.PendulumAPP:_processSerialData:121 - 🔄 数据来源: 串口接收 -> PendulumState.physical_length
2025-09-02 15:06:35.543 | INFO     | Pendulum.PendulumAPP:_processSerialData:120 - 📏 串口长度数据已更新: L27.924513 -> physical_length=27.924513
2025-09-02 15:06:35.544 | INFO     | Pendulum.PendulumAPP:_processSerialData:121 - 🔄 数据来源: 串口接收 -> PendulumState.physical_length
2025-09-02 15:06:35.590 | INFO     | Pendulum.PendulumAPP:_processSerialData:120 - 📏 串口长度数据已更新: L27.924513 -> physical_length=27.924513
2025-09-02 15:06:35.590 | INFO     | Pendulum.PendulumAPP:_processSerialData:121 - 🔄 数据来源: 串口接收 -> PendulumState.physical_length
2025-09-02 15:06:35.637 | INFO     | Pendulum.PendulumAPP:_processSerialData:120 - 📏 串口长度数据已更新: L27.924513 -> physical_length=27.924513
2025-09-02 15:06:35.639 | INFO     | Pendulum.PendulumAPP:_processSerialData:121 - 🔄 数据来源: 串口接收 -> PendulumState.physical_length
2025-09-02 15:06:35.682 | INFO     | Pendulum.PendulumAPP:_processSerialData:120 - 📏 串口长度数据已更新: L27.924513 -> physical_length=27.924513
2025-09-02 15:06:35.683 | INFO     | Pendulum.PendulumAPP:_processSerialData:121 - 🔄 数据来源: 串口接收 -> PendulumState.physical_length
2025-09-02 15:06:35.729 | INFO     | Pendulum.PendulumAPP:_processSerialData:120 - 📏 串口长度数据已更新: L27.924513 -> physical_length=27.924513
2025-09-02 15:06:35.730 | INFO     | Pendulum.PendulumAPP:_processSerialData:121 - 🔄 数据来源: 串口接收 -> PendulumState.physical_length
2025-09-02 15:06:35.775 | INFO     | Pendulum.PendulumAPP:_processSerialData:120 - 📏 串口长度数据已更新: L27.924513 -> physical_length=27.924513
2025-09-02 15:06:35.776 | INFO     | Pendulum.PendulumAPP:_processSerialData:121 - 🔄 数据来源: 串口接收 -> PendulumState.physical_length
2025-09-02 15:06:35.821 | INFO     | Pendulum.PendulumAPP:_processSerialData:120 - 📏 串口长度数据已更新: L27.924513 -> physical_length=27.924513
2025-09-02 15:06:35.823 | INFO     | Pendulum.PendulumAPP:_processSerialData:121 - 🔄 数据来源: 串口接收 -> PendulumState.physical_length
2025-09-02 15:06:35.868 | INFO     | Pendulum.PendulumAPP:_processSerialData:120 - 📏 串口长度数据已更新: L27.924513 -> physical_length=27.924513
2025-09-02 15:06:35.870 | INFO     | Pendulum.PendulumAPP:_processSerialData:121 - 🔄 数据来源: 串口接收 -> PendulumState.physical_length
2025-09-02 15:06:35.914 | INFO     | Pendulum.PendulumAPP:_processSerialData:120 - 📏 串口长度数据已更新: L27.924513 -> physical_length=27.924513
2025-09-02 15:06:35.915 | INFO     | Pendulum.PendulumAPP:_processSerialData:121 - 🔄 数据来源: 串口接收 -> PendulumState.physical_length
2025-09-02 15:06:35.960 | INFO     | Pendulum.PendulumAPP:_processSerialData:120 - 📏 串口长度数据已更新: L27.924513 -> physical_length=27.924513
2025-09-02 15:06:35.962 | INFO     | Pendulum.PendulumAPP:_processSerialData:121 - 🔄 数据来源: 串口接收 -> PendulumState.physical_length
2025-09-02 15:06:36.009 | INFO     | Pendulum.PendulumAPP:_processSerialData:120 - 📏 串口长度数据已更新: L27.924513 -> physical_length=27.924513
2025-09-02 15:06:36.010 | INFO     | Pendulum.PendulumAPP:_processSerialData:121 - 🔄 数据来源: 串口接收 -> PendulumState.physical_length
2025-09-02 15:06:36.054 | INFO     | Pendulum.PendulumAPP:_processSerialData:120 - 📏 串口长度数据已更新: L27.924513 -> physical_length=27.924513
2025-09-02 15:06:36.055 | INFO     | Pendulum.PendulumAPP:_processSerialData:121 - 🔄 数据来源: 串口接收 -> PendulumState.physical_length
2025-09-02 15:06:36.100 | INFO     | Pendulum.PendulumAPP:_processSerialData:120 - 📏 串口长度数据已更新: L27.924513 -> physical_length=27.924513
2025-09-02 15:06:36.101 | INFO     | Pendulum.PendulumAPP:_processSerialData:121 - 🔄 数据来源: 串口接收 -> PendulumState.physical_length
2025-09-02 15:06:36.147 | INFO     | Pendulum.PendulumAPP:_processSerialData:120 - 📏 串口长度数据已更新: L27.924513 -> physical_length=27.924513
2025-09-02 15:06:36.148 | INFO     | Pendulum.PendulumAPP:_processSerialData:121 - 🔄 数据来源: 串口接收 -> PendulumState.physical_length
2025-09-02 15:06:36.193 | INFO     | Pendulum.PendulumAPP:_processSerialData:120 - 📏 串口长度数据已更新: L27.924513 -> physical_length=27.924513
2025-09-02 15:06:36.195 | INFO     | Pendulum.PendulumAPP:_processSerialData:121 - 🔄 数据来源: 串口接收 -> PendulumState.physical_length
2025-09-02 15:06:36.240 | INFO     | Pendulum.PendulumAPP:_processSerialData:120 - 📏 串口长度数据已更新: L27.924513 -> physical_length=27.924513
2025-09-02 15:06:36.240 | INFO     | Pendulum.PendulumAPP:_processSerialData:121 - 🔄 数据来源: 串口接收 -> PendulumState.physical_length
2025-09-02 15:06:36.286 | INFO     | Pendulum.PendulumAPP:_processSerialData:120 - 📏 串口长度数据已更新: L27.924513 -> physical_length=27.924513
2025-09-02 15:06:36.287 | INFO     | Pendulum.PendulumAPP:_processSerialData:121 - 🔄 数据来源: 串口接收 -> PendulumState.physical_length
2025-09-02 15:06:36.332 | INFO     | Pendulum.PendulumAPP:_processSerialData:120 - 📏 串口长度数据已更新: L27.924513 -> physical_length=27.924513
2025-09-02 15:06:36.335 | INFO     | Pendulum.PendulumAPP:_processSerialData:121 - 🔄 数据来源: 串口接收 -> PendulumState.physical_length
2025-09-02 15:06:36.379 | INFO     | Pendulum.PendulumAPP:_processSerialData:120 - 📏 串口长度数据已更新: L27.924513 -> physical_length=27.924513
2025-09-02 15:06:36.381 | INFO     | Pendulum.PendulumAPP:_processSerialData:121 - 🔄 数据来源: 串口接收 -> PendulumState.physical_length
2025-09-02 15:06:36.425 | INFO     | Pendulum.PendulumAPP:_processSerialData:120 - 📏 串口长度数据已更新: L27.924513 -> physical_length=27.924513
2025-09-02 15:06:36.426 | INFO     | Pendulum.PendulumAPP:_processSerialData:121 - 🔄 数据来源: 串口接收 -> PendulumState.physical_length
2025-09-02 15:06:36.470 | INFO     | Pendulum.PendulumAPP:_keyEventWeb:271 - u1
2025-09-02 15:06:36.471 | INFO     | Pendulum.SerialConncet:send:199 - sendu1
2025-09-02 15:06:36.473 | INFO     | Pendulum.SerialConncet:send:201 - [发送] u1
2025-09-02 15:06:36.486 | INFO     | Pendulum.PendulumAPP:_processSerialData:120 - 📏 串口长度数据已更新: L27.924513 -> physical_length=27.924513
2025-09-02 15:06:36.486 | INFO     | Pendulum.PendulumAPP:_processSerialData:121 - 🔄 数据来源: 串口接收 -> PendulumState.physical_length
2025-09-02 15:06:36.534 | INFO     | Pendulum.PendulumAPP:_processSerialData:120 - 📏 串口长度数据已更新: L27.924513 -> physical_length=27.924513
2025-09-02 15:06:36.535 | INFO     | Pendulum.PendulumAPP:_processSerialData:121 - 🔄 数据来源: 串口接收 -> PendulumState.physical_length
2025-09-02 15:06:36.581 | INFO     | Pendulum.PendulumAPP:_processSerialData:120 - 📏 串口长度数据已更新: L27.924513 -> physical_length=27.924513
2025-09-02 15:06:36.583 | INFO     | Pendulum.PendulumAPP:_processSerialData:121 - 🔄 数据来源: 串口接收 -> PendulumState.physical_length
2025-09-02 15:06:36.627 | INFO     | Pendulum.PendulumAPP:_processSerialData:120 - 📏 串口长度数据已更新: L27.924513 -> physical_length=27.924513
2025-09-02 15:06:36.628 | INFO     | Pendulum.PendulumAPP:_processSerialData:121 - 🔄 数据来源: 串口接收 -> PendulumState.physical_length
2025-09-02 15:06:36.675 | INFO     | Pendulum.PendulumAPP:_processSerialData:120 - 📏 串口长度数据已更新: L27.924513 -> physical_length=27.924513
2025-09-02 15:06:36.676 | INFO     | Pendulum.PendulumAPP:_processSerialData:121 - 🔄 数据来源: 串口接收 -> PendulumState.physical_length
2025-09-02 15:06:36.721 | INFO     | Pendulum.PendulumAPP:_processSerialData:120 - 📏 串口长度数据已更新: L27.924513 -> physical_length=27.924513
2025-09-02 15:06:36.722 | INFO     | Pendulum.PendulumAPP:_processSerialData:121 - 🔄 数据来源: 串口接收 -> PendulumState.physical_length
2025-09-02 15:06:36.768 | INFO     | Pendulum.PendulumAPP:_processSerialData:120 - 📏 串口长度数据已更新: L27.924513 -> physical_length=27.924513
2025-09-02 15:06:36.769 | INFO     | Pendulum.PendulumAPP:_processSerialData:121 - 🔄 数据来源: 串口接收 -> PendulumState.physical_length
2025-09-02 15:06:36.815 | INFO     | Pendulum.PendulumAPP:_processSerialData:120 - 📏 串口长度数据已更新: L27.924513 -> physical_length=27.924513
2025-09-02 15:06:36.815 | INFO     | Pendulum.PendulumAPP:_processSerialData:121 - 🔄 数据来源: 串口接收 -> PendulumState.physical_length
2025-09-02 15:06:36.862 | INFO     | Pendulum.PendulumAPP:_processSerialData:120 - 📏 串口长度数据已更新: L27.924513 -> physical_length=27.924513
2025-09-02 15:06:36.863 | INFO     | Pendulum.PendulumAPP:_processSerialData:121 - 🔄 数据来源: 串口接收 -> PendulumState.physical_length
2025-09-02 15:06:36.908 | INFO     | Pendulum.PendulumAPP:_processSerialData:120 - 📏 串口长度数据已更新: L27.924513 -> physical_length=27.924513
2025-09-02 15:06:36.911 | INFO     | Pendulum.PendulumAPP:_processSerialData:121 - 🔄 数据来源: 串口接收 -> PendulumState.physical_length
2025-09-02 15:06:36.955 | INFO     | Pendulum.PendulumAPP:_processSerialData:120 - 📏 串口长度数据已更新: L27.924513 -> physical_length=27.924513
2025-09-02 15:06:36.957 | INFO     | Pendulum.PendulumAPP:_processSerialData:121 - 🔄 数据来源: 串口接收 -> PendulumState.physical_length
2025-09-02 15:06:37.002 | INFO     | Pendulum.PendulumAPP:_processSerialData:120 - 📏 串口长度数据已更新: L27.924513 -> physical_length=27.924513
2025-09-02 15:06:37.005 | INFO     | Pendulum.PendulumAPP:_processSerialData:121 - 🔄 数据来源: 串口接收 -> PendulumState.physical_length
2025-09-02 15:06:37.049 | INFO     | Pendulum.PendulumAPP:_processSerialData:120 - 📏 串口长度数据已更新: L27.924513 -> physical_length=27.924513
2025-09-02 15:06:37.050 | INFO     | Pendulum.PendulumAPP:_processSerialData:121 - 🔄 数据来源: 串口接收 -> PendulumState.physical_length
2025-09-02 15:06:37.097 | INFO     | Pendulum.PendulumAPP:_processSerialData:120 - 📏 串口长度数据已更新: L27.924513 -> physical_length=27.924513
2025-09-02 15:06:37.098 | INFO     | Pendulum.PendulumAPP:_processSerialData:121 - 🔄 数据来源: 串口接收 -> PendulumState.physical_length
2025-09-02 15:06:37.142 | INFO     | Pendulum.PendulumAPP:_processSerialData:120 - 📏 串口长度数据已更新: L27.924513 -> physical_length=27.924513
2025-09-02 15:06:37.143 | INFO     | Pendulum.PendulumAPP:_processSerialData:121 - 🔄 数据来源: 串口接收 -> PendulumState.physical_length
2025-09-02 15:06:37.189 | INFO     | Pendulum.PendulumAPP:_processSerialData:120 - 📏 串口长度数据已更新: L27.924513 -> physical_length=27.924513
2025-09-02 15:06:37.191 | INFO     | Pendulum.PendulumAPP:_processSerialData:121 - 🔄 数据来源: 串口接收 -> PendulumState.physical_length
2025-09-02 15:06:37.236 | INFO     | Pendulum.PendulumAPP:_processSerialData:120 - 📏 串口长度数据已更新: L27.924513 -> physical_length=27.924513
2025-09-02 15:06:37.237 | INFO     | Pendulum.PendulumAPP:_processSerialData:121 - 🔄 数据来源: 串口接收 -> PendulumState.physical_length
2025-09-02 15:06:37.283 | INFO     | Pendulum.PendulumAPP:_processSerialData:120 - 📏 串口长度数据已更新: L27.924513 -> physical_length=27.924513
2025-09-02 15:06:37.284 | INFO     | Pendulum.PendulumAPP:_processSerialData:121 - 🔄 数据来源: 串口接收 -> PendulumState.physical_length
2025-09-02 15:06:37.329 | INFO     | Pendulum.PendulumAPP:_processSerialData:120 - 📏 串口长度数据已更新: L27.924513 -> physical_length=27.924513
2025-09-02 15:06:37.330 | INFO     | Pendulum.PendulumAPP:_processSerialData:121 - 🔄 数据来源: 串口接收 -> PendulumState.physical_length
2025-09-02 15:06:37.376 | INFO     | Pendulum.PendulumAPP:_processSerialData:120 - 📏 串口长度数据已更新: L27.924513 -> physical_length=27.924513
2025-09-02 15:06:37.377 | INFO     | Pendulum.PendulumAPP:_processSerialData:121 - 🔄 数据来源: 串口接收 -> PendulumState.physical_length
2025-09-02 15:06:37.422 | INFO     | Pendulum.PendulumAPP:_processSerialData:120 - 📏 串口长度数据已更新: L27.924513 -> physical_length=27.924513
2025-09-02 15:06:37.423 | INFO     | Pendulum.PendulumAPP:_processSerialData:121 - 🔄 数据来源: 串口接收 -> PendulumState.physical_length
2025-09-02 15:06:37.467 | INFO     | Pendulum.PendulumAPP:_processSerialData:120 - 📏 串口长度数据已更新: L27.924513 -> physical_length=27.924513
2025-09-02 15:06:37.470 | INFO     | Pendulum.PendulumAPP:_processSerialData:121 - 🔄 数据来源: 串口接收 -> PendulumState.physical_length
2025-09-02 15:06:37.514 | INFO     | Pendulum.PendulumAPP:_processSerialData:120 - 📏 串口长度数据已更新: L27.924513 -> physical_length=27.924513
2025-09-02 15:06:37.515 | INFO     | Pendulum.PendulumAPP:_processSerialData:121 - 🔄 数据来源: 串口接收 -> PendulumState.physical_length
2025-09-02 15:06:37.560 | INFO     | Pendulum.PendulumAPP:_processSerialData:120 - 📏 串口长度数据已更新: L27.924513 -> physical_length=27.924513
2025-09-02 15:06:37.565 | INFO     | Pendulum.PendulumAPP:_processSerialData:121 - 🔄 数据来源: 串口接收 -> PendulumState.physical_length
2025-09-02 15:06:37.606 | INFO     | Pendulum.PendulumAPP:_processSerialData:120 - 📏 串口长度数据已更新: L27.924513 -> physical_length=27.924513
2025-09-02 15:06:37.607 | INFO     | Pendulum.PendulumAPP:_processSerialData:121 - 🔄 数据来源: 串口接收 -> PendulumState.physical_length
2025-09-02 15:06:37.652 | INFO     | Pendulum.PendulumAPP:_processSerialData:120 - 📏 串口长度数据已更新: L27.924513 -> physical_length=27.924513
2025-09-02 15:06:37.653 | INFO     | Pendulum.PendulumAPP:_processSerialData:121 - 🔄 数据来源: 串口接收 -> PendulumState.physical_length
2025-09-02 15:06:37.699 | INFO     | Pendulum.PendulumAPP:_processSerialData:120 - 📏 串口长度数据已更新: L27.924513 -> physical_length=27.924513
2025-09-02 15:06:37.701 | INFO     | Pendulum.PendulumAPP:_processSerialData:121 - 🔄 数据来源: 串口接收 -> PendulumState.physical_length
2025-09-02 15:06:37.747 | INFO     | Pendulum.PendulumAPP:_processSerialData:120 - 📏 串口长度数据已更新: L27.924513 -> physical_length=27.924513
2025-09-02 15:06:37.748 | INFO     | Pendulum.PendulumAPP:_processSerialData:121 - 🔄 数据来源: 串口接收 -> PendulumState.physical_length
2025-09-02 15:06:37.794 | INFO     | Pendulum.PendulumAPP:_processSerialData:120 - 📏 串口长度数据已更新: L27.924513 -> physical_length=27.924513
2025-09-02 15:06:37.796 | INFO     | Pendulum.PendulumAPP:_processSerialData:121 - 🔄 数据来源: 串口接收 -> PendulumState.physical_length
2025-09-02 15:06:37.841 | INFO     | Pendulum.PendulumAPP:_processSerialData:120 - 📏 串口长度数据已更新: L27.924513 -> physical_length=27.924513
2025-09-02 15:06:37.842 | INFO     | Pendulum.PendulumAPP:_processSerialData:121 - 🔄 数据来源: 串口接收 -> PendulumState.physical_length
2025-09-02 15:06:37.889 | INFO     | Pendulum.PendulumAPP:_processSerialData:120 - 📏 串口长度数据已更新: L27.924513 -> physical_length=27.924513
2025-09-02 15:06:37.891 | INFO     | Pendulum.PendulumAPP:_processSerialData:121 - 🔄 数据来源: 串口接收 -> PendulumState.physical_length
2025-09-02 15:06:37.935 | INFO     | Pendulum.PendulumAPP:_processSerialData:120 - 📏 串口长度数据已更新: L27.924513 -> physical_length=27.924513
2025-09-02 15:06:37.936 | INFO     | Pendulum.PendulumAPP:_processSerialData:121 - 🔄 数据来源: 串口接收 -> PendulumState.physical_length
2025-09-02 15:06:37.982 | INFO     | Pendulum.PendulumAPP:_processSerialData:120 - 📏 串口长度数据已更新: L27.924513 -> physical_length=27.924513
2025-09-02 15:06:37.983 | INFO     | Pendulum.PendulumAPP:_processSerialData:121 - 🔄 数据来源: 串口接收 -> PendulumState.physical_length
2025-09-02 15:06:38.028 | INFO     | Pendulum.PendulumAPP:_processSerialData:120 - 📏 串口长度数据已更新: L27.924513 -> physical_length=27.924513
2025-09-02 15:06:38.029 | INFO     | Pendulum.PendulumAPP:_processSerialData:121 - 🔄 数据来源: 串口接收 -> PendulumState.physical_length
2025-09-02 15:06:38.074 | INFO     | Pendulum.PendulumAPP:_processSerialData:120 - 📏 串口长度数据已更新: L27.924513 -> physical_length=27.924513
2025-09-02 15:06:38.075 | INFO     | Pendulum.PendulumAPP:_processSerialData:121 - 🔄 数据来源: 串口接收 -> PendulumState.physical_length
2025-09-02 15:06:38.121 | INFO     | Pendulum.PendulumAPP:_processSerialData:120 - 📏 串口长度数据已更新: L27.924513 -> physical_length=27.924513
2025-09-02 15:06:38.122 | INFO     | Pendulum.PendulumAPP:_processSerialData:121 - 🔄 数据来源: 串口接收 -> PendulumState.physical_length
2025-09-02 15:06:38.166 | INFO     | Pendulum.PendulumAPP:_processSerialData:120 - 📏 串口长度数据已更新: L27.924513 -> physical_length=27.924513
2025-09-02 15:06:38.167 | INFO     | Pendulum.PendulumAPP:_processSerialData:121 - 🔄 数据来源: 串口接收 -> PendulumState.physical_length
2025-09-02 15:06:38.212 | INFO     | Pendulum.PendulumAPP:_processSerialData:120 - 📏 串口长度数据已更新: L27.924513 -> physical_length=27.924513
2025-09-02 15:06:38.213 | INFO     | Pendulum.PendulumAPP:_processSerialData:121 - 🔄 数据来源: 串口接收 -> PendulumState.physical_length
2025-09-02 15:06:38.259 | INFO     | Pendulum.PendulumAPP:_processSerialData:120 - 📏 串口长度数据已更新: L27.924513 -> physical_length=27.924513
2025-09-02 15:06:38.260 | INFO     | Pendulum.PendulumAPP:_processSerialData:121 - 🔄 数据来源: 串口接收 -> PendulumState.physical_length
2025-09-02 15:06:38.307 | INFO     | Pendulum.PendulumAPP:_processSerialData:120 - 📏 串口长度数据已更新: L27.924513 -> physical_length=27.924513
2025-09-02 15:06:38.308 | INFO     | Pendulum.PendulumAPP:_processSerialData:121 - 🔄 数据来源: 串口接收 -> PendulumState.physical_length
2025-09-02 15:06:38.352 | INFO     | Pendulum.PendulumAPP:_processSerialData:120 - 📏 串口长度数据已更新: L27.924513 -> physical_length=27.924513
2025-09-02 15:06:38.353 | INFO     | Pendulum.PendulumAPP:_processSerialData:121 - 🔄 数据来源: 串口接收 -> PendulumState.physical_length
2025-09-02 15:06:38.400 | INFO     | Pendulum.PendulumAPP:_processSerialData:120 - 📏 串口长度数据已更新: L27.924513 -> physical_length=27.924513
2025-09-02 15:06:38.401 | INFO     | Pendulum.PendulumAPP:_processSerialData:121 - 🔄 数据来源: 串口接收 -> PendulumState.physical_length
2025-09-02 15:06:38.447 | INFO     | Pendulum.PendulumAPP:_processSerialData:120 - 📏 串口长度数据已更新: L27.924513 -> physical_length=27.924513
2025-09-02 15:06:38.448 | INFO     | Pendulum.PendulumAPP:_processSerialData:121 - 🔄 数据来源: 串口接收 -> PendulumState.physical_length
2025-09-02 15:06:38.492 | INFO     | Pendulum.PendulumAPP:_processSerialData:120 - 📏 串口长度数据已更新: L27.924513 -> physical_length=27.924513
2025-09-02 15:06:38.493 | INFO     | Pendulum.PendulumAPP:_processSerialData:121 - 🔄 数据来源: 串口接收 -> PendulumState.physical_length
2025-09-02 15:06:38.539 | INFO     | Pendulum.PendulumAPP:_processSerialData:120 - 📏 串口长度数据已更新: L27.924513 -> physical_length=27.924513
2025-09-02 15:06:38.540 | INFO     | Pendulum.PendulumAPP:_processSerialData:121 - 🔄 数据来源: 串口接收 -> PendulumState.physical_length
2025-09-02 15:06:38.584 | INFO     | Pendulum.PendulumAPP:_processSerialData:120 - 📏 串口长度数据已更新: L27.924513 -> physical_length=27.924513
2025-09-02 15:06:38.587 | INFO     | Pendulum.PendulumAPP:_processSerialData:121 - 🔄 数据来源: 串口接收 -> PendulumState.physical_length
2025-09-02 15:06:38.631 | INFO     | Pendulum.PendulumAPP:_processSerialData:120 - 📏 串口长度数据已更新: L27.924513 -> physical_length=27.924513
2025-09-02 15:06:38.636 | INFO     | Pendulum.PendulumAPP:_processSerialData:121 - 🔄 数据来源: 串口接收 -> PendulumState.physical_length
2025-09-02 15:06:38.679 | INFO     | Pendulum.PendulumAPP:_processSerialData:120 - 📏 串口长度数据已更新: L27.924513 -> physical_length=27.924513
2025-09-02 15:06:38.680 | INFO     | Pendulum.PendulumAPP:_processSerialData:121 - 🔄 数据来源: 串口接收 -> PendulumState.physical_length
2025-09-02 15:06:38.726 | INFO     | Pendulum.PendulumAPP:_processSerialData:120 - 📏 串口长度数据已更新: L27.924513 -> physical_length=27.924513
2025-09-02 15:06:38.727 | INFO     | Pendulum.PendulumAPP:_processSerialData:121 - 🔄 数据来源: 串口接收 -> PendulumState.physical_length
2025-09-02 15:06:38.771 | INFO     | Pendulum.PendulumAPP:_processSerialData:120 - 📏 串口长度数据已更新: L27.924513 -> physical_length=27.924513
2025-09-02 15:06:38.773 | INFO     | Pendulum.PendulumAPP:_processSerialData:121 - 🔄 数据来源: 串口接收 -> PendulumState.physical_length
2025-09-02 15:06:38.819 | INFO     | Pendulum.PendulumAPP:_processSerialData:120 - 📏 串口长度数据已更新: L27.924513 -> physical_length=27.924513
2025-09-02 15:06:38.821 | INFO     | Pendulum.PendulumAPP:_processSerialData:121 - 🔄 数据来源: 串口接收 -> PendulumState.physical_length
2025-09-02 15:06:38.865 | INFO     | Pendulum.PendulumAPP:_processSerialData:120 - 📏 串口长度数据已更新: L27.924513 -> physical_length=27.924513
2025-09-02 15:06:38.865 | INFO     | Pendulum.PendulumAPP:_processSerialData:121 - 🔄 数据来源: 串口接收 -> PendulumState.physical_length
2025-09-02 15:06:38.911 | INFO     | Pendulum.PendulumAPP:_processSerialData:120 - 📏 串口长度数据已更新: L27.924513 -> physical_length=27.924513
2025-09-02 15:06:38.912 | INFO     | Pendulum.PendulumAPP:_processSerialData:121 - 🔄 数据来源: 串口接收 -> PendulumState.physical_length
2025-09-02 15:06:38.958 | INFO     | Pendulum.PendulumAPP:_processSerialData:120 - 📏 串口长度数据已更新: L27.924513 -> physical_length=27.924513
2025-09-02 15:06:38.960 | INFO     | Pendulum.PendulumAPP:_processSerialData:121 - 🔄 数据来源: 串口接收 -> PendulumState.physical_length
2025-09-02 15:06:39.005 | INFO     | Pendulum.PendulumAPP:_processSerialData:120 - 📏 串口长度数据已更新: L27.924513 -> physical_length=27.924513
2025-09-02 15:06:39.007 | INFO     | Pendulum.PendulumAPP:_processSerialData:121 - 🔄 数据来源: 串口接收 -> PendulumState.physical_length
2025-09-02 15:06:39.051 | INFO     | Pendulum.PendulumAPP:_processSerialData:120 - 📏 串口长度数据已更新: L27.924513 -> physical_length=27.924513
2025-09-02 15:06:39.053 | INFO     | Pendulum.PendulumAPP:_processSerialData:121 - 🔄 数据来源: 串口接收 -> PendulumState.physical_length
2025-09-02 15:06:39.091 | INFO     | Pendulum.PendulumAPP:_keyEventWeb:268 - u2
2025-09-02 15:06:39.094 | INFO     | Pendulum.SerialConncet:send:199 - sendu2
2025-09-02 15:06:39.095 | INFO     | Pendulum.SerialConncet:send:201 - [发送] u2
2025-09-02 15:06:39.113 | INFO     | Pendulum.PendulumAPP:_processSerialData:120 - 📏 串口长度数据已更新: L27.924513 -> physical_length=27.924513
2025-09-02 15:06:39.114 | INFO     | Pendulum.PendulumAPP:_processSerialData:121 - 🔄 数据来源: 串口接收 -> PendulumState.physical_length
2025-09-02 15:06:39.160 | INFO     | Pendulum.PendulumAPP:_processSerialData:120 - 📏 串口长度数据已更新: L27.924513 -> physical_length=27.924513
2025-09-02 15:06:39.163 | INFO     | Pendulum.PendulumAPP:_processSerialData:121 - 🔄 数据来源: 串口接收 -> PendulumState.physical_length
2025-09-02 15:06:39.208 | INFO     | Pendulum.PendulumAPP:_processSerialData:120 - 📏 串口长度数据已更新: L27.924513 -> physical_length=27.924513
2025-09-02 15:06:39.210 | INFO     | Pendulum.PendulumAPP:_processSerialData:121 - 🔄 数据来源: 串口接收 -> PendulumState.physical_length
2025-09-02 15:06:39.245 | INFO     | Pendulum.PendulumAPP:_keyEventWeb:274 - u0
2025-09-02 15:06:39.247 | INFO     | Pendulum.SerialConncet:send:199 - sendu0
2025-09-02 15:06:39.251 | INFO     | Pendulum.SerialConncet:send:201 - [发送] u0
2025-09-02 15:06:39.255 | INFO     | Pendulum.PendulumAPP:_processSerialData:120 - 📏 串口长度数据已更新: L27.924513 -> physical_length=27.924513
2025-09-02 15:06:39.258 | INFO     | Pendulum.PendulumAPP:_processSerialData:121 - 🔄 数据来源: 串口接收 -> PendulumState.physical_length
2025-09-02 15:06:39.301 | INFO     | Pendulum.PendulumAPP:_processSerialData:120 - 📏 串口长度数据已更新: L27.924513 -> physical_length=27.924513
2025-09-02 15:06:39.302 | INFO     | Pendulum.PendulumAPP:_processSerialData:121 - 🔄 数据来源: 串口接收 -> PendulumState.physical_length
2025-09-02 15:06:39.348 | INFO     | Pendulum.PendulumAPP:_processSerialData:120 - 📏 串口长度数据已更新: L27.924513 -> physical_length=27.924513
2025-09-02 15:06:39.349 | INFO     | Pendulum.PendulumAPP:_processSerialData:121 - 🔄 数据来源: 串口接收 -> PendulumState.physical_length
2025-09-02 15:06:39.395 | INFO     | Pendulum.PendulumAPP:_processSerialData:120 - 📏 串口长度数据已更新: L27.924513 -> physical_length=27.924513
2025-09-02 15:06:39.396 | INFO     | Pendulum.PendulumAPP:_processSerialData:121 - 🔄 数据来源: 串口接收 -> PendulumState.physical_length
2025-09-02 15:06:39.441 | INFO     | Pendulum.PendulumAPP:_processSerialData:120 - 📏 串口长度数据已更新: L27.924513 -> physical_length=27.924513
2025-09-02 15:06:39.443 | INFO     | Pendulum.PendulumAPP:_processSerialData:121 - 🔄 数据来源: 串口接收 -> PendulumState.physical_length
2025-09-02 15:06:39.489 | INFO     | Pendulum.PendulumAPP:_processSerialData:120 - 📏 串口长度数据已更新: L27.924513 -> physical_length=27.924513
2025-09-02 15:06:39.489 | INFO     | Pendulum.PendulumAPP:_processSerialData:121 - 🔄 数据来源: 串口接收 -> PendulumState.physical_length
2025-09-02 15:06:39.536 | INFO     | Pendulum.PendulumAPP:_processSerialData:120 - 📏 串口长度数据已更新: L27.924513 -> physical_length=27.924513
2025-09-02 15:06:39.539 | INFO     | Pendulum.PendulumAPP:_processSerialData:121 - 🔄 数据来源: 串口接收 -> PendulumState.physical_length
2025-09-02 15:06:39.582 | INFO     | Pendulum.PendulumAPP:_processSerialData:120 - 📏 串口长度数据已更新: L27.924513 -> physical_length=27.924513
2025-09-02 15:06:39.584 | INFO     | Pendulum.PendulumAPP:_processSerialData:121 - 🔄 数据来源: 串口接收 -> PendulumState.physical_length
2025-09-02 15:06:39.629 | INFO     | Pendulum.PendulumAPP:_processSerialData:120 - 📏 串口长度数据已更新: L27.924513 -> physical_length=27.924513
2025-09-02 15:06:39.631 | INFO     | Pendulum.PendulumAPP:_processSerialData:121 - 🔄 数据来源: 串口接收 -> PendulumState.physical_length
2025-09-02 15:06:39.675 | INFO     | Pendulum.PendulumAPP:_processSerialData:120 - 📏 串口长度数据已更新: L27.924513 -> physical_length=27.924513
2025-09-02 15:06:39.677 | INFO     | Pendulum.PendulumAPP:_processSerialData:121 - 🔄 数据来源: 串口接收 -> PendulumState.physical_length
2025-09-02 15:06:39.722 | INFO     | Pendulum.PendulumAPP:_processSerialData:120 - 📏 串口长度数据已更新: L27.924513 -> physical_length=27.924513
2025-09-02 15:06:39.723 | INFO     | Pendulum.PendulumAPP:_processSerialData:121 - 🔄 数据来源: 串口接收 -> PendulumState.physical_length
2025-09-02 15:06:39.770 | INFO     | Pendulum.PendulumAPP:_processSerialData:120 - 📏 串口长度数据已更新: L27.924513 -> physical_length=27.924513
2025-09-02 15:06:39.771 | INFO     | Pendulum.PendulumAPP:_processSerialData:121 - 🔄 数据来源: 串口接收 -> PendulumState.physical_length
2025-09-02 15:06:39.816 | INFO     | Pendulum.PendulumAPP:_processSerialData:120 - 📏 串口长度数据已更新: L27.924513 -> physical_length=27.924513
2025-09-02 15:06:39.816 | INFO     | Pendulum.PendulumAPP:_processSerialData:121 - 🔄 数据来源: 串口接收 -> PendulumState.physical_length
2025-09-02 15:06:39.862 | INFO     | Pendulum.PendulumAPP:_processSerialData:120 - 📏 串口长度数据已更新: L27.924513 -> physical_length=27.924513
2025-09-02 15:06:39.863 | INFO     | Pendulum.PendulumAPP:_processSerialData:121 - 🔄 数据来源: 串口接收 -> PendulumState.physical_length
2025-09-02 15:06:39.908 | INFO     | Pendulum.PendulumAPP:_processSerialData:120 - 📏 串口长度数据已更新: L27.924513 -> physical_length=27.924513
2025-09-02 15:06:39.910 | INFO     | Pendulum.PendulumAPP:_processSerialData:121 - 🔄 数据来源: 串口接收 -> PendulumState.physical_length
2025-09-02 15:06:39.956 | INFO     | Pendulum.PendulumAPP:_processSerialData:120 - 📏 串口长度数据已更新: L27.924513 -> physical_length=27.924513
2025-09-02 15:06:39.957 | INFO     | Pendulum.PendulumAPP:_processSerialData:121 - 🔄 数据来源: 串口接收 -> PendulumState.physical_length
2025-09-02 15:06:40.002 | INFO     | Pendulum.PendulumAPP:_processSerialData:120 - 📏 串口长度数据已更新: L27.924513 -> physical_length=27.924513
2025-09-02 15:06:40.003 | INFO     | Pendulum.PendulumAPP:_processSerialData:121 - 🔄 数据来源: 串口接收 -> PendulumState.physical_length
2025-09-02 15:06:40.041 | INFO     | Pendulum.PendulumAPP:_keyEventWeb:289 - d1
2025-09-02 15:06:40.042 | INFO     | Pendulum.SerialConncet:send:199 - sendd1
2025-09-02 15:06:40.043 | INFO     | Pendulum.SerialConncet:send:201 - [发送] d1
2025-09-02 15:06:40.048 | INFO     | Pendulum.PendulumAPP:_processSerialData:120 - 📏 串口长度数据已更新: L27.924513 -> physical_length=27.924513
2025-09-02 15:06:40.049 | INFO     | Pendulum.PendulumAPP:_processSerialData:121 - 🔄 数据来源: 串口接收 -> PendulumState.physical_length
2025-09-02 15:06:40.096 | INFO     | Pendulum.PendulumAPP:_processSerialData:120 - 📏 串口长度数据已更新: L27.924513 -> physical_length=27.924513
2025-09-02 15:06:40.097 | INFO     | Pendulum.PendulumAPP:_processSerialData:121 - 🔄 数据来源: 串口接收 -> PendulumState.physical_length
2025-09-02 15:06:40.141 | INFO     | Pendulum.PendulumAPP:_processSerialData:120 - 📏 串口长度数据已更新: L27.924513 -> physical_length=27.924513
2025-09-02 15:06:40.144 | INFO     | Pendulum.PendulumAPP:_processSerialData:121 - 🔄 数据来源: 串口接收 -> PendulumState.physical_length
2025-09-02 15:06:40.187 | INFO     | Pendulum.PendulumAPP:_processSerialData:120 - 📏 串口长度数据已更新: L27.924513 -> physical_length=27.924513
2025-09-02 15:06:40.188 | INFO     | Pendulum.PendulumAPP:_processSerialData:121 - 🔄 数据来源: 串口接收 -> PendulumState.physical_length
2025-09-02 15:06:40.233 | INFO     | Pendulum.PendulumAPP:_processSerialData:120 - 📏 串口长度数据已更新: L27.924513 -> physical_length=27.924513
2025-09-02 15:06:40.234 | INFO     | Pendulum.PendulumAPP:_processSerialData:121 - 🔄 数据来源: 串口接收 -> PendulumState.physical_length
2025-09-02 15:06:40.279 | INFO     | Pendulum.PendulumAPP:_processSerialData:120 - 📏 串口长度数据已更新: L27.924513 -> physical_length=27.924513
2025-09-02 15:06:40.281 | INFO     | Pendulum.PendulumAPP:_processSerialData:121 - 🔄 数据来源: 串口接收 -> PendulumState.physical_length
2025-09-02 15:06:40.326 | INFO     | Pendulum.PendulumAPP:_processSerialData:120 - 📏 串口长度数据已更新: L27.924513 -> physical_length=27.924513
2025-09-02 15:06:40.327 | INFO     | Pendulum.PendulumAPP:_processSerialData:121 - 🔄 数据来源: 串口接收 -> PendulumState.physical_length
2025-09-02 15:06:40.372 | INFO     | Pendulum.PendulumAPP:_processSerialData:120 - 📏 串口长度数据已更新: L27.924513 -> physical_length=27.924513
2025-09-02 15:06:40.373 | INFO     | Pendulum.PendulumAPP:_processSerialData:121 - 🔄 数据来源: 串口接收 -> PendulumState.physical_length
2025-09-02 15:06:40.418 | INFO     | Pendulum.PendulumAPP:_processSerialData:120 - 📏 串口长度数据已更新: L27.924513 -> physical_length=27.924513
2025-09-02 15:06:40.419 | INFO     | Pendulum.PendulumAPP:_processSerialData:121 - 🔄 数据来源: 串口接收 -> PendulumState.physical_length
2025-09-02 15:06:40.463 | INFO     | Pendulum.PendulumAPP:_processSerialData:120 - 📏 串口长度数据已更新: L27.924513 -> physical_length=27.924513
2025-09-02 15:06:40.464 | INFO     | Pendulum.PendulumAPP:_processSerialData:121 - 🔄 数据来源: 串口接收 -> PendulumState.physical_length
2025-09-02 15:06:40.510 | INFO     | Pendulum.PendulumAPP:_processSerialData:120 - 📏 串口长度数据已更新: L27.924513 -> physical_length=27.924513
2025-09-02 15:06:40.511 | INFO     | Pendulum.PendulumAPP:_processSerialData:121 - 🔄 数据来源: 串口接收 -> PendulumState.physical_length
2025-09-02 15:06:40.558 | INFO     | Pendulum.PendulumAPP:_processSerialData:120 - 📏 串口长度数据已更新: L27.924513 -> physical_length=27.924513
2025-09-02 15:06:40.560 | INFO     | Pendulum.PendulumAPP:_processSerialData:121 - 🔄 数据来源: 串口接收 -> PendulumState.physical_length
2025-09-02 15:06:40.587 | INFO     | Pendulum.PendulumAPP:_processSerialData:120 - 📏 串口长度数据已更新: L27.924513 -> physical_length=27.924513
2025-09-02 15:06:40.588 | INFO     | Pendulum.PendulumAPP:_processSerialData:121 - 🔄 数据来源: 串口接收 -> PendulumState.physical_length
2025-09-02 15:06:40.634 | INFO     | Pendulum.PendulumAPP:_processSerialData:120 - 📏 串口长度数据已更新: L27.924513 -> physical_length=27.924513
2025-09-02 15:06:40.636 | INFO     | Pendulum.PendulumAPP:_processSerialData:121 - 🔄 数据来源: 串口接收 -> PendulumState.physical_length
2025-09-02 15:06:40.680 | INFO     | Pendulum.PendulumAPP:_processSerialData:120 - 📏 串口长度数据已更新: L27.924513 -> physical_length=27.924513
2025-09-02 15:06:40.681 | INFO     | Pendulum.PendulumAPP:_processSerialData:121 - 🔄 数据来源: 串口接收 -> PendulumState.physical_length
2025-09-02 15:06:40.727 | INFO     | Pendulum.PendulumAPP:_processSerialData:120 - 📏 串口长度数据已更新: L27.924513 -> physical_length=27.924513
2025-09-02 15:06:40.728 | INFO     | Pendulum.PendulumAPP:_processSerialData:121 - 🔄 数据来源: 串口接收 -> PendulumState.physical_length
2025-09-02 15:06:40.773 | INFO     | Pendulum.PendulumAPP:_processSerialData:120 - 📏 串口长度数据已更新: L27.924513 -> physical_length=27.924513
2025-09-02 15:06:40.774 | INFO     | Pendulum.PendulumAPP:_processSerialData:121 - 🔄 数据来源: 串口接收 -> PendulumState.physical_length
2025-09-02 15:06:40.820 | INFO     | Pendulum.PendulumAPP:_processSerialData:120 - 📏 串口长度数据已更新: L27.924513 -> physical_length=27.924513
2025-09-02 15:06:40.820 | INFO     | Pendulum.PendulumAPP:_processSerialData:121 - 🔄 数据来源: 串口接收 -> PendulumState.physical_length
2025-09-02 15:06:40.865 | INFO     | Pendulum.PendulumAPP:_processSerialData:120 - 📏 串口长度数据已更新: L27.924513 -> physical_length=27.924513
2025-09-02 15:06:40.867 | INFO     | Pendulum.PendulumAPP:_processSerialData:121 - 🔄 数据来源: 串口接收 -> PendulumState.physical_length
2025-09-02 15:06:40.912 | INFO     | Pendulum.PendulumAPP:_processSerialData:120 - 📏 串口长度数据已更新: L27.924513 -> physical_length=27.924513
2025-09-02 15:06:40.914 | INFO     | Pendulum.PendulumAPP:_processSerialData:121 - 🔄 数据来源: 串口接收 -> PendulumState.physical_length
2025-09-02 15:06:40.959 | INFO     | Pendulum.PendulumAPP:_processSerialData:120 - 📏 串口长度数据已更新: L27.924513 -> physical_length=27.924513
2025-09-02 15:06:40.960 | INFO     | Pendulum.PendulumAPP:_processSerialData:121 - 🔄 数据来源: 串口接收 -> PendulumState.physical_length
2025-09-02 15:06:41.006 | INFO     | Pendulum.PendulumAPP:_processSerialData:120 - 📏 串口长度数据已更新: L27.924513 -> physical_length=27.924513
2025-09-02 15:06:41.007 | INFO     | Pendulum.PendulumAPP:_processSerialData:121 - 🔄 数据来源: 串口接收 -> PendulumState.physical_length
2025-09-02 15:06:41.052 | INFO     | Pendulum.PendulumAPP:_processSerialData:120 - 📏 串口长度数据已更新: L27.924513 -> physical_length=27.924513
2025-09-02 15:06:41.053 | INFO     | Pendulum.PendulumAPP:_processSerialData:121 - 🔄 数据来源: 串口接收 -> PendulumState.physical_length
2025-09-02 15:06:41.100 | INFO     | Pendulum.PendulumAPP:_processSerialData:120 - 📏 串口长度数据已更新: L27.924513 -> physical_length=27.924513
2025-09-02 15:06:41.101 | INFO     | Pendulum.PendulumAPP:_processSerialData:121 - 🔄 数据来源: 串口接收 -> PendulumState.physical_length
2025-09-02 15:06:41.147 | INFO     | Pendulum.PendulumAPP:_processSerialData:120 - 📏 串口长度数据已更新: L27.924513 -> physical_length=27.924513
2025-09-02 15:06:41.148 | INFO     | Pendulum.PendulumAPP:_processSerialData:121 - 🔄 数据来源: 串口接收 -> PendulumState.physical_length
2025-09-02 15:06:41.194 | INFO     | Pendulum.PendulumAPP:_processSerialData:120 - 📏 串口长度数据已更新: L27.924513 -> physical_length=27.924513
2025-09-02 15:06:41.196 | INFO     | Pendulum.PendulumAPP:_processSerialData:121 - 🔄 数据来源: 串口接收 -> PendulumState.physical_length
2025-09-02 15:06:41.231 | INFO     | Pendulum.PendulumAPP:_keyEventWeb:268 - u2
2025-09-02 15:06:41.234 | INFO     | Pendulum.SerialConncet:send:199 - sendu2
2025-09-02 15:06:41.236 | INFO     | Pendulum.SerialConncet:send:201 - [发送] u2
2025-09-02 15:06:41.241 | INFO     | Pendulum.PendulumAPP:_processSerialData:120 - 📏 串口长度数据已更新: L27.924513 -> physical_length=27.924513
2025-09-02 15:06:41.242 | INFO     | Pendulum.PendulumAPP:_processSerialData:121 - 🔄 数据来源: 串口接收 -> PendulumState.physical_length
2025-09-02 15:06:41.288 | INFO     | Pendulum.PendulumAPP:_processSerialData:120 - 📏 串口长度数据已更新: L27.924513 -> physical_length=27.924513
2025-09-02 15:06:41.290 | INFO     | Pendulum.PendulumAPP:_processSerialData:121 - 🔄 数据来源: 串口接收 -> PendulumState.physical_length
2025-09-02 15:06:41.334 | INFO     | Pendulum.PendulumAPP:_processSerialData:120 - 📏 串口长度数据已更新: L27.924513 -> physical_length=27.924513
2025-09-02 15:06:41.334 | INFO     | Pendulum.PendulumAPP:_processSerialData:121 - 🔄 数据来源: 串口接收 -> PendulumState.physical_length
2025-09-02 15:06:41.379 | INFO     | Pendulum.PendulumAPP:_processSerialData:120 - 📏 串口长度数据已更新: L27.924513 -> physical_length=27.924513
2025-09-02 15:06:41.382 | INFO     | Pendulum.PendulumAPP:_processSerialData:121 - 🔄 数据来源: 串口接收 -> PendulumState.physical_length
2025-09-02 15:06:41.426 | INFO     | Pendulum.PendulumAPP:_processSerialData:120 - 📏 串口长度数据已更新: L27.924513 -> physical_length=27.924513
2025-09-02 15:06:41.427 | INFO     | Pendulum.PendulumAPP:_processSerialData:121 - 🔄 数据来源: 串口接收 -> PendulumState.physical_length
2025-09-02 15:06:41.474 | INFO     | Pendulum.PendulumAPP:_processSerialData:120 - 📏 串口长度数据已更新: L27.924513 -> physical_length=27.924513
2025-09-02 15:06:41.476 | INFO     | Pendulum.PendulumAPP:_processSerialData:121 - 🔄 数据来源: 串口接收 -> PendulumState.physical_length
2025-09-02 15:06:41.522 | INFO     | Pendulum.PendulumAPP:_processSerialData:120 - 📏 串口长度数据已更新: L27.924513 -> physical_length=27.924513
2025-09-02 15:06:41.525 | INFO     | Pendulum.PendulumAPP:_processSerialData:121 - 🔄 数据来源: 串口接收 -> PendulumState.physical_length
2025-09-02 15:06:41.568 | INFO     | Pendulum.PendulumAPP:_processSerialData:120 - 📏 串口长度数据已更新: L27.924513 -> physical_length=27.924513
2025-09-02 15:06:41.569 | INFO     | Pendulum.PendulumAPP:_processSerialData:121 - 🔄 数据来源: 串口接收 -> PendulumState.physical_length
2025-09-02 15:06:41.614 | INFO     | Pendulum.PendulumAPP:_processSerialData:120 - 📏 串口长度数据已更新: L27.924513 -> physical_length=27.924513
2025-09-02 15:06:41.615 | INFO     | Pendulum.PendulumAPP:_processSerialData:121 - 🔄 数据来源: 串口接收 -> PendulumState.physical_length
2025-09-02 15:06:41.660 | INFO     | Pendulum.PendulumAPP:_processSerialData:120 - 📏 串口长度数据已更新: L27.924513 -> physical_length=27.924513
2025-09-02 15:06:41.663 | INFO     | Pendulum.PendulumAPP:_processSerialData:121 - 🔄 数据来源: 串口接收 -> PendulumState.physical_length
2025-09-02 15:06:41.706 | INFO     | Pendulum.PendulumAPP:_processSerialData:120 - 📏 串口长度数据已更新: L27.924513 -> physical_length=27.924513
2025-09-02 15:06:41.707 | INFO     | Pendulum.PendulumAPP:_processSerialData:121 - 🔄 数据来源: 串口接收 -> PendulumState.physical_length
2025-09-02 15:06:41.753 | INFO     | Pendulum.PendulumAPP:_processSerialData:120 - 📏 串口长度数据已更新: L27.924513 -> physical_length=27.924513
2025-09-02 15:06:41.754 | INFO     | Pendulum.PendulumAPP:_processSerialData:121 - 🔄 数据来源: 串口接收 -> PendulumState.physical_length
2025-09-02 15:06:41.789 | INFO     | Pendulum.PendulumAPP:_processSerialData:120 - 📏 串口长度数据已更新: L27.924513 -> physical_length=27.924513
2025-09-02 15:06:41.791 | INFO     | Pendulum.PendulumAPP:_processSerialData:121 - 🔄 数据来源: 串口接收 -> PendulumState.physical_length
2025-09-02 15:06:41.828 | INFO     | Pendulum.PendulumAPP:_processSerialData:120 - 📏 串口长度数据已更新: L27.924513 -> physical_length=27.924513
2025-09-02 15:06:41.829 | INFO     | Pendulum.PendulumAPP:_processSerialData:121 - 🔄 数据来源: 串口接收 -> PendulumState.physical_length
2025-09-02 15:06:41.875 | INFO     | Pendulum.PendulumAPP:_processSerialData:120 - 📏 串口长度数据已更新: L27.924513 -> physical_length=27.924513
2025-09-02 15:06:41.876 | INFO     | Pendulum.PendulumAPP:_processSerialData:121 - 🔄 数据来源: 串口接收 -> PendulumState.physical_length
2025-09-02 15:06:41.921 | INFO     | Pendulum.PendulumAPP:_processSerialData:120 - 📏 串口长度数据已更新: L27.924513 -> physical_length=27.924513
2025-09-02 15:06:41.922 | INFO     | Pendulum.PendulumAPP:_processSerialData:121 - 🔄 数据来源: 串口接收 -> PendulumState.physical_length
2025-09-02 15:06:41.967 | INFO     | Pendulum.PendulumAPP:_processSerialData:120 - 📏 串口长度数据已更新: L27.924513 -> physical_length=27.924513
2025-09-02 15:06:41.970 | INFO     | Pendulum.PendulumAPP:_processSerialData:121 - 🔄 数据来源: 串口接收 -> PendulumState.physical_length
2025-09-02 15:06:42.014 | INFO     | Pendulum.PendulumAPP:_processSerialData:120 - 📏 串口长度数据已更新: L27.924513 -> physical_length=27.924513
2025-09-02 15:06:42.016 | INFO     | Pendulum.PendulumAPP:_processSerialData:121 - 🔄 数据来源: 串口接收 -> PendulumState.physical_length
2025-09-02 15:06:42.060 | INFO     | Pendulum.PendulumAPP:_processSerialData:120 - 📏 串口长度数据已更新: L27.924513 -> physical_length=27.924513
2025-09-02 15:06:42.061 | INFO     | Pendulum.PendulumAPP:_processSerialData:121 - 🔄 数据来源: 串口接收 -> PendulumState.physical_length
2025-09-02 15:06:42.106 | INFO     | Pendulum.PendulumAPP:_processSerialData:120 - 📏 串口长度数据已更新: L27.924513 -> physical_length=27.924513
2025-09-02 15:06:42.107 | INFO     | Pendulum.PendulumAPP:_processSerialData:121 - 🔄 数据来源: 串口接收 -> PendulumState.physical_length
2025-09-02 15:06:42.151 | INFO     | Pendulum.PendulumAPP:_processSerialData:120 - 📏 串口长度数据已更新: L27.924513 -> physical_length=27.924513
2025-09-02 15:06:42.152 | INFO     | Pendulum.PendulumAPP:_processSerialData:121 - 🔄 数据来源: 串口接收 -> PendulumState.physical_length
2025-09-02 15:06:42.197 | INFO     | Pendulum.PendulumAPP:_processSerialData:120 - 📏 串口长度数据已更新: L27.924513 -> physical_length=27.924513
2025-09-02 15:06:42.198 | INFO     | Pendulum.PendulumAPP:_processSerialData:121 - 🔄 数据来源: 串口接收 -> PendulumState.physical_length
2025-09-02 15:06:42.244 | INFO     | Pendulum.PendulumAPP:_processSerialData:120 - 📏 串口长度数据已更新: L27.924513 -> physical_length=27.924513
2025-09-02 15:06:42.246 | INFO     | Pendulum.PendulumAPP:_processSerialData:121 - 🔄 数据来源: 串口接收 -> PendulumState.physical_length
2025-09-02 15:06:42.290 | INFO     | Pendulum.PendulumAPP:_processSerialData:120 - 📏 串口长度数据已更新: L27.924513 -> physical_length=27.924513
2025-09-02 15:06:42.292 | INFO     | Pendulum.PendulumAPP:_processSerialData:121 - 🔄 数据来源: 串口接收 -> PendulumState.physical_length
2025-09-02 15:06:42.338 | INFO     | Pendulum.PendulumAPP:_processSerialData:120 - 📏 串口长度数据已更新: L27.924513 -> physical_length=27.924513
2025-09-02 15:06:42.340 | INFO     | Pendulum.PendulumAPP:_processSerialData:121 - 🔄 数据来源: 串口接收 -> PendulumState.physical_length
2025-09-02 15:06:42.384 | INFO     | Pendulum.PendulumAPP:_processSerialData:120 - 📏 串口长度数据已更新: L27.924513 -> physical_length=27.924513
2025-09-02 15:06:42.385 | INFO     | Pendulum.PendulumAPP:_processSerialData:121 - 🔄 数据来源: 串口接收 -> PendulumState.physical_length
2025-09-02 15:06:42.431 | INFO     | Pendulum.PendulumAPP:_processSerialData:120 - 📏 串口长度数据已更新: L27.924513 -> physical_length=27.924513
2025-09-02 15:06:42.432 | INFO     | Pendulum.PendulumAPP:_processSerialData:121 - 🔄 数据来源: 串口接收 -> PendulumState.physical_length
2025-09-02 15:06:42.477 | INFO     | Pendulum.PendulumAPP:_processSerialData:120 - 📏 串口长度数据已更新: L27.924513 -> physical_length=27.924513
2025-09-02 15:06:42.480 | INFO     | Pendulum.PendulumAPP:_processSerialData:121 - 🔄 数据来源: 串口接收 -> PendulumState.physical_length
2025-09-02 15:06:42.523 | INFO     | Pendulum.PendulumAPP:_processSerialData:120 - 📏 串口长度数据已更新: L27.924513 -> physical_length=27.924513
2025-09-02 15:06:42.526 | INFO     | Pendulum.PendulumAPP:_processSerialData:121 - 🔄 数据来源: 串口接收 -> PendulumState.physical_length
2025-09-02 15:06:42.570 | INFO     | Pendulum.PendulumAPP:_processSerialData:120 - 📏 串口长度数据已更新: L27.924513 -> physical_length=27.924513
2025-09-02 15:06:42.572 | INFO     | Pendulum.PendulumAPP:_processSerialData:121 - 🔄 数据来源: 串口接收 -> PendulumState.physical_length
2025-09-02 15:06:42.617 | INFO     | Pendulum.PendulumAPP:_processSerialData:120 - 📏 串口长度数据已更新: L27.924513 -> physical_length=27.924513
2025-09-02 15:06:42.618 | INFO     | Pendulum.PendulumAPP:_processSerialData:121 - 🔄 数据来源: 串口接收 -> PendulumState.physical_length
2025-09-02 15:06:42.662 | INFO     | Pendulum.PendulumAPP:_processSerialData:120 - 📏 串口长度数据已更新: L27.924513 -> physical_length=27.924513
2025-09-02 15:06:42.662 | INFO     | Pendulum.PendulumAPP:_processSerialData:121 - 🔄 数据来源: 串口接收 -> PendulumState.physical_length
2025-09-02 15:06:42.708 | INFO     | Pendulum.PendulumAPP:_processSerialData:120 - 📏 串口长度数据已更新: L27.924513 -> physical_length=27.924513
2025-09-02 15:06:42.710 | INFO     | Pendulum.PendulumAPP:_processSerialData:121 - 🔄 数据来源: 串口接收 -> PendulumState.physical_length
2025-09-02 15:06:42.753 | INFO     | Pendulum.PendulumAPP:_processSerialData:120 - 📏 串口长度数据已更新: L27.924513 -> physical_length=27.924513
2025-09-02 15:06:42.754 | INFO     | Pendulum.PendulumAPP:_processSerialData:121 - 🔄 数据来源: 串口接收 -> PendulumState.physical_length
2025-09-02 15:06:42.799 | INFO     | Pendulum.PendulumAPP:_processSerialData:120 - 📏 串口长度数据已更新: L27.924513 -> physical_length=27.924513
2025-09-02 15:06:42.801 | INFO     | Pendulum.PendulumAPP:_processSerialData:121 - 🔄 数据来源: 串口接收 -> PendulumState.physical_length
2025-09-02 15:06:42.847 | INFO     | Pendulum.PendulumAPP:_processSerialData:120 - 📏 串口长度数据已更新: L27.924513 -> physical_length=27.924513
2025-09-02 15:06:42.848 | INFO     | Pendulum.PendulumAPP:_processSerialData:121 - 🔄 数据来源: 串口接收 -> PendulumState.physical_length
2025-09-02 15:06:42.893 | INFO     | Pendulum.PendulumAPP:_processSerialData:120 - 📏 串口长度数据已更新: L27.924513 -> physical_length=27.924513
2025-09-02 15:06:42.893 | INFO     | Pendulum.PendulumAPP:_processSerialData:121 - 🔄 数据来源: 串口接收 -> PendulumState.physical_length
2025-09-02 15:06:42.939 | INFO     | Pendulum.PendulumAPP:_processSerialData:120 - 📏 串口长度数据已更新: L27.924513 -> physical_length=27.924513
2025-09-02 15:06:42.943 | INFO     | Pendulum.PendulumAPP:_processSerialData:121 - 🔄 数据来源: 串口接收 -> PendulumState.physical_length
2025-09-02 15:06:42.986 | INFO     | Pendulum.PendulumAPP:_processSerialData:120 - 📏 串口长度数据已更新: L27.924513 -> physical_length=27.924513
2025-09-02 15:06:42.986 | INFO     | Pendulum.PendulumAPP:_processSerialData:121 - 🔄 数据来源: 串口接收 -> PendulumState.physical_length
2025-09-02 15:06:43.032 | INFO     | Pendulum.PendulumAPP:_processSerialData:120 - 📏 串口长度数据已更新: L27.924513 -> physical_length=27.924513
2025-09-02 15:06:43.033 | INFO     | Pendulum.PendulumAPP:_processSerialData:121 - 🔄 数据来源: 串口接收 -> PendulumState.physical_length
2025-09-02 15:06:43.078 | INFO     | Pendulum.PendulumAPP:_processSerialData:120 - 📏 串口长度数据已更新: L27.924513 -> physical_length=27.924513
2025-09-02 15:06:43.080 | INFO     | Pendulum.PendulumAPP:_processSerialData:121 - 🔄 数据来源: 串口接收 -> PendulumState.physical_length
2025-09-02 15:06:43.125 | INFO     | Pendulum.PendulumAPP:_processSerialData:120 - 📏 串口长度数据已更新: L27.924513 -> physical_length=27.924513
2025-09-02 15:06:43.126 | INFO     | Pendulum.PendulumAPP:_processSerialData:121 - 🔄 数据来源: 串口接收 -> PendulumState.physical_length
2025-09-02 15:06:43.172 | INFO     | Pendulum.PendulumAPP:_processSerialData:120 - 📏 串口长度数据已更新: L27.924513 -> physical_length=27.924513
2025-09-02 15:06:43.173 | INFO     | Pendulum.PendulumAPP:_processSerialData:121 - 🔄 数据来源: 串口接收 -> PendulumState.physical_length
2025-09-02 15:06:43.219 | INFO     | Pendulum.PendulumAPP:_processSerialData:120 - 📏 串口长度数据已更新: L27.924513 -> physical_length=27.924513
2025-09-02 15:06:43.220 | INFO     | Pendulum.PendulumAPP:_processSerialData:121 - 🔄 数据来源: 串口接收 -> PendulumState.physical_length
2025-09-02 15:06:43.266 | INFO     | Pendulum.PendulumAPP:_processSerialData:120 - 📏 串口长度数据已更新: L27.924513 -> physical_length=27.924513
2025-09-02 15:06:43.267 | INFO     | Pendulum.PendulumAPP:_processSerialData:121 - 🔄 数据来源: 串口接收 -> PendulumState.physical_length
2025-09-02 15:06:43.313 | INFO     | Pendulum.PendulumAPP:_processSerialData:120 - 📏 串口长度数据已更新: L27.924513 -> physical_length=27.924513
2025-09-02 15:06:43.314 | INFO     | Pendulum.PendulumAPP:_processSerialData:121 - 🔄 数据来源: 串口接收 -> PendulumState.physical_length
2025-09-02 15:06:43.360 | INFO     | Pendulum.PendulumAPP:_processSerialData:120 - 📏 串口长度数据已更新: L27.924513 -> physical_length=27.924513
2025-09-02 15:06:43.361 | INFO     | Pendulum.PendulumAPP:_processSerialData:121 - 🔄 数据来源: 串口接收 -> PendulumState.physical_length
2025-09-02 15:06:43.407 | INFO     | Pendulum.PendulumAPP:_processSerialData:120 - 📏 串口长度数据已更新: L27.924513 -> physical_length=27.924513
2025-09-02 15:06:43.408 | INFO     | Pendulum.PendulumAPP:_processSerialData:121 - 🔄 数据来源: 串口接收 -> PendulumState.physical_length
2025-09-02 15:06:43.453 | INFO     | Pendulum.PendulumAPP:_processSerialData:120 - 📏 串口长度数据已更新: L27.924513 -> physical_length=27.924513
2025-09-02 15:06:43.455 | INFO     | Pendulum.PendulumAPP:_processSerialData:121 - 🔄 数据来源: 串口接收 -> PendulumState.physical_length
2025-09-02 15:06:43.498 | INFO     | Pendulum.PendulumAPP:_processSerialData:120 - 📏 串口长度数据已更新: L27.924513 -> physical_length=27.924513
2025-09-02 15:06:43.499 | INFO     | Pendulum.PendulumAPP:_processSerialData:121 - 🔄 数据来源: 串口接收 -> PendulumState.physical_length
2025-09-02 15:06:43.538 | INFO     | Pendulum.PendulumAPP:_keyEventWeb:274 - u0
2025-09-02 15:06:43.538 | INFO     | Pendulum.SerialConncet:send:199 - sendu0
2025-09-02 15:06:43.540 | INFO     | Pendulum.SerialConncet:send:201 - [发送] u0
2025-09-02 15:06:43.545 | INFO     | Pendulum.PendulumAPP:_processSerialData:120 - 📏 串口长度数据已更新: L27.924513 -> physical_length=27.924513
2025-09-02 15:06:43.546 | INFO     | Pendulum.PendulumAPP:_processSerialData:121 - 🔄 数据来源: 串口接收 -> PendulumState.physical_length
2025-09-02 15:06:43.592 | INFO     | Pendulum.PendulumAPP:_processSerialData:120 - 📏 串口长度数据已更新: L27.924513 -> physical_length=27.924513
2025-09-02 15:06:43.594 | INFO     | Pendulum.PendulumAPP:_processSerialData:121 - 🔄 数据来源: 串口接收 -> PendulumState.physical_length
2025-09-02 15:06:43.638 | INFO     | Pendulum.PendulumAPP:_processSerialData:120 - 📏 串口长度数据已更新: L27.924513 -> physical_length=27.924513
2025-09-02 15:06:43.641 | INFO     | Pendulum.PendulumAPP:_processSerialData:121 - 🔄 数据来源: 串口接收 -> PendulumState.physical_length
2025-09-02 15:06:43.684 | INFO     | Pendulum.PendulumAPP:_processSerialData:120 - 📏 串口长度数据已更新: L27.924513 -> physical_length=27.924513
2025-09-02 15:06:43.684 | INFO     | Pendulum.PendulumAPP:_processSerialData:121 - 🔄 数据来源: 串口接收 -> PendulumState.physical_length
2025-09-02 15:06:43.732 | INFO     | Pendulum.PendulumAPP:_processSerialData:120 - 📏 串口长度数据已更新: L27.924513 -> physical_length=27.924513
2025-09-02 15:06:43.733 | INFO     | Pendulum.PendulumAPP:_processSerialData:121 - 🔄 数据来源: 串口接收 -> PendulumState.physical_length
2025-09-02 15:06:43.778 | INFO     | Pendulum.PendulumAPP:_processSerialData:120 - 📏 串口长度数据已更新: L27.924513 -> physical_length=27.924513
2025-09-02 15:06:43.778 | INFO     | Pendulum.PendulumAPP:_processSerialData:121 - 🔄 数据来源: 串口接收 -> PendulumState.physical_length
2025-09-02 15:06:43.824 | INFO     | Pendulum.PendulumAPP:_processSerialData:120 - 📏 串口长度数据已更新: L27.924513 -> physical_length=27.924513
2025-09-02 15:06:43.825 | INFO     | Pendulum.PendulumAPP:_processSerialData:121 - 🔄 数据来源: 串口接收 -> PendulumState.physical_length
2025-09-02 15:06:43.871 | INFO     | Pendulum.PendulumAPP:_processSerialData:120 - 📏 串口长度数据已更新: L27.924513 -> physical_length=27.924513
2025-09-02 15:06:43.873 | INFO     | Pendulum.PendulumAPP:_processSerialData:121 - 🔄 数据来源: 串口接收 -> PendulumState.physical_length
2025-09-02 15:06:43.918 | INFO     | Pendulum.PendulumAPP:_processSerialData:120 - 📏 串口长度数据已更新: L27.924513 -> physical_length=27.924513
2025-09-02 15:06:43.921 | INFO     | Pendulum.PendulumAPP:_processSerialData:121 - 🔄 数据来源: 串口接收 -> PendulumState.physical_length
2025-09-02 15:06:43.963 | INFO     | Pendulum.PendulumAPP:_processSerialData:120 - 📏 串口长度数据已更新: L27.924513 -> physical_length=27.924513
2025-09-02 15:06:43.964 | INFO     | Pendulum.PendulumAPP:_processSerialData:121 - 🔄 数据来源: 串口接收 -> PendulumState.physical_length
2025-09-02 15:06:44.058 | INFO     | Pendulum.PendulumAPP:_processSerialData:120 - 📏 串口长度数据已更新: L27.924513 -> physical_length=27.924513
2025-09-02 15:06:44.065 | INFO     | Pendulum.PendulumAPP:_processSerialData:121 - 🔄 数据来源: 串口接收 -> PendulumState.physical_length
2025-09-02 15:06:44.136 | INFO     | Pendulum.PendulumAPP:_processSerialData:120 - 📏 串口长度数据已更新: L27.924513 -> physical_length=27.924513
2025-09-02 15:06:44.137 | INFO     | Pendulum.PendulumAPP:_processSerialData:121 - 🔄 数据来源: 串口接收 -> PendulumState.physical_length
2025-09-02 15:06:44.182 | INFO     | Pendulum.PendulumAPP:_processSerialData:120 - 📏 串口长度数据已更新: L27.924513 -> physical_length=27.924513
2025-09-02 15:06:44.184 | INFO     | Pendulum.PendulumAPP:_processSerialData:121 - 🔄 数据来源: 串口接收 -> PendulumState.physical_length
2025-09-02 15:06:44.227 | INFO     | Pendulum.PendulumAPP:_processSerialData:120 - 📏 串口长度数据已更新: L27.924513 -> physical_length=27.924513
2025-09-02 15:06:44.229 | INFO     | Pendulum.PendulumAPP:_processSerialData:121 - 🔄 数据来源: 串口接收 -> PendulumState.physical_length
2025-09-02 15:06:44.274 | INFO     | Pendulum.PendulumAPP:_processSerialData:120 - 📏 串口长度数据已更新: L27.924513 -> physical_length=27.924513
2025-09-02 15:06:44.276 | INFO     | Pendulum.PendulumAPP:_processSerialData:121 - 🔄 数据来源: 串口接收 -> PendulumState.physical_length
2025-09-02 15:06:44.320 | INFO     | Pendulum.PendulumAPP:_processSerialData:120 - 📏 串口长度数据已更新: L27.924513 -> physical_length=27.924513
2025-09-02 15:06:44.321 | INFO     | Pendulum.PendulumAPP:_processSerialData:121 - 🔄 数据来源: 串口接收 -> PendulumState.physical_length
2025-09-02 15:06:44.368 | INFO     | Pendulum.PendulumAPP:_processSerialData:120 - 📏 串口长度数据已更新: L27.924513 -> physical_length=27.924513
2025-09-02 15:06:44.371 | INFO     | Pendulum.PendulumAPP:_processSerialData:121 - 🔄 数据来源: 串口接收 -> PendulumState.physical_length
2025-09-02 15:06:44.415 | INFO     | Pendulum.PendulumAPP:_processSerialData:120 - 📏 串口长度数据已更新: L27.924513 -> physical_length=27.924513
2025-09-02 15:06:44.416 | INFO     | Pendulum.PendulumAPP:_processSerialData:121 - 🔄 数据来源: 串口接收 -> PendulumState.physical_length
2025-09-02 15:06:44.461 | INFO     | Pendulum.PendulumAPP:_processSerialData:120 - 📏 串口长度数据已更新: L27.924513 -> physical_length=27.924513
2025-09-02 15:06:44.462 | INFO     | Pendulum.PendulumAPP:_processSerialData:121 - 🔄 数据来源: 串口接收 -> PendulumState.physical_length
2025-09-02 15:06:44.506 | INFO     | Pendulum.PendulumAPP:_processSerialData:120 - 📏 串口长度数据已更新: L27.924513 -> physical_length=27.924513
2025-09-02 15:06:44.507 | INFO     | Pendulum.PendulumAPP:_processSerialData:121 - 🔄 数据来源: 串口接收 -> PendulumState.physical_length
2025-09-02 15:06:44.553 | INFO     | Pendulum.PendulumAPP:_processSerialData:120 - 📏 串口长度数据已更新: L27.924513 -> physical_length=27.924513
2025-09-02 15:06:44.555 | INFO     | Pendulum.PendulumAPP:_processSerialData:121 - 🔄 数据来源: 串口接收 -> PendulumState.physical_length
2025-09-02 15:06:44.599 | INFO     | Pendulum.PendulumAPP:_processSerialData:120 - 📏 串口长度数据已更新: L27.924513 -> physical_length=27.924513
2025-09-02 15:06:44.600 | INFO     | Pendulum.PendulumAPP:_processSerialData:121 - 🔄 数据来源: 串口接收 -> PendulumState.physical_length
2025-09-02 15:06:44.646 | INFO     | Pendulum.PendulumAPP:_processSerialData:120 - 📏 串口长度数据已更新: L27.924513 -> physical_length=27.924513
2025-09-02 15:06:44.648 | INFO     | Pendulum.PendulumAPP:_processSerialData:121 - 🔄 数据来源: 串口接收 -> PendulumState.physical_length
2025-09-02 15:06:44.692 | INFO     | Pendulum.PendulumAPP:_processSerialData:120 - 📏 串口长度数据已更新: L27.924513 -> physical_length=27.924513
2025-09-02 15:06:44.693 | INFO     | Pendulum.PendulumAPP:_processSerialData:121 - 🔄 数据来源: 串口接收 -> PendulumState.physical_length
2025-09-02 15:06:44.737 | INFO     | Pendulum.PendulumAPP:_processSerialData:120 - 📏 串口长度数据已更新: L27.924513 -> physical_length=27.924513
2025-09-02 15:06:44.738 | INFO     | Pendulum.PendulumAPP:_processSerialData:121 - 🔄 数据来源: 串口接收 -> PendulumState.physical_length
2025-09-02 15:06:44.783 | INFO     | Pendulum.PendulumAPP:_processSerialData:120 - 📏 串口长度数据已更新: L27.924513 -> physical_length=27.924513
2025-09-02 15:06:44.784 | INFO     | Pendulum.PendulumAPP:_processSerialData:121 - 🔄 数据来源: 串口接收 -> PendulumState.physical_length
2025-09-02 15:06:44.831 | INFO     | Pendulum.PendulumAPP:_processSerialData:120 - 📏 串口长度数据已更新: L27.924513 -> physical_length=27.924513
2025-09-02 15:06:44.832 | INFO     | Pendulum.PendulumAPP:_processSerialData:121 - 🔄 数据来源: 串口接收 -> PendulumState.physical_length
2025-09-02 15:06:44.875 | INFO     | Pendulum.PendulumAPP:_processSerialData:120 - 📏 串口长度数据已更新: L27.924513 -> physical_length=27.924513
2025-09-02 15:06:44.876 | INFO     | Pendulum.PendulumAPP:_processSerialData:121 - 🔄 数据来源: 串口接收 -> PendulumState.physical_length
2025-09-02 15:06:44.923 | INFO     | Pendulum.PendulumAPP:_processSerialData:120 - 📏 串口长度数据已更新: L27.924513 -> physical_length=27.924513
2025-09-02 15:06:44.923 | INFO     | Pendulum.PendulumAPP:_processSerialData:121 - 🔄 数据来源: 串口接收 -> PendulumState.physical_length
2025-09-02 15:06:44.969 | INFO     | Pendulum.PendulumAPP:_processSerialData:120 - 📏 串口长度数据已更新: L27.924513 -> physical_length=27.924513
2025-09-02 15:06:44.969 | INFO     | Pendulum.PendulumAPP:_processSerialData:121 - 🔄 数据来源: 串口接收 -> PendulumState.physical_length
2025-09-02 15:06:45.016 | INFO     | Pendulum.PendulumAPP:_processSerialData:120 - 📏 串口长度数据已更新: L27.924513 -> physical_length=27.924513
2025-09-02 15:06:45.017 | INFO     | Pendulum.PendulumAPP:_processSerialData:121 - 🔄 数据来源: 串口接收 -> PendulumState.physical_length
2025-09-02 15:06:45.062 | INFO     | Pendulum.PendulumAPP:_processSerialData:120 - 📏 串口长度数据已更新: L27.924513 -> physical_length=27.924513
2025-09-02 15:06:45.063 | INFO     | Pendulum.PendulumAPP:_processSerialData:121 - 🔄 数据来源: 串口接收 -> PendulumState.physical_length
2025-09-02 15:06:45.109 | INFO     | Pendulum.PendulumAPP:_processSerialData:120 - 📏 串口长度数据已更新: L27.924513 -> physical_length=27.924513
2025-09-02 15:06:45.110 | INFO     | Pendulum.PendulumAPP:_processSerialData:121 - 🔄 数据来源: 串口接收 -> PendulumState.physical_length
2025-09-02 15:06:45.154 | INFO     | Pendulum.PendulumAPP:_processSerialData:120 - 📏 串口长度数据已更新: L27.924513 -> physical_length=27.924513
2025-09-02 15:06:45.155 | INFO     | Pendulum.PendulumAPP:_processSerialData:121 - 🔄 数据来源: 串口接收 -> PendulumState.physical_length
2025-09-02 15:06:45.202 | INFO     | Pendulum.PendulumAPP:_processSerialData:120 - 📏 串口长度数据已更新: L27.924513 -> physical_length=27.924513
2025-09-02 15:06:45.203 | INFO     | Pendulum.PendulumAPP:_processSerialData:121 - 🔄 数据来源: 串口接收 -> PendulumState.physical_length
2025-09-02 15:06:45.248 | INFO     | Pendulum.PendulumAPP:_processSerialData:120 - 📏 串口长度数据已更新: L27.924513 -> physical_length=27.924513
2025-09-02 15:06:45.249 | INFO     | Pendulum.PendulumAPP:_processSerialData:121 - 🔄 数据来源: 串口接收 -> PendulumState.physical_length
2025-09-02 15:06:45.292 | INFO     | Pendulum.PendulumAPP:_processSerialData:120 - 📏 串口长度数据已更新: L27.924513 -> physical_length=27.924513
2025-09-02 15:06:45.293 | INFO     | Pendulum.PendulumAPP:_processSerialData:121 - 🔄 数据来源: 串口接收 -> PendulumState.physical_length
2025-09-02 15:06:45.339 | INFO     | Pendulum.PendulumAPP:_processSerialData:120 - 📏 串口长度数据已更新: L27.924513 -> physical_length=27.924513
2025-09-02 15:06:45.340 | INFO     | Pendulum.PendulumAPP:_processSerialData:121 - 🔄 数据来源: 串口接收 -> PendulumState.physical_length
2025-09-02 15:06:45.384 | INFO     | Pendulum.PendulumAPP:_processSerialData:120 - 📏 串口长度数据已更新: L27.924513 -> physical_length=27.924513
2025-09-02 15:06:45.386 | INFO     | Pendulum.PendulumAPP:_processSerialData:121 - 🔄 数据来源: 串口接收 -> PendulumState.physical_length
2025-09-02 15:06:45.432 | INFO     | Pendulum.PendulumAPP:_processSerialData:120 - 📏 串口长度数据已更新: L27.924513 -> physical_length=27.924513
2025-09-02 15:06:45.434 | INFO     | Pendulum.PendulumAPP:_processSerialData:121 - 🔄 数据来源: 串口接收 -> PendulumState.physical_length
2025-09-02 15:06:45.479 | INFO     | Pendulum.PendulumAPP:_processSerialData:120 - 📏 串口长度数据已更新: L27.924513 -> physical_length=27.924513
2025-09-02 15:06:45.480 | INFO     | Pendulum.PendulumAPP:_processSerialData:121 - 🔄 数据来源: 串口接收 -> PendulumState.physical_length
2025-09-02 15:06:45.524 | INFO     | Pendulum.PendulumAPP:_processSerialData:120 - 📏 串口长度数据已更新: L27.924513 -> physical_length=27.924513
2025-09-02 15:06:45.525 | INFO     | Pendulum.PendulumAPP:_processSerialData:121 - 🔄 数据来源: 串口接收 -> PendulumState.physical_length
2025-09-02 15:06:45.569 | INFO     | Pendulum.PendulumAPP:_processSerialData:120 - 📏 串口长度数据已更新: L27.924513 -> physical_length=27.924513
2025-09-02 15:06:45.570 | INFO     | Pendulum.PendulumAPP:_processSerialData:121 - 🔄 数据来源: 串口接收 -> PendulumState.physical_length
2025-09-02 15:06:45.615 | INFO     | Pendulum.PendulumAPP:_processSerialData:120 - 📏 串口长度数据已更新: L27.924513 -> physical_length=27.924513
2025-09-02 15:06:45.616 | INFO     | Pendulum.PendulumAPP:_processSerialData:121 - 🔄 数据来源: 串口接收 -> PendulumState.physical_length
2025-09-02 15:06:45.663 | INFO     | Pendulum.PendulumAPP:_processSerialData:120 - 📏 串口长度数据已更新: L27.924513 -> physical_length=27.924513
2025-09-02 15:06:45.663 | INFO     | Pendulum.PendulumAPP:_processSerialData:121 - 🔄 数据来源: 串口接收 -> PendulumState.physical_length
2025-09-02 15:06:45.710 | INFO     | Pendulum.PendulumAPP:_processSerialData:120 - 📏 串口长度数据已更新: L27.924513 -> physical_length=27.924513
2025-09-02 15:06:45.711 | INFO     | Pendulum.PendulumAPP:_processSerialData:121 - 🔄 数据来源: 串口接收 -> PendulumState.physical_length
2025-09-02 15:06:45.756 | INFO     | Pendulum.PendulumAPP:_processSerialData:120 - 📏 串口长度数据已更新: L27.924513 -> physical_length=27.924513
2025-09-02 15:06:45.759 | INFO     | Pendulum.PendulumAPP:_processSerialData:121 - 🔄 数据来源: 串口接收 -> PendulumState.physical_length
2025-09-02 15:06:45.801 | INFO     | Pendulum.PendulumAPP:_processSerialData:120 - 📏 串口长度数据已更新: L27.924513 -> physical_length=27.924513
2025-09-02 15:06:45.802 | INFO     | Pendulum.PendulumAPP:_processSerialData:121 - 🔄 数据来源: 串口接收 -> PendulumState.physical_length
2025-09-02 15:06:45.847 | INFO     | Pendulum.PendulumAPP:_processSerialData:120 - 📏 串口长度数据已更新: L27.924513 -> physical_length=27.924513
2025-09-02 15:06:45.848 | INFO     | Pendulum.PendulumAPP:_processSerialData:121 - 🔄 数据来源: 串口接收 -> PendulumState.physical_length
2025-09-02 15:06:45.894 | INFO     | Pendulum.PendulumAPP:_processSerialData:120 - 📏 串口长度数据已更新: L27.924513 -> physical_length=27.924513
2025-09-02 15:06:45.895 | INFO     | Pendulum.PendulumAPP:_processSerialData:121 - 🔄 数据来源: 串口接收 -> PendulumState.physical_length
2025-09-02 15:06:45.941 | INFO     | Pendulum.PendulumAPP:_processSerialData:120 - 📏 串口长度数据已更新: L27.924513 -> physical_length=27.924513
2025-09-02 15:06:45.941 | INFO     | Pendulum.PendulumAPP:_processSerialData:121 - 🔄 数据来源: 串口接收 -> PendulumState.physical_length
2025-09-02 15:06:45.987 | INFO     | Pendulum.PendulumAPP:_processSerialData:120 - 📏 串口长度数据已更新: L27.924513 -> physical_length=27.924513
2025-09-02 15:06:45.988 | INFO     | Pendulum.PendulumAPP:_processSerialData:121 - 🔄 数据来源: 串口接收 -> PendulumState.physical_length
2025-09-02 15:06:46.034 | INFO     | Pendulum.PendulumAPP:_processSerialData:120 - 📏 串口长度数据已更新: L27.924513 -> physical_length=27.924513
2025-09-02 15:06:46.035 | INFO     | Pendulum.PendulumAPP:_processSerialData:121 - 🔄 数据来源: 串口接收 -> PendulumState.physical_length
2025-09-02 15:06:46.080 | INFO     | Pendulum.PendulumAPP:_processSerialData:120 - 📏 串口长度数据已更新: L27.924513 -> physical_length=27.924513
2025-09-02 15:06:46.081 | INFO     | Pendulum.PendulumAPP:_processSerialData:121 - 🔄 数据来源: 串口接收 -> PendulumState.physical_length
2025-09-02 15:06:46.126 | INFO     | Pendulum.PendulumAPP:_processSerialData:120 - 📏 串口长度数据已更新: L27.924513 -> physical_length=27.924513
2025-09-02 15:06:46.126 | INFO     | Pendulum.PendulumAPP:_processSerialData:121 - 🔄 数据来源: 串口接收 -> PendulumState.physical_length
2025-09-02 15:06:46.173 | INFO     | Pendulum.PendulumAPP:_processSerialData:120 - 📏 串口长度数据已更新: L27.924513 -> physical_length=27.924513
2025-09-02 15:06:46.175 | INFO     | Pendulum.PendulumAPP:_processSerialData:121 - 🔄 数据来源: 串口接收 -> PendulumState.physical_length
2025-09-02 15:06:46.219 | INFO     | Pendulum.PendulumAPP:_processSerialData:120 - 📏 串口长度数据已更新: L27.924513 -> physical_length=27.924513
2025-09-02 15:06:46.220 | INFO     | Pendulum.PendulumAPP:_processSerialData:121 - 🔄 数据来源: 串口接收 -> PendulumState.physical_length
2025-09-02 15:06:46.266 | INFO     | Pendulum.PendulumAPP:_processSerialData:120 - 📏 串口长度数据已更新: L27.924513 -> physical_length=27.924513
2025-09-02 15:06:46.267 | INFO     | Pendulum.PendulumAPP:_processSerialData:121 - 🔄 数据来源: 串口接收 -> PendulumState.physical_length
2025-09-02 15:06:46.313 | INFO     | Pendulum.PendulumAPP:_processSerialData:120 - 📏 串口长度数据已更新: L27.924513 -> physical_length=27.924513
2025-09-02 15:06:46.315 | INFO     | Pendulum.PendulumAPP:_processSerialData:121 - 🔄 数据来源: 串口接收 -> PendulumState.physical_length
2025-09-02 15:06:46.359 | INFO     | Pendulum.PendulumAPP:_processSerialData:120 - 📏 串口长度数据已更新: L27.924513 -> physical_length=27.924513
2025-09-02 15:06:46.360 | INFO     | Pendulum.PendulumAPP:_processSerialData:121 - 🔄 数据来源: 串口接收 -> PendulumState.physical_length
2025-09-02 15:06:46.406 | INFO     | Pendulum.PendulumAPP:_processSerialData:120 - 📏 串口长度数据已更新: L27.924513 -> physical_length=27.924513
2025-09-02 15:06:46.408 | INFO     | Pendulum.PendulumAPP:_processSerialData:121 - 🔄 数据来源: 串口接收 -> PendulumState.physical_length
2025-09-02 15:06:46.454 | INFO     | Pendulum.PendulumAPP:_processSerialData:120 - 📏 串口长度数据已更新: L27.924513 -> physical_length=27.924513
2025-09-02 15:06:46.455 | INFO     | Pendulum.PendulumAPP:_processSerialData:121 - 🔄 数据来源: 串口接收 -> PendulumState.physical_length
2025-09-02 15:06:46.500 | INFO     | Pendulum.PendulumAPP:_processSerialData:120 - 📏 串口长度数据已更新: L27.924513 -> physical_length=27.924513
2025-09-02 15:06:46.501 | INFO     | Pendulum.PendulumAPP:_processSerialData:121 - 🔄 数据来源: 串口接收 -> PendulumState.physical_length
2025-09-02 15:06:46.546 | INFO     | Pendulum.PendulumAPP:_processSerialData:120 - 📏 串口长度数据已更新: L27.924513 -> physical_length=27.924513
2025-09-02 15:06:46.547 | INFO     | Pendulum.PendulumAPP:_processSerialData:121 - 🔄 数据来源: 串口接收 -> PendulumState.physical_length
2025-09-02 15:06:46.593 | INFO     | Pendulum.PendulumAPP:_processSerialData:120 - 📏 串口长度数据已更新: L27.924513 -> physical_length=27.924513
2025-09-02 15:06:46.593 | INFO     | Pendulum.PendulumAPP:_processSerialData:121 - 🔄 数据来源: 串口接收 -> PendulumState.physical_length
2025-09-02 15:06:46.639 | INFO     | Pendulum.PendulumAPP:_processSerialData:120 - 📏 串口长度数据已更新: L27.924513 -> physical_length=27.924513
2025-09-02 15:06:46.643 | INFO     | Pendulum.PendulumAPP:_processSerialData:121 - 🔄 数据来源: 串口接收 -> PendulumState.physical_length
2025-09-02 15:06:46.686 | INFO     | Pendulum.PendulumAPP:_processSerialData:120 - 📏 串口长度数据已更新: L27.924513 -> physical_length=27.924513
2025-09-02 15:06:46.689 | INFO     | Pendulum.PendulumAPP:_processSerialData:121 - 🔄 数据来源: 串口接收 -> PendulumState.physical_length
2025-09-02 15:06:46.731 | INFO     | Pendulum.PendulumAPP:_processSerialData:120 - 📏 串口长度数据已更新: L27.924513 -> physical_length=27.924513
2025-09-02 15:06:46.732 | INFO     | Pendulum.PendulumAPP:_processSerialData:121 - 🔄 数据来源: 串口接收 -> PendulumState.physical_length
2025-09-02 15:06:46.777 | INFO     | Pendulum.PendulumAPP:_processSerialData:120 - 📏 串口长度数据已更新: L27.924513 -> physical_length=27.924513
2025-09-02 15:06:46.779 | INFO     | Pendulum.PendulumAPP:_processSerialData:121 - 🔄 数据来源: 串口接收 -> PendulumState.physical_length
2025-09-02 15:06:46.824 | INFO     | Pendulum.PendulumAPP:_processSerialData:120 - 📏 串口长度数据已更新: L27.924513 -> physical_length=27.924513
2025-09-02 15:06:46.826 | INFO     | Pendulum.PendulumAPP:_processSerialData:121 - 🔄 数据来源: 串口接收 -> PendulumState.physical_length
2025-09-02 15:06:46.870 | INFO     | Pendulum.PendulumAPP:_processSerialData:120 - 📏 串口长度数据已更新: L27.924513 -> physical_length=27.924513
2025-09-02 15:06:46.871 | INFO     | Pendulum.PendulumAPP:_processSerialData:121 - 🔄 数据来源: 串口接收 -> PendulumState.physical_length
2025-09-02 15:06:46.916 | INFO     | Pendulum.PendulumAPP:_processSerialData:120 - 📏 串口长度数据已更新: L27.924513 -> physical_length=27.924513
2025-09-02 15:06:46.918 | INFO     | Pendulum.PendulumAPP:_processSerialData:121 - 🔄 数据来源: 串口接收 -> PendulumState.physical_length
2025-09-02 15:06:46.963 | INFO     | Pendulum.PendulumAPP:_processSerialData:120 - 📏 串口长度数据已更新: L27.924513 -> physical_length=27.924513
2025-09-02 15:06:46.964 | INFO     | Pendulum.PendulumAPP:_processSerialData:121 - 🔄 数据来源: 串口接收 -> PendulumState.physical_length
2025-09-02 15:06:47.009 | INFO     | Pendulum.PendulumAPP:_processSerialData:120 - 📏 串口长度数据已更新: L27.924513 -> physical_length=27.924513
2025-09-02 15:06:47.014 | INFO     | Pendulum.PendulumAPP:_processSerialData:121 - 🔄 数据来源: 串口接收 -> PendulumState.physical_length
2025-09-02 15:06:47.053 | INFO     | Pendulum.PendulumAPP:_processSerialData:120 - 📏 串口长度数据已更新: L27.924513 -> physical_length=27.924513
2025-09-02 15:06:47.054 | INFO     | Pendulum.PendulumAPP:_processSerialData:121 - 🔄 数据来源: 串口接收 -> PendulumState.physical_length
2025-09-02 15:06:47.100 | INFO     | Pendulum.PendulumAPP:_processSerialData:120 - 📏 串口长度数据已更新: L27.924513 -> physical_length=27.924513
2025-09-02 15:06:47.101 | INFO     | Pendulum.PendulumAPP:_processSerialData:121 - 🔄 数据来源: 串口接收 -> PendulumState.physical_length
2025-09-02 15:06:47.147 | INFO     | Pendulum.PendulumAPP:_processSerialData:120 - 📏 串口长度数据已更新: L27.924513 -> physical_length=27.924513
2025-09-02 15:06:47.149 | INFO     | Pendulum.PendulumAPP:_processSerialData:121 - 🔄 数据来源: 串口接收 -> PendulumState.physical_length
2025-09-02 15:06:47.193 | INFO     | Pendulum.PendulumAPP:_processSerialData:120 - 📏 串口长度数据已更新: L27.924513 -> physical_length=27.924513
2025-09-02 15:06:47.196 | INFO     | Pendulum.PendulumAPP:_processSerialData:121 - 🔄 数据来源: 串口接收 -> PendulumState.physical_length
2025-09-02 15:06:47.240 | INFO     | Pendulum.PendulumAPP:_processSerialData:120 - 📏 串口长度数据已更新: L27.924513 -> physical_length=27.924513
2025-09-02 15:06:47.241 | INFO     | Pendulum.PendulumAPP:_processSerialData:121 - 🔄 数据来源: 串口接收 -> PendulumState.physical_length
2025-09-02 15:06:47.287 | INFO     | Pendulum.PendulumAPP:_processSerialData:120 - 📏 串口长度数据已更新: L27.924513 -> physical_length=27.924513
2025-09-02 15:06:47.288 | INFO     | Pendulum.PendulumAPP:_processSerialData:121 - 🔄 数据来源: 串口接收 -> PendulumState.physical_length
2025-09-02 15:06:47.333 | INFO     | Pendulum.PendulumAPP:_processSerialData:120 - 📏 串口长度数据已更新: L27.924513 -> physical_length=27.924513
2025-09-02 15:06:47.334 | INFO     | Pendulum.PendulumAPP:_processSerialData:121 - 🔄 数据来源: 串口接收 -> PendulumState.physical_length
2025-09-02 15:06:47.380 | INFO     | Pendulum.PendulumAPP:_processSerialData:120 - 📏 串口长度数据已更新: L27.924513 -> physical_length=27.924513
2025-09-02 15:06:47.382 | INFO     | Pendulum.PendulumAPP:_processSerialData:121 - 🔄 数据来源: 串口接收 -> PendulumState.physical_length
2025-09-02 15:06:47.426 | INFO     | Pendulum.PendulumAPP:_processSerialData:120 - 📏 串口长度数据已更新: L27.924513 -> physical_length=27.924513
2025-09-02 15:06:47.428 | INFO     | Pendulum.PendulumAPP:_processSerialData:121 - 🔄 数据来源: 串口接收 -> PendulumState.physical_length
2025-09-02 15:06:47.474 | INFO     | Pendulum.PendulumAPP:_processSerialData:120 - 📏 串口长度数据已更新: L27.924513 -> physical_length=27.924513
2025-09-02 15:06:47.475 | INFO     | Pendulum.PendulumAPP:_processSerialData:121 - 🔄 数据来源: 串口接收 -> PendulumState.physical_length
2025-09-02 15:06:47.518 | INFO     | Pendulum.PendulumAPP:_processSerialData:120 - 📏 串口长度数据已更新: L27.924513 -> physical_length=27.924513
2025-09-02 15:06:47.520 | INFO     | Pendulum.PendulumAPP:_processSerialData:121 - 🔄 数据来源: 串口接收 -> PendulumState.physical_length
2025-09-02 15:06:47.564 | INFO     | Pendulum.PendulumAPP:_processSerialData:120 - 📏 串口长度数据已更新: L27.924513 -> physical_length=27.924513
2025-09-02 15:06:47.569 | INFO     | Pendulum.PendulumAPP:_processSerialData:121 - 🔄 数据来源: 串口接收 -> PendulumState.physical_length
2025-09-02 15:06:47.610 | INFO     | Pendulum.PendulumAPP:_processSerialData:120 - 📏 串口长度数据已更新: L27.924513 -> physical_length=27.924513
2025-09-02 15:06:47.611 | INFO     | Pendulum.PendulumAPP:_processSerialData:121 - 🔄 数据来源: 串口接收 -> PendulumState.physical_length
2025-09-02 15:06:47.658 | INFO     | Pendulum.PendulumAPP:_processSerialData:120 - 📏 串口长度数据已更新: L27.924513 -> physical_length=27.924513
2025-09-02 15:06:47.659 | INFO     | Pendulum.PendulumAPP:_processSerialData:121 - 🔄 数据来源: 串口接收 -> PendulumState.physical_length
2025-09-02 15:06:47.703 | INFO     | Pendulum.PendulumAPP:_processSerialData:120 - 📏 串口长度数据已更新: L27.924513 -> physical_length=27.924513
2025-09-02 15:06:47.704 | INFO     | Pendulum.PendulumAPP:_processSerialData:121 - 🔄 数据来源: 串口接收 -> PendulumState.physical_length
2025-09-02 15:06:47.750 | INFO     | Pendulum.PendulumAPP:_processSerialData:120 - 📏 串口长度数据已更新: L27.924513 -> physical_length=27.924513
2025-09-02 15:06:47.752 | INFO     | Pendulum.PendulumAPP:_processSerialData:121 - 🔄 数据来源: 串口接收 -> PendulumState.physical_length
2025-09-02 15:06:47.797 | INFO     | Pendulum.PendulumAPP:_processSerialData:120 - 📏 串口长度数据已更新: L27.924513 -> physical_length=27.924513
2025-09-02 15:06:47.798 | INFO     | Pendulum.PendulumAPP:_processSerialData:121 - 🔄 数据来源: 串口接收 -> PendulumState.physical_length
2025-09-02 15:06:47.843 | INFO     | Pendulum.PendulumAPP:_processSerialData:120 - 📏 串口长度数据已更新: L27.924513 -> physical_length=27.924513
2025-09-02 15:06:47.844 | INFO     | Pendulum.PendulumAPP:_processSerialData:121 - 🔄 数据来源: 串口接收 -> PendulumState.physical_length
2025-09-02 15:06:47.890 | INFO     | Pendulum.PendulumAPP:_processSerialData:120 - 📏 串口长度数据已更新: L27.924513 -> physical_length=27.924513
2025-09-02 15:06:47.890 | INFO     | Pendulum.PendulumAPP:_processSerialData:121 - 🔄 数据来源: 串口接收 -> PendulumState.physical_length
2025-09-02 15:06:47.936 | INFO     | Pendulum.PendulumAPP:_processSerialData:120 - 📏 串口长度数据已更新: L27.924513 -> physical_length=27.924513
2025-09-02 15:06:47.937 | INFO     | Pendulum.PendulumAPP:_processSerialData:121 - 🔄 数据来源: 串口接收 -> PendulumState.physical_length
2025-09-02 15:06:47.984 | INFO     | Pendulum.PendulumAPP:_processSerialData:120 - 📏 串口长度数据已更新: L27.924513 -> physical_length=27.924513
2025-09-02 15:06:47.985 | INFO     | Pendulum.PendulumAPP:_processSerialData:121 - 🔄 数据来源: 串口接收 -> PendulumState.physical_length
2025-09-02 15:06:48.030 | INFO     | Pendulum.PendulumAPP:_processSerialData:120 - 📏 串口长度数据已更新: L27.924513 -> physical_length=27.924513
2025-09-02 15:06:48.031 | INFO     | Pendulum.PendulumAPP:_processSerialData:121 - 🔄 数据来源: 串口接收 -> PendulumState.physical_length
2025-09-02 15:06:48.075 | INFO     | Pendulum.PendulumAPP:_processSerialData:120 - 📏 串口长度数据已更新: L27.924513 -> physical_length=27.924513
2025-09-02 15:06:48.077 | INFO     | Pendulum.PendulumAPP:_processSerialData:121 - 🔄 数据来源: 串口接收 -> PendulumState.physical_length
2025-09-02 15:06:48.123 | INFO     | Pendulum.PendulumAPP:_processSerialData:120 - 📏 串口长度数据已更新: L27.924513 -> physical_length=27.924513
2025-09-02 15:06:48.124 | INFO     | Pendulum.PendulumAPP:_processSerialData:121 - 🔄 数据来源: 串口接收 -> PendulumState.physical_length
2025-09-02 15:06:48.169 | INFO     | Pendulum.PendulumAPP:_processSerialData:120 - 📏 串口长度数据已更新: L27.924513 -> physical_length=27.924513
2025-09-02 15:06:48.170 | INFO     | Pendulum.PendulumAPP:_processSerialData:121 - 🔄 数据来源: 串口接收 -> PendulumState.physical_length
2025-09-02 15:06:48.216 | INFO     | Pendulum.PendulumAPP:_processSerialData:120 - 📏 串口长度数据已更新: L27.924513 -> physical_length=27.924513
2025-09-02 15:06:48.218 | INFO     | Pendulum.PendulumAPP:_processSerialData:121 - 🔄 数据来源: 串口接收 -> PendulumState.physical_length
2025-09-02 15:06:48.262 | INFO     | Pendulum.PendulumAPP:_processSerialData:120 - 📏 串口长度数据已更新: L27.924513 -> physical_length=27.924513
2025-09-02 15:06:48.263 | INFO     | Pendulum.PendulumAPP:_processSerialData:121 - 🔄 数据来源: 串口接收 -> PendulumState.physical_length
2025-09-02 15:06:48.310 | INFO     | Pendulum.PendulumAPP:_processSerialData:120 - 📏 串口长度数据已更新: L27.924513 -> physical_length=27.924513
2025-09-02 15:06:48.311 | INFO     | Pendulum.PendulumAPP:_processSerialData:121 - 🔄 数据来源: 串口接收 -> PendulumState.physical_length
2025-09-02 15:06:48.356 | INFO     | Pendulum.PendulumAPP:_processSerialData:120 - 📏 串口长度数据已更新: L27.924513 -> physical_length=27.924513
2025-09-02 15:06:48.357 | INFO     | Pendulum.PendulumAPP:_processSerialData:121 - 🔄 数据来源: 串口接收 -> PendulumState.physical_length
2025-09-02 15:06:48.403 | INFO     | Pendulum.PendulumAPP:_processSerialData:120 - 📏 串口长度数据已更新: L27.924513 -> physical_length=27.924513
2025-09-02 15:06:48.404 | INFO     | Pendulum.PendulumAPP:_processSerialData:121 - 🔄 数据来源: 串口接收 -> PendulumState.physical_length
2025-09-02 15:06:48.449 | INFO     | Pendulum.PendulumAPP:_processSerialData:120 - 📏 串口长度数据已更新: L27.924513 -> physical_length=27.924513
2025-09-02 15:06:48.451 | INFO     | Pendulum.PendulumAPP:_processSerialData:121 - 🔄 数据来源: 串口接收 -> PendulumState.physical_length
2025-09-02 15:06:48.498 | INFO     | Pendulum.PendulumAPP:_processSerialData:120 - 📏 串口长度数据已更新: L27.924513 -> physical_length=27.924513
2025-09-02 15:06:48.499 | INFO     | Pendulum.PendulumAPP:_processSerialData:121 - 🔄 数据来源: 串口接收 -> PendulumState.physical_length
2025-09-02 15:06:48.544 | INFO     | Pendulum.PendulumAPP:_processSerialData:120 - 📏 串口长度数据已更新: L27.924513 -> physical_length=27.924513
2025-09-02 15:06:48.545 | INFO     | Pendulum.PendulumAPP:_processSerialData:121 - 🔄 数据来源: 串口接收 -> PendulumState.physical_length
2025-09-02 15:06:48.590 | INFO     | Pendulum.PendulumAPP:_processSerialData:120 - 📏 串口长度数据已更新: L27.924513 -> physical_length=27.924513
2025-09-02 15:06:48.591 | INFO     | Pendulum.PendulumAPP:_processSerialData:121 - 🔄 数据来源: 串口接收 -> PendulumState.physical_length
2025-09-02 15:06:48.637 | INFO     | Pendulum.PendulumAPP:_processSerialData:120 - 📏 串口长度数据已更新: L27.924513 -> physical_length=27.924513
2025-09-02 15:06:48.640 | INFO     | Pendulum.PendulumAPP:_processSerialData:121 - 🔄 数据来源: 串口接收 -> PendulumState.physical_length
2025-09-02 15:06:48.685 | INFO     | Pendulum.PendulumAPP:_processSerialData:120 - 📏 串口长度数据已更新: L27.924513 -> physical_length=27.924513
2025-09-02 15:06:48.687 | INFO     | Pendulum.PendulumAPP:_processSerialData:121 - 🔄 数据来源: 串口接收 -> PendulumState.physical_length
2025-09-02 15:06:48.730 | INFO     | Pendulum.PendulumAPP:_processSerialData:120 - 📏 串口长度数据已更新: L27.924513 -> physical_length=27.924513
2025-09-02 15:06:48.731 | INFO     | Pendulum.PendulumAPP:_processSerialData:121 - 🔄 数据来源: 串口接收 -> PendulumState.physical_length
2025-09-02 15:06:48.776 | INFO     | Pendulum.PendulumAPP:_processSerialData:120 - 📏 串口长度数据已更新: L27.924513 -> physical_length=27.924513
2025-09-02 15:06:48.776 | INFO     | Pendulum.PendulumAPP:_processSerialData:121 - 🔄 数据来源: 串口接收 -> PendulumState.physical_length
2025-09-02 15:06:48.809 | INFO     | Pendulum.PendulumCore:updateMouse:156 - 已设置摆轴固定点: (262, 214),清除参考角度和参考向量
2025-09-02 15:06:48.823 | INFO     | Pendulum.PendulumAPP:_processSerialData:120 - 📏 串口长度数据已更新: L27.924513 -> physical_length=27.924513
2025-09-02 15:06:48.823 | INFO     | Pendulum.PendulumAPP:_processSerialData:121 - 🔄 数据来源: 串口接收 -> PendulumState.physical_length
2025-09-02 15:06:48.869 | INFO     | Pendulum.PendulumAPP:_processSerialData:120 - 📏 串口长度数据已更新: L27.924513 -> physical_length=27.924513
2025-09-02 15:06:48.870 | INFO     | Pendulum.PendulumAPP:_processSerialData:121 - 🔄 数据来源: 串口接收 -> PendulumState.physical_length
2025-09-02 15:06:48.917 | INFO     | Pendulum.PendulumAPP:_processSerialData:120 - 📏 串口长度数据已更新: L27.924513 -> physical_length=27.924513
2025-09-02 15:06:48.917 | INFO     | Pendulum.PendulumAPP:_processSerialData:121 - 🔄 数据来源: 串口接收 -> PendulumState.physical_length
2025-09-02 15:06:48.962 | INFO     | Pendulum.PendulumAPP:_processSerialData:120 - 📏 串口长度数据已更新: L27.924513 -> physical_length=27.924513
2025-09-02 15:06:48.963 | INFO     | Pendulum.PendulumAPP:_processSerialData:121 - 🔄 数据来源: 串口接收 -> PendulumState.physical_length
2025-09-02 15:06:49.010 | INFO     | Pendulum.PendulumAPP:_processSerialData:120 - 📏 串口长度数据已更新: L27.924513 -> physical_length=27.924513
2025-09-02 15:06:49.010 | INFO     | Pendulum.PendulumAPP:_processSerialData:121 - 🔄 数据来源: 串口接收 -> PendulumState.physical_length
2025-09-02 15:06:49.055 | INFO     | Pendulum.PendulumAPP:_processSerialData:120 - 📏 串口长度数据已更新: L27.924513 -> physical_length=27.924513
2025-09-02 15:06:49.056 | INFO     | Pendulum.PendulumAPP:_processSerialData:121 - 🔄 数据来源: 串口接收 -> PendulumState.physical_length
2025-09-02 15:06:49.101 | INFO     | Pendulum.PendulumAPP:_processSerialData:120 - 📏 串口长度数据已更新: L27.924513 -> physical_length=27.924513
2025-09-02 15:06:49.105 | INFO     | Pendulum.PendulumAPP:_processSerialData:121 - 🔄 数据来源: 串口接收 -> PendulumState.physical_length
2025-09-02 15:06:49.148 | INFO     | Pendulum.PendulumAPP:_processSerialData:120 - 📏 串口长度数据已更新: L27.924513 -> physical_length=27.924513
2025-09-02 15:06:49.150 | INFO     | Pendulum.PendulumAPP:_processSerialData:121 - 🔄 数据来源: 串口接收 -> PendulumState.physical_length
2025-09-02 15:06:49.194 | INFO     | Pendulum.PendulumAPP:_processSerialData:120 - 📏 串口长度数据已更新: L27.924513 -> physical_length=27.924513
2025-09-02 15:06:49.196 | INFO     | Pendulum.PendulumAPP:_processSerialData:121 - 🔄 数据来源: 串口接收 -> PendulumState.physical_length
2025-09-02 15:06:49.238 | INFO     | Pendulum.PendulumAPP:_processSerialData:120 - 📏 串口长度数据已更新: L27.924513 -> physical_length=27.924513
2025-09-02 15:06:49.239 | INFO     | Pendulum.PendulumAPP:_processSerialData:121 - 🔄 数据来源: 串口接收 -> PendulumState.physical_length
2025-09-02 15:06:49.285 | INFO     | Pendulum.PendulumAPP:_processSerialData:120 - 📏 串口长度数据已更新: L27.924513 -> physical_length=27.924513
2025-09-02 15:06:49.286 | INFO     | Pendulum.PendulumAPP:_processSerialData:121 - 🔄 数据来源: 串口接收 -> PendulumState.physical_length
2025-09-02 15:06:49.332 | INFO     | Pendulum.PendulumAPP:_processSerialData:120 - 📏 串口长度数据已更新: L27.924513 -> physical_length=27.924513
2025-09-02 15:06:49.333 | INFO     | Pendulum.PendulumAPP:_processSerialData:121 - 🔄 数据来源: 串口接收 -> PendulumState.physical_length
2025-09-02 15:06:49.379 | INFO     | Pendulum.PendulumAPP:_processSerialData:120 - 📏 串口长度数据已更新: L27.924513 -> physical_length=27.924513
2025-09-02 15:06:49.380 | INFO     | Pendulum.PendulumAPP:_processSerialData:121 - 🔄 数据来源: 串口接收 -> PendulumState.physical_length
2025-09-02 15:06:49.426 | INFO     | Pendulum.PendulumAPP:_processSerialData:120 - 📏 串口长度数据已更新: L27.924513 -> physical_length=27.924513
2025-09-02 15:06:49.426 | INFO     | Pendulum.PendulumAPP:_processSerialData:121 - 🔄 数据来源: 串口接收 -> PendulumState.physical_length
2025-09-02 15:06:49.471 | INFO     | Pendulum.PendulumAPP:_processSerialData:120 - 📏 串口长度数据已更新: L27.924513 -> physical_length=27.924513
2025-09-02 15:06:49.473 | INFO     | Pendulum.PendulumAPP:_processSerialData:121 - 🔄 数据来源: 串口接收 -> PendulumState.physical_length
2025-09-02 15:06:49.518 | INFO     | Pendulum.PendulumAPP:_processSerialData:120 - 📏 串口长度数据已更新: L27.924513 -> physical_length=27.924513
2025-09-02 15:06:49.518 | INFO     | Pendulum.PendulumAPP:_processSerialData:121 - 🔄 数据来源: 串口接收 -> PendulumState.physical_length
2025-09-02 15:06:49.566 | INFO     | Pendulum.PendulumAPP:_processSerialData:120 - 📏 串口长度数据已更新: L27.924513 -> physical_length=27.924513
2025-09-02 15:06:49.569 | INFO     | Pendulum.PendulumAPP:_processSerialData:121 - 🔄 数据来源: 串口接收 -> PendulumState.physical_length
2025-09-02 15:06:49.596 | INFO     | Pendulum.PendulumAPP:_processSerialData:120 - 📏 串口长度数据已更新: L27.924513 -> physical_length=27.924513
2025-09-02 15:06:49.599 | INFO     | Pendulum.PendulumAPP:_processSerialData:121 - 🔄 数据来源: 串口接收 -> PendulumState.physical_length
2025-09-02 15:06:49.642 | INFO     | Pendulum.PendulumAPP:_processSerialData:120 - 📏 串口长度数据已更新: L27.924513 -> physical_length=27.924513
2025-09-02 15:06:49.643 | INFO     | Pendulum.PendulumAPP:_processSerialData:121 - 🔄 数据来源: 串口接收 -> PendulumState.physical_length
2025-09-02 15:06:49.688 | INFO     | Pendulum.PendulumAPP:_processSerialData:120 - 📏 串口长度数据已更新: L27.924513 -> physical_length=27.924513
2025-09-02 15:06:49.690 | INFO     | Pendulum.PendulumAPP:_processSerialData:121 - 🔄 数据来源: 串口接收 -> PendulumState.physical_length
2025-09-02 15:06:49.734 | INFO     | Pendulum.PendulumAPP:_processSerialData:120 - 📏 串口长度数据已更新: L27.924513 -> physical_length=27.924513
2025-09-02 15:06:49.736 | INFO     | Pendulum.PendulumAPP:_processSerialData:121 - 🔄 数据来源: 串口接收 -> PendulumState.physical_length
2025-09-02 15:06:49.780 | INFO     | Pendulum.PendulumAPP:_processSerialData:120 - 📏 串口长度数据已更新: L27.924513 -> physical_length=27.924513
2025-09-02 15:06:49.781 | INFO     | Pendulum.PendulumAPP:_processSerialData:121 - 🔄 数据来源: 串口接收 -> PendulumState.physical_length
2025-09-02 15:06:49.827 | INFO     | Pendulum.PendulumAPP:_processSerialData:120 - 📏 串口长度数据已更新: L27.924513 -> physical_length=27.924513
2025-09-02 15:06:49.827 | INFO     | Pendulum.PendulumAPP:_processSerialData:121 - 🔄 数据来源: 串口接收 -> PendulumState.physical_length
2025-09-02 15:06:49.872 | INFO     | Pendulum.PendulumAPP:_processSerialData:120 - 📏 串口长度数据已更新: L27.924513 -> physical_length=27.924513
2025-09-02 15:06:49.872 | INFO     | Pendulum.PendulumAPP:_processSerialData:121 - 🔄 数据来源: 串口接收 -> PendulumState.physical_length
2025-09-02 15:06:49.918 | INFO     | Pendulum.PendulumAPP:_processSerialData:120 - 📏 串口长度数据已更新: L27.924513 -> physical_length=27.924513
2025-09-02 15:06:49.920 | INFO     | Pendulum.PendulumAPP:_processSerialData:121 - 🔄 数据来源: 串口接收 -> PendulumState.physical_length
2025-09-02 15:06:49.965 | INFO     | Pendulum.PendulumAPP:_processSerialData:120 - 📏 串口长度数据已更新: L27.924513 -> physical_length=27.924513
2025-09-02 15:06:49.966 | INFO     | Pendulum.PendulumAPP:_processSerialData:121 - 🔄 数据来源: 串口接收 -> PendulumState.physical_length
2025-09-02 15:06:50.012 | INFO     | Pendulum.PendulumAPP:_processSerialData:120 - 📏 串口长度数据已更新: L27.924513 -> physical_length=27.924513
2025-09-02 15:06:50.013 | INFO     | Pendulum.PendulumAPP:_processSerialData:121 - 🔄 数据来源: 串口接收 -> PendulumState.physical_length
2025-09-02 15:06:50.058 | INFO     | Pendulum.PendulumAPP:_processSerialData:120 - 📏 串口长度数据已更新: L27.924513 -> physical_length=27.924513
2025-09-02 15:06:50.059 | INFO     | Pendulum.PendulumAPP:_processSerialData:121 - 🔄 数据来源: 串口接收 -> PendulumState.physical_length
2025-09-02 15:06:50.105 | INFO     | Pendulum.PendulumAPP:_processSerialData:120 - 📏 串口长度数据已更新: L27.924513 -> physical_length=27.924513
2025-09-02 15:06:50.106 | INFO     | Pendulum.PendulumAPP:_processSerialData:121 - 🔄 数据来源: 串口接收 -> PendulumState.physical_length
2025-09-02 15:06:50.152 | INFO     | Pendulum.PendulumAPP:_processSerialData:120 - 📏 串口长度数据已更新: L27.924513 -> physical_length=27.924513
2025-09-02 15:06:50.153 | INFO     | Pendulum.PendulumAPP:_processSerialData:121 - 🔄 数据来源: 串口接收 -> PendulumState.physical_length
2025-09-02 15:06:50.198 | INFO     | Pendulum.PendulumAPP:_processSerialData:120 - 📏 串口长度数据已更新: L27.924513 -> physical_length=27.924513
2025-09-02 15:06:50.198 | INFO     | Pendulum.PendulumAPP:_processSerialData:121 - 🔄 数据来源: 串口接收 -> PendulumState.physical_length
2025-09-02 15:06:50.243 | INFO     | Pendulum.PendulumAPP:_processSerialData:120 - 📏 串口长度数据已更新: L27.924513 -> physical_length=27.924513
2025-09-02 15:06:50.244 | INFO     | Pendulum.PendulumAPP:_processSerialData:121 - 🔄 数据来源: 串口接收 -> PendulumState.physical_length
2025-09-02 15:06:50.289 | INFO     | Pendulum.PendulumAPP:_processSerialData:120 - 📏 串口长度数据已更新: L27.924513 -> physical_length=27.924513
2025-09-02 15:06:50.289 | INFO     | Pendulum.PendulumAPP:_processSerialData:121 - 🔄 数据来源: 串口接收 -> PendulumState.physical_length
2025-09-02 15:06:50.337 | INFO     | Pendulum.PendulumAPP:_processSerialData:120 - 📏 串口长度数据已更新: L27.924513 -> physical_length=27.924513
2025-09-02 15:06:50.338 | INFO     | Pendulum.PendulumAPP:_processSerialData:121 - 🔄 数据来源: 串口接收 -> PendulumState.physical_length
2025-09-02 15:06:50.383 | INFO     | Pendulum.PendulumAPP:_processSerialData:120 - 📏 串口长度数据已更新: L27.924513 -> physical_length=27.924513
2025-09-02 15:06:50.385 | INFO     | Pendulum.PendulumAPP:_processSerialData:121 - 🔄 数据来源: 串口接收 -> PendulumState.physical_length
2025-09-02 15:06:50.429 | INFO     | Pendulum.PendulumAPP:_processSerialData:120 - 📏 串口长度数据已更新: L27.924513 -> physical_length=27.924513
2025-09-02 15:06:50.432 | INFO     | Pendulum.PendulumAPP:_processSerialData:121 - 🔄 数据来源: 串口接收 -> PendulumState.physical_length
2025-09-02 15:06:50.476 | INFO     | Pendulum.PendulumAPP:_processSerialData:120 - 📏 串口长度数据已更新: L27.924513 -> physical_length=27.924513
2025-09-02 15:06:50.478 | INFO     | Pendulum.PendulumAPP:_processSerialData:121 - 🔄 数据来源: 串口接收 -> PendulumState.physical_length
2025-09-02 15:06:50.524 | INFO     | Pendulum.PendulumAPP:_processSerialData:120 - 📏 串口长度数据已更新: L27.924513 -> physical_length=27.924513
2025-09-02 15:06:50.526 | INFO     | Pendulum.PendulumAPP:_processSerialData:121 - 🔄 数据来源: 串口接收 -> PendulumState.physical_length
2025-09-02 15:06:50.570 | INFO     | Pendulum.PendulumAPP:_processSerialData:120 - 📏 串口长度数据已更新: L27.924513 -> physical_length=27.924513
2025-09-02 15:06:50.572 | INFO     | Pendulum.PendulumAPP:_processSerialData:121 - 🔄 数据来源: 串口接收 -> PendulumState.physical_length
2025-09-02 15:06:50.615 | INFO     | Pendulum.PendulumAPP:_processSerialData:120 - 📏 串口长度数据已更新: L27.924513 -> physical_length=27.924513
2025-09-02 15:06:50.617 | INFO     | Pendulum.PendulumAPP:_processSerialData:121 - 🔄 数据来源: 串口接收 -> PendulumState.physical_length
2025-09-02 15:06:50.662 | INFO     | Pendulum.PendulumAPP:_processSerialData:120 - 📏 串口长度数据已更新: L27.924513 -> physical_length=27.924513
2025-09-02 15:06:50.663 | INFO     | Pendulum.PendulumAPP:_processSerialData:121 - 🔄 数据来源: 串口接收 -> PendulumState.physical_length
2025-09-02 15:06:50.709 | INFO     | Pendulum.PendulumAPP:_processSerialData:120 - 📏 串口长度数据已更新: L27.924513 -> physical_length=27.924513
2025-09-02 15:06:50.710 | INFO     | Pendulum.PendulumAPP:_processSerialData:121 - 🔄 数据来源: 串口接收 -> PendulumState.physical_length
2025-09-02 15:06:50.755 | INFO     | Pendulum.PendulumAPP:_processSerialData:120 - 📏 串口长度数据已更新: L27.924513 -> physical_length=27.924513
2025-09-02 15:06:50.756 | INFO     | Pendulum.PendulumAPP:_processSerialData:121 - 🔄 数据来源: 串口接收 -> PendulumState.physical_length
2025-09-02 15:06:50.801 | INFO     | Pendulum.PendulumAPP:_processSerialData:120 - 📏 串口长度数据已更新: L27.924513 -> physical_length=27.924513
2025-09-02 15:06:50.802 | INFO     | Pendulum.PendulumAPP:_processSerialData:121 - 🔄 数据来源: 串口接收 -> PendulumState.physical_length
2025-09-02 15:06:50.848 | INFO     | Pendulum.PendulumAPP:_processSerialData:120 - 📏 串口长度数据已更新: L27.924513 -> physical_length=27.924513
2025-09-02 15:06:50.849 | INFO     | Pendulum.PendulumAPP:_processSerialData:121 - 🔄 数据来源: 串口接收 -> PendulumState.physical_length
2025-09-02 15:06:50.896 | INFO     | Pendulum.PendulumAPP:_processSerialData:120 - 📏 串口长度数据已更新: L27.924513 -> physical_length=27.924513
2025-09-02 15:06:50.897 | INFO     | Pendulum.PendulumAPP:_processSerialData:121 - 🔄 数据来源: 串口接收 -> PendulumState.physical_length
2025-09-02 15:06:50.942 | INFO     | Pendulum.PendulumAPP:_processSerialData:120 - 📏 串口长度数据已更新: L27.924513 -> physical_length=27.924513
2025-09-02 15:06:50.942 | INFO     | Pendulum.PendulumAPP:_processSerialData:121 - 🔄 数据来源: 串口接收 -> PendulumState.physical_length
2025-09-02 15:06:50.990 | INFO     | Pendulum.PendulumAPP:_processSerialData:120 - 📏 串口长度数据已更新: L27.924513 -> physical_length=27.924513
2025-09-02 15:06:50.991 | INFO     | Pendulum.PendulumAPP:_processSerialData:121 - 🔄 数据来源: 串口接收 -> PendulumState.physical_length
2025-09-02 15:06:51.035 | INFO     | Pendulum.PendulumAPP:_processSerialData:120 - 📏 串口长度数据已更新: L27.924513 -> physical_length=27.924513
2025-09-02 15:06:51.036 | INFO     | Pendulum.PendulumAPP:_processSerialData:121 - 🔄 数据来源: 串口接收 -> PendulumState.physical_length
2025-09-02 15:06:51.083 | INFO     | Pendulum.PendulumAPP:_processSerialData:120 - 📏 串口长度数据已更新: L27.924513 -> physical_length=27.924513
2025-09-02 15:06:51.084 | INFO     | Pendulum.PendulumAPP:_processSerialData:121 - 🔄 数据来源: 串口接收 -> PendulumState.physical_length
2025-09-02 15:06:51.128 | INFO     | Pendulum.PendulumAPP:_processSerialData:120 - 📏 串口长度数据已更新: L27.924513 -> physical_length=27.924513
2025-09-02 15:06:51.132 | INFO     | Pendulum.PendulumAPP:_processSerialData:121 - 🔄 数据来源: 串口接收 -> PendulumState.physical_length
2025-09-02 15:06:51.176 | INFO     | Pendulum.PendulumAPP:_processSerialData:120 - 📏 串口长度数据已更新: L27.924513 -> physical_length=27.924513
2025-09-02 15:06:51.177 | INFO     | Pendulum.PendulumAPP:_processSerialData:121 - 🔄 数据来源: 串口接收 -> PendulumState.physical_length
2025-09-02 15:06:51.222 | INFO     | Pendulum.PendulumAPP:_processSerialData:120 - 📏 串口长度数据已更新: L27.924513 -> physical_length=27.924513
2025-09-02 15:06:51.224 | INFO     | Pendulum.PendulumAPP:_processSerialData:121 - 🔄 数据来源: 串口接收 -> PendulumState.physical_length
2025-09-02 15:06:51.268 | INFO     | Pendulum.PendulumAPP:_processSerialData:120 - 📏 串口长度数据已更新: L27.924513 -> physical_length=27.924513
2025-09-02 15:06:51.269 | INFO     | Pendulum.PendulumAPP:_processSerialData:121 - 🔄 数据来源: 串口接收 -> PendulumState.physical_length
2025-09-02 15:06:51.315 | INFO     | Pendulum.PendulumAPP:_processSerialData:120 - 📏 串口长度数据已更新: L27.924513 -> physical_length=27.924513
2025-09-02 15:06:51.317 | INFO     | Pendulum.PendulumAPP:_processSerialData:121 - 🔄 数据来源: 串口接收 -> PendulumState.physical_length
2025-09-02 15:06:51.362 | INFO     | Pendulum.PendulumAPP:_processSerialData:120 - 📏 串口长度数据已更新: L27.924513 -> physical_length=27.924513
2025-09-02 15:06:51.363 | INFO     | Pendulum.PendulumAPP:_processSerialData:121 - 🔄 数据来源: 串口接收 -> PendulumState.physical_length
2025-09-02 15:06:51.410 | INFO     | Pendulum.PendulumAPP:_processSerialData:120 - 📏 串口长度数据已更新: L27.924513 -> physical_length=27.924513
2025-09-02 15:06:51.411 | INFO     | Pendulum.PendulumAPP:_processSerialData:121 - 🔄 数据来源: 串口接收 -> PendulumState.physical_length
2025-09-02 15:06:51.457 | INFO     | Pendulum.PendulumAPP:_processSerialData:120 - 📏 串口长度数据已更新: L27.924513 -> physical_length=27.924513
2025-09-02 15:06:51.458 | INFO     | Pendulum.PendulumAPP:_processSerialData:121 - 🔄 数据来源: 串口接收 -> PendulumState.physical_length
2025-09-02 15:06:51.504 | INFO     | Pendulum.PendulumAPP:_processSerialData:120 - 📏 串口长度数据已更新: L27.924513 -> physical_length=27.924513
2025-09-02 15:06:51.504 | INFO     | Pendulum.PendulumAPP:_processSerialData:121 - 🔄 数据来源: 串口接收 -> PendulumState.physical_length
2025-09-02 15:06:51.551 | INFO     | Pendulum.PendulumAPP:_processSerialData:120 - 📏 串口长度数据已更新: L27.924513 -> physical_length=27.924513
2025-09-02 15:06:51.552 | INFO     | Pendulum.PendulumAPP:_processSerialData:121 - 🔄 数据来源: 串口接收 -> PendulumState.physical_length
2025-09-02 15:06:51.596 | INFO     | Pendulum.PendulumAPP:_processSerialData:120 - 📏 串口长度数据已更新: L27.924513 -> physical_length=27.924513
2025-09-02 15:06:51.597 | INFO     | Pendulum.PendulumAPP:_processSerialData:121 - 🔄 数据来源: 串口接收 -> PendulumState.physical_length
2025-09-02 15:06:51.642 | INFO     | Pendulum.PendulumAPP:_processSerialData:120 - 📏 串口长度数据已更新: L27.924513 -> physical_length=27.924513
2025-09-02 15:06:51.644 | INFO     | Pendulum.PendulumAPP:_processSerialData:121 - 🔄 数据来源: 串口接收 -> PendulumState.physical_length
2025-09-02 15:06:51.689 | INFO     | Pendulum.PendulumAPP:_processSerialData:120 - 📏 串口长度数据已更新: L27.924513 -> physical_length=27.924513
2025-09-02 15:06:51.690 | INFO     | Pendulum.PendulumAPP:_processSerialData:121 - 🔄 数据来源: 串口接收 -> PendulumState.physical_length
2025-09-02 15:06:51.736 | INFO     | Pendulum.PendulumAPP:_processSerialData:120 - 📏 串口长度数据已更新: L27.924513 -> physical_length=27.924513
2025-09-02 15:06:51.739 | INFO     | Pendulum.PendulumAPP:_processSerialData:121 - 🔄 数据来源: 串口接收 -> PendulumState.physical_length
2025-09-02 15:06:51.782 | INFO     | Pendulum.PendulumAPP:_processSerialData:120 - 📏 串口长度数据已更新: L27.924513 -> physical_length=27.924513
2025-09-02 15:06:51.783 | INFO     | Pendulum.PendulumAPP:_processSerialData:121 - 🔄 数据来源: 串口接收 -> PendulumState.physical_length
2025-09-02 15:06:51.829 | INFO     | Pendulum.PendulumAPP:_processSerialData:120 - 📏 串口长度数据已更新: L27.924513 -> physical_length=27.924513
2025-09-02 15:06:51.829 | INFO     | Pendulum.PendulumAPP:_processSerialData:121 - 🔄 数据来源: 串口接收 -> PendulumState.physical_length
2025-09-02 15:06:51.874 | INFO     | Pendulum.PendulumAPP:_processSerialData:120 - 📏 串口长度数据已更新: L27.924513 -> physical_length=27.924513
2025-09-02 15:06:51.876 | INFO     | Pendulum.PendulumAPP:_processSerialData:121 - 🔄 数据来源: 串口接收 -> PendulumState.physical_length
2025-09-02 15:06:51.922 | INFO     | Pendulum.PendulumAPP:_processSerialData:120 - 📏 串口长度数据已更新: L27.924513 -> physical_length=27.924513
2025-09-02 15:06:51.923 | INFO     | Pendulum.PendulumAPP:_processSerialData:121 - 🔄 数据来源: 串口接收 -> PendulumState.physical_length
2025-09-02 15:06:51.967 | INFO     | Pendulum.PendulumAPP:_processSerialData:120 - 📏 串口长度数据已更新: L27.924513 -> physical_length=27.924513
2025-09-02 15:06:51.968 | INFO     | Pendulum.PendulumAPP:_processSerialData:121 - 🔄 数据来源: 串口接收 -> PendulumState.physical_length
2025-09-02 15:06:52.012 | INFO     | Pendulum.PendulumAPP:_processSerialData:120 - 📏 串口长度数据已更新: L27.924513 -> physical_length=27.924513
2025-09-02 15:06:52.014 | INFO     | Pendulum.PendulumAPP:_processSerialData:121 - 🔄 数据来源: 串口接收 -> PendulumState.physical_length
2025-09-02 15:06:52.059 | INFO     | Pendulum.PendulumAPP:_processSerialData:120 - 📏 串口长度数据已更新: L27.924513 -> physical_length=27.924513
2025-09-02 15:06:52.062 | INFO     | Pendulum.PendulumAPP:_processSerialData:121 - 🔄 数据来源: 串口接收 -> PendulumState.physical_length
2025-09-02 15:06:52.106 | INFO     | Pendulum.PendulumAPP:_processSerialData:120 - 📏 串口长度数据已更新: L27.924513 -> physical_length=27.924513
2025-09-02 15:06:52.108 | INFO     | Pendulum.PendulumAPP:_processSerialData:121 - 🔄 数据来源: 串口接收 -> PendulumState.physical_length
2025-09-02 15:06:52.153 | INFO     | Pendulum.PendulumAPP:_processSerialData:120 - 📏 串口长度数据已更新: L27.924513 -> physical_length=27.924513
2025-09-02 15:06:52.155 | INFO     | Pendulum.PendulumAPP:_processSerialData:121 - 🔄 数据来源: 串口接收 -> PendulumState.physical_length
2025-09-02 15:06:52.199 | INFO     | Pendulum.PendulumAPP:_processSerialData:120 - 📏 串口长度数据已更新: L27.924513 -> physical_length=27.924513
2025-09-02 15:06:52.201 | INFO     | Pendulum.PendulumAPP:_processSerialData:121 - 🔄 数据来源: 串口接收 -> PendulumState.physical_length
2025-09-02 15:06:52.245 | INFO     | Pendulum.PendulumAPP:_processSerialData:120 - 📏 串口长度数据已更新: L27.924513 -> physical_length=27.924513
2025-09-02 15:06:52.246 | INFO     | Pendulum.PendulumAPP:_processSerialData:121 - 🔄 数据来源: 串口接收 -> PendulumState.physical_length
2025-09-02 15:06:52.293 | INFO     | Pendulum.PendulumAPP:_processSerialData:120 - 📏 串口长度数据已更新: L27.924513 -> physical_length=27.924513
2025-09-02 15:06:52.294 | INFO     | Pendulum.PendulumAPP:_processSerialData:121 - 🔄 数据来源: 串口接收 -> PendulumState.physical_length
2025-09-02 15:06:52.338 | INFO     | Pendulum.PendulumAPP:_processSerialData:120 - 📏 串口长度数据已更新: L27.924513 -> physical_length=27.924513
2025-09-02 15:06:52.339 | INFO     | Pendulum.PendulumAPP:_processSerialData:121 - 🔄 数据来源: 串口接收 -> PendulumState.physical_length
2025-09-02 15:06:52.385 | INFO     | Pendulum.PendulumAPP:_processSerialData:120 - 📏 串口长度数据已更新: L27.924513 -> physical_length=27.924513
2025-09-02 15:06:52.385 | INFO     | Pendulum.PendulumAPP:_processSerialData:121 - 🔄 数据来源: 串口接收 -> PendulumState.physical_length
2025-09-02 15:06:52.430 | INFO     | Pendulum.PendulumAPP:_processSerialData:120 - 📏 串口长度数据已更新: L27.924513 -> physical_length=27.924513
2025-09-02 15:06:52.432 | INFO     | Pendulum.PendulumAPP:_processSerialData:121 - 🔄 数据来源: 串口接收 -> PendulumState.physical_length
2025-09-02 15:06:52.476 | INFO     | Pendulum.PendulumAPP:_processSerialData:120 - 📏 串口长度数据已更新: L27.924513 -> physical_length=27.924513
2025-09-02 15:06:52.477 | INFO     | Pendulum.PendulumAPP:_processSerialData:121 - 🔄 数据来源: 串口接收 -> PendulumState.physical_length
2025-09-02 15:06:52.522 | INFO     | Pendulum.PendulumAPP:_processSerialData:120 - 📏 串口长度数据已更新: L27.924513 -> physical_length=27.924513
2025-09-02 15:06:52.526 | INFO     | Pendulum.PendulumAPP:_processSerialData:121 - 🔄 数据来源: 串口接收 -> PendulumState.physical_length
2025-09-02 15:06:52.570 | INFO     | Pendulum.PendulumAPP:_processSerialData:120 - 📏 串口长度数据已更新: L27.924513 -> physical_length=27.924513
2025-09-02 15:06:52.572 | INFO     | Pendulum.PendulumAPP:_processSerialData:121 - 🔄 数据来源: 串口接收 -> PendulumState.physical_length
2025-09-02 15:06:52.616 | INFO     | Pendulum.PendulumAPP:_processSerialData:120 - 📏 串口长度数据已更新: L27.924513 -> physical_length=27.924513
2025-09-02 15:06:52.617 | INFO     | Pendulum.PendulumAPP:_processSerialData:121 - 🔄 数据来源: 串口接收 -> PendulumState.physical_length
2025-09-02 15:06:52.667 | INFO     | Pendulum.PendulumAPP:_processSerialData:120 - 📏 串口长度数据已更新: L27.924513 -> physical_length=27.924513
2025-09-02 15:06:52.668 | INFO     | Pendulum.PendulumAPP:_processSerialData:121 - 🔄 数据来源: 串口接收 -> PendulumState.physical_length
2025-09-02 15:06:52.711 | INFO     | Pendulum.PendulumAPP:_processSerialData:120 - 📏 串口长度数据已更新: L27.924513 -> physical_length=27.924513
2025-09-02 15:06:52.712 | INFO     | Pendulum.PendulumAPP:_processSerialData:121 - 🔄 数据来源: 串口接收 -> PendulumState.physical_length
2025-09-02 15:06:52.758 | INFO     | Pendulum.PendulumAPP:_processSerialData:120 - 📏 串口长度数据已更新: L27.924513 -> physical_length=27.924513
2025-09-02 15:06:52.762 | INFO     | Pendulum.PendulumAPP:_processSerialData:121 - 🔄 数据来源: 串口接收 -> PendulumState.physical_length
2025-09-02 15:06:52.805 | INFO     | Pendulum.PendulumAPP:_processSerialData:120 - 📏 串口长度数据已更新: L27.924513 -> physical_length=27.924513
2025-09-02 15:06:52.807 | INFO     | Pendulum.PendulumAPP:_processSerialData:121 - 🔄 数据来源: 串口接收 -> PendulumState.physical_length
2025-09-02 15:06:52.851 | INFO     | Pendulum.PendulumAPP:_processSerialData:120 - 📏 串口长度数据已更新: L27.924513 -> physical_length=27.924513
2025-09-02 15:06:52.852 | INFO     | Pendulum.PendulumAPP:_processSerialData:121 - 🔄 数据来源: 串口接收 -> PendulumState.physical_length
2025-09-02 15:06:52.898 | INFO     | Pendulum.PendulumAPP:_processSerialData:120 - 📏 串口长度数据已更新: L27.924513 -> physical_length=27.924513
2025-09-02 15:06:52.899 | INFO     | Pendulum.PendulumAPP:_processSerialData:121 - 🔄 数据来源: 串口接收 -> PendulumState.physical_length
2025-09-02 15:06:52.943 | INFO     | Pendulum.PendulumAPP:_processSerialData:120 - 📏 串口长度数据已更新: L27.924513 -> physical_length=27.924513
2025-09-02 15:06:52.944 | INFO     | Pendulum.PendulumAPP:_processSerialData:121 - 🔄 数据来源: 串口接收 -> PendulumState.physical_length
2025-09-02 15:06:52.990 | INFO     | Pendulum.PendulumAPP:_processSerialData:120 - 📏 串口长度数据已更新: L27.924513 -> physical_length=27.924513
2025-09-02 15:06:52.992 | INFO     | Pendulum.PendulumAPP:_processSerialData:121 - 🔄 数据来源: 串口接收 -> PendulumState.physical_length
2025-09-02 15:06:53.037 | INFO     | Pendulum.PendulumAPP:_processSerialData:120 - 📏 串口长度数据已更新: L27.924513 -> physical_length=27.924513
2025-09-02 15:06:53.038 | INFO     | Pendulum.PendulumAPP:_processSerialData:121 - 🔄 数据来源: 串口接收 -> PendulumState.physical_length
2025-09-02 15:06:53.084 | INFO     | Pendulum.PendulumAPP:_processSerialData:120 - 📏 串口长度数据已更新: L27.924513 -> physical_length=27.924513
2025-09-02 15:06:53.085 | INFO     | Pendulum.PendulumAPP:_processSerialData:121 - 🔄 数据来源: 串口接收 -> PendulumState.physical_length
2025-09-02 15:06:53.129 | INFO     | Pendulum.PendulumAPP:_processSerialData:120 - 📏 串口长度数据已更新: L27.924513 -> physical_length=27.924513
2025-09-02 15:06:53.131 | INFO     | Pendulum.PendulumAPP:_processSerialData:121 - 🔄 数据来源: 串口接收 -> PendulumState.physical_length
2025-09-02 15:06:53.176 | INFO     | Pendulum.PendulumAPP:_processSerialData:120 - 📏 串口长度数据已更新: L27.924513 -> physical_length=27.924513
2025-09-02 15:06:53.177 | INFO     | Pendulum.PendulumAPP:_processSerialData:121 - 🔄 数据来源: 串口接收 -> PendulumState.physical_length
2025-09-02 15:06:53.221 | INFO     | Pendulum.PendulumAPP:_processSerialData:120 - 📏 串口长度数据已更新: L27.924513 -> physical_length=27.924513
2025-09-02 15:06:53.222 | INFO     | Pendulum.PendulumAPP:_processSerialData:121 - 🔄 数据来源: 串口接收 -> PendulumState.physical_length
2025-09-02 15:06:53.267 | INFO     | Pendulum.PendulumAPP:_processSerialData:120 - 📏 串口长度数据已更新: L27.924513 -> physical_length=27.924513
2025-09-02 15:06:53.268 | INFO     | Pendulum.PendulumAPP:_processSerialData:121 - 🔄 数据来源: 串口接收 -> PendulumState.physical_length
2025-09-02 15:06:53.313 | INFO     | Pendulum.PendulumAPP:_processSerialData:120 - 📏 串口长度数据已更新: L27.924513 -> physical_length=27.924513
2025-09-02 15:06:53.315 | INFO     | Pendulum.PendulumAPP:_processSerialData:121 - 🔄 数据来源: 串口接收 -> PendulumState.physical_length
2025-09-02 15:06:53.360 | INFO     | Pendulum.PendulumAPP:_processSerialData:120 - 📏 串口长度数据已更新: L27.924513 -> physical_length=27.924513
2025-09-02 15:06:53.361 | INFO     | Pendulum.PendulumAPP:_processSerialData:121 - 🔄 数据来源: 串口接收 -> PendulumState.physical_length
2025-09-02 15:06:53.405 | INFO     | Pendulum.PendulumAPP:_processSerialData:120 - 📏 串口长度数据已更新: L27.924513 -> physical_length=27.924513
2025-09-02 15:06:53.407 | INFO     | Pendulum.PendulumAPP:_processSerialData:121 - 🔄 数据来源: 串口接收 -> PendulumState.physical_length
2025-09-02 15:06:53.451 | INFO     | Pendulum.PendulumAPP:_processSerialData:120 - 📏 串口长度数据已更新: L27.924513 -> physical_length=27.924513
2025-09-02 15:06:53.453 | INFO     | Pendulum.PendulumAPP:_processSerialData:121 - 🔄 数据来源: 串口接收 -> PendulumState.physical_length
2025-09-02 15:06:53.498 | INFO     | Pendulum.PendulumAPP:_processSerialData:120 - 📏 串口长度数据已更新: L27.924513 -> physical_length=27.924513
2025-09-02 15:06:53.500 | INFO     | Pendulum.PendulumAPP:_processSerialData:121 - 🔄 数据来源: 串口接收 -> PendulumState.physical_length
2025-09-02 15:06:53.545 | INFO     | Pendulum.PendulumAPP:_processSerialData:120 - 📏 串口长度数据已更新: L27.924513 -> physical_length=27.924513
2025-09-02 15:06:53.547 | INFO     | Pendulum.PendulumAPP:_processSerialData:121 - 🔄 数据来源: 串口接收 -> PendulumState.physical_length
2025-09-02 15:06:53.591 | INFO     | Pendulum.PendulumAPP:_processSerialData:120 - 📏 串口长度数据已更新: L27.924513 -> physical_length=27.924513
2025-09-02 15:06:53.593 | INFO     | Pendulum.PendulumAPP:_processSerialData:121 - 🔄 数据来源: 串口接收 -> PendulumState.physical_length
2025-09-02 15:06:53.637 | INFO     | Pendulum.PendulumAPP:_processSerialData:120 - 📏 串口长度数据已更新: L27.924513 -> physical_length=27.924513
2025-09-02 15:06:53.639 | INFO     | Pendulum.PendulumAPP:_processSerialData:121 - 🔄 数据来源: 串口接收 -> PendulumState.physical_length
2025-09-02 15:06:53.683 | INFO     | Pendulum.PendulumAPP:_processSerialData:120 - 📏 串口长度数据已更新: L27.924513 -> physical_length=27.924513
2025-09-02 15:06:53.684 | INFO     | Pendulum.PendulumAPP:_processSerialData:121 - 🔄 数据来源: 串口接收 -> PendulumState.physical_length
2025-09-02 15:06:53.730 | INFO     | Pendulum.PendulumAPP:_processSerialData:120 - 📏 串口长度数据已更新: L27.924513 -> physical_length=27.924513
2025-09-02 15:06:53.731 | INFO     | Pendulum.PendulumAPP:_processSerialData:121 - 🔄 数据来源: 串口接收 -> PendulumState.physical_length
2025-09-02 15:06:53.777 | INFO     | Pendulum.PendulumAPP:_processSerialData:120 - 📏 串口长度数据已更新: L27.924513 -> physical_length=27.924513
2025-09-02 15:06:53.779 | INFO     | Pendulum.PendulumAPP:_processSerialData:121 - 🔄 数据来源: 串口接收 -> PendulumState.physical_length
2025-09-02 15:06:53.823 | INFO     | Pendulum.PendulumAPP:_processSerialData:120 - 📏 串口长度数据已更新: L27.924513 -> physical_length=27.924513
2025-09-02 15:06:53.824 | INFO     | Pendulum.PendulumAPP:_processSerialData:121 - 🔄 数据来源: 串口接收 -> PendulumState.physical_length
2025-09-02 15:06:53.869 | INFO     | Pendulum.PendulumAPP:_processSerialData:120 - 📏 串口长度数据已更新: L27.924513 -> physical_length=27.924513
2025-09-02 15:06:53.872 | INFO     | Pendulum.PendulumAPP:_processSerialData:121 - 🔄 数据来源: 串口接收 -> PendulumState.physical_length
2025-09-02 15:06:53.915 | INFO     | Pendulum.PendulumAPP:_processSerialData:120 - 📏 串口长度数据已更新: L27.924513 -> physical_length=27.924513
2025-09-02 15:06:53.916 | INFO     | Pendulum.PendulumAPP:_processSerialData:121 - 🔄 数据来源: 串口接收 -> PendulumState.physical_length
2025-09-02 15:06:53.961 | INFO     | Pendulum.PendulumAPP:_processSerialData:120 - 📏 串口长度数据已更新: L27.924513 -> physical_length=27.924513
2025-09-02 15:06:53.962 | INFO     | Pendulum.PendulumAPP:_processSerialData:121 - 🔄 数据来源: 串口接收 -> PendulumState.physical_length
2025-09-02 15:06:54.008 | INFO     | Pendulum.PendulumAPP:_processSerialData:120 - 📏 串口长度数据已更新: L27.924513 -> physical_length=27.924513
2025-09-02 15:06:54.009 | INFO     | Pendulum.PendulumAPP:_processSerialData:121 - 🔄 数据来源: 串口接收 -> PendulumState.physical_length
2025-09-02 15:06:54.054 | INFO     | Pendulum.PendulumAPP:_processSerialData:120 - 📏 串口长度数据已更新: L27.924513 -> physical_length=27.924513
2025-09-02 15:06:54.054 | INFO     | Pendulum.PendulumAPP:_processSerialData:121 - 🔄 数据来源: 串口接收 -> PendulumState.physical_length
2025-09-02 15:06:54.102 | INFO     | Pendulum.PendulumAPP:_processSerialData:120 - 📏 串口长度数据已更新: L27.924513 -> physical_length=27.924513
2025-09-02 15:06:54.103 | INFO     | Pendulum.PendulumAPP:_processSerialData:121 - 🔄 数据来源: 串口接收 -> PendulumState.physical_length
2025-09-02 15:06:54.147 | INFO     | Pendulum.PendulumAPP:_processSerialData:120 - 📏 串口长度数据已更新: L27.924513 -> physical_length=27.924513
2025-09-02 15:06:54.148 | INFO     | Pendulum.PendulumAPP:_processSerialData:121 - 🔄 数据来源: 串口接收 -> PendulumState.physical_length
2025-09-02 15:06:54.194 | INFO     | Pendulum.PendulumAPP:_processSerialData:120 - 📏 串口长度数据已更新: L27.924513 -> physical_length=27.924513
2025-09-02 15:06:54.194 | INFO     | Pendulum.PendulumAPP:_processSerialData:121 - 🔄 数据来源: 串口接收 -> PendulumState.physical_length
2025-09-02 15:06:54.241 | INFO     | Pendulum.PendulumAPP:_processSerialData:120 - 📏 串口长度数据已更新: L27.924513 -> physical_length=27.924513
2025-09-02 15:06:54.242 | INFO     | Pendulum.PendulumAPP:_processSerialData:121 - 🔄 数据来源: 串口接收 -> PendulumState.physical_length
2025-09-02 15:06:54.287 | INFO     | Pendulum.PendulumAPP:_processSerialData:120 - 📏 串口长度数据已更新: L27.924513 -> physical_length=27.924513
2025-09-02 15:06:54.288 | INFO     | Pendulum.PendulumAPP:_processSerialData:121 - 🔄 数据来源: 串口接收 -> PendulumState.physical_length
2025-09-02 15:06:54.334 | INFO     | Pendulum.PendulumAPP:_processSerialData:120 - 📏 串口长度数据已更新: L27.924513 -> physical_length=27.924513
2025-09-02 15:06:54.335 | INFO     | Pendulum.PendulumAPP:_processSerialData:121 - 🔄 数据来源: 串口接收 -> PendulumState.physical_length
2025-09-02 15:06:54.380 | INFO     | Pendulum.PendulumAPP:_processSerialData:120 - 📏 串口长度数据已更新: L27.924513 -> physical_length=27.924513
2025-09-02 15:06:54.384 | INFO     | Pendulum.PendulumAPP:_processSerialData:121 - 🔄 数据来源: 串口接收 -> PendulumState.physical_length
2025-09-02 15:06:54.442 | INFO     | Pendulum.PendulumAPP:_processSerialData:120 - 📏 串口长度数据已更新: L27.924513 -> physical_length=27.924513
2025-09-02 15:06:54.445 | INFO     | Pendulum.PendulumAPP:_processSerialData:121 - 🔄 数据来源: 串口接收 -> PendulumState.physical_length
2025-09-02 15:06:54.489 | INFO     | Pendulum.PendulumAPP:_processSerialData:120 - 📏 串口长度数据已更新: L27.924513 -> physical_length=27.924513
2025-09-02 15:06:54.490 | INFO     | Pendulum.PendulumAPP:_processSerialData:121 - 🔄 数据来源: 串口接收 -> PendulumState.physical_length
2025-09-02 15:06:54.536 | INFO     | Pendulum.PendulumAPP:_processSerialData:120 - 📏 串口长度数据已更新: L27.924513 -> physical_length=27.924513
2025-09-02 15:06:54.537 | INFO     | Pendulum.PendulumAPP:_processSerialData:121 - 🔄 数据来源: 串口接收 -> PendulumState.physical_length
2025-09-02 15:06:54.583 | INFO     | Pendulum.PendulumAPP:_processSerialData:120 - 📏 串口长度数据已更新: L27.924513 -> physical_length=27.924513
2025-09-02 15:06:54.584 | INFO     | Pendulum.PendulumAPP:_processSerialData:121 - 🔄 数据来源: 串口接收 -> PendulumState.physical_length
2025-09-02 15:06:54.627 | INFO     | Pendulum.PendulumAPP:_processSerialData:120 - 📏 串口长度数据已更新: L27.924513 -> physical_length=27.924513
2025-09-02 15:06:54.629 | INFO     | Pendulum.PendulumAPP:_processSerialData:121 - 🔄 数据来源: 串口接收 -> PendulumState.physical_length
2025-09-02 15:06:54.673 | INFO     | Pendulum.PendulumAPP:_processSerialData:120 - 📏 串口长度数据已更新: L27.924513 -> physical_length=27.924513
2025-09-02 15:06:54.674 | INFO     | Pendulum.PendulumAPP:_processSerialData:121 - 🔄 数据来源: 串口接收 -> PendulumState.physical_length
2025-09-02 15:06:54.721 | INFO     | Pendulum.PendulumAPP:_processSerialData:120 - 📏 串口长度数据已更新: L27.924513 -> physical_length=27.924513
2025-09-02 15:06:54.722 | INFO     | Pendulum.PendulumAPP:_processSerialData:121 - 🔄 数据来源: 串口接收 -> PendulumState.physical_length
2025-09-02 15:06:54.768 | INFO     | Pendulum.PendulumAPP:_processSerialData:120 - 📏 串口长度数据已更新: L27.924513 -> physical_length=27.924513
2025-09-02 15:06:54.769 | INFO     | Pendulum.PendulumAPP:_processSerialData:121 - 🔄 数据来源: 串口接收 -> PendulumState.physical_length
2025-09-02 15:06:54.814 | INFO     | Pendulum.PendulumAPP:_processSerialData:120 - 📏 串口长度数据已更新: L27.924513 -> physical_length=27.924513
2025-09-02 15:06:54.815 | INFO     | Pendulum.PendulumAPP:_processSerialData:121 - 🔄 数据来源: 串口接收 -> PendulumState.physical_length
2025-09-02 15:06:54.861 | INFO     | Pendulum.PendulumAPP:_processSerialData:120 - 📏 串口长度数据已更新: L27.924513 -> physical_length=27.924513
2025-09-02 15:06:54.863 | INFO     | Pendulum.PendulumAPP:_processSerialData:121 - 🔄 数据来源: 串口接收 -> PendulumState.physical_length
2025-09-02 15:06:54.907 | INFO     | Pendulum.PendulumAPP:_processSerialData:120 - 📏 串口长度数据已更新: L27.924513 -> physical_length=27.924513
2025-09-02 15:06:54.910 | INFO     | Pendulum.PendulumAPP:_processSerialData:121 - 🔄 数据来源: 串口接收 -> PendulumState.physical_length
2025-09-02 15:06:54.953 | INFO     | Pendulum.PendulumAPP:_processSerialData:120 - 📏 串口长度数据已更新: L27.924513 -> physical_length=27.924513
2025-09-02 15:06:54.953 | INFO     | Pendulum.PendulumAPP:_processSerialData:121 - 🔄 数据来源: 串口接收 -> PendulumState.physical_length
2025-09-02 15:06:54.999 | INFO     | Pendulum.PendulumAPP:_processSerialData:120 - 📏 串口长度数据已更新: L27.924513 -> physical_length=27.924513
2025-09-02 15:06:55.000 | INFO     | Pendulum.PendulumAPP:_processSerialData:121 - 🔄 数据来源: 串口接收 -> PendulumState.physical_length
2025-09-02 15:06:55.046 | INFO     | Pendulum.PendulumAPP:_processSerialData:120 - 📏 串口长度数据已更新: L27.924513 -> physical_length=27.924513
2025-09-02 15:06:55.046 | INFO     | Pendulum.PendulumAPP:_processSerialData:121 - 🔄 数据来源: 串口接收 -> PendulumState.physical_length
2025-09-02 15:06:55.092 | INFO     | Pendulum.PendulumAPP:_processSerialData:120 - 📏 串口长度数据已更新: L27.924513 -> physical_length=27.924513
2025-09-02 15:06:55.092 | INFO     | Pendulum.PendulumAPP:_processSerialData:121 - 🔄 数据来源: 串口接收 -> PendulumState.physical_length
2025-09-02 15:06:55.139 | INFO     | Pendulum.PendulumAPP:_processSerialData:120 - 📏 串口长度数据已更新: L27.924513 -> physical_length=27.924513
2025-09-02 15:06:55.139 | INFO     | Pendulum.PendulumAPP:_processSerialData:121 - 🔄 数据来源: 串口接收 -> PendulumState.physical_length
2025-09-02 15:06:55.185 | INFO     | Pendulum.PendulumAPP:_processSerialData:120 - 📏 串口长度数据已更新: L27.924513 -> physical_length=27.924513
2025-09-02 15:06:55.185 | INFO     | Pendulum.PendulumAPP:_processSerialData:121 - 🔄 数据来源: 串口接收 -> PendulumState.physical_length
2025-09-02 15:06:55.233 | INFO     | Pendulum.PendulumAPP:_processSerialData:120 - 📏 串口长度数据已更新: L27.924513 -> physical_length=27.924513
2025-09-02 15:06:55.234 | INFO     | Pendulum.PendulumAPP:_processSerialData:121 - 🔄 数据来源: 串口接收 -> PendulumState.physical_length
2025-09-02 15:06:55.261 | INFO     | Pendulum.PendulumAPP:_processSerialData:120 - 📏 串口长度数据已更新: L27.924513 -> physical_length=27.924513
2025-09-02 15:06:55.263 | INFO     | Pendulum.PendulumAPP:_processSerialData:121 - 🔄 数据来源: 串口接收 -> PendulumState.physical_length
2025-09-02 15:06:55.307 | INFO     | Pendulum.PendulumAPP:_processSerialData:120 - 📏 串口长度数据已更新: L27.924513 -> physical_length=27.924513
2025-09-02 15:06:55.309 | INFO     | Pendulum.PendulumAPP:_processSerialData:121 - 🔄 数据来源: 串口接收 -> PendulumState.physical_length
2025-09-02 15:06:55.353 | INFO     | Pendulum.PendulumAPP:_processSerialData:120 - 📏 串口长度数据已更新: L27.924513 -> physical_length=27.924513
2025-09-02 15:06:55.356 | INFO     | Pendulum.PendulumAPP:_processSerialData:121 - 🔄 数据来源: 串口接收 -> PendulumState.physical_length
2025-09-02 15:06:55.399 | INFO     | Pendulum.PendulumAPP:_processSerialData:120 - 📏 串口长度数据已更新: L27.924513 -> physical_length=27.924513
2025-09-02 15:06:55.401 | INFO     | Pendulum.PendulumAPP:_processSerialData:121 - 🔄 数据来源: 串口接收 -> PendulumState.physical_length
2025-09-02 15:06:55.445 | INFO     | Pendulum.PendulumAPP:_processSerialData:120 - 📏 串口长度数据已更新: L27.924513 -> physical_length=27.924513
2025-09-02 15:06:55.445 | INFO     | Pendulum.PendulumAPP:_processSerialData:121 - 🔄 数据来源: 串口接收 -> PendulumState.physical_length
2025-09-02 15:06:55.492 | INFO     | Pendulum.PendulumAPP:_processSerialData:120 - 📏 串口长度数据已更新: L27.924513 -> physical_length=27.924513
2025-09-02 15:06:55.494 | INFO     | Pendulum.PendulumAPP:_processSerialData:121 - 🔄 数据来源: 串口接收 -> PendulumState.physical_length
2025-09-02 15:06:55.539 | INFO     | Pendulum.PendulumAPP:_processSerialData:120 - 📏 串口长度数据已更新: L27.924513 -> physical_length=27.924513
2025-09-02 15:06:55.540 | INFO     | Pendulum.PendulumAPP:_processSerialData:121 - 🔄 数据来源: 串口接收 -> PendulumState.physical_length
2025-09-02 15:06:55.585 | INFO     | Pendulum.PendulumAPP:_processSerialData:120 - 📏 串口长度数据已更新: L27.924513 -> physical_length=27.924513
2025-09-02 15:06:55.585 | INFO     | Pendulum.PendulumAPP:_processSerialData:121 - 🔄 数据来源: 串口接收 -> PendulumState.physical_length
2025-09-02 15:06:55.631 | INFO     | Pendulum.PendulumAPP:_keyEventWeb:286 - d0
2025-09-02 15:06:55.633 | INFO     | Pendulum.SerialConncet:send:199 - sendd0
2025-09-02 15:06:55.635 | INFO     | Pendulum.SerialConncet:send:201 - [发送] d0
2025-09-02 15:06:55.646 | INFO     | Pendulum.PendulumAPP:_processSerialData:120 - 📏 串口长度数据已更新: L27.924513 -> physical_length=27.924513
2025-09-02 15:06:55.647 | INFO     | Pendulum.PendulumAPP:_processSerialData:121 - 🔄 数据来源: 串口接收 -> PendulumState.physical_length
2025-09-02 15:06:55.692 | INFO     | Pendulum.PendulumAPP:_processSerialData:120 - 📏 串口长度数据已更新: L27.924513 -> physical_length=27.924513
2025-09-02 15:06:55.695 | INFO     | Pendulum.PendulumAPP:_processSerialData:121 - 🔄 数据来源: 串口接收 -> PendulumState.physical_length
2025-09-02 15:06:55.740 | INFO     | Pendulum.PendulumAPP:_processSerialData:120 - 📏 串口长度数据已更新: L27.924513 -> physical_length=27.924513
2025-09-02 15:06:55.741 | INFO     | Pendulum.PendulumAPP:_processSerialData:121 - 🔄 数据来源: 串口接收 -> PendulumState.physical_length
2025-09-02 15:06:55.785 | INFO     | Pendulum.PendulumAPP:_processSerialData:120 - 📏 串口长度数据已更新: L27.924513 -> physical_length=27.924513
2025-09-02 15:06:55.786 | INFO     | Pendulum.PendulumAPP:_processSerialData:121 - 🔄 数据来源: 串口接收 -> PendulumState.physical_length
2025-09-02 15:06:55.831 | INFO     | Pendulum.PendulumAPP:_processSerialData:120 - 📏 串口长度数据已更新: L27.924513 -> physical_length=27.924513
2025-09-02 15:06:55.833 | INFO     | Pendulum.PendulumAPP:_processSerialData:121 - 🔄 数据来源: 串口接收 -> PendulumState.physical_length
2025-09-02 15:06:55.878 | INFO     | Pendulum.PendulumAPP:_processSerialData:120 - 📏 串口长度数据已更新: L27.924513 -> physical_length=27.924513
2025-09-02 15:06:55.879 | INFO     | Pendulum.PendulumAPP:_processSerialData:121 - 🔄 数据来源: 串口接收 -> PendulumState.physical_length
2025-09-02 15:06:55.925 | INFO     | Pendulum.PendulumAPP:_processSerialData:120 - 📏 串口长度数据已更新: L27.924513 -> physical_length=27.924513
2025-09-02 15:06:55.926 | INFO     | Pendulum.PendulumAPP:_processSerialData:121 - 🔄 数据来源: 串口接收 -> PendulumState.physical_length
2025-09-02 15:06:55.971 | INFO     | Pendulum.PendulumAPP:_processSerialData:120 - 📏 串口长度数据已更新: L27.924513 -> physical_length=27.924513
2025-09-02 15:06:55.973 | INFO     | Pendulum.PendulumAPP:_processSerialData:121 - 🔄 数据来源: 串口接收 -> PendulumState.physical_length
2025-09-02 15:06:56.018 | INFO     | Pendulum.PendulumAPP:_processSerialData:120 - 📏 串口长度数据已更新: L27.924513 -> physical_length=27.924513
2025-09-02 15:06:56.019 | INFO     | Pendulum.PendulumAPP:_processSerialData:121 - 🔄 数据来源: 串口接收 -> PendulumState.physical_length
2025-09-02 15:06:56.064 | INFO     | Pendulum.PendulumAPP:_processSerialData:120 - 📏 串口长度数据已更新: L27.924513 -> physical_length=27.924513
2025-09-02 15:06:56.066 | INFO     | Pendulum.PendulumAPP:_processSerialData:121 - 🔄 数据来源: 串口接收 -> PendulumState.physical_length
2025-09-02 15:06:56.111 | INFO     | Pendulum.PendulumAPP:_processSerialData:120 - 📏 串口长度数据已更新: L27.924513 -> physical_length=27.924513
2025-09-02 15:06:56.113 | INFO     | Pendulum.PendulumAPP:_processSerialData:121 - 🔄 数据来源: 串口接收 -> PendulumState.physical_length
2025-09-02 15:06:56.158 | INFO     | Pendulum.PendulumAPP:_processSerialData:120 - 📏 串口长度数据已更新: L27.924513 -> physical_length=27.924513
2025-09-02 15:06:56.160 | INFO     | Pendulum.PendulumAPP:_processSerialData:121 - 🔄 数据来源: 串口接收 -> PendulumState.physical_length
2025-09-02 15:06:56.204 | INFO     | Pendulum.PendulumAPP:_processSerialData:120 - 📏 串口长度数据已更新: L27.924513 -> physical_length=27.924513
2025-09-02 15:06:56.206 | INFO     | Pendulum.PendulumAPP:_processSerialData:121 - 🔄 数据来源: 串口接收 -> PendulumState.physical_length
2025-09-02 15:06:56.251 | INFO     | Pendulum.PendulumAPP:_processSerialData:120 - 📏 串口长度数据已更新: L27.924513 -> physical_length=27.924513
2025-09-02 15:06:56.252 | INFO     | Pendulum.PendulumAPP:_processSerialData:121 - 🔄 数据来源: 串口接收 -> PendulumState.physical_length
2025-09-02 15:06:56.300 | INFO     | Pendulum.PendulumAPP:_processSerialData:120 - 📏 串口长度数据已更新: L27.924513 -> physical_length=27.924513
2025-09-02 15:06:56.300 | INFO     | Pendulum.PendulumAPP:_processSerialData:121 - 🔄 数据来源: 串口接收 -> PendulumState.physical_length
2025-09-02 15:06:56.347 | INFO     | Pendulum.PendulumAPP:_processSerialData:120 - 📏 串口长度数据已更新: L27.924513 -> physical_length=27.924513
2025-09-02 15:06:56.348 | INFO     | Pendulum.PendulumAPP:_processSerialData:121 - 🔄 数据来源: 串口接收 -> PendulumState.physical_length
2025-09-02 15:06:56.392 | INFO     | Pendulum.PendulumAPP:_processSerialData:120 - 📏 串口长度数据已更新: L27.924513 -> physical_length=27.924513
2025-09-02 15:06:56.394 | INFO     | Pendulum.PendulumAPP:_processSerialData:121 - 🔄 数据来源: 串口接收 -> PendulumState.physical_length
2025-09-02 15:06:56.438 | INFO     | Pendulum.PendulumAPP:_processSerialData:120 - 📏 串口长度数据已更新: L27.924513 -> physical_length=27.924513
2025-09-02 15:06:56.440 | INFO     | Pendulum.PendulumAPP:_processSerialData:121 - 🔄 数据来源: 串口接收 -> PendulumState.physical_length
2025-09-02 15:06:56.483 | INFO     | Pendulum.PendulumAPP:_processSerialData:120 - 📏 串口长度数据已更新: L27.924513 -> physical_length=27.924513
2025-09-02 15:06:56.484 | INFO     | Pendulum.PendulumAPP:_processSerialData:121 - 🔄 数据来源: 串口接收 -> PendulumState.physical_length
2025-09-02 15:06:56.530 | INFO     | Pendulum.PendulumAPP:_processSerialData:120 - 📏 串口长度数据已更新: L27.924513 -> physical_length=27.924513
2025-09-02 15:06:56.531 | INFO     | Pendulum.PendulumAPP:_processSerialData:121 - 🔄 数据来源: 串口接收 -> PendulumState.physical_length
2025-09-02 15:06:56.576 | INFO     | Pendulum.PendulumAPP:_processSerialData:120 - 📏 串口长度数据已更新: L27.924513 -> physical_length=27.924513
2025-09-02 15:06:56.577 | INFO     | Pendulum.PendulumAPP:_processSerialData:121 - 🔄 数据来源: 串口接收 -> PendulumState.physical_length
2025-09-02 15:06:56.622 | INFO     | Pendulum.PendulumAPP:_processSerialData:120 - 📏 串口长度数据已更新: L27.924513 -> physical_length=27.924513
2025-09-02 15:06:56.623 | INFO     | Pendulum.PendulumAPP:_processSerialData:121 - 🔄 数据来源: 串口接收 -> PendulumState.physical_length
2025-09-02 15:06:56.670 | INFO     | Pendulum.PendulumAPP:_processSerialData:120 - 📏 串口长度数据已更新: L27.924513 -> physical_length=27.924513
2025-09-02 15:06:56.671 | INFO     | Pendulum.PendulumAPP:_processSerialData:121 - 🔄 数据来源: 串口接收 -> PendulumState.physical_length
2025-09-02 15:06:56.716 | INFO     | Pendulum.PendulumAPP:_processSerialData:120 - 📏 串口长度数据已更新: L27.924513 -> physical_length=27.924513
2025-09-02 15:06:56.717 | INFO     | Pendulum.PendulumAPP:_processSerialData:121 - 🔄 数据来源: 串口接收 -> PendulumState.physical_length
2025-09-02 15:06:56.762 | INFO     | Pendulum.PendulumAPP:_processSerialData:120 - 📏 串口长度数据已更新: L27.924513 -> physical_length=27.924513
2025-09-02 15:06:56.762 | INFO     | Pendulum.PendulumAPP:_processSerialData:121 - 🔄 数据来源: 串口接收 -> PendulumState.physical_length
2025-09-02 15:06:56.810 | INFO     | Pendulum.PendulumAPP:_processSerialData:120 - 📏 串口长度数据已更新: L27.924513 -> physical_length=27.924513
2025-09-02 15:06:56.813 | INFO     | Pendulum.PendulumAPP:_processSerialData:121 - 🔄 数据来源: 串口接收 -> PendulumState.physical_length
2025-09-02 15:06:56.856 | INFO     | Pendulum.PendulumAPP:_processSerialData:120 - 📏 串口长度数据已更新: L27.924513 -> physical_length=27.924513
2025-09-02 15:06:56.857 | INFO     | Pendulum.PendulumAPP:_processSerialData:121 - 🔄 数据来源: 串口接收 -> PendulumState.physical_length
2025-09-02 15:06:56.902 | INFO     | Pendulum.PendulumAPP:_processSerialData:120 - 📏 串口长度数据已更新: L27.924513 -> physical_length=27.924513
2025-09-02 15:06:56.903 | INFO     | Pendulum.PendulumAPP:_processSerialData:121 - 🔄 数据来源: 串口接收 -> PendulumState.physical_length
2025-09-02 15:06:56.947 | INFO     | Pendulum.PendulumAPP:_processSerialData:120 - 📏 串口长度数据已更新: L27.924513 -> physical_length=27.924513
2025-09-02 15:06:56.948 | INFO     | Pendulum.PendulumAPP:_processSerialData:121 - 🔄 数据来源: 串口接收 -> PendulumState.physical_length
2025-09-02 15:06:56.995 | INFO     | Pendulum.PendulumAPP:_processSerialData:120 - 📏 串口长度数据已更新: L27.924513 -> physical_length=27.924513
2025-09-02 15:06:56.996 | INFO     | Pendulum.PendulumAPP:_processSerialData:121 - 🔄 数据来源: 串口接收 -> PendulumState.physical_length
2025-09-02 15:06:57.041 | INFO     | Pendulum.PendulumAPP:_processSerialData:120 - 📏 串口长度数据已更新: L27.924513 -> physical_length=27.924513
2025-09-02 15:06:57.044 | INFO     | Pendulum.PendulumAPP:_processSerialData:121 - 🔄 数据来源: 串口接收 -> PendulumState.physical_length
2025-09-02 15:06:57.088 | INFO     | Pendulum.PendulumAPP:_processSerialData:120 - 📏 串口长度数据已更新: L27.924513 -> physical_length=27.924513
2025-09-02 15:06:57.091 | INFO     | Pendulum.PendulumAPP:_processSerialData:121 - 🔄 数据来源: 串口接收 -> PendulumState.physical_length
2025-09-02 15:06:57.135 | INFO     | Pendulum.PendulumAPP:_processSerialData:120 - 📏 串口长度数据已更新: L27.924513 -> physical_length=27.924513
2025-09-02 15:06:57.137 | INFO     | Pendulum.PendulumAPP:_processSerialData:121 - 🔄 数据来源: 串口接收 -> PendulumState.physical_length
2025-09-02 15:06:57.181 | INFO     | Pendulum.PendulumAPP:_processSerialData:120 - 📏 串口长度数据已更新: L27.924513 -> physical_length=27.924513
2025-09-02 15:06:57.182 | INFO     | Pendulum.PendulumAPP:_processSerialData:121 - 🔄 数据来源: 串口接收 -> PendulumState.physical_length
2025-09-02 15:06:57.227 | INFO     | Pendulum.PendulumAPP:_processSerialData:120 - 📏 串口长度数据已更新: L27.924513 -> physical_length=27.924513
2025-09-02 15:06:57.230 | INFO     | Pendulum.PendulumAPP:_processSerialData:121 - 🔄 数据来源: 串口接收 -> PendulumState.physical_length
2025-09-02 15:06:57.275 | INFO     | Pendulum.PendulumAPP:_processSerialData:120 - 📏 串口长度数据已更新: L27.924513 -> physical_length=27.924513
2025-09-02 15:06:57.276 | INFO     | Pendulum.PendulumAPP:_processSerialData:121 - 🔄 数据来源: 串口接收 -> PendulumState.physical_length
2025-09-02 15:06:57.323 | INFO     | Pendulum.PendulumAPP:_processSerialData:120 - 📏 串口长度数据已更新: L27.924513 -> physical_length=27.924513
2025-09-02 15:06:57.324 | INFO     | Pendulum.PendulumAPP:_processSerialData:121 - 🔄 数据来源: 串口接收 -> PendulumState.physical_length
2025-09-02 15:06:57.369 | INFO     | Pendulum.PendulumAPP:_processSerialData:120 - 📏 串口长度数据已更新: L27.924513 -> physical_length=27.924513
2025-09-02 15:06:57.371 | INFO     | Pendulum.PendulumAPP:_processSerialData:121 - 🔄 数据来源: 串口接收 -> PendulumState.physical_length
2025-09-02 15:06:57.415 | INFO     | Pendulum.PendulumAPP:_processSerialData:120 - 📏 串口长度数据已更新: L27.924513 -> physical_length=27.924513
2025-09-02 15:06:57.416 | INFO     | Pendulum.PendulumAPP:_processSerialData:121 - 🔄 数据来源: 串口接收 -> PendulumState.physical_length
2025-09-02 15:06:57.462 | INFO     | Pendulum.PendulumAPP:_processSerialData:120 - 📏 串口长度数据已更新: L27.924513 -> physical_length=27.924513
2025-09-02 15:06:57.463 | INFO     | Pendulum.PendulumAPP:_processSerialData:121 - 🔄 数据来源: 串口接收 -> PendulumState.physical_length
2025-09-02 15:06:57.507 | INFO     | Pendulum.PendulumAPP:_processSerialData:120 - 📏 串口长度数据已更新: L27.924513 -> physical_length=27.924513
2025-09-02 15:06:57.508 | INFO     | Pendulum.PendulumAPP:_processSerialData:121 - 🔄 数据来源: 串口接收 -> PendulumState.physical_length
2025-09-02 15:06:57.553 | INFO     | Pendulum.PendulumAPP:_processSerialData:120 - 📏 串口长度数据已更新: L27.924513 -> physical_length=27.924513
2025-09-02 15:06:57.555 | INFO     | Pendulum.PendulumAPP:_processSerialData:121 - 🔄 数据来源: 串口接收 -> PendulumState.physical_length
2025-09-02 15:06:57.599 | INFO     | Pendulum.PendulumAPP:_processSerialData:120 - 📏 串口长度数据已更新: L27.924513 -> physical_length=27.924513
2025-09-02 15:06:57.602 | INFO     | Pendulum.PendulumAPP:_processSerialData:121 - 🔄 数据来源: 串口接收 -> PendulumState.physical_length
2025-09-02 15:06:57.646 | INFO     | Pendulum.PendulumAPP:_processSerialData:120 - 📏 串口长度数据已更新: L27.924513 -> physical_length=27.924513
2025-09-02 15:06:57.649 | INFO     | Pendulum.PendulumAPP:_processSerialData:121 - 🔄 数据来源: 串口接收 -> PendulumState.physical_length
2025-09-02 15:06:57.676 | INFO     | Pendulum.PendulumAPP:_processSerialData:120 - 📏 串口长度数据已更新: L27.924513 -> physical_length=27.924513
2025-09-02 15:06:57.677 | INFO     | Pendulum.PendulumAPP:_processSerialData:121 - 🔄 数据来源: 串口接收 -> PendulumState.physical_length
2025-09-02 15:06:57.722 | INFO     | Pendulum.PendulumAPP:_processSerialData:120 - 📏 串口长度数据已更新: L27.924513 -> physical_length=27.924513
2025-09-02 15:06:57.723 | INFO     | Pendulum.PendulumAPP:_processSerialData:121 - 🔄 数据来源: 串口接收 -> PendulumState.physical_length
2025-09-02 15:06:57.769 | INFO     | Pendulum.PendulumAPP:_processSerialData:120 - 📏 串口长度数据已更新: L27.924513 -> physical_length=27.924513
2025-09-02 15:06:57.770 | INFO     | Pendulum.PendulumAPP:_processSerialData:121 - 🔄 数据来源: 串口接收 -> PendulumState.physical_length
2025-09-02 15:06:57.815 | INFO     | Pendulum.PendulumAPP:_processSerialData:120 - 📏 串口长度数据已更新: L27.924513 -> physical_length=27.924513
2025-09-02 15:06:57.816 | INFO     | Pendulum.PendulumAPP:_processSerialData:121 - 🔄 数据来源: 串口接收 -> PendulumState.physical_length
2025-09-02 15:06:57.863 | INFO     | Pendulum.PendulumAPP:_processSerialData:120 - 📏 串口长度数据已更新: L27.924513 -> physical_length=27.924513
2025-09-02 15:06:57.864 | INFO     | Pendulum.PendulumAPP:_processSerialData:121 - 🔄 数据来源: 串口接收 -> PendulumState.physical_length
2025-09-02 15:06:57.909 | INFO     | Pendulum.PendulumAPP:_processSerialData:120 - 📏 串口长度数据已更新: L27.924513 -> physical_length=27.924513
2025-09-02 15:06:57.909 | INFO     | Pendulum.PendulumAPP:_processSerialData:121 - 🔄 数据来源: 串口接收 -> PendulumState.physical_length
2025-09-02 15:06:57.955 | INFO     | Pendulum.PendulumAPP:_processSerialData:120 - 📏 串口长度数据已更新: L27.924513 -> physical_length=27.924513
2025-09-02 15:06:57.956 | INFO     | Pendulum.PendulumAPP:_processSerialData:121 - 🔄 数据来源: 串口接收 -> PendulumState.physical_length
2025-09-02 15:06:58.001 | INFO     | Pendulum.PendulumAPP:_processSerialData:120 - 📏 串口长度数据已更新: L27.924513 -> physical_length=27.924513
2025-09-02 15:06:58.002 | INFO     | Pendulum.PendulumAPP:_processSerialData:121 - 🔄 数据来源: 串口接收 -> PendulumState.physical_length
2025-09-02 15:06:58.047 | INFO     | Pendulum.PendulumAPP:_processSerialData:120 - 📏 串口长度数据已更新: L27.924513 -> physical_length=27.924513
2025-09-02 15:06:58.049 | INFO     | Pendulum.PendulumAPP:_processSerialData:121 - 🔄 数据来源: 串口接收 -> PendulumState.physical_length
2025-09-02 15:06:58.094 | INFO     | Pendulum.PendulumAPP:_processSerialData:120 - 📏 串口长度数据已更新: L27.924513 -> physical_length=27.924513
2025-09-02 15:06:58.095 | INFO     | Pendulum.PendulumAPP:_processSerialData:121 - 🔄 数据来源: 串口接收 -> PendulumState.physical_length
2025-09-02 15:06:58.141 | INFO     | Pendulum.PendulumAPP:_processSerialData:120 - 📏 串口长度数据已更新: L27.924513 -> physical_length=27.924513
2025-09-02 15:06:58.143 | INFO     | Pendulum.PendulumAPP:_processSerialData:121 - 🔄 数据来源: 串口接收 -> PendulumState.physical_length
2025-09-02 15:06:58.187 | INFO     | Pendulum.PendulumAPP:_processSerialData:120 - 📏 串口长度数据已更新: L27.924513 -> physical_length=27.924513
2025-09-02 15:06:58.189 | INFO     | Pendulum.PendulumAPP:_processSerialData:121 - 🔄 数据来源: 串口接收 -> PendulumState.physical_length
2025-09-02 15:06:58.233 | INFO     | Pendulum.PendulumAPP:_processSerialData:120 - 📏 串口长度数据已更新: L27.924513 -> physical_length=27.924513
2025-09-02 15:06:58.234 | INFO     | Pendulum.PendulumAPP:_processSerialData:121 - 🔄 数据来源: 串口接收 -> PendulumState.physical_length
2025-09-02 15:06:58.281 | INFO     | Pendulum.PendulumAPP:_processSerialData:120 - 📏 串口长度数据已更新: L27.924513 -> physical_length=27.924513
2025-09-02 15:06:58.282 | INFO     | Pendulum.PendulumAPP:_processSerialData:121 - 🔄 数据来源: 串口接收 -> PendulumState.physical_length
2025-09-02 15:06:58.327 | INFO     | Pendulum.PendulumAPP:_processSerialData:120 - 📏 串口长度数据已更新: L27.924513 -> physical_length=27.924513
2025-09-02 15:06:58.328 | INFO     | Pendulum.PendulumAPP:_processSerialData:121 - 🔄 数据来源: 串口接收 -> PendulumState.physical_length
2025-09-02 15:06:58.373 | INFO     | Pendulum.PendulumAPP:_processSerialData:120 - 📏 串口长度数据已更新: L27.924513 -> physical_length=27.924513
2025-09-02 15:06:58.374 | INFO     | Pendulum.PendulumAPP:_processSerialData:121 - 🔄 数据来源: 串口接收 -> PendulumState.physical_length
2025-09-02 15:06:58.419 | INFO     | Pendulum.PendulumAPP:_processSerialData:120 - 📏 串口长度数据已更新: L27.924513 -> physical_length=27.924513
2025-09-02 15:06:58.421 | INFO     | Pendulum.PendulumAPP:_processSerialData:121 - 🔄 数据来源: 串口接收 -> PendulumState.physical_length
2025-09-02 15:06:58.465 | INFO     | Pendulum.PendulumAPP:_processSerialData:120 - 📏 串口长度数据已更新: L27.924513 -> physical_length=27.924513
2025-09-02 15:06:58.467 | INFO     | Pendulum.PendulumAPP:_processSerialData:121 - 🔄 数据来源: 串口接收 -> PendulumState.physical_length
2025-09-02 15:06:58.511 | INFO     | Pendulum.PendulumAPP:_processSerialData:120 - 📏 串口长度数据已更新: L27.924513 -> physical_length=27.924513
2025-09-02 15:06:58.512 | INFO     | Pendulum.PendulumAPP:_processSerialData:121 - 🔄 数据来源: 串口接收 -> PendulumState.physical_length
2025-09-02 15:06:58.558 | INFO     | Pendulum.PendulumAPP:_processSerialData:120 - 📏 串口长度数据已更新: L27.924513 -> physical_length=27.924513
2025-09-02 15:06:58.560 | INFO     | Pendulum.PendulumAPP:_processSerialData:121 - 🔄 数据来源: 串口接收 -> PendulumState.physical_length
2025-09-02 15:06:58.604 | INFO     | Pendulum.PendulumAPP:_processSerialData:120 - 📏 串口长度数据已更新: L27.924513 -> physical_length=27.924513
2025-09-02 15:06:58.606 | INFO     | Pendulum.PendulumAPP:_processSerialData:121 - 🔄 数据来源: 串口接收 -> PendulumState.physical_length
2025-09-02 15:06:58.650 | INFO     | Pendulum.PendulumAPP:_processSerialData:120 - 📏 串口长度数据已更新: L27.924513 -> physical_length=27.924513
2025-09-02 15:06:58.650 | INFO     | Pendulum.PendulumAPP:_processSerialData:121 - 🔄 数据来源: 串口接收 -> PendulumState.physical_length
2025-09-02 15:06:58.696 | INFO     | Pendulum.PendulumAPP:_processSerialData:120 - 📏 串口长度数据已更新: L27.924513 -> physical_length=27.924513
2025-09-02 15:06:58.700 | INFO     | Pendulum.PendulumAPP:_processSerialData:121 - 🔄 数据来源: 串口接收 -> PendulumState.physical_length
2025-09-02 15:06:58.743 | INFO     | Pendulum.PendulumAPP:_processSerialData:120 - 📏 串口长度数据已更新: L27.924513 -> physical_length=27.924513
2025-09-02 15:06:58.744 | INFO     | Pendulum.PendulumAPP:_processSerialData:121 - 🔄 数据来源: 串口接收 -> PendulumState.physical_length
2025-09-02 15:06:58.790 | INFO     | Pendulum.PendulumAPP:_processSerialData:120 - 📏 串口长度数据已更新: L27.924513 -> physical_length=27.924513
2025-09-02 15:06:58.791 | INFO     | Pendulum.PendulumAPP:_processSerialData:121 - 🔄 数据来源: 串口接收 -> PendulumState.physical_length
2025-09-02 15:06:58.836 | INFO     | Pendulum.PendulumAPP:_processSerialData:120 - 📏 串口长度数据已更新: L27.924513 -> physical_length=27.924513
2025-09-02 15:06:58.838 | INFO     | Pendulum.PendulumAPP:_processSerialData:121 - 🔄 数据来源: 串口接收 -> PendulumState.physical_length
2025-09-02 15:06:58.883 | INFO     | Pendulum.PendulumAPP:_processSerialData:120 - 📏 串口长度数据已更新: L27.924513 -> physical_length=27.924513
2025-09-02 15:06:58.884 | INFO     | Pendulum.PendulumAPP:_processSerialData:121 - 🔄 数据来源: 串口接收 -> PendulumState.physical_length
2025-09-02 15:06:58.929 | INFO     | Pendulum.PendulumAPP:_processSerialData:120 - 📏 串口长度数据已更新: L27.924513 -> physical_length=27.924513
2025-09-02 15:06:58.931 | INFO     | Pendulum.PendulumAPP:_processSerialData:121 - 🔄 数据来源: 串口接收 -> PendulumState.physical_length
2025-09-02 15:06:58.975 | INFO     | Pendulum.PendulumAPP:_processSerialData:120 - 📏 串口长度数据已更新: L27.924513 -> physical_length=27.924513
2025-09-02 15:06:58.976 | INFO     | Pendulum.PendulumAPP:_processSerialData:121 - 🔄 数据来源: 串口接收 -> PendulumState.physical_length
2025-09-02 15:06:59.022 | INFO     | Pendulum.PendulumAPP:_processSerialData:120 - 📏 串口长度数据已更新: L27.924513 -> physical_length=27.924513
2025-09-02 15:06:59.023 | INFO     | Pendulum.PendulumAPP:_processSerialData:121 - 🔄 数据来源: 串口接收 -> PendulumState.physical_length
2025-09-02 15:06:59.068 | INFO     | Pendulum.PendulumAPP:_processSerialData:120 - 📏 串口长度数据已更新: L27.924513 -> physical_length=27.924513
2025-09-02 15:06:59.069 | INFO     | Pendulum.PendulumAPP:_processSerialData:121 - 🔄 数据来源: 串口接收 -> PendulumState.physical_length
2025-09-02 15:06:59.115 | INFO     | Pendulum.PendulumAPP:_processSerialData:120 - 📏 串口长度数据已更新: L27.924513 -> physical_length=27.924513
2025-09-02 15:06:59.117 | INFO     | Pendulum.PendulumAPP:_processSerialData:121 - 🔄 数据来源: 串口接收 -> PendulumState.physical_length
2025-09-02 15:06:59.161 | INFO     | Pendulum.PendulumAPP:_processSerialData:120 - 📏 串口长度数据已更新: L27.924513 -> physical_length=27.924513
2025-09-02 15:06:59.162 | INFO     | Pendulum.PendulumAPP:_processSerialData:121 - 🔄 数据来源: 串口接收 -> PendulumState.physical_length
2025-09-02 15:06:59.208 | INFO     | Pendulum.PendulumAPP:_processSerialData:120 - 📏 串口长度数据已更新: L27.924513 -> physical_length=27.924513
2025-09-02 15:06:59.210 | INFO     | Pendulum.PendulumAPP:_processSerialData:121 - 🔄 数据来源: 串口接收 -> PendulumState.physical_length
2025-09-02 15:06:59.255 | INFO     | Pendulum.PendulumAPP:_processSerialData:120 - 📏 串口长度数据已更新: L27.924513 -> physical_length=27.924513
2025-09-02 15:06:59.255 | INFO     | Pendulum.PendulumAPP:_processSerialData:121 - 🔄 数据来源: 串口接收 -> PendulumState.physical_length
2025-09-02 15:06:59.302 | INFO     | Pendulum.PendulumAPP:_processSerialData:120 - 📏 串口长度数据已更新: L27.924513 -> physical_length=27.924513
2025-09-02 15:06:59.303 | INFO     | Pendulum.PendulumAPP:_processSerialData:121 - 🔄 数据来源: 串口接收 -> PendulumState.physical_length
2025-09-02 15:06:59.348 | INFO     | Pendulum.PendulumAPP:_processSerialData:120 - 📏 串口长度数据已更新: L27.924513 -> physical_length=27.924513
2025-09-02 15:06:59.349 | INFO     | Pendulum.PendulumAPP:_processSerialData:121 - 🔄 数据来源: 串口接收 -> PendulumState.physical_length
2025-09-02 15:06:59.396 | INFO     | Pendulum.PendulumAPP:_processSerialData:120 - 📏 串口长度数据已更新: L27.924513 -> physical_length=27.924513
2025-09-02 15:06:59.397 | INFO     | Pendulum.PendulumAPP:_processSerialData:121 - 🔄 数据来源: 串口接收 -> PendulumState.physical_length
2025-09-02 15:06:59.442 | INFO     | Pendulum.PendulumAPP:_processSerialData:120 - 📏 串口长度数据已更新: L27.924513 -> physical_length=27.924513
2025-09-02 15:06:59.443 | INFO     | Pendulum.PendulumAPP:_processSerialData:121 - 🔄 数据来源: 串口接收 -> PendulumState.physical_length
2025-09-02 15:06:59.489 | INFO     | Pendulum.PendulumAPP:_processSerialData:120 - 📏 串口长度数据已更新: L27.924513 -> physical_length=27.924513
2025-09-02 15:06:59.489 | INFO     | Pendulum.PendulumAPP:_processSerialData:121 - 🔄 数据来源: 串口接收 -> PendulumState.physical_length
2025-09-02 15:06:59.536 | INFO     | Pendulum.PendulumAPP:_processSerialData:120 - 📏 串口长度数据已更新: L27.924513 -> physical_length=27.924513
2025-09-02 15:06:59.537 | INFO     | Pendulum.PendulumAPP:_processSerialData:121 - 🔄 数据来源: 串口接收 -> PendulumState.physical_length
2025-09-02 15:06:59.582 | INFO     | Pendulum.PendulumAPP:_processSerialData:120 - 📏 串口长度数据已更新: L27.924513 -> physical_length=27.924513
2025-09-02 15:06:59.587 | INFO     | Pendulum.PendulumAPP:_processSerialData:121 - 🔄 数据来源: 串口接收 -> PendulumState.physical_length
2025-09-02 15:06:59.628 | INFO     | Pendulum.PendulumAPP:_processSerialData:120 - 📏 串口长度数据已更新: L27.924513 -> physical_length=27.924513
2025-09-02 15:06:59.632 | INFO     | Pendulum.PendulumAPP:_processSerialData:121 - 🔄 数据来源: 串口接收 -> PendulumState.physical_length
2025-09-02 15:06:59.675 | INFO     | Pendulum.PendulumAPP:_processSerialData:120 - 📏 串口长度数据已更新: L27.924513 -> physical_length=27.924513
2025-09-02 15:06:59.678 | INFO     | Pendulum.PendulumAPP:_processSerialData:121 - 🔄 数据来源: 串口接收 -> PendulumState.physical_length
2025-09-02 15:06:59.722 | INFO     | Pendulum.PendulumAPP:_processSerialData:120 - 📏 串口长度数据已更新: L27.924513 -> physical_length=27.924513
2025-09-02 15:06:59.722 | INFO     | Pendulum.PendulumAPP:_processSerialData:121 - 🔄 数据来源: 串口接收 -> PendulumState.physical_length
2025-09-02 15:06:59.769 | INFO     | Pendulum.PendulumAPP:_processSerialData:120 - 📏 串口长度数据已更新: L27.924513 -> physical_length=27.924513
2025-09-02 15:06:59.771 | INFO     | Pendulum.PendulumAPP:_processSerialData:121 - 🔄 数据来源: 串口接收 -> PendulumState.physical_length
2025-09-02 15:06:59.815 | INFO     | Pendulum.PendulumAPP:_processSerialData:120 - 📏 串口长度数据已更新: L27.924513 -> physical_length=27.924513
2025-09-02 15:06:59.818 | INFO     | Pendulum.PendulumAPP:_processSerialData:121 - 🔄 数据来源: 串口接收 -> PendulumState.physical_length
2025-09-02 15:06:59.860 | INFO     | Pendulum.PendulumAPP:_processSerialData:120 - 📏 串口长度数据已更新: L27.924513 -> physical_length=27.924513
2025-09-02 15:06:59.861 | INFO     | Pendulum.PendulumAPP:_processSerialData:121 - 🔄 数据来源: 串口接收 -> PendulumState.physical_length
2025-09-02 15:06:59.909 | INFO     | Pendulum.PendulumAPP:_processSerialData:120 - 📏 串口长度数据已更新: L27.924513 -> physical_length=27.924513
2025-09-02 15:06:59.909 | INFO     | Pendulum.PendulumAPP:_processSerialData:121 - 🔄 数据来源: 串口接收 -> PendulumState.physical_length
2025-09-02 15:06:59.955 | INFO     | Pendulum.PendulumAPP:_processSerialData:120 - 📏 串口长度数据已更新: L27.924513 -> physical_length=27.924513
2025-09-02 15:06:59.956 | INFO     | Pendulum.PendulumAPP:_processSerialData:121 - 🔄 数据来源: 串口接收 -> PendulumState.physical_length
2025-09-02 15:07:00.000 | INFO     | Pendulum.PendulumAPP:_processSerialData:120 - 📏 串口长度数据已更新: L27.924513 -> physical_length=27.924513
2025-09-02 15:07:00.001 | INFO     | Pendulum.PendulumAPP:_processSerialData:121 - 🔄 数据来源: 串口接收 -> PendulumState.physical_length
2025-09-02 15:07:00.048 | INFO     | Pendulum.PendulumAPP:_processSerialData:120 - 📏 串口长度数据已更新: L27.924513 -> physical_length=27.924513
2025-09-02 15:07:00.049 | INFO     | Pendulum.PendulumAPP:_processSerialData:121 - 🔄 数据来源: 串口接收 -> PendulumState.physical_length
2025-09-02 15:07:00.093 | INFO     | Pendulum.PendulumAPP:_processSerialData:120 - 📏 串口长度数据已更新: L27.924513 -> physical_length=27.924513
2025-09-02 15:07:00.095 | INFO     | Pendulum.PendulumAPP:_processSerialData:121 - 🔄 数据来源: 串口接收 -> PendulumState.physical_length
2025-09-02 15:07:00.139 | INFO     | Pendulum.PendulumAPP:_processSerialData:120 - 📏 串口长度数据已更新: L27.924513 -> physical_length=27.924513
2025-09-02 15:07:00.140 | INFO     | Pendulum.PendulumAPP:_processSerialData:121 - 🔄 数据来源: 串口接收 -> PendulumState.physical_length
2025-09-02 15:07:00.185 | INFO     | Pendulum.PendulumAPP:_processSerialData:120 - 📏 串口长度数据已更新: L27.924513 -> physical_length=27.924513
2025-09-02 15:07:00.185 | INFO     | Pendulum.PendulumAPP:_processSerialData:121 - 🔄 数据来源: 串口接收 -> PendulumState.physical_length
2025-09-02 15:07:00.231 | INFO     | Pendulum.PendulumAPP:_processSerialData:120 - 📏 串口长度数据已更新: L27.924513 -> physical_length=27.924513
2025-09-02 15:07:00.233 | INFO     | Pendulum.PendulumAPP:_processSerialData:121 - 🔄 数据来源: 串口接收 -> PendulumState.physical_length
2025-09-02 15:07:00.278 | INFO     | Pendulum.PendulumAPP:_processSerialData:120 - 📏 串口长度数据已更新: L27.924513 -> physical_length=27.924513
2025-09-02 15:07:00.279 | INFO     | Pendulum.PendulumAPP:_processSerialData:121 - 🔄 数据来源: 串口接收 -> PendulumState.physical_length
2025-09-02 15:07:00.323 | INFO     | Pendulum.PendulumAPP:_processSerialData:120 - 📏 串口长度数据已更新: L27.924513 -> physical_length=27.924513
2025-09-02 15:07:00.326 | INFO     | Pendulum.PendulumAPP:_processSerialData:121 - 🔄 数据来源: 串口接收 -> PendulumState.physical_length
2025-09-02 15:07:00.369 | INFO     | Pendulum.PendulumAPP:_processSerialData:120 - 📏 串口长度数据已更新: L27.924513 -> physical_length=27.924513
2025-09-02 15:07:00.370 | INFO     | Pendulum.PendulumAPP:_processSerialData:121 - 🔄 数据来源: 串口接收 -> PendulumState.physical_length
2025-09-02 15:07:00.417 | INFO     | Pendulum.PendulumAPP:_processSerialData:120 - 📏 串口长度数据已更新: L27.924513 -> physical_length=27.924513
2025-09-02 15:07:00.418 | INFO     | Pendulum.PendulumAPP:_processSerialData:121 - 🔄 数据来源: 串口接收 -> PendulumState.physical_length
2025-09-02 15:07:00.463 | INFO     | Pendulum.PendulumAPP:_processSerialData:120 - 📏 串口长度数据已更新: L27.924513 -> physical_length=27.924513
2025-09-02 15:07:00.467 | INFO     | Pendulum.PendulumAPP:_processSerialData:121 - 🔄 数据来源: 串口接收 -> PendulumState.physical_length
2025-09-02 15:07:00.509 | INFO     | Pendulum.PendulumAPP:_processSerialData:120 - 📏 串口长度数据已更新: L27.924513 -> physical_length=27.924513
2025-09-02 15:07:00.510 | INFO     | Pendulum.PendulumAPP:_processSerialData:121 - 🔄 数据来源: 串口接收 -> PendulumState.physical_length
2025-09-02 15:07:00.554 | INFO     | Pendulum.PendulumAPP:_processSerialData:120 - 📏 串口长度数据已更新: L27.924513 -> physical_length=27.924513
2025-09-02 15:07:00.555 | INFO     | Pendulum.PendulumAPP:_processSerialData:121 - 🔄 数据来源: 串口接收 -> PendulumState.physical_length
2025-09-02 15:07:00.600 | INFO     | Pendulum.PendulumAPP:_processSerialData:120 - 📏 串口长度数据已更新: L27.924513 -> physical_length=27.924513
2025-09-02 15:07:00.602 | INFO     | Pendulum.PendulumAPP:_processSerialData:121 - 🔄 数据来源: 串口接收 -> PendulumState.physical_length
2025-09-02 15:07:00.646 | INFO     | Pendulum.PendulumAPP:_processSerialData:120 - 📏 串口长度数据已更新: L27.924513 -> physical_length=27.924513
2025-09-02 15:07:00.647 | INFO     | Pendulum.PendulumAPP:_processSerialData:121 - 🔄 数据来源: 串口接收 -> PendulumState.physical_length
2025-09-02 15:07:00.693 | INFO     | Pendulum.PendulumAPP:_processSerialData:120 - 📏 串口长度数据已更新: L27.924513 -> physical_length=27.924513
2025-09-02 15:07:00.695 | INFO     | Pendulum.PendulumAPP:_processSerialData:121 - 🔄 数据来源: 串口接收 -> PendulumState.physical_length
2025-09-02 15:07:00.738 | INFO     | Pendulum.PendulumAPP:_processSerialData:120 - 📏 串口长度数据已更新: L27.924513 -> physical_length=27.924513
2025-09-02 15:07:00.739 | INFO     | Pendulum.PendulumAPP:_processSerialData:121 - 🔄 数据来源: 串口接收 -> PendulumState.physical_length
2025-09-02 15:07:00.785 | INFO     | Pendulum.PendulumAPP:_processSerialData:120 - 📏 串口长度数据已更新: L27.924513 -> physical_length=27.924513
2025-09-02 15:07:00.786 | INFO     | Pendulum.PendulumAPP:_processSerialData:121 - 🔄 数据来源: 串口接收 -> PendulumState.physical_length
2025-09-02 15:07:00.831 | INFO     | Pendulum.PendulumAPP:_processSerialData:120 - 📏 串口长度数据已更新: L27.924513 -> physical_length=27.924513
2025-09-02 15:07:00.833 | INFO     | Pendulum.PendulumAPP:_processSerialData:121 - 🔄 数据来源: 串口接收 -> PendulumState.physical_length
2025-09-02 15:07:00.879 | INFO     | Pendulum.PendulumAPP:_processSerialData:120 - 📏 串口长度数据已更新: L27.924513 -> physical_length=27.924513
2025-09-02 15:07:00.880 | INFO     | Pendulum.PendulumAPP:_processSerialData:121 - 🔄 数据来源: 串口接收 -> PendulumState.physical_length
2025-09-02 15:07:00.928 | INFO     | Pendulum.PendulumAPP:_processSerialData:120 - 📏 串口长度数据已更新: L27.924513 -> physical_length=27.924513
2025-09-02 15:07:00.929 | INFO     | Pendulum.PendulumAPP:_processSerialData:121 - 🔄 数据来源: 串口接收 -> PendulumState.physical_length
2025-09-02 15:07:00.971 | INFO     | Pendulum.PendulumAPP:_processSerialData:120 - 📏 串口长度数据已更新: L27.924513 -> physical_length=27.924513
2025-09-02 15:07:00.972 | INFO     | Pendulum.PendulumAPP:_processSerialData:121 - 🔄 数据来源: 串口接收 -> PendulumState.physical_length
2025-09-02 15:07:01.018 | INFO     | Pendulum.PendulumAPP:_processSerialData:120 - 📏 串口长度数据已更新: L27.924513 -> physical_length=27.924513
2025-09-02 15:07:01.019 | INFO     | Pendulum.PendulumAPP:_processSerialData:121 - 🔄 数据来源: 串口接收 -> PendulumState.physical_length
2025-09-02 15:07:01.064 | INFO     | Pendulum.PendulumAPP:_processSerialData:120 - 📏 串口长度数据已更新: L27.924513 -> physical_length=27.924513
2025-09-02 15:07:01.065 | INFO     | Pendulum.PendulumAPP:_processSerialData:121 - 🔄 数据来源: 串口接收 -> PendulumState.physical_length
2025-09-02 15:07:01.111 | INFO     | Pendulum.PendulumAPP:_processSerialData:120 - 📏 串口长度数据已更新: L27.924513 -> physical_length=27.924513
2025-09-02 15:07:01.112 | INFO     | Pendulum.PendulumAPP:_processSerialData:121 - 🔄 数据来源: 串口接收 -> PendulumState.physical_length
2025-09-02 15:07:01.157 | INFO     | Pendulum.PendulumAPP:_processSerialData:120 - 📏 串口长度数据已更新: L27.924513 -> physical_length=27.924513
2025-09-02 15:07:01.158 | INFO     | Pendulum.PendulumAPP:_processSerialData:121 - 🔄 数据来源: 串口接收 -> PendulumState.physical_length
2025-09-02 15:07:01.205 | INFO     | Pendulum.PendulumAPP:_processSerialData:120 - 📏 串口长度数据已更新: L27.924513 -> physical_length=27.924513
2025-09-02 15:07:01.206 | INFO     | Pendulum.PendulumAPP:_processSerialData:121 - 🔄 数据来源: 串口接收 -> PendulumState.physical_length
2025-09-02 15:07:01.252 | INFO     | Pendulum.PendulumAPP:_processSerialData:120 - 📏 串口长度数据已更新: L27.924513 -> physical_length=27.924513
2025-09-02 15:07:01.255 | INFO     | Pendulum.PendulumAPP:_processSerialData:121 - 🔄 数据来源: 串口接收 -> PendulumState.physical_length
2025-09-02 15:07:01.299 | INFO     | Pendulum.PendulumAPP:_processSerialData:120 - 📏 串口长度数据已更新: L27.924513 -> physical_length=27.924513
2025-09-02 15:07:01.300 | INFO     | Pendulum.PendulumAPP:_processSerialData:121 - 🔄 数据来源: 串口接收 -> PendulumState.physical_length
2025-09-02 15:07:01.345 | INFO     | Pendulum.PendulumAPP:_processSerialData:120 - 📏 串口长度数据已更新: L27.924513 -> physical_length=27.924513
2025-09-02 15:07:01.346 | INFO     | Pendulum.PendulumAPP:_processSerialData:121 - 🔄 数据来源: 串口接收 -> PendulumState.physical_length
2025-09-02 15:07:01.391 | INFO     | Pendulum.PendulumAPP:_processSerialData:120 - 📏 串口长度数据已更新: L27.924513 -> physical_length=27.924513
2025-09-02 15:07:01.392 | INFO     | Pendulum.PendulumAPP:_processSerialData:121 - 🔄 数据来源: 串口接收 -> PendulumState.physical_length
2025-09-02 15:07:01.438 | INFO     | Pendulum.PendulumAPP:_processSerialData:120 - 📏 串口长度数据已更新: L27.924513 -> physical_length=27.924513
2025-09-02 15:07:01.439 | INFO     | Pendulum.PendulumAPP:_processSerialData:121 - 🔄 数据来源: 串口接收 -> PendulumState.physical_length
2025-09-02 15:07:01.486 | INFO     | Pendulum.PendulumAPP:_processSerialData:120 - 📏 串口长度数据已更新: L27.924513 -> physical_length=27.924513
2025-09-02 15:07:01.487 | INFO     | Pendulum.PendulumAPP:_processSerialData:121 - 🔄 数据来源: 串口接收 -> PendulumState.physical_length
2025-09-02 15:07:01.532 | INFO     | Pendulum.PendulumAPP:_processSerialData:120 - 📏 串口长度数据已更新: L27.924513 -> physical_length=27.924513
2025-09-02 15:07:01.535 | INFO     | Pendulum.PendulumAPP:_processSerialData:121 - 🔄 数据来源: 串口接收 -> PendulumState.physical_length
2025-09-02 15:07:01.579 | INFO     | Pendulum.PendulumAPP:_processSerialData:120 - 📏 串口长度数据已更新: L27.924513 -> physical_length=27.924513
2025-09-02 15:07:01.582 | INFO     | Pendulum.PendulumAPP:_processSerialData:121 - 🔄 数据来源: 串口接收 -> PendulumState.physical_length
2025-09-02 15:07:01.625 | INFO     | Pendulum.PendulumAPP:_processSerialData:120 - 📏 串口长度数据已更新: L27.924513 -> physical_length=27.924513
2025-09-02 15:07:01.626 | INFO     | Pendulum.PendulumAPP:_processSerialData:121 - 🔄 数据来源: 串口接收 -> PendulumState.physical_length
2025-09-02 15:07:01.671 | INFO     | Pendulum.PendulumAPP:_processSerialData:120 - 📏 串口长度数据已更新: L27.924513 -> physical_length=27.924513
2025-09-02 15:07:01.672 | INFO     | Pendulum.PendulumAPP:_processSerialData:121 - 🔄 数据来源: 串口接收 -> PendulumState.physical_length
2025-09-02 15:07:01.717 | INFO     | Pendulum.PendulumAPP:_processSerialData:120 - 📏 串口长度数据已更新: L27.924513 -> physical_length=27.924513
2025-09-02 15:07:01.718 | INFO     | Pendulum.PendulumAPP:_processSerialData:121 - 🔄 数据来源: 串口接收 -> PendulumState.physical_length
2025-09-02 15:07:01.763 | INFO     | Pendulum.PendulumAPP:_processSerialData:120 - 📏 串口长度数据已更新: L27.924513 -> physical_length=27.924513
2025-09-02 15:07:01.765 | INFO     | Pendulum.PendulumAPP:_processSerialData:121 - 🔄 数据来源: 串口接收 -> PendulumState.physical_length
2025-09-02 15:07:01.809 | INFO     | Pendulum.PendulumAPP:_processSerialData:120 - 📏 串口长度数据已更新: L27.924513 -> physical_length=27.924513
2025-09-02 15:07:01.810 | INFO     | Pendulum.PendulumAPP:_processSerialData:121 - 🔄 数据来源: 串口接收 -> PendulumState.physical_length
2025-09-02 15:07:01.856 | INFO     | Pendulum.PendulumAPP:_processSerialData:120 - 📏 串口长度数据已更新: L27.924513 -> physical_length=27.924513
2025-09-02 15:07:01.857 | INFO     | Pendulum.PendulumAPP:_processSerialData:121 - 🔄 数据来源: 串口接收 -> PendulumState.physical_length
2025-09-02 15:07:01.905 | INFO     | Pendulum.PendulumAPP:_processSerialData:120 - 📏 串口长度数据已更新: L27.924513 -> physical_length=27.924513
2025-09-02 15:07:01.908 | INFO     | Pendulum.PendulumAPP:_processSerialData:121 - 🔄 数据来源: 串口接收 -> PendulumState.physical_length
2025-09-02 15:07:01.949 | INFO     | Pendulum.PendulumAPP:_processSerialData:120 - 📏 串口长度数据已更新: L27.924513 -> physical_length=27.924513
2025-09-02 15:07:01.951 | INFO     | Pendulum.PendulumAPP:_processSerialData:121 - 🔄 数据来源: 串口接收 -> PendulumState.physical_length
2025-09-02 15:07:01.997 | INFO     | Pendulum.PendulumAPP:_processSerialData:120 - 📏 串口长度数据已更新: L27.924513 -> physical_length=27.924513
2025-09-02 15:07:01.998 | INFO     | Pendulum.PendulumAPP:_processSerialData:121 - 🔄 数据来源: 串口接收 -> PendulumState.physical_length
2025-09-02 15:07:02.045 | INFO     | Pendulum.PendulumAPP:_processSerialData:120 - 📏 串口长度数据已更新: L27.924513 -> physical_length=27.924513
2025-09-02 15:07:02.046 | INFO     | Pendulum.PendulumAPP:_processSerialData:121 - 🔄 数据来源: 串口接收 -> PendulumState.physical_length
2025-09-02 15:07:02.091 | INFO     | Pendulum.PendulumAPP:_processSerialData:120 - 📏 串口长度数据已更新: L27.924513 -> physical_length=27.924513
2025-09-02 15:07:02.092 | INFO     | Pendulum.PendulumAPP:_processSerialData:121 - 🔄 数据来源: 串口接收 -> PendulumState.physical_length
2025-09-02 15:07:02.139 | INFO     | Pendulum.PendulumAPP:_processSerialData:120 - 📏 串口长度数据已更新: L27.924513 -> physical_length=27.924513
2025-09-02 15:07:02.141 | INFO     | Pendulum.PendulumAPP:_processSerialData:121 - 🔄 数据来源: 串口接收 -> PendulumState.physical_length
2025-09-02 15:07:02.183 | INFO     | Pendulum.PendulumAPP:_processSerialData:120 - 📏 串口长度数据已更新: L27.924513 -> physical_length=27.924513
2025-09-02 15:07:02.185 | INFO     | Pendulum.PendulumAPP:_processSerialData:121 - 🔄 数据来源: 串口接收 -> PendulumState.physical_length
2025-09-02 15:07:02.229 | INFO     | Pendulum.PendulumAPP:_processSerialData:120 - 📏 串口长度数据已更新: L27.924513 -> physical_length=27.924513
2025-09-02 15:07:02.231 | INFO     | Pendulum.PendulumAPP:_processSerialData:121 - 🔄 数据来源: 串口接收 -> PendulumState.physical_length
2025-09-02 15:07:02.275 | INFO     | Pendulum.PendulumAPP:_processSerialData:120 - 📏 串口长度数据已更新: L27.924513 -> physical_length=27.924513
2025-09-02 15:07:02.276 | INFO     | Pendulum.PendulumAPP:_processSerialData:121 - 🔄 数据来源: 串口接收 -> PendulumState.physical_length
2025-09-02 15:07:02.321 | INFO     | Pendulum.PendulumAPP:_processSerialData:120 - 📏 串口长度数据已更新: L27.924513 -> physical_length=27.924513
2025-09-02 15:07:02.322 | INFO     | Pendulum.PendulumAPP:_processSerialData:121 - 🔄 数据来源: 串口接收 -> PendulumState.physical_length
2025-09-02 15:07:02.368 | INFO     | Pendulum.PendulumAPP:_processSerialData:120 - 📏 串口长度数据已更新: L27.924513 -> physical_length=27.924513
2025-09-02 15:07:02.368 | INFO     | Pendulum.PendulumAPP:_processSerialData:121 - 🔄 数据来源: 串口接收 -> PendulumState.physical_length
2025-09-02 15:07:02.414 | INFO     | Pendulum.PendulumAPP:_processSerialData:120 - 📏 串口长度数据已更新: L27.924513 -> physical_length=27.924513
2025-09-02 15:07:02.418 | INFO     | Pendulum.PendulumAPP:_processSerialData:121 - 🔄 数据来源: 串口接收 -> PendulumState.physical_length
2025-09-02 15:07:02.460 | INFO     | Pendulum.PendulumAPP:_processSerialData:120 - 📏 串口长度数据已更新: L27.924513 -> physical_length=27.924513
2025-09-02 15:07:02.461 | INFO     | Pendulum.PendulumAPP:_processSerialData:121 - 🔄 数据来源: 串口接收 -> PendulumState.physical_length
2025-09-02 15:07:02.511 | INFO     | Pendulum.PendulumAPP:_processSerialData:120 - 📏 串口长度数据已更新: L27.924513 -> physical_length=27.924513
2025-09-02 15:07:02.513 | INFO     | Pendulum.PendulumAPP:_processSerialData:121 - 🔄 数据来源: 串口接收 -> PendulumState.physical_length
2025-09-02 15:07:02.559 | INFO     | Pendulum.PendulumAPP:_processSerialData:120 - 📏 串口长度数据已更新: L27.924513 -> physical_length=27.924513
2025-09-02 15:07:02.561 | INFO     | Pendulum.PendulumAPP:_processSerialData:121 - 🔄 数据来源: 串口接收 -> PendulumState.physical_length
2025-09-02 15:07:02.603 | INFO     | Pendulum.PendulumAPP:_processSerialData:120 - 📏 串口长度数据已更新: L27.924513 -> physical_length=27.924513
2025-09-02 15:07:02.605 | INFO     | Pendulum.PendulumAPP:_processSerialData:121 - 🔄 数据来源: 串口接收 -> PendulumState.physical_length
2025-09-02 15:07:02.650 | INFO     | Pendulum.PendulumAPP:_processSerialData:120 - 📏 串口长度数据已更新: L27.924513 -> physical_length=27.924513
2025-09-02 15:07:02.651 | INFO     | Pendulum.PendulumAPP:_processSerialData:121 - 🔄 数据来源: 串口接收 -> PendulumState.physical_length
2025-09-02 15:07:02.697 | INFO     | Pendulum.PendulumAPP:_processSerialData:120 - 📏 串口长度数据已更新: L27.924513 -> physical_length=27.924513
2025-09-02 15:07:02.699 | INFO     | Pendulum.PendulumAPP:_processSerialData:121 - 🔄 数据来源: 串口接收 -> PendulumState.physical_length
2025-09-02 15:07:02.745 | INFO     | Pendulum.PendulumAPP:_processSerialData:120 - 📏 串口长度数据已更新: L27.924513 -> physical_length=27.924513
2025-09-02 15:07:02.748 | INFO     | Pendulum.PendulumAPP:_processSerialData:121 - 🔄 数据来源: 串口接收 -> PendulumState.physical_length
2025-09-02 15:07:02.792 | INFO     | Pendulum.PendulumAPP:_processSerialData:120 - 📏 串口长度数据已更新: L27.924513 -> physical_length=27.924513
2025-09-02 15:07:02.794 | INFO     | Pendulum.PendulumAPP:_processSerialData:121 - 🔄 数据来源: 串口接收 -> PendulumState.physical_length
2025-09-02 15:07:02.839 | INFO     | Pendulum.PendulumAPP:_processSerialData:120 - 📏 串口长度数据已更新: L27.924513 -> physical_length=27.924513
2025-09-02 15:07:02.840 | INFO     | Pendulum.PendulumAPP:_processSerialData:121 - 🔄 数据来源: 串口接收 -> PendulumState.physical_length
2025-09-02 15:07:02.885 | INFO     | Pendulum.PendulumAPP:_processSerialData:120 - 📏 串口长度数据已更新: L27.924513 -> physical_length=27.924513
2025-09-02 15:07:02.886 | INFO     | Pendulum.PendulumAPP:_processSerialData:121 - 🔄 数据来源: 串口接收 -> PendulumState.physical_length
2025-09-02 15:07:02.931 | INFO     | Pendulum.PendulumAPP:_processSerialData:120 - 📏 串口长度数据已更新: L27.924513 -> physical_length=27.924513
2025-09-02 15:07:02.931 | INFO     | Pendulum.PendulumAPP:_processSerialData:121 - 🔄 数据来源: 串口接收 -> PendulumState.physical_length
2025-09-02 15:07:02.977 | INFO     | Pendulum.PendulumAPP:_processSerialData:120 - 📏 串口长度数据已更新: L27.924513 -> physical_length=27.924513
2025-09-02 15:07:02.978 | INFO     | Pendulum.PendulumAPP:_processSerialData:121 - 🔄 数据来源: 串口接收 -> PendulumState.physical_length
2025-09-02 15:07:03.024 | INFO     | Pendulum.PendulumAPP:_processSerialData:120 - 📏 串口长度数据已更新: L27.924513 -> physical_length=27.924513
2025-09-02 15:07:03.026 | INFO     | Pendulum.PendulumAPP:_processSerialData:121 - 🔄 数据来源: 串口接收 -> PendulumState.physical_length
2025-09-02 15:07:03.071 | INFO     | Pendulum.PendulumAPP:_processSerialData:120 - 📏 串口长度数据已更新: L27.924513 -> physical_length=27.924513
2025-09-02 15:07:03.074 | INFO     | Pendulum.PendulumAPP:_processSerialData:121 - 🔄 数据来源: 串口接收 -> PendulumState.physical_length
2025-09-02 15:07:03.120 | INFO     | Pendulum.PendulumAPP:_processSerialData:120 - 📏 串口长度数据已更新: L27.924513 -> physical_length=27.924513
2025-09-02 15:07:03.122 | INFO     | Pendulum.PendulumAPP:_processSerialData:121 - 🔄 数据来源: 串口接收 -> PendulumState.physical_length
2025-09-02 15:07:03.164 | INFO     | Pendulum.PendulumAPP:_processSerialData:120 - 📏 串口长度数据已更新: L27.924513 -> physical_length=27.924513
2025-09-02 15:07:03.166 | INFO     | Pendulum.PendulumAPP:_processSerialData:121 - 🔄 数据来源: 串口接收 -> PendulumState.physical_length
2025-09-02 15:07:03.212 | INFO     | Pendulum.PendulumAPP:_processSerialData:120 - 📏 串口长度数据已更新: L27.924513 -> physical_length=27.924513
2025-09-02 15:07:03.213 | INFO     | Pendulum.PendulumAPP:_processSerialData:121 - 🔄 数据来源: 串口接收 -> PendulumState.physical_length
2025-09-02 15:07:03.256 | INFO     | Pendulum.PendulumAPP:_processSerialData:120 - 📏 串口长度数据已更新: L27.924513 -> physical_length=27.924513
2025-09-02 15:07:03.258 | INFO     | Pendulum.PendulumAPP:_processSerialData:121 - 🔄 数据来源: 串口接收 -> PendulumState.physical_length
2025-09-02 15:07:03.301 | INFO     | Pendulum.PendulumAPP:_processSerialData:120 - 📏 串口长度数据已更新: L27.924513 -> physical_length=27.924513
2025-09-02 15:07:03.302 | INFO     | Pendulum.PendulumAPP:_processSerialData:121 - 🔄 数据来源: 串口接收 -> PendulumState.physical_length
2025-09-02 15:07:03.347 | INFO     | Pendulum.PendulumAPP:_processSerialData:120 - 📏 串口长度数据已更新: L27.924513 -> physical_length=27.924513
2025-09-02 15:07:03.347 | INFO     | Pendulum.PendulumAPP:_processSerialData:121 - 🔄 数据来源: 串口接收 -> PendulumState.physical_length
2025-09-02 15:07:03.393 | INFO     | Pendulum.PendulumAPP:_processSerialData:120 - 📏 串口长度数据已更新: L27.924513 -> physical_length=27.924513
2025-09-02 15:07:03.394 | INFO     | Pendulum.PendulumAPP:_processSerialData:121 - 🔄 数据来源: 串口接收 -> PendulumState.physical_length
2025-09-02 15:07:03.439 | INFO     | Pendulum.PendulumAPP:_processSerialData:120 - 📏 串口长度数据已更新: L27.924513 -> physical_length=27.924513
2025-09-02 15:07:03.440 | INFO     | Pendulum.PendulumAPP:_processSerialData:121 - 🔄 数据来源: 串口接收 -> PendulumState.physical_length
2025-09-02 15:07:03.486 | INFO     | Pendulum.PendulumAPP:_processSerialData:120 - 📏 串口长度数据已更新: L27.924513 -> physical_length=27.924513
2025-09-02 15:07:03.487 | INFO     | Pendulum.PendulumAPP:_processSerialData:121 - 🔄 数据来源: 串口接收 -> PendulumState.physical_length
2025-09-02 15:07:03.533 | INFO     | Pendulum.PendulumAPP:_processSerialData:120 - 📏 串口长度数据已更新: L27.924513 -> physical_length=27.924513
2025-09-02 15:07:03.536 | INFO     | Pendulum.PendulumAPP:_processSerialData:121 - 🔄 数据来源: 串口接收 -> PendulumState.physical_length
2025-09-02 15:07:03.580 | INFO     | Pendulum.PendulumAPP:_processSerialData:120 - 📏 串口长度数据已更新: L27.924513 -> physical_length=27.924513
2025-09-02 15:07:03.583 | INFO     | Pendulum.PendulumAPP:_processSerialData:121 - 🔄 数据来源: 串口接收 -> PendulumState.physical_length
2025-09-02 15:07:03.626 | INFO     | Pendulum.PendulumAPP:_processSerialData:120 - 📏 串口长度数据已更新: L27.924513 -> physical_length=27.924513
2025-09-02 15:07:03.628 | INFO     | Pendulum.PendulumAPP:_processSerialData:121 - 🔄 数据来源: 串口接收 -> PendulumState.physical_length
2025-09-02 15:07:03.673 | INFO     | Pendulum.PendulumAPP:_processSerialData:120 - 📏 串口长度数据已更新: L27.924513 -> physical_length=27.924513
2025-09-02 15:07:03.675 | INFO     | Pendulum.PendulumAPP:_processSerialData:121 - 🔄 数据来源: 串口接收 -> PendulumState.physical_length
2025-09-02 15:07:03.719 | INFO     | Pendulum.PendulumAPP:_processSerialData:120 - 📏 串口长度数据已更新: L27.924513 -> physical_length=27.924513
2025-09-02 15:07:03.720 | INFO     | Pendulum.PendulumAPP:_processSerialData:121 - 🔄 数据来源: 串口接收 -> PendulumState.physical_length
2025-09-02 15:07:03.766 | INFO     | Pendulum.PendulumAPP:_processSerialData:120 - 📏 串口长度数据已更新: L27.924513 -> physical_length=27.924513
2025-09-02 15:07:03.767 | INFO     | Pendulum.PendulumAPP:_processSerialData:121 - 🔄 数据来源: 串口接收 -> PendulumState.physical_length
2025-09-02 15:07:03.813 | INFO     | Pendulum.PendulumAPP:_processSerialData:120 - 📏 串口长度数据已更新: L27.924513 -> physical_length=27.924513
2025-09-02 15:07:03.814 | INFO     | Pendulum.PendulumAPP:_processSerialData:121 - 🔄 数据来源: 串口接收 -> PendulumState.physical_length
2025-09-02 15:07:03.860 | INFO     | Pendulum.PendulumAPP:_processSerialData:120 - 📏 串口长度数据已更新: L27.924513 -> physical_length=27.924513
2025-09-02 15:07:03.861 | INFO     | Pendulum.PendulumAPP:_processSerialData:121 - 🔄 数据来源: 串口接收 -> PendulumState.physical_length
2025-09-02 15:07:03.906 | INFO     | Pendulum.PendulumAPP:_processSerialData:120 - 📏 串口长度数据已更新: L27.924513 -> physical_length=27.924513
2025-09-02 15:07:03.906 | INFO     | Pendulum.PendulumAPP:_processSerialData:121 - 🔄 数据来源: 串口接收 -> PendulumState.physical_length
2025-09-02 15:07:03.952 | INFO     | Pendulum.PendulumAPP:_processSerialData:120 - 📏 串口长度数据已更新: L27.924513 -> physical_length=27.924513
2025-09-02 15:07:03.953 | INFO     | Pendulum.PendulumAPP:_processSerialData:121 - 🔄 数据来源: 串口接收 -> PendulumState.physical_length
2025-09-02 15:07:03.999 | INFO     | Pendulum.PendulumAPP:_processSerialData:120 - 📏 串口长度数据已更新: L27.924513 -> physical_length=27.924513
2025-09-02 15:07:04.001 | INFO     | Pendulum.PendulumAPP:_processSerialData:121 - 🔄 数据来源: 串口接收 -> PendulumState.physical_length
2025-09-02 15:07:04.044 | INFO     | Pendulum.PendulumAPP:_processSerialData:120 - 📏 串口长度数据已更新: L27.924513 -> physical_length=27.924513
2025-09-02 15:07:04.044 | INFO     | Pendulum.PendulumAPP:_processSerialData:121 - 🔄 数据来源: 串口接收 -> PendulumState.physical_length
2025-09-02 15:07:04.089 | INFO     | Pendulum.PendulumAPP:_processSerialData:120 - 📏 串口长度数据已更新: L27.924513 -> physical_length=27.924513
2025-09-02 15:07:04.090 | INFO     | Pendulum.PendulumAPP:_processSerialData:121 - 🔄 数据来源: 串口接收 -> PendulumState.physical_length
2025-09-02 15:07:04.136 | INFO     | Pendulum.PendulumAPP:_processSerialData:120 - 📏 串口长度数据已更新: L27.924513 -> physical_length=27.924513
2025-09-02 15:07:04.137 | INFO     | Pendulum.PendulumAPP:_processSerialData:121 - 🔄 数据来源: 串口接收 -> PendulumState.physical_length
2025-09-02 15:07:04.182 | INFO     | Pendulum.PendulumAPP:_processSerialData:120 - 📏 串口长度数据已更新: L27.924513 -> physical_length=27.924513
2025-09-02 15:07:04.183 | INFO     | Pendulum.PendulumAPP:_processSerialData:121 - 🔄 数据来源: 串口接收 -> PendulumState.physical_length
2025-09-02 15:07:04.229 | INFO     | Pendulum.PendulumAPP:_processSerialData:120 - 📏 串口长度数据已更新: L27.924513 -> physical_length=27.924513
2025-09-02 15:07:04.232 | INFO     | Pendulum.PendulumAPP:_processSerialData:121 - 🔄 数据来源: 串口接收 -> PendulumState.physical_length
2025-09-02 15:07:04.275 | INFO     | Pendulum.PendulumAPP:_processSerialData:120 - 📏 串口长度数据已更新: L27.924513 -> physical_length=27.924513
2025-09-02 15:07:04.276 | INFO     | Pendulum.PendulumAPP:_processSerialData:121 - 🔄 数据来源: 串口接收 -> PendulumState.physical_length
2025-09-02 15:07:04.323 | INFO     | Pendulum.PendulumAPP:_processSerialData:120 - 📏 串口长度数据已更新: L27.924513 -> physical_length=27.924513
2025-09-02 15:07:04.324 | INFO     | Pendulum.PendulumAPP:_processSerialData:121 - 🔄 数据来源: 串口接收 -> PendulumState.physical_length
2025-09-02 15:07:04.367 | INFO     | Pendulum.PendulumAPP:_processSerialData:120 - 📏 串口长度数据已更新: L27.924513 -> physical_length=27.924513
2025-09-02 15:07:04.369 | INFO     | Pendulum.PendulumAPP:_processSerialData:121 - 🔄 数据来源: 串口接收 -> PendulumState.physical_length
2025-09-02 15:07:04.413 | INFO     | Pendulum.PendulumAPP:_processSerialData:120 - 📏 串口长度数据已更新: L27.924513 -> physical_length=27.924513
2025-09-02 15:07:04.415 | INFO     | Pendulum.PendulumAPP:_processSerialData:121 - 🔄 数据来源: 串口接收 -> PendulumState.physical_length
2025-09-02 15:07:04.458 | INFO     | Pendulum.PendulumAPP:_processSerialData:120 - 📏 串口长度数据已更新: L27.924513 -> physical_length=27.924513
2025-09-02 15:07:04.459 | INFO     | Pendulum.PendulumAPP:_processSerialData:121 - 🔄 数据来源: 串口接收 -> PendulumState.physical_length
2025-09-02 15:07:04.505 | INFO     | Pendulum.PendulumAPP:_processSerialData:120 - 📏 串口长度数据已更新: L27.924513 -> physical_length=27.924513
2025-09-02 15:07:04.506 | INFO     | Pendulum.PendulumAPP:_processSerialData:121 - 🔄 数据来源: 串口接收 -> PendulumState.physical_length
2025-09-02 15:07:04.553 | INFO     | Pendulum.PendulumAPP:_processSerialData:120 - 📏 串口长度数据已更新: L27.924513 -> physical_length=27.924513
2025-09-02 15:07:04.554 | INFO     | Pendulum.PendulumAPP:_processSerialData:121 - 🔄 数据来源: 串口接收 -> PendulumState.physical_length
2025-09-02 15:07:04.599 | INFO     | Pendulum.PendulumAPP:_processSerialData:120 - 📏 串口长度数据已更新: L27.924513 -> physical_length=27.924513
2025-09-02 15:07:04.602 | INFO     | Pendulum.PendulumAPP:_processSerialData:121 - 🔄 数据来源: 串口接收 -> PendulumState.physical_length
2025-09-02 15:07:04.646 | INFO     | Pendulum.PendulumAPP:_processSerialData:120 - 📏 串口长度数据已更新: L27.924513 -> physical_length=27.924513
2025-09-02 15:07:04.646 | INFO     | Pendulum.PendulumAPP:_processSerialData:121 - 🔄 数据来源: 串口接收 -> PendulumState.physical_length
2025-09-02 15:07:04.692 | INFO     | Pendulum.PendulumAPP:_processSerialData:120 - 📏 串口长度数据已更新: L27.924513 -> physical_length=27.924513
2025-09-02 15:07:04.693 | INFO     | Pendulum.PendulumAPP:_processSerialData:121 - 🔄 数据来源: 串口接收 -> PendulumState.physical_length
2025-09-02 15:07:04.737 | INFO     | Pendulum.PendulumAPP:_processSerialData:120 - 📏 串口长度数据已更新: L27.924513 -> physical_length=27.924513
2025-09-02 15:07:04.738 | INFO     | Pendulum.PendulumAPP:_processSerialData:121 - 🔄 数据来源: 串口接收 -> PendulumState.physical_length
2025-09-02 15:07:04.785 | INFO     | Pendulum.PendulumAPP:_processSerialData:120 - 📏 串口长度数据已更新: L27.924513 -> physical_length=27.924513
2025-09-02 15:07:04.786 | INFO     | Pendulum.PendulumAPP:_processSerialData:121 - 🔄 数据来源: 串口接收 -> PendulumState.physical_length
2025-09-02 15:07:04.831 | INFO     | Pendulum.PendulumAPP:_processSerialData:120 - 📏 串口长度数据已更新: L27.924513 -> physical_length=27.924513
2025-09-02 15:07:04.832 | INFO     | Pendulum.PendulumAPP:_processSerialData:121 - 🔄 数据来源: 串口接收 -> PendulumState.physical_length
2025-09-02 15:07:04.877 | INFO     | Pendulum.PendulumAPP:_processSerialData:120 - 📏 串口长度数据已更新: L27.924513 -> physical_length=27.924513
2025-09-02 15:07:04.879 | INFO     | Pendulum.PendulumAPP:_processSerialData:121 - 🔄 数据来源: 串口接收 -> PendulumState.physical_length
2025-09-02 15:07:04.930 | INFO     | Pendulum.PendulumCore:cleanRef:487 - 已删除摆轴固定点、参考角度、参考向量和自动检测摆轴
2025-09-02 15:07:04.931 | INFO     | Pendulum.PendulumAPP:_keyEventWeb:236 - 已删除摆轴固定点和参考角度
2025-09-02 15:07:04.933 | INFO     | Pendulum.PendulumCore:cleanRef:487 - 已删除摆轴固定点、参考角度、参考向量和自动检测摆轴
2025-09-02 15:07:04.933 | INFO     | Pendulum.PendulumAPP:_keyEventWeb:236 - 已删除摆轴固定点和参考角度
2025-09-02 15:07:04.938 | INFO     | Pendulum.PendulumAPP:_processSerialData:120 - 📏 串口长度数据已更新: L27.924513 -> physical_length=27.924513
2025-09-02 15:07:04.940 | INFO     | Pendulum.PendulumAPP:_processSerialData:121 - 🔄 数据来源: 串口接收 -> PendulumState.physical_length
2025-09-02 15:07:05.000 | INFO     | Pendulum.PendulumAPP:_processSerialData:120 - 📏 串口长度数据已更新: L27.924513 -> physical_length=27.924513
2025-09-02 15:07:05.003 | INFO     | Pendulum.PendulumAPP:_processSerialData:121 - 🔄 数据来源: 串口接收 -> PendulumState.physical_length
2025-09-02 15:07:05.061 | INFO     | Pendulum.PendulumAPP:_processSerialData:120 - 📏 串口长度数据已更新: L27.924513 -> physical_length=27.924513
2025-09-02 15:07:05.063 | INFO     | Pendulum.PendulumAPP:_processSerialData:121 - 🔄 数据来源: 串口接收 -> PendulumState.physical_length
2025-09-02 15:07:05.108 | INFO     | Pendulum.PendulumAPP:_processSerialData:120 - 📏 串口长度数据已更新: L27.924513 -> physical_length=27.924513
2025-09-02 15:07:05.109 | INFO     | Pendulum.PendulumAPP:_processSerialData:121 - 🔄 数据来源: 串口接收 -> PendulumState.physical_length
2025-09-02 15:07:05.169 | INFO     | Pendulum.PendulumAPP:_processSerialData:120 - 📏 串口长度数据已更新: L27.924513 -> physical_length=27.924513
2025-09-02 15:07:05.171 | INFO     | Pendulum.PendulumAPP:_processSerialData:121 - 🔄 数据来源: 串口接收 -> PendulumState.physical_length
2025-09-02 15:07:05.202 | INFO     | Pendulum.PendulumCore:autoDetectPivot:446 - 自动检测并设置摆轴: (325, 0), 置信度: 45.779
2025-09-02 15:07:05.231 | INFO     | Pendulum.PendulumAPP:_processSerialData:120 - 📏 串口长度数据已更新: L27.924513 -> physical_length=27.924513
2025-09-02 15:07:05.232 | INFO     | Pendulum.PendulumAPP:_processSerialData:121 - 🔄 数据来源: 串口接收 -> PendulumState.physical_length
2025-09-02 15:07:05.276 | INFO     | Pendulum.PendulumAPP:_processSerialData:120 - 📏 串口长度数据已更新: L27.924513 -> physical_length=27.924513
2025-09-02 15:07:05.278 | INFO     | Pendulum.PendulumAPP:_processSerialData:121 - 🔄 数据来源: 串口接收 -> PendulumState.physical_length
2025-09-02 15:07:05.324 | INFO     | Pendulum.PendulumAPP:_processSerialData:120 - 📏 串口长度数据已更新: L27.924513 -> physical_length=27.924513
2025-09-02 15:07:05.326 | INFO     | Pendulum.PendulumAPP:_processSerialData:121 - 🔄 数据来源: 串口接收 -> PendulumState.physical_length
2025-09-02 15:07:05.369 | INFO     | Pendulum.PendulumAPP:_processSerialData:120 - 📏 串口长度数据已更新: L27.924513 -> physical_length=27.924513
2025-09-02 15:07:05.369 | INFO     | Pendulum.PendulumAPP:_processSerialData:121 - 🔄 数据来源: 串口接收 -> PendulumState.physical_length
2025-09-02 15:07:05.416 | INFO     | Pendulum.PendulumAPP:_processSerialData:120 - 📏 串口长度数据已更新: L27.924513 -> physical_length=27.924513
2025-09-02 15:07:05.419 | INFO     | Pendulum.PendulumAPP:_processSerialData:121 - 🔄 数据来源: 串口接收 -> PendulumState.physical_length
2025-09-02 15:07:05.463 | INFO     | Pendulum.PendulumAPP:_processSerialData:120 - 📏 串口长度数据已更新: L27.924513 -> physical_length=27.924513
2025-09-02 15:07:05.466 | INFO     | Pendulum.PendulumAPP:_processSerialData:121 - 🔄 数据来源: 串口接收 -> PendulumState.physical_length
2025-09-02 15:07:05.510 | INFO     | Pendulum.PendulumAPP:_processSerialData:120 - 📏 串口长度数据已更新: L27.924513 -> physical_length=27.924513
2025-09-02 15:07:05.512 | INFO     | Pendulum.PendulumAPP:_processSerialData:121 - 🔄 数据来源: 串口接收 -> PendulumState.physical_length
2025-09-02 15:07:05.556 | INFO     | Pendulum.PendulumAPP:_processSerialData:120 - 📏 串口长度数据已更新: L27.924513 -> physical_length=27.924513
2025-09-02 15:07:05.557 | INFO     | Pendulum.PendulumAPP:_processSerialData:121 - 🔄 数据来源: 串口接收 -> PendulumState.physical_length
2025-09-02 15:07:05.603 | INFO     | Pendulum.PendulumAPP:_processSerialData:120 - 📏 串口长度数据已更新: L27.924513 -> physical_length=27.924513
2025-09-02 15:07:05.604 | INFO     | Pendulum.PendulumAPP:_processSerialData:121 - 🔄 数据来源: 串口接收 -> PendulumState.physical_length
2025-09-02 15:07:05.648 | INFO     | Pendulum.PendulumAPP:_processSerialData:120 - 📏 串口长度数据已更新: L27.924513 -> physical_length=27.924513
2025-09-02 15:07:05.650 | INFO     | Pendulum.PendulumAPP:_processSerialData:121 - 🔄 数据来源: 串口接收 -> PendulumState.physical_length
2025-09-02 15:07:05.696 | INFO     | Pendulum.PendulumAPP:_processSerialData:120 - 📏 串口长度数据已更新: L27.924513 -> physical_length=27.924513
2025-09-02 15:07:05.696 | INFO     | Pendulum.PendulumAPP:_processSerialData:121 - 🔄 数据来源: 串口接收 -> PendulumState.physical_length
2025-09-02 15:07:05.743 | INFO     | Pendulum.PendulumAPP:_processSerialData:120 - 📏 串口长度数据已更新: L27.924513 -> physical_length=27.924513
2025-09-02 15:07:05.743 | INFO     | Pendulum.PendulumAPP:_processSerialData:121 - 🔄 数据来源: 串口接收 -> PendulumState.physical_length
2025-09-02 15:07:05.787 | INFO     | Pendulum.PendulumAPP:_processSerialData:120 - 📏 串口长度数据已更新: L27.924513 -> physical_length=27.924513
2025-09-02 15:07:05.787 | INFO     | Pendulum.PendulumAPP:_processSerialData:121 - 🔄 数据来源: 串口接收 -> PendulumState.physical_length
2025-09-02 15:07:05.833 | INFO     | Pendulum.PendulumAPP:_processSerialData:120 - 📏 串口长度数据已更新: L27.924513 -> physical_length=27.924513
2025-09-02 15:07:05.835 | INFO     | Pendulum.PendulumAPP:_processSerialData:121 - 🔄 数据来源: 串口接收 -> PendulumState.physical_length
2025-09-02 15:07:05.880 | INFO     | Pendulum.PendulumAPP:_processSerialData:120 - 📏 串口长度数据已更新: L27.924513 -> physical_length=27.924513
2025-09-02 15:07:05.884 | INFO     | Pendulum.PendulumAPP:_processSerialData:121 - 🔄 数据来源: 串口接收 -> PendulumState.physical_length
2025-09-02 15:07:05.926 | INFO     | Pendulum.PendulumAPP:_processSerialData:120 - 📏 串口长度数据已更新: L27.924513 -> physical_length=27.924513
2025-09-02 15:07:05.926 | INFO     | Pendulum.PendulumAPP:_processSerialData:121 - 🔄 数据来源: 串口接收 -> PendulumState.physical_length
2025-09-02 15:07:05.971 | INFO     | Pendulum.PendulumAPP:_processSerialData:120 - 📏 串口长度数据已更新: L27.924513 -> physical_length=27.924513
2025-09-02 15:07:05.972 | INFO     | Pendulum.PendulumAPP:_processSerialData:121 - 🔄 数据来源: 串口接收 -> PendulumState.physical_length
2025-09-02 15:07:06.018 | INFO     | Pendulum.PendulumAPP:_processSerialData:120 - 📏 串口长度数据已更新: L27.924513 -> physical_length=27.924513
2025-09-02 15:07:06.019 | INFO     | Pendulum.PendulumAPP:_processSerialData:121 - 🔄 数据来源: 串口接收 -> PendulumState.physical_length
2025-09-02 15:07:06.064 | INFO     | Pendulum.PendulumAPP:_processSerialData:120 - 📏 串口长度数据已更新: L27.924513 -> physical_length=27.924513
2025-09-02 15:07:06.065 | INFO     | Pendulum.PendulumAPP:_processSerialData:121 - 🔄 数据来源: 串口接收 -> PendulumState.physical_length
2025-09-02 15:07:06.111 | INFO     | Pendulum.PendulumAPP:_processSerialData:120 - 📏 串口长度数据已更新: L27.924513 -> physical_length=27.924513
2025-09-02 15:07:06.114 | INFO     | Pendulum.PendulumAPP:_processSerialData:121 - 🔄 数据来源: 串口接收 -> PendulumState.physical_length
2025-09-02 15:07:06.158 | INFO     | Pendulum.PendulumAPP:_processSerialData:120 - 📏 串口长度数据已更新: L27.924513 -> physical_length=27.924513
2025-09-02 15:07:06.159 | INFO     | Pendulum.PendulumAPP:_processSerialData:121 - 🔄 数据来源: 串口接收 -> PendulumState.physical_length
2025-09-02 15:07:06.204 | INFO     | Pendulum.PendulumAPP:_processSerialData:120 - 📏 串口长度数据已更新: L27.924513 -> physical_length=27.924513
2025-09-02 15:07:06.206 | INFO     | Pendulum.PendulumAPP:_processSerialData:121 - 🔄 数据来源: 串口接收 -> PendulumState.physical_length
2025-09-02 15:07:06.251 | INFO     | Pendulum.PendulumAPP:_processSerialData:120 - 📏 串口长度数据已更新: L27.924513 -> physical_length=27.924513
2025-09-02 15:07:06.252 | INFO     | Pendulum.PendulumAPP:_processSerialData:121 - 🔄 数据来源: 串口接收 -> PendulumState.physical_length
2025-09-02 15:07:06.297 | INFO     | Pendulum.PendulumAPP:_processSerialData:120 - 📏 串口长度数据已更新: L27.924513 -> physical_length=27.924513
2025-09-02 15:07:06.300 | INFO     | Pendulum.PendulumAPP:_processSerialData:121 - 🔄 数据来源: 串口接收 -> PendulumState.physical_length
2025-09-02 15:07:06.344 | INFO     | Pendulum.PendulumAPP:_processSerialData:120 - 📏 串口长度数据已更新: L27.924513 -> physical_length=27.924513
2025-09-02 15:07:06.345 | INFO     | Pendulum.PendulumAPP:_processSerialData:121 - 🔄 数据来源: 串口接收 -> PendulumState.physical_length
2025-09-02 15:07:06.390 | INFO     | Pendulum.PendulumAPP:_processSerialData:120 - 📏 串口长度数据已更新: L27.924513 -> physical_length=27.924513
2025-09-02 15:07:06.391 | INFO     | Pendulum.PendulumAPP:_processSerialData:121 - 🔄 数据来源: 串口接收 -> PendulumState.physical_length
2025-09-02 15:07:06.437 | INFO     | Pendulum.PendulumAPP:_processSerialData:120 - 📏 串口长度数据已更新: L27.924513 -> physical_length=27.924513
2025-09-02 15:07:06.437 | INFO     | Pendulum.PendulumAPP:_processSerialData:121 - 🔄 数据来源: 串口接收 -> PendulumState.physical_length
2025-09-02 15:07:06.484 | INFO     | Pendulum.PendulumAPP:_processSerialData:120 - 📏 串口长度数据已更新: L27.924513 -> physical_length=27.924513
2025-09-02 15:07:06.485 | INFO     | Pendulum.PendulumAPP:_processSerialData:121 - 🔄 数据来源: 串口接收 -> PendulumState.physical_length
2025-09-02 15:07:06.531 | INFO     | Pendulum.PendulumAPP:_processSerialData:120 - 📏 串口长度数据已更新: L27.924513 -> physical_length=27.924513
2025-09-02 15:07:06.532 | INFO     | Pendulum.PendulumAPP:_processSerialData:121 - 🔄 数据来源: 串口接收 -> PendulumState.physical_length
2025-09-02 15:07:06.578 | INFO     | Pendulum.PendulumAPP:_processSerialData:120 - 📏 串口长度数据已更新: L27.924513 -> physical_length=27.924513
2025-09-02 15:07:06.579 | INFO     | Pendulum.PendulumAPP:_processSerialData:121 - 🔄 数据来源: 串口接收 -> PendulumState.physical_length
2025-09-02 15:07:06.627 | INFO     | Pendulum.PendulumAPP:_processSerialData:120 - 📏 串口长度数据已更新: L27.924513 -> physical_length=27.924513
2025-09-02 15:07:06.628 | INFO     | Pendulum.PendulumAPP:_processSerialData:121 - 🔄 数据来源: 串口接收 -> PendulumState.physical_length
2025-09-02 15:07:06.672 | INFO     | Pendulum.PendulumAPP:_processSerialData:120 - 📏 串口长度数据已更新: L27.924513 -> physical_length=27.924513
2025-09-02 15:07:06.673 | INFO     | Pendulum.PendulumAPP:_processSerialData:121 - 🔄 数据来源: 串口接收 -> PendulumState.physical_length
2025-09-02 15:07:06.718 | INFO     | Pendulum.PendulumAPP:_processSerialData:120 - 📏 串口长度数据已更新: L27.924513 -> physical_length=27.924513
2025-09-02 15:07:06.720 | INFO     | Pendulum.PendulumAPP:_processSerialData:121 - 🔄 数据来源: 串口接收 -> PendulumState.physical_length
2025-09-02 15:07:06.766 | INFO     | Pendulum.PendulumAPP:_processSerialData:120 - 📏 串口长度数据已更新: L27.924513 -> physical_length=27.924513
2025-09-02 15:07:06.767 | INFO     | Pendulum.PendulumAPP:_processSerialData:121 - 🔄 数据来源: 串口接收 -> PendulumState.physical_length
2025-09-02 15:07:06.811 | INFO     | Pendulum.PendulumAPP:_processSerialData:120 - 📏 串口长度数据已更新: L27.924513 -> physical_length=27.924513
2025-09-02 15:07:06.815 | INFO     | Pendulum.PendulumAPP:_processSerialData:121 - 🔄 数据来源: 串口接收 -> PendulumState.physical_length
2025-09-02 15:07:06.859 | INFO     | Pendulum.PendulumAPP:_processSerialData:120 - 📏 串口长度数据已更新: L27.924513 -> physical_length=27.924513
2025-09-02 15:07:06.861 | INFO     | Pendulum.PendulumAPP:_processSerialData:121 - 🔄 数据来源: 串口接收 -> PendulumState.physical_length
2025-09-02 15:07:06.905 | INFO     | Pendulum.PendulumAPP:_processSerialData:120 - 📏 串口长度数据已更新: L27.924513 -> physical_length=27.924513
2025-09-02 15:07:06.906 | INFO     | Pendulum.PendulumAPP:_processSerialData:121 - 🔄 数据来源: 串口接收 -> PendulumState.physical_length
2025-09-02 15:07:06.952 | INFO     | Pendulum.PendulumAPP:_processSerialData:120 - 📏 串口长度数据已更新: L27.924513 -> physical_length=27.924513
2025-09-02 15:07:06.954 | INFO     | Pendulum.PendulumAPP:_processSerialData:121 - 🔄 数据来源: 串口接收 -> PendulumState.physical_length
2025-09-02 15:07:06.998 | INFO     | Pendulum.PendulumAPP:_processSerialData:120 - 📏 串口长度数据已更新: L27.924513 -> physical_length=27.924513
2025-09-02 15:07:06.999 | INFO     | Pendulum.PendulumAPP:_processSerialData:121 - 🔄 数据来源: 串口接收 -> PendulumState.physical_length
2025-09-02 15:07:07.044 | INFO     | Pendulum.PendulumAPP:_processSerialData:120 - 📏 串口长度数据已更新: L27.924513 -> physical_length=27.924513
2025-09-02 15:07:07.044 | INFO     | Pendulum.PendulumAPP:_processSerialData:121 - 🔄 数据来源: 串口接收 -> PendulumState.physical_length
2025-09-02 15:07:07.090 | INFO     | Pendulum.PendulumAPP:_processSerialData:120 - 📏 串口长度数据已更新: L27.924513 -> physical_length=27.924513
2025-09-02 15:07:07.092 | INFO     | Pendulum.PendulumAPP:_processSerialData:121 - 🔄 数据来源: 串口接收 -> PendulumState.physical_length
2025-09-02 15:07:07.139 | INFO     | Pendulum.PendulumAPP:_processSerialData:120 - 📏 串口长度数据已更新: L27.924513 -> physical_length=27.924513
2025-09-02 15:07:07.140 | INFO     | Pendulum.PendulumAPP:_processSerialData:121 - 🔄 数据来源: 串口接收 -> PendulumState.physical_length
2025-09-02 15:07:07.183 | INFO     | Pendulum.PendulumAPP:_processSerialData:120 - 📏 串口长度数据已更新: L27.924513 -> physical_length=27.924513
2025-09-02 15:07:07.185 | INFO     | Pendulum.PendulumAPP:_processSerialData:121 - 🔄 数据来源: 串口接收 -> PendulumState.physical_length
2025-09-02 15:07:07.229 | INFO     | Pendulum.PendulumAPP:_processSerialData:120 - 📏 串口长度数据已更新: L27.924513 -> physical_length=27.924513
2025-09-02 15:07:07.230 | INFO     | Pendulum.PendulumAPP:_processSerialData:121 - 🔄 数据来源: 串口接收 -> PendulumState.physical_length
2025-09-02 15:07:07.275 | INFO     | Pendulum.PendulumAPP:_processSerialData:120 - 📏 串口长度数据已更新: L27.924513 -> physical_length=27.924513
2025-09-02 15:07:07.279 | INFO     | Pendulum.PendulumAPP:_processSerialData:121 - 🔄 数据来源: 串口接收 -> PendulumState.physical_length
2025-09-02 15:07:07.322 | INFO     | Pendulum.PendulumAPP:_processSerialData:120 - 📏 串口长度数据已更新: L27.924513 -> physical_length=27.924513
2025-09-02 15:07:07.325 | INFO     | Pendulum.PendulumAPP:_processSerialData:121 - 🔄 数据来源: 串口接收 -> PendulumState.physical_length
2025-09-02 15:07:07.368 | INFO     | Pendulum.PendulumAPP:_processSerialData:120 - 📏 串口长度数据已更新: L27.924513 -> physical_length=27.924513
2025-09-02 15:07:07.369 | INFO     | Pendulum.PendulumAPP:_processSerialData:121 - 🔄 数据来源: 串口接收 -> PendulumState.physical_length
2025-09-02 15:07:07.415 | INFO     | Pendulum.PendulumAPP:_processSerialData:120 - 📏 串口长度数据已更新: L27.924513 -> physical_length=27.924513
2025-09-02 15:07:07.417 | INFO     | Pendulum.PendulumAPP:_processSerialData:121 - 🔄 数据来源: 串口接收 -> PendulumState.physical_length
2025-09-02 15:07:07.462 | INFO     | Pendulum.PendulumAPP:_processSerialData:120 - 📏 串口长度数据已更新: L27.924513 -> physical_length=27.924513
2025-09-02 15:07:07.462 | INFO     | Pendulum.PendulumAPP:_processSerialData:121 - 🔄 数据来源: 串口接收 -> PendulumState.physical_length
2025-09-02 15:07:07.508 | INFO     | Pendulum.PendulumAPP:_processSerialData:120 - 📏 串口长度数据已更新: L27.924513 -> physical_length=27.924513
2025-09-02 15:07:07.509 | INFO     | Pendulum.PendulumAPP:_processSerialData:121 - 🔄 数据来源: 串口接收 -> PendulumState.physical_length
2025-09-02 15:07:07.555 | INFO     | Pendulum.PendulumAPP:_processSerialData:120 - 📏 串口长度数据已更新: L27.924513 -> physical_length=27.924513
2025-09-02 15:07:07.556 | INFO     | Pendulum.PendulumAPP:_processSerialData:121 - 🔄 数据来源: 串口接收 -> PendulumState.physical_length
2025-09-02 15:07:07.601 | INFO     | Pendulum.PendulumAPP:_processSerialData:120 - 📏 串口长度数据已更新: L27.924513 -> physical_length=27.924513
2025-09-02 15:07:07.602 | INFO     | Pendulum.PendulumAPP:_processSerialData:121 - 🔄 数据来源: 串口接收 -> PendulumState.physical_length
2025-09-02 15:07:07.649 | INFO     | Pendulum.PendulumAPP:_processSerialData:120 - 📏 串口长度数据已更新: L27.924513 -> physical_length=27.924513
2025-09-02 15:07:07.650 | INFO     | Pendulum.PendulumAPP:_processSerialData:121 - 🔄 数据来源: 串口接收 -> PendulumState.physical_length
2025-09-02 15:07:07.696 | INFO     | Pendulum.PendulumAPP:_processSerialData:120 - 📏 串口长度数据已更新: L27.924513 -> physical_length=27.924513
2025-09-02 15:07:07.697 | INFO     | Pendulum.PendulumAPP:_processSerialData:121 - 🔄 数据来源: 串口接收 -> PendulumState.physical_length
2025-09-02 15:07:07.743 | INFO     | Pendulum.PendulumAPP:_processSerialData:120 - 📏 串口长度数据已更新: L27.924513 -> physical_length=27.924513
2025-09-02 15:07:07.745 | INFO     | Pendulum.PendulumAPP:_processSerialData:121 - 🔄 数据来源: 串口接收 -> PendulumState.physical_length
2025-09-02 15:07:07.790 | INFO     | Pendulum.PendulumAPP:_processSerialData:120 - 📏 串口长度数据已更新: L27.924513 -> physical_length=27.924513
2025-09-02 15:07:07.791 | INFO     | Pendulum.PendulumAPP:_processSerialData:121 - 🔄 数据来源: 串口接收 -> PendulumState.physical_length
2025-09-02 15:07:07.837 | INFO     | Pendulum.PendulumAPP:_processSerialData:120 - 📏 串口长度数据已更新: L27.924513 -> physical_length=27.924513
2025-09-02 15:07:07.838 | INFO     | Pendulum.PendulumAPP:_processSerialData:121 - 🔄 数据来源: 串口接收 -> PendulumState.physical_length
2025-09-02 15:07:07.884 | INFO     | Pendulum.PendulumAPP:_processSerialData:120 - 📏 串口长度数据已更新: L27.924513 -> physical_length=27.924513
2025-09-02 15:07:07.888 | INFO     | Pendulum.PendulumAPP:_processSerialData:121 - 🔄 数据来源: 串口接收 -> PendulumState.physical_length
2025-09-02 15:07:07.932 | INFO     | Pendulum.PendulumAPP:_processSerialData:120 - 📏 串口长度数据已更新: L27.924513 -> physical_length=27.924513
2025-09-02 15:07:07.935 | INFO     | Pendulum.PendulumAPP:_processSerialData:121 - 🔄 数据来源: 串口接收 -> PendulumState.physical_length
2025-09-02 15:07:07.978 | INFO     | Pendulum.PendulumAPP:_processSerialData:120 - 📏 串口长度数据已更新: L27.924513 -> physical_length=27.924513
2025-09-02 15:07:07.979 | INFO     | Pendulum.PendulumAPP:_processSerialData:121 - 🔄 数据来源: 串口接收 -> PendulumState.physical_length
2025-09-02 15:07:08.025 | INFO     | Pendulum.PendulumAPP:_processSerialData:120 - 📏 串口长度数据已更新: L27.924513 -> physical_length=27.924513
2025-09-02 15:07:08.026 | INFO     | Pendulum.PendulumAPP:_processSerialData:121 - 🔄 数据来源: 串口接收 -> PendulumState.physical_length
2025-09-02 15:07:08.071 | INFO     | Pendulum.PendulumAPP:_processSerialData:120 - 📏 串口长度数据已更新: L27.924513 -> physical_length=27.924513
2025-09-02 15:07:08.071 | INFO     | Pendulum.PendulumAPP:_processSerialData:121 - 🔄 数据来源: 串口接收 -> PendulumState.physical_length
2025-09-02 15:07:08.117 | INFO     | Pendulum.PendulumAPP:_processSerialData:120 - 📏 串口长度数据已更新: L27.924513 -> physical_length=27.924513
2025-09-02 15:07:08.117 | INFO     | Pendulum.PendulumAPP:_processSerialData:121 - 🔄 数据来源: 串口接收 -> PendulumState.physical_length
2025-09-02 15:07:08.163 | INFO     | Pendulum.PendulumAPP:_processSerialData:120 - 📏 串口长度数据已更新: L27.924513 -> physical_length=27.924513
2025-09-02 15:07:08.164 | INFO     | Pendulum.PendulumAPP:_processSerialData:121 - 🔄 数据来源: 串口接收 -> PendulumState.physical_length
2025-09-02 15:07:08.209 | INFO     | Pendulum.PendulumAPP:_processSerialData:120 - 📏 串口长度数据已更新: L27.924513 -> physical_length=27.924513
2025-09-02 15:07:08.210 | INFO     | Pendulum.PendulumAPP:_processSerialData:121 - 🔄 数据来源: 串口接收 -> PendulumState.physical_length
2025-09-02 15:07:08.255 | INFO     | Pendulum.PendulumAPP:_processSerialData:120 - 📏 串口长度数据已更新: L27.924513 -> physical_length=27.924513
2025-09-02 15:07:08.258 | INFO     | Pendulum.PendulumAPP:_processSerialData:121 - 🔄 数据来源: 串口接收 -> PendulumState.physical_length
2025-09-02 15:07:08.301 | INFO     | Pendulum.PendulumAPP:_processSerialData:120 - 📏 串口长度数据已更新: L27.924513 -> physical_length=27.924513
2025-09-02 15:07:08.303 | INFO     | Pendulum.PendulumAPP:_processSerialData:121 - 🔄 数据来源: 串口接收 -> PendulumState.physical_length
2025-09-02 15:07:08.347 | INFO     | Pendulum.PendulumAPP:_processSerialData:120 - 📏 串口长度数据已更新: L27.924513 -> physical_length=27.924513
2025-09-02 15:07:08.348 | INFO     | Pendulum.PendulumAPP:_processSerialData:121 - 🔄 数据来源: 串口接收 -> PendulumState.physical_length
2025-09-02 15:07:08.393 | INFO     | Pendulum.PendulumAPP:_processSerialData:120 - 📏 串口长度数据已更新: L27.924513 -> physical_length=27.924513
2025-09-02 15:07:08.394 | INFO     | Pendulum.PendulumAPP:_processSerialData:121 - 🔄 数据来源: 串口接收 -> PendulumState.physical_length
2025-09-02 15:07:08.439 | INFO     | Pendulum.PendulumAPP:_processSerialData:120 - 📏 串口长度数据已更新: L27.924513 -> physical_length=27.924513
2025-09-02 15:07:08.440 | INFO     | Pendulum.PendulumAPP:_processSerialData:121 - 🔄 数据来源: 串口接收 -> PendulumState.physical_length
2025-09-02 15:07:08.485 | INFO     | Pendulum.PendulumAPP:_processSerialData:120 - 📏 串口长度数据已更新: L27.924513 -> physical_length=27.924513
2025-09-02 15:07:08.486 | INFO     | Pendulum.PendulumAPP:_processSerialData:121 - 🔄 数据来源: 串口接收 -> PendulumState.physical_length
2025-09-02 15:07:08.532 | INFO     | Pendulum.PendulumAPP:_processSerialData:120 - 📏 串口长度数据已更新: L27.924513 -> physical_length=27.924513
2025-09-02 15:07:08.533 | INFO     | Pendulum.PendulumAPP:_processSerialData:121 - 🔄 数据来源: 串口接收 -> PendulumState.physical_length
2025-09-02 15:07:08.578 | INFO     | Pendulum.PendulumAPP:_processSerialData:120 - 📏 串口长度数据已更新: L27.924513 -> physical_length=27.924513
2025-09-02 15:07:08.579 | INFO     | Pendulum.PendulumAPP:_processSerialData:121 - 🔄 数据来源: 串口接收 -> PendulumState.physical_length
2025-09-02 15:07:08.623 | INFO     | Pendulum.PendulumCore:setReferenceAngle:474 - 参考摆线向量设为: (-47, 1084) (摆轴: (325, 0))
2025-09-02 15:07:08.627 | INFO     | Pendulum.PendulumCore:setReferenceAngle:475 - 参考角度设为: -2.48°
2025-09-02 15:07:08.628 | INFO     | Pendulum.PendulumAPP:_keyEventWeb:228 - 参考角度设为: -2.48 deg
2025-09-02 15:07:08.629 | INFO     | Pendulum.SerialConncet:send:199 - sendz
2025-09-02 15:07:08.631 | INFO     | Pendulum.SerialConncet:send:201 - [发送] z
2025-09-02 15:07:08.632 | INFO     | Pendulum.PendulumAPP:_keyEventWeb:233 - z信号已发送到单片机
2025-09-02 15:07:08.633 | INFO     | Pendulum.PendulumCore:setReferenceAngle:474 - 参考摆线向量设为: (-47, 1084) (摆轴: (325, 0))
2025-09-02 15:07:08.635 | INFO     | Pendulum.PendulumCore:setReferenceAngle:475 - 参考角度设为: -2.48°
2025-09-02 15:07:08.637 | INFO     | Pendulum.PendulumAPP:_keyEventWeb:228 - 参考角度设为: -2.48 deg
2025-09-02 15:07:08.638 | INFO     | Pendulum.SerialConncet:send:199 - sendz
2025-09-02 15:07:08.639 | INFO     | Pendulum.SerialConncet:send:201 - [发送] z
2025-09-02 15:07:08.640 | INFO     | Pendulum.PendulumAPP:_keyEventWeb:233 - z信号已发送到单片机
2025-09-02 15:07:08.656 | INFO     | Pendulum.PendulumAPP:_processSerialData:120 - 📏 串口长度数据已更新: L27.924513 -> physical_length=27.924513
2025-09-02 15:07:08.657 | INFO     | Pendulum.PendulumAPP:_processSerialData:121 - 🔄 数据来源: 串口接收 -> PendulumState.physical_length
2025-09-02 15:07:08.702 | INFO     | Pendulum.PendulumAPP:_processSerialData:120 - 📏 串口长度数据已更新: L27.924513 -> physical_length=27.924513
2025-09-02 15:07:08.702 | INFO     | Pendulum.PendulumAPP:_processSerialData:121 - 🔄 数据来源: 串口接收 -> PendulumState.physical_length
2025-09-02 15:07:08.748 | INFO     | Pendulum.PendulumAPP:_processSerialData:120 - 📏 串口长度数据已更新: L27.924513 -> physical_length=27.924513
2025-09-02 15:07:08.753 | INFO     | Pendulum.PendulumAPP:_processSerialData:121 - 🔄 数据来源: 串口接收 -> PendulumState.physical_length
2025-09-02 15:07:08.795 | INFO     | Pendulum.PendulumAPP:_processSerialData:120 - 📏 串口长度数据已更新: L27.924513 -> physical_length=27.924513
2025-09-02 15:07:08.796 | INFO     | Pendulum.PendulumAPP:_processSerialData:121 - 🔄 数据来源: 串口接收 -> PendulumState.physical_length
2025-09-02 15:07:08.842 | INFO     | Pendulum.PendulumAPP:_processSerialData:120 - 📏 串口长度数据已更新: L27.924513 -> physical_length=27.924513
2025-09-02 15:07:08.843 | INFO     | Pendulum.PendulumAPP:_processSerialData:121 - 🔄 数据来源: 串口接收 -> PendulumState.physical_length
2025-09-02 15:07:08.889 | INFO     | Pendulum.PendulumAPP:_processSerialData:120 - 📏 串口长度数据已更新: L27.924513 -> physical_length=27.924513
2025-09-02 15:07:08.891 | INFO     | Pendulum.PendulumAPP:_processSerialData:121 - 🔄 数据来源: 串口接收 -> PendulumState.physical_length
2025-09-02 15:07:08.937 | INFO     | Pendulum.PendulumAPP:_processSerialData:120 - 📏 串口长度数据已更新: L27.924513 -> physical_length=27.924513
2025-09-02 15:07:08.938 | INFO     | Pendulum.PendulumAPP:_processSerialData:121 - 🔄 数据来源: 串口接收 -> PendulumState.physical_length
2025-09-02 15:07:08.984 | INFO     | Pendulum.PendulumAPP:_processSerialData:120 - 📏 串口长度数据已更新: L27.924513 -> physical_length=27.924513
2025-09-02 15:07:08.985 | INFO     | Pendulum.PendulumAPP:_processSerialData:121 - 🔄 数据来源: 串口接收 -> PendulumState.physical_length
2025-09-02 15:07:09.031 | INFO     | Pendulum.PendulumAPP:_processSerialData:120 - 📏 串口长度数据已更新: L27.924513 -> physical_length=27.924513
2025-09-02 15:07:09.032 | INFO     | Pendulum.PendulumAPP:_processSerialData:121 - 🔄 数据来源: 串口接收 -> PendulumState.physical_length
2025-09-02 15:07:09.077 | INFO     | Pendulum.PendulumAPP:_processSerialData:120 - 📏 串口长度数据已更新: L27.924513 -> physical_length=27.924513
2025-09-02 15:07:09.078 | INFO     | Pendulum.PendulumAPP:_processSerialData:121 - 🔄 数据来源: 串口接收 -> PendulumState.physical_length
2025-09-02 15:07:09.123 | INFO     | Pendulum.PendulumAPP:_processSerialData:120 - 📏 串口长度数据已更新: L27.924513 -> physical_length=27.924513
2025-09-02 15:07:09.124 | INFO     | Pendulum.PendulumAPP:_processSerialData:121 - 🔄 数据来源: 串口接收 -> PendulumState.physical_length
2025-09-02 15:07:09.170 | INFO     | Pendulum.PendulumAPP:_processSerialData:120 - 📏 串口长度数据已更新: L27.924513 -> physical_length=27.924513
2025-09-02 15:07:09.171 | INFO     | Pendulum.PendulumAPP:_processSerialData:121 - 🔄 数据来源: 串口接收 -> PendulumState.physical_length
2025-09-02 15:07:09.216 | INFO     | Pendulum.PendulumAPP:_processSerialData:120 - 📏 串口长度数据已更新: L27.924513 -> physical_length=27.924513
2025-09-02 15:07:09.218 | INFO     | Pendulum.PendulumAPP:_processSerialData:121 - 🔄 数据来源: 串口接收 -> PendulumState.physical_length
2025-09-02 15:07:09.261 | INFO     | Pendulum.PendulumAPP:_processSerialData:120 - 📏 串口长度数据已更新: L27.924513 -> physical_length=27.924513
2025-09-02 15:07:09.263 | INFO     | Pendulum.PendulumAPP:_processSerialData:121 - 🔄 数据来源: 串口接收 -> PendulumState.physical_length
2025-09-02 15:07:09.308 | INFO     | Pendulum.PendulumAPP:_processSerialData:120 - 📏 串口长度数据已更新: L27.924513 -> physical_length=27.924513
2025-09-02 15:07:09.309 | INFO     | Pendulum.PendulumAPP:_processSerialData:121 - 🔄 数据来源: 串口接收 -> PendulumState.physical_length
2025-09-02 15:07:09.353 | INFO     | Pendulum.PendulumAPP:_processSerialData:120 - 📏 串口长度数据已更新: L27.924513 -> physical_length=27.924513
2025-09-02 15:07:09.355 | INFO     | Pendulum.PendulumAPP:_processSerialData:121 - 🔄 数据来源: 串口接收 -> PendulumState.physical_length
2025-09-02 15:07:09.400 | INFO     | Pendulum.PendulumAPP:_processSerialData:120 - 📏 串口长度数据已更新: L27.924513 -> physical_length=27.924513
2025-09-02 15:07:09.402 | INFO     | Pendulum.PendulumAPP:_processSerialData:121 - 🔄 数据来源: 串口接收 -> PendulumState.physical_length
2025-09-02 15:07:09.446 | INFO     | Pendulum.PendulumAPP:_processSerialData:120 - 📏 串口长度数据已更新: L27.924513 -> physical_length=27.924513
2025-09-02 15:07:09.447 | INFO     | Pendulum.PendulumAPP:_processSerialData:121 - 🔄 数据来源: 串口接收 -> PendulumState.physical_length
2025-09-02 15:07:09.492 | INFO     | Pendulum.PendulumAPP:_processSerialData:120 - 📏 串口长度数据已更新: L27.924513 -> physical_length=27.924513
2025-09-02 15:07:09.493 | INFO     | Pendulum.PendulumAPP:_processSerialData:121 - 🔄 数据来源: 串口接收 -> PendulumState.physical_length
2025-09-02 15:07:09.537 | INFO     | Pendulum.PendulumAPP:_processSerialData:120 - 📏 串口长度数据已更新: L27.924513 -> physical_length=27.924513
2025-09-02 15:07:09.538 | INFO     | Pendulum.PendulumAPP:_processSerialData:121 - 🔄 数据来源: 串口接收 -> PendulumState.physical_length
2025-09-02 15:07:09.583 | INFO     | Pendulum.PendulumAPP:_processSerialData:120 - 📏 串口长度数据已更新: L27.924513 -> physical_length=27.924513
2025-09-02 15:07:09.587 | INFO     | Pendulum.PendulumAPP:_processSerialData:121 - 🔄 数据来源: 串口接收 -> PendulumState.physical_length
2025-09-02 15:07:09.630 | INFO     | Pendulum.PendulumAPP:_processSerialData:120 - 📏 串口长度数据已更新: L27.924513 -> physical_length=27.924513
2025-09-02 15:07:09.632 | INFO     | Pendulum.PendulumAPP:_processSerialData:121 - 🔄 数据来源: 串口接收 -> PendulumState.physical_length
2025-09-02 15:07:09.677 | INFO     | Pendulum.PendulumAPP:_processSerialData:120 - 📏 串口长度数据已更新: L27.924513 -> physical_length=27.924513
2025-09-02 15:07:09.679 | INFO     | Pendulum.PendulumAPP:_processSerialData:121 - 🔄 数据来源: 串口接收 -> PendulumState.physical_length
2025-09-02 15:07:09.723 | INFO     | Pendulum.PendulumAPP:_processSerialData:120 - 📏 串口长度数据已更新: L27.924513 -> physical_length=27.924513
2025-09-02 15:07:09.724 | INFO     | Pendulum.PendulumAPP:_processSerialData:121 - 🔄 数据来源: 串口接收 -> PendulumState.physical_length
2025-09-02 15:07:09.769 | INFO     | Pendulum.PendulumAPP:_processSerialData:120 - 📏 串口长度数据已更新: L27.924513 -> physical_length=27.924513
2025-09-02 15:07:09.772 | INFO     | Pendulum.PendulumAPP:_processSerialData:121 - 🔄 数据来源: 串口接收 -> PendulumState.physical_length
2025-09-02 15:07:09.818 | INFO     | Pendulum.PendulumAPP:_processSerialData:120 - 📏 串口长度数据已更新: L27.924513 -> physical_length=27.924513
2025-09-02 15:07:09.819 | INFO     | Pendulum.PendulumAPP:_processSerialData:121 - 🔄 数据来源: 串口接收 -> PendulumState.physical_length
2025-09-02 15:07:09.862 | INFO     | Pendulum.PendulumAPP:_processSerialData:120 - 📏 串口长度数据已更新: L27.924513 -> physical_length=27.924513
2025-09-02 15:07:09.863 | INFO     | Pendulum.PendulumAPP:_processSerialData:121 - 🔄 数据来源: 串口接收 -> PendulumState.physical_length
2025-09-02 15:07:09.908 | INFO     | Pendulum.PendulumAPP:_processSerialData:120 - 📏 串口长度数据已更新: L27.924513 -> physical_length=27.924513
2025-09-02 15:07:09.909 | INFO     | Pendulum.PendulumAPP:_processSerialData:121 - 🔄 数据来源: 串口接收 -> PendulumState.physical_length
2025-09-02 15:07:09.955 | INFO     | Pendulum.PendulumAPP:_processSerialData:120 - 📏 串口长度数据已更新: L27.924513 -> physical_length=27.924513
2025-09-02 15:07:09.957 | INFO     | Pendulum.PendulumAPP:_processSerialData:121 - 🔄 数据来源: 串口接收 -> PendulumState.physical_length
2025-09-02 15:07:10.000 | INFO     | Pendulum.PendulumAPP:_processSerialData:120 - 📏 串口长度数据已更新: L27.924513 -> physical_length=27.924513
2025-09-02 15:07:10.000 | INFO     | Pendulum.PendulumAPP:_processSerialData:121 - 🔄 数据来源: 串口接收 -> PendulumState.physical_length
2025-09-02 15:07:10.045 | INFO     | Pendulum.PendulumAPP:_processSerialData:120 - 📏 串口长度数据已更新: L27.924513 -> physical_length=27.924513
2025-09-02 15:07:10.047 | INFO     | Pendulum.PendulumAPP:_processSerialData:121 - 🔄 数据来源: 串口接收 -> PendulumState.physical_length
2025-09-02 15:07:10.092 | INFO     | Pendulum.PendulumAPP:_processSerialData:120 - 📏 串口长度数据已更新: L27.924513 -> physical_length=27.924513
2025-09-02 15:07:10.092 | INFO     | Pendulum.PendulumAPP:_processSerialData:121 - 🔄 数据来源: 串口接收 -> PendulumState.physical_length
2025-09-02 15:07:10.138 | INFO     | Pendulum.PendulumAPP:_processSerialData:120 - 📏 串口长度数据已更新: L27.924513 -> physical_length=27.924513
2025-09-02 15:07:10.139 | INFO     | Pendulum.PendulumAPP:_processSerialData:121 - 🔄 数据来源: 串口接收 -> PendulumState.physical_length
2025-09-02 15:07:10.184 | INFO     | Pendulum.PendulumAPP:_processSerialData:120 - 📏 串口长度数据已更新: L27.924513 -> physical_length=27.924513
2025-09-02 15:07:10.185 | INFO     | Pendulum.PendulumAPP:_processSerialData:121 - 🔄 数据来源: 串口接收 -> PendulumState.physical_length
2025-09-02 15:07:10.230 | INFO     | Pendulum.PendulumAPP:_processSerialData:120 - 📏 串口长度数据已更新: L27.924513 -> physical_length=27.924513
2025-09-02 15:07:10.231 | INFO     | Pendulum.PendulumAPP:_processSerialData:121 - 🔄 数据来源: 串口接收 -> PendulumState.physical_length
2025-09-02 15:07:10.277 | INFO     | Pendulum.PendulumAPP:_processSerialData:120 - 📏 串口长度数据已更新: L27.924513 -> physical_length=27.924513
2025-09-02 15:07:10.278 | INFO     | Pendulum.PendulumAPP:_processSerialData:121 - 🔄 数据来源: 串口接收 -> PendulumState.physical_length
2025-09-02 15:07:10.324 | INFO     | Pendulum.PendulumAPP:_processSerialData:120 - 📏 串口长度数据已更新: L27.924513 -> physical_length=27.924513
2025-09-02 15:07:10.325 | INFO     | Pendulum.PendulumAPP:_processSerialData:121 - 🔄 数据来源: 串口接收 -> PendulumState.physical_length
2025-09-02 15:07:10.370 | INFO     | Pendulum.PendulumAPP:_processSerialData:120 - 📏 串口长度数据已更新: L27.924513 -> physical_length=27.924513
2025-09-02 15:07:10.371 | INFO     | Pendulum.PendulumAPP:_processSerialData:121 - 🔄 数据来源: 串口接收 -> PendulumState.physical_length
2025-09-02 15:07:10.418 | INFO     | Pendulum.PendulumAPP:_processSerialData:120 - 📏 串口长度数据已更新: L27.924513 -> physical_length=27.924513
2025-09-02 15:07:10.419 | INFO     | Pendulum.PendulumAPP:_processSerialData:121 - 🔄 数据来源: 串口接收 -> PendulumState.physical_length
2025-09-02 15:07:10.463 | INFO     | Pendulum.PendulumAPP:_processSerialData:120 - 📏 串口长度数据已更新: L27.924513 -> physical_length=27.924513
2025-09-02 15:07:10.464 | INFO     | Pendulum.PendulumAPP:_processSerialData:121 - 🔄 数据来源: 串口接收 -> PendulumState.physical_length
2025-09-02 15:07:10.511 | INFO     | Pendulum.PendulumAPP:_processSerialData:120 - 📏 串口长度数据已更新: L27.924513 -> physical_length=27.924513
2025-09-02 15:07:10.513 | INFO     | Pendulum.PendulumAPP:_processSerialData:121 - 🔄 数据来源: 串口接收 -> PendulumState.physical_length
2025-09-02 15:07:10.557 | INFO     | Pendulum.PendulumAPP:_processSerialData:120 - 📏 串口长度数据已更新: L27.924513 -> physical_length=27.924513
2025-09-02 15:07:10.558 | INFO     | Pendulum.PendulumAPP:_processSerialData:121 - 🔄 数据来源: 串口接收 -> PendulumState.physical_length
2025-09-02 15:07:10.604 | INFO     | Pendulum.PendulumAPP:_processSerialData:120 - 📏 串口长度数据已更新: L27.924513 -> physical_length=27.924513
2025-09-02 15:07:10.607 | INFO     | Pendulum.PendulumAPP:_processSerialData:121 - 🔄 数据来源: 串口接收 -> PendulumState.physical_length
2025-09-02 15:07:10.651 | INFO     | Pendulum.PendulumAPP:_processSerialData:120 - 📏 串口长度数据已更新: L27.924513 -> physical_length=27.924513
2025-09-02 15:07:10.651 | INFO     | Pendulum.PendulumAPP:_processSerialData:121 - 🔄 数据来源: 串口接收 -> PendulumState.physical_length
2025-09-02 15:07:10.698 | INFO     | Pendulum.PendulumAPP:_processSerialData:120 - 📏 串口长度数据已更新: L27.924513 -> physical_length=27.924513
2025-09-02 15:07:10.699 | INFO     | Pendulum.PendulumAPP:_processSerialData:121 - 🔄 数据来源: 串口接收 -> PendulumState.physical_length
2025-09-02 15:07:10.745 | INFO     | Pendulum.PendulumAPP:_processSerialData:120 - 📏 串口长度数据已更新: L27.924513 -> physical_length=27.924513
2025-09-02 15:07:10.747 | INFO     | Pendulum.PendulumAPP:_processSerialData:121 - 🔄 数据来源: 串口接收 -> PendulumState.physical_length
2025-09-02 15:07:10.792 | INFO     | Pendulum.PendulumAPP:_processSerialData:120 - 📏 串口长度数据已更新: L27.924513 -> physical_length=27.924513
2025-09-02 15:07:10.793 | INFO     | Pendulum.PendulumAPP:_processSerialData:121 - 🔄 数据来源: 串口接收 -> PendulumState.physical_length
2025-09-02 15:07:10.836 | INFO     | Pendulum.PendulumAPP:_processSerialData:120 - 📏 串口长度数据已更新: L27.924513 -> physical_length=27.924513
2025-09-02 15:07:10.837 | INFO     | Pendulum.PendulumAPP:_processSerialData:121 - 🔄 数据来源: 串口接收 -> PendulumState.physical_length
2025-09-02 15:07:10.884 | INFO     | Pendulum.PendulumAPP:_processSerialData:120 - 📏 串口长度数据已更新: L27.924513 -> physical_length=27.924513
2025-09-02 15:07:10.886 | INFO     | Pendulum.PendulumAPP:_processSerialData:121 - 🔄 数据来源: 串口接收 -> PendulumState.physical_length
2025-09-02 15:07:10.930 | INFO     | Pendulum.PendulumAPP:_processSerialData:120 - 📏 串口长度数据已更新: L27.924513 -> physical_length=27.924513
2025-09-02 15:07:10.931 | INFO     | Pendulum.PendulumAPP:_processSerialData:121 - 🔄 数据来源: 串口接收 -> PendulumState.physical_length
2025-09-02 15:07:10.976 | INFO     | Pendulum.PendulumAPP:_processSerialData:120 - 📏 串口长度数据已更新: L27.924513 -> physical_length=27.924513
2025-09-02 15:07:10.978 | INFO     | Pendulum.PendulumAPP:_processSerialData:121 - 🔄 数据来源: 串口接收 -> PendulumState.physical_length
2025-09-02 15:07:11.021 | INFO     | Pendulum.PendulumAPP:_processSerialData:120 - 📏 串口长度数据已更新: L27.924513 -> physical_length=27.924513
2025-09-02 15:07:11.022 | INFO     | Pendulum.PendulumAPP:_processSerialData:121 - 🔄 数据来源: 串口接收 -> PendulumState.physical_length
2025-09-02 15:07:11.069 | INFO     | Pendulum.PendulumAPP:_processSerialData:120 - 📏 串口长度数据已更新: L27.924513 -> physical_length=27.924513
2025-09-02 15:07:11.073 | INFO     | Pendulum.PendulumAPP:_processSerialData:121 - 🔄 数据来源: 串口接收 -> PendulumState.physical_length
2025-09-02 15:07:11.116 | INFO     | Pendulum.PendulumAPP:_processSerialData:120 - 📏 串口长度数据已更新: L27.924513 -> physical_length=27.924513
2025-09-02 15:07:11.117 | INFO     | Pendulum.PendulumAPP:_processSerialData:121 - 🔄 数据来源: 串口接收 -> PendulumState.physical_length
2025-09-02 15:07:11.162 | INFO     | Pendulum.PendulumAPP:_processSerialData:120 - 📏 串口长度数据已更新: L27.924513 -> physical_length=27.924513
2025-09-02 15:07:11.162 | INFO     | Pendulum.PendulumAPP:_processSerialData:121 - 🔄 数据来源: 串口接收 -> PendulumState.physical_length
2025-09-02 15:07:11.208 | INFO     | Pendulum.PendulumAPP:_processSerialData:120 - 📏 串口长度数据已更新: L27.924513 -> physical_length=27.924513
2025-09-02 15:07:11.210 | INFO     | Pendulum.PendulumAPP:_processSerialData:121 - 🔄 数据来源: 串口接收 -> PendulumState.physical_length
2025-09-02 15:07:11.256 | INFO     | Pendulum.PendulumAPP:_processSerialData:120 - 📏 串口长度数据已更新: L27.924513 -> physical_length=27.924513
2025-09-02 15:07:11.258 | INFO     | Pendulum.PendulumAPP:_processSerialData:121 - 🔄 数据来源: 串口接收 -> PendulumState.physical_length
2025-09-02 15:07:11.301 | INFO     | Pendulum.PendulumAPP:_processSerialData:120 - 📏 串口长度数据已更新: L27.924513 -> physical_length=27.924513
2025-09-02 15:07:11.302 | INFO     | Pendulum.PendulumAPP:_processSerialData:121 - 🔄 数据来源: 串口接收 -> PendulumState.physical_length
2025-09-02 15:07:11.349 | INFO     | Pendulum.PendulumAPP:_processSerialData:120 - 📏 串口长度数据已更新: L27.924513 -> physical_length=27.924513
2025-09-02 15:07:11.350 | INFO     | Pendulum.PendulumAPP:_processSerialData:121 - 🔄 数据来源: 串口接收 -> PendulumState.physical_length
2025-09-02 15:07:11.395 | INFO     | Pendulum.PendulumAPP:_processSerialData:120 - 📏 串口长度数据已更新: L27.924513 -> physical_length=27.924513
2025-09-02 15:07:11.396 | INFO     | Pendulum.PendulumAPP:_processSerialData:121 - 🔄 数据来源: 串口接收 -> PendulumState.physical_length
2025-09-02 15:07:11.442 | INFO     | Pendulum.PendulumAPP:_processSerialData:120 - 📏 串口长度数据已更新: L27.924513 -> physical_length=27.924513
2025-09-02 15:07:11.444 | INFO     | Pendulum.PendulumAPP:_processSerialData:121 - 🔄 数据来源: 串口接收 -> PendulumState.physical_length
2025-09-02 15:07:11.489 | INFO     | Pendulum.PendulumAPP:_processSerialData:120 - 📏 串口长度数据已更新: L27.924513 -> physical_length=27.924513
2025-09-02 15:07:11.490 | INFO     | Pendulum.PendulumAPP:_processSerialData:121 - 🔄 数据来源: 串口接收 -> PendulumState.physical_length
2025-09-02 15:07:11.535 | INFO     | Pendulum.PendulumAPP:_processSerialData:120 - 📏 串口长度数据已更新: L27.924513 -> physical_length=27.924513
2025-09-02 15:07:11.536 | INFO     | Pendulum.PendulumAPP:_processSerialData:121 - 🔄 数据来源: 串口接收 -> PendulumState.physical_length
2025-09-02 15:07:11.581 | INFO     | Pendulum.PendulumAPP:_processSerialData:120 - 📏 串口长度数据已更新: L27.924513 -> physical_length=27.924513
2025-09-02 15:07:11.582 | INFO     | Pendulum.PendulumAPP:_processSerialData:121 - 🔄 数据来源: 串口接收 -> PendulumState.physical_length
2025-09-02 15:07:11.628 | INFO     | Pendulum.PendulumAPP:_processSerialData:120 - 📏 串口长度数据已更新: L27.924513 -> physical_length=27.924513
2025-09-02 15:07:11.633 | INFO     | Pendulum.PendulumAPP:_processSerialData:121 - 🔄 数据来源: 串口接收 -> PendulumState.physical_length
2025-09-02 15:07:11.674 | INFO     | Pendulum.PendulumAPP:_processSerialData:120 - 📏 串口长度数据已更新: L27.924513 -> physical_length=27.924513
2025-09-02 15:07:11.675 | INFO     | Pendulum.PendulumAPP:_processSerialData:121 - 🔄 数据来源: 串口接收 -> PendulumState.physical_length
2025-09-02 15:07:11.721 | INFO     | Pendulum.PendulumAPP:_processSerialData:120 - 📏 串口长度数据已更新: L27.924513 -> physical_length=27.924513
2025-09-02 15:07:11.721 | INFO     | Pendulum.PendulumAPP:_processSerialData:121 - 🔄 数据来源: 串口接收 -> PendulumState.physical_length
2025-09-02 15:07:11.767 | INFO     | Pendulum.PendulumAPP:_processSerialData:120 - 📏 串口长度数据已更新: L27.924513 -> physical_length=27.924513
2025-09-02 15:07:11.767 | INFO     | Pendulum.PendulumAPP:_processSerialData:121 - 🔄 数据来源: 串口接收 -> PendulumState.physical_length
2025-09-02 15:07:11.814 | INFO     | Pendulum.PendulumAPP:_processSerialData:120 - 📏 串口长度数据已更新: L27.924513 -> physical_length=27.924513
2025-09-02 15:07:11.815 | INFO     | Pendulum.PendulumAPP:_processSerialData:121 - 🔄 数据来源: 串口接收 -> PendulumState.physical_length
2025-09-02 15:07:11.860 | INFO     | Pendulum.PendulumAPP:_processSerialData:120 - 📏 串口长度数据已更新: L27.924513 -> physical_length=27.924513
2025-09-02 15:07:11.861 | INFO     | Pendulum.PendulumAPP:_processSerialData:121 - 🔄 数据来源: 串口接收 -> PendulumState.physical_length
2025-09-02 15:07:11.906 | INFO     | Pendulum.PendulumAPP:_processSerialData:120 - 📏 串口长度数据已更新: L27.924513 -> physical_length=27.924513
2025-09-02 15:07:11.907 | INFO     | Pendulum.PendulumAPP:_processSerialData:121 - 🔄 数据来源: 串口接收 -> PendulumState.physical_length
2025-09-02 15:07:11.951 | INFO     | Pendulum.PendulumAPP:_processSerialData:120 - 📏 串口长度数据已更新: L27.924513 -> physical_length=27.924513
2025-09-02 15:07:11.953 | INFO     | Pendulum.PendulumAPP:_processSerialData:121 - 🔄 数据来源: 串口接收 -> PendulumState.physical_length
2025-09-02 15:07:11.998 | INFO     | Pendulum.PendulumAPP:_processSerialData:120 - 📏 串口长度数据已更新: L27.924513 -> physical_length=27.924513
2025-09-02 15:07:11.999 | INFO     | Pendulum.PendulumAPP:_processSerialData:121 - 🔄 数据来源: 串口接收 -> PendulumState.physical_length
2025-09-02 15:07:12.043 | INFO     | Pendulum.PendulumAPP:_processSerialData:120 - 📏 串口长度数据已更新: L27.924513 -> physical_length=27.924513
2025-09-02 15:07:12.046 | INFO     | Pendulum.PendulumAPP:_processSerialData:121 - 🔄 数据来源: 串口接收 -> PendulumState.physical_length
2025-09-02 15:07:12.090 | INFO     | Pendulum.PendulumAPP:_processSerialData:120 - 📏 串口长度数据已更新: L27.924513 -> physical_length=27.924513
2025-09-02 15:07:12.091 | INFO     | Pendulum.PendulumAPP:_processSerialData:121 - 🔄 数据来源: 串口接收 -> PendulumState.physical_length
2025-09-02 15:07:12.137 | INFO     | Pendulum.PendulumAPP:_processSerialData:120 - 📏 串口长度数据已更新: L27.924513 -> physical_length=27.924513
2025-09-02 15:07:12.139 | INFO     | Pendulum.PendulumAPP:_processSerialData:121 - 🔄 数据来源: 串口接收 -> PendulumState.physical_length
2025-09-02 15:07:12.183 | INFO     | Pendulum.PendulumAPP:_processSerialData:120 - 📏 串口长度数据已更新: L27.924513 -> physical_length=27.924513
2025-09-02 15:07:12.185 | INFO     | Pendulum.PendulumAPP:_processSerialData:121 - 🔄 数据来源: 串口接收 -> PendulumState.physical_length
2025-09-02 15:07:12.229 | INFO     | Pendulum.PendulumAPP:_processSerialData:120 - 📏 串口长度数据已更新: L27.924513 -> physical_length=27.924513
2025-09-02 15:07:12.229 | INFO     | Pendulum.PendulumAPP:_processSerialData:121 - 🔄 数据来源: 串口接收 -> PendulumState.physical_length
2025-09-02 15:07:12.276 | INFO     | Pendulum.PendulumAPP:_processSerialData:120 - 📏 串口长度数据已更新: L27.924513 -> physical_length=27.924513
2025-09-02 15:07:12.277 | INFO     | Pendulum.PendulumAPP:_processSerialData:121 - 🔄 数据来源: 串口接收 -> PendulumState.physical_length
2025-09-02 15:07:12.323 | INFO     | Pendulum.PendulumAPP:_processSerialData:120 - 📏 串口长度数据已更新: L27.924513 -> physical_length=27.924513
2025-09-02 15:07:12.324 | INFO     | Pendulum.PendulumAPP:_processSerialData:121 - 🔄 数据来源: 串口接收 -> PendulumState.physical_length
2025-09-02 15:07:12.369 | INFO     | Pendulum.PendulumAPP:_processSerialData:120 - 📏 串口长度数据已更新: L27.924513 -> physical_length=27.924513
2025-09-02 15:07:12.370 | INFO     | Pendulum.PendulumAPP:_processSerialData:121 - 🔄 数据来源: 串口接收 -> PendulumState.physical_length
2025-09-02 15:07:12.419 | INFO     | Pendulum.PendulumAPP:_processSerialData:120 - 📏 串口长度数据已更新: L27.924513 -> physical_length=27.924513
2025-09-02 15:07:12.421 | INFO     | Pendulum.PendulumAPP:_processSerialData:121 - 🔄 数据来源: 串口接收 -> PendulumState.physical_length
2025-09-02 15:07:12.458 | INFO     | Pendulum.PendulumCore:setReferenceAngle:474 - 参考摆线向量设为: (-17, 1086) (摆轴: (325, 0))
2025-09-02 15:07:12.459 | INFO     | Pendulum.PendulumCore:setReferenceAngle:475 - 参考角度设为: -0.90°
2025-09-02 15:07:12.462 | INFO     | Pendulum.PendulumAPP:_keyEventWeb:228 - 参考角度设为: -0.90 deg
2025-09-02 15:07:12.464 | INFO     | Pendulum.SerialConncet:send:199 - sendz
2025-09-02 15:07:12.467 | INFO     | Pendulum.SerialConncet:send:201 - [发送] z
2025-09-02 15:07:12.468 | INFO     | Pendulum.PendulumAPP:_keyEventWeb:233 - z信号已发送到单片机
2025-09-02 15:07:12.469 | INFO     | Pendulum.PendulumCore:setReferenceAngle:474 - 参考摆线向量设为: (-17, 1086) (摆轴: (325, 0))
2025-09-02 15:07:12.471 | INFO     | Pendulum.PendulumCore:setReferenceAngle:475 - 参考角度设为: -0.90°
2025-09-02 15:07:12.472 | INFO     | Pendulum.PendulumAPP:_keyEventWeb:228 - 参考角度设为: -0.90 deg
2025-09-02 15:07:12.472 | INFO     | Pendulum.SerialConncet:send:199 - sendz
2025-09-02 15:07:12.475 | INFO     | Pendulum.SerialConncet:send:201 - [发送] z
2025-09-02 15:07:12.476 | INFO     | Pendulum.PendulumAPP:_keyEventWeb:233 - z信号已发送到单片机
2025-09-02 15:07:12.479 | INFO     | Pendulum.PendulumAPP:_processSerialData:120 - 📏 串口长度数据已更新: L27.924513 -> physical_length=27.924513
2025-09-02 15:07:12.480 | INFO     | Pendulum.PendulumAPP:_processSerialData:121 - 🔄 数据来源: 串口接收 -> PendulumState.physical_length
2025-09-02 15:07:12.526 | INFO     | Pendulum.PendulumAPP:_processSerialData:120 - 📏 串口长度数据已更新: L27.924513 -> physical_length=27.924513
2025-09-02 15:07:12.527 | INFO     | Pendulum.PendulumAPP:_processSerialData:121 - 🔄 数据来源: 串口接收 -> PendulumState.physical_length
2025-09-02 15:07:12.574 | INFO     | Pendulum.PendulumAPP:_processSerialData:120 - 📏 串口长度数据已更新: L27.924513 -> physical_length=27.924513
2025-09-02 15:07:12.575 | INFO     | Pendulum.PendulumAPP:_processSerialData:121 - 🔄 数据来源: 串口接收 -> PendulumState.physical_length
2025-09-02 15:07:12.619 | INFO     | Pendulum.PendulumAPP:_processSerialData:120 - 📏 串口长度数据已更新: L27.924513 -> physical_length=27.924513
2025-09-02 15:07:12.620 | INFO     | Pendulum.PendulumAPP:_processSerialData:121 - 🔄 数据来源: 串口接收 -> PendulumState.physical_length
2025-09-02 15:07:12.664 | INFO     | Pendulum.PendulumAPP:_processSerialData:120 - 📏 串口长度数据已更新: L27.924513 -> physical_length=27.924513
2025-09-02 15:07:12.665 | INFO     | Pendulum.PendulumAPP:_processSerialData:121 - 🔄 数据来源: 串口接收 -> PendulumState.physical_length
2025-09-02 15:07:12.711 | INFO     | Pendulum.PendulumAPP:_processSerialData:120 - 📏 串口长度数据已更新: L27.924513 -> physical_length=27.924513
2025-09-02 15:07:12.712 | INFO     | Pendulum.PendulumAPP:_processSerialData:121 - 🔄 数据来源: 串口接收 -> PendulumState.physical_length
2025-09-02 15:07:12.756 | INFO     | Pendulum.PendulumAPP:_processSerialData:120 - 📏 串口长度数据已更新: L27.924513 -> physical_length=27.924513
2025-09-02 15:07:12.758 | INFO     | Pendulum.PendulumAPP:_processSerialData:121 - 🔄 数据来源: 串口接收 -> PendulumState.physical_length
2025-09-02 15:07:12.803 | INFO     | Pendulum.PendulumAPP:_processSerialData:120 - 📏 串口长度数据已更新: L27.924513 -> physical_length=27.924513
2025-09-02 15:07:12.804 | INFO     | Pendulum.PendulumAPP:_processSerialData:121 - 🔄 数据来源: 串口接收 -> PendulumState.physical_length
2025-09-02 15:07:12.849 | INFO     | Pendulum.PendulumAPP:_processSerialData:120 - 📏 串口长度数据已更新: L27.924513 -> physical_length=27.924513
2025-09-02 15:07:12.849 | INFO     | Pendulum.PendulumAPP:_processSerialData:121 - 🔄 数据来源: 串口接收 -> PendulumState.physical_length
2025-09-02 15:07:12.894 | INFO     | Pendulum.PendulumAPP:_processSerialData:120 - 📏 串口长度数据已更新: L27.924513 -> physical_length=27.924513
2025-09-02 15:07:12.895 | INFO     | Pendulum.PendulumAPP:_processSerialData:121 - 🔄 数据来源: 串口接收 -> PendulumState.physical_length
2025-09-02 15:07:12.941 | INFO     | Pendulum.PendulumAPP:_processSerialData:120 - 📏 串口长度数据已更新: L27.924513 -> physical_length=27.924513
2025-09-02 15:07:12.945 | INFO     | Pendulum.PendulumAPP:_processSerialData:121 - 🔄 数据来源: 串口接收 -> PendulumState.physical_length
2025-09-02 15:07:12.987 | INFO     | Pendulum.PendulumAPP:_processSerialData:120 - 📏 串口长度数据已更新: L27.924513 -> physical_length=27.924513
2025-09-02 15:07:12.988 | INFO     | Pendulum.PendulumAPP:_processSerialData:121 - 🔄 数据来源: 串口接收 -> PendulumState.physical_length
2025-09-02 15:07:13.035 | INFO     | Pendulum.PendulumAPP:_processSerialData:120 - 📏 串口长度数据已更新: L27.924513 -> physical_length=27.924513
2025-09-02 15:07:13.036 | INFO     | Pendulum.PendulumAPP:_processSerialData:121 - 🔄 数据来源: 串口接收 -> PendulumState.physical_length
2025-09-02 15:07:13.082 | INFO     | Pendulum.PendulumAPP:_processSerialData:120 - 📏 串口长度数据已更新: L27.924513 -> physical_length=27.924513
2025-09-02 15:07:13.083 | INFO     | Pendulum.PendulumAPP:_processSerialData:121 - 🔄 数据来源: 串口接收 -> PendulumState.physical_length
2025-09-02 15:07:13.128 | INFO     | Pendulum.PendulumAPP:_processSerialData:120 - 📏 串口长度数据已更新: L27.924513 -> physical_length=27.924513
2025-09-02 15:07:13.129 | INFO     | Pendulum.PendulumAPP:_processSerialData:121 - 🔄 数据来源: 串口接收 -> PendulumState.physical_length
2025-09-02 15:07:13.175 | INFO     | Pendulum.PendulumAPP:_processSerialData:120 - 📏 串口长度数据已更新: L27.924513 -> physical_length=27.924513
2025-09-02 15:07:13.177 | INFO     | Pendulum.PendulumAPP:_processSerialData:121 - 🔄 数据来源: 串口接收 -> PendulumState.physical_length
2025-09-02 15:07:13.222 | INFO     | Pendulum.PendulumAPP:_processSerialData:120 - 📏 串口长度数据已更新: L27.924513 -> physical_length=27.924513
2025-09-02 15:07:13.224 | INFO     | Pendulum.PendulumAPP:_processSerialData:121 - 🔄 数据来源: 串口接收 -> PendulumState.physical_length
2025-09-02 15:07:13.268 | INFO     | Pendulum.PendulumAPP:_processSerialData:120 - 📏 串口长度数据已更新: L27.924513 -> physical_length=27.924513
2025-09-02 15:07:13.269 | INFO     | Pendulum.PendulumAPP:_processSerialData:121 - 🔄 数据来源: 串口接收 -> PendulumState.physical_length
2025-09-02 15:07:13.315 | INFO     | Pendulum.PendulumAPP:_processSerialData:120 - 📏 串口长度数据已更新: L27.924513 -> physical_length=27.924513
2025-09-02 15:07:13.316 | INFO     | Pendulum.PendulumAPP:_processSerialData:121 - 🔄 数据来源: 串口接收 -> PendulumState.physical_length
2025-09-02 15:07:13.363 | INFO     | Pendulum.PendulumAPP:_processSerialData:120 - 📏 串口长度数据已更新: L27.924513 -> physical_length=27.924513
2025-09-02 15:07:13.363 | INFO     | Pendulum.PendulumAPP:_processSerialData:121 - 🔄 数据来源: 串口接收 -> PendulumState.physical_length
2025-09-02 15:07:13.411 | INFO     | Pendulum.PendulumAPP:_processSerialData:120 - 📏 串口长度数据已更新: L27.924513 -> physical_length=27.924513
2025-09-02 15:07:13.412 | INFO     | Pendulum.PendulumAPP:_processSerialData:121 - 🔄 数据来源: 串口接收 -> PendulumState.physical_length
2025-09-02 15:07:13.458 | INFO     | Pendulum.PendulumAPP:_processSerialData:120 - 📏 串口长度数据已更新: L27.924513 -> physical_length=27.924513
2025-09-02 15:07:13.459 | INFO     | Pendulum.PendulumAPP:_processSerialData:121 - 🔄 数据来源: 串口接收 -> PendulumState.physical_length
2025-09-02 15:07:13.506 | INFO     | Pendulum.PendulumAPP:_processSerialData:120 - 📏 串口长度数据已更新: L27.924513 -> physical_length=27.924513
2025-09-02 15:07:13.509 | INFO     | Pendulum.PendulumAPP:_processSerialData:121 - 🔄 数据来源: 串口接收 -> PendulumState.physical_length
2025-09-02 15:07:13.552 | INFO     | Pendulum.PendulumAPP:_processSerialData:120 - 📏 串口长度数据已更新: L27.924513 -> physical_length=27.924513
2025-09-02 15:07:13.552 | INFO     | Pendulum.PendulumAPP:_processSerialData:121 - 🔄 数据来源: 串口接收 -> PendulumState.physical_length
2025-09-02 15:07:13.598 | INFO     | Pendulum.PendulumAPP:_processSerialData:120 - 📏 串口长度数据已更新: L27.924513 -> physical_length=27.924513
2025-09-02 15:07:13.600 | INFO     | Pendulum.PendulumAPP:_processSerialData:121 - 🔄 数据来源: 串口接收 -> PendulumState.physical_length
2025-09-02 15:07:13.645 | INFO     | Pendulum.PendulumAPP:_processSerialData:120 - 📏 串口长度数据已更新: L27.924513 -> physical_length=27.924513
2025-09-02 15:07:13.647 | INFO     | Pendulum.PendulumAPP:_processSerialData:121 - 🔄 数据来源: 串口接收 -> PendulumState.physical_length
2025-09-02 15:07:13.692 | INFO     | Pendulum.PendulumAPP:_processSerialData:120 - 📏 串口长度数据已更新: L27.924513 -> physical_length=27.924513
2025-09-02 15:07:13.696 | INFO     | Pendulum.PendulumAPP:_processSerialData:121 - 🔄 数据来源: 串口接收 -> PendulumState.physical_length
2025-09-02 15:07:13.739 | INFO     | Pendulum.PendulumAPP:_processSerialData:120 - 📏 串口长度数据已更新: L27.924513 -> physical_length=27.924513
2025-09-02 15:07:13.740 | INFO     | Pendulum.PendulumAPP:_processSerialData:121 - 🔄 数据来源: 串口接收 -> PendulumState.physical_length
2025-09-02 15:07:13.787 | INFO     | Pendulum.PendulumAPP:_processSerialData:120 - 📏 串口长度数据已更新: L27.924513 -> physical_length=27.924513
2025-09-02 15:07:13.788 | INFO     | Pendulum.PendulumAPP:_processSerialData:121 - 🔄 数据来源: 串口接收 -> PendulumState.physical_length
2025-09-02 15:07:13.821 | INFO     | Pendulum.PendulumCore:cleanRef:487 - 已删除摆轴固定点、参考角度、参考向量和自动检测摆轴
2025-09-02 15:07:13.822 | INFO     | Pendulum.PendulumAPP:_keyEventWeb:236 - 已删除摆轴固定点和参考角度
2025-09-02 15:07:13.824 | INFO     | Pendulum.PendulumCore:cleanRef:487 - 已删除摆轴固定点、参考角度、参考向量和自动检测摆轴
2025-09-02 15:07:13.826 | INFO     | Pendulum.PendulumAPP:_keyEventWeb:236 - 已删除摆轴固定点和参考角度
2025-09-02 15:07:13.834 | INFO     | Pendulum.PendulumAPP:_processSerialData:120 - 📏 串口长度数据已更新: L27.924513 -> physical_length=27.924513
2025-09-02 15:07:13.835 | INFO     | Pendulum.PendulumAPP:_processSerialData:121 - 🔄 数据来源: 串口接收 -> PendulumState.physical_length
2025-09-02 15:07:13.896 | INFO     | Pendulum.PendulumAPP:_processSerialData:120 - 📏 串口长度数据已更新: L27.924513 -> physical_length=27.924513
2025-09-02 15:07:13.897 | INFO     | Pendulum.PendulumAPP:_processSerialData:121 - 🔄 数据来源: 串口接收 -> PendulumState.physical_length
2025-09-02 15:07:13.957 | INFO     | Pendulum.PendulumAPP:_processSerialData:120 - 📏 串口长度数据已更新: L27.924513 -> physical_length=27.924513
2025-09-02 15:07:13.958 | INFO     | Pendulum.PendulumAPP:_processSerialData:121 - 🔄 数据来源: 串口接收 -> PendulumState.physical_length
2025-09-02 15:07:13.993 | INFO     | Pendulum.PendulumCore:autoDetectPivot:446 - 自动检测并设置摆轴: (294, 0), 置信度: 26.917
2025-09-02 15:07:14.019 | INFO     | Pendulum.PendulumAPP:_processSerialData:120 - 📏 串口长度数据已更新: L27.924513 -> physical_length=27.924513
2025-09-02 15:07:14.021 | INFO     | Pendulum.PendulumAPP:_processSerialData:121 - 🔄 数据来源: 串口接收 -> PendulumState.physical_length
2025-09-02 15:07:14.067 | INFO     | Pendulum.PendulumAPP:_processSerialData:120 - 📏 串口长度数据已更新: L27.924513 -> physical_length=27.924513
2025-09-02 15:07:14.070 | INFO     | Pendulum.PendulumAPP:_processSerialData:121 - 🔄 数据来源: 串口接收 -> PendulumState.physical_length
2025-09-02 15:07:14.114 | INFO     | Pendulum.PendulumAPP:_processSerialData:120 - 📏 串口长度数据已更新: L27.924513 -> physical_length=27.924513
2025-09-02 15:07:14.114 | INFO     | Pendulum.PendulumAPP:_processSerialData:121 - 🔄 数据来源: 串口接收 -> PendulumState.physical_length
2025-09-02 15:07:14.158 | INFO     | Pendulum.PendulumAPP:_processSerialData:120 - 📏 串口长度数据已更新: L27.924513 -> physical_length=27.924513
2025-09-02 15:07:14.159 | INFO     | Pendulum.PendulumAPP:_processSerialData:121 - 🔄 数据来源: 串口接收 -> PendulumState.physical_length
2025-09-02 15:07:14.205 | INFO     | Pendulum.PendulumAPP:_processSerialData:120 - 📏 串口长度数据已更新: L27.924513 -> physical_length=27.924513
2025-09-02 15:07:14.206 | INFO     | Pendulum.PendulumAPP:_processSerialData:121 - 🔄 数据来源: 串口接收 -> PendulumState.physical_length
2025-09-02 15:07:14.252 | INFO     | Pendulum.PendulumAPP:_processSerialData:120 - 📏 串口长度数据已更新: L27.924513 -> physical_length=27.924513
2025-09-02 15:07:14.253 | INFO     | Pendulum.PendulumAPP:_processSerialData:121 - 🔄 数据来源: 串口接收 -> PendulumState.physical_length
2025-09-02 15:07:14.298 | INFO     | Pendulum.PendulumAPP:_processSerialData:120 - 📏 串口长度数据已更新: L27.924513 -> physical_length=27.924513
2025-09-02 15:07:14.299 | INFO     | Pendulum.PendulumAPP:_processSerialData:121 - 🔄 数据来源: 串口接收 -> PendulumState.physical_length
2025-09-02 15:07:14.345 | INFO     | Pendulum.PendulumAPP:_processSerialData:120 - 📏 串口长度数据已更新: L27.924513 -> physical_length=27.924513
2025-09-02 15:07:14.346 | INFO     | Pendulum.PendulumAPP:_processSerialData:121 - 🔄 数据来源: 串口接收 -> PendulumState.physical_length
2025-09-02 15:07:14.393 | INFO     | Pendulum.PendulumAPP:_processSerialData:120 - 📏 串口长度数据已更新: L27.924513 -> physical_length=27.924513
2025-09-02 15:07:14.394 | INFO     | Pendulum.PendulumAPP:_processSerialData:121 - 🔄 数据来源: 串口接收 -> PendulumState.physical_length
2025-09-02 15:07:14.439 | INFO     | Pendulum.PendulumAPP:_processSerialData:120 - 📏 串口长度数据已更新: L27.924513 -> physical_length=27.924513
2025-09-02 15:07:14.440 | INFO     | Pendulum.PendulumAPP:_processSerialData:121 - 🔄 数据来源: 串口接收 -> PendulumState.physical_length
2025-09-02 15:07:14.486 | INFO     | Pendulum.PendulumAPP:_processSerialData:120 - 📏 串口长度数据已更新: L27.924513 -> physical_length=27.924513
2025-09-02 15:07:14.487 | INFO     | Pendulum.PendulumAPP:_processSerialData:121 - 🔄 数据来源: 串口接收 -> PendulumState.physical_length
2025-09-02 15:07:14.533 | INFO     | Pendulum.PendulumAPP:_processSerialData:120 - 📏 串口长度数据已更新: L27.924513 -> physical_length=27.924513
2025-09-02 15:07:14.535 | INFO     | Pendulum.PendulumAPP:_processSerialData:121 - 🔄 数据来源: 串口接收 -> PendulumState.physical_length
2025-09-02 15:07:14.579 | INFO     | Pendulum.PendulumAPP:_processSerialData:120 - 📏 串口长度数据已更新: L27.924513 -> physical_length=27.924513
2025-09-02 15:07:14.580 | INFO     | Pendulum.PendulumAPP:_processSerialData:121 - 🔄 数据来源: 串口接收 -> PendulumState.physical_length
2025-09-02 15:07:14.626 | INFO     | Pendulum.PendulumAPP:_processSerialData:120 - 📏 串口长度数据已更新: L27.924513 -> physical_length=27.924513
2025-09-02 15:07:14.627 | INFO     | Pendulum.PendulumAPP:_processSerialData:121 - 🔄 数据来源: 串口接收 -> PendulumState.physical_length
2025-09-02 15:07:14.673 | INFO     | Pendulum.PendulumAPP:_processSerialData:120 - 📏 串口长度数据已更新: L27.924513 -> physical_length=27.924513
2025-09-02 15:07:14.675 | INFO     | Pendulum.PendulumAPP:_processSerialData:121 - 🔄 数据来源: 串口接收 -> PendulumState.physical_length
2025-09-02 15:07:14.719 | INFO     | Pendulum.PendulumAPP:_processSerialData:120 - 📏 串口长度数据已更新: L27.924513 -> physical_length=27.924513
2025-09-02 15:07:14.720 | INFO     | Pendulum.PendulumAPP:_processSerialData:121 - 🔄 数据来源: 串口接收 -> PendulumState.physical_length
2025-09-02 15:07:14.768 | INFO     | Pendulum.PendulumAPP:_processSerialData:120 - 📏 串口长度数据已更新: L27.924513 -> physical_length=27.924513
2025-09-02 15:07:14.769 | INFO     | Pendulum.PendulumAPP:_processSerialData:121 - 🔄 数据来源: 串口接收 -> PendulumState.physical_length
2025-09-02 15:07:14.812 | INFO     | Pendulum.PendulumAPP:_processSerialData:120 - 📏 串口长度数据已更新: L27.924513 -> physical_length=27.924513
2025-09-02 15:07:14.813 | INFO     | Pendulum.PendulumAPP:_processSerialData:121 - 🔄 数据来源: 串口接收 -> PendulumState.physical_length
2025-09-02 15:07:14.859 | INFO     | Pendulum.PendulumAPP:_processSerialData:120 - 📏 串口长度数据已更新: L27.924513 -> physical_length=27.924513
2025-09-02 15:07:14.860 | INFO     | Pendulum.PendulumAPP:_processSerialData:121 - 🔄 数据来源: 串口接收 -> PendulumState.physical_length
2025-09-02 15:07:14.905 | INFO     | Pendulum.PendulumAPP:_processSerialData:120 - 📏 串口长度数据已更新: L27.924513 -> physical_length=27.924513
2025-09-02 15:07:14.908 | INFO     | Pendulum.PendulumAPP:_processSerialData:121 - 🔄 数据来源: 串口接收 -> PendulumState.physical_length
2025-09-02 15:07:14.951 | INFO     | Pendulum.PendulumCore:cleanRef:487 - 已删除摆轴固定点、参考角度、参考向量和自动检测摆轴
2025-09-02 15:07:14.953 | INFO     | Pendulum.PendulumAPP:_keyEventWeb:236 - 已删除摆轴固定点和参考角度
2025-09-02 15:07:14.954 | INFO     | Pendulum.PendulumCore:cleanRef:487 - 已删除摆轴固定点、参考角度、参考向量和自动检测摆轴
2025-09-02 15:07:14.956 | INFO     | Pendulum.PendulumAPP:_keyEventWeb:236 - 已删除摆轴固定点和参考角度
2025-09-02 15:07:14.967 | INFO     | Pendulum.PendulumAPP:_processSerialData:120 - 📏 串口长度数据已更新: L27.924513 -> physical_length=27.924513
2025-09-02 15:07:14.969 | INFO     | Pendulum.PendulumAPP:_processSerialData:121 - 🔄 数据来源: 串口接收 -> PendulumState.physical_length
2025-09-02 15:07:15.029 | INFO     | Pendulum.PendulumAPP:_processSerialData:120 - 📏 串口长度数据已更新: L27.924513 -> physical_length=27.924513
2025-09-02 15:07:15.030 | INFO     | Pendulum.PendulumAPP:_processSerialData:121 - 🔄 数据来源: 串口接收 -> PendulumState.physical_length
2025-09-02 15:07:15.076 | INFO     | Pendulum.PendulumAPP:_processSerialData:120 - 📏 串口长度数据已更新: L27.924513 -> physical_length=27.924513
2025-09-02 15:07:15.076 | INFO     | Pendulum.PendulumAPP:_processSerialData:121 - 🔄 数据来源: 串口接收 -> PendulumState.physical_length
2025-09-02 15:07:15.107 | INFO     | Pendulum.PendulumCore:autoDetectPivot:446 - 自动检测并设置摆轴: (284, 0), 置信度: 27.282
2025-09-02 15:07:15.122 | INFO     | Pendulum.PendulumAPP:_processSerialData:120 - 📏 串口长度数据已更新: L27.924513 -> physical_length=27.924513
2025-09-02 15:07:15.123 | INFO     | Pendulum.PendulumAPP:_processSerialData:121 - 🔄 数据来源: 串口接收 -> PendulumState.physical_length
2025-09-02 15:07:15.169 | INFO     | Pendulum.PendulumAPP:_processSerialData:120 - 📏 串口长度数据已更新: L27.924513 -> physical_length=27.924513
2025-09-02 15:07:15.170 | INFO     | Pendulum.PendulumAPP:_processSerialData:121 - 🔄 数据来源: 串口接收 -> PendulumState.physical_length
2025-09-02 15:07:15.215 | INFO     | Pendulum.PendulumAPP:_processSerialData:120 - 📏 串口长度数据已更新: L27.924513 -> physical_length=27.924513
2025-09-02 15:07:15.215 | INFO     | Pendulum.PendulumAPP:_processSerialData:121 - 🔄 数据来源: 串口接收 -> PendulumState.physical_length
2025-09-02 15:07:15.263 | INFO     | Pendulum.PendulumAPP:_processSerialData:120 - 📏 串口长度数据已更新: L27.924513 -> physical_length=27.924513
2025-09-02 15:07:15.263 | INFO     | Pendulum.PendulumAPP:_processSerialData:121 - 🔄 数据来源: 串口接收 -> PendulumState.physical_length
2025-09-02 15:07:15.308 | INFO     | Pendulum.PendulumAPP:_processSerialData:120 - 📏 串口长度数据已更新: L27.924513 -> physical_length=27.924513
2025-09-02 15:07:15.308 | INFO     | Pendulum.PendulumAPP:_processSerialData:121 - 🔄 数据来源: 串口接收 -> PendulumState.physical_length
2025-09-02 15:07:15.355 | INFO     | Pendulum.PendulumAPP:_processSerialData:120 - 📏 串口长度数据已更新: L27.924513 -> physical_length=27.924513
2025-09-02 15:07:15.357 | INFO     | Pendulum.PendulumAPP:_processSerialData:121 - 🔄 数据来源: 串口接收 -> PendulumState.physical_length
2025-09-02 15:07:15.401 | INFO     | Pendulum.PendulumAPP:_processSerialData:120 - 📏 串口长度数据已更新: L27.924513 -> physical_length=27.924513
2025-09-02 15:07:15.404 | INFO     | Pendulum.PendulumAPP:_processSerialData:121 - 🔄 数据来源: 串口接收 -> PendulumState.physical_length
2025-09-02 15:07:15.449 | INFO     | Pendulum.PendulumAPP:_processSerialData:120 - 📏 串口长度数据已更新: L27.924513 -> physical_length=27.924513
2025-09-02 15:07:15.451 | INFO     | Pendulum.PendulumAPP:_processSerialData:121 - 🔄 数据来源: 串口接收 -> PendulumState.physical_length
2025-09-02 15:07:15.496 | INFO     | Pendulum.PendulumAPP:_processSerialData:120 - 📏 串口长度数据已更新: L27.924513 -> physical_length=27.924513
2025-09-02 15:07:15.498 | INFO     | Pendulum.PendulumAPP:_processSerialData:121 - 🔄 数据来源: 串口接收 -> PendulumState.physical_length
2025-09-02 15:07:15.543 | INFO     | Pendulum.PendulumAPP:_processSerialData:120 - 📏 串口长度数据已更新: L27.924513 -> physical_length=27.924513
2025-09-02 15:07:15.546 | INFO     | Pendulum.PendulumAPP:_processSerialData:121 - 🔄 数据来源: 串口接收 -> PendulumState.physical_length
2025-09-02 15:07:15.589 | INFO     | Pendulum.PendulumAPP:_processSerialData:120 - 📏 串口长度数据已更新: L27.924513 -> physical_length=27.924513
2025-09-02 15:07:15.590 | INFO     | Pendulum.PendulumAPP:_processSerialData:121 - 🔄 数据来源: 串口接收 -> PendulumState.physical_length
2025-09-02 15:07:15.635 | INFO     | Pendulum.PendulumCore:cleanRef:487 - 已删除摆轴固定点、参考角度、参考向量和自动检测摆轴
2025-09-02 15:07:15.636 | INFO     | Pendulum.PendulumAPP:_keyEventWeb:236 - 已删除摆轴固定点和参考角度
2025-09-02 15:07:15.638 | INFO     | Pendulum.PendulumCore:cleanRef:487 - 已删除摆轴固定点、参考角度、参考向量和自动检测摆轴
2025-09-02 15:07:15.638 | INFO     | Pendulum.PendulumAPP:_keyEventWeb:236 - 已删除摆轴固定点和参考角度
2025-09-02 15:07:15.651 | INFO     | Pendulum.PendulumAPP:_processSerialData:120 - 📏 串口长度数据已更新: L27.924513 -> physical_length=27.924513
2025-09-02 15:07:15.652 | INFO     | Pendulum.PendulumAPP:_processSerialData:121 - 🔄 数据来源: 串口接收 -> PendulumState.physical_length
2025-09-02 15:07:15.713 | INFO     | Pendulum.PendulumAPP:_processSerialData:120 - 📏 串口长度数据已更新: L27.924513 -> physical_length=27.924513
2025-09-02 15:07:15.714 | INFO     | Pendulum.PendulumAPP:_processSerialData:121 - 🔄 数据来源: 串口接收 -> PendulumState.physical_length
2025-09-02 15:07:15.759 | INFO     | Pendulum.PendulumAPP:_processSerialData:120 - 📏 串口长度数据已更新: L27.924513 -> physical_length=27.924513
2025-09-02 15:07:15.761 | INFO     | Pendulum.PendulumAPP:_processSerialData:121 - 🔄 数据来源: 串口接收 -> PendulumState.physical_length
2025-09-02 15:07:15.805 | INFO     | Pendulum.PendulumAPP:_processSerialData:120 - 📏 串口长度数据已更新: L27.924513 -> physical_length=27.924513
2025-09-02 15:07:15.806 | INFO     | Pendulum.PendulumAPP:_processSerialData:121 - 🔄 数据来源: 串口接收 -> PendulumState.physical_length
2025-09-02 15:07:15.851 | INFO     | Pendulum.PendulumAPP:_processSerialData:120 - 📏 串口长度数据已更新: L27.924513 -> physical_length=27.924513
2025-09-02 15:07:15.852 | INFO     | Pendulum.PendulumAPP:_processSerialData:121 - 🔄 数据来源: 串口接收 -> PendulumState.physical_length
2025-09-02 15:07:15.897 | INFO     | Pendulum.PendulumAPP:_processSerialData:120 - 📏 串口长度数据已更新: L27.924513 -> physical_length=27.924513
2025-09-02 15:07:15.898 | INFO     | Pendulum.PendulumAPP:_processSerialData:121 - 🔄 数据来源: 串口接收 -> PendulumState.physical_length
2025-09-02 15:07:15.932 | INFO     | Pendulum.PendulumCore:autoDetectPivot:446 - 自动检测并设置摆轴: (320, 0), 置信度: 25.691
2025-09-02 15:07:15.958 | INFO     | Pendulum.PendulumAPP:_processSerialData:120 - 📏 串口长度数据已更新: L27.924513 -> physical_length=27.924513
2025-09-02 15:07:15.958 | INFO     | Pendulum.PendulumAPP:_processSerialData:121 - 🔄 数据来源: 串口接收 -> PendulumState.physical_length
2025-09-02 15:07:16.005 | INFO     | Pendulum.PendulumAPP:_processSerialData:120 - 📏 串口长度数据已更新: L27.924513 -> physical_length=27.924513
2025-09-02 15:07:16.006 | INFO     | Pendulum.PendulumAPP:_processSerialData:121 - 🔄 数据来源: 串口接收 -> PendulumState.physical_length
2025-09-02 15:07:16.050 | INFO     | Pendulum.PendulumAPP:_processSerialData:120 - 📏 串口长度数据已更新: L27.924513 -> physical_length=27.924513
2025-09-02 15:07:16.053 | INFO     | Pendulum.PendulumAPP:_processSerialData:121 - 🔄 数据来源: 串口接收 -> PendulumState.physical_length
2025-09-02 15:07:16.096 | INFO     | Pendulum.PendulumAPP:_processSerialData:120 - 📏 串口长度数据已更新: L27.924513 -> physical_length=27.924513
2025-09-02 15:07:16.098 | INFO     | Pendulum.PendulumAPP:_processSerialData:121 - 🔄 数据来源: 串口接收 -> PendulumState.physical_length
2025-09-02 15:07:16.142 | INFO     | Pendulum.PendulumAPP:_processSerialData:120 - 📏 串口长度数据已更新: L27.924513 -> physical_length=27.924513
2025-09-02 15:07:16.143 | INFO     | Pendulum.PendulumAPP:_processSerialData:121 - 🔄 数据来源: 串口接收 -> PendulumState.physical_length
2025-09-02 15:07:16.188 | INFO     | Pendulum.PendulumAPP:_processSerialData:120 - 📏 串口长度数据已更新: L27.924513 -> physical_length=27.924513
2025-09-02 15:07:16.189 | INFO     | Pendulum.PendulumAPP:_processSerialData:121 - 🔄 数据来源: 串口接收 -> PendulumState.physical_length
2025-09-02 15:07:16.235 | INFO     | Pendulum.PendulumAPP:_processSerialData:120 - 📏 串口长度数据已更新: L27.924513 -> physical_length=27.924513
2025-09-02 15:07:16.237 | INFO     | Pendulum.PendulumAPP:_processSerialData:121 - 🔄 数据来源: 串口接收 -> PendulumState.physical_length
2025-09-02 15:07:16.282 | INFO     | Pendulum.PendulumAPP:_processSerialData:120 - 📏 串口长度数据已更新: L27.924513 -> physical_length=27.924513
2025-09-02 15:07:16.283 | INFO     | Pendulum.PendulumAPP:_processSerialData:121 - 🔄 数据来源: 串口接收 -> PendulumState.physical_length
2025-09-02 15:07:16.329 | INFO     | Pendulum.PendulumAPP:_processSerialData:120 - 📏 串口长度数据已更新: L27.924513 -> physical_length=27.924513
2025-09-02 15:07:16.332 | INFO     | Pendulum.PendulumAPP:_processSerialData:121 - 🔄 数据来源: 串口接收 -> PendulumState.physical_length
2025-09-02 15:07:16.374 | INFO     | Pendulum.PendulumAPP:_processSerialData:120 - 📏 串口长度数据已更新: L27.924513 -> physical_length=27.924513
2025-09-02 15:07:16.375 | INFO     | Pendulum.PendulumAPP:_processSerialData:121 - 🔄 数据来源: 串口接收 -> PendulumState.physical_length
2025-09-02 15:07:16.421 | INFO     | Pendulum.PendulumAPP:_processSerialData:120 - 📏 串口长度数据已更新: L27.924513 -> physical_length=27.924513
2025-09-02 15:07:16.422 | INFO     | Pendulum.PendulumAPP:_processSerialData:121 - 🔄 数据来源: 串口接收 -> PendulumState.physical_length
2025-09-02 15:07:16.471 | INFO     | Pendulum.PendulumAPP:_processSerialData:120 - 📏 串口长度数据已更新: L27.924513 -> physical_length=27.924513
2025-09-02 15:07:16.472 | INFO     | Pendulum.PendulumAPP:_processSerialData:121 - 🔄 数据来源: 串口接收 -> PendulumState.physical_length
2025-09-02 15:07:16.513 | INFO     | Pendulum.PendulumAPP:_processSerialData:120 - 📏 串口长度数据已更新: L27.924513 -> physical_length=27.924513
2025-09-02 15:07:16.514 | INFO     | Pendulum.PendulumAPP:_processSerialData:121 - 🔄 数据来源: 串口接收 -> PendulumState.physical_length
2025-09-02 15:07:16.560 | INFO     | Pendulum.PendulumAPP:_processSerialData:120 - 📏 串口长度数据已更新: L27.924513 -> physical_length=27.924513
2025-09-02 15:07:16.561 | INFO     | Pendulum.PendulumAPP:_processSerialData:121 - 🔄 数据来源: 串口接收 -> PendulumState.physical_length
2025-09-02 15:07:16.607 | INFO     | Pendulum.PendulumAPP:_processSerialData:120 - 📏 串口长度数据已更新: L27.924513 -> physical_length=27.924513
2025-09-02 15:07:16.610 | INFO     | Pendulum.PendulumAPP:_processSerialData:121 - 🔄 数据来源: 串口接收 -> PendulumState.physical_length
2025-09-02 15:07:16.652 | INFO     | Pendulum.PendulumAPP:_processSerialData:120 - 📏 串口长度数据已更新: L27.924513 -> physical_length=27.924513
2025-09-02 15:07:16.656 | INFO     | Pendulum.PendulumAPP:_processSerialData:121 - 🔄 数据来源: 串口接收 -> PendulumState.physical_length
2025-09-02 15:07:16.699 | INFO     | Pendulum.PendulumAPP:_processSerialData:120 - 📏 串口长度数据已更新: L27.924513 -> physical_length=27.924513
2025-09-02 15:07:16.704 | INFO     | Pendulum.PendulumAPP:_processSerialData:121 - 🔄 数据来源: 串口接收 -> PendulumState.physical_length
2025-09-02 15:07:16.745 | INFO     | Pendulum.PendulumAPP:_processSerialData:120 - 📏 串口长度数据已更新: L27.924513 -> physical_length=27.924513
2025-09-02 15:07:16.746 | INFO     | Pendulum.PendulumAPP:_processSerialData:121 - 🔄 数据来源: 串口接收 -> PendulumState.physical_length
2025-09-02 15:07:16.792 | INFO     | Pendulum.PendulumAPP:_processSerialData:120 - 📏 串口长度数据已更新: L27.924513 -> physical_length=27.924513
2025-09-02 15:07:16.793 | INFO     | Pendulum.PendulumAPP:_processSerialData:121 - 🔄 数据来源: 串口接收 -> PendulumState.physical_length
2025-09-02 15:07:16.839 | INFO     | Pendulum.PendulumAPP:_processSerialData:120 - 📏 串口长度数据已更新: L27.924513 -> physical_length=27.924513
2025-09-02 15:07:16.839 | INFO     | Pendulum.PendulumAPP:_processSerialData:121 - 🔄 数据来源: 串口接收 -> PendulumState.physical_length
2025-09-02 15:07:16.886 | INFO     | Pendulum.PendulumAPP:_processSerialData:120 - 📏 串口长度数据已更新: L27.924513 -> physical_length=27.924513
2025-09-02 15:07:16.889 | INFO     | Pendulum.PendulumAPP:_processSerialData:121 - 🔄 数据来源: 串口接收 -> PendulumState.physical_length
2025-09-02 15:07:16.921 | INFO     | Pendulum.PendulumCore:setReferenceAngle:474 - 参考摆线向量设为: (-8, 1086) (摆轴: (320, 0))
2025-09-02 15:07:16.926 | INFO     | Pendulum.PendulumCore:setReferenceAngle:475 - 参考角度设为: -0.42°
2025-09-02 15:07:16.929 | INFO     | Pendulum.PendulumAPP:_keyEventWeb:228 - 参考角度设为: -0.42 deg
2025-09-02 15:07:16.930 | INFO     | Pendulum.SerialConncet:send:199 - sendz
2025-09-02 15:07:16.932 | INFO     | Pendulum.SerialConncet:send:201 - [发送] z
2025-09-02 15:07:16.933 | INFO     | Pendulum.PendulumAPP:_keyEventWeb:233 - z信号已发送到单片机
2025-09-02 15:07:16.935 | INFO     | Pendulum.PendulumCore:setReferenceAngle:474 - 参考摆线向量设为: (-8, 1086) (摆轴: (320, 0))
2025-09-02 15:07:16.936 | INFO     | Pendulum.PendulumCore:setReferenceAngle:475 - 参考角度设为: -0.42°
2025-09-02 15:07:16.937 | INFO     | Pendulum.PendulumAPP:_keyEventWeb:228 - 参考角度设为: -0.42 deg
2025-09-02 15:07:16.938 | INFO     | Pendulum.SerialConncet:send:199 - sendz
2025-09-02 15:07:16.939 | INFO     | Pendulum.SerialConncet:send:201 - [发送] z
2025-09-02 15:07:16.940 | INFO     | Pendulum.PendulumAPP:_keyEventWeb:233 - z信号已发送到单片机
2025-09-02 15:07:16.948 | INFO     | Pendulum.PendulumAPP:_processSerialData:120 - 📏 串口长度数据已更新: L27.924513 -> physical_length=27.924513
2025-09-02 15:07:16.949 | INFO     | Pendulum.PendulumAPP:_processSerialData:121 - 🔄 数据来源: 串口接收 -> PendulumState.physical_length
2025-09-02 15:07:16.994 | INFO     | Pendulum.PendulumAPP:_processSerialData:120 - 📏 串口长度数据已更新: L27.924513 -> physical_length=27.924513
2025-09-02 15:07:16.996 | INFO     | Pendulum.PendulumAPP:_processSerialData:121 - 🔄 数据来源: 串口接收 -> PendulumState.physical_length
2025-09-02 15:07:17.042 | INFO     | Pendulum.PendulumAPP:_processSerialData:120 - 📏 串口长度数据已更新: L27.924513 -> physical_length=27.924513
2025-09-02 15:07:17.043 | INFO     | Pendulum.PendulumAPP:_processSerialData:121 - 🔄 数据来源: 串口接收 -> PendulumState.physical_length
2025-09-02 15:07:17.089 | INFO     | Pendulum.PendulumAPP:_processSerialData:120 - 📏 串口长度数据已更新: L27.924513 -> physical_length=27.924513
2025-09-02 15:07:17.089 | INFO     | Pendulum.PendulumAPP:_processSerialData:121 - 🔄 数据来源: 串口接收 -> PendulumState.physical_length
2025-09-02 15:07:17.135 | INFO     | Pendulum.PendulumAPP:_processSerialData:120 - 📏 串口长度数据已更新: L27.924513 -> physical_length=27.924513
2025-09-02 15:07:17.137 | INFO     | Pendulum.PendulumAPP:_processSerialData:121 - 🔄 数据来源: 串口接收 -> PendulumState.physical_length
2025-09-02 15:07:17.180 | INFO     | Pendulum.PendulumAPP:_processSerialData:120 - 📏 串口长度数据已更新: L27.924513 -> physical_length=27.924513
2025-09-02 15:07:17.182 | INFO     | Pendulum.PendulumAPP:_processSerialData:121 - 🔄 数据来源: 串口接收 -> PendulumState.physical_length
2025-09-02 15:07:17.227 | INFO     | Pendulum.PendulumAPP:_processSerialData:120 - 📏 串口长度数据已更新: L27.924513 -> physical_length=27.924513
2025-09-02 15:07:17.230 | INFO     | Pendulum.PendulumAPP:_processSerialData:121 - 🔄 数据来源: 串口接收 -> PendulumState.physical_length
2025-09-02 15:07:17.274 | INFO     | Pendulum.PendulumAPP:_processSerialData:120 - 📏 串口长度数据已更新: L27.924513 -> physical_length=27.924513
2025-09-02 15:07:17.276 | INFO     | Pendulum.PendulumAPP:_processSerialData:121 - 🔄 数据来源: 串口接收 -> PendulumState.physical_length
2025-09-02 15:07:17.319 | INFO     | Pendulum.PendulumAPP:_processSerialData:120 - 📏 串口长度数据已更新: L27.924513 -> physical_length=27.924513
2025-09-02 15:07:17.320 | INFO     | Pendulum.PendulumAPP:_processSerialData:121 - 🔄 数据来源: 串口接收 -> PendulumState.physical_length
2025-09-02 15:07:17.366 | INFO     | Pendulum.PendulumAPP:_processSerialData:120 - 📏 串口长度数据已更新: L27.924513 -> physical_length=27.924513
2025-09-02 15:07:17.366 | INFO     | Pendulum.PendulumAPP:_processSerialData:121 - 🔄 数据来源: 串口接收 -> PendulumState.physical_length
2025-09-02 15:07:17.413 | INFO     | Pendulum.PendulumAPP:_processSerialData:120 - 📏 串口长度数据已更新: L27.924513 -> physical_length=27.924513
2025-09-02 15:07:17.414 | INFO     | Pendulum.PendulumAPP:_processSerialData:121 - 🔄 数据来源: 串口接收 -> PendulumState.physical_length
2025-09-02 15:07:17.460 | INFO     | Pendulum.PendulumAPP:_processSerialData:120 - 📏 串口长度数据已更新: L27.924513 -> physical_length=27.924513
2025-09-02 15:07:17.462 | INFO     | Pendulum.PendulumAPP:_processSerialData:121 - 🔄 数据来源: 串口接收 -> PendulumState.physical_length
2025-09-02 15:07:17.506 | INFO     | Pendulum.PendulumAPP:_processSerialData:120 - 📏 串口长度数据已更新: L27.924513 -> physical_length=27.924513
2025-09-02 15:07:17.507 | INFO     | Pendulum.PendulumAPP:_processSerialData:121 - 🔄 数据来源: 串口接收 -> PendulumState.physical_length
2025-09-02 15:07:17.554 | INFO     | Pendulum.PendulumAPP:_processSerialData:120 - 📏 串口长度数据已更新: L27.924513 -> physical_length=27.924513
2025-09-02 15:07:17.555 | INFO     | Pendulum.PendulumAPP:_processSerialData:121 - 🔄 数据来源: 串口接收 -> PendulumState.physical_length
2025-09-02 15:07:17.601 | INFO     | Pendulum.PendulumAPP:_processSerialData:120 - 📏 串口长度数据已更新: L27.924513 -> physical_length=27.924513
2025-09-02 15:07:17.603 | INFO     | Pendulum.PendulumAPP:_processSerialData:121 - 🔄 数据来源: 串口接收 -> PendulumState.physical_length
2025-09-02 15:07:17.647 | INFO     | Pendulum.PendulumAPP:_processSerialData:120 - 📏 串口长度数据已更新: L27.924513 -> physical_length=27.924513
2025-09-02 15:07:17.648 | INFO     | Pendulum.PendulumAPP:_processSerialData:121 - 🔄 数据来源: 串口接收 -> PendulumState.physical_length
2025-09-02 15:07:17.693 | INFO     | Pendulum.PendulumAPP:_processSerialData:120 - 📏 串口长度数据已更新: L27.924513 -> physical_length=27.924513
2025-09-02 15:07:17.694 | INFO     | Pendulum.PendulumAPP:_processSerialData:121 - 🔄 数据来源: 串口接收 -> PendulumState.physical_length
2025-09-02 15:07:17.739 | INFO     | Pendulum.PendulumAPP:_processSerialData:120 - 📏 串口长度数据已更新: L27.924513 -> physical_length=27.924513
2025-09-02 15:07:17.740 | INFO     | Pendulum.PendulumAPP:_processSerialData:121 - 🔄 数据来源: 串口接收 -> PendulumState.physical_length
2025-09-02 15:07:17.785 | INFO     | Pendulum.PendulumAPP:_processSerialData:120 - 📏 串口长度数据已更新: L27.924513 -> physical_length=27.924513
2025-09-02 15:07:17.788 | INFO     | Pendulum.PendulumAPP:_processSerialData:121 - 🔄 数据来源: 串口接收 -> PendulumState.physical_length
2025-09-02 15:07:17.831 | INFO     | Pendulum.PendulumAPP:_processSerialData:120 - 📏 串口长度数据已更新: L27.924513 -> physical_length=27.924513
2025-09-02 15:07:17.833 | INFO     | Pendulum.PendulumAPP:_processSerialData:121 - 🔄 数据来源: 串口接收 -> PendulumState.physical_length
2025-09-02 15:07:17.878 | INFO     | Pendulum.PendulumAPP:_processSerialData:120 - 📏 串口长度数据已更新: L27.924513 -> physical_length=27.924513
2025-09-02 15:07:17.879 | INFO     | Pendulum.PendulumAPP:_processSerialData:121 - 🔄 数据来源: 串口接收 -> PendulumState.physical_length
2025-09-02 15:07:17.924 | INFO     | Pendulum.PendulumAPP:_processSerialData:120 - 📏 串口长度数据已更新: L27.924513 -> physical_length=27.924513
2025-09-02 15:07:17.924 | INFO     | Pendulum.PendulumAPP:_processSerialData:121 - 🔄 数据来源: 串口接收 -> PendulumState.physical_length
2025-09-02 15:07:17.970 | INFO     | Pendulum.PendulumAPP:_processSerialData:120 - 📏 串口长度数据已更新: L27.924513 -> physical_length=27.924513
2025-09-02 15:07:17.971 | INFO     | Pendulum.PendulumAPP:_processSerialData:121 - 🔄 数据来源: 串口接收 -> PendulumState.physical_length
2025-09-02 15:07:18.016 | INFO     | Pendulum.PendulumAPP:_processSerialData:120 - 📏 串口长度数据已更新: L27.924513 -> physical_length=27.924513
2025-09-02 15:07:18.017 | INFO     | Pendulum.PendulumAPP:_processSerialData:121 - 🔄 数据来源: 串口接收 -> PendulumState.physical_length
2025-09-02 15:07:18.061 | INFO     | Pendulum.PendulumAPP:_processSerialData:120 - 📏 串口长度数据已更新: L27.924513 -> physical_length=27.924513
2025-09-02 15:07:18.064 | INFO     | Pendulum.PendulumAPP:_processSerialData:121 - 🔄 数据来源: 串口接收 -> PendulumState.physical_length
2025-09-02 15:07:18.108 | INFO     | Pendulum.PendulumAPP:_processSerialData:120 - 📏 串口长度数据已更新: L27.924513 -> physical_length=27.924513
2025-09-02 15:07:18.111 | INFO     | Pendulum.PendulumAPP:_processSerialData:121 - 🔄 数据来源: 串口接收 -> PendulumState.physical_length
2025-09-02 15:07:18.155 | INFO     | Pendulum.PendulumAPP:_processSerialData:120 - 📏 串口长度数据已更新: L27.924513 -> physical_length=27.924513
2025-09-02 15:07:18.158 | INFO     | Pendulum.PendulumAPP:_processSerialData:121 - 🔄 数据来源: 串口接收 -> PendulumState.physical_length
2025-09-02 15:07:18.202 | INFO     | Pendulum.PendulumAPP:_processSerialData:120 - 📏 串口长度数据已更新: L27.924513 -> physical_length=27.924513
2025-09-02 15:07:18.205 | INFO     | Pendulum.PendulumAPP:_processSerialData:121 - 🔄 数据来源: 串口接收 -> PendulumState.physical_length
2025-09-02 15:07:18.248 | INFO     | Pendulum.PendulumAPP:_processSerialData:120 - 📏 串口长度数据已更新: L27.924513 -> physical_length=27.924513
2025-09-02 15:07:18.249 | INFO     | Pendulum.PendulumAPP:_processSerialData:121 - 🔄 数据来源: 串口接收 -> PendulumState.physical_length
2025-09-02 15:07:18.295 | INFO     | Pendulum.PendulumAPP:_processSerialData:120 - 📏 串口长度数据已更新: L27.924513 -> physical_length=27.924513
2025-09-02 15:07:18.296 | INFO     | Pendulum.PendulumAPP:_processSerialData:121 - 🔄 数据来源: 串口接收 -> PendulumState.physical_length
2025-09-02 15:07:18.342 | INFO     | Pendulum.PendulumAPP:_processSerialData:120 - 📏 串口长度数据已更新: L27.924513 -> physical_length=27.924513
2025-09-02 15:07:18.344 | INFO     | Pendulum.PendulumAPP:_processSerialData:121 - 🔄 数据来源: 串口接收 -> PendulumState.physical_length
2025-09-02 15:07:18.389 | INFO     | Pendulum.PendulumAPP:_processSerialData:120 - 📏 串口长度数据已更新: L27.924513 -> physical_length=27.924513
2025-09-02 15:07:18.389 | INFO     | Pendulum.PendulumAPP:_processSerialData:121 - 🔄 数据来源: 串口接收 -> PendulumState.physical_length
2025-09-02 15:07:18.435 | INFO     | Pendulum.PendulumAPP:_processSerialData:120 - 📏 串口长度数据已更新: L27.924513 -> physical_length=27.924513
2025-09-02 15:07:18.436 | INFO     | Pendulum.PendulumAPP:_processSerialData:121 - 🔄 数据来源: 串口接收 -> PendulumState.physical_length
2025-09-02 15:07:18.482 | INFO     | Pendulum.PendulumAPP:_processSerialData:120 - 📏 串口长度数据已更新: L27.924513 -> physical_length=27.924513
2025-09-02 15:07:18.483 | INFO     | Pendulum.PendulumAPP:_processSerialData:121 - 🔄 数据来源: 串口接收 -> PendulumState.physical_length
2025-09-02 15:07:18.530 | INFO     | Pendulum.PendulumAPP:_processSerialData:120 - 📏 串口长度数据已更新: L27.924513 -> physical_length=27.924513
2025-09-02 15:07:18.531 | INFO     | Pendulum.PendulumAPP:_processSerialData:121 - 🔄 数据来源: 串口接收 -> PendulumState.physical_length
2025-09-02 15:07:18.559 | INFO     | Pendulum.PendulumAPP:_processSerialData:120 - 📏 串口长度数据已更新: L27.924513 -> physical_length=27.924513
2025-09-02 15:07:18.561 | INFO     | Pendulum.PendulumAPP:_processSerialData:121 - 🔄 数据来源: 串口接收 -> PendulumState.physical_length
2025-09-02 15:07:18.605 | INFO     | Pendulum.PendulumAPP:_processSerialData:120 - 📏 串口长度数据已更新: L27.924513 -> physical_length=27.924513
2025-09-02 15:07:18.608 | INFO     | Pendulum.PendulumAPP:_processSerialData:121 - 🔄 数据来源: 串口接收 -> PendulumState.physical_length
2025-09-02 15:07:18.651 | INFO     | Pendulum.PendulumAPP:_processSerialData:120 - 📏 串口长度数据已更新: L27.924513 -> physical_length=27.924513
2025-09-02 15:07:18.652 | INFO     | Pendulum.PendulumAPP:_processSerialData:121 - 🔄 数据来源: 串口接收 -> PendulumState.physical_length
2025-09-02 15:07:18.697 | INFO     | Pendulum.PendulumAPP:_processSerialData:120 - 📏 串口长度数据已更新: L27.924513 -> physical_length=27.924513
2025-09-02 15:07:18.698 | INFO     | Pendulum.PendulumAPP:_processSerialData:121 - 🔄 数据来源: 串口接收 -> PendulumState.physical_length
2025-09-02 15:07:18.745 | INFO     | Pendulum.PendulumAPP:_processSerialData:120 - 📏 串口长度数据已更新: L27.924513 -> physical_length=27.924513
2025-09-02 15:07:18.747 | INFO     | Pendulum.PendulumAPP:_processSerialData:121 - 🔄 数据来源: 串口接收 -> PendulumState.physical_length
2025-09-02 15:07:18.789 | INFO     | Pendulum.PendulumAPP:_processSerialData:120 - 📏 串口长度数据已更新: L27.924513 -> physical_length=27.924513
2025-09-02 15:07:18.790 | INFO     | Pendulum.PendulumAPP:_processSerialData:121 - 🔄 数据来源: 串口接收 -> PendulumState.physical_length
2025-09-02 15:07:18.835 | INFO     | Pendulum.PendulumAPP:_processSerialData:120 - 📏 串口长度数据已更新: L27.924513 -> physical_length=27.924513
2025-09-02 15:07:18.835 | INFO     | Pendulum.PendulumAPP:_processSerialData:121 - 🔄 数据来源: 串口接收 -> PendulumState.physical_length
2025-09-02 15:07:18.882 | INFO     | Pendulum.PendulumAPP:_processSerialData:120 - 📏 串口长度数据已更新: L27.924513 -> physical_length=27.924513
2025-09-02 15:07:18.883 | INFO     | Pendulum.PendulumAPP:_processSerialData:121 - 🔄 数据来源: 串口接收 -> PendulumState.physical_length
2025-09-02 15:07:18.928 | INFO     | Pendulum.PendulumAPP:_processSerialData:120 - 📏 串口长度数据已更新: L27.924513 -> physical_length=27.924513
2025-09-02 15:07:18.929 | INFO     | Pendulum.PendulumAPP:_processSerialData:121 - 🔄 数据来源: 串口接收 -> PendulumState.physical_length
2025-09-02 15:07:18.973 | INFO     | Pendulum.PendulumAPP:_processSerialData:120 - 📏 串口长度数据已更新: L27.924513 -> physical_length=27.924513
2025-09-02 15:07:18.974 | INFO     | Pendulum.PendulumAPP:_processSerialData:121 - 🔄 数据来源: 串口接收 -> PendulumState.physical_length
2025-09-02 15:07:19.019 | INFO     | Pendulum.PendulumAPP:_processSerialData:120 - 📏 串口长度数据已更新: L27.924513 -> physical_length=27.924513
2025-09-02 15:07:19.022 | INFO     | Pendulum.PendulumAPP:_processSerialData:121 - 🔄 数据来源: 串口接收 -> PendulumState.physical_length
2025-09-02 15:07:19.066 | INFO     | Pendulum.PendulumAPP:_processSerialData:120 - 📏 串口长度数据已更新: L27.924513 -> physical_length=27.924513
2025-09-02 15:07:19.069 | INFO     | Pendulum.PendulumAPP:_processSerialData:121 - 🔄 数据来源: 串口接收 -> PendulumState.physical_length
2025-09-02 15:07:19.113 | INFO     | Pendulum.PendulumAPP:_processSerialData:120 - 📏 串口长度数据已更新: L27.924513 -> physical_length=27.924513
2025-09-02 15:07:19.114 | INFO     | Pendulum.PendulumAPP:_processSerialData:121 - 🔄 数据来源: 串口接收 -> PendulumState.physical_length
2025-09-02 15:07:19.159 | INFO     | Pendulum.PendulumAPP:_processSerialData:120 - 📏 串口长度数据已更新: L27.924513 -> physical_length=27.924513
2025-09-02 15:07:19.161 | INFO     | Pendulum.PendulumAPP:_processSerialData:121 - 🔄 数据来源: 串口接收 -> PendulumState.physical_length
2025-09-02 15:07:19.206 | INFO     | Pendulum.PendulumAPP:_processSerialData:120 - 📏 串口长度数据已更新: L27.924513 -> physical_length=27.924513
2025-09-02 15:07:19.207 | INFO     | Pendulum.PendulumAPP:_processSerialData:121 - 🔄 数据来源: 串口接收 -> PendulumState.physical_length
2025-09-02 15:07:19.251 | INFO     | Pendulum.PendulumAPP:_processSerialData:120 - 📏 串口长度数据已更新: L27.924513 -> physical_length=27.924513
2025-09-02 15:07:19.252 | INFO     | Pendulum.PendulumAPP:_processSerialData:121 - 🔄 数据来源: 串口接收 -> PendulumState.physical_length
2025-09-02 15:07:19.313 | INFO     | Pendulum.PendulumAPP:_processSerialData:120 - 📏 串口长度数据已更新: L27.924513 -> physical_length=27.924513
2025-09-02 15:07:19.313 | INFO     | Pendulum.PendulumAPP:_processSerialData:121 - 🔄 数据来源: 串口接收 -> PendulumState.physical_length
2025-09-02 15:07:19.360 | INFO     | Pendulum.PendulumAPP:_processSerialData:120 - 📏 串口长度数据已更新: L27.924513 -> physical_length=27.924513
2025-09-02 15:07:19.360 | INFO     | Pendulum.PendulumAPP:_processSerialData:121 - 🔄 数据来源: 串口接收 -> PendulumState.physical_length
2025-09-02 15:07:19.421 | INFO     | Pendulum.PendulumAPP:_processSerialData:120 - 📏 串口长度数据已更新: L27.924513 -> physical_length=27.924513
2025-09-02 15:07:19.425 | INFO     | Pendulum.PendulumAPP:_processSerialData:121 - 🔄 数据来源: 串口接收 -> PendulumState.physical_length
2025-09-02 15:07:19.467 | INFO     | Pendulum.PendulumAPP:_processSerialData:120 - 📏 串口长度数据已更新: L27.924513 -> physical_length=27.924513
2025-09-02 15:07:19.470 | INFO     | Pendulum.PendulumAPP:_processSerialData:121 - 🔄 数据来源: 串口接收 -> PendulumState.physical_length
2025-09-02 15:07:19.532 | INFO     | Pendulum.PendulumAPP:_processSerialData:120 - 📏 串口长度数据已更新: L27.924513 -> physical_length=27.924513
2025-09-02 15:07:19.544 | INFO     | Pendulum.PendulumAPP:_processSerialData:121 - 🔄 数据来源: 串口接收 -> PendulumState.physical_length
2025-09-02 15:07:19.636 | INFO     | Pendulum.PendulumAPP:_processSerialData:120 - 📏 串口长度数据已更新: L27.924513 -> physical_length=27.924513
2025-09-02 15:07:19.638 | INFO     | Pendulum.PendulumAPP:_processSerialData:121 - 🔄 数据来源: 串口接收 -> PendulumState.physical_length
2025-09-02 15:07:19.698 | INFO     | Pendulum.PendulumAPP:_processSerialData:120 - 📏 串口长度数据已更新: L27.924513 -> physical_length=27.924513
2025-09-02 15:07:19.700 | INFO     | Pendulum.PendulumAPP:_processSerialData:121 - 🔄 数据来源: 串口接收 -> PendulumState.physical_length
2025-09-02 15:07:19.746 | INFO     | Pendulum.PendulumAPP:_processSerialData:120 - 📏 串口长度数据已更新: L27.924513 -> physical_length=27.924513
2025-09-02 15:07:19.747 | INFO     | Pendulum.PendulumAPP:_processSerialData:121 - 🔄 数据来源: 串口接收 -> PendulumState.physical_length
2025-09-02 15:07:19.808 | INFO     | Pendulum.PendulumAPP:_processSerialData:120 - 📏 串口长度数据已更新: L27.924513 -> physical_length=27.924513
2025-09-02 15:07:19.809 | INFO     | Pendulum.PendulumAPP:_processSerialData:121 - 🔄 数据来源: 串口接收 -> PendulumState.physical_length
2025-09-02 15:07:19.901 | INFO     | Pendulum.PendulumAPP:_processSerialData:120 - 📏 串口长度数据已更新: L27.924513 -> physical_length=27.924513
2025-09-02 15:07:19.902 | INFO     | Pendulum.PendulumAPP:_processSerialData:121 - 🔄 数据来源: 串口接收 -> PendulumState.physical_length
2025-09-02 15:07:19.963 | INFO     | Pendulum.PendulumAPP:_processSerialData:120 - 📏 串口长度数据已更新: L27.924513 -> physical_length=27.924513
2025-09-02 15:07:19.965 | INFO     | Pendulum.PendulumAPP:_processSerialData:121 - 🔄 数据来源: 串口接收 -> PendulumState.physical_length
2025-09-02 15:07:20.026 | INFO     | Pendulum.PendulumAPP:_processSerialData:120 - 📏 串口长度数据已更新: L27.924513 -> physical_length=27.924513
2025-09-02 15:07:20.030 | INFO     | Pendulum.PendulumAPP:_processSerialData:121 - 🔄 数据来源: 串口接收 -> PendulumState.physical_length
2025-09-02 15:07:20.088 | INFO     | Pendulum.PendulumAPP:_processSerialData:120 - 📏 串口长度数据已更新: L27.924513 -> physical_length=27.924513
2025-09-02 15:07:20.091 | INFO     | Pendulum.PendulumAPP:_processSerialData:121 - 🔄 数据来源: 串口接收 -> PendulumState.physical_length
2025-09-02 15:07:20.150 | INFO     | Pendulum.PendulumAPP:_processSerialData:120 - 📏 串口长度数据已更新: L27.924513 -> physical_length=27.924513
2025-09-02 15:07:20.156 | INFO     | Pendulum.PendulumAPP:_processSerialData:121 - 🔄 数据来源: 串口接收 -> PendulumState.physical_length
2025-09-02 15:07:20.198 | INFO     | Pendulum.PendulumAPP:_processSerialData:120 - 📏 串口长度数据已更新: L27.924513 -> physical_length=27.924513
2025-09-02 15:07:20.199 | INFO     | Pendulum.PendulumAPP:_processSerialData:121 - 🔄 数据来源: 串口接收 -> PendulumState.physical_length
2025-09-02 15:07:20.259 | INFO     | Pendulum.PendulumAPP:_processSerialData:120 - 📏 串口长度数据已更新: L27.924513 -> physical_length=27.924513
2025-09-02 15:07:20.261 | INFO     | Pendulum.PendulumAPP:_processSerialData:121 - 🔄 数据来源: 串口接收 -> PendulumState.physical_length
2025-09-02 15:07:20.321 | INFO     | Pendulum.PendulumAPP:_processSerialData:120 - 📏 串口长度数据已更新: L27.924513 -> physical_length=27.924513
2025-09-02 15:07:20.322 | INFO     | Pendulum.PendulumAPP:_processSerialData:121 - 🔄 数据来源: 串口接收 -> PendulumState.physical_length
2025-09-02 15:07:20.382 | INFO     | Pendulum.PendulumAPP:_processSerialData:120 - 📏 串口长度数据已更新: L27.924513 -> physical_length=27.924513
2025-09-02 15:07:20.385 | INFO     | Pendulum.PendulumAPP:_processSerialData:121 - 🔄 数据来源: 串口接收 -> PendulumState.physical_length
2025-09-02 15:07:20.444 | INFO     | Pendulum.PendulumAPP:_processSerialData:120 - 📏 串口长度数据已更新: L27.924513 -> physical_length=27.924513
2025-09-02 15:07:20.449 | INFO     | Pendulum.PendulumAPP:_processSerialData:121 - 🔄 数据来源: 串口接收 -> PendulumState.physical_length
2025-09-02 15:07:20.506 | INFO     | Pendulum.PendulumAPP:_processSerialData:120 - 📏 串口长度数据已更新: L27.924513 -> physical_length=27.924513
2025-09-02 15:07:20.508 | INFO     | Pendulum.PendulumAPP:_processSerialData:121 - 🔄 数据来源: 串口接收 -> PendulumState.physical_length
2025-09-02 15:07:20.553 | INFO     | Pendulum.PendulumAPP:_processSerialData:120 - 📏 串口长度数据已更新: L27.924513 -> physical_length=27.924513
2025-09-02 15:07:20.557 | INFO     | Pendulum.PendulumAPP:_processSerialData:121 - 🔄 数据来源: 串口接收 -> PendulumState.physical_length
2025-09-02 15:07:20.616 | INFO     | Pendulum.PendulumAPP:_processSerialData:120 - 📏 串口长度数据已更新: L27.924513 -> physical_length=27.924513
2025-09-02 15:07:20.621 | INFO     | Pendulum.PendulumAPP:_processSerialData:121 - 🔄 数据来源: 串口接收 -> PendulumState.physical_length
2025-09-02 15:07:20.706 | INFO     | Pendulum.PendulumAPP:_processSerialData:120 - 📏 串口长度数据已更新: L27.924513 -> physical_length=27.924513
2025-09-02 15:07:20.707 | INFO     | Pendulum.PendulumAPP:_processSerialData:121 - 🔄 数据来源: 串口接收 -> PendulumState.physical_length
2025-09-02 15:07:20.753 | INFO     | Pendulum.PendulumAPP:_processSerialData:120 - 📏 串口长度数据已更新: L27.924513 -> physical_length=27.924513
2025-09-02 15:07:20.754 | INFO     | Pendulum.PendulumAPP:_processSerialData:121 - 🔄 数据来源: 串口接收 -> PendulumState.physical_length
2025-09-02 15:07:20.815 | INFO     | Pendulum.PendulumAPP:_processSerialData:120 - 📏 串口长度数据已更新: L27.924513 -> physical_length=27.924513
2025-09-02 15:07:20.817 | INFO     | Pendulum.PendulumAPP:_processSerialData:121 - 🔄 数据来源: 串口接收 -> PendulumState.physical_length
2025-09-02 15:07:20.860 | INFO     | Pendulum.PendulumAPP:_processSerialData:120 - 📏 串口长度数据已更新: L27.924513 -> physical_length=27.924513
2025-09-02 15:07:20.862 | INFO     | Pendulum.PendulumAPP:_processSerialData:121 - 🔄 数据来源: 串口接收 -> PendulumState.physical_length
2025-09-02 15:07:20.909 | INFO     | Pendulum.PendulumAPP:_processSerialData:120 - 📏 串口长度数据已更新: L27.924513 -> physical_length=27.924513
2025-09-02 15:07:20.911 | INFO     | Pendulum.PendulumAPP:_processSerialData:121 - 🔄 数据来源: 串口接收 -> PendulumState.physical_length
2025-09-02 15:07:20.955 | INFO     | Pendulum.PendulumAPP:_processSerialData:120 - 📏 串口长度数据已更新: L27.924513 -> physical_length=27.924513
2025-09-02 15:07:20.955 | INFO     | Pendulum.PendulumAPP:_processSerialData:121 - 🔄 数据来源: 串口接收 -> PendulumState.physical_length
2025-09-02 15:07:21.000 | INFO     | Pendulum.PendulumAPP:_processSerialData:120 - 📏 串口长度数据已更新: L27.924513 -> physical_length=27.924513
2025-09-02 15:07:21.003 | INFO     | Pendulum.PendulumAPP:_processSerialData:121 - 🔄 数据来源: 串口接收 -> PendulumState.physical_length
2025-09-02 15:07:21.046 | INFO     | Pendulum.PendulumAPP:_processSerialData:120 - 📏 串口长度数据已更新: L27.924513 -> physical_length=27.924513
2025-09-02 15:07:21.046 | INFO     | Pendulum.PendulumAPP:_processSerialData:121 - 🔄 数据来源: 串口接收 -> PendulumState.physical_length
2025-09-02 15:07:21.093 | INFO     | Pendulum.PendulumAPP:_processSerialData:120 - 📏 串口长度数据已更新: L27.924513 -> physical_length=27.924513
2025-09-02 15:07:21.094 | INFO     | Pendulum.PendulumAPP:_processSerialData:121 - 🔄 数据来源: 串口接收 -> PendulumState.physical_length
2025-09-02 15:07:21.154 | INFO     | Pendulum.PendulumAPP:_processSerialData:120 - 📏 串口长度数据已更新: L27.924513 -> physical_length=27.924513
2025-09-02 15:07:21.155 | INFO     | Pendulum.PendulumAPP:_processSerialData:121 - 🔄 数据来源: 串口接收 -> PendulumState.physical_length
2025-09-02 15:07:21.216 | INFO     | Pendulum.PendulumAPP:_processSerialData:120 - 📏 串口长度数据已更新: L27.924513 -> physical_length=27.924513
2025-09-02 15:07:21.217 | INFO     | Pendulum.PendulumAPP:_processSerialData:121 - 🔄 数据来源: 串口接收 -> PendulumState.physical_length
2025-09-02 15:07:21.263 | INFO     | Pendulum.PendulumAPP:_processSerialData:120 - 📏 串口长度数据已更新: L27.924513 -> physical_length=27.924513
2025-09-02 15:07:21.264 | INFO     | Pendulum.PendulumAPP:_processSerialData:121 - 🔄 数据来源: 串口接收 -> PendulumState.physical_length
2025-09-02 15:07:21.312 | INFO     | Pendulum.PendulumAPP:_processSerialData:120 - 📏 串口长度数据已更新: L27.924513 -> physical_length=27.924513
2025-09-02 15:07:21.313 | INFO     | Pendulum.PendulumAPP:_processSerialData:121 - 🔄 数据来源: 串口接收 -> PendulumState.physical_length
2025-09-02 15:07:21.357 | INFO     | Pendulum.PendulumAPP:_processSerialData:120 - 📏 串口长度数据已更新: L27.924513 -> physical_length=27.924513
2025-09-02 15:07:21.359 | INFO     | Pendulum.PendulumAPP:_processSerialData:121 - 🔄 数据来源: 串口接收 -> PendulumState.physical_length
2025-09-02 15:07:21.404 | INFO     | Pendulum.PendulumAPP:_processSerialData:120 - 📏 串口长度数据已更新: L27.924513 -> physical_length=27.924513
2025-09-02 15:07:21.405 | INFO     | Pendulum.PendulumAPP:_processSerialData:121 - 🔄 数据来源: 串口接收 -> PendulumState.physical_length
2025-09-02 15:07:21.444 | INFO     | Pendulum.PendulumAPP:_keyEventWeb:271 - u1
2025-09-02 15:07:21.447 | INFO     | Pendulum.SerialConncet:send:199 - sendu1
2025-09-02 15:07:21.448 | INFO     | Pendulum.SerialConncet:send:201 - [发送] u1
2025-09-02 15:07:21.467 | INFO     | Pendulum.PendulumAPP:_processSerialData:120 - 📏 串口长度数据已更新: L27.924513 -> physical_length=27.924513
2025-09-02 15:07:21.468 | INFO     | Pendulum.PendulumAPP:_processSerialData:121 - 🔄 数据来源: 串口接收 -> PendulumState.physical_length
2025-09-02 15:07:21.512 | INFO     | Pendulum.PendulumAPP:_processSerialData:120 - 📏 串口长度数据已更新: L27.924513 -> physical_length=27.924513
2025-09-02 15:07:21.513 | INFO     | Pendulum.PendulumAPP:_processSerialData:121 - 🔄 数据来源: 串口接收 -> PendulumState.physical_length
2025-09-02 15:07:21.560 | INFO     | Pendulum.PendulumAPP:_processSerialData:120 - 📏 串口长度数据已更新: L27.924513 -> physical_length=27.924513
2025-09-02 15:07:21.563 | INFO     | Pendulum.PendulumAPP:_processSerialData:121 - 🔄 数据来源: 串口接收 -> PendulumState.physical_length
2025-09-02 15:07:21.605 | INFO     | Pendulum.PendulumAPP:_processSerialData:120 - 📏 串口长度数据已更新: L27.924513 -> physical_length=27.924513
2025-09-02 15:07:21.606 | INFO     | Pendulum.PendulumAPP:_processSerialData:121 - 🔄 数据来源: 串口接收 -> PendulumState.physical_length
2025-09-02 15:07:21.651 | INFO     | Pendulum.PendulumAPP:_processSerialData:120 - 📏 串口长度数据已更新: L27.924513 -> physical_length=27.924513
2025-09-02 15:07:21.652 | INFO     | Pendulum.PendulumAPP:_processSerialData:121 - 🔄 数据来源: 串口接收 -> PendulumState.physical_length
2025-09-02 15:07:21.698 | INFO     | Pendulum.PendulumAPP:_processSerialData:120 - 📏 串口长度数据已更新: L27.924513 -> physical_length=27.924513
2025-09-02 15:07:21.699 | INFO     | Pendulum.PendulumAPP:_processSerialData:121 - 🔄 数据来源: 串口接收 -> PendulumState.physical_length
2025-09-02 15:07:21.744 | INFO     | Pendulum.PendulumAPP:_processSerialData:120 - 📏 串口长度数据已更新: L27.924513 -> physical_length=27.924513
2025-09-02 15:07:21.746 | INFO     | Pendulum.PendulumAPP:_processSerialData:121 - 🔄 数据来源: 串口接收 -> PendulumState.physical_length
2025-09-02 15:07:21.791 | INFO     | Pendulum.PendulumAPP:_processSerialData:120 - 📏 串口长度数据已更新: L27.924513 -> physical_length=27.924513
2025-09-02 15:07:21.794 | INFO     | Pendulum.PendulumAPP:_processSerialData:121 - 🔄 数据来源: 串口接收 -> PendulumState.physical_length
2025-09-02 15:07:21.838 | INFO     | Pendulum.PendulumAPP:_processSerialData:120 - 📏 串口长度数据已更新: L27.924513 -> physical_length=27.924513
2025-09-02 15:07:21.840 | INFO     | Pendulum.PendulumAPP:_processSerialData:121 - 🔄 数据来源: 串口接收 -> PendulumState.physical_length
2025-09-02 15:07:21.884 | INFO     | Pendulum.PendulumAPP:_processSerialData:120 - 📏 串口长度数据已更新: L27.924513 -> physical_length=27.924513
2025-09-02 15:07:21.888 | INFO     | Pendulum.PendulumAPP:_processSerialData:121 - 🔄 数据来源: 串口接收 -> PendulumState.physical_length
2025-09-02 15:07:21.931 | INFO     | Pendulum.PendulumAPP:_processSerialData:120 - 📏 串口长度数据已更新: L27.924513 -> physical_length=27.924513
2025-09-02 15:07:21.932 | INFO     | Pendulum.PendulumAPP:_processSerialData:121 - 🔄 数据来源: 串口接收 -> PendulumState.physical_length
2025-09-02 15:07:21.977 | INFO     | Pendulum.PendulumAPP:_processSerialData:120 - 📏 串口长度数据已更新: L27.924513 -> physical_length=27.924513
2025-09-02 15:07:21.978 | INFO     | Pendulum.PendulumAPP:_processSerialData:121 - 🔄 数据来源: 串口接收 -> PendulumState.physical_length
2025-09-02 15:07:22.023 | INFO     | Pendulum.PendulumAPP:_processSerialData:120 - 📏 串口长度数据已更新: L27.924513 -> physical_length=27.924513
2025-09-02 15:07:22.024 | INFO     | Pendulum.PendulumAPP:_processSerialData:121 - 🔄 数据来源: 串口接收 -> PendulumState.physical_length
2025-09-02 15:07:22.071 | INFO     | Pendulum.PendulumAPP:_processSerialData:120 - 📏 串口长度数据已更新: L27.924513 -> physical_length=27.924513
2025-09-02 15:07:22.072 | INFO     | Pendulum.PendulumAPP:_processSerialData:121 - 🔄 数据来源: 串口接收 -> PendulumState.physical_length
2025-09-02 15:07:22.118 | INFO     | Pendulum.PendulumAPP:_processSerialData:120 - 📏 串口长度数据已更新: L27.924513 -> physical_length=27.924513
2025-09-02 15:07:22.120 | INFO     | Pendulum.PendulumAPP:_processSerialData:121 - 🔄 数据来源: 串口接收 -> PendulumState.physical_length
2025-09-02 15:07:22.165 | INFO     | Pendulum.PendulumAPP:_processSerialData:120 - 📏 串口长度数据已更新: L27.924513 -> physical_length=27.924513
2025-09-02 15:07:22.166 | INFO     | Pendulum.PendulumAPP:_processSerialData:121 - 🔄 数据来源: 串口接收 -> PendulumState.physical_length
2025-09-02 15:07:22.226 | INFO     | Pendulum.PendulumAPP:_processSerialData:120 - 📏 串口长度数据已更新: L27.924513 -> physical_length=27.924513
2025-09-02 15:07:22.229 | INFO     | Pendulum.PendulumAPP:_processSerialData:121 - 🔄 数据来源: 串口接收 -> PendulumState.physical_length
2025-09-02 15:07:22.273 | INFO     | Pendulum.PendulumAPP:_processSerialData:120 - 📏 串口长度数据已更新: L27.924513 -> physical_length=27.924513
2025-09-02 15:07:22.275 | INFO     | Pendulum.PendulumAPP:_processSerialData:121 - 🔄 数据来源: 串口接收 -> PendulumState.physical_length
2025-09-02 15:07:22.321 | INFO     | Pendulum.PendulumAPP:_processSerialData:120 - 📏 串口长度数据已更新: L27.924513 -> physical_length=27.924513
2025-09-02 15:07:22.323 | INFO     | Pendulum.PendulumAPP:_processSerialData:121 - 🔄 数据来源: 串口接收 -> PendulumState.physical_length
2025-09-02 15:07:22.368 | INFO     | Pendulum.PendulumAPP:_processSerialData:120 - 📏 串口长度数据已更新: L27.924513 -> physical_length=27.924513
2025-09-02 15:07:22.371 | INFO     | Pendulum.PendulumAPP:_processSerialData:121 - 🔄 数据来源: 串口接收 -> PendulumState.physical_length
2025-09-02 15:07:22.414 | INFO     | Pendulum.PendulumAPP:_processSerialData:120 - 📏 串口长度数据已更新: L27.924513 -> physical_length=27.924513
2025-09-02 15:07:22.415 | INFO     | Pendulum.PendulumAPP:_processSerialData:121 - 🔄 数据来源: 串口接收 -> PendulumState.physical_length
2025-09-02 15:07:22.459 | INFO     | Pendulum.PendulumAPP:_processSerialData:120 - 📏 串口长度数据已更新: L27.924513 -> physical_length=27.924513
2025-09-02 15:07:22.460 | INFO     | Pendulum.PendulumAPP:_processSerialData:121 - 🔄 数据来源: 串口接收 -> PendulumState.physical_length
2025-09-02 15:07:22.504 | INFO     | Pendulum.PendulumAPP:_processSerialData:120 - 📏 串口长度数据已更新: L27.924513 -> physical_length=27.924513
2025-09-02 15:07:22.506 | INFO     | Pendulum.PendulumAPP:_processSerialData:121 - 🔄 数据来源: 串口接收 -> PendulumState.physical_length
2025-09-02 15:07:22.551 | INFO     | Pendulum.PendulumAPP:_processSerialData:120 - 📏 串口长度数据已更新: L27.924513 -> physical_length=27.924513
2025-09-02 15:07:22.552 | INFO     | Pendulum.PendulumAPP:_processSerialData:121 - 🔄 数据来源: 串口接收 -> PendulumState.physical_length
2025-09-02 15:07:22.596 | INFO     | Pendulum.PendulumAPP:_processSerialData:120 - 📏 串口长度数据已更新: L27.924513 -> physical_length=27.924513
2025-09-02 15:07:22.597 | INFO     | Pendulum.PendulumAPP:_processSerialData:121 - 🔄 数据来源: 串口接收 -> PendulumState.physical_length
2025-09-02 15:07:22.642 | INFO     | Pendulum.PendulumAPP:_processSerialData:120 - 📏 串口长度数据已更新: L27.924513 -> physical_length=27.924513
2025-09-02 15:07:22.643 | INFO     | Pendulum.PendulumAPP:_processSerialData:121 - 🔄 数据来源: 串口接收 -> PendulumState.physical_length
2025-09-02 15:07:22.689 | INFO     | Pendulum.PendulumAPP:_processSerialData:120 - 📏 串口长度数据已更新: L27.924513 -> physical_length=27.924513
2025-09-02 15:07:22.691 | INFO     | Pendulum.PendulumAPP:_processSerialData:121 - 🔄 数据来源: 串口接收 -> PendulumState.physical_length
2025-09-02 15:07:22.735 | INFO     | Pendulum.PendulumAPP:_processSerialData:120 - 📏 串口长度数据已更新: L27.924513 -> physical_length=27.924513
2025-09-02 15:07:22.736 | INFO     | Pendulum.PendulumAPP:_processSerialData:121 - 🔄 数据来源: 串口接收 -> PendulumState.physical_length
2025-09-02 15:07:22.781 | INFO     | Pendulum.PendulumAPP:_processSerialData:120 - 📏 串口长度数据已更新: L27.924513 -> physical_length=27.924513
2025-09-02 15:07:22.781 | INFO     | Pendulum.PendulumAPP:_processSerialData:121 - 🔄 数据来源: 串口接收 -> PendulumState.physical_length
2025-09-02 15:07:22.826 | INFO     | Pendulum.PendulumAPP:_processSerialData:120 - 📏 串口长度数据已更新: L27.924513 -> physical_length=27.924513
2025-09-02 15:07:22.828 | INFO     | Pendulum.PendulumAPP:_processSerialData:121 - 🔄 数据来源: 串口接收 -> PendulumState.physical_length
2025-09-02 15:07:22.873 | INFO     | Pendulum.PendulumAPP:_processSerialData:120 - 📏 串口长度数据已更新: L27.924513 -> physical_length=27.924513
2025-09-02 15:07:22.874 | INFO     | Pendulum.PendulumAPP:_processSerialData:121 - 🔄 数据来源: 串口接收 -> PendulumState.physical_length
2025-09-02 15:07:22.919 | INFO     | Pendulum.PendulumAPP:_processSerialData:120 - 📏 串口长度数据已更新: L27.924513 -> physical_length=27.924513
2025-09-02 15:07:22.922 | INFO     | Pendulum.PendulumAPP:_processSerialData:121 - 🔄 数据来源: 串口接收 -> PendulumState.physical_length
2025-09-02 15:07:22.964 | INFO     | Pendulum.PendulumAPP:_processSerialData:120 - 📏 串口长度数据已更新: L27.924513 -> physical_length=27.924513
2025-09-02 15:07:22.965 | INFO     | Pendulum.PendulumAPP:_processSerialData:121 - 🔄 数据来源: 串口接收 -> PendulumState.physical_length
2025-09-02 15:07:23.010 | INFO     | Pendulum.PendulumAPP:_processSerialData:120 - 📏 串口长度数据已更新: L27.924513 -> physical_length=27.924513
2025-09-02 15:07:23.012 | INFO     | Pendulum.PendulumAPP:_processSerialData:121 - 🔄 数据来源: 串口接收 -> PendulumState.physical_length
2025-09-02 15:07:23.057 | INFO     | Pendulum.PendulumAPP:_processSerialData:120 - 📏 串口长度数据已更新: L27.924513 -> physical_length=27.924513
2025-09-02 15:07:23.059 | INFO     | Pendulum.PendulumAPP:_processSerialData:121 - 🔄 数据来源: 串口接收 -> PendulumState.physical_length
2025-09-02 15:07:23.118 | INFO     | Pendulum.PendulumAPP:_processSerialData:120 - 📏 串口长度数据已更新: L27.924513 -> physical_length=27.924513
2025-09-02 15:07:23.118 | INFO     | Pendulum.PendulumAPP:_processSerialData:121 - 🔄 数据来源: 串口接收 -> PendulumState.physical_length
2025-09-02 15:07:23.165 | INFO     | Pendulum.PendulumAPP:_processSerialData:120 - 📏 串口长度数据已更新: L27.924513 -> physical_length=27.924513
2025-09-02 15:07:23.166 | INFO     | Pendulum.PendulumAPP:_processSerialData:121 - 🔄 数据来源: 串口接收 -> PendulumState.physical_length
2025-09-02 15:07:23.212 | INFO     | Pendulum.PendulumAPP:_processSerialData:120 - 📏 串口长度数据已更新: L27.924513 -> physical_length=27.924513
2025-09-02 15:07:23.218 | INFO     | Pendulum.PendulumAPP:_processSerialData:121 - 🔄 数据来源: 串口接收 -> PendulumState.physical_length
2025-09-02 15:07:23.260 | INFO     | Pendulum.PendulumAPP:_processSerialData:120 - 📏 串口长度数据已更新: L27.924513 -> physical_length=27.924513
2025-09-02 15:07:23.265 | INFO     | Pendulum.PendulumAPP:_processSerialData:121 - 🔄 数据来源: 串口接收 -> PendulumState.physical_length
2025-09-02 15:07:23.304 | INFO     | Pendulum.PendulumAPP:_processSerialData:120 - 📏 串口长度数据已更新: L27.924513 -> physical_length=27.924513
2025-09-02 15:07:23.306 | INFO     | Pendulum.PendulumAPP:_processSerialData:121 - 🔄 数据来源: 串口接收 -> PendulumState.physical_length
2025-09-02 15:07:23.349 | INFO     | Pendulum.PendulumAPP:_processSerialData:120 - 📏 串口长度数据已更新: L27.924513 -> physical_length=27.924513
2025-09-02 15:07:23.351 | INFO     | Pendulum.PendulumAPP:_processSerialData:121 - 🔄 数据来源: 串口接收 -> PendulumState.physical_length
2025-09-02 15:07:23.396 | INFO     | Pendulum.PendulumAPP:_processSerialData:120 - 📏 串口长度数据已更新: L27.924513 -> physical_length=27.924513
2025-09-02 15:07:23.397 | INFO     | Pendulum.PendulumAPP:_processSerialData:121 - 🔄 数据来源: 串口接收 -> PendulumState.physical_length
2025-09-02 15:07:23.442 | INFO     | Pendulum.PendulumAPP:_processSerialData:120 - 📏 串口长度数据已更新: L27.924513 -> physical_length=27.924513
2025-09-02 15:07:23.443 | INFO     | Pendulum.PendulumAPP:_processSerialData:121 - 🔄 数据来源: 串口接收 -> PendulumState.physical_length
2025-09-02 15:07:23.490 | INFO     | Pendulum.PendulumAPP:_processSerialData:120 - 📏 串口长度数据已更新: L27.924513 -> physical_length=27.924513
2025-09-02 15:07:23.491 | INFO     | Pendulum.PendulumAPP:_processSerialData:121 - 🔄 数据来源: 串口接收 -> PendulumState.physical_length
2025-09-02 15:07:23.535 | INFO     | Pendulum.PendulumAPP:_processSerialData:120 - 📏 串口长度数据已更新: L27.924513 -> physical_length=27.924513
2025-09-02 15:07:23.535 | INFO     | Pendulum.PendulumAPP:_processSerialData:121 - 🔄 数据来源: 串口接收 -> PendulumState.physical_length
2025-09-02 15:07:23.582 | INFO     | Pendulum.PendulumAPP:_processSerialData:120 - 📏 串口长度数据已更新: L27.924513 -> physical_length=27.924513
2025-09-02 15:07:23.587 | INFO     | Pendulum.PendulumAPP:_processSerialData:121 - 🔄 数据来源: 串口接收 -> PendulumState.physical_length
2025-09-02 15:07:23.628 | INFO     | Pendulum.PendulumAPP:_processSerialData:120 - 📏 串口长度数据已更新: L27.924513 -> physical_length=27.924513
2025-09-02 15:07:23.629 | INFO     | Pendulum.PendulumAPP:_processSerialData:121 - 🔄 数据来源: 串口接收 -> PendulumState.physical_length
2025-09-02 15:07:23.675 | INFO     | Pendulum.PendulumAPP:_processSerialData:120 - 📏 串口长度数据已更新: L27.924513 -> physical_length=27.924513
2025-09-02 15:07:23.676 | INFO     | Pendulum.PendulumAPP:_processSerialData:121 - 🔄 数据来源: 串口接收 -> PendulumState.physical_length
2025-09-02 15:07:23.722 | INFO     | Pendulum.PendulumAPP:_processSerialData:120 - 📏 串口长度数据已更新: L27.924513 -> physical_length=27.924513
2025-09-02 15:07:23.723 | INFO     | Pendulum.PendulumAPP:_processSerialData:121 - 🔄 数据来源: 串口接收 -> PendulumState.physical_length
2025-09-02 15:07:23.769 | INFO     | Pendulum.PendulumAPP:_processSerialData:120 - 📏 串口长度数据已更新: L27.924513 -> physical_length=27.924513
2025-09-02 15:07:23.770 | INFO     | Pendulum.PendulumAPP:_processSerialData:121 - 🔄 数据来源: 串口接收 -> PendulumState.physical_length
2025-09-02 15:07:23.816 | INFO     | Pendulum.PendulumAPP:_processSerialData:120 - 📏 串口长度数据已更新: L27.924513 -> physical_length=27.924513
2025-09-02 15:07:23.819 | INFO     | Pendulum.PendulumAPP:_processSerialData:121 - 🔄 数据来源: 串口接收 -> PendulumState.physical_length
2025-09-02 15:07:23.862 | INFO     | Pendulum.PendulumAPP:_processSerialData:120 - 📏 串口长度数据已更新: L27.924513 -> physical_length=27.924513
2025-09-02 15:07:23.864 | INFO     | Pendulum.PendulumAPP:_processSerialData:121 - 🔄 数据来源: 串口接收 -> PendulumState.physical_length
2025-09-02 15:07:23.909 | INFO     | Pendulum.PendulumAPP:_processSerialData:120 - 📏 串口长度数据已更新: L27.924513 -> physical_length=27.924513
2025-09-02 15:07:23.910 | INFO     | Pendulum.PendulumAPP:_processSerialData:121 - 🔄 数据来源: 串口接收 -> PendulumState.physical_length
2025-09-02 15:07:23.972 | INFO     | Pendulum.PendulumAPP:_processSerialData:120 - 📏 串口长度数据已更新: L27.924513 -> physical_length=27.924513
2025-09-02 15:07:23.976 | INFO     | Pendulum.PendulumAPP:_processSerialData:121 - 🔄 数据来源: 串口接收 -> PendulumState.physical_length
2025-09-02 15:07:24.018 | INFO     | Pendulum.PendulumAPP:_processSerialData:120 - 📏 串口长度数据已更新: L27.924513 -> physical_length=27.924513
2025-09-02 15:07:24.019 | INFO     | Pendulum.PendulumAPP:_processSerialData:121 - 🔄 数据来源: 串口接收 -> PendulumState.physical_length
2025-09-02 15:07:24.080 | INFO     | Pendulum.PendulumAPP:_processSerialData:120 - 📏 串口长度数据已更新: L27.924513 -> physical_length=27.924513
2025-09-02 15:07:24.081 | INFO     | Pendulum.PendulumAPP:_processSerialData:121 - 🔄 数据来源: 串口接收 -> PendulumState.physical_length
2025-09-02 15:07:24.141 | INFO     | Pendulum.PendulumAPP:_processSerialData:120 - 📏 串口长度数据已更新: L27.924513 -> physical_length=27.924513
2025-09-02 15:07:24.144 | INFO     | Pendulum.PendulumAPP:_processSerialData:121 - 🔄 数据来源: 串口接收 -> PendulumState.physical_length
2025-09-02 15:07:24.188 | INFO     | Pendulum.PendulumAPP:_processSerialData:120 - 📏 串口长度数据已更新: L27.924513 -> physical_length=27.924513
2025-09-02 15:07:24.190 | INFO     | Pendulum.PendulumAPP:_processSerialData:121 - 🔄 数据来源: 串口接收 -> PendulumState.physical_length
2025-09-02 15:07:24.234 | INFO     | Pendulum.PendulumAPP:_processSerialData:120 - 📏 串口长度数据已更新: L27.924513 -> physical_length=27.924513
2025-09-02 15:07:24.236 | INFO     | Pendulum.PendulumAPP:_processSerialData:121 - 🔄 数据来源: 串口接收 -> PendulumState.physical_length
2025-09-02 15:07:24.281 | INFO     | Pendulum.PendulumAPP:_processSerialData:120 - 📏 串口长度数据已更新: L27.924513 -> physical_length=27.924513
2025-09-02 15:07:24.281 | INFO     | Pendulum.PendulumAPP:_processSerialData:121 - 🔄 数据来源: 串口接收 -> PendulumState.physical_length
2025-09-02 15:07:24.328 | INFO     | Pendulum.PendulumAPP:_processSerialData:120 - 📏 串口长度数据已更新: L27.924513 -> physical_length=27.924513
2025-09-02 15:07:24.330 | INFO     | Pendulum.PendulumAPP:_processSerialData:121 - 🔄 数据来源: 串口接收 -> PendulumState.physical_length
2025-09-02 15:07:24.374 | INFO     | Pendulum.PendulumAPP:_processSerialData:120 - 📏 串口长度数据已更新: L27.924513 -> physical_length=27.924513
2025-09-02 15:07:24.376 | INFO     | Pendulum.PendulumAPP:_processSerialData:121 - 🔄 数据来源: 串口接收 -> PendulumState.physical_length
2025-09-02 15:07:24.421 | INFO     | Pendulum.PendulumAPP:_processSerialData:120 - 📏 串口长度数据已更新: L27.924513 -> physical_length=27.924513
2025-09-02 15:07:24.423 | INFO     | Pendulum.PendulumAPP:_processSerialData:121 - 🔄 数据来源: 串口接收 -> PendulumState.physical_length
2025-09-02 15:07:24.467 | INFO     | Pendulum.PendulumAPP:_processSerialData:120 - 📏 串口长度数据已更新: L27.924513 -> physical_length=27.924513
2025-09-02 15:07:24.468 | INFO     | Pendulum.PendulumAPP:_processSerialData:121 - 🔄 数据来源: 串口接收 -> PendulumState.physical_length
2025-09-02 15:07:24.513 | INFO     | Pendulum.PendulumAPP:_processSerialData:120 - 📏 串口长度数据已更新: L27.924513 -> physical_length=27.924513
2025-09-02 15:07:24.515 | INFO     | Pendulum.PendulumAPP:_processSerialData:121 - 🔄 数据来源: 串口接收 -> PendulumState.physical_length
2025-09-02 15:07:24.559 | INFO     | Pendulum.PendulumAPP:_processSerialData:120 - 📏 串口长度数据已更新: L27.924513 -> physical_length=27.924513
2025-09-02 15:07:24.559 | INFO     | Pendulum.PendulumAPP:_processSerialData:121 - 🔄 数据来源: 串口接收 -> PendulumState.physical_length
2025-09-02 15:07:24.605 | INFO     | Pendulum.PendulumAPP:_processSerialData:120 - 📏 串口长度数据已更新: L27.924513 -> physical_length=27.924513
2025-09-02 15:07:24.606 | INFO     | Pendulum.PendulumAPP:_processSerialData:121 - 🔄 数据来源: 串口接收 -> PendulumState.physical_length
2025-09-02 15:07:24.650 | INFO     | Pendulum.PendulumAPP:_processSerialData:120 - 📏 串口长度数据已更新: L27.924513 -> physical_length=27.924513
2025-09-02 15:07:24.651 | INFO     | Pendulum.PendulumAPP:_processSerialData:121 - 🔄 数据来源: 串口接收 -> PendulumState.physical_length
2025-09-02 15:07:24.697 | INFO     | Pendulum.PendulumAPP:_processSerialData:120 - 📏 串口长度数据已更新: L27.924513 -> physical_length=27.924513
2025-09-02 15:07:24.700 | INFO     | Pendulum.PendulumAPP:_processSerialData:121 - 🔄 数据来源: 串口接收 -> PendulumState.physical_length
2025-09-02 15:07:24.731 | INFO     | Pendulum.PendulumAPP:_keyEventWeb:274 - u0
2025-09-02 15:07:24.732 | INFO     | Pendulum.SerialConncet:send:199 - sendu0
2025-09-02 15:07:24.734 | INFO     | Pendulum.SerialConncet:send:201 - [发送] u0
2025-09-02 15:07:24.744 | INFO     | Pendulum.PendulumAPP:_processSerialData:120 - 📏 串口长度数据已更新: L27.924513 -> physical_length=27.924513
2025-09-02 15:07:24.745 | INFO     | Pendulum.PendulumAPP:_processSerialData:121 - 🔄 数据来源: 串口接收 -> PendulumState.physical_length
2025-09-02 15:07:24.790 | INFO     | Pendulum.PendulumAPP:_processSerialData:120 - 📏 串口长度数据已更新: L27.924513 -> physical_length=27.924513
2025-09-02 15:07:24.791 | INFO     | Pendulum.PendulumAPP:_processSerialData:121 - 🔄 数据来源: 串口接收 -> PendulumState.physical_length
2025-09-02 15:07:24.836 | INFO     | Pendulum.PendulumAPP:_processSerialData:120 - 📏 串口长度数据已更新: L27.924513 -> physical_length=27.924513
2025-09-02 15:07:24.837 | INFO     | Pendulum.PendulumAPP:_processSerialData:121 - 🔄 数据来源: 串口接收 -> PendulumState.physical_length
2025-09-02 15:07:24.899 | INFO     | Pendulum.PendulumAPP:_processSerialData:120 - 📏 串口长度数据已更新: L27.924513 -> physical_length=27.924513
2025-09-02 15:07:24.901 | INFO     | Pendulum.PendulumAPP:_processSerialData:121 - 🔄 数据来源: 串口接收 -> PendulumState.physical_length
2025-09-02 15:07:24.946 | INFO     | Pendulum.PendulumAPP:_processSerialData:120 - 📏 串口长度数据已更新: L27.924513 -> physical_length=27.924513
2025-09-02 15:07:24.948 | INFO     | Pendulum.PendulumAPP:_processSerialData:121 - 🔄 数据来源: 串口接收 -> PendulumState.physical_length
2025-09-02 15:07:24.993 | INFO     | Pendulum.PendulumAPP:_processSerialData:120 - 📏 串口长度数据已更新: L27.924513 -> physical_length=27.924513
2025-09-02 15:07:24.994 | INFO     | Pendulum.PendulumAPP:_processSerialData:121 - 🔄 数据来源: 串口接收 -> PendulumState.physical_length
2025-09-02 15:07:25.038 | INFO     | Pendulum.PendulumAPP:_processSerialData:120 - 📏 串口长度数据已更新: L27.924513 -> physical_length=27.924513
2025-09-02 15:07:25.039 | INFO     | Pendulum.PendulumAPP:_processSerialData:121 - 🔄 数据来源: 串口接收 -> PendulumState.physical_length
2025-09-02 15:07:25.084 | INFO     | Pendulum.PendulumAPP:_processSerialData:120 - 📏 串口长度数据已更新: L27.924513 -> physical_length=27.924513
2025-09-02 15:07:25.085 | INFO     | Pendulum.PendulumAPP:_processSerialData:121 - 🔄 数据来源: 串口接收 -> PendulumState.physical_length
2025-09-02 15:07:25.131 | INFO     | Pendulum.PendulumAPP:_processSerialData:120 - 📏 串口长度数据已更新: L27.924513 -> physical_length=27.924513
2025-09-02 15:07:25.132 | INFO     | Pendulum.PendulumAPP:_processSerialData:121 - 🔄 数据来源: 串口接收 -> PendulumState.physical_length
2025-09-02 15:07:25.191 | INFO     | Pendulum.PendulumAPP:_processSerialData:120 - 📏 串口长度数据已更新: L27.924513 -> physical_length=27.924513
2025-09-02 15:07:25.193 | INFO     | Pendulum.PendulumAPP:_processSerialData:121 - 🔄 数据来源: 串口接收 -> PendulumState.physical_length
2025-09-02 15:07:25.238 | INFO     | Pendulum.PendulumAPP:_processSerialData:120 - 📏 串口长度数据已更新: L27.924513 -> physical_length=27.924513
2025-09-02 15:07:25.240 | INFO     | Pendulum.PendulumAPP:_processSerialData:121 - 🔄 数据来源: 串口接收 -> PendulumState.physical_length
2025-09-02 15:07:25.285 | INFO     | Pendulum.PendulumAPP:_processSerialData:120 - 📏 串口长度数据已更新: L27.924513 -> physical_length=27.924513
2025-09-02 15:07:25.286 | INFO     | Pendulum.PendulumAPP:_processSerialData:121 - 🔄 数据来源: 串口接收 -> PendulumState.physical_length
2025-09-02 15:07:25.331 | INFO     | Pendulum.PendulumAPP:_processSerialData:120 - 📏 串口长度数据已更新: L27.924513 -> physical_length=27.924513
2025-09-02 15:07:25.333 | INFO     | Pendulum.PendulumAPP:_processSerialData:121 - 🔄 数据来源: 串口接收 -> PendulumState.physical_length
2025-09-02 15:07:25.377 | INFO     | Pendulum.PendulumAPP:_processSerialData:120 - 📏 串口长度数据已更新: L27.924513 -> physical_length=27.924513
2025-09-02 15:07:25.379 | INFO     | Pendulum.PendulumAPP:_processSerialData:121 - 🔄 数据来源: 串口接收 -> PendulumState.physical_length
2025-09-02 15:07:25.423 | INFO     | Pendulum.PendulumAPP:_processSerialData:120 - 📏 串口长度数据已更新: L27.924513 -> physical_length=27.924513
2025-09-02 15:07:25.423 | INFO     | Pendulum.PendulumAPP:_processSerialData:121 - 🔄 数据来源: 串口接收 -> PendulumState.physical_length
2025-09-02 15:07:25.470 | INFO     | Pendulum.PendulumAPP:_processSerialData:120 - 📏 串口长度数据已更新: L27.924513 -> physical_length=27.924513
2025-09-02 15:07:25.474 | INFO     | Pendulum.PendulumAPP:_processSerialData:121 - 🔄 数据来源: 串口接收 -> PendulumState.physical_length
2025-09-02 15:07:25.516 | INFO     | Pendulum.PendulumAPP:_processSerialData:120 - 📏 串口长度数据已更新: L27.924513 -> physical_length=27.924513
2025-09-02 15:07:25.518 | INFO     | Pendulum.PendulumAPP:_processSerialData:121 - 🔄 数据来源: 串口接收 -> PendulumState.physical_length
2025-09-02 15:07:25.562 | INFO     | Pendulum.PendulumAPP:_processSerialData:120 - 📏 串口长度数据已更新: L27.924513 -> physical_length=27.924513
2025-09-02 15:07:25.563 | INFO     | Pendulum.PendulumAPP:_processSerialData:121 - 🔄 数据来源: 串口接收 -> PendulumState.physical_length
2025-09-02 15:07:25.609 | INFO     | Pendulum.PendulumAPP:_processSerialData:120 - 📏 串口长度数据已更新: L27.924513 -> physical_length=27.924513
2025-09-02 15:07:25.611 | INFO     | Pendulum.PendulumAPP:_processSerialData:121 - 🔄 数据来源: 串口接收 -> PendulumState.physical_length
2025-09-02 15:07:25.655 | INFO     | Pendulum.PendulumAPP:_processSerialData:120 - 📏 串口长度数据已更新: L27.924513 -> physical_length=27.924513
2025-09-02 15:07:25.656 | INFO     | Pendulum.PendulumAPP:_processSerialData:121 - 🔄 数据来源: 串口接收 -> PendulumState.physical_length
2025-09-02 15:07:25.702 | INFO     | Pendulum.PendulumAPP:_processSerialData:120 - 📏 串口长度数据已更新: L27.924513 -> physical_length=27.924513
2025-09-02 15:07:25.702 | INFO     | Pendulum.PendulumAPP:_processSerialData:121 - 🔄 数据来源: 串口接收 -> PendulumState.physical_length
2025-09-02 15:07:25.747 | INFO     | Pendulum.PendulumAPP:_processSerialData:120 - 📏 串口长度数据已更新: L27.924513 -> physical_length=27.924513
2025-09-02 15:07:25.747 | INFO     | Pendulum.PendulumAPP:_processSerialData:121 - 🔄 数据来源: 串口接收 -> PendulumState.physical_length
2025-09-02 15:07:25.796 | INFO     | Pendulum.PendulumAPP:_processSerialData:120 - 📏 串口长度数据已更新: L27.924513 -> physical_length=27.924513
2025-09-02 15:07:25.797 | INFO     | Pendulum.PendulumAPP:_processSerialData:121 - 🔄 数据来源: 串口接收 -> PendulumState.physical_length
2025-09-02 15:07:25.843 | INFO     | Pendulum.PendulumAPP:_processSerialData:120 - 📏 串口长度数据已更新: L27.924513 -> physical_length=27.924513
2025-09-02 15:07:25.843 | INFO     | Pendulum.PendulumAPP:_processSerialData:121 - 🔄 数据来源: 串口接收 -> PendulumState.physical_length
2025-09-02 15:07:25.890 | INFO     | Pendulum.PendulumAPP:_processSerialData:120 - 📏 串口长度数据已更新: L27.924513 -> physical_length=27.924513
2025-09-02 15:07:25.892 | INFO     | Pendulum.PendulumAPP:_processSerialData:121 - 🔄 数据来源: 串口接收 -> PendulumState.physical_length
2025-09-02 15:07:25.936 | INFO     | Pendulum.PendulumAPP:_processSerialData:120 - 📏 串口长度数据已更新: L27.924513 -> physical_length=27.924513
2025-09-02 15:07:25.937 | INFO     | Pendulum.PendulumAPP:_processSerialData:121 - 🔄 数据来源: 串口接收 -> PendulumState.physical_length
2025-09-02 15:07:25.976 | INFO     | Pendulum.PendulumAPP:_keyEventWeb:271 - u1
2025-09-02 15:07:25.982 | INFO     | Pendulum.SerialConncet:send:199 - sendu1
2025-09-02 15:07:25.984 | INFO     | Pendulum.SerialConncet:send:201 - [发送] u1
2025-09-02 15:07:26.000 | INFO     | Pendulum.PendulumAPP:_processSerialData:120 - 📏 串口长度数据已更新: L27.924513 -> physical_length=27.924513
2025-09-02 15:07:26.001 | INFO     | Pendulum.PendulumAPP:_processSerialData:121 - 🔄 数据来源: 串口接收 -> PendulumState.physical_length
2025-09-02 15:07:26.044 | INFO     | Pendulum.PendulumAPP:_processSerialData:120 - 📏 串口长度数据已更新: L27.924513 -> physical_length=27.924513
2025-09-02 15:07:26.045 | INFO     | Pendulum.PendulumAPP:_processSerialData:121 - 🔄 数据来源: 串口接收 -> PendulumState.physical_length
2025-09-02 15:07:26.090 | INFO     | Pendulum.PendulumAPP:_processSerialData:120 - 📏 串口长度数据已更新: L27.924513 -> physical_length=27.924513
2025-09-02 15:07:26.091 | INFO     | Pendulum.PendulumAPP:_processSerialData:121 - 🔄 数据来源: 串口接收 -> PendulumState.physical_length
2025-09-02 15:07:26.136 | INFO     | Pendulum.PendulumAPP:_processSerialData:120 - 📏 串口长度数据已更新: L27.924513 -> physical_length=27.924513
2025-09-02 15:07:26.139 | INFO     | Pendulum.PendulumAPP:_processSerialData:121 - 🔄 数据来源: 串口接收 -> PendulumState.physical_length
2025-09-02 15:07:26.182 | INFO     | Pendulum.PendulumAPP:_processSerialData:120 - 📏 串口长度数据已更新: L27.924513 -> physical_length=27.924513
2025-09-02 15:07:26.183 | INFO     | Pendulum.PendulumAPP:_processSerialData:121 - 🔄 数据来源: 串口接收 -> PendulumState.physical_length
2025-09-02 15:07:26.229 | INFO     | Pendulum.PendulumAPP:_processSerialData:120 - 📏 串口长度数据已更新: L27.924513 -> physical_length=27.924513
2025-09-02 15:07:26.230 | INFO     | Pendulum.PendulumAPP:_processSerialData:121 - 🔄 数据来源: 串口接收 -> PendulumState.physical_length
2025-09-02 15:07:26.275 | INFO     | Pendulum.PendulumAPP:_processSerialData:120 - 📏 串口长度数据已更新: L27.924513 -> physical_length=27.924513
2025-09-02 15:07:26.276 | INFO     | Pendulum.PendulumAPP:_processSerialData:121 - 🔄 数据来源: 串口接收 -> PendulumState.physical_length
2025-09-02 15:07:26.322 | INFO     | Pendulum.PendulumAPP:_processSerialData:120 - 📏 串口长度数据已更新: L27.924513 -> physical_length=27.924513
2025-09-02 15:07:26.324 | INFO     | Pendulum.PendulumAPP:_processSerialData:121 - 🔄 数据来源: 串口接收 -> PendulumState.physical_length
2025-09-02 15:07:26.369 | INFO     | Pendulum.PendulumAPP:_processSerialData:120 - 📏 串口长度数据已更新: L27.924513 -> physical_length=27.924513
2025-09-02 15:07:26.370 | INFO     | Pendulum.PendulumAPP:_processSerialData:121 - 🔄 数据来源: 串口接收 -> PendulumState.physical_length
2025-09-02 15:07:26.415 | INFO     | Pendulum.PendulumAPP:_processSerialData:120 - 📏 串口长度数据已更新: L27.924513 -> physical_length=27.924513
2025-09-02 15:07:26.417 | INFO     | Pendulum.PendulumAPP:_processSerialData:121 - 🔄 数据来源: 串口接收 -> PendulumState.physical_length
2025-09-02 15:07:26.462 | INFO     | Pendulum.PendulumAPP:_processSerialData:120 - 📏 串口长度数据已更新: L27.924513 -> physical_length=27.924513
2025-09-02 15:07:26.463 | INFO     | Pendulum.PendulumAPP:_processSerialData:121 - 🔄 数据来源: 串口接收 -> PendulumState.physical_length
2025-09-02 15:07:26.508 | INFO     | Pendulum.PendulumAPP:_processSerialData:120 - 📏 串口长度数据已更新: L27.924513 -> physical_length=27.924513
2025-09-02 15:07:26.511 | INFO     | Pendulum.PendulumAPP:_processSerialData:121 - 🔄 数据来源: 串口接收 -> PendulumState.physical_length
2025-09-02 15:07:26.554 | INFO     | Pendulum.PendulumAPP:_processSerialData:120 - 📏 串口长度数据已更新: L27.924513 -> physical_length=27.924513
2025-09-02 15:07:26.555 | INFO     | Pendulum.PendulumAPP:_processSerialData:121 - 🔄 数据来源: 串口接收 -> PendulumState.physical_length
2025-09-02 15:07:26.600 | INFO     | Pendulum.PendulumAPP:_processSerialData:120 - 📏 串口长度数据已更新: L27.924513 -> physical_length=27.924513
2025-09-02 15:07:26.604 | INFO     | Pendulum.PendulumAPP:_processSerialData:121 - 🔄 数据来源: 串口接收 -> PendulumState.physical_length
2025-09-02 15:07:26.650 | INFO     | Pendulum.PendulumAPP:_processSerialData:120 - 📏 串口长度数据已更新: L27.924513 -> physical_length=27.924513
2025-09-02 15:07:26.651 | INFO     | Pendulum.PendulumAPP:_processSerialData:121 - 🔄 数据来源: 串口接收 -> PendulumState.physical_length
2025-09-02 15:07:26.694 | INFO     | Pendulum.PendulumAPP:_processSerialData:120 - 📏 串口长度数据已更新: L27.924513 -> physical_length=27.924513
2025-09-02 15:07:26.696 | INFO     | Pendulum.PendulumAPP:_processSerialData:121 - 🔄 数据来源: 串口接收 -> PendulumState.physical_length
2025-09-02 15:07:26.740 | INFO     | Pendulum.PendulumAPP:_processSerialData:120 - 📏 串口长度数据已更新: L27.924513 -> physical_length=27.924513
2025-09-02 15:07:26.741 | INFO     | Pendulum.PendulumAPP:_processSerialData:121 - 🔄 数据来源: 串口接收 -> PendulumState.physical_length
2025-09-02 15:07:26.787 | INFO     | Pendulum.PendulumAPP:_processSerialData:120 - 📏 串口长度数据已更新: L27.924513 -> physical_length=27.924513
2025-09-02 15:07:26.788 | INFO     | Pendulum.PendulumAPP:_processSerialData:121 - 🔄 数据来源: 串口接收 -> PendulumState.physical_length
2025-09-02 15:07:26.835 | INFO     | Pendulum.PendulumAPP:_processSerialData:120 - 📏 串口长度数据已更新: L27.924513 -> physical_length=27.924513
2025-09-02 15:07:26.836 | INFO     | Pendulum.PendulumAPP:_processSerialData:121 - 🔄 数据来源: 串口接收 -> PendulumState.physical_length
2025-09-02 15:07:26.881 | INFO     | Pendulum.PendulumAPP:_processSerialData:120 - 📏 串口长度数据已更新: L27.924513 -> physical_length=27.924513
2025-09-02 15:07:26.882 | INFO     | Pendulum.PendulumAPP:_processSerialData:121 - 🔄 数据来源: 串口接收 -> PendulumState.physical_length
2025-09-02 15:07:26.929 | INFO     | Pendulum.PendulumAPP:_processSerialData:120 - 📏 串口长度数据已更新: L27.924513 -> physical_length=27.924513
2025-09-02 15:07:26.930 | INFO     | Pendulum.PendulumAPP:_processSerialData:121 - 🔄 数据来源: 串口接收 -> PendulumState.physical_length
2025-09-02 15:07:26.975 | INFO     | Pendulum.PendulumAPP:_processSerialData:120 - 📏 串口长度数据已更新: L27.924513 -> physical_length=27.924513
2025-09-02 15:07:26.979 | INFO     | Pendulum.PendulumAPP:_processSerialData:121 - 🔄 数据来源: 串口接收 -> PendulumState.physical_length
2025-09-02 15:07:27.010 | INFO     | Pendulum.PendulumAPP:_keyEventWeb:274 - u0
2025-09-02 15:07:27.012 | INFO     | Pendulum.SerialConncet:send:199 - sendu0
2025-09-02 15:07:27.015 | INFO     | Pendulum.SerialConncet:send:201 - [发送] u0
2025-09-02 15:07:27.021 | INFO     | Pendulum.PendulumAPP:_processSerialData:120 - 📏 串口长度数据已更新: L27.924513 -> physical_length=27.924513
2025-09-02 15:07:27.023 | INFO     | Pendulum.PendulumAPP:_processSerialData:121 - 🔄 数据来源: 串口接收 -> PendulumState.physical_length
2025-09-02 15:07:27.068 | INFO     | Pendulum.PendulumAPP:_processSerialData:120 - 📏 串口长度数据已更新: L27.924513 -> physical_length=27.924513
2025-09-02 15:07:27.070 | INFO     | Pendulum.PendulumAPP:_processSerialData:121 - 🔄 数据来源: 串口接收 -> PendulumState.physical_length
2025-09-02 15:07:27.114 | INFO     | Pendulum.PendulumAPP:_processSerialData:120 - 📏 串口长度数据已更新: L27.924513 -> physical_length=27.924513
2025-09-02 15:07:27.118 | INFO     | Pendulum.PendulumAPP:_processSerialData:121 - 🔄 数据来源: 串口接收 -> PendulumState.physical_length
2025-09-02 15:07:27.161 | INFO     | Pendulum.PendulumAPP:_processSerialData:120 - 📏 串口长度数据已更新: L27.924513 -> physical_length=27.924513
2025-09-02 15:07:27.162 | INFO     | Pendulum.PendulumAPP:_processSerialData:121 - 🔄 数据来源: 串口接收 -> PendulumState.physical_length
2025-09-02 15:07:27.207 | INFO     | Pendulum.PendulumAPP:_processSerialData:120 - 📏 串口长度数据已更新: L27.924513 -> physical_length=27.924513
2025-09-02 15:07:27.208 | INFO     | Pendulum.PendulumAPP:_processSerialData:121 - 🔄 数据来源: 串口接收 -> PendulumState.physical_length
2025-09-02 15:07:27.253 | INFO     | Pendulum.PendulumAPP:_processSerialData:120 - 📏 串口长度数据已更新: L27.924513 -> physical_length=27.924513
2025-09-02 15:07:27.254 | INFO     | Pendulum.PendulumAPP:_processSerialData:121 - 🔄 数据来源: 串口接收 -> PendulumState.physical_length
2025-09-02 15:07:27.300 | INFO     | Pendulum.PendulumAPP:_processSerialData:120 - 📏 串口长度数据已更新: L27.924513 -> physical_length=27.924513
2025-09-02 15:07:27.301 | INFO     | Pendulum.PendulumAPP:_processSerialData:121 - 🔄 数据来源: 串口接收 -> PendulumState.physical_length
2025-09-02 15:07:27.348 | INFO     | Pendulum.PendulumAPP:_processSerialData:120 - 📏 串口长度数据已更新: L27.924513 -> physical_length=27.924513
2025-09-02 15:07:27.349 | INFO     | Pendulum.PendulumAPP:_processSerialData:121 - 🔄 数据来源: 串口接收 -> PendulumState.physical_length
2025-09-02 15:07:27.395 | INFO     | Pendulum.PendulumAPP:_processSerialData:120 - 📏 串口长度数据已更新: L27.924513 -> physical_length=27.924513
2025-09-02 15:07:27.395 | INFO     | Pendulum.PendulumAPP:_processSerialData:121 - 🔄 数据来源: 串口接收 -> PendulumState.physical_length
2025-09-02 15:07:27.442 | INFO     | Pendulum.PendulumAPP:_processSerialData:120 - 📏 串口长度数据已更新: L27.924513 -> physical_length=27.924513
2025-09-02 15:07:27.443 | INFO     | Pendulum.PendulumAPP:_processSerialData:121 - 🔄 数据来源: 串口接收 -> PendulumState.physical_length
2025-09-02 15:07:27.489 | INFO     | Pendulum.PendulumAPP:_processSerialData:120 - 📏 串口长度数据已更新: L27.924513 -> physical_length=27.924513
2025-09-02 15:07:27.491 | INFO     | Pendulum.PendulumAPP:_processSerialData:121 - 🔄 数据来源: 串口接收 -> PendulumState.physical_length
2025-09-02 15:07:27.536 | INFO     | Pendulum.PendulumAPP:_processSerialData:120 - 📏 串口长度数据已更新: L27.924513 -> physical_length=27.924513
2025-09-02 15:07:27.536 | INFO     | Pendulum.PendulumAPP:_processSerialData:121 - 🔄 数据来源: 串口接收 -> PendulumState.physical_length
2025-09-02 15:07:27.583 | INFO     | Pendulum.PendulumAPP:_processSerialData:120 - 📏 串口长度数据已更新: L27.924513 -> physical_length=27.924513
2025-09-02 15:07:27.584 | INFO     | Pendulum.PendulumAPP:_processSerialData:121 - 🔄 数据来源: 串口接收 -> PendulumState.physical_length
2025-09-02 15:07:27.630 | INFO     | Pendulum.PendulumAPP:_processSerialData:120 - 📏 串口长度数据已更新: L27.924513 -> physical_length=27.924513
2025-09-02 15:07:27.636 | INFO     | Pendulum.PendulumAPP:_processSerialData:121 - 🔄 数据来源: 串口接收 -> PendulumState.physical_length
2025-09-02 15:07:27.676 | INFO     | Pendulum.PendulumAPP:_processSerialData:120 - 📏 串口长度数据已更新: L27.924513 -> physical_length=27.924513
2025-09-02 15:07:27.678 | INFO     | Pendulum.PendulumAPP:_processSerialData:121 - 🔄 数据来源: 串口接收 -> PendulumState.physical_length
2025-09-02 15:07:27.722 | INFO     | Pendulum.PendulumAPP:_processSerialData:120 - 📏 串口长度数据已更新: L27.924513 -> physical_length=27.924513
2025-09-02 15:07:27.722 | INFO     | Pendulum.PendulumAPP:_processSerialData:121 - 🔄 数据来源: 串口接收 -> PendulumState.physical_length
2025-09-02 15:07:27.770 | INFO     | Pendulum.PendulumAPP:_processSerialData:120 - 📏 串口长度数据已更新: L27.924513 -> physical_length=27.924513
2025-09-02 15:07:27.771 | INFO     | Pendulum.PendulumAPP:_processSerialData:121 - 🔄 数据来源: 串口接收 -> PendulumState.physical_length
2025-09-02 15:07:27.809 | INFO     | Pendulum.PendulumAPP:_keyEventWeb:289 - d1
2025-09-02 15:07:27.811 | INFO     | Pendulum.SerialConncet:send:199 - sendd1
2025-09-02 15:07:27.812 | INFO     | Pendulum.SerialConncet:send:201 - [发送] d1
2025-09-02 15:07:27.829 | INFO     | Pendulum.PendulumAPP:_processSerialData:120 - 📏 串口长度数据已更新: L27.924513 -> physical_length=27.924513
2025-09-02 15:07:27.830 | INFO     | Pendulum.PendulumAPP:_processSerialData:121 - 🔄 数据来源: 串口接收 -> PendulumState.physical_length
2025-09-02 15:07:27.878 | INFO     | Pendulum.PendulumAPP:_processSerialData:120 - 📏 串口长度数据已更新: L27.924513 -> physical_length=27.924513
2025-09-02 15:07:27.879 | INFO     | Pendulum.PendulumAPP:_processSerialData:121 - 🔄 数据来源: 串口接收 -> PendulumState.physical_length
2025-09-02 15:07:27.925 | INFO     | Pendulum.PendulumAPP:_processSerialData:120 - 📏 串口长度数据已更新: L27.924513 -> physical_length=27.924513
2025-09-02 15:07:27.925 | INFO     | Pendulum.PendulumAPP:_processSerialData:121 - 🔄 数据来源: 串口接收 -> PendulumState.physical_length
2025-09-02 15:07:27.971 | INFO     | Pendulum.PendulumAPP:_processSerialData:120 - 📏 串口长度数据已更新: L27.924513 -> physical_length=27.924513
2025-09-02 15:07:27.972 | INFO     | Pendulum.PendulumAPP:_processSerialData:121 - 🔄 数据来源: 串口接收 -> PendulumState.physical_length
2025-09-02 15:07:28.017 | INFO     | Pendulum.PendulumAPP:_processSerialData:120 - 📏 串口长度数据已更新: L27.924513 -> physical_length=27.924513
2025-09-02 15:07:28.018 | INFO     | Pendulum.PendulumAPP:_processSerialData:121 - 🔄 数据来源: 串口接收 -> PendulumState.physical_length
2025-09-02 15:07:28.064 | INFO     | Pendulum.PendulumAPP:_processSerialData:120 - 📏 串口长度数据已更新: L27.924513 -> physical_length=27.924513
2025-09-02 15:07:28.065 | INFO     | Pendulum.PendulumAPP:_processSerialData:121 - 🔄 数据来源: 串口接收 -> PendulumState.physical_length
2025-09-02 15:07:28.110 | INFO     | Pendulum.PendulumAPP:_processSerialData:120 - 📏 串口长度数据已更新: L27.924513 -> physical_length=27.924513
2025-09-02 15:07:28.111 | INFO     | Pendulum.PendulumAPP:_processSerialData:121 - 🔄 数据来源: 串口接收 -> PendulumState.physical_length
2025-09-02 15:07:28.156 | INFO     | Pendulum.PendulumAPP:_processSerialData:120 - 📏 串口长度数据已更新: L27.924513 -> physical_length=27.924513
2025-09-02 15:07:28.157 | INFO     | Pendulum.PendulumAPP:_processSerialData:121 - 🔄 数据来源: 串口接收 -> PendulumState.physical_length
2025-09-02 15:07:28.201 | INFO     | Pendulum.PendulumAPP:_processSerialData:120 - 📏 串口长度数据已更新: L27.924513 -> physical_length=27.924513
2025-09-02 15:07:28.202 | INFO     | Pendulum.PendulumAPP:_processSerialData:121 - 🔄 数据来源: 串口接收 -> PendulumState.physical_length
2025-09-02 15:07:28.248 | INFO     | Pendulum.PendulumAPP:_processSerialData:120 - 📏 串口长度数据已更新: L27.924513 -> physical_length=27.924513
2025-09-02 15:07:28.250 | INFO     | Pendulum.PendulumAPP:_processSerialData:121 - 🔄 数据来源: 串口接收 -> PendulumState.physical_length
2025-09-02 15:07:28.294 | INFO     | Pendulum.PendulumAPP:_processSerialData:120 - 📏 串口长度数据已更新: L27.924513 -> physical_length=27.924513
2025-09-02 15:07:28.295 | INFO     | Pendulum.PendulumAPP:_processSerialData:121 - 🔄 数据来源: 串口接收 -> PendulumState.physical_length
2025-09-02 15:07:28.342 | INFO     | Pendulum.PendulumAPP:_processSerialData:120 - 📏 串口长度数据已更新: L27.924513 -> physical_length=27.924513
2025-09-02 15:07:28.344 | INFO     | Pendulum.PendulumAPP:_processSerialData:121 - 🔄 数据来源: 串口接收 -> PendulumState.physical_length
2025-09-02 15:07:28.387 | INFO     | Pendulum.PendulumAPP:_processSerialData:120 - 📏 串口长度数据已更新: L27.924513 -> physical_length=27.924513
2025-09-02 15:07:28.388 | INFO     | Pendulum.PendulumAPP:_processSerialData:121 - 🔄 数据来源: 串口接收 -> PendulumState.physical_length
2025-09-02 15:07:28.435 | INFO     | Pendulum.PendulumAPP:_processSerialData:120 - 📏 串口长度数据已更新: L27.924513 -> physical_length=27.924513
2025-09-02 15:07:28.435 | INFO     | Pendulum.PendulumAPP:_processSerialData:121 - 🔄 数据来源: 串口接收 -> PendulumState.physical_length
2025-09-02 15:07:28.482 | INFO     | Pendulum.PendulumAPP:_processSerialData:120 - 📏 串口长度数据已更新: L27.924513 -> physical_length=27.924513
2025-09-02 15:07:28.483 | INFO     | Pendulum.PendulumAPP:_processSerialData:121 - 🔄 数据来源: 串口接收 -> PendulumState.physical_length
2025-09-02 15:07:28.528 | INFO     | Pendulum.PendulumAPP:_processSerialData:120 - 📏 串口长度数据已更新: L27.924513 -> physical_length=27.924513
2025-09-02 15:07:28.530 | INFO     | Pendulum.PendulumAPP:_processSerialData:121 - 🔄 数据来源: 串口接收 -> PendulumState.physical_length
2025-09-02 15:07:28.575 | INFO     | Pendulum.PendulumAPP:_processSerialData:120 - 📏 串口长度数据已更新: L27.924513 -> physical_length=27.924513
2025-09-02 15:07:28.577 | INFO     | Pendulum.PendulumAPP:_processSerialData:121 - 🔄 数据来源: 串口接收 -> PendulumState.physical_length
2025-09-02 15:07:28.622 | INFO     | Pendulum.PendulumAPP:_processSerialData:120 - 📏 串口长度数据已更新: L27.924513 -> physical_length=27.924513
2025-09-02 15:07:28.624 | INFO     | Pendulum.PendulumAPP:_processSerialData:121 - 🔄 数据来源: 串口接收 -> PendulumState.physical_length
2025-09-02 15:07:28.667 | INFO     | Pendulum.PendulumAPP:_processSerialData:120 - 📏 串口长度数据已更新: L27.924513 -> physical_length=27.924513
2025-09-02 15:07:28.670 | INFO     | Pendulum.PendulumAPP:_processSerialData:121 - 🔄 数据来源: 串口接收 -> PendulumState.physical_length
2025-09-02 15:07:28.714 | INFO     | Pendulum.PendulumAPP:_processSerialData:120 - 📏 串口长度数据已更新: L27.924513 -> physical_length=27.924513
2025-09-02 15:07:28.716 | INFO     | Pendulum.PendulumAPP:_processSerialData:121 - 🔄 数据来源: 串口接收 -> PendulumState.physical_length
2025-09-02 15:07:28.760 | INFO     | Pendulum.PendulumAPP:_processSerialData:120 - 📏 串口长度数据已更新: L27.924513 -> physical_length=27.924513
2025-09-02 15:07:28.763 | INFO     | Pendulum.PendulumAPP:_processSerialData:121 - 🔄 数据来源: 串口接收 -> PendulumState.physical_length
2025-09-02 15:07:28.806 | INFO     | Pendulum.PendulumAPP:_processSerialData:120 - 📏 串口长度数据已更新: L27.924513 -> physical_length=27.924513
2025-09-02 15:07:28.806 | INFO     | Pendulum.PendulumAPP:_processSerialData:121 - 🔄 数据来源: 串口接收 -> PendulumState.physical_length
2025-09-02 15:07:28.853 | INFO     | Pendulum.PendulumAPP:_processSerialData:120 - 📏 串口长度数据已更新: L27.924513 -> physical_length=27.924513
2025-09-02 15:07:28.854 | INFO     | Pendulum.PendulumAPP:_processSerialData:121 - 🔄 数据来源: 串口接收 -> PendulumState.physical_length
2025-09-02 15:07:28.902 | INFO     | Pendulum.PendulumAPP:_processSerialData:120 - 📏 串口长度数据已更新: L27.924513 -> physical_length=27.924513
2025-09-02 15:07:28.903 | INFO     | Pendulum.PendulumAPP:_processSerialData:121 - 🔄 数据来源: 串口接收 -> PendulumState.physical_length
2025-09-02 15:07:28.949 | INFO     | Pendulum.PendulumAPP:_processSerialData:120 - 📏 串口长度数据已更新: L27.924513 -> physical_length=27.924513
2025-09-02 15:07:28.950 | INFO     | Pendulum.PendulumAPP:_processSerialData:121 - 🔄 数据来源: 串口接收 -> PendulumState.physical_length
2025-09-02 15:07:28.995 | INFO     | Pendulum.PendulumAPP:_processSerialData:120 - 📏 串口长度数据已更新: L27.924513 -> physical_length=27.924513
2025-09-02 15:07:28.996 | INFO     | Pendulum.PendulumAPP:_processSerialData:121 - 🔄 数据来源: 串口接收 -> PendulumState.physical_length
2025-09-02 15:07:29.041 | INFO     | Pendulum.PendulumAPP:_processSerialData:120 - 📏 串口长度数据已更新: L27.924513 -> physical_length=27.924513
2025-09-02 15:07:29.042 | INFO     | Pendulum.PendulumAPP:_processSerialData:121 - 🔄 数据来源: 串口接收 -> PendulumState.physical_length
2025-09-02 15:07:29.087 | INFO     | Pendulum.PendulumAPP:_processSerialData:120 - 📏 串口长度数据已更新: L27.924513 -> physical_length=27.924513
2025-09-02 15:07:29.088 | INFO     | Pendulum.PendulumAPP:_processSerialData:121 - 🔄 数据来源: 串口接收 -> PendulumState.physical_length
2025-09-02 15:07:29.132 | INFO     | Pendulum.PendulumAPP:_processSerialData:120 - 📏 串口长度数据已更新: L27.924513 -> physical_length=27.924513
2025-09-02 15:07:29.135 | INFO     | Pendulum.PendulumAPP:_processSerialData:121 - 🔄 数据来源: 串口接收 -> PendulumState.physical_length
2025-09-02 15:07:29.179 | INFO     | Pendulum.PendulumAPP:_processSerialData:120 - 📏 串口长度数据已更新: L27.924513 -> physical_length=27.924513
2025-09-02 15:07:29.181 | INFO     | Pendulum.PendulumAPP:_processSerialData:121 - 🔄 数据来源: 串口接收 -> PendulumState.physical_length
2025-09-02 15:07:29.214 | INFO     | Pendulum.PendulumAPP:_keyEventWeb:268 - u2
2025-09-02 15:07:29.217 | INFO     | Pendulum.SerialConncet:send:199 - sendu2
2025-09-02 15:07:29.220 | INFO     | Pendulum.SerialConncet:send:201 - [发送] u2
2025-09-02 15:07:29.226 | INFO     | Pendulum.PendulumAPP:_processSerialData:120 - 📏 串口长度数据已更新: L27.924513 -> physical_length=27.924513
2025-09-02 15:07:29.226 | INFO     | Pendulum.PendulumAPP:_processSerialData:121 - 🔄 数据来源: 串口接收 -> PendulumState.physical_length
2025-09-02 15:07:29.273 | INFO     | Pendulum.PendulumAPP:_processSerialData:120 - 📏 串口长度数据已更新: L27.924513 -> physical_length=27.924513
2025-09-02 15:07:29.274 | INFO     | Pendulum.PendulumAPP:_processSerialData:121 - 🔄 数据来源: 串口接收 -> PendulumState.physical_length
2025-09-02 15:07:29.320 | INFO     | Pendulum.PendulumAPP:_processSerialData:120 - 📏 串口长度数据已更新: L27.924513 -> physical_length=27.924513
2025-09-02 15:07:29.322 | INFO     | Pendulum.PendulumAPP:_processSerialData:121 - 🔄 数据来源: 串口接收 -> PendulumState.physical_length
2025-09-02 15:07:29.366 | INFO     | Pendulum.PendulumAPP:_processSerialData:120 - 📏 串口长度数据已更新: L27.924513 -> physical_length=27.924513
2025-09-02 15:07:29.366 | INFO     | Pendulum.PendulumAPP:_processSerialData:121 - 🔄 数据来源: 串口接收 -> PendulumState.physical_length
2025-09-02 15:07:29.412 | INFO     | Pendulum.PendulumAPP:_processSerialData:120 - 📏 串口长度数据已更新: L27.924513 -> physical_length=27.924513
2025-09-02 15:07:29.412 | INFO     | Pendulum.PendulumAPP:_processSerialData:121 - 🔄 数据来源: 串口接收 -> PendulumState.physical_length
2025-09-02 15:07:29.458 | INFO     | Pendulum.PendulumAPP:_processSerialData:120 - 📏 串口长度数据已更新: L27.924513 -> physical_length=27.924513
2025-09-02 15:07:29.459 | INFO     | Pendulum.PendulumAPP:_processSerialData:121 - 🔄 数据来源: 串口接收 -> PendulumState.physical_length
2025-09-02 15:07:29.504 | INFO     | Pendulum.PendulumAPP:_processSerialData:120 - 📏 串口长度数据已更新: L27.924513 -> physical_length=27.924513
2025-09-02 15:07:29.505 | INFO     | Pendulum.PendulumAPP:_processSerialData:121 - 🔄 数据来源: 串口接收 -> PendulumState.physical_length
2025-09-02 15:07:29.551 | INFO     | Pendulum.PendulumAPP:_processSerialData:120 - 📏 串口长度数据已更新: L27.924513 -> physical_length=27.924513
2025-09-02 15:07:29.553 | INFO     | Pendulum.PendulumAPP:_processSerialData:121 - 🔄 数据来源: 串口接收 -> PendulumState.physical_length
2025-09-02 15:07:29.598 | INFO     | Pendulum.PendulumAPP:_processSerialData:120 - 📏 串口长度数据已更新: L27.924513 -> physical_length=27.924513
2025-09-02 15:07:29.599 | INFO     | Pendulum.PendulumAPP:_processSerialData:121 - 🔄 数据来源: 串口接收 -> PendulumState.physical_length
2025-09-02 15:07:29.643 | INFO     | Pendulum.PendulumAPP:_processSerialData:120 - 📏 串口长度数据已更新: L27.924513 -> physical_length=27.924513
2025-09-02 15:07:29.644 | INFO     | Pendulum.PendulumAPP:_processSerialData:121 - 🔄 数据来源: 串口接收 -> PendulumState.physical_length
2025-09-02 15:07:29.689 | INFO     | Pendulum.PendulumAPP:_processSerialData:120 - 📏 串口长度数据已更新: L27.924513 -> physical_length=27.924513
2025-09-02 15:07:29.691 | INFO     | Pendulum.PendulumAPP:_processSerialData:121 - 🔄 数据来源: 串口接收 -> PendulumState.physical_length
2025-09-02 15:07:29.735 | INFO     | Pendulum.PendulumAPP:_processSerialData:120 - 📏 串口长度数据已更新: L27.924513 -> physical_length=27.924513
2025-09-02 15:07:29.736 | INFO     | Pendulum.PendulumAPP:_processSerialData:121 - 🔄 数据来源: 串口接收 -> PendulumState.physical_length
2025-09-02 15:07:29.780 | INFO     | Pendulum.PendulumAPP:_processSerialData:120 - 📏 串口长度数据已更新: L27.924513 -> physical_length=27.924513
2025-09-02 15:07:29.781 | INFO     | Pendulum.PendulumAPP:_processSerialData:121 - 🔄 数据来源: 串口接收 -> PendulumState.physical_length
2025-09-02 15:07:29.827 | INFO     | Pendulum.PendulumAPP:_processSerialData:120 - 📏 串口长度数据已更新: L27.924513 -> physical_length=27.924513
2025-09-02 15:07:29.828 | INFO     | Pendulum.PendulumAPP:_processSerialData:121 - 🔄 数据来源: 串口接收 -> PendulumState.physical_length
2025-09-02 15:07:29.874 | INFO     | Pendulum.PendulumAPP:_processSerialData:120 - 📏 串口长度数据已更新: L27.924513 -> physical_length=27.924513
2025-09-02 15:07:29.876 | INFO     | Pendulum.PendulumAPP:_processSerialData:121 - 🔄 数据来源: 串口接收 -> PendulumState.physical_length
2025-09-02 15:07:29.921 | INFO     | Pendulum.PendulumAPP:_processSerialData:120 - 📏 串口长度数据已更新: L27.924513 -> physical_length=27.924513
2025-09-02 15:07:29.922 | INFO     | Pendulum.PendulumAPP:_processSerialData:121 - 🔄 数据来源: 串口接收 -> PendulumState.physical_length
2025-09-02 15:07:29.969 | INFO     | Pendulum.PendulumAPP:_processSerialData:120 - 📏 串口长度数据已更新: L27.924513 -> physical_length=27.924513
2025-09-02 15:07:29.971 | INFO     | Pendulum.PendulumAPP:_processSerialData:121 - 🔄 数据来源: 串口接收 -> PendulumState.physical_length
2025-09-02 15:07:30.016 | INFO     | Pendulum.PendulumAPP:_processSerialData:120 - 📏 串口长度数据已更新: L27.924513 -> physical_length=27.924513
2025-09-02 15:07:30.018 | INFO     | Pendulum.PendulumAPP:_processSerialData:121 - 🔄 数据来源: 串口接收 -> PendulumState.physical_length
2025-09-02 15:07:30.061 | INFO     | Pendulum.PendulumAPP:_processSerialData:120 - 📏 串口长度数据已更新: L27.924513 -> physical_length=27.924513
2025-09-02 15:07:30.065 | INFO     | Pendulum.PendulumAPP:_processSerialData:121 - 🔄 数据来源: 串口接收 -> PendulumState.physical_length
2025-09-02 15:07:30.108 | INFO     | Pendulum.PendulumAPP:_processSerialData:120 - 📏 串口长度数据已更新: L27.924513 -> physical_length=27.924513
2025-09-02 15:07:30.112 | INFO     | Pendulum.PendulumAPP:_processSerialData:121 - 🔄 数据来源: 串口接收 -> PendulumState.physical_length
2025-09-02 15:07:30.155 | INFO     | Pendulum.PendulumAPP:_processSerialData:120 - 📏 串口长度数据已更新: L27.924513 -> physical_length=27.924513
2025-09-02 15:07:30.156 | INFO     | Pendulum.PendulumAPP:_processSerialData:121 - 🔄 数据来源: 串口接收 -> PendulumState.physical_length
2025-09-02 15:07:30.201 | INFO     | Pendulum.PendulumAPP:_processSerialData:120 - 📏 串口长度数据已更新: L27.924513 -> physical_length=27.924513
2025-09-02 15:07:30.202 | INFO     | Pendulum.PendulumAPP:_processSerialData:121 - 🔄 数据来源: 串口接收 -> PendulumState.physical_length
2025-09-02 15:07:30.248 | INFO     | Pendulum.PendulumAPP:_processSerialData:120 - 📏 串口长度数据已更新: L27.924513 -> physical_length=27.924513
2025-09-02 15:07:30.251 | INFO     | Pendulum.PendulumAPP:_processSerialData:121 - 🔄 数据来源: 串口接收 -> PendulumState.physical_length
2025-09-02 15:07:30.294 | INFO     | Pendulum.PendulumAPP:_processSerialData:120 - 📏 串口长度数据已更新: L27.924513 -> physical_length=27.924513
2025-09-02 15:07:30.296 | INFO     | Pendulum.PendulumAPP:_processSerialData:121 - 🔄 数据来源: 串口接收 -> PendulumState.physical_length
2025-09-02 15:07:30.341 | INFO     | Pendulum.PendulumAPP:_processSerialData:120 - 📏 串口长度数据已更新: L27.924513 -> physical_length=27.924513
2025-09-02 15:07:30.342 | INFO     | Pendulum.PendulumAPP:_processSerialData:121 - 🔄 数据来源: 串口接收 -> PendulumState.physical_length
2025-09-02 15:07:30.387 | INFO     | Pendulum.PendulumAPP:_processSerialData:120 - 📏 串口长度数据已更新: L27.924513 -> physical_length=27.924513
2025-09-02 15:07:30.388 | INFO     | Pendulum.PendulumAPP:_processSerialData:121 - 🔄 数据来源: 串口接收 -> PendulumState.physical_length
2025-09-02 15:07:30.435 | INFO     | Pendulum.PendulumAPP:_processSerialData:120 - 📏 串口长度数据已更新: L27.924513 -> physical_length=27.924513
2025-09-02 15:07:30.436 | INFO     | Pendulum.PendulumAPP:_processSerialData:121 - 🔄 数据来源: 串口接收 -> PendulumState.physical_length
2025-09-02 15:07:30.481 | INFO     | Pendulum.PendulumAPP:_processSerialData:120 - 📏 串口长度数据已更新: L27.924513 -> physical_length=27.924513
2025-09-02 15:07:30.482 | INFO     | Pendulum.PendulumAPP:_processSerialData:121 - 🔄 数据来源: 串口接收 -> PendulumState.physical_length
2025-09-02 15:07:30.529 | INFO     | Pendulum.PendulumAPP:_processSerialData:120 - 📏 串口长度数据已更新: L27.924513 -> physical_length=27.924513
2025-09-02 15:07:30.531 | INFO     | Pendulum.PendulumAPP:_processSerialData:121 - 🔄 数据来源: 串口接收 -> PendulumState.physical_length
2025-09-02 15:07:30.576 | INFO     | Pendulum.PendulumAPP:_processSerialData:120 - 📏 串口长度数据已更新: L27.924513 -> physical_length=27.924513
2025-09-02 15:07:30.578 | INFO     | Pendulum.PendulumAPP:_processSerialData:121 - 🔄 数据来源: 串口接收 -> PendulumState.physical_length
2025-09-02 15:07:30.622 | INFO     | Pendulum.PendulumAPP:_processSerialData:120 - 📏 串口长度数据已更新: L27.924513 -> physical_length=27.924513
2025-09-02 15:07:30.623 | INFO     | Pendulum.PendulumAPP:_processSerialData:121 - 🔄 数据来源: 串口接收 -> PendulumState.physical_length
2025-09-02 15:07:30.669 | INFO     | Pendulum.PendulumAPP:_processSerialData:120 - 📏 串口长度数据已更新: L27.924513 -> physical_length=27.924513
2025-09-02 15:07:30.671 | INFO     | Pendulum.PendulumAPP:_processSerialData:121 - 🔄 数据来源: 串口接收 -> PendulumState.physical_length
2025-09-02 15:07:30.716 | INFO     | Pendulum.PendulumAPP:_processSerialData:120 - 📏 串口长度数据已更新: L27.924513 -> physical_length=27.924513
2025-09-02 15:07:30.718 | INFO     | Pendulum.PendulumAPP:_processSerialData:121 - 🔄 数据来源: 串口接收 -> PendulumState.physical_length
2025-09-02 15:07:30.763 | INFO     | Pendulum.PendulumAPP:_processSerialData:120 - 📏 串口长度数据已更新: L27.924513 -> physical_length=27.924513
2025-09-02 15:07:30.764 | INFO     | Pendulum.PendulumAPP:_processSerialData:121 - 🔄 数据来源: 串口接收 -> PendulumState.physical_length
2025-09-02 15:07:30.810 | INFO     | Pendulum.PendulumAPP:_processSerialData:120 - 📏 串口长度数据已更新: L27.924513 -> physical_length=27.924513
2025-09-02 15:07:30.811 | INFO     | Pendulum.PendulumAPP:_processSerialData:121 - 🔄 数据来源: 串口接收 -> PendulumState.physical_length
2025-09-02 15:07:30.856 | INFO     | Pendulum.PendulumAPP:_processSerialData:120 - 📏 串口长度数据已更新: L27.924513 -> physical_length=27.924513
2025-09-02 15:07:30.859 | INFO     | Pendulum.PendulumAPP:_processSerialData:121 - 🔄 数据来源: 串口接收 -> PendulumState.physical_length
2025-09-02 15:07:30.903 | INFO     | Pendulum.PendulumAPP:_processSerialData:120 - 📏 串口长度数据已更新: L27.924513 -> physical_length=27.924513
2025-09-02 15:07:30.903 | INFO     | Pendulum.PendulumAPP:_processSerialData:121 - 🔄 数据来源: 串口接收 -> PendulumState.physical_length
2025-09-02 15:07:30.949 | INFO     | Pendulum.PendulumAPP:_processSerialData:120 - 📏 串口长度数据已更新: L27.924513 -> physical_length=27.924513
2025-09-02 15:07:30.951 | INFO     | Pendulum.PendulumAPP:_processSerialData:121 - 🔄 数据来源: 串口接收 -> PendulumState.physical_length
2025-09-02 15:07:30.995 | INFO     | Pendulum.PendulumAPP:_processSerialData:120 - 📏 串口长度数据已更新: L27.924513 -> physical_length=27.924513
2025-09-02 15:07:30.997 | INFO     | Pendulum.PendulumAPP:_processSerialData:121 - 🔄 数据来源: 串口接收 -> PendulumState.physical_length
2025-09-02 15:07:31.041 | INFO     | Pendulum.PendulumAPP:_processSerialData:120 - 📏 串口长度数据已更新: L27.924513 -> physical_length=27.924513
2025-09-02 15:07:31.041 | INFO     | Pendulum.PendulumAPP:_processSerialData:121 - 🔄 数据来源: 串口接收 -> PendulumState.physical_length
2025-09-02 15:07:31.087 | INFO     | Pendulum.PendulumAPP:_processSerialData:120 - 📏 串口长度数据已更新: L27.924513 -> physical_length=27.924513
2025-09-02 15:07:31.089 | INFO     | Pendulum.PendulumAPP:_processSerialData:121 - 🔄 数据来源: 串口接收 -> PendulumState.physical_length
2025-09-02 15:07:31.135 | INFO     | Pendulum.PendulumAPP:_processSerialData:120 - 📏 串口长度数据已更新: L27.924513 -> physical_length=27.924513
2025-09-02 15:07:31.138 | INFO     | Pendulum.PendulumAPP:_processSerialData:121 - 🔄 数据来源: 串口接收 -> PendulumState.physical_length
2025-09-02 15:07:31.187 | INFO     | Pendulum.PendulumAPP:_processSerialData:120 - 📏 串口长度数据已更新: L27.924513 -> physical_length=27.924513
2025-09-02 15:07:31.190 | INFO     | Pendulum.PendulumAPP:_processSerialData:121 - 🔄 数据来源: 串口接收 -> PendulumState.physical_length
2025-09-02 15:07:31.228 | INFO     | Pendulum.PendulumAPP:_processSerialData:120 - 📏 串口长度数据已更新: L27.924513 -> physical_length=27.924513
2025-09-02 15:07:31.229 | INFO     | Pendulum.PendulumAPP:_processSerialData:121 - 🔄 数据来源: 串口接收 -> PendulumState.physical_length
2025-09-02 15:07:31.274 | INFO     | Pendulum.PendulumAPP:_processSerialData:120 - 📏 串口长度数据已更新: L27.924513 -> physical_length=27.924513
2025-09-02 15:07:31.275 | INFO     | Pendulum.PendulumAPP:_processSerialData:121 - 🔄 数据来源: 串口接收 -> PendulumState.physical_length
2025-09-02 15:07:31.319 | INFO     | Pendulum.PendulumAPP:_processSerialData:120 - 📏 串口长度数据已更新: L27.924513 -> physical_length=27.924513
2025-09-02 15:07:31.322 | INFO     | Pendulum.PendulumAPP:_processSerialData:121 - 🔄 数据来源: 串口接收 -> PendulumState.physical_length
2025-09-02 15:07:31.367 | INFO     | Pendulum.PendulumAPP:_processSerialData:120 - 📏 串口长度数据已更新: L27.924513 -> physical_length=27.924513
2025-09-02 15:07:31.369 | INFO     | Pendulum.PendulumAPP:_processSerialData:121 - 🔄 数据来源: 串口接收 -> PendulumState.physical_length
2025-09-02 15:07:31.413 | INFO     | Pendulum.PendulumAPP:_processSerialData:120 - 📏 串口长度数据已更新: L27.924513 -> physical_length=27.924513
2025-09-02 15:07:31.414 | INFO     | Pendulum.PendulumAPP:_processSerialData:121 - 🔄 数据来源: 串口接收 -> PendulumState.physical_length
2025-09-02 15:07:31.460 | INFO     | Pendulum.PendulumAPP:_processSerialData:120 - 📏 串口长度数据已更新: L27.924513 -> physical_length=27.924513
2025-09-02 15:07:31.460 | INFO     | Pendulum.PendulumAPP:_processSerialData:121 - 🔄 数据来源: 串口接收 -> PendulumState.physical_length
2025-09-02 15:07:31.506 | INFO     | Pendulum.PendulumAPP:_processSerialData:120 - 📏 串口长度数据已更新: L27.924513 -> physical_length=27.924513
2025-09-02 15:07:31.507 | INFO     | Pendulum.PendulumAPP:_processSerialData:121 - 🔄 数据来源: 串口接收 -> PendulumState.physical_length
2025-09-02 15:07:31.553 | INFO     | Pendulum.PendulumAPP:_processSerialData:120 - 📏 串口长度数据已更新: L27.924513 -> physical_length=27.924513
2025-09-02 15:07:31.555 | INFO     | Pendulum.PendulumAPP:_processSerialData:121 - 🔄 数据来源: 串口接收 -> PendulumState.physical_length
2025-09-02 15:07:31.600 | INFO     | Pendulum.PendulumAPP:_processSerialData:120 - 📏 串口长度数据已更新: L27.924513 -> physical_length=27.924513
2025-09-02 15:07:31.602 | INFO     | Pendulum.PendulumAPP:_processSerialData:121 - 🔄 数据来源: 串口接收 -> PendulumState.physical_length
2025-09-02 15:07:31.646 | INFO     | Pendulum.PendulumAPP:_processSerialData:120 - 📏 串口长度数据已更新: L27.924513 -> physical_length=27.924513
2025-09-02 15:07:31.647 | INFO     | Pendulum.PendulumAPP:_processSerialData:121 - 🔄 数据来源: 串口接收 -> PendulumState.physical_length
2025-09-02 15:07:31.691 | INFO     | Pendulum.PendulumAPP:_processSerialData:120 - 📏 串口长度数据已更新: L27.924513 -> physical_length=27.924513
2025-09-02 15:07:31.692 | INFO     | Pendulum.PendulumAPP:_processSerialData:121 - 🔄 数据来源: 串口接收 -> PendulumState.physical_length
2025-09-02 15:07:31.738 | INFO     | Pendulum.PendulumAPP:_processSerialData:120 - 📏 串口长度数据已更新: L27.924513 -> physical_length=27.924513
2025-09-02 15:07:31.739 | INFO     | Pendulum.PendulumAPP:_processSerialData:121 - 🔄 数据来源: 串口接收 -> PendulumState.physical_length
2025-09-02 15:07:31.785 | INFO     | Pendulum.PendulumAPP:_processSerialData:120 - 📏 串口长度数据已更新: L27.924513 -> physical_length=27.924513
2025-09-02 15:07:31.786 | INFO     | Pendulum.PendulumAPP:_processSerialData:121 - 🔄 数据来源: 串口接收 -> PendulumState.physical_length
2025-09-02 15:07:31.831 | INFO     | Pendulum.PendulumAPP:_processSerialData:120 - 📏 串口长度数据已更新: L27.924513 -> physical_length=27.924513
2025-09-02 15:07:31.832 | INFO     | Pendulum.PendulumAPP:_processSerialData:121 - 🔄 数据来源: 串口接收 -> PendulumState.physical_length
2025-09-02 15:07:31.878 | INFO     | Pendulum.PendulumAPP:_processSerialData:120 - 📏 串口长度数据已更新: L27.924513 -> physical_length=27.924513
2025-09-02 15:07:31.878 | INFO     | Pendulum.PendulumAPP:_processSerialData:121 - 🔄 数据来源: 串口接收 -> PendulumState.physical_length
2025-09-02 15:07:31.923 | INFO     | Pendulum.PendulumAPP:_processSerialData:120 - 📏 串口长度数据已更新: L27.924513 -> physical_length=27.924513
2025-09-02 15:07:31.924 | INFO     | Pendulum.PendulumAPP:_processSerialData:121 - 🔄 数据来源: 串口接收 -> PendulumState.physical_length
2025-09-02 15:07:31.971 | INFO     | Pendulum.PendulumAPP:_processSerialData:120 - 📏 串口长度数据已更新: L27.924513 -> physical_length=27.924513
2025-09-02 15:07:31.971 | INFO     | Pendulum.PendulumAPP:_processSerialData:121 - 🔄 数据来源: 串口接收 -> PendulumState.physical_length
2025-09-02 15:07:32.017 | INFO     | Pendulum.PendulumAPP:_processSerialData:120 - 📏 串口长度数据已更新: L27.924513 -> physical_length=27.924513
2025-09-02 15:07:32.019 | INFO     | Pendulum.PendulumAPP:_processSerialData:121 - 🔄 数据来源: 串口接收 -> PendulumState.physical_length
2025-09-02 15:07:32.063 | INFO     | Pendulum.PendulumAPP:_processSerialData:120 - 📏 串口长度数据已更新: L27.924513 -> physical_length=27.924513
2025-09-02 15:07:32.065 | INFO     | Pendulum.PendulumAPP:_processSerialData:121 - 🔄 数据来源: 串口接收 -> PendulumState.physical_length
2025-09-02 15:07:32.126 | INFO     | Pendulum.PendulumAPP:_processSerialData:120 - 📏 串口长度数据已更新: L27.924513 -> physical_length=27.924513
2025-09-02 15:07:32.127 | INFO     | Pendulum.PendulumAPP:_processSerialData:121 - 🔄 数据来源: 串口接收 -> PendulumState.physical_length
2025-09-02 15:07:32.171 | INFO     | Pendulum.PendulumAPP:_processSerialData:120 - 📏 串口长度数据已更新: L27.924513 -> physical_length=27.924513
2025-09-02 15:07:32.173 | INFO     | Pendulum.PendulumAPP:_processSerialData:121 - 🔄 数据来源: 串口接收 -> PendulumState.physical_length
2025-09-02 15:07:32.219 | INFO     | Pendulum.PendulumAPP:_processSerialData:120 - 📏 串口长度数据已更新: L27.924513 -> physical_length=27.924513
2025-09-02 15:07:32.220 | INFO     | Pendulum.PendulumAPP:_processSerialData:121 - 🔄 数据来源: 串口接收 -> PendulumState.physical_length
2025-09-02 15:07:32.264 | INFO     | Pendulum.PendulumAPP:_processSerialData:120 - 📏 串口长度数据已更新: L27.924513 -> physical_length=27.924513
2025-09-02 15:07:32.265 | INFO     | Pendulum.PendulumAPP:_processSerialData:121 - 🔄 数据来源: 串口接收 -> PendulumState.physical_length
2025-09-02 15:07:32.309 | INFO     | Pendulum.PendulumAPP:_processSerialData:120 - 📏 串口长度数据已更新: L27.924513 -> physical_length=27.924513
2025-09-02 15:07:32.311 | INFO     | Pendulum.PendulumAPP:_processSerialData:121 - 🔄 数据来源: 串口接收 -> PendulumState.physical_length
2025-09-02 15:07:32.354 | INFO     | Pendulum.PendulumAPP:_processSerialData:120 - 📏 串口长度数据已更新: L27.924513 -> physical_length=27.924513
2025-09-02 15:07:32.355 | INFO     | Pendulum.PendulumAPP:_processSerialData:121 - 🔄 数据来源: 串口接收 -> PendulumState.physical_length
2025-09-02 15:07:32.401 | INFO     | Pendulum.PendulumAPP:_processSerialData:120 - 📏 串口长度数据已更新: L27.924513 -> physical_length=27.924513
2025-09-02 15:07:32.402 | INFO     | Pendulum.PendulumAPP:_processSerialData:121 - 🔄 数据来源: 串口接收 -> PendulumState.physical_length
2025-09-02 15:07:32.446 | INFO     | Pendulum.PendulumAPP:_processSerialData:120 - 📏 串口长度数据已更新: L27.924513 -> physical_length=27.924513
2025-09-02 15:07:32.447 | INFO     | Pendulum.PendulumAPP:_processSerialData:121 - 🔄 数据来源: 串口接收 -> PendulumState.physical_length
2025-09-02 15:07:32.494 | INFO     | Pendulum.PendulumAPP:_processSerialData:120 - 📏 串口长度数据已更新: L27.924513 -> physical_length=27.924513
2025-09-02 15:07:32.495 | INFO     | Pendulum.PendulumAPP:_processSerialData:121 - 🔄 数据来源: 串口接收 -> PendulumState.physical_length
2025-09-02 15:07:32.540 | INFO     | Pendulum.PendulumAPP:_processSerialData:120 - 📏 串口长度数据已更新: L27.924513 -> physical_length=27.924513
2025-09-02 15:07:32.541 | INFO     | Pendulum.PendulumAPP:_processSerialData:121 - 🔄 数据来源: 串口接收 -> PendulumState.physical_length
2025-09-02 15:07:32.587 | INFO     | Pendulum.PendulumAPP:_processSerialData:120 - 📏 串口长度数据已更新: L27.924513 -> physical_length=27.924513
2025-09-02 15:07:32.588 | INFO     | Pendulum.PendulumAPP:_processSerialData:121 - 🔄 数据来源: 串口接收 -> PendulumState.physical_length
2025-09-02 15:07:32.633 | INFO     | Pendulum.PendulumAPP:_processSerialData:120 - 📏 串口长度数据已更新: L27.924513 -> physical_length=27.924513
2025-09-02 15:07:32.636 | INFO     | Pendulum.PendulumAPP:_processSerialData:121 - 🔄 数据来源: 串口接收 -> PendulumState.physical_length
2025-09-02 15:07:32.680 | INFO     | Pendulum.PendulumAPP:_processSerialData:120 - 📏 串口长度数据已更新: L27.924513 -> physical_length=27.924513
2025-09-02 15:07:32.681 | INFO     | Pendulum.PendulumAPP:_processSerialData:121 - 🔄 数据来源: 串口接收 -> PendulumState.physical_length
2025-09-02 15:07:32.727 | INFO     | Pendulum.PendulumAPP:_processSerialData:120 - 📏 串口长度数据已更新: L27.924513 -> physical_length=27.924513
2025-09-02 15:07:32.729 | INFO     | Pendulum.PendulumAPP:_processSerialData:121 - 🔄 数据来源: 串口接收 -> PendulumState.physical_length
2025-09-02 15:07:32.774 | INFO     | Pendulum.PendulumAPP:_processSerialData:120 - 📏 串口长度数据已更新: L27.924513 -> physical_length=27.924513
2025-09-02 15:07:32.775 | INFO     | Pendulum.PendulumAPP:_processSerialData:121 - 🔄 数据来源: 串口接收 -> PendulumState.physical_length
2025-09-02 15:07:32.821 | INFO     | Pendulum.PendulumAPP:_processSerialData:120 - 📏 串口长度数据已更新: L27.924513 -> physical_length=27.924513
2025-09-02 15:07:32.822 | INFO     | Pendulum.PendulumAPP:_processSerialData:121 - 🔄 数据来源: 串口接收 -> PendulumState.physical_length
2025-09-02 15:07:32.867 | INFO     | Pendulum.PendulumAPP:_processSerialData:120 - 📏 串口长度数据已更新: L27.924513 -> physical_length=27.924513
2025-09-02 15:07:32.868 | INFO     | Pendulum.PendulumAPP:_processSerialData:121 - 🔄 数据来源: 串口接收 -> PendulumState.physical_length
2025-09-02 15:07:32.913 | INFO     | Pendulum.PendulumAPP:_processSerialData:120 - 📏 串口长度数据已更新: L27.924513 -> physical_length=27.924513
2025-09-02 15:07:32.914 | INFO     | Pendulum.PendulumAPP:_processSerialData:121 - 🔄 数据来源: 串口接收 -> PendulumState.physical_length
2025-09-02 15:07:32.960 | INFO     | Pendulum.PendulumAPP:_processSerialData:120 - 📏 串口长度数据已更新: L27.924513 -> physical_length=27.924513
2025-09-02 15:07:32.961 | INFO     | Pendulum.PendulumAPP:_processSerialData:121 - 🔄 数据来源: 串口接收 -> PendulumState.physical_length
2025-09-02 15:07:33.007 | INFO     | Pendulum.PendulumAPP:_processSerialData:120 - 📏 串口长度数据已更新: L27.924513 -> physical_length=27.924513
2025-09-02 15:07:33.011 | INFO     | Pendulum.PendulumAPP:_processSerialData:121 - 🔄 数据来源: 串口接收 -> PendulumState.physical_length
2025-09-02 15:07:33.045 | INFO     | Pendulum.PendulumAPP:_keyEventWeb:274 - u0
2025-09-02 15:07:33.046 | INFO     | Pendulum.SerialConncet:send:199 - sendu0
2025-09-02 15:07:33.047 | INFO     | Pendulum.SerialConncet:send:201 - [发送] u0
2025-09-02 15:07:33.054 | INFO     | Pendulum.PendulumAPP:_processSerialData:120 - 📏 串口长度数据已更新: L27.924513 -> physical_length=27.924513
2025-09-02 15:07:33.055 | INFO     | Pendulum.PendulumAPP:_processSerialData:121 - 🔄 数据来源: 串口接收 -> PendulumState.physical_length
2025-09-02 15:07:33.100 | INFO     | Pendulum.PendulumAPP:_processSerialData:120 - 📏 串口长度数据已更新: L27.924513 -> physical_length=27.924513
2025-09-02 15:07:33.102 | INFO     | Pendulum.PendulumAPP:_processSerialData:121 - 🔄 数据来源: 串口接收 -> PendulumState.physical_length
2025-09-02 15:07:33.148 | INFO     | Pendulum.PendulumAPP:_processSerialData:120 - 📏 串口长度数据已更新: L27.924513 -> physical_length=27.924513
2025-09-02 15:07:33.150 | INFO     | Pendulum.PendulumAPP:_processSerialData:121 - 🔄 数据来源: 串口接收 -> PendulumState.physical_length
2025-09-02 15:07:33.193 | INFO     | Pendulum.PendulumAPP:_processSerialData:120 - 📏 串口长度数据已更新: L27.924513 -> physical_length=27.924513
2025-09-02 15:07:33.193 | INFO     | Pendulum.PendulumAPP:_processSerialData:121 - 🔄 数据来源: 串口接收 -> PendulumState.physical_length
2025-09-02 15:07:33.239 | INFO     | Pendulum.PendulumAPP:_processSerialData:120 - 📏 串口长度数据已更新: L27.924513 -> physical_length=27.924513
2025-09-02 15:07:33.240 | INFO     | Pendulum.PendulumAPP:_processSerialData:121 - 🔄 数据来源: 串口接收 -> PendulumState.physical_length
2025-09-02 15:07:33.285 | INFO     | Pendulum.PendulumAPP:_processSerialData:120 - 📏 串口长度数据已更新: L27.924513 -> physical_length=27.924513
2025-09-02 15:07:33.285 | INFO     | Pendulum.PendulumAPP:_processSerialData:121 - 🔄 数据来源: 串口接收 -> PendulumState.physical_length
2025-09-02 15:07:33.331 | INFO     | Pendulum.PendulumAPP:_processSerialData:120 - 📏 串口长度数据已更新: L27.924513 -> physical_length=27.924513
2025-09-02 15:07:33.332 | INFO     | Pendulum.PendulumAPP:_processSerialData:121 - 🔄 数据来源: 串口接收 -> PendulumState.physical_length
2025-09-02 15:07:33.377 | INFO     | Pendulum.PendulumAPP:_processSerialData:120 - 📏 串口长度数据已更新: L27.924513 -> physical_length=27.924513
2025-09-02 15:07:33.378 | INFO     | Pendulum.PendulumAPP:_processSerialData:121 - 🔄 数据来源: 串口接收 -> PendulumState.physical_length
2025-09-02 15:07:33.423 | INFO     | Pendulum.PendulumAPP:_processSerialData:120 - 📏 串口长度数据已更新: L27.924513 -> physical_length=27.924513
2025-09-02 15:07:33.424 | INFO     | Pendulum.PendulumAPP:_processSerialData:121 - 🔄 数据来源: 串口接收 -> PendulumState.physical_length
2025-09-02 15:07:33.471 | INFO     | Pendulum.PendulumAPP:_processSerialData:120 - 📏 串口长度数据已更新: L27.924513 -> physical_length=27.924513
2025-09-02 15:07:33.472 | INFO     | Pendulum.PendulumAPP:_processSerialData:121 - 🔄 数据来源: 串口接收 -> PendulumState.physical_length
2025-09-02 15:07:33.519 | INFO     | Pendulum.PendulumAPP:_processSerialData:120 - 📏 串口长度数据已更新: L27.924513 -> physical_length=27.924513
2025-09-02 15:07:33.520 | INFO     | Pendulum.PendulumAPP:_processSerialData:121 - 🔄 数据来源: 串口接收 -> PendulumState.physical_length
2025-09-02 15:07:33.565 | INFO     | Pendulum.PendulumAPP:_processSerialData:120 - 📏 串口长度数据已更新: L27.924513 -> physical_length=27.924513
2025-09-02 15:07:33.566 | INFO     | Pendulum.PendulumAPP:_processSerialData:121 - 🔄 数据来源: 串口接收 -> PendulumState.physical_length
2025-09-02 15:07:33.612 | INFO     | Pendulum.PendulumAPP:_processSerialData:120 - 📏 串口长度数据已更新: L27.924513 -> physical_length=27.924513
2025-09-02 15:07:33.613 | INFO     | Pendulum.PendulumAPP:_processSerialData:121 - 🔄 数据来源: 串口接收 -> PendulumState.physical_length
2025-09-02 15:07:33.659 | INFO     | Pendulum.PendulumAPP:_processSerialData:120 - 📏 串口长度数据已更新: L27.924513 -> physical_length=27.924513
2025-09-02 15:07:33.660 | INFO     | Pendulum.PendulumAPP:_processSerialData:121 - 🔄 数据来源: 串口接收 -> PendulumState.physical_length
2025-09-02 15:07:33.706 | INFO     | Pendulum.PendulumAPP:_processSerialData:120 - 📏 串口长度数据已更新: L27.924513 -> physical_length=27.924513
2025-09-02 15:07:33.706 | INFO     | Pendulum.PendulumAPP:_processSerialData:121 - 🔄 数据来源: 串口接收 -> PendulumState.physical_length
2025-09-02 15:07:33.753 | INFO     | Pendulum.PendulumAPP:_processSerialData:120 - 📏 串口长度数据已更新: L27.924513 -> physical_length=27.924513
2025-09-02 15:07:33.754 | INFO     | Pendulum.PendulumAPP:_processSerialData:121 - 🔄 数据来源: 串口接收 -> PendulumState.physical_length
2025-09-02 15:07:33.798 | INFO     | Pendulum.PendulumAPP:_processSerialData:120 - 📏 串口长度数据已更新: L27.924513 -> physical_length=27.924513
2025-09-02 15:07:33.799 | INFO     | Pendulum.PendulumAPP:_processSerialData:121 - 🔄 数据来源: 串口接收 -> PendulumState.physical_length
2025-09-02 15:07:33.843 | INFO     | Pendulum.PendulumAPP:_processSerialData:120 - 📏 串口长度数据已更新: L27.924513 -> physical_length=27.924513
2025-09-02 15:07:33.844 | INFO     | Pendulum.PendulumAPP:_processSerialData:121 - 🔄 数据来源: 串口接收 -> PendulumState.physical_length
2025-09-02 15:07:33.890 | INFO     | Pendulum.PendulumAPP:_processSerialData:120 - 📏 串口长度数据已更新: L27.924513 -> physical_length=27.924513
2025-09-02 15:07:33.890 | INFO     | Pendulum.PendulumAPP:_processSerialData:121 - 🔄 数据来源: 串口接收 -> PendulumState.physical_length
2025-09-02 15:07:33.935 | INFO     | Pendulum.PendulumAPP:_processSerialData:120 - 📏 串口长度数据已更新: L27.924513 -> physical_length=27.924513
2025-09-02 15:07:33.935 | INFO     | Pendulum.PendulumAPP:_processSerialData:121 - 🔄 数据来源: 串口接收 -> PendulumState.physical_length
2025-09-02 15:07:33.983 | INFO     | Pendulum.PendulumAPP:_processSerialData:120 - 📏 串口长度数据已更新: L27.924513 -> physical_length=27.924513
2025-09-02 15:07:33.984 | INFO     | Pendulum.PendulumAPP:_processSerialData:121 - 🔄 数据来源: 串口接收 -> PendulumState.physical_length
2025-09-02 15:07:34.033 | INFO     | Pendulum.PendulumAPP:_processSerialData:120 - 📏 串口长度数据已更新: L27.924513 -> physical_length=27.924513
2025-09-02 15:07:34.034 | INFO     | Pendulum.PendulumAPP:_processSerialData:121 - 🔄 数据来源: 串口接收 -> PendulumState.physical_length
2025-09-02 15:07:34.078 | INFO     | Pendulum.PendulumAPP:_processSerialData:120 - 📏 串口长度数据已更新: L27.924513 -> physical_length=27.924513
2025-09-02 15:07:34.078 | INFO     | Pendulum.PendulumAPP:_processSerialData:121 - 🔄 数据来源: 串口接收 -> PendulumState.physical_length
2025-09-02 15:07:34.126 | INFO     | Pendulum.PendulumAPP:_processSerialData:120 - 📏 串口长度数据已更新: L27.924513 -> physical_length=27.924513
2025-09-02 15:07:34.128 | INFO     | Pendulum.PendulumAPP:_processSerialData:121 - 🔄 数据来源: 串口接收 -> PendulumState.physical_length
2025-09-02 15:07:34.172 | INFO     | Pendulum.PendulumAPP:_processSerialData:120 - 📏 串口长度数据已更新: L27.924513 -> physical_length=27.924513
2025-09-02 15:07:34.175 | INFO     | Pendulum.PendulumAPP:_processSerialData:121 - 🔄 数据来源: 串口接收 -> PendulumState.physical_length
2025-09-02 15:07:34.219 | INFO     | Pendulum.PendulumAPP:_processSerialData:120 - 📏 串口长度数据已更新: L27.924513 -> physical_length=27.924513
2025-09-02 15:07:34.220 | INFO     | Pendulum.PendulumAPP:_processSerialData:121 - 🔄 数据来源: 串口接收 -> PendulumState.physical_length
2025-09-02 15:07:34.265 | INFO     | Pendulum.PendulumAPP:_processSerialData:120 - 📏 串口长度数据已更新: L27.924513 -> physical_length=27.924513
2025-09-02 15:07:34.266 | INFO     | Pendulum.PendulumAPP:_processSerialData:121 - 🔄 数据来源: 串口接收 -> PendulumState.physical_length
2025-09-02 15:07:34.310 | INFO     | Pendulum.PendulumAPP:_processSerialData:120 - 📏 串口长度数据已更新: L27.924513 -> physical_length=27.924513
2025-09-02 15:07:34.312 | INFO     | Pendulum.PendulumAPP:_processSerialData:121 - 🔄 数据来源: 串口接收 -> PendulumState.physical_length
2025-09-02 15:07:34.357 | INFO     | Pendulum.PendulumAPP:_processSerialData:120 - 📏 串口长度数据已更新: L27.924513 -> physical_length=27.924513
2025-09-02 15:07:34.358 | INFO     | Pendulum.PendulumAPP:_processSerialData:121 - 🔄 数据来源: 串口接收 -> PendulumState.physical_length
2025-09-02 15:07:34.404 | INFO     | Pendulum.PendulumAPP:_processSerialData:120 - 📏 串口长度数据已更新: L27.924513 -> physical_length=27.924513
2025-09-02 15:07:34.405 | INFO     | Pendulum.PendulumAPP:_processSerialData:121 - 🔄 数据来源: 串口接收 -> PendulumState.physical_length
2025-09-02 15:07:34.450 | INFO     | Pendulum.PendulumAPP:_processSerialData:120 - 📏 串口长度数据已更新: L27.924513 -> physical_length=27.924513
2025-09-02 15:07:34.451 | INFO     | Pendulum.PendulumAPP:_processSerialData:121 - 🔄 数据来源: 串口接收 -> PendulumState.physical_length
2025-09-02 15:07:34.497 | INFO     | Pendulum.PendulumAPP:_processSerialData:120 - 📏 串口长度数据已更新: L27.924513 -> physical_length=27.924513
2025-09-02 15:07:34.497 | INFO     | Pendulum.PendulumAPP:_processSerialData:121 - 🔄 数据来源: 串口接收 -> PendulumState.physical_length
2025-09-02 15:07:34.545 | INFO     | Pendulum.PendulumAPP:_processSerialData:120 - 📏 串口长度数据已更新: L27.924513 -> physical_length=27.924513
2025-09-02 15:07:34.546 | INFO     | Pendulum.PendulumAPP:_processSerialData:121 - 🔄 数据来源: 串口接收 -> PendulumState.physical_length
2025-09-02 15:07:34.591 | INFO     | Pendulum.PendulumAPP:_processSerialData:120 - 📏 串口长度数据已更新: L27.924513 -> physical_length=27.924513
2025-09-02 15:07:34.592 | INFO     | Pendulum.PendulumAPP:_processSerialData:121 - 🔄 数据来源: 串口接收 -> PendulumState.physical_length
2025-09-02 15:07:34.637 | INFO     | Pendulum.PendulumAPP:_processSerialData:120 - 📏 串口长度数据已更新: L27.924513 -> physical_length=27.924513
2025-09-02 15:07:34.638 | INFO     | Pendulum.PendulumAPP:_processSerialData:121 - 🔄 数据来源: 串口接收 -> PendulumState.physical_length
2025-09-02 15:07:34.684 | INFO     | Pendulum.PendulumAPP:_processSerialData:120 - 📏 串口长度数据已更新: L27.924513 -> physical_length=27.924513
2025-09-02 15:07:34.687 | INFO     | Pendulum.PendulumAPP:_processSerialData:121 - 🔄 数据来源: 串口接收 -> PendulumState.physical_length
2025-09-02 15:07:34.730 | INFO     | Pendulum.PendulumAPP:_processSerialData:120 - 📏 串口长度数据已更新: L27.924513 -> physical_length=27.924513
2025-09-02 15:07:34.731 | INFO     | Pendulum.PendulumAPP:_processSerialData:121 - 🔄 数据来源: 串口接收 -> PendulumState.physical_length
2025-09-02 15:07:34.778 | INFO     | Pendulum.PendulumAPP:_processSerialData:120 - 📏 串口长度数据已更新: L27.924513 -> physical_length=27.924513
2025-09-02 15:07:34.780 | INFO     | Pendulum.PendulumAPP:_processSerialData:121 - 🔄 数据来源: 串口接收 -> PendulumState.physical_length
2025-09-02 15:07:34.823 | INFO     | Pendulum.PendulumAPP:_processSerialData:120 - 📏 串口长度数据已更新: L27.924513 -> physical_length=27.924513
2025-09-02 15:07:34.827 | INFO     | Pendulum.PendulumAPP:_processSerialData:121 - 🔄 数据来源: 串口接收 -> PendulumState.physical_length
2025-09-02 15:07:34.870 | INFO     | Pendulum.PendulumAPP:_processSerialData:120 - 📏 串口长度数据已更新: L27.924513 -> physical_length=27.924513
2025-09-02 15:07:34.872 | INFO     | Pendulum.PendulumAPP:_processSerialData:121 - 🔄 数据来源: 串口接收 -> PendulumState.physical_length
2025-09-02 15:07:34.918 | INFO     | Pendulum.PendulumAPP:_processSerialData:120 - 📏 串口长度数据已更新: L27.924513 -> physical_length=27.924513
2025-09-02 15:07:34.920 | INFO     | Pendulum.PendulumAPP:_processSerialData:121 - 🔄 数据来源: 串口接收 -> PendulumState.physical_length
2025-09-02 15:07:34.964 | INFO     | Pendulum.PendulumAPP:_processSerialData:120 - 📏 串口长度数据已更新: L27.924513 -> physical_length=27.924513
2025-09-02 15:07:34.965 | INFO     | Pendulum.PendulumAPP:_processSerialData:121 - 🔄 数据来源: 串口接收 -> PendulumState.physical_length
2025-09-02 15:07:35.011 | INFO     | Pendulum.PendulumAPP:_processSerialData:120 - 📏 串口长度数据已更新: L27.924513 -> physical_length=27.924513
2025-09-02 15:07:35.012 | INFO     | Pendulum.PendulumAPP:_processSerialData:121 - 🔄 数据来源: 串口接收 -> PendulumState.physical_length
2025-09-02 15:07:35.059 | INFO     | Pendulum.PendulumAPP:_processSerialData:120 - 📏 串口长度数据已更新: L27.924513 -> physical_length=27.924513
2025-09-02 15:07:35.060 | INFO     | Pendulum.PendulumAPP:_processSerialData:121 - 🔄 数据来源: 串口接收 -> PendulumState.physical_length
2025-09-02 15:07:35.107 | INFO     | Pendulum.PendulumAPP:_processSerialData:120 - 📏 串口长度数据已更新: L27.924513 -> physical_length=27.924513
2025-09-02 15:07:35.109 | INFO     | Pendulum.PendulumAPP:_processSerialData:121 - 🔄 数据来源: 串口接收 -> PendulumState.physical_length
2025-09-02 15:07:35.152 | INFO     | Pendulum.PendulumAPP:_processSerialData:120 - 📏 串口长度数据已更新: L27.924513 -> physical_length=27.924513
2025-09-02 15:07:35.153 | INFO     | Pendulum.PendulumAPP:_processSerialData:121 - 🔄 数据来源: 串口接收 -> PendulumState.physical_length
2025-09-02 15:07:35.198 | INFO     | Pendulum.PendulumAPP:_processSerialData:120 - 📏 串口长度数据已更新: L27.924513 -> physical_length=27.924513
2025-09-02 15:07:35.199 | INFO     | Pendulum.PendulumAPP:_processSerialData:121 - 🔄 数据来源: 串口接收 -> PendulumState.physical_length
2025-09-02 15:07:35.244 | INFO     | Pendulum.PendulumAPP:_processSerialData:120 - 📏 串口长度数据已更新: L27.924513 -> physical_length=27.924513
2025-09-02 15:07:35.245 | INFO     | Pendulum.PendulumAPP:_processSerialData:121 - 🔄 数据来源: 串口接收 -> PendulumState.physical_length
2025-09-02 15:07:35.291 | INFO     | Pendulum.PendulumAPP:_processSerialData:120 - 📏 串口长度数据已更新: L27.924513 -> physical_length=27.924513
2025-09-02 15:07:35.292 | INFO     | Pendulum.PendulumAPP:_processSerialData:121 - 🔄 数据来源: 串口接收 -> PendulumState.physical_length
2025-09-02 15:07:35.337 | INFO     | Pendulum.PendulumAPP:_processSerialData:120 - 📏 串口长度数据已更新: L27.924513 -> physical_length=27.924513
2025-09-02 15:07:35.340 | INFO     | Pendulum.PendulumAPP:_processSerialData:121 - 🔄 数据来源: 串口接收 -> PendulumState.physical_length
2025-09-02 15:07:35.383 | INFO     | Pendulum.PendulumAPP:_processSerialData:120 - 📏 串口长度数据已更新: L27.924513 -> physical_length=27.924513
2025-09-02 15:07:35.386 | INFO     | Pendulum.PendulumAPP:_processSerialData:121 - 🔄 数据来源: 串口接收 -> PendulumState.physical_length
2025-09-02 15:07:35.430 | INFO     | Pendulum.PendulumAPP:_processSerialData:120 - 📏 串口长度数据已更新: L27.924513 -> physical_length=27.924513
2025-09-02 15:07:35.430 | INFO     | Pendulum.PendulumAPP:_processSerialData:121 - 🔄 数据来源: 串口接收 -> PendulumState.physical_length
2025-09-02 15:07:35.476 | INFO     | Pendulum.PendulumAPP:_processSerialData:120 - 📏 串口长度数据已更新: L27.924513 -> physical_length=27.924513
2025-09-02 15:07:35.478 | INFO     | Pendulum.PendulumAPP:_processSerialData:121 - 🔄 数据来源: 串口接收 -> PendulumState.physical_length
2025-09-02 15:07:35.523 | INFO     | Pendulum.PendulumAPP:_processSerialData:120 - 📏 串口长度数据已更新: L27.924513 -> physical_length=27.924513
2025-09-02 15:07:35.523 | INFO     | Pendulum.PendulumAPP:_processSerialData:121 - 🔄 数据来源: 串口接收 -> PendulumState.physical_length
2025-09-02 15:07:35.569 | INFO     | Pendulum.PendulumAPP:_processSerialData:120 - 📏 串口长度数据已更新: L27.924513 -> physical_length=27.924513
2025-09-02 15:07:35.570 | INFO     | Pendulum.PendulumAPP:_processSerialData:121 - 🔄 数据来源: 串口接收 -> PendulumState.physical_length
2025-09-02 15:07:35.616 | INFO     | Pendulum.PendulumAPP:_processSerialData:120 - 📏 串口长度数据已更新: L27.924513 -> physical_length=27.924513
2025-09-02 15:07:35.617 | INFO     | Pendulum.PendulumAPP:_processSerialData:121 - 🔄 数据来源: 串口接收 -> PendulumState.physical_length
2025-09-02 15:07:35.662 | INFO     | Pendulum.PendulumAPP:_processSerialData:120 - 📏 串口长度数据已更新: L27.924513 -> physical_length=27.924513
2025-09-02 15:07:35.663 | INFO     | Pendulum.PendulumAPP:_processSerialData:121 - 🔄 数据来源: 串口接收 -> PendulumState.physical_length
2025-09-02 15:07:35.707 | INFO     | Pendulum.PendulumAPP:_processSerialData:120 - 📏 串口长度数据已更新: L27.924513 -> physical_length=27.924513
2025-09-02 15:07:35.708 | INFO     | Pendulum.PendulumAPP:_processSerialData:121 - 🔄 数据来源: 串口接收 -> PendulumState.physical_length
2025-09-02 15:07:35.754 | INFO     | Pendulum.PendulumAPP:_processSerialData:120 - 📏 串口长度数据已更新: L27.924513 -> physical_length=27.924513
2025-09-02 15:07:35.756 | INFO     | Pendulum.PendulumAPP:_processSerialData:121 - 🔄 数据来源: 串口接收 -> PendulumState.physical_length
2025-09-02 15:07:35.799 | INFO     | Pendulum.PendulumAPP:_processSerialData:120 - 📏 串口长度数据已更新: L27.924513 -> physical_length=27.924513
2025-09-02 15:07:35.801 | INFO     | Pendulum.PendulumAPP:_processSerialData:121 - 🔄 数据来源: 串口接收 -> PendulumState.physical_length
2025-09-02 15:07:35.845 | INFO     | Pendulum.PendulumAPP:_processSerialData:120 - 📏 串口长度数据已更新: L27.924513 -> physical_length=27.924513
2025-09-02 15:07:35.846 | INFO     | Pendulum.PendulumAPP:_processSerialData:121 - 🔄 数据来源: 串口接收 -> PendulumState.physical_length
2025-09-02 15:07:35.892 | INFO     | Pendulum.PendulumAPP:_processSerialData:120 - 📏 串口长度数据已更新: L27.924513 -> physical_length=27.924513
2025-09-02 15:07:35.893 | INFO     | Pendulum.PendulumAPP:_processSerialData:121 - 🔄 数据来源: 串口接收 -> PendulumState.physical_length
2025-09-02 15:07:35.924 | INFO     | Pendulum.PendulumAPP:_processSerialData:120 - 📏 串口长度数据已更新: L27.924513 -> physical_length=27.924513
2025-09-02 15:07:35.924 | INFO     | Pendulum.PendulumAPP:_processSerialData:121 - 🔄 数据来源: 串口接收 -> PendulumState.physical_length
2025-09-02 15:07:35.971 | INFO     | Pendulum.PendulumAPP:_processSerialData:120 - 📏 串口长度数据已更新: L27.924513 -> physical_length=27.924513
2025-09-02 15:07:35.971 | INFO     | Pendulum.PendulumAPP:_processSerialData:121 - 🔄 数据来源: 串口接收 -> PendulumState.physical_length
2025-09-02 15:07:36.016 | INFO     | Pendulum.PendulumAPP:_processSerialData:120 - 📏 串口长度数据已更新: L27.924513 -> physical_length=27.924513
2025-09-02 15:07:36.017 | INFO     | Pendulum.PendulumAPP:_processSerialData:121 - 🔄 数据来源: 串口接收 -> PendulumState.physical_length
2025-09-02 15:07:36.065 | INFO     | Pendulum.PendulumAPP:_processSerialData:120 - 📏 串口长度数据已更新: L27.924513 -> physical_length=27.924513
2025-09-02 15:07:36.066 | INFO     | Pendulum.PendulumAPP:_processSerialData:121 - 🔄 数据来源: 串口接收 -> PendulumState.physical_length
2025-09-02 15:07:36.111 | INFO     | Pendulum.PendulumAPP:_processSerialData:120 - 📏 串口长度数据已更新: L27.924513 -> physical_length=27.924513
2025-09-02 15:07:36.113 | INFO     | Pendulum.PendulumAPP:_processSerialData:121 - 🔄 数据来源: 串口接收 -> PendulumState.physical_length
2025-09-02 15:07:36.171 | INFO     | Pendulum.PendulumAPP:_processSerialData:120 - 📏 串口长度数据已更新: L27.924513 -> physical_length=27.924513
2025-09-02 15:07:36.172 | INFO     | Pendulum.PendulumAPP:_processSerialData:121 - 🔄 数据来源: 串口接收 -> PendulumState.physical_length
2025-09-02 15:07:36.218 | INFO     | Pendulum.PendulumAPP:_processSerialData:120 - 📏 串口长度数据已更新: L27.924513 -> physical_length=27.924513
2025-09-02 15:07:36.219 | INFO     | Pendulum.PendulumAPP:_processSerialData:121 - 🔄 数据来源: 串口接收 -> PendulumState.physical_length
2025-09-02 15:07:36.265 | INFO     | Pendulum.PendulumAPP:_processSerialData:120 - 📏 串口长度数据已更新: L27.924513 -> physical_length=27.924513
2025-09-02 15:07:36.266 | INFO     | Pendulum.PendulumAPP:_processSerialData:121 - 🔄 数据来源: 串口接收 -> PendulumState.physical_length
2025-09-02 15:07:36.311 | INFO     | Pendulum.PendulumAPP:_processSerialData:120 - 📏 串口长度数据已更新: L27.924513 -> physical_length=27.924513
2025-09-02 15:07:36.312 | INFO     | Pendulum.PendulumAPP:_processSerialData:121 - 🔄 数据来源: 串口接收 -> PendulumState.physical_length
2025-09-02 15:07:36.358 | INFO     | Pendulum.PendulumAPP:_processSerialData:120 - 📏 串口长度数据已更新: L27.924513 -> physical_length=27.924513
2025-09-02 15:07:36.359 | INFO     | Pendulum.PendulumAPP:_processSerialData:121 - 🔄 数据来源: 串口接收 -> PendulumState.physical_length
2025-09-02 15:07:36.404 | INFO     | Pendulum.PendulumAPP:_processSerialData:120 - 📏 串口长度数据已更新: L27.924513 -> physical_length=27.924513
2025-09-02 15:07:36.405 | INFO     | Pendulum.PendulumAPP:_processSerialData:121 - 🔄 数据来源: 串口接收 -> PendulumState.physical_length
2025-09-02 15:07:36.452 | INFO     | Pendulum.PendulumAPP:_processSerialData:120 - 📏 串口长度数据已更新: L27.924513 -> physical_length=27.924513
2025-09-02 15:07:36.452 | INFO     | Pendulum.PendulumAPP:_processSerialData:121 - 🔄 数据来源: 串口接收 -> PendulumState.physical_length
2025-09-02 15:07:36.483 | INFO     | Pendulum.PendulumAPP:_processSerialData:120 - 📏 串口长度数据已更新: L27.924513 -> physical_length=27.924513
2025-09-02 15:07:36.483 | INFO     | Pendulum.PendulumAPP:_processSerialData:121 - 🔄 数据来源: 串口接收 -> PendulumState.physical_length
2025-09-02 15:07:36.530 | INFO     | Pendulum.PendulumAPP:_processSerialData:120 - 📏 串口长度数据已更新: L27.924513 -> physical_length=27.924513
2025-09-02 15:07:36.531 | INFO     | Pendulum.PendulumAPP:_processSerialData:121 - 🔄 数据来源: 串口接收 -> PendulumState.physical_length
2025-09-02 15:07:36.576 | INFO     | Pendulum.PendulumAPP:_processSerialData:120 - 📏 串口长度数据已更新: L27.924513 -> physical_length=27.924513
2025-09-02 15:07:36.578 | INFO     | Pendulum.PendulumAPP:_processSerialData:121 - 🔄 数据来源: 串口接收 -> PendulumState.physical_length
2025-09-02 15:07:36.624 | INFO     | Pendulum.PendulumAPP:_processSerialData:120 - 📏 串口长度数据已更新: L27.924513 -> physical_length=27.924513
2025-09-02 15:07:36.625 | INFO     | Pendulum.PendulumAPP:_processSerialData:121 - 🔄 数据来源: 串口接收 -> PendulumState.physical_length
2025-09-02 15:07:36.668 | INFO     | Pendulum.PendulumAPP:_processSerialData:120 - 📏 串口长度数据已更新: L27.924513 -> physical_length=27.924513
2025-09-02 15:07:36.670 | INFO     | Pendulum.PendulumAPP:_processSerialData:121 - 🔄 数据来源: 串口接收 -> PendulumState.physical_length
2025-09-02 15:07:36.715 | INFO     | Pendulum.PendulumAPP:_processSerialData:120 - 📏 串口长度数据已更新: L27.924513 -> physical_length=27.924513
2025-09-02 15:07:36.718 | INFO     | Pendulum.PendulumAPP:_processSerialData:121 - 🔄 数据来源: 串口接收 -> PendulumState.physical_length
2025-09-02 15:07:36.761 | INFO     | Pendulum.PendulumAPP:_processSerialData:120 - 📏 串口长度数据已更新: L27.924513 -> physical_length=27.924513
2025-09-02 15:07:36.764 | INFO     | Pendulum.PendulumAPP:_processSerialData:121 - 🔄 数据来源: 串口接收 -> PendulumState.physical_length
2025-09-02 15:07:36.809 | INFO     | Pendulum.PendulumAPP:_processSerialData:120 - 📏 串口长度数据已更新: L27.924513 -> physical_length=27.924513
2025-09-02 15:07:36.812 | INFO     | Pendulum.PendulumAPP:_processSerialData:121 - 🔄 数据来源: 串口接收 -> PendulumState.physical_length
2025-09-02 15:07:36.855 | INFO     | Pendulum.PendulumAPP:_processSerialData:120 - 📏 串口长度数据已更新: L27.924513 -> physical_length=27.924513
2025-09-02 15:07:36.856 | INFO     | Pendulum.PendulumAPP:_processSerialData:121 - 🔄 数据来源: 串口接收 -> PendulumState.physical_length
2025-09-02 15:07:36.901 | INFO     | Pendulum.PendulumAPP:_processSerialData:120 - 📏 串口长度数据已更新: L27.924513 -> physical_length=27.924513
2025-09-02 15:07:36.902 | INFO     | Pendulum.PendulumAPP:_processSerialData:121 - 🔄 数据来源: 串口接收 -> PendulumState.physical_length
2025-09-02 15:07:36.946 | INFO     | Pendulum.PendulumAPP:_processSerialData:120 - 📏 串口长度数据已更新: L27.924513 -> physical_length=27.924513
2025-09-02 15:07:36.947 | INFO     | Pendulum.PendulumAPP:_processSerialData:121 - 🔄 数据来源: 串口接收 -> PendulumState.physical_length
2025-09-02 15:07:36.991 | INFO     | Pendulum.PendulumAPP:_processSerialData:120 - 📏 串口长度数据已更新: L27.924513 -> physical_length=27.924513
2025-09-02 15:07:36.992 | INFO     | Pendulum.PendulumAPP:_processSerialData:121 - 🔄 数据来源: 串口接收 -> PendulumState.physical_length
2025-09-02 15:07:37.037 | INFO     | Pendulum.PendulumAPP:_processSerialData:120 - 📏 串口长度数据已更新: L27.924513 -> physical_length=27.924513
2025-09-02 15:07:37.039 | INFO     | Pendulum.PendulumAPP:_processSerialData:121 - 🔄 数据来源: 串口接收 -> PendulumState.physical_length
2025-09-02 15:07:37.084 | INFO     | Pendulum.PendulumAPP:_processSerialData:120 - 📏 串口长度数据已更新: L27.924513 -> physical_length=27.924513
2025-09-02 15:07:37.085 | INFO     | Pendulum.PendulumAPP:_processSerialData:121 - 🔄 数据来源: 串口接收 -> PendulumState.physical_length
2025-09-02 15:07:37.130 | INFO     | Pendulum.PendulumAPP:_processSerialData:120 - 📏 串口长度数据已更新: L27.924513 -> physical_length=27.924513
2025-09-02 15:07:37.131 | INFO     | Pendulum.PendulumAPP:_processSerialData:121 - 🔄 数据来源: 串口接收 -> PendulumState.physical_length
2025-09-02 15:07:37.171 | INFO     | Pendulum.PendulumAPP:_processSerialData:120 - 📏 串口长度数据已更新: L27.924513 -> physical_length=27.924513
2025-09-02 15:07:37.171 | INFO     | Pendulum.PendulumAPP:_processSerialData:121 - 🔄 数据来源: 串口接收 -> PendulumState.physical_length
2025-09-02 15:07:37.209 | INFO     | Pendulum.PendulumAPP:_processSerialData:120 - 📏 串口长度数据已更新: L27.924513 -> physical_length=27.924513
2025-09-02 15:07:37.210 | INFO     | Pendulum.PendulumAPP:_processSerialData:121 - 🔄 数据来源: 串口接收 -> PendulumState.physical_length
2025-09-02 15:07:37.254 | INFO     | Pendulum.PendulumAPP:_processSerialData:120 - 📏 串口长度数据已更新: L27.924513 -> physical_length=27.924513
2025-09-02 15:07:37.255 | INFO     | Pendulum.PendulumAPP:_processSerialData:121 - 🔄 数据来源: 串口接收 -> PendulumState.physical_length
2025-09-02 15:07:37.300 | INFO     | Pendulum.PendulumAPP:_processSerialData:120 - 📏 串口长度数据已更新: L27.924513 -> physical_length=27.924513
2025-09-02 15:07:37.302 | INFO     | Pendulum.PendulumAPP:_processSerialData:121 - 🔄 数据来源: 串口接收 -> PendulumState.physical_length
2025-09-02 15:07:37.346 | INFO     | Pendulum.PendulumAPP:_processSerialData:120 - 📏 串口长度数据已更新: L27.924513 -> physical_length=27.924513
2025-09-02 15:07:37.347 | INFO     | Pendulum.PendulumAPP:_processSerialData:121 - 🔄 数据来源: 串口接收 -> PendulumState.physical_length
2025-09-02 15:07:37.392 | INFO     | Pendulum.PendulumAPP:_processSerialData:120 - 📏 串口长度数据已更新: L27.924513 -> physical_length=27.924513
2025-09-02 15:07:37.392 | INFO     | Pendulum.PendulumAPP:_processSerialData:121 - 🔄 数据来源: 串口接收 -> PendulumState.physical_length
2025-09-02 15:07:37.438 | INFO     | Pendulum.PendulumAPP:_processSerialData:120 - 📏 串口长度数据已更新: L27.924513 -> physical_length=27.924513
2025-09-02 15:07:37.441 | INFO     | Pendulum.PendulumAPP:_processSerialData:121 - 🔄 数据来源: 串口接收 -> PendulumState.physical_length
2025-09-02 15:07:37.486 | INFO     | Pendulum.PendulumAPP:_processSerialData:120 - 📏 串口长度数据已更新: L27.924513 -> physical_length=27.924513
2025-09-02 15:07:37.487 | INFO     | Pendulum.PendulumAPP:_processSerialData:121 - 🔄 数据来源: 串口接收 -> PendulumState.physical_length
2025-09-02 15:07:37.533 | INFO     | Pendulum.PendulumAPP:_processSerialData:120 - 📏 串口长度数据已更新: L27.924513 -> physical_length=27.924513
2025-09-02 15:07:37.533 | INFO     | Pendulum.PendulumAPP:_processSerialData:121 - 🔄 数据来源: 串口接收 -> PendulumState.physical_length
2025-09-02 15:07:37.579 | INFO     | Pendulum.PendulumAPP:_processSerialData:120 - 📏 串口长度数据已更新: L27.924513 -> physical_length=27.924513
2025-09-02 15:07:37.579 | INFO     | Pendulum.PendulumAPP:_processSerialData:121 - 🔄 数据来源: 串口接收 -> PendulumState.physical_length
2025-09-02 15:07:37.626 | INFO     | Pendulum.PendulumAPP:_processSerialData:120 - 📏 串口长度数据已更新: L27.924513 -> physical_length=27.924513
2025-09-02 15:07:37.628 | INFO     | Pendulum.PendulumAPP:_processSerialData:121 - 🔄 数据来源: 串口接收 -> PendulumState.physical_length
2025-09-02 15:07:37.671 | INFO     | Pendulum.PendulumAPP:_processSerialData:120 - 📏 串口长度数据已更新: L27.924513 -> physical_length=27.924513
2025-09-02 15:07:37.672 | INFO     | Pendulum.PendulumAPP:_processSerialData:121 - 🔄 数据来源: 串口接收 -> PendulumState.physical_length
2025-09-02 15:07:37.718 | INFO     | Pendulum.PendulumAPP:_processSerialData:120 - 📏 串口长度数据已更新: L27.924513 -> physical_length=27.924513
2025-09-02 15:07:37.719 | INFO     | Pendulum.PendulumAPP:_processSerialData:121 - 🔄 数据来源: 串口接收 -> PendulumState.physical_length
2025-09-02 15:07:37.764 | INFO     | Pendulum.PendulumAPP:_processSerialData:120 - 📏 串口长度数据已更新: L27.924513 -> physical_length=27.924513
2025-09-02 15:07:37.765 | INFO     | Pendulum.PendulumAPP:_processSerialData:121 - 🔄 数据来源: 串口接收 -> PendulumState.physical_length
2025-09-02 15:07:37.810 | INFO     | Pendulum.PendulumAPP:_processSerialData:120 - 📏 串口长度数据已更新: L27.924513 -> physical_length=27.924513
2025-09-02 15:07:37.811 | INFO     | Pendulum.PendulumAPP:_processSerialData:121 - 🔄 数据来源: 串口接收 -> PendulumState.physical_length
2025-09-02 15:07:37.856 | INFO     | Pendulum.PendulumAPP:_processSerialData:120 - 📏 串口长度数据已更新: L27.924513 -> physical_length=27.924513
2025-09-02 15:07:37.859 | INFO     | Pendulum.PendulumAPP:_processSerialData:121 - 🔄 数据来源: 串口接收 -> PendulumState.physical_length
2025-09-02 15:07:37.902 | INFO     | Pendulum.PendulumAPP:_processSerialData:120 - 📏 串口长度数据已更新: L27.924513 -> physical_length=27.924513
2025-09-02 15:07:37.904 | INFO     | Pendulum.PendulumAPP:_processSerialData:121 - 🔄 数据来源: 串口接收 -> PendulumState.physical_length
2025-09-02 15:07:37.949 | INFO     | Pendulum.PendulumAPP:_processSerialData:120 - 📏 串口长度数据已更新: L27.924513 -> physical_length=27.924513
2025-09-02 15:07:37.951 | INFO     | Pendulum.PendulumAPP:_processSerialData:121 - 🔄 数据来源: 串口接收 -> PendulumState.physical_length
2025-09-02 15:07:37.995 | INFO     | Pendulum.PendulumAPP:_processSerialData:120 - 📏 串口长度数据已更新: L27.924513 -> physical_length=27.924513
2025-09-02 15:07:37.997 | INFO     | Pendulum.PendulumAPP:_processSerialData:121 - 🔄 数据来源: 串口接收 -> PendulumState.physical_length
2025-09-02 15:07:38.041 | INFO     | Pendulum.PendulumAPP:_processSerialData:120 - 📏 串口长度数据已更新: L27.924513 -> physical_length=27.924513
2025-09-02 15:07:38.043 | INFO     | Pendulum.PendulumAPP:_processSerialData:121 - 🔄 数据来源: 串口接收 -> PendulumState.physical_length
2025-09-02 15:07:38.087 | INFO     | Pendulum.PendulumAPP:_processSerialData:120 - 📏 串口长度数据已更新: L27.924513 -> physical_length=27.924513
2025-09-02 15:07:38.088 | INFO     | Pendulum.PendulumAPP:_processSerialData:121 - 🔄 数据来源: 串口接收 -> PendulumState.physical_length
2025-09-02 15:07:38.134 | INFO     | Pendulum.PendulumAPP:_processSerialData:120 - 📏 串口长度数据已更新: L27.924513 -> physical_length=27.924513
2025-09-02 15:07:38.135 | INFO     | Pendulum.PendulumAPP:_processSerialData:121 - 🔄 数据来源: 串口接收 -> PendulumState.physical_length
2025-09-02 15:07:38.181 | INFO     | Pendulum.PendulumAPP:_processSerialData:120 - 📏 串口长度数据已更新: L27.924513 -> physical_length=27.924513
2025-09-02 15:07:38.182 | INFO     | Pendulum.PendulumAPP:_processSerialData:121 - 🔄 数据来源: 串口接收 -> PendulumState.physical_length
2025-09-02 15:07:38.227 | INFO     | Pendulum.PendulumAPP:_processSerialData:120 - 📏 串口长度数据已更新: L27.924513 -> physical_length=27.924513
2025-09-02 15:07:38.228 | INFO     | Pendulum.PendulumAPP:_processSerialData:121 - 🔄 数据来源: 串口接收 -> PendulumState.physical_length
2025-09-02 15:07:38.273 | INFO     | Pendulum.PendulumAPP:_processSerialData:120 - 📏 串口长度数据已更新: L27.924513 -> physical_length=27.924513
2025-09-02 15:07:38.273 | INFO     | Pendulum.PendulumAPP:_processSerialData:121 - 🔄 数据来源: 串口接收 -> PendulumState.physical_length
2025-09-02 15:07:38.320 | INFO     | Pendulum.PendulumAPP:_processSerialData:120 - 📏 串口长度数据已更新: L27.924513 -> physical_length=27.924513
2025-09-02 15:07:38.321 | INFO     | Pendulum.PendulumAPP:_processSerialData:121 - 🔄 数据来源: 串口接收 -> PendulumState.physical_length
2025-09-02 15:07:38.366 | INFO     | Pendulum.PendulumAPP:_processSerialData:120 - 📏 串口长度数据已更新: L27.924513 -> physical_length=27.924513
2025-09-02 15:07:38.369 | INFO     | Pendulum.PendulumAPP:_processSerialData:121 - 🔄 数据来源: 串口接收 -> PendulumState.physical_length
2025-09-02 15:07:38.413 | INFO     | Pendulum.PendulumAPP:_processSerialData:120 - 📏 串口长度数据已更新: L27.924513 -> physical_length=27.924513
2025-09-02 15:07:38.415 | INFO     | Pendulum.PendulumAPP:_processSerialData:121 - 🔄 数据来源: 串口接收 -> PendulumState.physical_length
2025-09-02 15:07:38.459 | INFO     | Pendulum.PendulumAPP:_processSerialData:120 - 📏 串口长度数据已更新: L27.924513 -> physical_length=27.924513
2025-09-02 15:07:38.459 | INFO     | Pendulum.PendulumAPP:_processSerialData:121 - 🔄 数据来源: 串口接收 -> PendulumState.physical_length
2025-09-02 15:07:38.507 | INFO     | Pendulum.PendulumAPP:_processSerialData:120 - 📏 串口长度数据已更新: L27.924513 -> physical_length=27.924513
2025-09-02 15:07:38.508 | INFO     | Pendulum.PendulumAPP:_processSerialData:121 - 🔄 数据来源: 串口接收 -> PendulumState.physical_length
2025-09-02 15:07:38.554 | INFO     | Pendulum.PendulumAPP:_processSerialData:120 - 📏 串口长度数据已更新: L27.924513 -> physical_length=27.924513
2025-09-02 15:07:38.557 | INFO     | Pendulum.PendulumAPP:_processSerialData:121 - 🔄 数据来源: 串口接收 -> PendulumState.physical_length
2025-09-02 15:07:38.601 | INFO     | Pendulum.PendulumAPP:_processSerialData:120 - 📏 串口长度数据已更新: L27.924513 -> physical_length=27.924513
2025-09-02 15:07:38.602 | INFO     | Pendulum.PendulumAPP:_processSerialData:121 - 🔄 数据来源: 串口接收 -> PendulumState.physical_length
2025-09-02 15:07:38.646 | INFO     | Pendulum.PendulumAPP:_processSerialData:120 - 📏 串口长度数据已更新: L27.924513 -> physical_length=27.924513
2025-09-02 15:07:38.646 | INFO     | Pendulum.PendulumAPP:_processSerialData:121 - 🔄 数据来源: 串口接收 -> PendulumState.physical_length
2025-09-02 15:07:38.691 | INFO     | Pendulum.PendulumAPP:_processSerialData:120 - 📏 串口长度数据已更新: L27.924513 -> physical_length=27.924513
2025-09-02 15:07:38.693 | INFO     | Pendulum.PendulumAPP:_processSerialData:121 - 🔄 数据来源: 串口接收 -> PendulumState.physical_length
2025-09-02 15:07:38.739 | INFO     | Pendulum.PendulumAPP:_processSerialData:120 - 📏 串口长度数据已更新: L27.924513 -> physical_length=27.924513
2025-09-02 15:07:38.740 | INFO     | Pendulum.PendulumAPP:_processSerialData:121 - 🔄 数据来源: 串口接收 -> PendulumState.physical_length
2025-09-02 15:07:38.785 | INFO     | Pendulum.PendulumAPP:_processSerialData:120 - 📏 串口长度数据已更新: L27.924513 -> physical_length=27.924513
2025-09-02 15:07:38.786 | INFO     | Pendulum.PendulumAPP:_processSerialData:121 - 🔄 数据来源: 串口接收 -> PendulumState.physical_length
2025-09-02 15:07:38.832 | INFO     | Pendulum.PendulumAPP:_processSerialData:120 - 📏 串口长度数据已更新: L27.924513 -> physical_length=27.924513
2025-09-02 15:07:38.833 | INFO     | Pendulum.PendulumAPP:_processSerialData:121 - 🔄 数据来源: 串口接收 -> PendulumState.physical_length
2025-09-02 15:07:38.877 | INFO     | Pendulum.PendulumAPP:_processSerialData:120 - 📏 串口长度数据已更新: L27.924513 -> physical_length=27.924513
2025-09-02 15:07:38.880 | INFO     | Pendulum.PendulumAPP:_processSerialData:121 - 🔄 数据来源: 串口接收 -> PendulumState.physical_length
2025-09-02 15:07:38.939 | INFO     | Pendulum.PendulumAPP:_processSerialData:120 - 📏 串口长度数据已更新: L27.924513 -> physical_length=27.924513
2025-09-02 15:07:38.940 | INFO     | Pendulum.PendulumAPP:_processSerialData:121 - 🔄 数据来源: 串口接收 -> PendulumState.physical_length
2025-09-02 15:07:38.987 | INFO     | Pendulum.PendulumAPP:_processSerialData:120 - 📏 串口长度数据已更新: L27.924513 -> physical_length=27.924513
2025-09-02 15:07:38.990 | INFO     | Pendulum.PendulumAPP:_processSerialData:121 - 🔄 数据来源: 串口接收 -> PendulumState.physical_length
2025-09-02 15:07:39.031 | INFO     | Pendulum.PendulumAPP:_processSerialData:120 - 📏 串口长度数据已更新: L27.924513 -> physical_length=27.924513
2025-09-02 15:07:39.032 | INFO     | Pendulum.PendulumAPP:_processSerialData:121 - 🔄 数据来源: 串口接收 -> PendulumState.physical_length
2025-09-02 15:07:39.078 | INFO     | Pendulum.PendulumAPP:_processSerialData:120 - 📏 串口长度数据已更新: L27.924513 -> physical_length=27.924513
2025-09-02 15:07:39.079 | INFO     | Pendulum.PendulumAPP:_processSerialData:121 - 🔄 数据来源: 串口接收 -> PendulumState.physical_length
2025-09-02 15:07:39.125 | INFO     | Pendulum.PendulumAPP:_processSerialData:120 - 📏 串口长度数据已更新: L27.924513 -> physical_length=27.924513
2025-09-02 15:07:39.127 | INFO     | Pendulum.PendulumAPP:_processSerialData:121 - 🔄 数据来源: 串口接收 -> PendulumState.physical_length
2025-09-02 15:07:39.173 | INFO     | Pendulum.PendulumAPP:_processSerialData:120 - 📏 串口长度数据已更新: L27.924513 -> physical_length=27.924513
2025-09-02 15:07:39.174 | INFO     | Pendulum.PendulumAPP:_processSerialData:121 - 🔄 数据来源: 串口接收 -> PendulumState.physical_length
2025-09-02 15:07:39.220 | INFO     | Pendulum.PendulumAPP:_processSerialData:120 - 📏 串口长度数据已更新: L27.924513 -> physical_length=27.924513
2025-09-02 15:07:39.221 | INFO     | Pendulum.PendulumAPP:_processSerialData:121 - 🔄 数据来源: 串口接收 -> PendulumState.physical_length
2025-09-02 15:07:39.268 | INFO     | Pendulum.PendulumAPP:_processSerialData:120 - 📏 串口长度数据已更新: L27.924513 -> physical_length=27.924513
2025-09-02 15:07:39.269 | INFO     | Pendulum.PendulumAPP:_processSerialData:121 - 🔄 数据来源: 串口接收 -> PendulumState.physical_length
2025-09-02 15:07:39.313 | INFO     | Pendulum.PendulumAPP:_processSerialData:120 - 📏 串口长度数据已更新: L27.924513 -> physical_length=27.924513
2025-09-02 15:07:39.314 | INFO     | Pendulum.PendulumAPP:_processSerialData:121 - 🔄 数据来源: 串口接收 -> PendulumState.physical_length
2025-09-02 15:07:39.360 | INFO     | Pendulum.PendulumAPP:_processSerialData:120 - 📏 串口长度数据已更新: L27.924513 -> physical_length=27.924513
2025-09-02 15:07:39.362 | INFO     | Pendulum.PendulumAPP:_processSerialData:121 - 🔄 数据来源: 串口接收 -> PendulumState.physical_length
2025-09-02 15:07:39.407 | INFO     | Pendulum.PendulumAPP:_processSerialData:120 - 📏 串口长度数据已更新: L27.924513 -> physical_length=27.924513
2025-09-02 15:07:39.407 | INFO     | Pendulum.PendulumAPP:_processSerialData:121 - 🔄 数据来源: 串口接收 -> PendulumState.physical_length
2025-09-02 15:07:39.453 | INFO     | Pendulum.PendulumAPP:_processSerialData:120 - 📏 串口长度数据已更新: L27.924513 -> physical_length=27.924513
2025-09-02 15:07:39.457 | INFO     | Pendulum.PendulumAPP:_processSerialData:121 - 🔄 数据来源: 串口接收 -> PendulumState.physical_length
2025-09-02 15:07:39.500 | INFO     | Pendulum.PendulumAPP:_processSerialData:120 - 📏 串口长度数据已更新: L27.924513 -> physical_length=27.924513
2025-09-02 15:07:39.501 | INFO     | Pendulum.PendulumAPP:_processSerialData:121 - 🔄 数据来源: 串口接收 -> PendulumState.physical_length
2025-09-02 15:07:39.547 | INFO     | Pendulum.PendulumAPP:_processSerialData:120 - 📏 串口长度数据已更新: L27.924513 -> physical_length=27.924513
2025-09-02 15:07:39.548 | INFO     | Pendulum.PendulumAPP:_processSerialData:121 - 🔄 数据来源: 串口接收 -> PendulumState.physical_length
2025-09-02 15:07:39.592 | INFO     | Pendulum.PendulumAPP:_processSerialData:120 - 📏 串口长度数据已更新: L27.924513 -> physical_length=27.924513
2025-09-02 15:07:39.593 | INFO     | Pendulum.PendulumAPP:_processSerialData:121 - 🔄 数据来源: 串口接收 -> PendulumState.physical_length
2025-09-02 15:07:39.639 | INFO     | Pendulum.PendulumAPP:_processSerialData:120 - 📏 串口长度数据已更新: L27.924513 -> physical_length=27.924513
2025-09-02 15:07:39.640 | INFO     | Pendulum.PendulumAPP:_processSerialData:121 - 🔄 数据来源: 串口接收 -> PendulumState.physical_length
2025-09-02 15:07:39.686 | INFO     | Pendulum.PendulumAPP:_processSerialData:120 - 📏 串口长度数据已更新: L27.924513 -> physical_length=27.924513
2025-09-02 15:07:39.687 | INFO     | Pendulum.PendulumAPP:_processSerialData:121 - 🔄 数据来源: 串口接收 -> PendulumState.physical_length
2025-09-02 15:07:39.732 | INFO     | Pendulum.PendulumAPP:_processSerialData:120 - 📏 串口长度数据已更新: L27.924513 -> physical_length=27.924513
2025-09-02 15:07:39.733 | INFO     | Pendulum.PendulumAPP:_processSerialData:121 - 🔄 数据来源: 串口接收 -> PendulumState.physical_length
2025-09-02 15:07:39.779 | INFO     | Pendulum.PendulumAPP:_processSerialData:120 - 📏 串口长度数据已更新: L27.924513 -> physical_length=27.924513
2025-09-02 15:07:39.780 | INFO     | Pendulum.PendulumAPP:_processSerialData:121 - 🔄 数据来源: 串口接收 -> PendulumState.physical_length
2025-09-02 15:07:39.824 | INFO     | Pendulum.PendulumAPP:_processSerialData:120 - 📏 串口长度数据已更新: L27.924513 -> physical_length=27.924513
2025-09-02 15:07:39.826 | INFO     | Pendulum.PendulumAPP:_processSerialData:121 - 🔄 数据来源: 串口接收 -> PendulumState.physical_length
2025-09-02 15:07:39.871 | INFO     | Pendulum.PendulumAPP:_processSerialData:120 - 📏 串口长度数据已更新: L27.924513 -> physical_length=27.924513
2025-09-02 15:07:39.871 | INFO     | Pendulum.PendulumAPP:_processSerialData:121 - 🔄 数据来源: 串口接收 -> PendulumState.physical_length
2025-09-02 15:07:39.918 | INFO     | Pendulum.PendulumAPP:_processSerialData:120 - 📏 串口长度数据已更新: L27.924513 -> physical_length=27.924513
2025-09-02 15:07:39.919 | INFO     | Pendulum.PendulumAPP:_processSerialData:121 - 🔄 数据来源: 串口接收 -> PendulumState.physical_length
2025-09-02 15:07:39.965 | INFO     | Pendulum.PendulumAPP:_processSerialData:120 - 📏 串口长度数据已更新: L27.924513 -> physical_length=27.924513
2025-09-02 15:07:39.967 | INFO     | Pendulum.PendulumAPP:_processSerialData:121 - 🔄 数据来源: 串口接收 -> PendulumState.physical_length
2025-09-02 15:07:40.010 | INFO     | Pendulum.PendulumAPP:_processSerialData:120 - 📏 串口长度数据已更新: L27.924513 -> physical_length=27.924513
2025-09-02 15:07:40.014 | INFO     | Pendulum.PendulumAPP:_processSerialData:121 - 🔄 数据来源: 串口接收 -> PendulumState.physical_length
2025-09-02 15:07:40.058 | INFO     | Pendulum.PendulumAPP:_processSerialData:120 - 📏 串口长度数据已更新: L27.924513 -> physical_length=27.924513
2025-09-02 15:07:40.058 | INFO     | Pendulum.PendulumAPP:_processSerialData:121 - 🔄 数据来源: 串口接收 -> PendulumState.physical_length
2025-09-02 15:07:40.104 | INFO     | Pendulum.PendulumAPP:_processSerialData:120 - 📏 串口长度数据已更新: L27.924513 -> physical_length=27.924513
2025-09-02 15:07:40.106 | INFO     | Pendulum.PendulumAPP:_processSerialData:121 - 🔄 数据来源: 串口接收 -> PendulumState.physical_length
2025-09-02 15:07:40.150 | INFO     | Pendulum.PendulumAPP:_processSerialData:120 - 📏 串口长度数据已更新: L27.924513 -> physical_length=27.924513
2025-09-02 15:07:40.153 | INFO     | Pendulum.PendulumAPP:_processSerialData:121 - 🔄 数据来源: 串口接收 -> PendulumState.physical_length
2025-09-02 15:07:40.196 | INFO     | Pendulum.PendulumAPP:_processSerialData:120 - 📏 串口长度数据已更新: L27.924513 -> physical_length=27.924513
2025-09-02 15:07:40.197 | INFO     | Pendulum.PendulumAPP:_processSerialData:121 - 🔄 数据来源: 串口接收 -> PendulumState.physical_length
2025-09-02 15:07:40.244 | INFO     | Pendulum.PendulumAPP:_processSerialData:120 - 📏 串口长度数据已更新: L27.924513 -> physical_length=27.924513
2025-09-02 15:07:40.245 | INFO     | Pendulum.PendulumAPP:_processSerialData:121 - 🔄 数据来源: 串口接收 -> PendulumState.physical_length
2025-09-02 15:07:40.290 | INFO     | Pendulum.PendulumAPP:_processSerialData:120 - 📏 串口长度数据已更新: L27.924513 -> physical_length=27.924513
2025-09-02 15:07:40.291 | INFO     | Pendulum.PendulumAPP:_processSerialData:121 - 🔄 数据来源: 串口接收 -> PendulumState.physical_length
2025-09-02 15:07:40.337 | INFO     | Pendulum.PendulumAPP:_processSerialData:120 - 📏 串口长度数据已更新: L27.924513 -> physical_length=27.924513
2025-09-02 15:07:40.338 | INFO     | Pendulum.PendulumAPP:_processSerialData:121 - 🔄 数据来源: 串口接收 -> PendulumState.physical_length
2025-09-02 15:07:40.383 | INFO     | Pendulum.PendulumAPP:_processSerialData:120 - 📏 串口长度数据已更新: L27.924513 -> physical_length=27.924513
2025-09-02 15:07:40.384 | INFO     | Pendulum.PendulumAPP:_processSerialData:121 - 🔄 数据来源: 串口接收 -> PendulumState.physical_length
2025-09-02 15:07:40.430 | INFO     | Pendulum.PendulumAPP:_processSerialData:120 - 📏 串口长度数据已更新: L27.924513 -> physical_length=27.924513
2025-09-02 15:07:40.431 | INFO     | Pendulum.PendulumAPP:_processSerialData:121 - 🔄 数据来源: 串口接收 -> PendulumState.physical_length
2025-09-02 15:07:40.477 | INFO     | Pendulum.PendulumAPP:_processSerialData:120 - 📏 串口长度数据已更新: L27.924513 -> physical_length=27.924513
2025-09-02 15:07:40.478 | INFO     | Pendulum.PendulumAPP:_processSerialData:121 - 🔄 数据来源: 串口接收 -> PendulumState.physical_length
2025-09-02 15:07:40.523 | INFO     | Pendulum.PendulumAPP:_processSerialData:120 - 📏 串口长度数据已更新: L27.924513 -> physical_length=27.924513
2025-09-02 15:07:40.524 | INFO     | Pendulum.PendulumAPP:_processSerialData:121 - 🔄 数据来源: 串口接收 -> PendulumState.physical_length
2025-09-02 15:07:40.569 | INFO     | Pendulum.PendulumAPP:_processSerialData:120 - 📏 串口长度数据已更新: L27.924513 -> physical_length=27.924513
2025-09-02 15:07:40.571 | INFO     | Pendulum.PendulumAPP:_processSerialData:121 - 🔄 数据来源: 串口接收 -> PendulumState.physical_length
2025-09-02 15:07:40.616 | INFO     | Pendulum.PendulumAPP:_processSerialData:120 - 📏 串口长度数据已更新: L27.924513 -> physical_length=27.924513
2025-09-02 15:07:40.617 | INFO     | Pendulum.PendulumAPP:_processSerialData:121 - 🔄 数据来源: 串口接收 -> PendulumState.physical_length
2025-09-02 15:07:40.665 | INFO     | Pendulum.PendulumAPP:_processSerialData:120 - 📏 串口长度数据已更新: L27.924513 -> physical_length=27.924513
2025-09-02 15:07:40.666 | INFO     | Pendulum.PendulumAPP:_processSerialData:121 - 🔄 数据来源: 串口接收 -> PendulumState.physical_length
2025-09-02 15:07:40.711 | INFO     | Pendulum.PendulumAPP:_processSerialData:120 - 📏 串口长度数据已更新: L27.924513 -> physical_length=27.924513
2025-09-02 15:07:40.712 | INFO     | Pendulum.PendulumAPP:_processSerialData:121 - 🔄 数据来源: 串口接收 -> PendulumState.physical_length
2025-09-02 15:07:40.757 | INFO     | Pendulum.PendulumAPP:_processSerialData:120 - 📏 串口长度数据已更新: L27.924513 -> physical_length=27.924513
2025-09-02 15:07:40.758 | INFO     | Pendulum.PendulumAPP:_processSerialData:121 - 🔄 数据来源: 串口接收 -> PendulumState.physical_length
2025-09-02 15:07:40.805 | INFO     | Pendulum.PendulumAPP:_processSerialData:120 - 📏 串口长度数据已更新: L27.924513 -> physical_length=27.924513
2025-09-02 15:07:40.805 | INFO     | Pendulum.PendulumAPP:_processSerialData:121 - 🔄 数据来源: 串口接收 -> PendulumState.physical_length
2025-09-02 15:07:40.851 | INFO     | Pendulum.PendulumAPP:_processSerialData:120 - 📏 串口长度数据已更新: L27.924513 -> physical_length=27.924513
2025-09-02 15:07:40.852 | INFO     | Pendulum.PendulumAPP:_processSerialData:121 - 🔄 数据来源: 串口接收 -> PendulumState.physical_length
2025-09-02 15:07:40.897 | INFO     | Pendulum.PendulumAPP:_processSerialData:120 - 📏 串口长度数据已更新: L27.924513 -> physical_length=27.924513
2025-09-02 15:07:40.898 | INFO     | Pendulum.PendulumAPP:_processSerialData:121 - 🔄 数据来源: 串口接收 -> PendulumState.physical_length
2025-09-02 15:07:40.943 | INFO     | Pendulum.PendulumAPP:_processSerialData:120 - 📏 串口长度数据已更新: L27.924513 -> physical_length=27.924513
2025-09-02 15:07:40.945 | INFO     | Pendulum.PendulumAPP:_processSerialData:121 - 🔄 数据来源: 串口接收 -> PendulumState.physical_length
2025-09-02 15:07:40.990 | INFO     | Pendulum.PendulumAPP:_processSerialData:120 - 📏 串口长度数据已更新: L27.924513 -> physical_length=27.924513
2025-09-02 15:07:40.991 | INFO     | Pendulum.PendulumAPP:_processSerialData:121 - 🔄 数据来源: 串口接收 -> PendulumState.physical_length
2025-09-02 15:07:41.035 | INFO     | Pendulum.PendulumAPP:_processSerialData:120 - 📏 串口长度数据已更新: L27.924513 -> physical_length=27.924513
2025-09-02 15:07:41.035 | INFO     | Pendulum.PendulumAPP:_processSerialData:121 - 🔄 数据来源: 串口接收 -> PendulumState.physical_length
2025-09-02 15:07:41.098 | INFO     | Pendulum.PendulumAPP:_processSerialData:120 - 📏 串口长度数据已更新: L27.924513 -> physical_length=27.924513
2025-09-02 15:07:41.099 | INFO     | Pendulum.PendulumAPP:_processSerialData:121 - 🔄 数据来源: 串口接收 -> PendulumState.physical_length
2025-09-02 15:07:41.144 | INFO     | Pendulum.PendulumAPP:_processSerialData:120 - 📏 串口长度数据已更新: L27.924513 -> physical_length=27.924513
2025-09-02 15:07:41.145 | INFO     | Pendulum.PendulumAPP:_processSerialData:121 - 🔄 数据来源: 串口接收 -> PendulumState.physical_length
2025-09-02 15:07:41.195 | INFO     | Pendulum.PendulumAPP:_processSerialData:120 - 📏 串口长度数据已更新: L27.924513 -> physical_length=27.924513
2025-09-02 15:07:41.199 | INFO     | Pendulum.PendulumAPP:_processSerialData:121 - 🔄 数据来源: 串口接收 -> PendulumState.physical_length
2025-09-02 15:07:41.241 | INFO     | Pendulum.PendulumAPP:_processSerialData:120 - 📏 串口长度数据已更新: L27.924513 -> physical_length=27.924513
2025-09-02 15:07:41.242 | INFO     | Pendulum.PendulumAPP:_processSerialData:121 - 🔄 数据来源: 串口接收 -> PendulumState.physical_length
2025-09-02 15:07:41.286 | INFO     | Pendulum.PendulumAPP:_processSerialData:120 - 📏 串口长度数据已更新: L27.924513 -> physical_length=27.924513
2025-09-02 15:07:41.287 | INFO     | Pendulum.PendulumAPP:_processSerialData:121 - 🔄 数据来源: 串口接收 -> PendulumState.physical_length
2025-09-02 15:07:41.333 | INFO     | Pendulum.PendulumAPP:_processSerialData:120 - 📏 串口长度数据已更新: L27.924513 -> physical_length=27.924513
2025-09-02 15:07:41.334 | INFO     | Pendulum.PendulumAPP:_processSerialData:121 - 🔄 数据来源: 串口接收 -> PendulumState.physical_length
2025-09-02 15:07:41.379 | INFO     | Pendulum.PendulumAPP:_processSerialData:120 - 📏 串口长度数据已更新: L27.924513 -> physical_length=27.924513
2025-09-02 15:07:41.380 | INFO     | Pendulum.PendulumAPP:_processSerialData:121 - 🔄 数据来源: 串口接收 -> PendulumState.physical_length
2025-09-02 15:07:41.427 | INFO     | Pendulum.PendulumAPP:_processSerialData:120 - 📏 串口长度数据已更新: L27.924513 -> physical_length=27.924513
2025-09-02 15:07:41.428 | INFO     | Pendulum.PendulumAPP:_processSerialData:121 - 🔄 数据来源: 串口接收 -> PendulumState.physical_length
2025-09-02 15:07:41.473 | INFO     | Pendulum.PendulumAPP:_processSerialData:120 - 📏 串口长度数据已更新: L27.924513 -> physical_length=27.924513
2025-09-02 15:07:41.474 | INFO     | Pendulum.PendulumAPP:_processSerialData:121 - 🔄 数据来源: 串口接收 -> PendulumState.physical_length
2025-09-02 15:07:41.519 | INFO     | Pendulum.PendulumAPP:_processSerialData:120 - 📏 串口长度数据已更新: L27.924513 -> physical_length=27.924513
2025-09-02 15:07:41.521 | INFO     | Pendulum.PendulumAPP:_processSerialData:121 - 🔄 数据来源: 串口接收 -> PendulumState.physical_length
2025-09-02 15:07:41.566 | INFO     | Pendulum.PendulumAPP:_processSerialData:120 - 📏 串口长度数据已更新: L27.924513 -> physical_length=27.924513
2025-09-02 15:07:41.570 | INFO     | Pendulum.PendulumAPP:_processSerialData:121 - 🔄 数据来源: 串口接收 -> PendulumState.physical_length
2025-09-02 15:07:41.612 | INFO     | Pendulum.PendulumAPP:_processSerialData:120 - 📏 串口长度数据已更新: L27.924513 -> physical_length=27.924513
2025-09-02 15:07:41.615 | INFO     | Pendulum.PendulumAPP:_processSerialData:121 - 🔄 数据来源: 串口接收 -> PendulumState.physical_length
2025-09-02 15:07:41.658 | INFO     | Pendulum.PendulumAPP:_processSerialData:120 - 📏 串口长度数据已更新: L27.924513 -> physical_length=27.924513
2025-09-02 15:07:41.659 | INFO     | Pendulum.PendulumAPP:_processSerialData:121 - 🔄 数据来源: 串口接收 -> PendulumState.physical_length
2025-09-02 15:07:41.704 | INFO     | Pendulum.PendulumAPP:_processSerialData:120 - 📏 串口长度数据已更新: L27.924513 -> physical_length=27.924513
2025-09-02 15:07:41.704 | INFO     | Pendulum.PendulumAPP:_processSerialData:121 - 🔄 数据来源: 串口接收 -> PendulumState.physical_length
2025-09-02 15:07:41.752 | INFO     | Pendulum.PendulumAPP:_processSerialData:120 - 📏 串口长度数据已更新: L27.924513 -> physical_length=27.924513
2025-09-02 15:07:41.755 | INFO     | Pendulum.PendulumAPP:_processSerialData:121 - 🔄 数据来源: 串口接收 -> PendulumState.physical_length
2025-09-02 15:07:41.799 | INFO     | Pendulum.PendulumAPP:_processSerialData:120 - 📏 串口长度数据已更新: L27.924513 -> physical_length=27.924513
2025-09-02 15:07:41.802 | INFO     | Pendulum.PendulumAPP:_processSerialData:121 - 🔄 数据来源: 串口接收 -> PendulumState.physical_length
2025-09-02 15:07:41.845 | INFO     | Pendulum.PendulumAPP:_processSerialData:120 - 📏 串口长度数据已更新: L27.924513 -> physical_length=27.924513
2025-09-02 15:07:41.845 | INFO     | Pendulum.PendulumAPP:_processSerialData:121 - 🔄 数据来源: 串口接收 -> PendulumState.physical_length
2025-09-02 15:07:41.892 | INFO     | Pendulum.PendulumAPP:_processSerialData:120 - 📏 串口长度数据已更新: L27.924513 -> physical_length=27.924513
2025-09-02 15:07:41.893 | INFO     | Pendulum.PendulumAPP:_processSerialData:121 - 🔄 数据来源: 串口接收 -> PendulumState.physical_length
2025-09-02 15:07:41.938 | INFO     | Pendulum.PendulumAPP:_processSerialData:120 - 📏 串口长度数据已更新: L27.924513 -> physical_length=27.924513
2025-09-02 15:07:41.939 | INFO     | Pendulum.PendulumAPP:_processSerialData:121 - 🔄 数据来源: 串口接收 -> PendulumState.physical_length
2025-09-02 15:07:41.980 | INFO     | Pendulum.PendulumCore:updateMouse:156 - 已设置摆轴固定点: (251, 389),清除参考角度和参考向量
2025-09-02 15:07:41.985 | INFO     | Pendulum.PendulumAPP:_processSerialData:120 - 📏 串口长度数据已更新: L27.924513 -> physical_length=27.924513
2025-09-02 15:07:41.986 | INFO     | Pendulum.PendulumAPP:_processSerialData:121 - 🔄 数据来源: 串口接收 -> PendulumState.physical_length
2025-09-02 15:07:42.032 | INFO     | Pendulum.PendulumAPP:_processSerialData:120 - 📏 串口长度数据已更新: L27.924513 -> physical_length=27.924513
2025-09-02 15:07:42.032 | INFO     | Pendulum.PendulumAPP:_processSerialData:121 - 🔄 数据来源: 串口接收 -> PendulumState.physical_length
2025-09-02 15:07:42.080 | INFO     | Pendulum.PendulumAPP:_processSerialData:120 - 📏 串口长度数据已更新: L27.924513 -> physical_length=27.924513
2025-09-02 15:07:42.081 | INFO     | Pendulum.PendulumAPP:_processSerialData:121 - 🔄 数据来源: 串口接收 -> PendulumState.physical_length
2025-09-02 15:07:42.125 | INFO     | Pendulum.PendulumAPP:_processSerialData:120 - 📏 串口长度数据已更新: L27.924513 -> physical_length=27.924513
2025-09-02 15:07:42.129 | INFO     | Pendulum.PendulumAPP:_processSerialData:121 - 🔄 数据来源: 串口接收 -> PendulumState.physical_length
2025-09-02 15:07:42.171 | INFO     | Pendulum.PendulumAPP:_processSerialData:120 - 📏 串口长度数据已更新: L27.924513 -> physical_length=27.924513
2025-09-02 15:07:42.172 | INFO     | Pendulum.PendulumAPP:_processSerialData:121 - 🔄 数据来源: 串口接收 -> PendulumState.physical_length
2025-09-02 15:07:42.216 | INFO     | Pendulum.PendulumAPP:_processSerialData:120 - 📏 串口长度数据已更新: L27.924513 -> physical_length=27.924513
2025-09-02 15:07:42.218 | INFO     | Pendulum.PendulumAPP:_processSerialData:121 - 🔄 数据来源: 串口接收 -> PendulumState.physical_length
2025-09-02 15:07:42.265 | INFO     | Pendulum.PendulumAPP:_processSerialData:120 - 📏 串口长度数据已更新: L27.924513 -> physical_length=27.924513
2025-09-02 15:07:42.268 | INFO     | Pendulum.PendulumAPP:_processSerialData:121 - 🔄 数据来源: 串口接收 -> PendulumState.physical_length
2025-09-02 15:07:42.310 | INFO     | Pendulum.PendulumAPP:_processSerialData:120 - 📏 串口长度数据已更新: L27.924513 -> physical_length=27.924513
2025-09-02 15:07:42.310 | INFO     | Pendulum.PendulumAPP:_processSerialData:121 - 🔄 数据来源: 串口接收 -> PendulumState.physical_length
2025-09-02 15:07:42.357 | INFO     | Pendulum.PendulumAPP:_processSerialData:120 - 📏 串口长度数据已更新: L27.924513 -> physical_length=27.924513
2025-09-02 15:07:42.358 | INFO     | Pendulum.PendulumAPP:_processSerialData:121 - 🔄 数据来源: 串口接收 -> PendulumState.physical_length
2025-09-02 15:07:42.404 | INFO     | Pendulum.PendulumAPP:_processSerialData:120 - 📏 串口长度数据已更新: L27.924513 -> physical_length=27.924513
2025-09-02 15:07:42.405 | INFO     | Pendulum.PendulumAPP:_processSerialData:121 - 🔄 数据来源: 串口接收 -> PendulumState.physical_length
2025-09-02 15:07:42.451 | INFO     | Pendulum.PendulumAPP:_processSerialData:120 - 📏 串口长度数据已更新: L27.924513 -> physical_length=27.924513
2025-09-02 15:07:42.452 | INFO     | Pendulum.PendulumAPP:_processSerialData:121 - 🔄 数据来源: 串口接收 -> PendulumState.physical_length
2025-09-02 15:07:42.497 | INFO     | Pendulum.PendulumAPP:_processSerialData:120 - 📏 串口长度数据已更新: L27.924513 -> physical_length=27.924513
2025-09-02 15:07:42.499 | INFO     | Pendulum.PendulumAPP:_processSerialData:121 - 🔄 数据来源: 串口接收 -> PendulumState.physical_length
2025-09-02 15:07:42.543 | INFO     | Pendulum.PendulumAPP:_processSerialData:120 - 📏 串口长度数据已更新: L27.924513 -> physical_length=27.924513
2025-09-02 15:07:42.545 | INFO     | Pendulum.PendulumAPP:_processSerialData:121 - 🔄 数据来源: 串口接收 -> PendulumState.physical_length
2025-09-02 15:07:42.592 | INFO     | Pendulum.PendulumAPP:_processSerialData:120 - 📏 串口长度数据已更新: L27.924513 -> physical_length=27.924513
2025-09-02 15:07:42.592 | INFO     | Pendulum.PendulumAPP:_processSerialData:121 - 🔄 数据来源: 串口接收 -> PendulumState.physical_length
2025-09-02 15:07:42.638 | INFO     | Pendulum.PendulumAPP:_processSerialData:120 - 📏 串口长度数据已更新: L27.924513 -> physical_length=27.924513
2025-09-02 15:07:42.639 | INFO     | Pendulum.PendulumAPP:_processSerialData:121 - 🔄 数据来源: 串口接收 -> PendulumState.physical_length
2025-09-02 15:07:42.683 | INFO     | Pendulum.PendulumAPP:_processSerialData:120 - 📏 串口长度数据已更新: L27.924513 -> physical_length=27.924513
2025-09-02 15:07:42.683 | INFO     | Pendulum.PendulumAPP:_processSerialData:121 - 🔄 数据来源: 串口接收 -> PendulumState.physical_length
2025-09-02 15:07:42.731 | INFO     | Pendulum.PendulumAPP:_processSerialData:120 - 📏 串口长度数据已更新: L27.924513 -> physical_length=27.924513
2025-09-02 15:07:42.732 | INFO     | Pendulum.PendulumAPP:_processSerialData:121 - 🔄 数据来源: 串口接收 -> PendulumState.physical_length
2025-09-02 15:07:42.779 | INFO     | Pendulum.PendulumAPP:_processSerialData:120 - 📏 串口长度数据已更新: L27.924513 -> physical_length=27.924513
2025-09-02 15:07:42.782 | INFO     | Pendulum.PendulumAPP:_processSerialData:121 - 🔄 数据来源: 串口接收 -> PendulumState.physical_length
2025-09-02 15:07:42.825 | INFO     | Pendulum.PendulumAPP:_processSerialData:120 - 📏 串口长度数据已更新: L27.924513 -> physical_length=27.924513
2025-09-02 15:07:42.826 | INFO     | Pendulum.PendulumAPP:_processSerialData:121 - 🔄 数据来源: 串口接收 -> PendulumState.physical_length
2025-09-02 15:07:42.872 | INFO     | Pendulum.PendulumAPP:_processSerialData:120 - 📏 串口长度数据已更新: L27.924513 -> physical_length=27.924513
2025-09-02 15:07:42.875 | INFO     | Pendulum.PendulumAPP:_processSerialData:121 - 🔄 数据来源: 串口接收 -> PendulumState.physical_length
2025-09-02 15:07:42.918 | INFO     | Pendulum.PendulumAPP:_processSerialData:120 - 📏 串口长度数据已更新: L27.924513 -> physical_length=27.924513
2025-09-02 15:07:42.919 | INFO     | Pendulum.PendulumAPP:_processSerialData:121 - 🔄 数据来源: 串口接收 -> PendulumState.physical_length
2025-09-02 15:07:42.963 | INFO     | Pendulum.PendulumAPP:_processSerialData:120 - 📏 串口长度数据已更新: L27.924513 -> physical_length=27.924513
2025-09-02 15:07:42.964 | INFO     | Pendulum.PendulumAPP:_processSerialData:121 - 🔄 数据来源: 串口接收 -> PendulumState.physical_length
2025-09-02 15:07:43.009 | INFO     | Pendulum.PendulumAPP:_processSerialData:120 - 📏 串口长度数据已更新: L27.924513 -> physical_length=27.924513
2025-09-02 15:07:43.010 | INFO     | Pendulum.PendulumAPP:_processSerialData:121 - 🔄 数据来源: 串口接收 -> PendulumState.physical_length
2025-09-02 15:07:43.057 | INFO     | Pendulum.PendulumAPP:_processSerialData:120 - 📏 串口长度数据已更新: L27.924513 -> physical_length=27.924513
2025-09-02 15:07:43.058 | INFO     | Pendulum.PendulumAPP:_processSerialData:121 - 🔄 数据来源: 串口接收 -> PendulumState.physical_length
2025-09-02 15:07:43.104 | INFO     | Pendulum.PendulumAPP:_processSerialData:120 - 📏 串口长度数据已更新: L27.924513 -> physical_length=27.924513
2025-09-02 15:07:43.106 | INFO     | Pendulum.PendulumAPP:_processSerialData:121 - 🔄 数据来源: 串口接收 -> PendulumState.physical_length
2025-09-02 15:07:43.151 | INFO     | Pendulum.PendulumAPP:_processSerialData:120 - 📏 串口长度数据已更新: L27.924513 -> physical_length=27.924513
2025-09-02 15:07:43.153 | INFO     | Pendulum.PendulumAPP:_processSerialData:121 - 🔄 数据来源: 串口接收 -> PendulumState.physical_length
2025-09-02 15:07:43.196 | INFO     | Pendulum.PendulumAPP:_processSerialData:120 - 📏 串口长度数据已更新: L27.924513 -> physical_length=27.924513
2025-09-02 15:07:43.197 | INFO     | Pendulum.PendulumAPP:_processSerialData:121 - 🔄 数据来源: 串口接收 -> PendulumState.physical_length
2025-09-02 15:07:43.242 | INFO     | Pendulum.PendulumAPP:_processSerialData:120 - 📏 串口长度数据已更新: L27.924513 -> physical_length=27.924513
2025-09-02 15:07:43.243 | INFO     | Pendulum.PendulumAPP:_processSerialData:121 - 🔄 数据来源: 串口接收 -> PendulumState.physical_length
2025-09-02 15:07:43.289 | INFO     | Pendulum.PendulumAPP:_processSerialData:120 - 📏 串口长度数据已更新: L27.924513 -> physical_length=27.924513
2025-09-02 15:07:43.290 | INFO     | Pendulum.PendulumAPP:_processSerialData:121 - 🔄 数据来源: 串口接收 -> PendulumState.physical_length
2025-09-02 15:07:43.338 | INFO     | Pendulum.PendulumAPP:_processSerialData:120 - 📏 串口长度数据已更新: L27.924513 -> physical_length=27.924513
2025-09-02 15:07:43.339 | INFO     | Pendulum.PendulumAPP:_processSerialData:121 - 🔄 数据来源: 串口接收 -> PendulumState.physical_length
2025-09-02 15:07:43.382 | INFO     | Pendulum.PendulumAPP:_processSerialData:120 - 📏 串口长度数据已更新: L27.924513 -> physical_length=27.924513
2025-09-02 15:07:43.384 | INFO     | Pendulum.PendulumAPP:_processSerialData:121 - 🔄 数据来源: 串口接收 -> PendulumState.physical_length
2025-09-02 15:07:43.427 | INFO     | Pendulum.PendulumAPP:_processSerialData:120 - 📏 串口长度数据已更新: L27.924513 -> physical_length=27.924513
2025-09-02 15:07:43.427 | INFO     | Pendulum.PendulumAPP:_processSerialData:121 - 🔄 数据来源: 串口接收 -> PendulumState.physical_length
2025-09-02 15:07:43.473 | INFO     | Pendulum.PendulumAPP:_processSerialData:120 - 📏 串口长度数据已更新: L27.924513 -> physical_length=27.924513
2025-09-02 15:07:43.474 | INFO     | Pendulum.PendulumAPP:_processSerialData:121 - 🔄 数据来源: 串口接收 -> PendulumState.physical_length
2025-09-02 15:07:43.519 | INFO     | Pendulum.PendulumAPP:_processSerialData:120 - 📏 串口长度数据已更新: L27.924513 -> physical_length=27.924513
2025-09-02 15:07:43.520 | INFO     | Pendulum.PendulumAPP:_processSerialData:121 - 🔄 数据来源: 串口接收 -> PendulumState.physical_length
2025-09-02 15:07:43.565 | INFO     | Pendulum.PendulumAPP:_processSerialData:120 - 📏 串口长度数据已更新: L27.924513 -> physical_length=27.924513
2025-09-02 15:07:43.569 | INFO     | Pendulum.PendulumAPP:_processSerialData:121 - 🔄 数据来源: 串口接收 -> PendulumState.physical_length
2025-09-02 15:07:43.611 | INFO     | Pendulum.PendulumAPP:_processSerialData:120 - 📏 串口长度数据已更新: L27.924513 -> physical_length=27.924513
2025-09-02 15:07:43.614 | INFO     | Pendulum.PendulumAPP:_processSerialData:121 - 🔄 数据来源: 串口接收 -> PendulumState.physical_length
2025-09-02 15:07:43.657 | INFO     | Pendulum.PendulumAPP:_processSerialData:120 - 📏 串口长度数据已更新: L27.924513 -> physical_length=27.924513
2025-09-02 15:07:43.659 | INFO     | Pendulum.PendulumAPP:_processSerialData:121 - 🔄 数据来源: 串口接收 -> PendulumState.physical_length
2025-09-02 15:07:43.703 | INFO     | Pendulum.PendulumAPP:_processSerialData:120 - 📏 串口长度数据已更新: L27.924513 -> physical_length=27.924513
2025-09-02 15:07:43.704 | INFO     | Pendulum.PendulumAPP:_processSerialData:121 - 🔄 数据来源: 串口接收 -> PendulumState.physical_length
2025-09-02 15:07:43.749 | INFO     | Pendulum.PendulumAPP:_processSerialData:120 - 📏 串口长度数据已更新: L27.924513 -> physical_length=27.924513
2025-09-02 15:07:43.749 | INFO     | Pendulum.PendulumAPP:_processSerialData:121 - 🔄 数据来源: 串口接收 -> PendulumState.physical_length
2025-09-02 15:07:43.796 | INFO     | Pendulum.PendulumAPP:_processSerialData:120 - 📏 串口长度数据已更新: L27.924513 -> physical_length=27.924513
2025-09-02 15:07:43.797 | INFO     | Pendulum.PendulumAPP:_processSerialData:121 - 🔄 数据来源: 串口接收 -> PendulumState.physical_length
2025-09-02 15:07:43.843 | INFO     | Pendulum.PendulumAPP:_processSerialData:120 - 📏 串口长度数据已更新: L27.924513 -> physical_length=27.924513
2025-09-02 15:07:43.843 | INFO     | Pendulum.PendulumAPP:_processSerialData:121 - 🔄 数据来源: 串口接收 -> PendulumState.physical_length
2025-09-02 15:07:43.890 | INFO     | Pendulum.PendulumAPP:_processSerialData:120 - 📏 串口长度数据已更新: L27.924513 -> physical_length=27.924513
2025-09-02 15:07:43.891 | INFO     | Pendulum.PendulumAPP:_processSerialData:121 - 🔄 数据来源: 串口接收 -> PendulumState.physical_length
2025-09-02 15:07:43.938 | INFO     | Pendulum.PendulumAPP:_processSerialData:120 - 📏 串口长度数据已更新: L27.924513 -> physical_length=27.924513
2025-09-02 15:07:43.939 | INFO     | Pendulum.PendulumAPP:_processSerialData:121 - 🔄 数据来源: 串口接收 -> PendulumState.physical_length
2025-09-02 15:07:43.985 | INFO     | Pendulum.PendulumAPP:_processSerialData:120 - 📏 串口长度数据已更新: L27.924513 -> physical_length=27.924513
2025-09-02 15:07:43.985 | INFO     | Pendulum.PendulumAPP:_processSerialData:121 - 🔄 数据来源: 串口接收 -> PendulumState.physical_length
2025-09-02 15:07:44.032 | INFO     | Pendulum.PendulumAPP:_processSerialData:120 - 📏 串口长度数据已更新: L27.924513 -> physical_length=27.924513
2025-09-02 15:07:44.033 | INFO     | Pendulum.PendulumAPP:_processSerialData:121 - 🔄 数据来源: 串口接收 -> PendulumState.physical_length
2025-09-02 15:07:44.079 | INFO     | Pendulum.PendulumAPP:_processSerialData:120 - 📏 串口长度数据已更新: L27.924513 -> physical_length=27.924513
2025-09-02 15:07:44.081 | INFO     | Pendulum.PendulumAPP:_processSerialData:121 - 🔄 数据来源: 串口接收 -> PendulumState.physical_length
2025-09-02 15:07:44.126 | INFO     | Pendulum.PendulumAPP:_processSerialData:120 - 📏 串口长度数据已更新: L27.924513 -> physical_length=27.924513
2025-09-02 15:07:44.126 | INFO     | Pendulum.PendulumAPP:_processSerialData:121 - 🔄 数据来源: 串口接收 -> PendulumState.physical_length
2025-09-02 15:07:44.172 | INFO     | Pendulum.PendulumAPP:_processSerialData:120 - 📏 串口长度数据已更新: L27.924513 -> physical_length=27.924513
2025-09-02 15:07:44.175 | INFO     | Pendulum.PendulumAPP:_processSerialData:121 - 🔄 数据来源: 串口接收 -> PendulumState.physical_length
2025-09-02 15:07:44.219 | INFO     | Pendulum.PendulumAPP:_processSerialData:120 - 📏 串口长度数据已更新: L27.924513 -> physical_length=27.924513
2025-09-02 15:07:44.223 | INFO     | Pendulum.PendulumAPP:_processSerialData:121 - 🔄 数据来源: 串口接收 -> PendulumState.physical_length
2025-09-02 15:07:44.267 | INFO     | Pendulum.PendulumAPP:_processSerialData:120 - 📏 串口长度数据已更新: L27.924513 -> physical_length=27.924513
2025-09-02 15:07:44.269 | INFO     | Pendulum.PendulumAPP:_processSerialData:121 - 🔄 数据来源: 串口接收 -> PendulumState.physical_length
2025-09-02 15:07:44.313 | INFO     | Pendulum.PendulumAPP:_processSerialData:120 - 📏 串口长度数据已更新: L27.924513 -> physical_length=27.924513
2025-09-02 15:07:44.314 | INFO     | Pendulum.PendulumAPP:_processSerialData:121 - 🔄 数据来源: 串口接收 -> PendulumState.physical_length
2025-09-02 15:07:44.360 | INFO     | Pendulum.PendulumAPP:_processSerialData:120 - 📏 串口长度数据已更新: L27.924513 -> physical_length=27.924513
2025-09-02 15:07:44.363 | INFO     | Pendulum.PendulumAPP:_processSerialData:121 - 🔄 数据来源: 串口接收 -> PendulumState.physical_length
2025-09-02 15:07:44.406 | INFO     | Pendulum.PendulumAPP:_processSerialData:120 - 📏 串口长度数据已更新: L27.924513 -> physical_length=27.924513
2025-09-02 15:07:44.407 | INFO     | Pendulum.PendulumAPP:_processSerialData:121 - 🔄 数据来源: 串口接收 -> PendulumState.physical_length
2025-09-02 15:07:44.452 | INFO     | Pendulum.PendulumAPP:_processSerialData:120 - 📏 串口长度数据已更新: L27.924513 -> physical_length=27.924513
2025-09-02 15:07:44.454 | INFO     | Pendulum.PendulumAPP:_processSerialData:121 - 🔄 数据来源: 串口接收 -> PendulumState.physical_length
2025-09-02 15:07:44.498 | INFO     | Pendulum.PendulumAPP:_processSerialData:120 - 📏 串口长度数据已更新: L27.924513 -> physical_length=27.924513
2025-09-02 15:07:44.500 | INFO     | Pendulum.PendulumAPP:_processSerialData:121 - 🔄 数据来源: 串口接收 -> PendulumState.physical_length
2025-09-02 15:07:44.545 | INFO     | Pendulum.PendulumAPP:_processSerialData:120 - 📏 串口长度数据已更新: L27.924513 -> physical_length=27.924513
2025-09-02 15:07:44.546 | INFO     | Pendulum.PendulumAPP:_processSerialData:121 - 🔄 数据来源: 串口接收 -> PendulumState.physical_length
2025-09-02 15:07:44.591 | INFO     | Pendulum.PendulumAPP:_processSerialData:120 - 📏 串口长度数据已更新: L27.924513 -> physical_length=27.924513
2025-09-02 15:07:44.592 | INFO     | Pendulum.PendulumAPP:_processSerialData:121 - 🔄 数据来源: 串口接收 -> PendulumState.physical_length
2025-09-02 15:07:44.639 | INFO     | Pendulum.PendulumAPP:_processSerialData:120 - 📏 串口长度数据已更新: L27.924513 -> physical_length=27.924513
2025-09-02 15:07:44.642 | INFO     | Pendulum.PendulumAPP:_processSerialData:121 - 🔄 数据来源: 串口接收 -> PendulumState.physical_length
2025-09-02 15:07:44.686 | INFO     | Pendulum.PendulumAPP:_processSerialData:120 - 📏 串口长度数据已更新: L27.924513 -> physical_length=27.924513
2025-09-02 15:07:44.689 | INFO     | Pendulum.PendulumAPP:_processSerialData:121 - 🔄 数据来源: 串口接收 -> PendulumState.physical_length
2025-09-02 15:07:44.733 | INFO     | Pendulum.PendulumAPP:_processSerialData:120 - 📏 串口长度数据已更新: L27.924513 -> physical_length=27.924513
2025-09-02 15:07:44.734 | INFO     | Pendulum.PendulumAPP:_processSerialData:121 - 🔄 数据来源: 串口接收 -> PendulumState.physical_length
2025-09-02 15:07:44.779 | INFO     | Pendulum.PendulumAPP:_processSerialData:120 - 📏 串口长度数据已更新: L27.924513 -> physical_length=27.924513
2025-09-02 15:07:44.780 | INFO     | Pendulum.PendulumAPP:_processSerialData:121 - 🔄 数据来源: 串口接收 -> PendulumState.physical_length
2025-09-02 15:07:44.825 | INFO     | Pendulum.PendulumAPP:_processSerialData:120 - 📏 串口长度数据已更新: L27.924513 -> physical_length=27.924513
2025-09-02 15:07:44.826 | INFO     | Pendulum.PendulumAPP:_processSerialData:121 - 🔄 数据来源: 串口接收 -> PendulumState.physical_length
2025-09-02 15:07:44.864 | INFO     | Pendulum.PendulumCore:updateMouse:156 - 已设置摆轴固定点: (316, 19),清除参考角度和参考向量
2025-09-02 15:07:44.873 | INFO     | Pendulum.PendulumAPP:_processSerialData:120 - 📏 串口长度数据已更新: L27.924513 -> physical_length=27.924513
2025-09-02 15:07:44.874 | INFO     | Pendulum.PendulumAPP:_processSerialData:121 - 🔄 数据来源: 串口接收 -> PendulumState.physical_length
2025-09-02 15:07:44.921 | INFO     | Pendulum.PendulumAPP:_processSerialData:120 - 📏 串口长度数据已更新: L27.924513 -> physical_length=27.924513
2025-09-02 15:07:44.923 | INFO     | Pendulum.PendulumAPP:_processSerialData:121 - 🔄 数据来源: 串口接收 -> PendulumState.physical_length
2025-09-02 15:07:44.967 | INFO     | Pendulum.PendulumAPP:_processSerialData:120 - 📏 串口长度数据已更新: L27.924513 -> physical_length=27.924513
2025-09-02 15:07:44.969 | INFO     | Pendulum.PendulumAPP:_processSerialData:121 - 🔄 数据来源: 串口接收 -> PendulumState.physical_length
2025-09-02 15:07:45.014 | INFO     | Pendulum.PendulumAPP:_processSerialData:120 - 📏 串口长度数据已更新: L27.924513 -> physical_length=27.924513
2025-09-02 15:07:45.015 | INFO     | Pendulum.PendulumAPP:_processSerialData:121 - 🔄 数据来源: 串口接收 -> PendulumState.physical_length
2025-09-02 15:07:45.060 | INFO     | Pendulum.PendulumAPP:_processSerialData:120 - 📏 串口长度数据已更新: L27.924513 -> physical_length=27.924513
2025-09-02 15:07:45.061 | INFO     | Pendulum.PendulumAPP:_processSerialData:121 - 🔄 数据来源: 串口接收 -> PendulumState.physical_length
2025-09-02 15:07:45.107 | INFO     | Pendulum.PendulumAPP:_processSerialData:120 - 📏 串口长度数据已更新: L27.924513 -> physical_length=27.924513
2025-09-02 15:07:45.109 | INFO     | Pendulum.PendulumAPP:_processSerialData:121 - 🔄 数据来源: 串口接收 -> PendulumState.physical_length
2025-09-02 15:07:45.153 | INFO     | Pendulum.PendulumAPP:_processSerialData:120 - 📏 串口长度数据已更新: L27.924513 -> physical_length=27.924513
2025-09-02 15:07:45.154 | INFO     | Pendulum.PendulumAPP:_processSerialData:121 - 🔄 数据来源: 串口接收 -> PendulumState.physical_length
2025-09-02 15:07:45.200 | INFO     | Pendulum.PendulumAPP:_processSerialData:120 - 📏 串口长度数据已更新: L27.924513 -> physical_length=27.924513
2025-09-02 15:07:45.201 | INFO     | Pendulum.PendulumAPP:_processSerialData:121 - 🔄 数据来源: 串口接收 -> PendulumState.physical_length
2025-09-02 15:07:45.247 | INFO     | Pendulum.PendulumAPP:_processSerialData:120 - 📏 串口长度数据已更新: L27.924513 -> physical_length=27.924513
2025-09-02 15:07:45.248 | INFO     | Pendulum.PendulumAPP:_processSerialData:121 - 🔄 数据来源: 串口接收 -> PendulumState.physical_length
2025-09-02 15:07:45.293 | INFO     | Pendulum.PendulumAPP:_processSerialData:120 - 📏 串口长度数据已更新: L27.924513 -> physical_length=27.924513
2025-09-02 15:07:45.294 | INFO     | Pendulum.PendulumAPP:_processSerialData:121 - 🔄 数据来源: 串口接收 -> PendulumState.physical_length
2025-09-02 15:07:45.340 | INFO     | Pendulum.PendulumAPP:_processSerialData:120 - 📏 串口长度数据已更新: L27.924513 -> physical_length=27.924513
2025-09-02 15:07:45.340 | INFO     | Pendulum.PendulumAPP:_processSerialData:121 - 🔄 数据来源: 串口接收 -> PendulumState.physical_length
2025-09-02 15:07:45.387 | INFO     | Pendulum.PendulumAPP:_processSerialData:120 - 📏 串口长度数据已更新: L27.924513 -> physical_length=27.924513
2025-09-02 15:07:45.388 | INFO     | Pendulum.PendulumAPP:_processSerialData:121 - 🔄 数据来源: 串口接收 -> PendulumState.physical_length
2025-09-02 15:07:45.433 | INFO     | Pendulum.PendulumAPP:_processSerialData:120 - 📏 串口长度数据已更新: L27.924513 -> physical_length=27.924513
2025-09-02 15:07:45.434 | INFO     | Pendulum.PendulumAPP:_processSerialData:121 - 🔄 数据来源: 串口接收 -> PendulumState.physical_length
2025-09-02 15:07:45.479 | INFO     | Pendulum.PendulumAPP:_processSerialData:120 - 📏 串口长度数据已更新: L27.924513 -> physical_length=27.924513
2025-09-02 15:07:45.480 | INFO     | Pendulum.PendulumAPP:_processSerialData:121 - 🔄 数据来源: 串口接收 -> PendulumState.physical_length
2025-09-02 15:07:45.526 | INFO     | Pendulum.PendulumAPP:_processSerialData:120 - 📏 串口长度数据已更新: L27.924513 -> physical_length=27.924513
2025-09-02 15:07:45.530 | INFO     | Pendulum.PendulumAPP:_processSerialData:121 - 🔄 数据来源: 串口接收 -> PendulumState.physical_length
2025-09-02 15:07:45.573 | INFO     | Pendulum.PendulumAPP:_processSerialData:120 - 📏 串口长度数据已更新: L27.924513 -> physical_length=27.924513
2025-09-02 15:07:45.574 | INFO     | Pendulum.PendulumAPP:_processSerialData:121 - 🔄 数据来源: 串口接收 -> PendulumState.physical_length
2025-09-02 15:07:45.619 | INFO     | Pendulum.PendulumAPP:_processSerialData:120 - 📏 串口长度数据已更新: L27.924513 -> physical_length=27.924513
2025-09-02 15:07:45.620 | INFO     | Pendulum.PendulumAPP:_processSerialData:121 - 🔄 数据来源: 串口接收 -> PendulumState.physical_length
2025-09-02 15:07:45.665 | INFO     | Pendulum.PendulumAPP:_processSerialData:120 - 📏 串口长度数据已更新: L27.924513 -> physical_length=27.924513
2025-09-02 15:07:45.666 | INFO     | Pendulum.PendulumAPP:_processSerialData:121 - 🔄 数据来源: 串口接收 -> PendulumState.physical_length
2025-09-02 15:07:45.711 | INFO     | Pendulum.PendulumAPP:_processSerialData:120 - 📏 串口长度数据已更新: L27.924513 -> physical_length=27.924513
2025-09-02 15:07:45.712 | INFO     | Pendulum.PendulumAPP:_processSerialData:121 - 🔄 数据来源: 串口接收 -> PendulumState.physical_length
2025-09-02 15:07:45.758 | INFO     | Pendulum.PendulumAPP:_processSerialData:120 - 📏 串口长度数据已更新: L27.924513 -> physical_length=27.924513
2025-09-02 15:07:45.760 | INFO     | Pendulum.PendulumAPP:_processSerialData:121 - 🔄 数据来源: 串口接收 -> PendulumState.physical_length
2025-09-02 15:07:45.804 | INFO     | Pendulum.PendulumAPP:_processSerialData:120 - 📏 串口长度数据已更新: L27.924513 -> physical_length=27.924513
2025-09-02 15:07:45.806 | INFO     | Pendulum.PendulumAPP:_processSerialData:121 - 🔄 数据来源: 串口接收 -> PendulumState.physical_length
2025-09-02 15:07:45.850 | INFO     | Pendulum.PendulumAPP:_processSerialData:120 - 📏 串口长度数据已更新: L27.924513 -> physical_length=27.924513
2025-09-02 15:07:45.851 | INFO     | Pendulum.PendulumAPP:_processSerialData:121 - 🔄 数据来源: 串口接收 -> PendulumState.physical_length
2025-09-02 15:07:45.896 | INFO     | Pendulum.PendulumAPP:_processSerialData:120 - 📏 串口长度数据已更新: L27.924513 -> physical_length=27.924513
2025-09-02 15:07:45.897 | INFO     | Pendulum.PendulumAPP:_processSerialData:121 - 🔄 数据来源: 串口接收 -> PendulumState.physical_length
2025-09-02 15:07:45.943 | INFO     | Pendulum.PendulumAPP:_processSerialData:120 - 📏 串口长度数据已更新: L27.924513 -> physical_length=27.924513
2025-09-02 15:07:45.945 | INFO     | Pendulum.PendulumAPP:_processSerialData:121 - 🔄 数据来源: 串口接收 -> PendulumState.physical_length
2025-09-02 15:07:45.989 | INFO     | Pendulum.PendulumAPP:_processSerialData:120 - 📏 串口长度数据已更新: L27.924513 -> physical_length=27.924513
2025-09-02 15:07:45.991 | INFO     | Pendulum.PendulumAPP:_processSerialData:121 - 🔄 数据来源: 串口接收 -> PendulumState.physical_length
2025-09-02 15:07:46.035 | INFO     | Pendulum.PendulumAPP:_processSerialData:120 - 📏 串口长度数据已更新: L27.924513 -> physical_length=27.924513
2025-09-02 15:07:46.035 | INFO     | Pendulum.PendulumAPP:_processSerialData:121 - 🔄 数据来源: 串口接收 -> PendulumState.physical_length
2025-09-02 15:07:46.082 | INFO     | Pendulum.PendulumAPP:_processSerialData:120 - 📏 串口长度数据已更新: L27.924513 -> physical_length=27.924513
2025-09-02 15:07:46.082 | INFO     | Pendulum.PendulumAPP:_processSerialData:121 - 🔄 数据来源: 串口接收 -> PendulumState.physical_length
2025-09-02 15:07:46.127 | INFO     | Pendulum.PendulumAPP:_processSerialData:120 - 📏 串口长度数据已更新: L27.924513 -> physical_length=27.924513
2025-09-02 15:07:46.128 | INFO     | Pendulum.PendulumAPP:_processSerialData:121 - 🔄 数据来源: 串口接收 -> PendulumState.physical_length
2025-09-02 15:07:46.174 | INFO     | Pendulum.PendulumAPP:_processSerialData:120 - 📏 串口长度数据已更新: L27.924513 -> physical_length=27.924513
2025-09-02 15:07:46.175 | INFO     | Pendulum.PendulumAPP:_processSerialData:121 - 🔄 数据来源: 串口接收 -> PendulumState.physical_length
2025-09-02 15:07:46.220 | INFO     | Pendulum.PendulumAPP:_processSerialData:120 - 📏 串口长度数据已更新: L27.924513 -> physical_length=27.924513
2025-09-02 15:07:46.223 | INFO     | Pendulum.PendulumAPP:_processSerialData:121 - 🔄 数据来源: 串口接收 -> PendulumState.physical_length
2025-09-02 15:07:46.266 | INFO     | Pendulum.PendulumAPP:_processSerialData:120 - 📏 串口长度数据已更新: L27.924513 -> physical_length=27.924513
2025-09-02 15:07:46.267 | INFO     | Pendulum.PendulumAPP:_processSerialData:121 - 🔄 数据来源: 串口接收 -> PendulumState.physical_length
2025-09-02 15:07:46.314 | INFO     | Pendulum.PendulumAPP:_processSerialData:120 - 📏 串口长度数据已更新: L27.924513 -> physical_length=27.924513
2025-09-02 15:07:46.317 | INFO     | Pendulum.PendulumAPP:_processSerialData:121 - 🔄 数据来源: 串口接收 -> PendulumState.physical_length
2025-09-02 15:07:46.355 | INFO     | Pendulum.PendulumCore:updateMouse:156 - 已设置摆轴固定点: (316, 19),清除参考角度和参考向量
2025-09-02 15:07:46.361 | INFO     | Pendulum.PendulumAPP:_processSerialData:120 - 📏 串口长度数据已更新: L27.924513 -> physical_length=27.924513
2025-09-02 15:07:46.362 | INFO     | Pendulum.PendulumAPP:_processSerialData:121 - 🔄 数据来源: 串口接收 -> PendulumState.physical_length
2025-09-02 15:07:46.407 | INFO     | Pendulum.PendulumAPP:_processSerialData:120 - 📏 串口长度数据已更新: L27.924513 -> physical_length=27.924513
2025-09-02 15:07:46.408 | INFO     | Pendulum.PendulumAPP:_processSerialData:121 - 🔄 数据来源: 串口接收 -> PendulumState.physical_length
2025-09-02 15:07:46.455 | INFO     | Pendulum.PendulumAPP:_processSerialData:120 - 📏 串口长度数据已更新: L27.924513 -> physical_length=27.924513
2025-09-02 15:07:46.457 | INFO     | Pendulum.PendulumAPP:_processSerialData:121 - 🔄 数据来源: 串口接收 -> PendulumState.physical_length
2025-09-02 15:07:46.502 | INFO     | Pendulum.PendulumAPP:_processSerialData:120 - 📏 串口长度数据已更新: L27.924513 -> physical_length=27.924513
2025-09-02 15:07:46.503 | INFO     | Pendulum.PendulumAPP:_processSerialData:121 - 🔄 数据来源: 串口接收 -> PendulumState.physical_length
2025-09-02 15:07:46.549 | INFO     | Pendulum.PendulumAPP:_processSerialData:120 - 📏 串口长度数据已更新: L27.924513 -> physical_length=27.924513
2025-09-02 15:07:46.549 | INFO     | Pendulum.PendulumAPP:_processSerialData:121 - 🔄 数据来源: 串口接收 -> PendulumState.physical_length
2025-09-02 15:07:46.595 | INFO     | Pendulum.PendulumAPP:_processSerialData:120 - 📏 串口长度数据已更新: L27.924513 -> physical_length=27.924513
2025-09-02 15:07:46.596 | INFO     | Pendulum.PendulumAPP:_processSerialData:121 - 🔄 数据来源: 串口接收 -> PendulumState.physical_length
2025-09-02 15:07:46.642 | INFO     | Pendulum.PendulumAPP:_processSerialData:120 - 📏 串口长度数据已更新: L27.924513 -> physical_length=27.924513
2025-09-02 15:07:46.643 | INFO     | Pendulum.PendulumAPP:_processSerialData:121 - 🔄 数据来源: 串口接收 -> PendulumState.physical_length
2025-09-02 15:07:46.687 | INFO     | Pendulum.PendulumAPP:_processSerialData:120 - 📏 串口长度数据已更新: L27.924513 -> physical_length=27.924513
2025-09-02 15:07:46.691 | INFO     | Pendulum.PendulumAPP:_processSerialData:121 - 🔄 数据来源: 串口接收 -> PendulumState.physical_length
2025-09-02 15:07:46.735 | INFO     | Pendulum.PendulumAPP:_processSerialData:120 - 📏 串口长度数据已更新: L27.924513 -> physical_length=27.924513
2025-09-02 15:07:46.737 | INFO     | Pendulum.PendulumAPP:_processSerialData:121 - 🔄 数据来源: 串口接收 -> PendulumState.physical_length
2025-09-02 15:07:46.780 | INFO     | Pendulum.PendulumAPP:_processSerialData:120 - 📏 串口长度数据已更新: L27.924513 -> physical_length=27.924513
2025-09-02 15:07:46.782 | INFO     | Pendulum.PendulumAPP:_processSerialData:121 - 🔄 数据来源: 串口接收 -> PendulumState.physical_length
2025-09-02 15:07:46.828 | INFO     | Pendulum.PendulumAPP:_processSerialData:120 - 📏 串口长度数据已更新: L27.924513 -> physical_length=27.924513
2025-09-02 15:07:46.831 | INFO     | Pendulum.PendulumAPP:_processSerialData:121 - 🔄 数据来源: 串口接收 -> PendulumState.physical_length
2025-09-02 15:07:46.876 | INFO     | Pendulum.PendulumAPP:_processSerialData:120 - 📏 串口长度数据已更新: L27.924513 -> physical_length=27.924513
2025-09-02 15:07:46.877 | INFO     | Pendulum.PendulumAPP:_processSerialData:121 - 🔄 数据来源: 串口接收 -> PendulumState.physical_length
2025-09-02 15:07:46.921 | INFO     | Pendulum.PendulumAPP:_processSerialData:120 - 📏 串口长度数据已更新: L27.924513 -> physical_length=27.924513
2025-09-02 15:07:46.921 | INFO     | Pendulum.PendulumAPP:_processSerialData:121 - 🔄 数据来源: 串口接收 -> PendulumState.physical_length
2025-09-02 15:07:46.968 | INFO     | Pendulum.PendulumAPP:_processSerialData:120 - 📏 串口长度数据已更新: L27.924513 -> physical_length=27.924513
2025-09-02 15:07:46.970 | INFO     | Pendulum.PendulumAPP:_processSerialData:121 - 🔄 数据来源: 串口接收 -> PendulumState.physical_length
2025-09-02 15:07:47.015 | INFO     | Pendulum.PendulumAPP:_processSerialData:120 - 📏 串口长度数据已更新: L27.924513 -> physical_length=27.924513
2025-09-02 15:07:47.016 | INFO     | Pendulum.PendulumAPP:_processSerialData:121 - 🔄 数据来源: 串口接收 -> PendulumState.physical_length
2025-09-02 15:07:47.062 | INFO     | Pendulum.PendulumAPP:_processSerialData:120 - 📏 串口长度数据已更新: L27.924513 -> physical_length=27.924513
2025-09-02 15:07:47.063 | INFO     | Pendulum.PendulumAPP:_processSerialData:121 - 🔄 数据来源: 串口接收 -> PendulumState.physical_length
2025-09-02 15:07:47.109 | INFO     | Pendulum.PendulumAPP:_processSerialData:120 - 📏 串口长度数据已更新: L27.924513 -> physical_length=27.924513
2025-09-02 15:07:47.109 | INFO     | Pendulum.PendulumAPP:_processSerialData:121 - 🔄 数据来源: 串口接收 -> PendulumState.physical_length
2025-09-02 15:07:47.154 | INFO     | Pendulum.PendulumAPP:_processSerialData:120 - 📏 串口长度数据已更新: L27.924513 -> physical_length=27.924513
2025-09-02 15:07:47.154 | INFO     | Pendulum.PendulumAPP:_processSerialData:121 - 🔄 数据来源: 串口接收 -> PendulumState.physical_length
2025-09-02 15:07:47.200 | INFO     | Pendulum.PendulumAPP:_processSerialData:120 - 📏 串口长度数据已更新: L27.924513 -> physical_length=27.924513
2025-09-02 15:07:47.201 | INFO     | Pendulum.PendulumAPP:_processSerialData:121 - 🔄 数据来源: 串口接收 -> PendulumState.physical_length
2025-09-02 15:07:47.247 | INFO     | Pendulum.PendulumAPP:_processSerialData:120 - 📏 串口长度数据已更新: L27.924513 -> physical_length=27.924513
2025-09-02 15:07:47.250 | INFO     | Pendulum.PendulumAPP:_processSerialData:121 - 🔄 数据来源: 串口接收 -> PendulumState.physical_length
2025-09-02 15:07:47.293 | INFO     | Pendulum.PendulumAPP:_processSerialData:120 - 📏 串口长度数据已更新: L27.924513 -> physical_length=27.924513
2025-09-02 15:07:47.293 | INFO     | Pendulum.PendulumAPP:_processSerialData:121 - 🔄 数据来源: 串口接收 -> PendulumState.physical_length
2025-09-02 15:07:47.341 | INFO     | Pendulum.PendulumAPP:_processSerialData:120 - 📏 串口长度数据已更新: L27.924513 -> physical_length=27.924513
2025-09-02 15:07:47.342 | INFO     | Pendulum.PendulumAPP:_processSerialData:121 - 🔄 数据来源: 串口接收 -> PendulumState.physical_length
2025-09-02 15:07:47.387 | INFO     | Pendulum.PendulumAPP:_processSerialData:120 - 📏 串口长度数据已更新: L27.924513 -> physical_length=27.924513
2025-09-02 15:07:47.389 | INFO     | Pendulum.PendulumAPP:_processSerialData:121 - 🔄 数据来源: 串口接收 -> PendulumState.physical_length
2025-09-02 15:07:47.434 | INFO     | Pendulum.PendulumAPP:_processSerialData:120 - 📏 串口长度数据已更新: L27.924513 -> physical_length=27.924513
2025-09-02 15:07:47.436 | INFO     | Pendulum.PendulumAPP:_processSerialData:121 - 🔄 数据来源: 串口接收 -> PendulumState.physical_length
2025-09-02 15:07:47.481 | INFO     | Pendulum.PendulumAPP:_processSerialData:120 - 📏 串口长度数据已更新: L27.924513 -> physical_length=27.924513
2025-09-02 15:07:47.482 | INFO     | Pendulum.PendulumAPP:_processSerialData:121 - 🔄 数据来源: 串口接收 -> PendulumState.physical_length
2025-09-02 15:07:47.526 | INFO     | Pendulum.PendulumAPP:_processSerialData:120 - 📏 串口长度数据已更新: L27.924513 -> physical_length=27.924513
2025-09-02 15:07:47.526 | INFO     | Pendulum.PendulumAPP:_processSerialData:121 - 🔄 数据来源: 串口接收 -> PendulumState.physical_length
2025-09-02 15:07:47.574 | INFO     | Pendulum.PendulumAPP:_processSerialData:120 - 📏 串口长度数据已更新: L27.924513 -> physical_length=27.924513
2025-09-02 15:07:47.575 | INFO     | Pendulum.PendulumAPP:_processSerialData:121 - 🔄 数据来源: 串口接收 -> PendulumState.physical_length
2025-09-02 15:07:47.620 | INFO     | Pendulum.PendulumAPP:_processSerialData:120 - 📏 串口长度数据已更新: L27.924513 -> physical_length=27.924513
2025-09-02 15:07:47.620 | INFO     | Pendulum.PendulumAPP:_processSerialData:121 - 🔄 数据来源: 串口接收 -> PendulumState.physical_length
2025-09-02 15:07:47.666 | INFO     | Pendulum.PendulumAPP:_processSerialData:120 - 📏 串口长度数据已更新: L27.924513 -> physical_length=27.924513
2025-09-02 15:07:47.666 | INFO     | Pendulum.PendulumAPP:_processSerialData:121 - 🔄 数据来源: 串口接收 -> PendulumState.physical_length
2025-09-02 15:07:47.712 | INFO     | Pendulum.PendulumAPP:_processSerialData:120 - 📏 串口长度数据已更新: L27.924513 -> physical_length=27.924513
2025-09-02 15:07:47.715 | INFO     | Pendulum.PendulumAPP:_processSerialData:121 - 🔄 数据来源: 串口接收 -> PendulumState.physical_length
2025-09-02 15:07:47.757 | INFO     | Pendulum.PendulumAPP:_processSerialData:120 - 📏 串口长度数据已更新: L27.924513 -> physical_length=27.924513
2025-09-02 15:07:47.760 | INFO     | Pendulum.PendulumAPP:_processSerialData:121 - 🔄 数据来源: 串口接收 -> PendulumState.physical_length
2025-09-02 15:07:47.803 | INFO     | Pendulum.PendulumAPP:_processSerialData:120 - 📏 串口长度数据已更新: L27.924513 -> physical_length=27.924513
2025-09-02 15:07:47.805 | INFO     | Pendulum.PendulumAPP:_processSerialData:121 - 🔄 数据来源: 串口接收 -> PendulumState.physical_length
2025-09-02 15:07:47.850 | INFO     | Pendulum.PendulumAPP:_processSerialData:120 - 📏 串口长度数据已更新: L27.924513 -> physical_length=27.924513
2025-09-02 15:07:47.851 | INFO     | Pendulum.PendulumAPP:_processSerialData:121 - 🔄 数据来源: 串口接收 -> PendulumState.physical_length
2025-09-02 15:07:47.897 | INFO     | Pendulum.PendulumAPP:_processSerialData:120 - 📏 串口长度数据已更新: L27.924513 -> physical_length=27.924513
2025-09-02 15:07:47.897 | INFO     | Pendulum.PendulumAPP:_processSerialData:121 - 🔄 数据来源: 串口接收 -> PendulumState.physical_length
2025-09-02 15:07:47.945 | INFO     | Pendulum.PendulumAPP:_processSerialData:120 - 📏 串口长度数据已更新: L27.924513 -> physical_length=27.924513
2025-09-02 15:07:47.947 | INFO     | Pendulum.PendulumAPP:_processSerialData:121 - 🔄 数据来源: 串口接收 -> PendulumState.physical_length
2025-09-02 15:07:47.991 | INFO     | Pendulum.PendulumAPP:_processSerialData:120 - 📏 串口长度数据已更新: L27.924513 -> physical_length=27.924513
2025-09-02 15:07:47.992 | INFO     | Pendulum.PendulumAPP:_processSerialData:121 - 🔄 数据来源: 串口接收 -> PendulumState.physical_length
2025-09-02 15:07:48.038 | INFO     | Pendulum.PendulumAPP:_processSerialData:120 - 📏 串口长度数据已更新: L27.924513 -> physical_length=27.924513
2025-09-02 15:07:48.040 | INFO     | Pendulum.PendulumAPP:_processSerialData:121 - 🔄 数据来源: 串口接收 -> PendulumState.physical_length
2025-09-02 15:07:48.085 | INFO     | Pendulum.PendulumAPP:_processSerialData:120 - 📏 串口长度数据已更新: L27.924513 -> physical_length=27.924513
2025-09-02 15:07:48.086 | INFO     | Pendulum.PendulumAPP:_processSerialData:121 - 🔄 数据来源: 串口接收 -> PendulumState.physical_length
2025-09-02 15:07:48.132 | INFO     | Pendulum.PendulumAPP:_processSerialData:120 - 📏 串口长度数据已更新: L27.924513 -> physical_length=27.924513
2025-09-02 15:07:48.133 | INFO     | Pendulum.PendulumAPP:_processSerialData:121 - 🔄 数据来源: 串口接收 -> PendulumState.physical_length
2025-09-02 15:07:48.180 | INFO     | Pendulum.PendulumAPP:_processSerialData:120 - 📏 串口长度数据已更新: L27.924513 -> physical_length=27.924513
2025-09-02 15:07:48.181 | INFO     | Pendulum.PendulumAPP:_processSerialData:121 - 🔄 数据来源: 串口接收 -> PendulumState.physical_length
2025-09-02 15:07:48.227 | INFO     | Pendulum.PendulumAPP:_processSerialData:120 - 📏 串口长度数据已更新: L27.924513 -> physical_length=27.924513
2025-09-02 15:07:48.229 | INFO     | Pendulum.PendulumAPP:_processSerialData:121 - 🔄 数据来源: 串口接收 -> PendulumState.physical_length
2025-09-02 15:07:48.273 | INFO     | Pendulum.PendulumAPP:_processSerialData:120 - 📏 串口长度数据已更新: L27.924513 -> physical_length=27.924513
2025-09-02 15:07:48.274 | INFO     | Pendulum.PendulumAPP:_processSerialData:121 - 🔄 数据来源: 串口接收 -> PendulumState.physical_length
2025-09-02 15:07:48.319 | INFO     | Pendulum.PendulumAPP:_processSerialData:120 - 📏 串口长度数据已更新: L27.924513 -> physical_length=27.924513
2025-09-02 15:07:48.322 | INFO     | Pendulum.PendulumAPP:_processSerialData:121 - 🔄 数据来源: 串口接收 -> PendulumState.physical_length
2025-09-02 15:07:48.365 | INFO     | Pendulum.PendulumAPP:_processSerialData:120 - 📏 串口长度数据已更新: L27.924513 -> physical_length=27.924513
2025-09-02 15:07:48.366 | INFO     | Pendulum.PendulumAPP:_processSerialData:121 - 🔄 数据来源: 串口接收 -> PendulumState.physical_length
2025-09-02 15:07:48.411 | INFO     | Pendulum.PendulumAPP:_processSerialData:120 - 📏 串口长度数据已更新: L27.924513 -> physical_length=27.924513
2025-09-02 15:07:48.413 | INFO     | Pendulum.PendulumAPP:_processSerialData:121 - 🔄 数据来源: 串口接收 -> PendulumState.physical_length
2025-09-02 15:07:48.457 | INFO     | Pendulum.PendulumAPP:_processSerialData:120 - 📏 串口长度数据已更新: L27.924513 -> physical_length=27.924513
2025-09-02 15:07:48.457 | INFO     | Pendulum.PendulumAPP:_processSerialData:121 - 🔄 数据来源: 串口接收 -> PendulumState.physical_length
2025-09-02 15:07:48.504 | INFO     | Pendulum.PendulumAPP:_processSerialData:120 - 📏 串口长度数据已更新: L27.924513 -> physical_length=27.924513
2025-09-02 15:07:48.505 | INFO     | Pendulum.PendulumAPP:_processSerialData:121 - 🔄 数据来源: 串口接收 -> PendulumState.physical_length
2025-09-02 15:07:48.551 | INFO     | Pendulum.PendulumAPP:_processSerialData:120 - 📏 串口长度数据已更新: L27.924513 -> physical_length=27.924513
2025-09-02 15:07:48.552 | INFO     | Pendulum.PendulumAPP:_processSerialData:121 - 🔄 数据来源: 串口接收 -> PendulumState.physical_length
2025-09-02 15:07:48.596 | INFO     | Pendulum.PendulumAPP:_processSerialData:120 - 📏 串口长度数据已更新: L27.924513 -> physical_length=27.924513
2025-09-02 15:07:48.597 | INFO     | Pendulum.PendulumAPP:_processSerialData:121 - 🔄 数据来源: 串口接收 -> PendulumState.physical_length
2025-09-02 15:07:48.642 | INFO     | Pendulum.PendulumAPP:_processSerialData:120 - 📏 串口长度数据已更新: L27.924513 -> physical_length=27.924513
2025-09-02 15:07:48.643 | INFO     | Pendulum.PendulumAPP:_processSerialData:121 - 🔄 数据来源: 串口接收 -> PendulumState.physical_length
2025-09-02 15:07:48.689 | INFO     | Pendulum.PendulumAPP:_processSerialData:120 - 📏 串口长度数据已更新: L27.924513 -> physical_length=27.924513
2025-09-02 15:07:48.693 | INFO     | Pendulum.PendulumAPP:_processSerialData:121 - 🔄 数据来源: 串口接收 -> PendulumState.physical_length
2025-09-02 15:07:48.735 | INFO     | Pendulum.PendulumAPP:_processSerialData:120 - 📏 串口长度数据已更新: L27.924513 -> physical_length=27.924513
2025-09-02 15:07:48.736 | INFO     | Pendulum.PendulumAPP:_processSerialData:121 - 🔄 数据来源: 串口接收 -> PendulumState.physical_length
2025-09-02 15:07:48.781 | INFO     | Pendulum.PendulumAPP:_processSerialData:120 - 📏 串口长度数据已更新: L27.924513 -> physical_length=27.924513
2025-09-02 15:07:48.784 | INFO     | Pendulum.PendulumAPP:_processSerialData:121 - 🔄 数据来源: 串口接收 -> PendulumState.physical_length
2025-09-02 15:07:48.828 | INFO     | Pendulum.PendulumAPP:_processSerialData:120 - 📏 串口长度数据已更新: L27.924513 -> physical_length=27.924513
2025-09-02 15:07:48.832 | INFO     | Pendulum.PendulumAPP:_processSerialData:121 - 🔄 数据来源: 串口接收 -> PendulumState.physical_length
2025-09-02 15:07:48.875 | INFO     | Pendulum.PendulumAPP:_processSerialData:120 - 📏 串口长度数据已更新: L27.924513 -> physical_length=27.924513
2025-09-02 15:07:48.878 | INFO     | Pendulum.PendulumAPP:_processSerialData:121 - 🔄 数据来源: 串口接收 -> PendulumState.physical_length
2025-09-02 15:07:48.922 | INFO     | Pendulum.PendulumAPP:_processSerialData:120 - 📏 串口长度数据已更新: L27.924513 -> physical_length=27.924513
2025-09-02 15:07:48.923 | INFO     | Pendulum.PendulumAPP:_processSerialData:121 - 🔄 数据来源: 串口接收 -> PendulumState.physical_length
2025-09-02 15:07:48.968 | INFO     | Pendulum.PendulumAPP:_processSerialData:120 - 📏 串口长度数据已更新: L27.924513 -> physical_length=27.924513
2025-09-02 15:07:48.969 | INFO     | Pendulum.PendulumAPP:_processSerialData:121 - 🔄 数据来源: 串口接收 -> PendulumState.physical_length
2025-09-02 15:07:49.015 | INFO     | Pendulum.PendulumAPP:_processSerialData:120 - 📏 串口长度数据已更新: L27.924513 -> physical_length=27.924513
2025-09-02 15:07:49.016 | INFO     | Pendulum.PendulumAPP:_processSerialData:121 - 🔄 数据来源: 串口接收 -> PendulumState.physical_length
2025-09-02 15:07:49.062 | INFO     | Pendulum.PendulumAPP:_processSerialData:120 - 📏 串口长度数据已更新: L27.924513 -> physical_length=27.924513
2025-09-02 15:07:49.064 | INFO     | Pendulum.PendulumAPP:_processSerialData:121 - 🔄 数据来源: 串口接收 -> PendulumState.physical_length
2025-09-02 15:07:49.109 | INFO     | Pendulum.PendulumAPP:_processSerialData:120 - 📏 串口长度数据已更新: L27.924513 -> physical_length=27.924513
2025-09-02 15:07:49.110 | INFO     | Pendulum.PendulumAPP:_processSerialData:121 - 🔄 数据来源: 串口接收 -> PendulumState.physical_length
2025-09-02 15:07:49.155 | INFO     | Pendulum.PendulumAPP:_processSerialData:120 - 📏 串口长度数据已更新: L27.924513 -> physical_length=27.924513
2025-09-02 15:07:49.156 | INFO     | Pendulum.PendulumAPP:_processSerialData:121 - 🔄 数据来源: 串口接收 -> PendulumState.physical_length
2025-09-02 15:07:49.201 | INFO     | Pendulum.PendulumAPP:_processSerialData:120 - 📏 串口长度数据已更新: L27.924513 -> physical_length=27.924513
2025-09-02 15:07:49.203 | INFO     | Pendulum.PendulumAPP:_processSerialData:121 - 🔄 数据来源: 串口接收 -> PendulumState.physical_length
2025-09-02 15:07:49.248 | INFO     | Pendulum.PendulumAPP:_processSerialData:120 - 📏 串口长度数据已更新: L27.924513 -> physical_length=27.924513
2025-09-02 15:07:49.249 | INFO     | Pendulum.PendulumAPP:_processSerialData:121 - 🔄 数据来源: 串口接收 -> PendulumState.physical_length
2025-09-02 15:07:49.295 | INFO     | Pendulum.PendulumAPP:_processSerialData:120 - 📏 串口长度数据已更新: L27.924513 -> physical_length=27.924513
2025-09-02 15:07:49.295 | INFO     | Pendulum.PendulumAPP:_processSerialData:121 - 🔄 数据来源: 串口接收 -> PendulumState.physical_length
2025-09-02 15:07:49.343 | INFO     | Pendulum.PendulumAPP:_processSerialData:120 - 📏 串口长度数据已更新: L27.924513 -> physical_length=27.924513
2025-09-02 15:07:49.347 | INFO     | Pendulum.PendulumAPP:_processSerialData:121 - 🔄 数据来源: 串口接收 -> PendulumState.physical_length
2025-09-02 15:07:49.390 | INFO     | Pendulum.PendulumAPP:_processSerialData:120 - 📏 串口长度数据已更新: L27.924513 -> physical_length=27.924513
2025-09-02 15:07:49.391 | INFO     | Pendulum.PendulumAPP:_processSerialData:121 - 🔄 数据来源: 串口接收 -> PendulumState.physical_length
2025-09-02 15:07:49.436 | INFO     | Pendulum.PendulumAPP:_processSerialData:120 - 📏 串口长度数据已更新: L27.924513 -> physical_length=27.924513
2025-09-02 15:07:49.438 | INFO     | Pendulum.PendulumAPP:_processSerialData:121 - 🔄 数据来源: 串口接收 -> PendulumState.physical_length
2025-09-02 15:07:49.482 | INFO     | Pendulum.PendulumAPP:_processSerialData:120 - 📏 串口长度数据已更新: L27.924513 -> physical_length=27.924513
2025-09-02 15:07:49.482 | INFO     | Pendulum.PendulumAPP:_processSerialData:121 - 🔄 数据来源: 串口接收 -> PendulumState.physical_length
2025-09-02 15:07:49.531 | INFO     | Pendulum.PendulumAPP:_processSerialData:120 - 📏 串口长度数据已更新: L27.924513 -> physical_length=27.924513
2025-09-02 15:07:49.531 | INFO     | Pendulum.PendulumAPP:_processSerialData:121 - 🔄 数据来源: 串口接收 -> PendulumState.physical_length
2025-09-02 15:07:49.575 | INFO     | Pendulum.PendulumAPP:_processSerialData:120 - 📏 串口长度数据已更新: L27.924513 -> physical_length=27.924513
2025-09-02 15:07:49.576 | INFO     | Pendulum.PendulumAPP:_processSerialData:121 - 🔄 数据来源: 串口接收 -> PendulumState.physical_length
2025-09-02 15:07:49.622 | INFO     | Pendulum.PendulumAPP:_processSerialData:120 - 📏 串口长度数据已更新: L27.924513 -> physical_length=27.924513
2025-09-02 15:07:49.623 | INFO     | Pendulum.PendulumAPP:_processSerialData:121 - 🔄 数据来源: 串口接收 -> PendulumState.physical_length
2025-09-02 15:07:49.669 | INFO     | Pendulum.PendulumAPP:_processSerialData:120 - 📏 串口长度数据已更新: L27.924513 -> physical_length=27.924513
2025-09-02 15:07:49.670 | INFO     | Pendulum.PendulumAPP:_processSerialData:121 - 🔄 数据来源: 串口接收 -> PendulumState.physical_length
2025-09-02 15:07:49.715 | INFO     | Pendulum.PendulumAPP:_processSerialData:120 - 📏 串口长度数据已更新: L27.924513 -> physical_length=27.924513
2025-09-02 15:07:49.717 | INFO     | Pendulum.PendulumAPP:_processSerialData:121 - 🔄 数据来源: 串口接收 -> PendulumState.physical_length
2025-09-02 15:07:49.762 | INFO     | Pendulum.PendulumAPP:_processSerialData:120 - 📏 串口长度数据已更新: L27.924513 -> physical_length=27.924513
2025-09-02 15:07:49.763 | INFO     | Pendulum.PendulumAPP:_processSerialData:121 - 🔄 数据来源: 串口接收 -> PendulumState.physical_length
2025-09-02 15:07:49.809 | INFO     | Pendulum.PendulumAPP:_processSerialData:120 - 📏 串口长度数据已更新: L27.924513 -> physical_length=27.924513
2025-09-02 15:07:49.810 | INFO     | Pendulum.PendulumAPP:_processSerialData:121 - 🔄 数据来源: 串口接收 -> PendulumState.physical_length
2025-09-02 15:07:49.855 | INFO     | Pendulum.PendulumAPP:_processSerialData:120 - 📏 串口长度数据已更新: L27.924513 -> physical_length=27.924513
2025-09-02 15:07:49.857 | INFO     | Pendulum.PendulumAPP:_processSerialData:121 - 🔄 数据来源: 串口接收 -> PendulumState.physical_length
2025-09-02 15:07:49.901 | INFO     | Pendulum.PendulumAPP:_processSerialData:120 - 📏 串口长度数据已更新: L27.924513 -> physical_length=27.924513
2025-09-02 15:07:49.902 | INFO     | Pendulum.PendulumAPP:_processSerialData:121 - 🔄 数据来源: 串口接收 -> PendulumState.physical_length
2025-09-02 15:07:49.948 | INFO     | Pendulum.PendulumAPP:_processSerialData:120 - 📏 串口长度数据已更新: L27.924513 -> physical_length=27.924513
2025-09-02 15:07:49.949 | INFO     | Pendulum.PendulumAPP:_processSerialData:121 - 🔄 数据来源: 串口接收 -> PendulumState.physical_length
2025-09-02 15:07:49.985 | INFO     | Pendulum.PendulumCore:updateMouse:156 - 已设置摆轴固定点: (244, 400),清除参考角度和参考向量
2025-09-02 15:07:49.994 | INFO     | Pendulum.PendulumAPP:_processSerialData:120 - 📏 串口长度数据已更新: L27.924513 -> physical_length=27.924513
2025-09-02 15:07:49.995 | INFO     | Pendulum.PendulumAPP:_processSerialData:121 - 🔄 数据来源: 串口接收 -> PendulumState.physical_length
2025-09-02 15:07:50.042 | INFO     | Pendulum.PendulumAPP:_processSerialData:120 - 📏 串口长度数据已更新: L27.924513 -> physical_length=27.924513
2025-09-02 15:07:50.045 | INFO     | Pendulum.PendulumAPP:_processSerialData:121 - 🔄 数据来源: 串口接收 -> PendulumState.physical_length
2025-09-02 15:07:50.088 | INFO     | Pendulum.PendulumAPP:_processSerialData:120 - 📏 串口长度数据已更新: L27.924513 -> physical_length=27.924513
2025-09-02 15:07:50.091 | INFO     | Pendulum.PendulumAPP:_processSerialData:121 - 🔄 数据来源: 串口接收 -> PendulumState.physical_length
2025-09-02 15:07:50.135 | INFO     | Pendulum.PendulumAPP:_processSerialData:120 - 📏 串口长度数据已更新: L27.924513 -> physical_length=27.924513
2025-09-02 15:07:50.138 | INFO     | Pendulum.PendulumAPP:_processSerialData:121 - 🔄 数据来源: 串口接收 -> PendulumState.physical_length
2025-09-02 15:07:50.180 | INFO     | Pendulum.PendulumAPP:_processSerialData:120 - 📏 串口长度数据已更新: L27.924513 -> physical_length=27.924513
2025-09-02 15:07:50.181 | INFO     | Pendulum.PendulumAPP:_processSerialData:121 - 🔄 数据来源: 串口接收 -> PendulumState.physical_length
2025-09-02 15:07:50.225 | INFO     | Pendulum.PendulumAPP:_processSerialData:120 - 📏 串口长度数据已更新: L27.924513 -> physical_length=27.924513
2025-09-02 15:07:50.226 | INFO     | Pendulum.PendulumAPP:_processSerialData:121 - 🔄 数据来源: 串口接收 -> PendulumState.physical_length
2025-09-02 15:07:50.271 | INFO     | Pendulum.PendulumAPP:_processSerialData:120 - 📏 串口长度数据已更新: L27.924513 -> physical_length=27.924513
2025-09-02 15:07:50.271 | INFO     | Pendulum.PendulumAPP:_processSerialData:121 - 🔄 数据来源: 串口接收 -> PendulumState.physical_length
2025-09-02 15:07:50.317 | INFO     | Pendulum.PendulumAPP:_processSerialData:120 - 📏 串口长度数据已更新: L27.924513 -> physical_length=27.924513
2025-09-02 15:07:50.319 | INFO     | Pendulum.PendulumAPP:_processSerialData:121 - 🔄 数据来源: 串口接收 -> PendulumState.physical_length
2025-09-02 15:07:50.363 | INFO     | Pendulum.PendulumAPP:_processSerialData:120 - 📏 串口长度数据已更新: L27.924513 -> physical_length=27.924513
2025-09-02 15:07:50.364 | INFO     | Pendulum.PendulumAPP:_processSerialData:121 - 🔄 数据来源: 串口接收 -> PendulumState.physical_length
2025-09-02 15:07:50.410 | INFO     | Pendulum.PendulumAPP:_processSerialData:120 - 📏 串口长度数据已更新: L27.924513 -> physical_length=27.924513
2025-09-02 15:07:50.411 | INFO     | Pendulum.PendulumAPP:_processSerialData:121 - 🔄 数据来源: 串口接收 -> PendulumState.physical_length
2025-09-02 15:07:50.457 | INFO     | Pendulum.PendulumAPP:_processSerialData:120 - 📏 串口长度数据已更新: L27.924513 -> physical_length=27.924513
2025-09-02 15:07:50.459 | INFO     | Pendulum.PendulumAPP:_processSerialData:121 - 🔄 数据来源: 串口接收 -> PendulumState.physical_length
2025-09-02 15:07:50.491 | INFO     | Pendulum.PendulumCore:updateMouse:156 - 已设置摆轴固定点: (244, 400),清除参考角度和参考向量
2025-09-02 15:07:50.504 | INFO     | Pendulum.PendulumAPP:_processSerialData:120 - 📏 串口长度数据已更新: L27.924513 -> physical_length=27.924513
2025-09-02 15:07:50.505 | INFO     | Pendulum.PendulumAPP:_processSerialData:121 - 🔄 数据来源: 串口接收 -> PendulumState.physical_length
2025-09-02 15:07:50.550 | INFO     | Pendulum.PendulumAPP:_processSerialData:120 - 📏 串口长度数据已更新: L27.924513 -> physical_length=27.924513
2025-09-02 15:07:50.551 | INFO     | Pendulum.PendulumAPP:_processSerialData:121 - 🔄 数据来源: 串口接收 -> PendulumState.physical_length
2025-09-02 15:07:50.599 | INFO     | Pendulum.PendulumAPP:_processSerialData:120 - 📏 串口长度数据已更新: L27.924513 -> physical_length=27.924513
2025-09-02 15:07:50.600 | INFO     | Pendulum.PendulumAPP:_processSerialData:121 - 🔄 数据来源: 串口接收 -> PendulumState.physical_length
2025-09-02 15:07:50.644 | INFO     | Pendulum.PendulumAPP:_processSerialData:120 - 📏 串口长度数据已更新: L27.924513 -> physical_length=27.924513
2025-09-02 15:07:50.645 | INFO     | Pendulum.PendulumAPP:_processSerialData:121 - 🔄 数据来源: 串口接收 -> PendulumState.physical_length
2025-09-02 15:07:50.691 | INFO     | Pendulum.PendulumAPP:_processSerialData:120 - 📏 串口长度数据已更新: L27.924513 -> physical_length=27.924513
2025-09-02 15:07:50.693 | INFO     | Pendulum.PendulumAPP:_processSerialData:121 - 🔄 数据来源: 串口接收 -> PendulumState.physical_length
2025-09-02 15:07:50.737 | INFO     | Pendulum.PendulumAPP:_processSerialData:120 - 📏 串口长度数据已更新: L27.924513 -> physical_length=27.924513
2025-09-02 15:07:50.738 | INFO     | Pendulum.PendulumAPP:_processSerialData:121 - 🔄 数据来源: 串口接收 -> PendulumState.physical_length
2025-09-02 15:07:50.783 | INFO     | Pendulum.PendulumAPP:_processSerialData:120 - 📏 串口长度数据已更新: L27.924513 -> physical_length=27.924513
2025-09-02 15:07:50.784 | INFO     | Pendulum.PendulumAPP:_processSerialData:121 - 🔄 数据来源: 串口接收 -> PendulumState.physical_length
2025-09-02 15:07:50.830 | INFO     | Pendulum.PendulumAPP:_processSerialData:120 - 📏 串口长度数据已更新: L27.924513 -> physical_length=27.924513
2025-09-02 15:07:50.831 | INFO     | Pendulum.PendulumAPP:_processSerialData:121 - 🔄 数据来源: 串口接收 -> PendulumState.physical_length
2025-09-02 15:07:50.876 | INFO     | Pendulum.PendulumAPP:_processSerialData:120 - 📏 串口长度数据已更新: L27.924513 -> physical_length=27.924513
2025-09-02 15:07:50.879 | INFO     | Pendulum.PendulumAPP:_processSerialData:121 - 🔄 数据来源: 串口接收 -> PendulumState.physical_length
2025-09-02 15:07:50.924 | INFO     | Pendulum.PendulumAPP:_processSerialData:120 - 📏 串口长度数据已更新: L27.924513 -> physical_length=27.924513
2025-09-02 15:07:50.926 | INFO     | Pendulum.PendulumAPP:_processSerialData:121 - 🔄 数据来源: 串口接收 -> PendulumState.physical_length
2025-09-02 15:07:50.969 | INFO     | Pendulum.PendulumAPP:_processSerialData:120 - 📏 串口长度数据已更新: L27.924513 -> physical_length=27.924513
2025-09-02 15:07:50.970 | INFO     | Pendulum.PendulumAPP:_processSerialData:121 - 🔄 数据来源: 串口接收 -> PendulumState.physical_length
2025-09-02 15:07:51.017 | INFO     | Pendulum.PendulumAPP:_processSerialData:120 - 📏 串口长度数据已更新: L27.924513 -> physical_length=27.924513
2025-09-02 15:07:51.018 | INFO     | Pendulum.PendulumAPP:_processSerialData:121 - 🔄 数据来源: 串口接收 -> PendulumState.physical_length
2025-09-02 15:07:51.061 | INFO     | Pendulum.PendulumAPP:_processSerialData:120 - 📏 串口长度数据已更新: L27.924513 -> physical_length=27.924513
2025-09-02 15:07:51.062 | INFO     | Pendulum.PendulumAPP:_processSerialData:121 - 🔄 数据来源: 串口接收 -> PendulumState.physical_length
2025-09-02 15:07:51.108 | INFO     | Pendulum.PendulumAPP:_processSerialData:120 - 📏 串口长度数据已更新: L27.924513 -> physical_length=27.924513
2025-09-02 15:07:51.109 | INFO     | Pendulum.PendulumAPP:_processSerialData:121 - 🔄 数据来源: 串口接收 -> PendulumState.physical_length
2025-09-02 15:07:51.154 | INFO     | Pendulum.PendulumAPP:_processSerialData:120 - 📏 串口长度数据已更新: L27.924513 -> physical_length=27.924513
2025-09-02 15:07:51.155 | INFO     | Pendulum.PendulumAPP:_processSerialData:121 - 🔄 数据来源: 串口接收 -> PendulumState.physical_length
2025-09-02 15:07:51.201 | INFO     | Pendulum.PendulumAPP:_processSerialData:120 - 📏 串口长度数据已更新: L27.924513 -> physical_length=27.924513
2025-09-02 15:07:51.202 | INFO     | Pendulum.PendulumAPP:_processSerialData:121 - 🔄 数据来源: 串口接收 -> PendulumState.physical_length
2025-09-02 15:07:51.248 | INFO     | Pendulum.PendulumAPP:_processSerialData:120 - 📏 串口长度数据已更新: L27.924513 -> physical_length=27.924513
2025-09-02 15:07:51.249 | INFO     | Pendulum.PendulumAPP:_processSerialData:121 - 🔄 数据来源: 串口接收 -> PendulumState.physical_length
2025-09-02 15:07:51.294 | INFO     | Pendulum.PendulumAPP:_processSerialData:120 - 📏 串口长度数据已更新: L27.924513 -> physical_length=27.924513
2025-09-02 15:07:51.296 | INFO     | Pendulum.PendulumAPP:_processSerialData:121 - 🔄 数据来源: 串口接收 -> PendulumState.physical_length
2025-09-02 15:07:51.358 | INFO     | Pendulum.PendulumAPP:_processSerialData:120 - 📏 串口长度数据已更新: L27.924513 -> physical_length=27.924513
2025-09-02 15:07:51.359 | INFO     | Pendulum.PendulumAPP:_processSerialData:121 - 🔄 数据来源: 串口接收 -> PendulumState.physical_length
2025-09-02 15:07:51.405 | INFO     | Pendulum.PendulumAPP:_processSerialData:120 - 📏 串口长度数据已更新: L27.924513 -> physical_length=27.924513
2025-09-02 15:07:51.408 | INFO     | Pendulum.PendulumAPP:_processSerialData:121 - 🔄 数据来源: 串口接收 -> PendulumState.physical_length
2025-09-02 15:07:51.450 | INFO     | Pendulum.PendulumAPP:_processSerialData:120 - 📏 串口长度数据已更新: L27.924513 -> physical_length=27.924513
2025-09-02 15:07:51.450 | INFO     | Pendulum.PendulumAPP:_processSerialData:121 - 🔄 数据来源: 串口接收 -> PendulumState.physical_length
2025-09-02 15:07:51.497 | INFO     | Pendulum.PendulumAPP:_processSerialData:120 - 📏 串口长度数据已更新: L27.924513 -> physical_length=27.924513
2025-09-02 15:07:51.500 | INFO     | Pendulum.PendulumAPP:_processSerialData:121 - 🔄 数据来源: 串口接收 -> PendulumState.physical_length
2025-09-02 15:07:51.543 | INFO     | Pendulum.PendulumAPP:_processSerialData:120 - 📏 串口长度数据已更新: L27.924513 -> physical_length=27.924513
2025-09-02 15:07:51.546 | INFO     | Pendulum.PendulumAPP:_processSerialData:121 - 🔄 数据来源: 串口接收 -> PendulumState.physical_length
2025-09-02 15:07:51.591 | INFO     | Pendulum.PendulumAPP:_processSerialData:120 - 📏 串口长度数据已更新: L27.924513 -> physical_length=27.924513
2025-09-02 15:07:51.592 | INFO     | Pendulum.PendulumAPP:_processSerialData:121 - 🔄 数据来源: 串口接收 -> PendulumState.physical_length
2025-09-02 15:07:51.638 | INFO     | Pendulum.PendulumAPP:_processSerialData:120 - 📏 串口长度数据已更新: L27.924513 -> physical_length=27.924513
2025-09-02 15:07:51.639 | INFO     | Pendulum.PendulumAPP:_processSerialData:121 - 🔄 数据来源: 串口接收 -> PendulumState.physical_length
2025-09-02 15:07:51.685 | INFO     | Pendulum.PendulumAPP:_processSerialData:120 - 📏 串口长度数据已更新: L27.924513 -> physical_length=27.924513
2025-09-02 15:07:51.688 | INFO     | Pendulum.PendulumAPP:_processSerialData:121 - 🔄 数据来源: 串口接收 -> PendulumState.physical_length
2025-09-02 15:07:51.732 | INFO     | Pendulum.PendulumAPP:_processSerialData:120 - 📏 串口长度数据已更新: L27.924513 -> physical_length=27.924513
2025-09-02 15:07:51.733 | INFO     | Pendulum.PendulumAPP:_processSerialData:121 - 🔄 数据来源: 串口接收 -> PendulumState.physical_length
2025-09-02 15:07:51.780 | INFO     | Pendulum.PendulumAPP:_processSerialData:120 - 📏 串口长度数据已更新: L27.924513 -> physical_length=27.924513
2025-09-02 15:07:51.782 | INFO     | Pendulum.PendulumAPP:_processSerialData:121 - 🔄 数据来源: 串口接收 -> PendulumState.physical_length
2025-09-02 15:07:51.827 | INFO     | Pendulum.PendulumAPP:_processSerialData:120 - 📏 串口长度数据已更新: L27.924513 -> physical_length=27.924513
2025-09-02 15:07:51.828 | INFO     | Pendulum.PendulumAPP:_processSerialData:121 - 🔄 数据来源: 串口接收 -> PendulumState.physical_length
2025-09-02 15:07:51.874 | INFO     | Pendulum.PendulumAPP:_processSerialData:120 - 📏 串口长度数据已更新: L27.924513 -> physical_length=27.924513
2025-09-02 15:07:51.875 | INFO     | Pendulum.PendulumAPP:_processSerialData:121 - 🔄 数据来源: 串口接收 -> PendulumState.physical_length
2025-09-02 15:07:51.920 | INFO     | Pendulum.PendulumAPP:_processSerialData:120 - 📏 串口长度数据已更新: L27.924513 -> physical_length=27.924513
2025-09-02 15:07:51.921 | INFO     | Pendulum.PendulumAPP:_processSerialData:121 - 🔄 数据来源: 串口接收 -> PendulumState.physical_length
2025-09-02 15:07:51.967 | INFO     | Pendulum.PendulumAPP:_processSerialData:120 - 📏 串口长度数据已更新: L27.924513 -> physical_length=27.924513
2025-09-02 15:07:51.968 | INFO     | Pendulum.PendulumAPP:_processSerialData:121 - 🔄 数据来源: 串口接收 -> PendulumState.physical_length
2025-09-02 15:07:52.012 | INFO     | Pendulum.PendulumAPP:_processSerialData:120 - 📏 串口长度数据已更新: L27.924513 -> physical_length=27.924513
2025-09-02 15:07:52.014 | INFO     | Pendulum.PendulumAPP:_processSerialData:121 - 🔄 数据来源: 串口接收 -> PendulumState.physical_length
2025-09-02 15:07:52.058 | INFO     | Pendulum.PendulumAPP:_processSerialData:120 - 📏 串口长度数据已更新: L27.924513 -> physical_length=27.924513
2025-09-02 15:07:52.059 | INFO     | Pendulum.PendulumAPP:_processSerialData:121 - 🔄 数据来源: 串口接收 -> PendulumState.physical_length
2025-09-02 15:07:52.103 | INFO     | Pendulum.PendulumAPP:_processSerialData:120 - 📏 串口长度数据已更新: L27.924513 -> physical_length=27.924513
2025-09-02 15:07:52.106 | INFO     | Pendulum.PendulumAPP:_processSerialData:121 - 🔄 数据来源: 串口接收 -> PendulumState.physical_length
2025-09-02 15:07:52.133 | INFO     | Pendulum.PendulumAPP:_processSerialData:120 - 📏 串口长度数据已更新: L27.924513 -> physical_length=27.924513
2025-09-02 15:07:52.136 | INFO     | Pendulum.PendulumAPP:_processSerialData:121 - 🔄 数据来源: 串口接收 -> PendulumState.physical_length
2025-09-02 15:07:52.180 | INFO     | Pendulum.PendulumAPP:_processSerialData:120 - 📏 串口长度数据已更新: L27.924513 -> physical_length=27.924513
2025-09-02 15:07:52.180 | INFO     | Pendulum.PendulumAPP:_processSerialData:121 - 🔄 数据来源: 串口接收 -> PendulumState.physical_length
2025-09-02 15:07:52.226 | INFO     | Pendulum.PendulumAPP:_processSerialData:120 - 📏 串口长度数据已更新: L27.924513 -> physical_length=27.924513
2025-09-02 15:07:52.227 | INFO     | Pendulum.PendulumAPP:_processSerialData:121 - 🔄 数据来源: 串口接收 -> PendulumState.physical_length
2025-09-02 15:07:52.273 | INFO     | Pendulum.PendulumAPP:_processSerialData:120 - 📏 串口长度数据已更新: L27.924513 -> physical_length=27.924513
2025-09-02 15:07:52.274 | INFO     | Pendulum.PendulumAPP:_processSerialData:121 - 🔄 数据来源: 串口接收 -> PendulumState.physical_length
2025-09-02 15:07:52.319 | INFO     | Pendulum.PendulumAPP:_processSerialData:120 - 📏 串口长度数据已更新: L27.924513 -> physical_length=27.924513
2025-09-02 15:07:52.319 | INFO     | Pendulum.PendulumAPP:_processSerialData:121 - 🔄 数据来源: 串口接收 -> PendulumState.physical_length
2025-09-02 15:07:52.366 | INFO     | Pendulum.PendulumAPP:_processSerialData:120 - 📏 串口长度数据已更新: L27.924513 -> physical_length=27.924513
2025-09-02 15:07:52.367 | INFO     | Pendulum.PendulumAPP:_processSerialData:121 - 🔄 数据来源: 串口接收 -> PendulumState.physical_length
2025-09-02 15:07:52.411 | INFO     | Pendulum.PendulumAPP:_processSerialData:120 - 📏 串口长度数据已更新: L27.924513 -> physical_length=27.924513
2025-09-02 15:07:52.413 | INFO     | Pendulum.PendulumAPP:_processSerialData:121 - 🔄 数据来源: 串口接收 -> PendulumState.physical_length
2025-09-02 15:07:52.458 | INFO     | Pendulum.PendulumAPP:_processSerialData:120 - 📏 串口长度数据已更新: L27.924513 -> physical_length=27.924513
2025-09-02 15:07:52.460 | INFO     | Pendulum.PendulumAPP:_processSerialData:121 - 🔄 数据来源: 串口接收 -> PendulumState.physical_length
2025-09-02 15:07:52.503 | INFO     | Pendulum.PendulumAPP:_processSerialData:120 - 📏 串口长度数据已更新: L27.924513 -> physical_length=27.924513
2025-09-02 15:07:52.505 | INFO     | Pendulum.PendulumAPP:_processSerialData:121 - 🔄 数据来源: 串口接收 -> PendulumState.physical_length
2025-09-02 15:07:52.549 | INFO     | Pendulum.PendulumAPP:_processSerialData:120 - 📏 串口长度数据已更新: L27.924513 -> physical_length=27.924513
2025-09-02 15:07:52.552 | INFO     | Pendulum.PendulumAPP:_processSerialData:121 - 🔄 数据来源: 串口接收 -> PendulumState.physical_length
2025-09-02 15:07:52.596 | INFO     | Pendulum.PendulumAPP:_processSerialData:120 - 📏 串口长度数据已更新: L27.924513 -> physical_length=27.924513
2025-09-02 15:07:52.597 | INFO     | Pendulum.PendulumAPP:_processSerialData:121 - 🔄 数据来源: 串口接收 -> PendulumState.physical_length
2025-09-02 15:07:52.642 | INFO     | Pendulum.PendulumAPP:_processSerialData:120 - 📏 串口长度数据已更新: L27.924513 -> physical_length=27.924513
2025-09-02 15:07:52.643 | INFO     | Pendulum.PendulumAPP:_processSerialData:121 - 🔄 数据来源: 串口接收 -> PendulumState.physical_length
2025-09-02 15:07:52.692 | INFO     | Pendulum.PendulumAPP:_processSerialData:120 - 📏 串口长度数据已更新: L27.924513 -> physical_length=27.924513
2025-09-02 15:07:52.694 | INFO     | Pendulum.PendulumAPP:_processSerialData:121 - 🔄 数据来源: 串口接收 -> PendulumState.physical_length
2025-09-02 15:07:52.739 | INFO     | Pendulum.PendulumAPP:_processSerialData:120 - 📏 串口长度数据已更新: L27.924513 -> physical_length=27.924513
2025-09-02 15:07:52.740 | INFO     | Pendulum.PendulumAPP:_processSerialData:121 - 🔄 数据来源: 串口接收 -> PendulumState.physical_length
2025-09-02 15:07:52.785 | INFO     | Pendulum.PendulumAPP:_processSerialData:120 - 📏 串口长度数据已更新: L27.924513 -> physical_length=27.924513
2025-09-02 15:07:52.786 | INFO     | Pendulum.PendulumAPP:_processSerialData:121 - 🔄 数据来源: 串口接收 -> PendulumState.physical_length
2025-09-02 15:07:52.832 | INFO     | Pendulum.PendulumAPP:_processSerialData:120 - 📏 串口长度数据已更新: L27.924513 -> physical_length=27.924513
2025-09-02 15:07:52.833 | INFO     | Pendulum.PendulumAPP:_processSerialData:121 - 🔄 数据来源: 串口接收 -> PendulumState.physical_length
2025-09-02 15:07:52.878 | INFO     | Pendulum.PendulumAPP:_processSerialData:120 - 📏 串口长度数据已更新: L27.924513 -> physical_length=27.924513
2025-09-02 15:07:52.880 | INFO     | Pendulum.PendulumAPP:_processSerialData:121 - 🔄 数据来源: 串口接收 -> PendulumState.physical_length
2025-09-02 15:07:52.925 | INFO     | Pendulum.PendulumAPP:_processSerialData:120 - 📏 串口长度数据已更新: L27.924513 -> physical_length=27.924513
2025-09-02 15:07:52.926 | INFO     | Pendulum.PendulumAPP:_processSerialData:121 - 🔄 数据来源: 串口接收 -> PendulumState.physical_length
2025-09-02 15:07:52.971 | INFO     | Pendulum.PendulumAPP:_processSerialData:120 - 📏 串口长度数据已更新: L27.924513 -> physical_length=27.924513
2025-09-02 15:07:52.972 | INFO     | Pendulum.PendulumAPP:_processSerialData:121 - 🔄 数据来源: 串口接收 -> PendulumState.physical_length
2025-09-02 15:07:53.017 | INFO     | Pendulum.PendulumAPP:_processSerialData:120 - 📏 串口长度数据已更新: L27.924513 -> physical_length=27.924513
2025-09-02 15:07:53.018 | INFO     | Pendulum.PendulumAPP:_processSerialData:121 - 🔄 数据来源: 串口接收 -> PendulumState.physical_length
2025-09-02 15:07:53.065 | INFO     | Pendulum.PendulumAPP:_processSerialData:120 - 📏 串口长度数据已更新: L27.924513 -> physical_length=27.924513
2025-09-02 15:07:53.066 | INFO     | Pendulum.PendulumAPP:_processSerialData:121 - 🔄 数据来源: 串口接收 -> PendulumState.physical_length
2025-09-02 15:07:53.112 | INFO     | Pendulum.PendulumAPP:_processSerialData:120 - 📏 串口长度数据已更新: L27.924513 -> physical_length=27.924513
2025-09-02 15:07:53.113 | INFO     | Pendulum.PendulumAPP:_processSerialData:121 - 🔄 数据来源: 串口接收 -> PendulumState.physical_length
2025-09-02 15:07:53.157 | INFO     | Pendulum.PendulumAPP:_processSerialData:120 - 📏 串口长度数据已更新: L27.924513 -> physical_length=27.924513
2025-09-02 15:07:53.157 | INFO     | Pendulum.PendulumAPP:_processSerialData:121 - 🔄 数据来源: 串口接收 -> PendulumState.physical_length
2025-09-02 15:07:53.204 | INFO     | Pendulum.PendulumAPP:_processSerialData:120 - 📏 串口长度数据已更新: L27.924513 -> physical_length=27.924513
2025-09-02 15:07:53.205 | INFO     | Pendulum.PendulumAPP:_processSerialData:121 - 🔄 数据来源: 串口接收 -> PendulumState.physical_length
2025-09-02 15:07:53.251 | INFO     | Pendulum.PendulumAPP:_processSerialData:120 - 📏 串口长度数据已更新: L27.924513 -> physical_length=27.924513
2025-09-02 15:07:53.253 | INFO     | Pendulum.PendulumAPP:_processSerialData:121 - 🔄 数据来源: 串口接收 -> PendulumState.physical_length
2025-09-02 15:07:53.282 | INFO     | Pendulum.PendulumAPP:_processSerialData:120 - 📏 串口长度数据已更新: L27.924513 -> physical_length=27.924513
2025-09-02 15:07:53.283 | INFO     | Pendulum.PendulumAPP:_processSerialData:121 - 🔄 数据来源: 串口接收 -> PendulumState.physical_length
2025-09-02 15:07:53.330 | INFO     | Pendulum.PendulumAPP:_processSerialData:120 - 📏 串口长度数据已更新: L27.924513 -> physical_length=27.924513
2025-09-02 15:07:53.332 | INFO     | Pendulum.PendulumAPP:_processSerialData:121 - 🔄 数据来源: 串口接收 -> PendulumState.physical_length
2025-09-02 15:07:53.376 | INFO     | Pendulum.PendulumAPP:_processSerialData:120 - 📏 串口长度数据已更新: L27.924513 -> physical_length=27.924513
2025-09-02 15:07:53.377 | INFO     | Pendulum.PendulumAPP:_processSerialData:121 - 🔄 数据来源: 串口接收 -> PendulumState.physical_length
2025-09-02 15:07:53.421 | INFO     | Pendulum.PendulumAPP:_processSerialData:120 - 📏 串口长度数据已更新: L27.924513 -> physical_length=27.924513
2025-09-02 15:07:53.422 | INFO     | Pendulum.PendulumAPP:_processSerialData:121 - 🔄 数据来源: 串口接收 -> PendulumState.physical_length
2025-09-02 15:07:53.469 | INFO     | Pendulum.PendulumAPP:_processSerialData:120 - 📏 串口长度数据已更新: L27.924513 -> physical_length=27.924513
2025-09-02 15:07:53.470 | INFO     | Pendulum.PendulumAPP:_processSerialData:121 - 🔄 数据来源: 串口接收 -> PendulumState.physical_length
2025-09-02 15:07:53.516 | INFO     | Pendulum.PendulumAPP:_processSerialData:120 - 📏 串口长度数据已更新: L27.924513 -> physical_length=27.924513
2025-09-02 15:07:53.519 | INFO     | Pendulum.PendulumAPP:_processSerialData:121 - 🔄 数据来源: 串口接收 -> PendulumState.physical_length
2025-09-02 15:07:53.562 | INFO     | Pendulum.PendulumAPP:_processSerialData:120 - 📏 串口长度数据已更新: L27.924513 -> physical_length=27.924513
2025-09-02 15:07:53.563 | INFO     | Pendulum.PendulumAPP:_processSerialData:121 - 🔄 数据来源: 串口接收 -> PendulumState.physical_length
2025-09-02 15:07:53.608 | INFO     | Pendulum.PendulumAPP:_processSerialData:120 - 📏 串口长度数据已更新: L27.924513 -> physical_length=27.924513
2025-09-02 15:07:53.611 | INFO     | Pendulum.PendulumAPP:_processSerialData:121 - 🔄 数据来源: 串口接收 -> PendulumState.physical_length
2025-09-02 15:07:53.654 | INFO     | Pendulum.PendulumAPP:_processSerialData:120 - 📏 串口长度数据已更新: L27.924513 -> physical_length=27.924513
2025-09-02 15:07:53.657 | INFO     | Pendulum.PendulumAPP:_processSerialData:121 - 🔄 数据来源: 串口接收 -> PendulumState.physical_length
2025-09-02 15:07:53.702 | INFO     | Pendulum.PendulumAPP:_processSerialData:120 - 📏 串口长度数据已更新: L27.924513 -> physical_length=27.924513
2025-09-02 15:07:53.703 | INFO     | Pendulum.PendulumAPP:_processSerialData:121 - 🔄 数据来源: 串口接收 -> PendulumState.physical_length
2025-09-02 15:07:53.748 | INFO     | Pendulum.PendulumAPP:_processSerialData:120 - 📏 串口长度数据已更新: L27.924513 -> physical_length=27.924513
2025-09-02 15:07:53.749 | INFO     | Pendulum.PendulumAPP:_processSerialData:121 - 🔄 数据来源: 串口接收 -> PendulumState.physical_length
2025-09-02 15:07:53.794 | INFO     | Pendulum.PendulumAPP:_processSerialData:120 - 📏 串口长度数据已更新: L27.924513 -> physical_length=27.924513
2025-09-02 15:07:53.795 | INFO     | Pendulum.PendulumAPP:_processSerialData:121 - 🔄 数据来源: 串口接收 -> PendulumState.physical_length
2025-09-02 15:07:53.841 | INFO     | Pendulum.PendulumAPP:_processSerialData:120 - 📏 串口长度数据已更新: L27.924513 -> physical_length=27.924513
2025-09-02 15:07:53.842 | INFO     | Pendulum.PendulumAPP:_processSerialData:121 - 🔄 数据来源: 串口接收 -> PendulumState.physical_length
2025-09-02 15:07:53.887 | INFO     | Pendulum.PendulumAPP:_processSerialData:120 - 📏 串口长度数据已更新: L27.924513 -> physical_length=27.924513
2025-09-02 15:07:53.888 | INFO     | Pendulum.PendulumAPP:_processSerialData:121 - 🔄 数据来源: 串口接收 -> PendulumState.physical_length
2025-09-02 15:07:53.934 | INFO     | Pendulum.PendulumAPP:_processSerialData:120 - 📏 串口长度数据已更新: L27.924513 -> physical_length=27.924513
2025-09-02 15:07:53.935 | INFO     | Pendulum.PendulumAPP:_processSerialData:121 - 🔄 数据来源: 串口接收 -> PendulumState.physical_length
2025-09-02 15:07:53.979 | INFO     | Pendulum.PendulumAPP:_processSerialData:120 - 📏 串口长度数据已更新: L27.924513 -> physical_length=27.924513
2025-09-02 15:07:53.981 | INFO     | Pendulum.PendulumAPP:_processSerialData:121 - 🔄 数据来源: 串口接收 -> PendulumState.physical_length
2025-09-02 15:07:54.026 | INFO     | Pendulum.PendulumAPP:_processSerialData:120 - 📏 串口长度数据已更新: L27.924513 -> physical_length=27.924513
2025-09-02 15:07:54.027 | INFO     | Pendulum.PendulumAPP:_processSerialData:121 - 🔄 数据来源: 串口接收 -> PendulumState.physical_length
2025-09-02 15:07:54.074 | INFO     | Pendulum.PendulumAPP:_processSerialData:120 - 📏 串口长度数据已更新: L27.924513 -> physical_length=27.924513
2025-09-02 15:07:54.075 | INFO     | Pendulum.PendulumAPP:_processSerialData:121 - 🔄 数据来源: 串口接收 -> PendulumState.physical_length
2025-09-02 15:07:54.120 | INFO     | Pendulum.PendulumAPP:_processSerialData:120 - 📏 串口长度数据已更新: L27.924513 -> physical_length=27.924513
2025-09-02 15:07:54.121 | INFO     | Pendulum.PendulumAPP:_processSerialData:121 - 🔄 数据来源: 串口接收 -> PendulumState.physical_length
2025-09-02 15:07:54.166 | INFO     | Pendulum.PendulumAPP:_processSerialData:120 - 📏 串口长度数据已更新: L27.924513 -> physical_length=27.924513
2025-09-02 15:07:54.167 | INFO     | Pendulum.PendulumAPP:_processSerialData:121 - 🔄 数据来源: 串口接收 -> PendulumState.physical_length
2025-09-02 15:07:54.213 | INFO     | Pendulum.PendulumAPP:_processSerialData:120 - 📏 串口长度数据已更新: L27.924513 -> physical_length=27.924513
2025-09-02 15:07:54.214 | INFO     | Pendulum.PendulumAPP:_processSerialData:121 - 🔄 数据来源: 串口接收 -> PendulumState.physical_length
2025-09-02 15:07:54.260 | INFO     | Pendulum.PendulumAPP:_processSerialData:120 - 📏 串口长度数据已更新: L27.924513 -> physical_length=27.924513
2025-09-02 15:07:54.261 | INFO     | Pendulum.PendulumAPP:_processSerialData:121 - 🔄 数据来源: 串口接收 -> PendulumState.physical_length
2025-09-02 15:07:54.306 | INFO     | Pendulum.PendulumAPP:_processSerialData:120 - 📏 串口长度数据已更新: L27.924513 -> physical_length=27.924513
2025-09-02 15:07:54.307 | INFO     | Pendulum.PendulumAPP:_processSerialData:121 - 🔄 数据来源: 串口接收 -> PendulumState.physical_length
2025-09-02 15:07:54.353 | INFO     | Pendulum.PendulumAPP:_processSerialData:120 - 📏 串口长度数据已更新: L27.924513 -> physical_length=27.924513
2025-09-02 15:07:54.353 | INFO     | Pendulum.PendulumAPP:_processSerialData:121 - 🔄 数据来源: 串口接收 -> PendulumState.physical_length
2025-09-02 15:07:54.399 | INFO     | Pendulum.PendulumAPP:_processSerialData:120 - 📏 串口长度数据已更新: L27.924513 -> physical_length=27.924513
2025-09-02 15:07:54.400 | INFO     | Pendulum.PendulumAPP:_processSerialData:121 - 🔄 数据来源: 串口接收 -> PendulumState.physical_length
2025-09-02 15:07:54.447 | INFO     | Pendulum.PendulumAPP:_processSerialData:120 - 📏 串口长度数据已更新: L27.924513 -> physical_length=27.924513
2025-09-02 15:07:54.449 | INFO     | Pendulum.PendulumAPP:_processSerialData:121 - 🔄 数据来源: 串口接收 -> PendulumState.physical_length
2025-09-02 15:07:54.493 | INFO     | Pendulum.PendulumAPP:_processSerialData:120 - 📏 串口长度数据已更新: L27.924513 -> physical_length=27.924513
2025-09-02 15:07:54.493 | INFO     | Pendulum.PendulumAPP:_processSerialData:121 - 🔄 数据来源: 串口接收 -> PendulumState.physical_length
2025-09-02 15:07:54.541 | INFO     | Pendulum.PendulumAPP:_processSerialData:120 - 📏 串口长度数据已更新: L27.924513 -> physical_length=27.924513
2025-09-02 15:07:54.542 | INFO     | Pendulum.PendulumAPP:_processSerialData:121 - 🔄 数据来源: 串口接收 -> PendulumState.physical_length
2025-09-02 15:07:54.588 | INFO     | Pendulum.PendulumAPP:_processSerialData:120 - 📏 串口长度数据已更新: L27.924513 -> physical_length=27.924513
2025-09-02 15:07:54.592 | INFO     | Pendulum.PendulumAPP:_processSerialData:121 - 🔄 数据来源: 串口接收 -> PendulumState.physical_length
2025-09-02 15:07:54.635 | INFO     | Pendulum.PendulumAPP:_processSerialData:120 - 📏 串口长度数据已更新: L27.924513 -> physical_length=27.924513
2025-09-02 15:07:54.638 | INFO     | Pendulum.PendulumAPP:_processSerialData:121 - 🔄 数据来源: 串口接收 -> PendulumState.physical_length
2025-09-02 15:07:54.682 | INFO     | Pendulum.PendulumAPP:_processSerialData:120 - 📏 串口长度数据已更新: L27.924513 -> physical_length=27.924513
2025-09-02 15:07:54.685 | INFO     | Pendulum.PendulumAPP:_processSerialData:121 - 🔄 数据来源: 串口接收 -> PendulumState.physical_length
2025-09-02 15:07:54.731 | INFO     | Pendulum.PendulumAPP:_processSerialData:120 - 📏 串口长度数据已更新: L27.924513 -> physical_length=27.924513
2025-09-02 15:07:54.731 | INFO     | Pendulum.PendulumAPP:_processSerialData:121 - 🔄 数据来源: 串口接收 -> PendulumState.physical_length
2025-09-02 15:07:54.776 | INFO     | Pendulum.PendulumAPP:_processSerialData:120 - 📏 串口长度数据已更新: L27.924513 -> physical_length=27.924513
2025-09-02 15:07:54.776 | INFO     | Pendulum.PendulumAPP:_processSerialData:121 - 🔄 数据来源: 串口接收 -> PendulumState.physical_length
2025-09-02 15:07:54.821 | INFO     | Pendulum.PendulumAPP:_processSerialData:120 - 📏 串口长度数据已更新: L27.924513 -> physical_length=27.924513
2025-09-02 15:07:54.824 | INFO     | Pendulum.PendulumAPP:_processSerialData:121 - 🔄 数据来源: 串口接收 -> PendulumState.physical_length
2025-09-02 15:07:54.867 | INFO     | Pendulum.PendulumAPP:_processSerialData:120 - 📏 串口长度数据已更新: L27.924513 -> physical_length=27.924513
2025-09-02 15:07:54.869 | INFO     | Pendulum.PendulumAPP:_processSerialData:121 - 🔄 数据来源: 串口接收 -> PendulumState.physical_length
2025-09-02 15:07:54.914 | INFO     | Pendulum.PendulumAPP:_processSerialData:120 - 📏 串口长度数据已更新: L27.924513 -> physical_length=27.924513
2025-09-02 15:07:54.915 | INFO     | Pendulum.PendulumAPP:_processSerialData:121 - 🔄 数据来源: 串口接收 -> PendulumState.physical_length
2025-09-02 15:07:54.961 | INFO     | Pendulum.PendulumAPP:_processSerialData:120 - 📏 串口长度数据已更新: L27.924513 -> physical_length=27.924513
2025-09-02 15:07:54.961 | INFO     | Pendulum.PendulumAPP:_processSerialData:121 - 🔄 数据来源: 串口接收 -> PendulumState.physical_length
2025-09-02 15:07:55.007 | INFO     | Pendulum.PendulumAPP:_processSerialData:120 - 📏 串口长度数据已更新: L27.924513 -> physical_length=27.924513
2025-09-02 15:07:55.010 | INFO     | Pendulum.PendulumAPP:_processSerialData:121 - 🔄 数据来源: 串口接收 -> PendulumState.physical_length
2025-09-02 15:07:55.053 | INFO     | Pendulum.PendulumAPP:_processSerialData:120 - 📏 串口长度数据已更新: L27.924513 -> physical_length=27.924513
2025-09-02 15:07:55.055 | INFO     | Pendulum.PendulumAPP:_processSerialData:121 - 🔄 数据来源: 串口接收 -> PendulumState.physical_length
2025-09-02 15:07:55.100 | INFO     | Pendulum.PendulumAPP:_processSerialData:120 - 📏 串口长度数据已更新: L27.924513 -> physical_length=27.924513
2025-09-02 15:07:55.102 | INFO     | Pendulum.PendulumAPP:_processSerialData:121 - 🔄 数据来源: 串口接收 -> PendulumState.physical_length
2025-09-02 15:07:55.148 | INFO     | Pendulum.PendulumAPP:_processSerialData:120 - 📏 串口长度数据已更新: L27.924513 -> physical_length=27.924513
2025-09-02 15:07:55.149 | INFO     | Pendulum.PendulumAPP:_processSerialData:121 - 🔄 数据来源: 串口接收 -> PendulumState.physical_length
2025-09-02 15:07:55.194 | INFO     | Pendulum.PendulumAPP:_processSerialData:120 - 📏 串口长度数据已更新: L27.924513 -> physical_length=27.924513
2025-09-02 15:07:55.195 | INFO     | Pendulum.PendulumAPP:_processSerialData:121 - 🔄 数据来源: 串口接收 -> PendulumState.physical_length
2025-09-02 15:07:55.240 | INFO     | Pendulum.PendulumAPP:_processSerialData:120 - 📏 串口长度数据已更新: L27.924513 -> physical_length=27.924513
2025-09-02 15:07:55.241 | INFO     | Pendulum.PendulumAPP:_processSerialData:121 - 🔄 数据来源: 串口接收 -> PendulumState.physical_length
2025-09-02 15:07:55.286 | INFO     | Pendulum.PendulumAPP:_processSerialData:120 - 📏 串口长度数据已更新: L27.924513 -> physical_length=27.924513
2025-09-02 15:07:55.287 | INFO     | Pendulum.PendulumAPP:_processSerialData:121 - 🔄 数据来源: 串口接收 -> PendulumState.physical_length
2025-09-02 15:07:55.333 | INFO     | Pendulum.PendulumAPP:_processSerialData:120 - 📏 串口长度数据已更新: L27.924513 -> physical_length=27.924513
2025-09-02 15:07:55.335 | INFO     | Pendulum.PendulumAPP:_processSerialData:121 - 🔄 数据来源: 串口接收 -> PendulumState.physical_length
2025-09-02 15:07:55.381 | INFO     | Pendulum.PendulumAPP:_processSerialData:120 - 📏 串口长度数据已更新: L27.924513 -> physical_length=27.924513
2025-09-02 15:07:55.383 | INFO     | Pendulum.PendulumAPP:_processSerialData:121 - 🔄 数据来源: 串口接收 -> PendulumState.physical_length
2025-09-02 15:07:55.427 | INFO     | Pendulum.PendulumAPP:_processSerialData:120 - 📏 串口长度数据已更新: L27.924513 -> physical_length=27.924513
2025-09-02 15:07:55.428 | INFO     | Pendulum.PendulumAPP:_processSerialData:121 - 🔄 数据来源: 串口接收 -> PendulumState.physical_length
2025-09-02 15:07:55.474 | INFO     | Pendulum.PendulumAPP:_processSerialData:120 - 📏 串口长度数据已更新: L27.924513 -> physical_length=27.924513
2025-09-02 15:07:55.475 | INFO     | Pendulum.PendulumAPP:_processSerialData:121 - 🔄 数据来源: 串口接收 -> PendulumState.physical_length
2025-09-02 15:07:55.520 | INFO     | Pendulum.PendulumAPP:_processSerialData:120 - 📏 串口长度数据已更新: L27.924513 -> physical_length=27.924513
2025-09-02 15:07:55.520 | INFO     | Pendulum.PendulumAPP:_processSerialData:121 - 🔄 数据来源: 串口接收 -> PendulumState.physical_length
2025-09-02 15:07:55.567 | INFO     | Pendulum.PendulumAPP:_processSerialData:120 - 📏 串口长度数据已更新: L27.924513 -> physical_length=27.924513
2025-09-02 15:07:55.568 | INFO     | Pendulum.PendulumAPP:_processSerialData:121 - 🔄 数据来源: 串口接收 -> PendulumState.physical_length
2025-09-02 15:07:55.615 | INFO     | Pendulum.PendulumAPP:_processSerialData:120 - 📏 串口长度数据已更新: L27.924513 -> physical_length=27.924513
2025-09-02 15:07:55.616 | INFO     | Pendulum.PendulumAPP:_processSerialData:121 - 🔄 数据来源: 串口接收 -> PendulumState.physical_length
2025-09-02 15:07:55.662 | INFO     | Pendulum.PendulumAPP:_processSerialData:120 - 📏 串口长度数据已更新: L27.924513 -> physical_length=27.924513
2025-09-02 15:07:55.663 | INFO     | Pendulum.PendulumAPP:_processSerialData:121 - 🔄 数据来源: 串口接收 -> PendulumState.physical_length
2025-09-02 15:07:55.708 | INFO     | Pendulum.PendulumAPP:_processSerialData:120 - 📏 串口长度数据已更新: L27.924513 -> physical_length=27.924513
2025-09-02 15:07:55.709 | INFO     | Pendulum.PendulumAPP:_processSerialData:121 - 🔄 数据来源: 串口接收 -> PendulumState.physical_length
2025-09-02 15:07:55.754 | INFO     | Pendulum.PendulumAPP:_processSerialData:120 - 📏 串口长度数据已更新: L27.924513 -> physical_length=27.924513
2025-09-02 15:07:55.755 | INFO     | Pendulum.PendulumAPP:_processSerialData:121 - 🔄 数据来源: 串口接收 -> PendulumState.physical_length
2025-09-02 15:07:55.801 | INFO     | Pendulum.PendulumAPP:_processSerialData:120 - 📏 串口长度数据已更新: L27.924513 -> physical_length=27.924513
2025-09-02 15:07:55.802 | INFO     | Pendulum.PendulumAPP:_processSerialData:121 - 🔄 数据来源: 串口接收 -> PendulumState.physical_length
2025-09-02 15:07:55.847 | INFO     | Pendulum.PendulumAPP:_processSerialData:120 - 📏 串口长度数据已更新: L27.924513 -> physical_length=27.924513
2025-09-02 15:07:55.848 | INFO     | Pendulum.PendulumAPP:_processSerialData:121 - 🔄 数据来源: 串口接收 -> PendulumState.physical_length
2025-09-02 15:07:55.893 | INFO     | Pendulum.PendulumAPP:_processSerialData:120 - 📏 串口长度数据已更新: L27.924513 -> physical_length=27.924513
2025-09-02 15:07:55.894 | INFO     | Pendulum.PendulumAPP:_processSerialData:121 - 🔄 数据来源: 串口接收 -> PendulumState.physical_length
2025-09-02 15:07:55.941 | INFO     | Pendulum.PendulumAPP:_processSerialData:120 - 📏 串口长度数据已更新: L27.924513 -> physical_length=27.924513
2025-09-02 15:07:55.943 | INFO     | Pendulum.PendulumAPP:_processSerialData:121 - 🔄 数据来源: 串口接收 -> PendulumState.physical_length
2025-09-02 15:07:55.988 | INFO     | Pendulum.PendulumAPP:_processSerialData:120 - 📏 串口长度数据已更新: L27.924513 -> physical_length=27.924513
2025-09-02 15:07:55.989 | INFO     | Pendulum.PendulumAPP:_processSerialData:121 - 🔄 数据来源: 串口接收 -> PendulumState.physical_length
2025-09-02 15:07:56.034 | INFO     | Pendulum.PendulumAPP:_processSerialData:120 - 📏 串口长度数据已更新: L27.924513 -> physical_length=27.924513
2025-09-02 15:07:56.035 | INFO     | Pendulum.PendulumAPP:_processSerialData:121 - 🔄 数据来源: 串口接收 -> PendulumState.physical_length
2025-09-02 15:07:56.081 | INFO     | Pendulum.PendulumAPP:_processSerialData:120 - 📏 串口长度数据已更新: L27.924513 -> physical_length=27.924513
2025-09-02 15:07:56.082 | INFO     | Pendulum.PendulumAPP:_processSerialData:121 - 🔄 数据来源: 串口接收 -> PendulumState.physical_length
2025-09-02 15:07:56.128 | INFO     | Pendulum.PendulumAPP:_processSerialData:120 - 📏 串口长度数据已更新: L27.924513 -> physical_length=27.924513
2025-09-02 15:07:56.130 | INFO     | Pendulum.PendulumAPP:_processSerialData:121 - 🔄 数据来源: 串口接收 -> PendulumState.physical_length
2025-09-02 15:07:56.175 | INFO     | Pendulum.PendulumAPP:_processSerialData:120 - 📏 串口长度数据已更新: L27.924513 -> physical_length=27.924513
2025-09-02 15:07:56.175 | INFO     | Pendulum.PendulumAPP:_processSerialData:121 - 🔄 数据来源: 串口接收 -> PendulumState.physical_length
2025-09-02 15:07:56.221 | INFO     | Pendulum.PendulumAPP:_processSerialData:120 - 📏 串口长度数据已更新: L27.924513 -> physical_length=27.924513
2025-09-02 15:07:56.222 | INFO     | Pendulum.PendulumAPP:_processSerialData:121 - 🔄 数据来源: 串口接收 -> PendulumState.physical_length
2025-09-02 15:07:56.268 | INFO     | Pendulum.PendulumAPP:_processSerialData:120 - 📏 串口长度数据已更新: L27.924513 -> physical_length=27.924513
2025-09-02 15:07:56.271 | INFO     | Pendulum.PendulumAPP:_processSerialData:121 - 🔄 数据来源: 串口接收 -> PendulumState.physical_length
2025-09-02 15:07:56.314 | INFO     | Pendulum.PendulumAPP:_processSerialData:120 - 📏 串口长度数据已更新: L27.924513 -> physical_length=27.924513
2025-09-02 15:07:56.315 | INFO     | Pendulum.PendulumAPP:_processSerialData:121 - 🔄 数据来源: 串口接收 -> PendulumState.physical_length
2025-09-02 15:07:56.360 | INFO     | Pendulum.PendulumAPP:_processSerialData:120 - 📏 串口长度数据已更新: L27.924513 -> physical_length=27.924513
2025-09-02 15:07:56.361 | INFO     | Pendulum.PendulumAPP:_processSerialData:121 - 🔄 数据来源: 串口接收 -> PendulumState.physical_length
2025-09-02 15:07:56.407 | INFO     | Pendulum.PendulumAPP:_processSerialData:120 - 📏 串口长度数据已更新: L27.924513 -> physical_length=27.924513
2025-09-02 15:07:56.410 | INFO     | Pendulum.PendulumAPP:_processSerialData:121 - 🔄 数据来源: 串口接收 -> PendulumState.physical_length
2025-09-02 15:07:56.452 | INFO     | Pendulum.PendulumAPP:_processSerialData:120 - 📏 串口长度数据已更新: L27.924513 -> physical_length=27.924513
2025-09-02 15:07:56.453 | INFO     | Pendulum.PendulumAPP:_processSerialData:121 - 🔄 数据来源: 串口接收 -> PendulumState.physical_length
2025-09-02 15:07:56.483 | INFO     | Pendulum.PendulumAPP:_processSerialData:120 - 📏 串口长度数据已更新: L27.924513 -> physical_length=27.924513
2025-09-02 15:07:56.484 | INFO     | Pendulum.PendulumAPP:_processSerialData:121 - 🔄 数据来源: 串口接收 -> PendulumState.physical_length
2025-09-02 15:07:56.546 | INFO     | Pendulum.PendulumAPP:_processSerialData:120 - 📏 串口长度数据已更新: L27.924513 -> physical_length=27.924513
2025-09-02 15:07:56.548 | INFO     | Pendulum.PendulumAPP:_processSerialData:121 - 🔄 数据来源: 串口接收 -> PendulumState.physical_length
2025-09-02 15:07:56.593 | INFO     | Pendulum.PendulumAPP:_processSerialData:120 - 📏 串口长度数据已更新: L27.924513 -> physical_length=27.924513
2025-09-02 15:07:56.594 | INFO     | Pendulum.PendulumAPP:_processSerialData:121 - 🔄 数据来源: 串口接收 -> PendulumState.physical_length
2025-09-02 15:07:56.641 | INFO     | Pendulum.PendulumAPP:_processSerialData:120 - 📏 串口长度数据已更新: L27.924513 -> physical_length=27.924513
2025-09-02 15:07:56.642 | INFO     | Pendulum.PendulumAPP:_processSerialData:121 - 🔄 数据来源: 串口接收 -> PendulumState.physical_length
2025-09-02 15:07:56.685 | INFO     | Pendulum.PendulumAPP:_processSerialData:120 - 📏 串口长度数据已更新: L27.924513 -> physical_length=27.924513
2025-09-02 15:07:56.689 | INFO     | Pendulum.PendulumAPP:_processSerialData:121 - 🔄 数据来源: 串口接收 -> PendulumState.physical_length
2025-09-02 15:07:56.731 | INFO     | Pendulum.PendulumAPP:_processSerialData:120 - 📏 串口长度数据已更新: L27.924513 -> physical_length=27.924513
2025-09-02 15:07:56.733 | INFO     | Pendulum.PendulumAPP:_processSerialData:121 - 🔄 数据来源: 串口接收 -> PendulumState.physical_length
2025-09-02 15:07:56.777 | INFO     | Pendulum.PendulumAPP:_processSerialData:120 - 📏 串口长度数据已更新: L27.924513 -> physical_length=27.924513
2025-09-02 15:07:56.779 | INFO     | Pendulum.PendulumAPP:_processSerialData:121 - 🔄 数据来源: 串口接收 -> PendulumState.physical_length
2025-09-02 15:07:56.825 | INFO     | Pendulum.PendulumAPP:_processSerialData:120 - 📏 串口长度数据已更新: L27.924513 -> physical_length=27.924513
2025-09-02 15:07:56.826 | INFO     | Pendulum.PendulumAPP:_processSerialData:121 - 🔄 数据来源: 串口接收 -> PendulumState.physical_length
2025-09-02 15:07:56.871 | INFO     | Pendulum.PendulumAPP:_processSerialData:120 - 📏 串口长度数据已更新: L27.924513 -> physical_length=27.924513
2025-09-02 15:07:56.872 | INFO     | Pendulum.PendulumAPP:_processSerialData:121 - 🔄 数据来源: 串口接收 -> PendulumState.physical_length
2025-09-02 15:07:56.933 | INFO     | Pendulum.PendulumAPP:_processSerialData:120 - 📏 串口长度数据已更新: L27.924513 -> physical_length=27.924513
2025-09-02 15:07:56.933 | INFO     | Pendulum.PendulumAPP:_processSerialData:121 - 🔄 数据来源: 串口接收 -> PendulumState.physical_length
2025-09-02 15:07:56.980 | INFO     | Pendulum.PendulumAPP:_processSerialData:120 - 📏 串口长度数据已更新: L27.924513 -> physical_length=27.924513
2025-09-02 15:07:56.981 | INFO     | Pendulum.PendulumAPP:_processSerialData:121 - 🔄 数据来源: 串口接收 -> PendulumState.physical_length
2025-09-02 15:07:57.026 | INFO     | Pendulum.PendulumAPP:_processSerialData:120 - 📏 串口长度数据已更新: L27.924513 -> physical_length=27.924513
2025-09-02 15:07:57.027 | INFO     | Pendulum.PendulumAPP:_processSerialData:121 - 🔄 数据来源: 串口接收 -> PendulumState.physical_length
2025-09-02 15:07:57.073 | INFO     | Pendulum.PendulumAPP:_processSerialData:120 - 📏 串口长度数据已更新: L27.924513 -> physical_length=27.924513
2025-09-02 15:07:57.076 | INFO     | Pendulum.PendulumAPP:_processSerialData:121 - 🔄 数据来源: 串口接收 -> PendulumState.physical_length
2025-09-02 15:07:57.120 | INFO     | Pendulum.PendulumAPP:_processSerialData:120 - 📏 串口长度数据已更新: L27.924513 -> physical_length=27.924513
2025-09-02 15:07:57.121 | INFO     | Pendulum.PendulumAPP:_processSerialData:121 - 🔄 数据来源: 串口接收 -> PendulumState.physical_length
2025-09-02 15:07:57.168 | INFO     | Pendulum.PendulumAPP:_processSerialData:120 - 📏 串口长度数据已更新: L27.924513 -> physical_length=27.924513
2025-09-02 15:07:57.169 | INFO     | Pendulum.PendulumAPP:_processSerialData:121 - 🔄 数据来源: 串口接收 -> PendulumState.physical_length
2025-09-02 15:07:57.214 | INFO     | Pendulum.PendulumAPP:_processSerialData:120 - 📏 串口长度数据已更新: L27.924513 -> physical_length=27.924513
2025-09-02 15:07:57.216 | INFO     | Pendulum.PendulumAPP:_processSerialData:121 - 🔄 数据来源: 串口接收 -> PendulumState.physical_length
2025-09-02 15:07:57.263 | INFO     | Pendulum.PendulumAPP:_processSerialData:120 - 📏 串口长度数据已更新: L27.924513 -> physical_length=27.924513
2025-09-02 15:07:57.265 | INFO     | Pendulum.PendulumAPP:_processSerialData:121 - 🔄 数据来源: 串口接收 -> PendulumState.physical_length
2025-09-02 15:07:57.309 | INFO     | Pendulum.PendulumAPP:_processSerialData:120 - 📏 串口长度数据已更新: L27.924513 -> physical_length=27.924513
2025-09-02 15:07:57.310 | INFO     | Pendulum.PendulumAPP:_processSerialData:121 - 🔄 数据来源: 串口接收 -> PendulumState.physical_length
2025-09-02 15:07:57.353 | INFO     | Pendulum.PendulumAPP:_processSerialData:120 - 📏 串口长度数据已更新: L27.924513 -> physical_length=27.924513
2025-09-02 15:07:57.355 | INFO     | Pendulum.PendulumAPP:_processSerialData:121 - 🔄 数据来源: 串口接收 -> PendulumState.physical_length
2025-09-02 15:07:57.400 | INFO     | Pendulum.PendulumAPP:_processSerialData:120 - 📏 串口长度数据已更新: L27.924513 -> physical_length=27.924513
2025-09-02 15:07:57.401 | INFO     | Pendulum.PendulumAPP:_processSerialData:121 - 🔄 数据来源: 串口接收 -> PendulumState.physical_length
2025-09-02 15:07:57.448 | INFO     | Pendulum.PendulumAPP:_processSerialData:120 - 📏 串口长度数据已更新: L27.924513 -> physical_length=27.924513
2025-09-02 15:07:57.449 | INFO     | Pendulum.PendulumAPP:_processSerialData:121 - 🔄 数据来源: 串口接收 -> PendulumState.physical_length
2025-09-02 15:07:57.493 | INFO     | Pendulum.PendulumAPP:_processSerialData:120 - 📏 串口长度数据已更新: L27.924513 -> physical_length=27.924513
2025-09-02 15:07:57.494 | INFO     | Pendulum.PendulumAPP:_processSerialData:121 - 🔄 数据来源: 串口接收 -> PendulumState.physical_length
2025-09-02 15:07:57.538 | INFO     | Pendulum.PendulumAPP:_processSerialData:120 - 📏 串口长度数据已更新: L27.924513 -> physical_length=27.924513
2025-09-02 15:07:57.539 | INFO     | Pendulum.PendulumAPP:_processSerialData:121 - 🔄 数据来源: 串口接收 -> PendulumState.physical_length
2025-09-02 15:07:57.586 | INFO     | Pendulum.PendulumAPP:_processSerialData:120 - 📏 串口长度数据已更新: L27.924513 -> physical_length=27.924513
2025-09-02 15:07:57.587 | INFO     | Pendulum.PendulumAPP:_processSerialData:121 - 🔄 数据来源: 串口接收 -> PendulumState.physical_length
2025-09-02 15:07:57.632 | INFO     | Pendulum.PendulumAPP:_processSerialData:120 - 📏 串口长度数据已更新: L27.924513 -> physical_length=27.924513
2025-09-02 15:07:57.634 | INFO     | Pendulum.PendulumAPP:_processSerialData:121 - 🔄 数据来源: 串口接收 -> PendulumState.physical_length
2025-09-02 15:07:57.677 | INFO     | Pendulum.PendulumAPP:_processSerialData:120 - 📏 串口长度数据已更新: L27.924513 -> physical_length=27.924513
2025-09-02 15:07:57.680 | INFO     | Pendulum.PendulumAPP:_processSerialData:121 - 🔄 数据来源: 串口接收 -> PendulumState.physical_length
2025-09-02 15:07:57.724 | INFO     | Pendulum.PendulumAPP:_processSerialData:120 - 📏 串口长度数据已更新: L27.924513 -> physical_length=27.924513
2025-09-02 15:07:57.727 | INFO     | Pendulum.PendulumAPP:_processSerialData:121 - 🔄 数据来源: 串口接收 -> PendulumState.physical_length
2025-09-02 15:07:57.770 | INFO     | Pendulum.PendulumAPP:_processSerialData:120 - 📏 串口长度数据已更新: L27.924513 -> physical_length=27.924513
2025-09-02 15:07:57.771 | INFO     | Pendulum.PendulumAPP:_processSerialData:121 - 🔄 数据来源: 串口接收 -> PendulumState.physical_length
2025-09-02 15:07:57.817 | INFO     | Pendulum.PendulumAPP:_processSerialData:120 - 📏 串口长度数据已更新: L27.924513 -> physical_length=27.924513
2025-09-02 15:07:57.819 | INFO     | Pendulum.PendulumAPP:_processSerialData:121 - 🔄 数据来源: 串口接收 -> PendulumState.physical_length
2025-09-02 15:07:57.865 | INFO     | Pendulum.PendulumAPP:_processSerialData:120 - 📏 串口长度数据已更新: L27.924513 -> physical_length=27.924513
2025-09-02 15:07:57.868 | INFO     | Pendulum.PendulumAPP:_processSerialData:121 - 🔄 数据来源: 串口接收 -> PendulumState.physical_length
2025-09-02 15:07:57.928 | INFO     | Pendulum.PendulumAPP:_processSerialData:120 - 📏 串口长度数据已更新: L27.924513 -> physical_length=27.924513
2025-09-02 15:07:57.929 | INFO     | Pendulum.PendulumAPP:_processSerialData:121 - 🔄 数据来源: 串口接收 -> PendulumState.physical_length
2025-09-02 15:07:57.991 | INFO     | Pendulum.PendulumAPP:_processSerialData:120 - 📏 串口长度数据已更新: L27.924513 -> physical_length=27.924513
2025-09-02 15:07:57.994 | INFO     | Pendulum.PendulumAPP:_processSerialData:121 - 🔄 数据来源: 串口接收 -> PendulumState.physical_length
2025-09-02 15:07:58.037 | INFO     | Pendulum.PendulumAPP:_processSerialData:120 - 📏 串口长度数据已更新: L27.924513 -> physical_length=27.924513
2025-09-02 15:07:58.038 | INFO     | Pendulum.PendulumAPP:_processSerialData:121 - 🔄 数据来源: 串口接收 -> PendulumState.physical_length
2025-09-02 15:07:58.097 | INFO     | Pendulum.PendulumAPP:_processSerialData:120 - 📏 串口长度数据已更新: L27.924513 -> physical_length=27.924513
2025-09-02 15:07:58.097 | INFO     | Pendulum.PendulumAPP:_processSerialData:121 - 🔄 数据来源: 串口接收 -> PendulumState.physical_length
2025-09-02 15:07:58.146 | INFO     | Pendulum.PendulumAPP:_processSerialData:120 - 📏 串口长度数据已更新: L27.924513 -> physical_length=27.924513
2025-09-02 15:07:58.146 | INFO     | Pendulum.PendulumAPP:_processSerialData:121 - 🔄 数据来源: 串口接收 -> PendulumState.physical_length
2025-09-02 15:07:58.191 | INFO     | Pendulum.PendulumAPP:_processSerialData:120 - 📏 串口长度数据已更新: L27.924513 -> physical_length=27.924513
2025-09-02 15:07:58.193 | INFO     | Pendulum.PendulumAPP:_processSerialData:121 - 🔄 数据来源: 串口接收 -> PendulumState.physical_length
2025-09-02 15:07:58.236 | INFO     | Pendulum.PendulumAPP:_processSerialData:120 - 📏 串口长度数据已更新: L27.924513 -> physical_length=27.924513
2025-09-02 15:07:58.240 | INFO     | Pendulum.PendulumAPP:_processSerialData:121 - 🔄 数据来源: 串口接收 -> PendulumState.physical_length
2025-09-02 15:07:58.283 | INFO     | Pendulum.PendulumAPP:_processSerialData:120 - 📏 串口长度数据已更新: L27.924513 -> physical_length=27.924513
2025-09-02 15:07:58.284 | INFO     | Pendulum.PendulumAPP:_processSerialData:121 - 🔄 数据来源: 串口接收 -> PendulumState.physical_length
2025-09-02 15:07:58.331 | INFO     | Pendulum.PendulumAPP:_processSerialData:120 - 📏 串口长度数据已更新: L27.924513 -> physical_length=27.924513
2025-09-02 15:07:58.332 | INFO     | Pendulum.PendulumAPP:_processSerialData:121 - 🔄 数据来源: 串口接收 -> PendulumState.physical_length
2025-09-02 15:07:58.377 | INFO     | Pendulum.PendulumAPP:_processSerialData:120 - 📏 串口长度数据已更新: L27.924513 -> physical_length=27.924513
2025-09-02 15:07:58.379 | INFO     | Pendulum.PendulumAPP:_processSerialData:121 - 🔄 数据来源: 串口接收 -> PendulumState.physical_length
2025-09-02 15:07:58.424 | INFO     | Pendulum.PendulumAPP:_processSerialData:120 - 📏 串口长度数据已更新: L27.924513 -> physical_length=27.924513
2025-09-02 15:07:58.425 | INFO     | Pendulum.PendulumAPP:_processSerialData:121 - 🔄 数据来源: 串口接收 -> PendulumState.physical_length
2025-09-02 15:07:58.470 | INFO     | Pendulum.PendulumAPP:_processSerialData:120 - 📏 串口长度数据已更新: L27.924513 -> physical_length=27.924513
2025-09-02 15:07:58.470 | INFO     | Pendulum.PendulumAPP:_processSerialData:121 - 🔄 数据来源: 串口接收 -> PendulumState.physical_length
2025-09-02 15:07:58.516 | INFO     | Pendulum.PendulumAPP:_processSerialData:120 - 📏 串口长度数据已更新: L27.924513 -> physical_length=27.924513
2025-09-02 15:07:58.517 | INFO     | Pendulum.PendulumAPP:_processSerialData:121 - 🔄 数据来源: 串口接收 -> PendulumState.physical_length
2025-09-02 15:07:58.578 | INFO     | Pendulum.PendulumAPP:_processSerialData:120 - 📏 串口长度数据已更新: L27.924513 -> physical_length=27.924513
2025-09-02 15:07:58.580 | INFO     | Pendulum.PendulumAPP:_processSerialData:121 - 🔄 数据来源: 串口接收 -> PendulumState.physical_length
2025-09-02 15:07:58.639 | INFO     | Pendulum.PendulumAPP:_processSerialData:120 - 📏 串口长度数据已更新: L27.924513 -> physical_length=27.924513
2025-09-02 15:07:58.641 | INFO     | Pendulum.PendulumAPP:_processSerialData:121 - 🔄 数据来源: 串口接收 -> PendulumState.physical_length
2025-09-02 15:07:58.686 | INFO     | Pendulum.PendulumAPP:_processSerialData:120 - 📏 串口长度数据已更新: L27.924513 -> physical_length=27.924513
2025-09-02 15:07:58.687 | INFO     | Pendulum.PendulumAPP:_processSerialData:121 - 🔄 数据来源: 串口接收 -> PendulumState.physical_length
2025-09-02 15:07:58.732 | INFO     | Pendulum.PendulumAPP:_processSerialData:120 - 📏 串口长度数据已更新: L27.924513 -> physical_length=27.924513
2025-09-02 15:07:58.733 | INFO     | Pendulum.PendulumAPP:_processSerialData:121 - 🔄 数据来源: 串口接收 -> PendulumState.physical_length
2025-09-02 15:07:58.781 | INFO     | Pendulum.PendulumAPP:_processSerialData:120 - 📏 串口长度数据已更新: L27.924513 -> physical_length=27.924513
2025-09-02 15:07:58.782 | INFO     | Pendulum.PendulumAPP:_processSerialData:121 - 🔄 数据来源: 串口接收 -> PendulumState.physical_length
2025-09-02 15:07:58.825 | INFO     | Pendulum.PendulumAPP:_processSerialData:120 - 📏 串口长度数据已更新: L27.924513 -> physical_length=27.924513
2025-09-02 15:07:58.826 | INFO     | Pendulum.PendulumAPP:_processSerialData:121 - 🔄 数据来源: 串口接收 -> PendulumState.physical_length
2025-09-02 15:07:58.872 | INFO     | Pendulum.PendulumAPP:_processSerialData:120 - 📏 串口长度数据已更新: L27.924513 -> physical_length=27.924513
2025-09-02 15:07:58.874 | INFO     | Pendulum.PendulumAPP:_processSerialData:121 - 🔄 数据来源: 串口接收 -> PendulumState.physical_length
2025-09-02 15:07:58.919 | INFO     | Pendulum.PendulumAPP:_processSerialData:120 - 📏 串口长度数据已更新: L27.924513 -> physical_length=27.924513
2025-09-02 15:07:58.920 | INFO     | Pendulum.PendulumAPP:_processSerialData:121 - 🔄 数据来源: 串口接收 -> PendulumState.physical_length
2025-09-02 15:07:58.967 | INFO     | Pendulum.PendulumAPP:_processSerialData:120 - 📏 串口长度数据已更新: L27.924513 -> physical_length=27.924513
2025-09-02 15:07:58.970 | INFO     | Pendulum.PendulumAPP:_processSerialData:121 - 🔄 数据来源: 串口接收 -> PendulumState.physical_length
2025-09-02 15:07:59.014 | INFO     | Pendulum.PendulumAPP:_processSerialData:120 - 📏 串口长度数据已更新: L27.924513 -> physical_length=27.924513
2025-09-02 15:07:59.014 | INFO     | Pendulum.PendulumAPP:_processSerialData:121 - 🔄 数据来源: 串口接收 -> PendulumState.physical_length
2025-09-02 15:07:59.064 | INFO     | Pendulum.PendulumAPP:_processSerialData:120 - 📏 串口长度数据已更新: L27.924513 -> physical_length=27.924513
2025-09-02 15:07:59.067 | INFO     | Pendulum.PendulumAPP:_processSerialData:121 - 🔄 数据来源: 串口接收 -> PendulumState.physical_length
2025-09-02 15:07:59.108 | INFO     | Pendulum.PendulumAPP:_processSerialData:120 - 📏 串口长度数据已更新: L27.924513 -> physical_length=27.924513
2025-09-02 15:07:59.109 | INFO     | Pendulum.PendulumAPP:_processSerialData:121 - 🔄 数据来源: 串口接收 -> PendulumState.physical_length
2025-09-02 15:07:59.154 | INFO     | Pendulum.PendulumAPP:_processSerialData:120 - 📏 串口长度数据已更新: L27.924513 -> physical_length=27.924513
2025-09-02 15:07:59.155 | INFO     | Pendulum.PendulumAPP:_processSerialData:121 - 🔄 数据来源: 串口接收 -> PendulumState.physical_length
2025-09-02 15:07:59.201 | INFO     | Pendulum.PendulumAPP:_processSerialData:120 - 📏 串口长度数据已更新: L27.924513 -> physical_length=27.924513
2025-09-02 15:07:59.202 | INFO     | Pendulum.PendulumAPP:_processSerialData:121 - 🔄 数据来源: 串口接收 -> PendulumState.physical_length
2025-09-02 15:07:59.247 | INFO     | Pendulum.PendulumAPP:_processSerialData:120 - 📏 串口长度数据已更新: L27.924513 -> physical_length=27.924513
2025-09-02 15:07:59.249 | INFO     | Pendulum.PendulumAPP:_processSerialData:121 - 🔄 数据来源: 串口接收 -> PendulumState.physical_length
2025-09-02 15:07:59.295 | INFO     | Pendulum.PendulumAPP:_processSerialData:120 - 📏 串口长度数据已更新: L27.924513 -> physical_length=27.924513
2025-09-02 15:07:59.296 | INFO     | Pendulum.PendulumAPP:_processSerialData:121 - 🔄 数据来源: 串口接收 -> PendulumState.physical_length
2025-09-02 15:07:59.342 | INFO     | Pendulum.PendulumAPP:_processSerialData:120 - 📏 串口长度数据已更新: L27.924513 -> physical_length=27.924513
2025-09-02 15:07:59.344 | INFO     | Pendulum.PendulumAPP:_processSerialData:121 - 🔄 数据来源: 串口接收 -> PendulumState.physical_length
2025-09-02 15:07:59.387 | INFO     | Pendulum.PendulumAPP:_processSerialData:120 - 📏 串口长度数据已更新: L27.924513 -> physical_length=27.924513
2025-09-02 15:07:59.387 | INFO     | Pendulum.PendulumAPP:_processSerialData:121 - 🔄 数据来源: 串口接收 -> PendulumState.physical_length
2025-09-02 15:07:59.434 | INFO     | Pendulum.PendulumAPP:_processSerialData:120 - 📏 串口长度数据已更新: L27.924513 -> physical_length=27.924513
2025-09-02 15:07:59.435 | INFO     | Pendulum.PendulumAPP:_processSerialData:121 - 🔄 数据来源: 串口接收 -> PendulumState.physical_length
2025-09-02 15:07:59.481 | INFO     | Pendulum.PendulumAPP:_processSerialData:120 - 📏 串口长度数据已更新: L27.924513 -> physical_length=27.924513
2025-09-02 15:07:59.482 | INFO     | Pendulum.PendulumAPP:_processSerialData:121 - 🔄 数据来源: 串口接收 -> PendulumState.physical_length
2025-09-02 15:07:59.529 | INFO     | Pendulum.PendulumAPP:_processSerialData:120 - 📏 串口长度数据已更新: L27.924513 -> physical_length=27.924513
2025-09-02 15:07:59.530 | INFO     | Pendulum.PendulumAPP:_processSerialData:121 - 🔄 数据来源: 串口接收 -> PendulumState.physical_length
2025-09-02 15:07:59.574 | INFO     | Pendulum.PendulumAPP:_processSerialData:120 - 📏 串口长度数据已更新: L27.924513 -> physical_length=27.924513
2025-09-02 15:07:59.576 | INFO     | Pendulum.PendulumAPP:_processSerialData:121 - 🔄 数据来源: 串口接收 -> PendulumState.physical_length
2025-09-02 15:07:59.620 | INFO     | Pendulum.PendulumAPP:_processSerialData:120 - 📏 串口长度数据已更新: L27.924513 -> physical_length=27.924513
2025-09-02 15:07:59.621 | INFO     | Pendulum.PendulumAPP:_processSerialData:121 - 🔄 数据来源: 串口接收 -> PendulumState.physical_length
2025-09-02 15:07:59.667 | INFO     | Pendulum.PendulumAPP:_processSerialData:120 - 📏 串口长度数据已更新: L27.924513 -> physical_length=27.924513
2025-09-02 15:07:59.668 | INFO     | Pendulum.PendulumAPP:_processSerialData:121 - 🔄 数据来源: 串口接收 -> PendulumState.physical_length
2025-09-02 15:07:59.714 | INFO     | Pendulum.PendulumAPP:_processSerialData:120 - 📏 串口长度数据已更新: L27.924513 -> physical_length=27.924513
2025-09-02 15:07:59.716 | INFO     | Pendulum.PendulumAPP:_processSerialData:121 - 🔄 数据来源: 串口接收 -> PendulumState.physical_length
2025-09-02 15:07:59.761 | INFO     | Pendulum.PendulumAPP:_processSerialData:120 - 📏 串口长度数据已更新: L27.924513 -> physical_length=27.924513
2025-09-02 15:07:59.762 | INFO     | Pendulum.PendulumAPP:_processSerialData:121 - 🔄 数据来源: 串口接收 -> PendulumState.physical_length
2025-09-02 15:07:59.808 | INFO     | Pendulum.PendulumAPP:_processSerialData:120 - 📏 串口长度数据已更新: L27.924513 -> physical_length=27.924513
2025-09-02 15:07:59.810 | INFO     | Pendulum.PendulumAPP:_processSerialData:121 - 🔄 数据来源: 串口接收 -> PendulumState.physical_length
2025-09-02 15:07:59.853 | INFO     | Pendulum.PendulumAPP:_processSerialData:120 - 📏 串口长度数据已更新: L27.924513 -> physical_length=27.924513
2025-09-02 15:07:59.854 | INFO     | Pendulum.PendulumAPP:_processSerialData:121 - 🔄 数据来源: 串口接收 -> PendulumState.physical_length
2025-09-02 15:07:59.900 | INFO     | Pendulum.PendulumAPP:_processSerialData:120 - 📏 串口长度数据已更新: L27.924513 -> physical_length=27.924513
2025-09-02 15:07:59.903 | INFO     | Pendulum.PendulumAPP:_processSerialData:121 - 🔄 数据来源: 串口接收 -> PendulumState.physical_length
2025-09-02 15:07:59.947 | INFO     | Pendulum.PendulumAPP:_processSerialData:120 - 📏 串口长度数据已更新: L27.924513 -> physical_length=27.924513
2025-09-02 15:07:59.948 | INFO     | Pendulum.PendulumAPP:_processSerialData:121 - 🔄 数据来源: 串口接收 -> PendulumState.physical_length
2025-09-02 15:07:59.993 | INFO     | Pendulum.PendulumAPP:_processSerialData:120 - 📏 串口长度数据已更新: L27.924513 -> physical_length=27.924513
2025-09-02 15:07:59.994 | INFO     | Pendulum.PendulumAPP:_processSerialData:121 - 🔄 数据来源: 串口接收 -> PendulumState.physical_length
2025-09-02 15:08:00.053 | INFO     | Pendulum.PendulumAPP:_processSerialData:120 - 📏 串口长度数据已更新: L27.924513 -> physical_length=27.924513
2025-09-02 15:08:00.054 | INFO     | Pendulum.PendulumAPP:_processSerialData:121 - 🔄 数据来源: 串口接收 -> PendulumState.physical_length
2025-09-02 15:08:00.101 | INFO     | Pendulum.PendulumAPP:_processSerialData:120 - 📏 串口长度数据已更新: L27.924513 -> physical_length=27.924513
2025-09-02 15:08:00.102 | INFO     | Pendulum.PendulumAPP:_processSerialData:121 - 🔄 数据来源: 串口接收 -> PendulumState.physical_length
2025-09-02 15:08:00.149 | INFO     | Pendulum.PendulumAPP:_processSerialData:120 - 📏 串口长度数据已更新: L27.924513 -> physical_length=27.924513
2025-09-02 15:08:00.149 | INFO     | Pendulum.PendulumAPP:_processSerialData:121 - 🔄 数据来源: 串口接收 -> PendulumState.physical_length
2025-09-02 15:08:00.195 | INFO     | Pendulum.PendulumAPP:_processSerialData:120 - 📏 串口长度数据已更新: L27.924513 -> physical_length=27.924513
2025-09-02 15:08:00.196 | INFO     | Pendulum.PendulumAPP:_processSerialData:121 - 🔄 数据来源: 串口接收 -> PendulumState.physical_length
2025-09-02 15:08:00.241 | INFO     | Pendulum.PendulumAPP:_processSerialData:120 - 📏 串口长度数据已更新: L27.924513 -> physical_length=27.924513
2025-09-02 15:08:00.242 | INFO     | Pendulum.PendulumAPP:_processSerialData:121 - 🔄 数据来源: 串口接收 -> PendulumState.physical_length
2025-09-02 15:08:00.288 | INFO     | Pendulum.PendulumAPP:_processSerialData:120 - 📏 串口长度数据已更新: L27.924513 -> physical_length=27.924513
2025-09-02 15:08:00.289 | INFO     | Pendulum.PendulumAPP:_processSerialData:121 - 🔄 数据来源: 串口接收 -> PendulumState.physical_length
2025-09-02 15:08:00.336 | INFO     | Pendulum.PendulumAPP:_processSerialData:120 - 📏 串口长度数据已更新: L27.924513 -> physical_length=27.924513
2025-09-02 15:08:00.337 | INFO     | Pendulum.PendulumAPP:_processSerialData:121 - 🔄 数据来源: 串口接收 -> PendulumState.physical_length
2025-09-02 15:08:00.381 | INFO     | Pendulum.PendulumAPP:_processSerialData:120 - 📏 串口长度数据已更新: L27.924513 -> physical_length=27.924513
2025-09-02 15:08:00.383 | INFO     | Pendulum.PendulumAPP:_processSerialData:121 - 🔄 数据来源: 串口接收 -> PendulumState.physical_length
2025-09-02 15:08:00.428 | INFO     | Pendulum.PendulumAPP:_processSerialData:120 - 📏 串口长度数据已更新: L27.924513 -> physical_length=27.924513
2025-09-02 15:08:00.431 | INFO     | Pendulum.PendulumAPP:_processSerialData:121 - 🔄 数据来源: 串口接收 -> PendulumState.physical_length
2025-09-02 15:08:00.475 | INFO     | Pendulum.PendulumAPP:_processSerialData:120 - 📏 串口长度数据已更新: L27.924513 -> physical_length=27.924513
2025-09-02 15:08:00.476 | INFO     | Pendulum.PendulumAPP:_processSerialData:121 - 🔄 数据来源: 串口接收 -> PendulumState.physical_length
2025-09-02 15:08:00.521 | INFO     | Pendulum.PendulumAPP:_processSerialData:120 - 📏 串口长度数据已更新: L27.924513 -> physical_length=27.924513
2025-09-02 15:08:00.523 | INFO     | Pendulum.PendulumAPP:_processSerialData:121 - 🔄 数据来源: 串口接收 -> PendulumState.physical_length
2025-09-02 15:08:00.569 | INFO     | Pendulum.PendulumAPP:_processSerialData:120 - 📏 串口长度数据已更新: L27.924513 -> physical_length=27.924513
2025-09-02 15:08:00.570 | INFO     | Pendulum.PendulumAPP:_processSerialData:121 - 🔄 数据来源: 串口接收 -> PendulumState.physical_length
2025-09-02 15:08:00.616 | INFO     | Pendulum.PendulumAPP:_processSerialData:120 - 📏 串口长度数据已更新: L27.924513 -> physical_length=27.924513
2025-09-02 15:08:00.617 | INFO     | Pendulum.PendulumAPP:_processSerialData:121 - 🔄 数据来源: 串口接收 -> PendulumState.physical_length
2025-09-02 15:08:00.660 | INFO     | Pendulum.PendulumAPP:_processSerialData:120 - 📏 串口长度数据已更新: L27.924513 -> physical_length=27.924513
2025-09-02 15:08:00.661 | INFO     | Pendulum.PendulumAPP:_processSerialData:121 - 🔄 数据来源: 串口接收 -> PendulumState.physical_length
2025-09-02 15:08:00.709 | INFO     | Pendulum.PendulumAPP:_processSerialData:120 - 📏 串口长度数据已更新: L27.924513 -> physical_length=27.924513
2025-09-02 15:08:00.710 | INFO     | Pendulum.PendulumAPP:_processSerialData:121 - 🔄 数据来源: 串口接收 -> PendulumState.physical_length
2025-09-02 15:08:00.754 | INFO     | Pendulum.PendulumAPP:_processSerialData:120 - 📏 串口长度数据已更新: L27.924513 -> physical_length=27.924513
2025-09-02 15:08:00.754 | INFO     | Pendulum.PendulumAPP:_processSerialData:121 - 🔄 数据来源: 串口接收 -> PendulumState.physical_length
2025-09-02 15:08:00.800 | INFO     | Pendulum.PendulumAPP:_processSerialData:120 - 📏 串口长度数据已更新: L27.924513 -> physical_length=27.924513
2025-09-02 15:08:00.801 | INFO     | Pendulum.PendulumAPP:_processSerialData:121 - 🔄 数据来源: 串口接收 -> PendulumState.physical_length
2025-09-02 15:08:00.848 | INFO     | Pendulum.PendulumAPP:_processSerialData:120 - 📏 串口长度数据已更新: L27.924513 -> physical_length=27.924513
2025-09-02 15:08:00.849 | INFO     | Pendulum.PendulumAPP:_processSerialData:121 - 🔄 数据来源: 串口接收 -> PendulumState.physical_length
2025-09-02 15:08:00.894 | INFO     | Pendulum.PendulumAPP:_processSerialData:120 - 📏 串口长度数据已更新: L27.924513 -> physical_length=27.924513
2025-09-02 15:08:00.895 | INFO     | Pendulum.PendulumAPP:_processSerialData:121 - 🔄 数据来源: 串口接收 -> PendulumState.physical_length
2025-09-02 15:08:00.940 | INFO     | Pendulum.PendulumAPP:_processSerialData:120 - 📏 串口长度数据已更新: L27.924513 -> physical_length=27.924513
2025-09-02 15:08:00.941 | INFO     | Pendulum.PendulumAPP:_processSerialData:121 - 🔄 数据来源: 串口接收 -> PendulumState.physical_length
2025-09-02 15:08:00.987 | INFO     | Pendulum.PendulumAPP:_processSerialData:120 - 📏 串口长度数据已更新: L27.924513 -> physical_length=27.924513
2025-09-02 15:08:00.987 | INFO     | Pendulum.PendulumAPP:_processSerialData:121 - 🔄 数据来源: 串口接收 -> PendulumState.physical_length
2025-09-02 15:08:01.036 | INFO     | Pendulum.PendulumAPP:_processSerialData:120 - 📏 串口长度数据已更新: L27.924513 -> physical_length=27.924513
2025-09-02 15:08:01.037 | INFO     | Pendulum.PendulumAPP:_processSerialData:121 - 🔄 数据来源: 串口接收 -> PendulumState.physical_length
2025-09-02 15:08:01.081 | INFO     | Pendulum.PendulumAPP:_processSerialData:120 - 📏 串口长度数据已更新: L27.924513 -> physical_length=27.924513
2025-09-02 15:08:01.082 | INFO     | Pendulum.PendulumAPP:_processSerialData:121 - 🔄 数据来源: 串口接收 -> PendulumState.physical_length
2025-09-02 15:08:01.127 | INFO     | Pendulum.PendulumAPP:_processSerialData:120 - 📏 串口长度数据已更新: L27.924513 -> physical_length=27.924513
2025-09-02 15:08:01.129 | INFO     | Pendulum.PendulumAPP:_processSerialData:121 - 🔄 数据来源: 串口接收 -> PendulumState.physical_length
2025-09-02 15:08:01.176 | INFO     | Pendulum.PendulumAPP:_processSerialData:120 - 📏 串口长度数据已更新: L27.924513 -> physical_length=27.924513
2025-09-02 15:08:01.177 | INFO     | Pendulum.PendulumAPP:_processSerialData:121 - 🔄 数据来源: 串口接收 -> PendulumState.physical_length
2025-09-02 15:08:01.223 | INFO     | Pendulum.PendulumAPP:_processSerialData:120 - 📏 串口长度数据已更新: L27.924513 -> physical_length=27.924513
2025-09-02 15:08:01.224 | INFO     | Pendulum.PendulumAPP:_processSerialData:121 - 🔄 数据来源: 串口接收 -> PendulumState.physical_length
2025-09-02 15:08:01.268 | INFO     | Pendulum.PendulumAPP:_processSerialData:120 - 📏 串口长度数据已更新: L27.924513 -> physical_length=27.924513
2025-09-02 15:08:01.269 | INFO     | Pendulum.PendulumAPP:_processSerialData:121 - 🔄 数据来源: 串口接收 -> PendulumState.physical_length
2025-09-02 15:08:01.314 | INFO     | Pendulum.PendulumAPP:_processSerialData:120 - 📏 串口长度数据已更新: L27.924513 -> physical_length=27.924513
2025-09-02 15:08:01.315 | INFO     | Pendulum.PendulumAPP:_processSerialData:121 - 🔄 数据来源: 串口接收 -> PendulumState.physical_length
2025-09-02 15:08:01.359 | INFO     | Pendulum.PendulumAPP:_processSerialData:120 - 📏 串口长度数据已更新: L27.924513 -> physical_length=27.924513
2025-09-02 15:08:01.360 | INFO     | Pendulum.PendulumAPP:_processSerialData:121 - 🔄 数据来源: 串口接收 -> PendulumState.physical_length
2025-09-02 15:08:01.406 | INFO     | Pendulum.PendulumAPP:_processSerialData:120 - 📏 串口长度数据已更新: L27.924513 -> physical_length=27.924513
2025-09-02 15:08:01.408 | INFO     | Pendulum.PendulumAPP:_processSerialData:121 - 🔄 数据来源: 串口接收 -> PendulumState.physical_length
2025-09-02 15:08:01.454 | INFO     | Pendulum.PendulumAPP:_processSerialData:120 - 📏 串口长度数据已更新: L27.924513 -> physical_length=27.924513
2025-09-02 15:08:01.456 | INFO     | Pendulum.PendulumAPP:_processSerialData:121 - 🔄 数据来源: 串口接收 -> PendulumState.physical_length
2025-09-02 15:08:01.501 | INFO     | Pendulum.PendulumAPP:_processSerialData:120 - 📏 串口长度数据已更新: L27.924513 -> physical_length=27.924513
2025-09-02 15:08:01.504 | INFO     | Pendulum.PendulumAPP:_processSerialData:121 - 🔄 数据来源: 串口接收 -> PendulumState.physical_length
2025-09-02 15:08:01.546 | INFO     | Pendulum.PendulumAPP:_processSerialData:120 - 📏 串口长度数据已更新: L27.924513 -> physical_length=27.924513
2025-09-02 15:08:01.547 | INFO     | Pendulum.PendulumAPP:_processSerialData:121 - 🔄 数据来源: 串口接收 -> PendulumState.physical_length
2025-09-02 15:08:01.593 | INFO     | Pendulum.PendulumAPP:_processSerialData:120 - 📏 串口长度数据已更新: L27.924513 -> physical_length=27.924513
2025-09-02 15:08:01.594 | INFO     | Pendulum.PendulumAPP:_processSerialData:121 - 🔄 数据来源: 串口接收 -> PendulumState.physical_length
2025-09-02 15:08:01.640 | INFO     | Pendulum.PendulumAPP:_processSerialData:120 - 📏 串口长度数据已更新: L27.924513 -> physical_length=27.924513
2025-09-02 15:08:01.641 | INFO     | Pendulum.PendulumAPP:_processSerialData:121 - 🔄 数据来源: 串口接收 -> PendulumState.physical_length
2025-09-02 15:08:01.686 | INFO     | Pendulum.PendulumAPP:_processSerialData:120 - 📏 串口长度数据已更新: L27.924513 -> physical_length=27.924513
2025-09-02 15:08:01.689 | INFO     | Pendulum.PendulumAPP:_processSerialData:121 - 🔄 数据来源: 串口接收 -> PendulumState.physical_length
2025-09-02 15:08:01.732 | INFO     | Pendulum.PendulumAPP:_processSerialData:120 - 📏 串口长度数据已更新: L27.924513 -> physical_length=27.924513
2025-09-02 15:08:01.733 | INFO     | Pendulum.PendulumAPP:_processSerialData:121 - 🔄 数据来源: 串口接收 -> PendulumState.physical_length
2025-09-02 15:08:01.778 | INFO     | Pendulum.PendulumAPP:_processSerialData:120 - 📏 串口长度数据已更新: L27.924513 -> physical_length=27.924513
2025-09-02 15:08:01.779 | INFO     | Pendulum.PendulumAPP:_processSerialData:121 - 🔄 数据来源: 串口接收 -> PendulumState.physical_length
2025-09-02 15:08:01.825 | INFO     | Pendulum.PendulumAPP:_processSerialData:120 - 📏 串口长度数据已更新: L27.924513 -> physical_length=27.924513
2025-09-02 15:08:01.826 | INFO     | Pendulum.PendulumAPP:_processSerialData:121 - 🔄 数据来源: 串口接收 -> PendulumState.physical_length
2025-09-02 15:08:01.871 | INFO     | Pendulum.PendulumAPP:_processSerialData:120 - 📏 串口长度数据已更新: L27.924513 -> physical_length=27.924513
2025-09-02 15:08:01.872 | INFO     | Pendulum.PendulumAPP:_processSerialData:121 - 🔄 数据来源: 串口接收 -> PendulumState.physical_length
2025-09-02 15:08:01.916 | INFO     | Pendulum.PendulumAPP:_processSerialData:120 - 📏 串口长度数据已更新: L27.924513 -> physical_length=27.924513
2025-09-02 15:08:01.918 | INFO     | Pendulum.PendulumAPP:_processSerialData:121 - 🔄 数据来源: 串口接收 -> PendulumState.physical_length
2025-09-02 15:08:01.962 | INFO     | Pendulum.PendulumAPP:_processSerialData:120 - 📏 串口长度数据已更新: L27.924513 -> physical_length=27.924513
2025-09-02 15:08:01.963 | INFO     | Pendulum.PendulumAPP:_processSerialData:121 - 🔄 数据来源: 串口接收 -> PendulumState.physical_length
2025-09-02 15:08:02.011 | INFO     | Pendulum.PendulumAPP:_keyEventWeb:286 - d0
2025-09-02 15:08:02.012 | INFO     | Pendulum.SerialConncet:send:199 - sendd0
2025-09-02 15:08:02.013 | INFO     | Pendulum.SerialConncet:send:201 - [发送] d0
2025-09-02 15:08:02.024 | INFO     | Pendulum.PendulumAPP:_processSerialData:120 - 📏 串口长度数据已更新: L27.924513 -> physical_length=27.924513
2025-09-02 15:08:02.027 | INFO     | Pendulum.PendulumAPP:_processSerialData:121 - 🔄 数据来源: 串口接收 -> PendulumState.physical_length
2025-09-02 15:08:02.070 | INFO     | Pendulum.PendulumAPP:_processSerialData:120 - 📏 串口长度数据已更新: L27.924513 -> physical_length=27.924513
2025-09-02 15:08:02.071 | INFO     | Pendulum.PendulumAPP:_processSerialData:121 - 🔄 数据来源: 串口接收 -> PendulumState.physical_length
2025-09-02 15:08:02.117 | INFO     | Pendulum.PendulumAPP:_processSerialData:120 - 📏 串口长度数据已更新: L27.924513 -> physical_length=27.924513
2025-09-02 15:08:02.119 | INFO     | Pendulum.PendulumAPP:_processSerialData:121 - 🔄 数据来源: 串口接收 -> PendulumState.physical_length
2025-09-02 15:08:02.163 | INFO     | Pendulum.PendulumAPP:_processSerialData:120 - 📏 串口长度数据已更新: L27.924513 -> physical_length=27.924513
2025-09-02 15:08:02.164 | INFO     | Pendulum.PendulumAPP:_processSerialData:121 - 🔄 数据来源: 串口接收 -> PendulumState.physical_length
2025-09-02 15:08:02.211 | INFO     | Pendulum.PendulumAPP:_processSerialData:120 - 📏 串口长度数据已更新: L27.924513 -> physical_length=27.924513
2025-09-02 15:08:02.211 | INFO     | Pendulum.PendulumAPP:_processSerialData:121 - 🔄 数据来源: 串口接收 -> PendulumState.physical_length
2025-09-02 15:08:02.257 | INFO     | Pendulum.PendulumAPP:_processSerialData:120 - 📏 串口长度数据已更新: L27.924513 -> physical_length=27.924513
2025-09-02 15:08:02.258 | INFO     | Pendulum.PendulumAPP:_processSerialData:121 - 🔄 数据来源: 串口接收 -> PendulumState.physical_length
2025-09-02 15:08:02.303 | INFO     | Pendulum.PendulumAPP:_processSerialData:120 - 📏 串口长度数据已更新: L27.924513 -> physical_length=27.924513
2025-09-02 15:08:02.305 | INFO     | Pendulum.PendulumAPP:_processSerialData:121 - 🔄 数据来源: 串口接收 -> PendulumState.physical_length
2025-09-02 15:08:02.349 | INFO     | Pendulum.PendulumAPP:_processSerialData:120 - 📏 串口长度数据已更新: L27.924513 -> physical_length=27.924513
2025-09-02 15:08:02.352 | INFO     | Pendulum.PendulumAPP:_processSerialData:121 - 🔄 数据来源: 串口接收 -> PendulumState.physical_length
2025-09-02 15:08:02.396 | INFO     | Pendulum.PendulumAPP:_processSerialData:120 - 📏 串口长度数据已更新: L27.924513 -> physical_length=27.924513
2025-09-02 15:08:02.396 | INFO     | Pendulum.PendulumAPP:_processSerialData:121 - 🔄 数据来源: 串口接收 -> PendulumState.physical_length
2025-09-02 15:08:02.443 | INFO     | Pendulum.PendulumAPP:_processSerialData:120 - 📏 串口长度数据已更新: L27.924513 -> physical_length=27.924513
2025-09-02 15:08:02.445 | INFO     | Pendulum.PendulumAPP:_processSerialData:121 - 🔄 数据来源: 串口接收 -> PendulumState.physical_length
2025-09-02 15:08:02.490 | INFO     | Pendulum.PendulumAPP:_processSerialData:120 - 📏 串口长度数据已更新: L27.924513 -> physical_length=27.924513
2025-09-02 15:08:02.491 | INFO     | Pendulum.PendulumAPP:_processSerialData:121 - 🔄 数据来源: 串口接收 -> PendulumState.physical_length
2025-09-02 15:08:02.537 | INFO     | Pendulum.PendulumAPP:_processSerialData:120 - 📏 串口长度数据已更新: L27.924513 -> physical_length=27.924513
2025-09-02 15:08:02.538 | INFO     | Pendulum.PendulumAPP:_processSerialData:121 - 🔄 数据来源: 串口接收 -> PendulumState.physical_length
2025-09-02 15:08:02.583 | INFO     | Pendulum.PendulumAPP:_processSerialData:120 - 📏 串口长度数据已更新: L27.924513 -> physical_length=27.924513
2025-09-02 15:08:02.584 | INFO     | Pendulum.PendulumAPP:_processSerialData:121 - 🔄 数据来源: 串口接收 -> PendulumState.physical_length
2025-09-02 15:08:02.629 | INFO     | Pendulum.PendulumAPP:_processSerialData:120 - 📏 串口长度数据已更新: L27.924513 -> physical_length=27.924513
2025-09-02 15:08:02.630 | INFO     | Pendulum.PendulumAPP:_processSerialData:121 - 🔄 数据来源: 串口接收 -> PendulumState.physical_length
2025-09-02 15:08:02.674 | INFO     | Pendulum.PendulumAPP:_processSerialData:120 - 📏 串口长度数据已更新: L27.924513 -> physical_length=27.924513
2025-09-02 15:08:02.675 | INFO     | Pendulum.PendulumAPP:_processSerialData:121 - 🔄 数据来源: 串口接收 -> PendulumState.physical_length
2025-09-02 15:08:02.721 | INFO     | Pendulum.PendulumAPP:_processSerialData:120 - 📏 串口长度数据已更新: L27.924513 -> physical_length=27.924513
2025-09-02 15:08:02.724 | INFO     | Pendulum.PendulumAPP:_processSerialData:121 - 🔄 数据来源: 串口接收 -> PendulumState.physical_length
2025-09-02 15:08:02.767 | INFO     | Pendulum.PendulumAPP:_processSerialData:120 - 📏 串口长度数据已更新: L27.924513 -> physical_length=27.924513
2025-09-02 15:08:02.768 | INFO     | Pendulum.PendulumAPP:_processSerialData:121 - 🔄 数据来源: 串口接收 -> PendulumState.physical_length
2025-09-02 15:08:02.815 | INFO     | Pendulum.PendulumAPP:_processSerialData:120 - 📏 串口长度数据已更新: L27.924513 -> physical_length=27.924513
2025-09-02 15:08:02.816 | INFO     | Pendulum.PendulumAPP:_processSerialData:121 - 🔄 数据来源: 串口接收 -> PendulumState.physical_length
2025-09-02 15:08:02.861 | INFO     | Pendulum.PendulumAPP:_processSerialData:120 - 📏 串口长度数据已更新: L27.924513 -> physical_length=27.924513
2025-09-02 15:08:02.864 | INFO     | Pendulum.PendulumAPP:_processSerialData:121 - 🔄 数据来源: 串口接收 -> PendulumState.physical_length
2025-09-02 15:08:02.907 | INFO     | Pendulum.PendulumAPP:_processSerialData:120 - 📏 串口长度数据已更新: L27.924513 -> physical_length=27.924513
2025-09-02 15:08:02.909 | INFO     | Pendulum.PendulumAPP:_processSerialData:121 - 🔄 数据来源: 串口接收 -> PendulumState.physical_length
2025-09-02 15:08:02.953 | INFO     | Pendulum.PendulumAPP:_processSerialData:120 - 📏 串口长度数据已更新: L27.924513 -> physical_length=27.924513
2025-09-02 15:08:02.956 | INFO     | Pendulum.PendulumAPP:_processSerialData:121 - 🔄 数据来源: 串口接收 -> PendulumState.physical_length
2025-09-02 15:08:02.998 | INFO     | Pendulum.PendulumAPP:_processSerialData:120 - 📏 串口长度数据已更新: L27.924513 -> physical_length=27.924513
2025-09-02 15:08:02.999 | INFO     | Pendulum.PendulumAPP:_processSerialData:121 - 🔄 数据来源: 串口接收 -> PendulumState.physical_length
2025-09-02 15:08:03.046 | INFO     | Pendulum.PendulumAPP:_processSerialData:120 - 📏 串口长度数据已更新: L27.924513 -> physical_length=27.924513
2025-09-02 15:08:03.048 | INFO     | Pendulum.PendulumAPP:_processSerialData:121 - 🔄 数据来源: 串口接收 -> PendulumState.physical_length
2025-09-02 15:08:03.093 | INFO     | Pendulum.PendulumAPP:_processSerialData:120 - 📏 串口长度数据已更新: L27.924513 -> physical_length=27.924513
2025-09-02 15:08:03.095 | INFO     | Pendulum.PendulumAPP:_processSerialData:121 - 🔄 数据来源: 串口接收 -> PendulumState.physical_length
2025-09-02 15:08:03.154 | INFO     | Pendulum.PendulumAPP:_processSerialData:120 - 📏 串口长度数据已更新: L27.924513 -> physical_length=27.924513
2025-09-02 15:08:03.155 | INFO     | Pendulum.PendulumAPP:_processSerialData:121 - 🔄 数据来源: 串口接收 -> PendulumState.physical_length
2025-09-02 15:08:03.200 | INFO     | Pendulum.PendulumAPP:_processSerialData:120 - 📏 串口长度数据已更新: L27.924513 -> physical_length=27.924513
2025-09-02 15:08:03.200 | INFO     | Pendulum.PendulumAPP:_processSerialData:121 - 🔄 数据来源: 串口接收 -> PendulumState.physical_length
2025-09-02 15:08:03.248 | INFO     | Pendulum.PendulumAPP:_processSerialData:120 - 📏 串口长度数据已更新: L27.924513 -> physical_length=27.924513
2025-09-02 15:08:03.250 | INFO     | Pendulum.PendulumAPP:_processSerialData:121 - 🔄 数据来源: 串口接收 -> PendulumState.physical_length
2025-09-02 15:08:03.293 | INFO     | Pendulum.PendulumAPP:_processSerialData:120 - 📏 串口长度数据已更新: L27.924513 -> physical_length=27.924513
2025-09-02 15:08:03.294 | INFO     | Pendulum.PendulumAPP:_processSerialData:121 - 🔄 数据来源: 串口接收 -> PendulumState.physical_length
2025-09-02 15:08:03.340 | INFO     | Pendulum.PendulumAPP:_processSerialData:120 - 📏 串口长度数据已更新: L27.924513 -> physical_length=27.924513
2025-09-02 15:08:03.340 | INFO     | Pendulum.PendulumAPP:_processSerialData:121 - 🔄 数据来源: 串口接收 -> PendulumState.physical_length
2025-09-02 15:08:03.387 | INFO     | Pendulum.PendulumAPP:_processSerialData:120 - 📏 串口长度数据已更新: L27.924513 -> physical_length=27.924513
2025-09-02 15:08:03.390 | INFO     | Pendulum.PendulumAPP:_processSerialData:121 - 🔄 数据来源: 串口接收 -> PendulumState.physical_length
2025-09-02 15:08:03.433 | INFO     | Pendulum.PendulumAPP:_processSerialData:120 - 📏 串口长度数据已更新: L27.924513 -> physical_length=27.924513
2025-09-02 15:08:03.434 | INFO     | Pendulum.PendulumAPP:_processSerialData:121 - 🔄 数据来源: 串口接收 -> PendulumState.physical_length
2025-09-02 15:08:03.479 | INFO     | Pendulum.PendulumAPP:_processSerialData:120 - 📏 串口长度数据已更新: L27.924513 -> physical_length=27.924513
2025-09-02 15:08:03.481 | INFO     | Pendulum.PendulumAPP:_processSerialData:121 - 🔄 数据来源: 串口接收 -> PendulumState.physical_length
2025-09-02 15:08:03.525 | INFO     | Pendulum.PendulumAPP:_processSerialData:120 - 📏 串口长度数据已更新: L27.924513 -> physical_length=27.924513
2025-09-02 15:08:03.527 | INFO     | Pendulum.PendulumAPP:_processSerialData:121 - 🔄 数据来源: 串口接收 -> PendulumState.physical_length
2025-09-02 15:08:03.572 | INFO     | Pendulum.PendulumAPP:_processSerialData:120 - 📏 串口长度数据已更新: L27.924513 -> physical_length=27.924513
2025-09-02 15:08:03.573 | INFO     | Pendulum.PendulumAPP:_processSerialData:121 - 🔄 数据来源: 串口接收 -> PendulumState.physical_length
2025-09-02 15:08:03.620 | INFO     | Pendulum.PendulumAPP:_processSerialData:120 - 📏 串口长度数据已更新: L27.924513 -> physical_length=27.924513
2025-09-02 15:08:03.621 | INFO     | Pendulum.PendulumAPP:_processSerialData:121 - 🔄 数据来源: 串口接收 -> PendulumState.physical_length
2025-09-02 15:08:03.666 | INFO     | Pendulum.PendulumAPP:_processSerialData:120 - 📏 串口长度数据已更新: L27.924513 -> physical_length=27.924513
2025-09-02 15:08:03.668 | INFO     | Pendulum.PendulumAPP:_processSerialData:121 - 🔄 数据来源: 串口接收 -> PendulumState.physical_length
2025-09-02 15:08:03.712 | INFO     | Pendulum.PendulumAPP:_processSerialData:120 - 📏 串口长度数据已更新: L27.924513 -> physical_length=27.924513
2025-09-02 15:08:03.713 | INFO     | Pendulum.PendulumAPP:_processSerialData:121 - 🔄 数据来源: 串口接收 -> PendulumState.physical_length
2025-09-02 15:08:03.758 | INFO     | Pendulum.PendulumAPP:_processSerialData:120 - 📏 串口长度数据已更新: L27.924513 -> physical_length=27.924513
2025-09-02 15:08:03.760 | INFO     | Pendulum.PendulumAPP:_processSerialData:121 - 🔄 数据来源: 串口接收 -> PendulumState.physical_length
2025-09-02 15:08:03.805 | INFO     | Pendulum.PendulumAPP:_processSerialData:120 - 📏 串口长度数据已更新: L27.924513 -> physical_length=27.924513
2025-09-02 15:08:03.806 | INFO     | Pendulum.PendulumAPP:_processSerialData:121 - 🔄 数据来源: 串口接收 -> PendulumState.physical_length
2025-09-02 15:08:03.853 | INFO     | Pendulum.PendulumAPP:_processSerialData:120 - 📏 串口长度数据已更新: L27.924513 -> physical_length=27.924513
2025-09-02 15:08:03.854 | INFO     | Pendulum.PendulumAPP:_processSerialData:121 - 🔄 数据来源: 串口接收 -> PendulumState.physical_length
2025-09-02 15:08:03.898 | INFO     | Pendulum.PendulumAPP:_processSerialData:120 - 📏 串口长度数据已更新: L27.924513 -> physical_length=27.924513
2025-09-02 15:08:03.899 | INFO     | Pendulum.PendulumAPP:_processSerialData:121 - 🔄 数据来源: 串口接收 -> PendulumState.physical_length
2025-09-02 15:08:03.945 | INFO     | Pendulum.PendulumAPP:_processSerialData:120 - 📏 串口长度数据已更新: L27.924513 -> physical_length=27.924513
2025-09-02 15:08:03.947 | INFO     | Pendulum.PendulumAPP:_processSerialData:121 - 🔄 数据来源: 串口接收 -> PendulumState.physical_length
2025-09-02 15:08:03.990 | INFO     | Pendulum.PendulumAPP:_processSerialData:120 - 📏 串口长度数据已更新: L27.924513 -> physical_length=27.924513
2025-09-02 15:08:03.990 | INFO     | Pendulum.PendulumAPP:_processSerialData:121 - 🔄 数据来源: 串口接收 -> PendulumState.physical_length
2025-09-02 15:08:04.036 | INFO     | Pendulum.PendulumAPP:_processSerialData:120 - 📏 串口长度数据已更新: L27.924513 -> physical_length=27.924513
2025-09-02 15:08:04.037 | INFO     | Pendulum.PendulumAPP:_processSerialData:121 - 🔄 数据来源: 串口接收 -> PendulumState.physical_length
2025-09-02 15:08:04.083 | INFO     | Pendulum.PendulumAPP:_processSerialData:120 - 📏 串口长度数据已更新: L27.924513 -> physical_length=27.924513
2025-09-02 15:08:04.084 | INFO     | Pendulum.PendulumAPP:_processSerialData:121 - 🔄 数据来源: 串口接收 -> PendulumState.physical_length
2025-09-02 15:08:04.130 | INFO     | Pendulum.PendulumAPP:_processSerialData:120 - 📏 串口长度数据已更新: L27.924513 -> physical_length=27.924513
2025-09-02 15:08:04.130 | INFO     | Pendulum.PendulumAPP:_processSerialData:121 - 🔄 数据来源: 串口接收 -> PendulumState.physical_length
2025-09-02 15:08:04.176 | INFO     | Pendulum.PendulumAPP:_processSerialData:120 - 📏 串口长度数据已更新: L27.924513 -> physical_length=27.924513
2025-09-02 15:08:04.177 | INFO     | Pendulum.PendulumAPP:_processSerialData:121 - 🔄 数据来源: 串口接收 -> PendulumState.physical_length
2025-09-02 15:08:04.222 | INFO     | Pendulum.PendulumAPP:_processSerialData:120 - 📏 串口长度数据已更新: L27.924513 -> physical_length=27.924513
2025-09-02 15:08:04.225 | INFO     | Pendulum.PendulumAPP:_processSerialData:121 - 🔄 数据来源: 串口接收 -> PendulumState.physical_length
2025-09-02 15:08:04.268 | INFO     | Pendulum.PendulumAPP:_processSerialData:120 - 📏 串口长度数据已更新: L27.924513 -> physical_length=27.924513
2025-09-02 15:08:04.269 | INFO     | Pendulum.PendulumAPP:_processSerialData:121 - 🔄 数据来源: 串口接收 -> PendulumState.physical_length
2025-09-02 15:08:04.314 | INFO     | Pendulum.PendulumAPP:_processSerialData:120 - 📏 串口长度数据已更新: L27.924513 -> physical_length=27.924513
2025-09-02 15:08:04.316 | INFO     | Pendulum.PendulumAPP:_processSerialData:121 - 🔄 数据来源: 串口接收 -> PendulumState.physical_length
2025-09-02 15:08:04.360 | INFO     | Pendulum.PendulumAPP:_processSerialData:120 - 📏 串口长度数据已更新: L27.924513 -> physical_length=27.924513
2025-09-02 15:08:04.362 | INFO     | Pendulum.PendulumAPP:_processSerialData:121 - 🔄 数据来源: 串口接收 -> PendulumState.physical_length
2025-09-02 15:08:04.406 | INFO     | Pendulum.PendulumAPP:_processSerialData:120 - 📏 串口长度数据已更新: L27.924513 -> physical_length=27.924513
2025-09-02 15:08:04.408 | INFO     | Pendulum.PendulumAPP:_processSerialData:121 - 🔄 数据来源: 串口接收 -> PendulumState.physical_length
2025-09-02 15:08:04.451 | INFO     | Pendulum.PendulumAPP:_processSerialData:120 - 📏 串口长度数据已更新: L27.924513 -> physical_length=27.924513
2025-09-02 15:08:04.451 | INFO     | Pendulum.PendulumAPP:_processSerialData:121 - 🔄 数据来源: 串口接收 -> PendulumState.physical_length
2025-09-02 15:08:04.498 | INFO     | Pendulum.PendulumAPP:_processSerialData:120 - 📏 串口长度数据已更新: L27.924513 -> physical_length=27.924513
2025-09-02 15:08:04.499 | INFO     | Pendulum.PendulumAPP:_processSerialData:121 - 🔄 数据来源: 串口接收 -> PendulumState.physical_length
2025-09-02 15:08:04.544 | INFO     | Pendulum.PendulumAPP:_processSerialData:120 - 📏 串口长度数据已更新: L27.924513 -> physical_length=27.924513
2025-09-02 15:08:04.545 | INFO     | Pendulum.PendulumAPP:_processSerialData:121 - 🔄 数据来源: 串口接收 -> PendulumState.physical_length
2025-09-02 15:08:04.592 | INFO     | Pendulum.PendulumAPP:_processSerialData:120 - 📏 串口长度数据已更新: L27.924513 -> physical_length=27.924513
2025-09-02 15:08:04.593 | INFO     | Pendulum.PendulumAPP:_processSerialData:121 - 🔄 数据来源: 串口接收 -> PendulumState.physical_length
2025-09-02 15:08:04.637 | INFO     | Pendulum.PendulumAPP:_processSerialData:120 - 📏 串口长度数据已更新: L27.924513 -> physical_length=27.924513
2025-09-02 15:08:04.638 | INFO     | Pendulum.PendulumAPP:_processSerialData:121 - 🔄 数据来源: 串口接收 -> PendulumState.physical_length
2025-09-02 15:08:04.684 | INFO     | Pendulum.PendulumAPP:_processSerialData:120 - 📏 串口长度数据已更新: L27.924513 -> physical_length=27.924513
2025-09-02 15:08:04.686 | INFO     | Pendulum.PendulumAPP:_processSerialData:121 - 🔄 数据来源: 串口接收 -> PendulumState.physical_length
2025-09-02 15:08:04.729 | INFO     | Pendulum.PendulumAPP:_processSerialData:120 - 📏 串口长度数据已更新: L27.924513 -> physical_length=27.924513
2025-09-02 15:08:04.730 | INFO     | Pendulum.PendulumAPP:_processSerialData:121 - 🔄 数据来源: 串口接收 -> PendulumState.physical_length
2025-09-02 15:08:04.776 | INFO     | Pendulum.PendulumAPP:_processSerialData:120 - 📏 串口长度数据已更新: L27.924513 -> physical_length=27.924513
2025-09-02 15:08:04.777 | INFO     | Pendulum.PendulumAPP:_processSerialData:121 - 🔄 数据来源: 串口接收 -> PendulumState.physical_length
2025-09-02 15:08:04.821 | INFO     | Pendulum.PendulumAPP:_processSerialData:120 - 📏 串口长度数据已更新: L27.924513 -> physical_length=27.924513
2025-09-02 15:08:04.823 | INFO     | Pendulum.PendulumAPP:_processSerialData:121 - 🔄 数据来源: 串口接收 -> PendulumState.physical_length
2025-09-02 15:08:04.867 | INFO     | Pendulum.PendulumAPP:_processSerialData:120 - 📏 串口长度数据已更新: L27.924513 -> physical_length=27.924513
2025-09-02 15:08:04.870 | INFO     | Pendulum.PendulumAPP:_processSerialData:121 - 🔄 数据来源: 串口接收 -> PendulumState.physical_length
2025-09-02 15:08:04.913 | INFO     | Pendulum.PendulumAPP:_processSerialData:120 - 📏 串口长度数据已更新: L27.924513 -> physical_length=27.924513
2025-09-02 15:08:04.914 | INFO     | Pendulum.PendulumAPP:_processSerialData:121 - 🔄 数据来源: 串口接收 -> PendulumState.physical_length
2025-09-02 15:08:04.959 | INFO     | Pendulum.PendulumAPP:_processSerialData:120 - 📏 串口长度数据已更新: L27.924513 -> physical_length=27.924513
2025-09-02 15:08:04.959 | INFO     | Pendulum.PendulumAPP:_processSerialData:121 - 🔄 数据来源: 串口接收 -> PendulumState.physical_length
2025-09-02 15:08:05.007 | INFO     | Pendulum.PendulumAPP:_processSerialData:120 - 📏 串口长度数据已更新: L27.924513 -> physical_length=27.924513
2025-09-02 15:08:05.010 | INFO     | Pendulum.PendulumAPP:_processSerialData:121 - 🔄 数据来源: 串口接收 -> PendulumState.physical_length
2025-09-02 15:08:05.053 | INFO     | Pendulum.PendulumAPP:_processSerialData:120 - 📏 串口长度数据已更新: L27.924513 -> physical_length=27.924513
2025-09-02 15:08:05.057 | INFO     | Pendulum.PendulumAPP:_processSerialData:121 - 🔄 数据来源: 串口接收 -> PendulumState.physical_length
2025-09-02 15:08:05.102 | INFO     | Pendulum.PendulumAPP:_processSerialData:120 - 📏 串口长度数据已更新: L27.924513 -> physical_length=27.924513
2025-09-02 15:08:05.104 | INFO     | Pendulum.PendulumAPP:_processSerialData:121 - 🔄 数据来源: 串口接收 -> PendulumState.physical_length
2025-09-02 15:08:05.149 | INFO     | Pendulum.PendulumAPP:_processSerialData:120 - 📏 串口长度数据已更新: L27.924513 -> physical_length=27.924513
2025-09-02 15:08:05.151 | INFO     | Pendulum.PendulumAPP:_processSerialData:121 - 🔄 数据来源: 串口接收 -> PendulumState.physical_length
2025-09-02 15:08:05.195 | INFO     | Pendulum.PendulumAPP:_processSerialData:120 - 📏 串口长度数据已更新: L27.924513 -> physical_length=27.924513
2025-09-02 15:08:05.197 | INFO     | Pendulum.PendulumAPP:_processSerialData:121 - 🔄 数据来源: 串口接收 -> PendulumState.physical_length
2025-09-02 15:08:05.242 | INFO     | Pendulum.PendulumAPP:_processSerialData:120 - 📏 串口长度数据已更新: L27.924513 -> physical_length=27.924513
2025-09-02 15:08:05.243 | INFO     | Pendulum.PendulumAPP:_processSerialData:121 - 🔄 数据来源: 串口接收 -> PendulumState.physical_length
2025-09-02 15:08:05.289 | INFO     | Pendulum.PendulumAPP:_processSerialData:120 - 📏 串口长度数据已更新: L27.924513 -> physical_length=27.924513
2025-09-02 15:08:05.290 | INFO     | Pendulum.PendulumAPP:_processSerialData:121 - 🔄 数据来源: 串口接收 -> PendulumState.physical_length
2025-09-02 15:08:05.336 | INFO     | Pendulum.PendulumAPP:_processSerialData:120 - 📏 串口长度数据已更新: L27.924513 -> physical_length=27.924513
2025-09-02 15:08:05.337 | INFO     | Pendulum.PendulumAPP:_processSerialData:121 - 🔄 数据来源: 串口接收 -> PendulumState.physical_length
2025-09-02 15:08:05.382 | INFO     | Pendulum.PendulumAPP:_processSerialData:120 - 📏 串口长度数据已更新: L27.924513 -> physical_length=27.924513
2025-09-02 15:08:05.384 | INFO     | Pendulum.PendulumAPP:_processSerialData:121 - 🔄 数据来源: 串口接收 -> PendulumState.physical_length
2025-09-02 15:08:05.427 | INFO     | Pendulum.PendulumAPP:_processSerialData:120 - 📏 串口长度数据已更新: L27.924513 -> physical_length=27.924513
2025-09-02 15:08:05.428 | INFO     | Pendulum.PendulumAPP:_processSerialData:121 - 🔄 数据来源: 串口接收 -> PendulumState.physical_length
2025-09-02 15:08:05.474 | INFO     | Pendulum.PendulumAPP:_processSerialData:120 - 📏 串口长度数据已更新: L27.924513 -> physical_length=27.924513
2025-09-02 15:08:05.475 | INFO     | Pendulum.PendulumAPP:_processSerialData:121 - 🔄 数据来源: 串口接收 -> PendulumState.physical_length
2025-09-02 15:08:05.521 | INFO     | Pendulum.PendulumAPP:_processSerialData:120 - 📏 串口长度数据已更新: L27.924513 -> physical_length=27.924513
2025-09-02 15:08:05.522 | INFO     | Pendulum.PendulumAPP:_processSerialData:121 - 🔄 数据来源: 串口接收 -> PendulumState.physical_length
2025-09-02 15:08:05.565 | INFO     | Pendulum.PendulumAPP:_processSerialData:120 - 📏 串口长度数据已更新: L27.924513 -> physical_length=27.924513
2025-09-02 15:08:05.568 | INFO     | Pendulum.PendulumAPP:_processSerialData:121 - 🔄 数据来源: 串口接收 -> PendulumState.physical_length
2025-09-02 15:08:05.614 | INFO     | Pendulum.PendulumAPP:_processSerialData:120 - 📏 串口长度数据已更新: L27.924513 -> physical_length=27.924513
2025-09-02 15:08:05.616 | INFO     | Pendulum.PendulumAPP:_processSerialData:121 - 🔄 数据来源: 串口接收 -> PendulumState.physical_length
2025-09-02 15:08:05.661 | INFO     | Pendulum.PendulumAPP:_processSerialData:120 - 📏 串口长度数据已更新: L27.924513 -> physical_length=27.924513
2025-09-02 15:08:05.661 | INFO     | Pendulum.PendulumAPP:_processSerialData:121 - 🔄 数据来源: 串口接收 -> PendulumState.physical_length
2025-09-02 15:08:05.709 | INFO     | Pendulum.PendulumAPP:_processSerialData:120 - 📏 串口长度数据已更新: L27.924513 -> physical_length=27.924513
2025-09-02 15:08:05.710 | INFO     | Pendulum.PendulumAPP:_processSerialData:121 - 🔄 数据来源: 串口接收 -> PendulumState.physical_length
2025-09-02 15:08:05.754 | INFO     | Pendulum.PendulumAPP:_processSerialData:120 - 📏 串口长度数据已更新: L27.924513 -> physical_length=27.924513
2025-09-02 15:08:05.755 | INFO     | Pendulum.PendulumAPP:_processSerialData:121 - 🔄 数据来源: 串口接收 -> PendulumState.physical_length
2025-09-02 15:08:05.799 | INFO     | Pendulum.PendulumAPP:_processSerialData:120 - 📏 串口长度数据已更新: L27.924513 -> physical_length=27.924513
2025-09-02 15:08:05.800 | INFO     | Pendulum.PendulumAPP:_processSerialData:121 - 🔄 数据来源: 串口接收 -> PendulumState.physical_length
2025-09-02 15:08:05.847 | INFO     | Pendulum.PendulumAPP:_processSerialData:120 - 📏 串口长度数据已更新: L27.924513 -> physical_length=27.924513
2025-09-02 15:08:05.848 | INFO     | Pendulum.PendulumAPP:_processSerialData:121 - 🔄 数据来源: 串口接收 -> PendulumState.physical_length
2025-09-02 15:08:05.894 | INFO     | Pendulum.PendulumAPP:_processSerialData:120 - 📏 串口长度数据已更新: L27.924513 -> physical_length=27.924513
2025-09-02 15:08:05.895 | INFO     | Pendulum.PendulumAPP:_processSerialData:121 - 🔄 数据来源: 串口接收 -> PendulumState.physical_length
2025-09-02 15:08:05.941 | INFO     | Pendulum.PendulumAPP:_processSerialData:120 - 📏 串口长度数据已更新: L27.924513 -> physical_length=27.924513
2025-09-02 15:08:05.943 | INFO     | Pendulum.PendulumAPP:_processSerialData:121 - 🔄 数据来源: 串口接收 -> PendulumState.physical_length
2025-09-02 15:08:05.987 | INFO     | Pendulum.PendulumAPP:_processSerialData:120 - 📏 串口长度数据已更新: L27.924513 -> physical_length=27.924513
2025-09-02 15:08:05.987 | INFO     | Pendulum.PendulumAPP:_processSerialData:121 - 🔄 数据来源: 串口接收 -> PendulumState.physical_length
2025-09-02 15:08:06.035 | INFO     | Pendulum.PendulumAPP:_processSerialData:120 - 📏 串口长度数据已更新: L27.924513 -> physical_length=27.924513
2025-09-02 15:08:06.036 | INFO     | Pendulum.PendulumAPP:_processSerialData:121 - 🔄 数据来源: 串口接收 -> PendulumState.physical_length
2025-09-02 15:08:06.084 | INFO     | Pendulum.PendulumAPP:_processSerialData:120 - 📏 串口长度数据已更新: L27.924513 -> physical_length=27.924513
2025-09-02 15:08:06.084 | INFO     | Pendulum.PendulumAPP:_processSerialData:121 - 🔄 数据来源: 串口接收 -> PendulumState.physical_length
2025-09-02 15:08:06.131 | INFO     | Pendulum.PendulumAPP:_processSerialData:120 - 📏 串口长度数据已更新: L27.924513 -> physical_length=27.924513
2025-09-02 15:08:06.133 | INFO     | Pendulum.PendulumAPP:_processSerialData:121 - 🔄 数据来源: 串口接收 -> PendulumState.physical_length
2025-09-02 15:08:06.177 | INFO     | Pendulum.PendulumAPP:_processSerialData:120 - 📏 串口长度数据已更新: L27.924513 -> physical_length=27.924513
2025-09-02 15:08:06.178 | INFO     | Pendulum.PendulumAPP:_processSerialData:121 - 🔄 数据来源: 串口接收 -> PendulumState.physical_length
2025-09-02 15:08:06.223 | INFO     | Pendulum.PendulumAPP:_processSerialData:120 - 📏 串口长度数据已更新: L27.924513 -> physical_length=27.924513
2025-09-02 15:08:06.224 | INFO     | Pendulum.PendulumAPP:_processSerialData:121 - 🔄 数据来源: 串口接收 -> PendulumState.physical_length
2025-09-02 15:08:06.272 | INFO     | Pendulum.PendulumAPP:_processSerialData:120 - 📏 串口长度数据已更新: L27.924513 -> physical_length=27.924513
2025-09-02 15:08:06.275 | INFO     | Pendulum.PendulumAPP:_processSerialData:121 - 🔄 数据来源: 串口接收 -> PendulumState.physical_length
2025-09-02 15:08:06.315 | INFO     | Pendulum.PendulumAPP:_processSerialData:120 - 📏 串口长度数据已更新: L27.924513 -> physical_length=27.924513
2025-09-02 15:08:06.317 | INFO     | Pendulum.PendulumAPP:_processSerialData:121 - 🔄 数据来源: 串口接收 -> PendulumState.physical_length
2025-09-02 15:08:06.361 | INFO     | Pendulum.PendulumAPP:_processSerialData:120 - 📏 串口长度数据已更新: L27.924513 -> physical_length=27.924513
2025-09-02 15:08:06.362 | INFO     | Pendulum.PendulumAPP:_processSerialData:121 - 🔄 数据来源: 串口接收 -> PendulumState.physical_length
2025-09-02 15:08:06.407 | INFO     | Pendulum.PendulumAPP:_processSerialData:120 - 📏 串口长度数据已更新: L27.924513 -> physical_length=27.924513
2025-09-02 15:08:06.408 | INFO     | Pendulum.PendulumAPP:_processSerialData:121 - 🔄 数据来源: 串口接收 -> PendulumState.physical_length
2025-09-02 15:08:06.452 | INFO     | Pendulum.PendulumAPP:_processSerialData:120 - 📏 串口长度数据已更新: L27.924513 -> physical_length=27.924513
2025-09-02 15:08:06.453 | INFO     | Pendulum.PendulumAPP:_processSerialData:121 - 🔄 数据来源: 串口接收 -> PendulumState.physical_length
2025-09-02 15:08:06.499 | INFO     | Pendulum.PendulumAPP:_processSerialData:120 - 📏 串口长度数据已更新: L27.924513 -> physical_length=27.924513
2025-09-02 15:08:06.500 | INFO     | Pendulum.PendulumAPP:_processSerialData:121 - 🔄 数据来源: 串口接收 -> PendulumState.physical_length
2025-09-02 15:08:06.592 | INFO     | Pendulum.PendulumAPP:_processSerialData:120 - 📏 串口长度数据已更新: L27.924513 -> physical_length=27.924513
2025-09-02 15:08:06.593 | INFO     | Pendulum.PendulumAPP:_processSerialData:121 - 🔄 数据来源: 串口接收 -> PendulumState.physical_length
2025-09-02 15:08:06.641 | INFO     | Pendulum.PendulumAPP:_processSerialData:120 - 📏 串口长度数据已更新: L27.924513 -> physical_length=27.924513
2025-09-02 15:08:06.642 | INFO     | Pendulum.PendulumAPP:_processSerialData:121 - 🔄 数据来源: 串口接收 -> PendulumState.physical_length
2025-09-02 15:08:06.684 | INFO     | Pendulum.PendulumAPP:_processSerialData:120 - 📏 串口长度数据已更新: L27.924513 -> physical_length=27.924513
2025-09-02 15:08:06.687 | INFO     | Pendulum.PendulumAPP:_processSerialData:121 - 🔄 数据来源: 串口接收 -> PendulumState.physical_length
2025-09-02 15:08:06.731 | INFO     | Pendulum.PendulumAPP:_processSerialData:120 - 📏 串口长度数据已更新: L27.924513 -> physical_length=27.924513
2025-09-02 15:08:06.732 | INFO     | Pendulum.PendulumAPP:_processSerialData:121 - 🔄 数据来源: 串口接收 -> PendulumState.physical_length
2025-09-02 15:08:06.778 | INFO     | Pendulum.PendulumAPP:_processSerialData:120 - 📏 串口长度数据已更新: L27.924513 -> physical_length=27.924513
2025-09-02 15:08:06.780 | INFO     | Pendulum.PendulumAPP:_processSerialData:121 - 🔄 数据来源: 串口接收 -> PendulumState.physical_length
2025-09-02 15:08:06.825 | INFO     | Pendulum.PendulumAPP:_processSerialData:120 - 📏 串口长度数据已更新: L27.924513 -> physical_length=27.924513
2025-09-02 15:08:06.826 | INFO     | Pendulum.PendulumAPP:_processSerialData:121 - 🔄 数据来源: 串口接收 -> PendulumState.physical_length
2025-09-02 15:08:06.873 | INFO     | Pendulum.PendulumAPP:_processSerialData:120 - 📏 串口长度数据已更新: L27.924513 -> physical_length=27.924513
2025-09-02 15:08:06.874 | INFO     | Pendulum.PendulumAPP:_processSerialData:121 - 🔄 数据来源: 串口接收 -> PendulumState.physical_length
2025-09-02 15:08:06.920 | INFO     | Pendulum.PendulumAPP:_processSerialData:120 - 📏 串口长度数据已更新: L27.924513 -> physical_length=27.924513
2025-09-02 15:08:06.921 | INFO     | Pendulum.PendulumAPP:_processSerialData:121 - 🔄 数据来源: 串口接收 -> PendulumState.physical_length
2025-09-02 15:08:06.965 | INFO     | Pendulum.PendulumAPP:_processSerialData:120 - 📏 串口长度数据已更新: L27.924513 -> physical_length=27.924513
2025-09-02 15:08:06.966 | INFO     | Pendulum.PendulumAPP:_processSerialData:121 - 🔄 数据来源: 串口接收 -> PendulumState.physical_length
2025-09-02 15:08:07.013 | INFO     | Pendulum.PendulumAPP:_processSerialData:120 - 📏 串口长度数据已更新: L27.924513 -> physical_length=27.924513
2025-09-02 15:08:07.013 | INFO     | Pendulum.PendulumAPP:_processSerialData:121 - 🔄 数据来源: 串口接收 -> PendulumState.physical_length
2025-09-02 15:08:07.059 | INFO     | Pendulum.PendulumAPP:_processSerialData:120 - 📏 串口长度数据已更新: L27.924513 -> physical_length=27.924513
2025-09-02 15:08:07.061 | INFO     | Pendulum.PendulumAPP:_processSerialData:121 - 🔄 数据来源: 串口接收 -> PendulumState.physical_length
2025-09-02 15:08:07.105 | INFO     | Pendulum.PendulumAPP:_processSerialData:120 - 📏 串口长度数据已更新: L27.924513 -> physical_length=27.924513
2025-09-02 15:08:07.106 | INFO     | Pendulum.PendulumAPP:_processSerialData:121 - 🔄 数据来源: 串口接收 -> PendulumState.physical_length
2025-09-02 15:08:07.152 | INFO     | Pendulum.PendulumAPP:_processSerialData:120 - 📏 串口长度数据已更新: L27.924513 -> physical_length=27.924513
2025-09-02 15:08:07.153 | INFO     | Pendulum.PendulumAPP:_processSerialData:121 - 🔄 数据来源: 串口接收 -> PendulumState.physical_length
2025-09-02 15:08:07.200 | INFO     | Pendulum.PendulumAPP:_processSerialData:120 - 📏 串口长度数据已更新: L27.924513 -> physical_length=27.924513
2025-09-02 15:08:07.201 | INFO     | Pendulum.PendulumAPP:_processSerialData:121 - 🔄 数据来源: 串口接收 -> PendulumState.physical_length
2025-09-02 15:08:07.246 | INFO     | Pendulum.PendulumAPP:_processSerialData:120 - 📏 串口长度数据已更新: L27.924513 -> physical_length=27.924513
2025-09-02 15:08:07.247 | INFO     | Pendulum.PendulumAPP:_processSerialData:121 - 🔄 数据来源: 串口接收 -> PendulumState.physical_length
2025-09-02 15:08:07.291 | INFO     | Pendulum.PendulumAPP:_processSerialData:120 - 📏 串口长度数据已更新: L27.924513 -> physical_length=27.924513
2025-09-02 15:08:07.293 | INFO     | Pendulum.PendulumAPP:_processSerialData:121 - 🔄 数据来源: 串口接收 -> PendulumState.physical_length
2025-09-02 15:08:07.339 | INFO     | Pendulum.PendulumAPP:_processSerialData:120 - 📏 串口长度数据已更新: L27.924513 -> physical_length=27.924513
2025-09-02 15:08:07.340 | INFO     | Pendulum.PendulumAPP:_processSerialData:121 - 🔄 数据来源: 串口接收 -> PendulumState.physical_length
2025-09-02 15:08:07.384 | INFO     | Pendulum.PendulumAPP:_processSerialData:120 - 📏 串口长度数据已更新: L27.924513 -> physical_length=27.924513
2025-09-02 15:08:07.386 | INFO     | Pendulum.PendulumAPP:_processSerialData:121 - 🔄 数据来源: 串口接收 -> PendulumState.physical_length
2025-09-02 15:08:07.430 | INFO     | Pendulum.PendulumAPP:_processSerialData:120 - 📏 串口长度数据已更新: L27.924513 -> physical_length=27.924513
2025-09-02 15:08:07.431 | INFO     | Pendulum.PendulumAPP:_processSerialData:121 - 🔄 数据来源: 串口接收 -> PendulumState.physical_length
2025-09-02 15:08:07.478 | INFO     | Pendulum.PendulumAPP:_processSerialData:120 - 📏 串口长度数据已更新: L27.924513 -> physical_length=27.924513
2025-09-02 15:08:07.480 | INFO     | Pendulum.PendulumAPP:_processSerialData:121 - 🔄 数据来源: 串口接收 -> PendulumState.physical_length
2025-09-02 15:08:07.525 | INFO     | Pendulum.PendulumAPP:_processSerialData:120 - 📏 串口长度数据已更新: L27.924513 -> physical_length=27.924513
2025-09-02 15:08:07.526 | INFO     | Pendulum.PendulumAPP:_processSerialData:121 - 🔄 数据来源: 串口接收 -> PendulumState.physical_length
2025-09-02 15:08:07.572 | INFO     | Pendulum.PendulumAPP:_processSerialData:120 - 📏 串口长度数据已更新: L27.924513 -> physical_length=27.924513
2025-09-02 15:08:07.573 | INFO     | Pendulum.PendulumAPP:_processSerialData:121 - 🔄 数据来源: 串口接收 -> PendulumState.physical_length
2025-09-02 15:08:07.620 | INFO     | Pendulum.PendulumAPP:_processSerialData:120 - 📏 串口长度数据已更新: L27.924513 -> physical_length=27.924513
2025-09-02 15:08:07.621 | INFO     | Pendulum.PendulumAPP:_processSerialData:121 - 🔄 数据来源: 串口接收 -> PendulumState.physical_length
2025-09-02 15:08:07.665 | INFO     | Pendulum.PendulumAPP:_processSerialData:120 - 📏 串口长度数据已更新: L27.924513 -> physical_length=27.924513
2025-09-02 15:08:07.667 | INFO     | Pendulum.PendulumAPP:_processSerialData:121 - 🔄 数据来源: 串口接收 -> PendulumState.physical_length
2025-09-02 15:08:07.710 | INFO     | Pendulum.PendulumCore:cleanRef:487 - 已删除摆轴固定点、参考角度、参考向量和自动检测摆轴
2025-09-02 15:08:07.714 | INFO     | Pendulum.PendulumAPP:_keyEventWeb:236 - 已删除摆轴固定点和参考角度
2025-09-02 15:08:07.716 | INFO     | Pendulum.PendulumCore:cleanRef:487 - 已删除摆轴固定点、参考角度、参考向量和自动检测摆轴
2025-09-02 15:08:07.718 | INFO     | Pendulum.PendulumAPP:_keyEventWeb:236 - 已删除摆轴固定点和参考角度
2025-09-02 15:08:07.726 | INFO     | Pendulum.PendulumAPP:_processSerialData:120 - 📏 串口长度数据已更新: L27.924513 -> physical_length=27.924513
2025-09-02 15:08:07.728 | INFO     | Pendulum.PendulumAPP:_processSerialData:121 - 🔄 数据来源: 串口接收 -> PendulumState.physical_length
2025-09-02 15:08:07.772 | INFO     | Pendulum.PendulumAPP:_processSerialData:120 - 📏 串口长度数据已更新: L27.924513 -> physical_length=27.924513
2025-09-02 15:08:07.772 | INFO     | Pendulum.PendulumAPP:_processSerialData:121 - 🔄 数据来源: 串口接收 -> PendulumState.physical_length
2025-09-02 15:08:07.818 | INFO     | Pendulum.PendulumAPP:_processSerialData:120 - 📏 串口长度数据已更新: L27.924513 -> physical_length=27.924513
2025-09-02 15:08:07.823 | INFO     | Pendulum.PendulumAPP:_processSerialData:121 - 🔄 数据来源: 串口接收 -> PendulumState.physical_length
2025-09-02 15:08:07.856 | INFO     | Pendulum.PendulumCore:autoDetectPivot:446 - 自动检测并设置摆轴: (295, 0), 置信度: 20.877
2025-09-02 15:08:07.881 | INFO     | Pendulum.PendulumAPP:_processSerialData:120 - 📏 串口长度数据已更新: L27.924513 -> physical_length=27.924513
2025-09-02 15:08:07.882 | INFO     | Pendulum.PendulumAPP:_processSerialData:121 - 🔄 数据来源: 串口接收 -> PendulumState.physical_length
2025-09-02 15:08:07.928 | INFO     | Pendulum.PendulumAPP:_processSerialData:120 - 📏 串口长度数据已更新: L27.924513 -> physical_length=27.924513
2025-09-02 15:08:07.930 | INFO     | Pendulum.PendulumAPP:_processSerialData:121 - 🔄 数据来源: 串口接收 -> PendulumState.physical_length
2025-09-02 15:08:07.974 | INFO     | Pendulum.PendulumAPP:_processSerialData:120 - 📏 串口长度数据已更新: L27.924513 -> physical_length=27.924513
2025-09-02 15:08:07.975 | INFO     | Pendulum.PendulumAPP:_processSerialData:121 - 🔄 数据来源: 串口接收 -> PendulumState.physical_length
2025-09-02 15:08:08.022 | INFO     | Pendulum.PendulumAPP:_processSerialData:120 - 📏 串口长度数据已更新: L27.924513 -> physical_length=27.924513
2025-09-02 15:08:08.022 | INFO     | Pendulum.PendulumAPP:_processSerialData:121 - 🔄 数据来源: 串口接收 -> PendulumState.physical_length
2025-09-02 15:08:08.068 | INFO     | Pendulum.PendulumAPP:_processSerialData:120 - 📏 串口长度数据已更新: L27.924513 -> physical_length=27.924513
2025-09-02 15:08:08.069 | INFO     | Pendulum.PendulumAPP:_processSerialData:121 - 🔄 数据来源: 串口接收 -> PendulumState.physical_length
2025-09-02 15:08:08.114 | INFO     | Pendulum.PendulumAPP:_processSerialData:120 - 📏 串口长度数据已更新: L27.924513 -> physical_length=27.924513
2025-09-02 15:08:08.115 | INFO     | Pendulum.PendulumAPP:_processSerialData:121 - 🔄 数据来源: 串口接收 -> PendulumState.physical_length
2025-09-02 15:08:08.161 | INFO     | Pendulum.PendulumAPP:_processSerialData:120 - 📏 串口长度数据已更新: L27.924513 -> physical_length=27.924513
2025-09-02 15:08:08.162 | INFO     | Pendulum.PendulumAPP:_processSerialData:121 - 🔄 数据来源: 串口接收 -> PendulumState.physical_length
2025-09-02 15:08:08.209 | INFO     | Pendulum.PendulumAPP:_processSerialData:120 - 📏 串口长度数据已更新: L27.924513 -> physical_length=27.924513
2025-09-02 15:08:08.209 | INFO     | Pendulum.PendulumAPP:_processSerialData:121 - 🔄 数据来源: 串口接收 -> PendulumState.physical_length
2025-09-02 15:08:08.257 | INFO     | Pendulum.PendulumAPP:_processSerialData:120 - 📏 串口长度数据已更新: L27.924513 -> physical_length=27.924513
2025-09-02 15:08:08.258 | INFO     | Pendulum.PendulumAPP:_processSerialData:121 - 🔄 数据来源: 串口接收 -> PendulumState.physical_length
2025-09-02 15:08:08.305 | INFO     | Pendulum.PendulumAPP:_processSerialData:120 - 📏 串口长度数据已更新: L27.924513 -> physical_length=27.924513
2025-09-02 15:08:08.305 | INFO     | Pendulum.PendulumAPP:_processSerialData:121 - 🔄 数据来源: 串口接收 -> PendulumState.physical_length
2025-09-02 15:08:08.349 | INFO     | Pendulum.PendulumAPP:_processSerialData:120 - 📏 串口长度数据已更新: L27.924513 -> physical_length=27.924513
2025-09-02 15:08:08.350 | INFO     | Pendulum.PendulumAPP:_processSerialData:121 - 🔄 数据来源: 串口接收 -> PendulumState.physical_length
2025-09-02 15:08:08.396 | INFO     | Pendulum.PendulumAPP:_processSerialData:120 - 📏 串口长度数据已更新: L27.924513 -> physical_length=27.924513
2025-09-02 15:08:08.399 | INFO     | Pendulum.PendulumAPP:_processSerialData:121 - 🔄 数据来源: 串口接收 -> PendulumState.physical_length
2025-09-02 15:08:08.444 | INFO     | Pendulum.PendulumAPP:_processSerialData:120 - 📏 串口长度数据已更新: L27.924513 -> physical_length=27.924513
2025-09-02 15:08:08.444 | INFO     | Pendulum.PendulumAPP:_processSerialData:121 - 🔄 数据来源: 串口接收 -> PendulumState.physical_length
2025-09-02 15:08:08.489 | INFO     | Pendulum.PendulumAPP:_processSerialData:120 - 📏 串口长度数据已更新: L27.924513 -> physical_length=27.924513
2025-09-02 15:08:08.489 | INFO     | Pendulum.PendulumAPP:_processSerialData:121 - 🔄 数据来源: 串口接收 -> PendulumState.physical_length
2025-09-02 15:08:08.535 | INFO     | Pendulum.PendulumAPP:_processSerialData:120 - 📏 串口长度数据已更新: L27.924513 -> physical_length=27.924513
2025-09-02 15:08:08.537 | INFO     | Pendulum.PendulumAPP:_processSerialData:121 - 🔄 数据来源: 串口接收 -> PendulumState.physical_length
2025-09-02 15:08:08.582 | INFO     | Pendulum.PendulumAPP:_processSerialData:120 - 📏 串口长度数据已更新: L27.924513 -> physical_length=27.924513
2025-09-02 15:08:08.583 | INFO     | Pendulum.PendulumAPP:_processSerialData:121 - 🔄 数据来源: 串口接收 -> PendulumState.physical_length
2025-09-02 15:08:08.628 | INFO     | Pendulum.PendulumAPP:_processSerialData:120 - 📏 串口长度数据已更新: L27.924513 -> physical_length=27.924513
2025-09-02 15:08:08.629 | INFO     | Pendulum.PendulumAPP:_processSerialData:121 - 🔄 数据来源: 串口接收 -> PendulumState.physical_length
2025-09-02 15:08:08.675 | INFO     | Pendulum.PendulumAPP:_processSerialData:120 - 📏 串口长度数据已更新: L27.924513 -> physical_length=27.924513
2025-09-02 15:08:08.676 | INFO     | Pendulum.PendulumAPP:_processSerialData:121 - 🔄 数据来源: 串口接收 -> PendulumState.physical_length
2025-09-02 15:08:08.721 | INFO     | Pendulum.PendulumAPP:_processSerialData:120 - 📏 串口长度数据已更新: L27.924513 -> physical_length=27.924513
2025-09-02 15:08:08.722 | INFO     | Pendulum.PendulumAPP:_processSerialData:121 - 🔄 数据来源: 串口接收 -> PendulumState.physical_length
2025-09-02 15:08:08.769 | INFO     | Pendulum.PendulumAPP:_processSerialData:120 - 📏 串口长度数据已更新: L27.924513 -> physical_length=27.924513
2025-09-02 15:08:08.771 | INFO     | Pendulum.PendulumAPP:_processSerialData:121 - 🔄 数据来源: 串口接收 -> PendulumState.physical_length
2025-09-02 15:08:08.814 | INFO     | Pendulum.PendulumAPP:_processSerialData:120 - 📏 串口长度数据已更新: L27.924513 -> physical_length=27.924513
2025-09-02 15:08:08.815 | INFO     | Pendulum.PendulumAPP:_processSerialData:121 - 🔄 数据来源: 串口接收 -> PendulumState.physical_length
2025-09-02 15:08:08.860 | INFO     | Pendulum.PendulumAPP:_processSerialData:120 - 📏 串口长度数据已更新: L27.924513 -> physical_length=27.924513
2025-09-02 15:08:08.865 | INFO     | Pendulum.PendulumAPP:_processSerialData:121 - 🔄 数据来源: 串口接收 -> PendulumState.physical_length
2025-09-02 15:08:08.908 | INFO     | Pendulum.PendulumAPP:_processSerialData:120 - 📏 串口长度数据已更新: L27.924513 -> physical_length=27.924513
2025-09-02 15:08:08.912 | INFO     | Pendulum.PendulumAPP:_processSerialData:121 - 🔄 数据来源: 串口接收 -> PendulumState.physical_length
2025-09-02 15:08:08.956 | INFO     | Pendulum.PendulumAPP:_processSerialData:120 - 📏 串口长度数据已更新: L27.924513 -> physical_length=27.924513
2025-09-02 15:08:08.958 | INFO     | Pendulum.PendulumAPP:_processSerialData:121 - 🔄 数据来源: 串口接收 -> PendulumState.physical_length
2025-09-02 15:08:09.003 | INFO     | Pendulum.PendulumAPP:_processSerialData:120 - 📏 串口长度数据已更新: L27.924513 -> physical_length=27.924513
2025-09-02 15:08:09.004 | INFO     | Pendulum.PendulumAPP:_processSerialData:121 - 🔄 数据来源: 串口接收 -> PendulumState.physical_length
2025-09-02 15:08:09.049 | INFO     | Pendulum.PendulumAPP:_processSerialData:120 - 📏 串口长度数据已更新: L27.924513 -> physical_length=27.924513
2025-09-02 15:08:09.050 | INFO     | Pendulum.PendulumAPP:_processSerialData:121 - 🔄 数据来源: 串口接收 -> PendulumState.physical_length
2025-09-02 15:08:09.094 | INFO     | Pendulum.PendulumAPP:_processSerialData:120 - 📏 串口长度数据已更新: L27.924513 -> physical_length=27.924513
2025-09-02 15:08:09.096 | INFO     | Pendulum.PendulumAPP:_processSerialData:121 - 🔄 数据来源: 串口接收 -> PendulumState.physical_length
2025-09-02 15:08:09.140 | INFO     | Pendulum.PendulumAPP:_processSerialData:120 - 📏 串口长度数据已更新: L27.924513 -> physical_length=27.924513
2025-09-02 15:08:09.141 | INFO     | Pendulum.PendulumAPP:_processSerialData:121 - 🔄 数据来源: 串口接收 -> PendulumState.physical_length
2025-09-02 15:08:09.202 | INFO     | Pendulum.PendulumAPP:_processSerialData:120 - 📏 串口长度数据已更新: L27.924513 -> physical_length=27.924513
2025-09-02 15:08:09.203 | INFO     | Pendulum.PendulumAPP:_processSerialData:121 - 🔄 数据来源: 串口接收 -> PendulumState.physical_length
2025-09-02 15:08:09.248 | INFO     | Pendulum.PendulumAPP:_processSerialData:120 - 📏 串口长度数据已更新: L27.924513 -> physical_length=27.924513
2025-09-02 15:08:09.251 | INFO     | Pendulum.PendulumAPP:_processSerialData:121 - 🔄 数据来源: 串口接收 -> PendulumState.physical_length
2025-09-02 15:08:09.294 | INFO     | Pendulum.PendulumAPP:_processSerialData:120 - 📏 串口长度数据已更新: L27.924513 -> physical_length=27.924513
2025-09-02 15:08:09.295 | INFO     | Pendulum.PendulumAPP:_processSerialData:121 - 🔄 数据来源: 串口接收 -> PendulumState.physical_length
2025-09-02 15:08:09.340 | INFO     | Pendulum.PendulumAPP:_processSerialData:120 - 📏 串口长度数据已更新: L27.924513 -> physical_length=27.924513
2025-09-02 15:08:09.341 | INFO     | Pendulum.PendulumAPP:_processSerialData:121 - 🔄 数据来源: 串口接收 -> PendulumState.physical_length
2025-09-02 15:08:09.388 | INFO     | Pendulum.PendulumAPP:_processSerialData:120 - 📏 串口长度数据已更新: L27.924513 -> physical_length=27.924513
2025-09-02 15:08:09.390 | INFO     | Pendulum.PendulumAPP:_processSerialData:121 - 🔄 数据来源: 串口接收 -> PendulumState.physical_length
2025-09-02 15:08:09.434 | INFO     | Pendulum.PendulumAPP:_processSerialData:120 - 📏 串口长度数据已更新: L27.924513 -> physical_length=27.924513
2025-09-02 15:08:09.435 | INFO     | Pendulum.PendulumAPP:_processSerialData:121 - 🔄 数据来源: 串口接收 -> PendulumState.physical_length
2025-09-02 15:08:09.479 | INFO     | Pendulum.PendulumCore:cleanRef:487 - 已删除摆轴固定点、参考角度、参考向量和自动检测摆轴
2025-09-02 15:08:09.479 | INFO     | Pendulum.PendulumAPP:_keyEventWeb:236 - 已删除摆轴固定点和参考角度
2025-09-02 15:08:09.479 | INFO     | Pendulum.PendulumCore:cleanRef:487 - 已删除摆轴固定点、参考角度、参考向量和自动检测摆轴
2025-09-02 15:08:09.479 | INFO     | Pendulum.PendulumAPP:_keyEventWeb:236 - 已删除摆轴固定点和参考角度
2025-09-02 15:08:09.494 | INFO     | Pendulum.PendulumAPP:_processSerialData:120 - 📏 串口长度数据已更新: L27.924513 -> physical_length=27.924513
2025-09-02 15:08:09.495 | INFO     | Pendulum.PendulumAPP:_processSerialData:121 - 🔄 数据来源: 串口接收 -> PendulumState.physical_length
2025-09-02 15:08:09.540 | INFO     | Pendulum.PendulumAPP:_processSerialData:120 - 📏 串口长度数据已更新: L27.924513 -> physical_length=27.924513
2025-09-02 15:08:09.540 | INFO     | Pendulum.PendulumAPP:_processSerialData:121 - 🔄 数据来源: 串口接收 -> PendulumState.physical_length
2025-09-02 15:08:09.602 | INFO     | Pendulum.PendulumAPP:_processSerialData:120 - 📏 串口长度数据已更新: L27.924513 -> physical_length=27.924513
2025-09-02 15:08:09.604 | INFO     | Pendulum.PendulumAPP:_processSerialData:121 - 🔄 数据来源: 串口接收 -> PendulumState.physical_length
2025-09-02 15:08:09.642 | INFO     | Pendulum.PendulumCore:autoDetectPivot:446 - 自动检测并设置摆轴: (322, 0), 置信度: 30.947
2025-09-02 15:08:09.664 | INFO     | Pendulum.PendulumAPP:_processSerialData:120 - 📏 串口长度数据已更新: L27.924513 -> physical_length=27.924513
2025-09-02 15:08:09.665 | INFO     | Pendulum.PendulumAPP:_processSerialData:121 - 🔄 数据来源: 串口接收 -> PendulumState.physical_length
2025-09-02 15:08:09.711 | INFO     | Pendulum.PendulumAPP:_processSerialData:120 - 📏 串口长度数据已更新: L27.924513 -> physical_length=27.924513
2025-09-02 15:08:09.712 | INFO     | Pendulum.PendulumAPP:_processSerialData:121 - 🔄 数据来源: 串口接收 -> PendulumState.physical_length
2025-09-02 15:08:09.758 | INFO     | Pendulum.PendulumAPP:_processSerialData:120 - 📏 串口长度数据已更新: L27.924513 -> physical_length=27.924513
2025-09-02 15:08:09.760 | INFO     | Pendulum.PendulumAPP:_processSerialData:121 - 🔄 数据来源: 串口接收 -> PendulumState.physical_length
2025-09-02 15:08:09.805 | INFO     | Pendulum.PendulumAPP:_processSerialData:120 - 📏 串口长度数据已更新: L27.924513 -> physical_length=27.924513
2025-09-02 15:08:09.806 | INFO     | Pendulum.PendulumAPP:_processSerialData:121 - 🔄 数据来源: 串口接收 -> PendulumState.physical_length
2025-09-02 15:08:09.852 | INFO     | Pendulum.PendulumAPP:_processSerialData:120 - 📏 串口长度数据已更新: L27.924513 -> physical_length=27.924513
2025-09-02 15:08:09.853 | INFO     | Pendulum.PendulumAPP:_processSerialData:121 - 🔄 数据来源: 串口接收 -> PendulumState.physical_length
2025-09-02 15:08:09.897 | INFO     | Pendulum.PendulumAPP:_processSerialData:120 - 📏 串口长度数据已更新: L27.924513 -> physical_length=27.924513
2025-09-02 15:08:09.899 | INFO     | Pendulum.PendulumAPP:_processSerialData:121 - 🔄 数据来源: 串口接收 -> PendulumState.physical_length
2025-09-02 15:08:09.943 | INFO     | Pendulum.PendulumAPP:_processSerialData:120 - 📏 串口长度数据已更新: L27.924513 -> physical_length=27.924513
2025-09-02 15:08:09.946 | INFO     | Pendulum.PendulumAPP:_processSerialData:121 - 🔄 数据来源: 串口接收 -> PendulumState.physical_length
2025-09-02 15:08:09.990 | INFO     | Pendulum.PendulumAPP:_processSerialData:120 - 📏 串口长度数据已更新: L27.924513 -> physical_length=27.924513
2025-09-02 15:08:09.990 | INFO     | Pendulum.PendulumAPP:_processSerialData:121 - 🔄 数据来源: 串口接收 -> PendulumState.physical_length
2025-09-02 15:08:10.036 | INFO     | Pendulum.PendulumAPP:_processSerialData:120 - 📏 串口长度数据已更新: L27.924513 -> physical_length=27.924513
2025-09-02 15:08:10.037 | INFO     | Pendulum.PendulumAPP:_processSerialData:121 - 🔄 数据来源: 串口接收 -> PendulumState.physical_length
2025-09-02 15:08:10.082 | INFO     | Pendulum.PendulumAPP:_processSerialData:120 - 📏 串口长度数据已更新: L27.924513 -> physical_length=27.924513
2025-09-02 15:08:10.083 | INFO     | Pendulum.PendulumAPP:_processSerialData:121 - 🔄 数据来源: 串口接收 -> PendulumState.physical_length
2025-09-02 15:08:10.129 | INFO     | Pendulum.PendulumAPP:_processSerialData:120 - 📏 串口长度数据已更新: L27.924513 -> physical_length=27.924513
2025-09-02 15:08:10.129 | INFO     | Pendulum.PendulumAPP:_processSerialData:121 - 🔄 数据来源: 串口接收 -> PendulumState.physical_length
2025-09-02 15:08:10.175 | INFO     | Pendulum.PendulumAPP:_processSerialData:120 - 📏 串口长度数据已更新: L27.924513 -> physical_length=27.924513
2025-09-02 15:08:10.176 | INFO     | Pendulum.PendulumAPP:_processSerialData:121 - 🔄 数据来源: 串口接收 -> PendulumState.physical_length
2025-09-02 15:08:10.220 | INFO     | Pendulum.PendulumAPP:_processSerialData:120 - 📏 串口长度数据已更新: L27.924513 -> physical_length=27.924513
2025-09-02 15:08:10.221 | INFO     | Pendulum.PendulumAPP:_processSerialData:121 - 🔄 数据来源: 串口接收 -> PendulumState.physical_length
2025-09-02 15:08:10.269 | INFO     | Pendulum.PendulumAPP:_processSerialData:120 - 📏 串口长度数据已更新: L27.924513 -> physical_length=27.924513
2025-09-02 15:08:10.270 | INFO     | Pendulum.PendulumAPP:_processSerialData:121 - 🔄 数据来源: 串口接收 -> PendulumState.physical_length
2025-09-02 15:08:10.315 | INFO     | Pendulum.PendulumAPP:_processSerialData:120 - 📏 串口长度数据已更新: L27.924513 -> physical_length=27.924513
2025-09-02 15:08:10.316 | INFO     | Pendulum.PendulumAPP:_processSerialData:121 - 🔄 数据来源: 串口接收 -> PendulumState.physical_length
2025-09-02 15:08:10.361 | INFO     | Pendulum.PendulumAPP:_processSerialData:120 - 📏 串口长度数据已更新: L27.924513 -> physical_length=27.924513
2025-09-02 15:08:10.364 | INFO     | Pendulum.PendulumAPP:_processSerialData:121 - 🔄 数据来源: 串口接收 -> PendulumState.physical_length
2025-09-02 15:08:10.407 | INFO     | Pendulum.PendulumAPP:_processSerialData:120 - 📏 串口长度数据已更新: L27.924513 -> physical_length=27.924513
2025-09-02 15:08:10.409 | INFO     | Pendulum.PendulumAPP:_processSerialData:121 - 🔄 数据来源: 串口接收 -> PendulumState.physical_length
2025-09-02 15:08:10.453 | INFO     | Pendulum.PendulumAPP:_processSerialData:120 - 📏 串口长度数据已更新: L27.924513 -> physical_length=27.924513
2025-09-02 15:08:10.454 | INFO     | Pendulum.PendulumAPP:_processSerialData:121 - 🔄 数据来源: 串口接收 -> PendulumState.physical_length
2025-09-02 15:08:10.501 | INFO     | Pendulum.PendulumAPP:_processSerialData:120 - 📏 串口长度数据已更新: L27.924513 -> physical_length=27.924513
2025-09-02 15:08:10.503 | INFO     | Pendulum.PendulumAPP:_processSerialData:121 - 🔄 数据来源: 串口接收 -> PendulumState.physical_length
2025-09-02 15:08:10.548 | INFO     | Pendulum.PendulumAPP:_processSerialData:120 - 📏 串口长度数据已更新: L27.924513 -> physical_length=27.924513
2025-09-02 15:08:10.548 | INFO     | Pendulum.PendulumAPP:_processSerialData:121 - 🔄 数据来源: 串口接收 -> PendulumState.physical_length
2025-09-02 15:08:10.594 | INFO     | Pendulum.PendulumAPP:_processSerialData:120 - 📏 串口长度数据已更新: L27.924513 -> physical_length=27.924513
2025-09-02 15:08:10.595 | INFO     | Pendulum.PendulumAPP:_processSerialData:121 - 🔄 数据来源: 串口接收 -> PendulumState.physical_length
2025-09-02 15:08:10.639 | INFO     | Pendulum.PendulumAPP:_processSerialData:120 - 📏 串口长度数据已更新: L27.924513 -> physical_length=27.924513
2025-09-02 15:08:10.641 | INFO     | Pendulum.PendulumAPP:_processSerialData:121 - 🔄 数据来源: 串口接收 -> PendulumState.physical_length
2025-09-02 15:08:10.685 | INFO     | Pendulum.PendulumAPP:_processSerialData:120 - 📏 串口长度数据已更新: L27.924513 -> physical_length=27.924513
2025-09-02 15:08:10.687 | INFO     | Pendulum.PendulumAPP:_processSerialData:121 - 🔄 数据来源: 串口接收 -> PendulumState.physical_length
2025-09-02 15:08:10.731 | INFO     | Pendulum.PendulumAPP:_processSerialData:120 - 📏 串口长度数据已更新: L27.924513 -> physical_length=27.924513
2025-09-02 15:08:10.732 | INFO     | Pendulum.PendulumAPP:_processSerialData:121 - 🔄 数据来源: 串口接收 -> PendulumState.physical_length
2025-09-02 15:08:10.779 | INFO     | Pendulum.PendulumAPP:_processSerialData:120 - 📏 串口长度数据已更新: L27.924513 -> physical_length=27.924513
2025-09-02 15:08:10.780 | INFO     | Pendulum.PendulumAPP:_processSerialData:121 - 🔄 数据来源: 串口接收 -> PendulumState.physical_length
2025-09-02 15:08:10.825 | INFO     | Pendulum.PendulumAPP:_processSerialData:120 - 📏 串口长度数据已更新: L27.924513 -> physical_length=27.924513
2025-09-02 15:08:10.826 | INFO     | Pendulum.PendulumAPP:_processSerialData:121 - 🔄 数据来源: 串口接收 -> PendulumState.physical_length
2025-09-02 15:08:10.872 | INFO     | Pendulum.PendulumAPP:_processSerialData:120 - 📏 串口长度数据已更新: L27.924513 -> physical_length=27.924513
2025-09-02 15:08:10.874 | INFO     | Pendulum.PendulumAPP:_processSerialData:121 - 🔄 数据来源: 串口接收 -> PendulumState.physical_length
2025-09-02 15:08:10.919 | INFO     | Pendulum.PendulumAPP:_processSerialData:120 - 📏 串口长度数据已更新: L27.924513 -> physical_length=27.924513
2025-09-02 15:08:10.922 | INFO     | Pendulum.PendulumAPP:_processSerialData:121 - 🔄 数据来源: 串口接收 -> PendulumState.physical_length
2025-09-02 15:08:10.964 | INFO     | Pendulum.PendulumAPP:_processSerialData:120 - 📏 串口长度数据已更新: L27.924513 -> physical_length=27.924513
2025-09-02 15:08:10.965 | INFO     | Pendulum.PendulumAPP:_processSerialData:121 - 🔄 数据来源: 串口接收 -> PendulumState.physical_length
2025-09-02 15:08:11.011 | INFO     | Pendulum.PendulumAPP:_processSerialData:120 - 📏 串口长度数据已更新: L27.924513 -> physical_length=27.924513
2025-09-02 15:08:11.013 | INFO     | Pendulum.PendulumAPP:_processSerialData:121 - 🔄 数据来源: 串口接收 -> PendulumState.physical_length
2025-09-02 15:08:11.058 | INFO     | Pendulum.PendulumAPP:_processSerialData:120 - 📏 串口长度数据已更新: L27.924513 -> physical_length=27.924513
2025-09-02 15:08:11.059 | INFO     | Pendulum.PendulumAPP:_processSerialData:121 - 🔄 数据来源: 串口接收 -> PendulumState.physical_length
2025-09-02 15:08:11.104 | INFO     | Pendulum.PendulumAPP:_processSerialData:120 - 📏 串口长度数据已更新: L27.924513 -> physical_length=27.924513
2025-09-02 15:08:11.105 | INFO     | Pendulum.PendulumAPP:_processSerialData:121 - 🔄 数据来源: 串口接收 -> PendulumState.physical_length
2025-09-02 15:08:11.150 | INFO     | Pendulum.PendulumAPP:_processSerialData:120 - 📏 串口长度数据已更新: L27.924513 -> physical_length=27.924513
2025-09-02 15:08:11.152 | INFO     | Pendulum.PendulumAPP:_processSerialData:121 - 🔄 数据来源: 串口接收 -> PendulumState.physical_length
2025-09-02 15:08:11.197 | INFO     | Pendulum.PendulumAPP:_processSerialData:120 - 📏 串口长度数据已更新: L27.924513 -> physical_length=27.924513
2025-09-02 15:08:11.199 | INFO     | Pendulum.PendulumAPP:_processSerialData:121 - 🔄 数据来源: 串口接收 -> PendulumState.physical_length
2025-09-02 15:08:11.245 | INFO     | Pendulum.PendulumAPP:_processSerialData:120 - 📏 串口长度数据已更新: L27.924513 -> physical_length=27.924513
2025-09-02 15:08:11.248 | INFO     | Pendulum.PendulumAPP:_processSerialData:121 - 🔄 数据来源: 串口接收 -> PendulumState.physical_length
2025-09-02 15:08:11.293 | INFO     | Pendulum.PendulumAPP:_processSerialData:120 - 📏 串口长度数据已更新: L27.924513 -> physical_length=27.924513
2025-09-02 15:08:11.294 | INFO     | Pendulum.PendulumAPP:_processSerialData:121 - 🔄 数据来源: 串口接收 -> PendulumState.physical_length
2025-09-02 15:08:11.339 | INFO     | Pendulum.PendulumAPP:_processSerialData:120 - 📏 串口长度数据已更新: L27.924513 -> physical_length=27.924513
2025-09-02 15:08:11.341 | INFO     | Pendulum.PendulumAPP:_processSerialData:121 - 🔄 数据来源: 串口接收 -> PendulumState.physical_length
2025-09-02 15:08:11.384 | INFO     | Pendulum.PendulumAPP:_processSerialData:120 - 📏 串口长度数据已更新: L27.924513 -> physical_length=27.924513
2025-09-02 15:08:11.386 | INFO     | Pendulum.PendulumAPP:_processSerialData:121 - 🔄 数据来源: 串口接收 -> PendulumState.physical_length
2025-09-02 15:08:11.430 | INFO     | Pendulum.PendulumAPP:_processSerialData:120 - 📏 串口长度数据已更新: L27.924513 -> physical_length=27.924513
2025-09-02 15:08:11.431 | INFO     | Pendulum.PendulumAPP:_processSerialData:121 - 🔄 数据来源: 串口接收 -> PendulumState.physical_length
2025-09-02 15:08:11.476 | INFO     | Pendulum.PendulumAPP:_processSerialData:120 - 📏 串口长度数据已更新: L27.924513 -> physical_length=27.924513
2025-09-02 15:08:11.477 | INFO     | Pendulum.PendulumAPP:_processSerialData:121 - 🔄 数据来源: 串口接收 -> PendulumState.physical_length
2025-09-02 15:08:11.522 | INFO     | Pendulum.PendulumAPP:_processSerialData:120 - 📏 串口长度数据已更新: L27.924513 -> physical_length=27.924513
2025-09-02 15:08:11.523 | INFO     | Pendulum.PendulumAPP:_processSerialData:121 - 🔄 数据来源: 串口接收 -> PendulumState.physical_length
2025-09-02 15:08:11.569 | INFO     | Pendulum.PendulumAPP:_processSerialData:120 - 📏 串口长度数据已更新: L27.924513 -> physical_length=27.924513
2025-09-02 15:08:11.570 | INFO     | Pendulum.PendulumAPP:_processSerialData:121 - 🔄 数据来源: 串口接收 -> PendulumState.physical_length
2025-09-02 15:08:11.616 | INFO     | Pendulum.PendulumAPP:_processSerialData:120 - 📏 串口长度数据已更新: L27.924513 -> physical_length=27.924513
2025-09-02 15:08:11.617 | INFO     | Pendulum.PendulumAPP:_processSerialData:121 - 🔄 数据来源: 串口接收 -> PendulumState.physical_length
2025-09-02 15:08:11.661 | INFO     | Pendulum.PendulumAPP:_processSerialData:120 - 📏 串口长度数据已更新: L27.924513 -> physical_length=27.924513
2025-09-02 15:08:11.663 | INFO     | Pendulum.PendulumAPP:_processSerialData:121 - 🔄 数据来源: 串口接收 -> PendulumState.physical_length
2025-09-02 15:08:11.707 | INFO     | Pendulum.PendulumAPP:_processSerialData:120 - 📏 串口长度数据已更新: L27.924513 -> physical_length=27.924513
2025-09-02 15:08:11.708 | INFO     | Pendulum.PendulumAPP:_processSerialData:121 - 🔄 数据来源: 串口接收 -> PendulumState.physical_length
2025-09-02 15:08:11.754 | INFO     | Pendulum.PendulumAPP:_processSerialData:120 - 📏 串口长度数据已更新: L27.924513 -> physical_length=27.924513
2025-09-02 15:08:11.756 | INFO     | Pendulum.PendulumAPP:_processSerialData:121 - 🔄 数据来源: 串口接收 -> PendulumState.physical_length
2025-09-02 15:08:11.800 | INFO     | Pendulum.PendulumAPP:_processSerialData:120 - 📏 串口长度数据已更新: L27.924513 -> physical_length=27.924513
2025-09-02 15:08:11.801 | INFO     | Pendulum.PendulumAPP:_processSerialData:121 - 🔄 数据来源: 串口接收 -> PendulumState.physical_length
2025-09-02 15:08:11.847 | INFO     | Pendulum.PendulumAPP:_processSerialData:120 - 📏 串口长度数据已更新: L27.924513 -> physical_length=27.924513
2025-09-02 15:08:11.848 | INFO     | Pendulum.PendulumAPP:_processSerialData:121 - 🔄 数据来源: 串口接收 -> PendulumState.physical_length
2025-09-02 15:08:11.893 | INFO     | Pendulum.PendulumAPP:_processSerialData:120 - 📏 串口长度数据已更新: L27.924513 -> physical_length=27.924513
2025-09-02 15:08:11.894 | INFO     | Pendulum.PendulumAPP:_processSerialData:121 - 🔄 数据来源: 串口接收 -> PendulumState.physical_length
2025-09-02 15:08:11.938 | INFO     | Pendulum.PendulumAPP:_processSerialData:120 - 📏 串口长度数据已更新: L27.924513 -> physical_length=27.924513
2025-09-02 15:08:11.939 | INFO     | Pendulum.PendulumAPP:_processSerialData:121 - 🔄 数据来源: 串口接收 -> PendulumState.physical_length
2025-09-02 15:08:11.983 | INFO     | Pendulum.PendulumAPP:_processSerialData:120 - 📏 串口长度数据已更新: L27.924513 -> physical_length=27.924513
2025-09-02 15:08:11.984 | INFO     | Pendulum.PendulumAPP:_processSerialData:121 - 🔄 数据来源: 串口接收 -> PendulumState.physical_length
2025-09-02 15:08:12.029 | INFO     | Pendulum.PendulumAPP:_processSerialData:120 - 📏 串口长度数据已更新: L27.924513 -> physical_length=27.924513
2025-09-02 15:08:12.032 | INFO     | Pendulum.PendulumAPP:_processSerialData:121 - 🔄 数据来源: 串口接收 -> PendulumState.physical_length
2025-09-02 15:08:12.076 | INFO     | Pendulum.PendulumAPP:_processSerialData:120 - 📏 串口长度数据已更新: L27.924513 -> physical_length=27.924513
2025-09-02 15:08:12.077 | INFO     | Pendulum.PendulumAPP:_processSerialData:121 - 🔄 数据来源: 串口接收 -> PendulumState.physical_length
2025-09-02 15:08:12.123 | INFO     | Pendulum.PendulumAPP:_processSerialData:120 - 📏 串口长度数据已更新: L27.924513 -> physical_length=27.924513
2025-09-02 15:08:12.126 | INFO     | Pendulum.PendulumAPP:_processSerialData:121 - 🔄 数据来源: 串口接收 -> PendulumState.physical_length
2025-09-02 15:08:12.169 | INFO     | Pendulum.PendulumAPP:_processSerialData:120 - 📏 串口长度数据已更新: L27.924513 -> physical_length=27.924513
2025-09-02 15:08:12.170 | INFO     | Pendulum.PendulumAPP:_processSerialData:121 - 🔄 数据来源: 串口接收 -> PendulumState.physical_length
2025-09-02 15:08:12.214 | INFO     | Pendulum.PendulumAPP:_processSerialData:120 - 📏 串口长度数据已更新: L27.924513 -> physical_length=27.924513
2025-09-02 15:08:12.215 | INFO     | Pendulum.PendulumAPP:_processSerialData:121 - 🔄 数据来源: 串口接收 -> PendulumState.physical_length
2025-09-02 15:08:12.262 | INFO     | Pendulum.PendulumAPP:_processSerialData:120 - 📏 串口长度数据已更新: L27.924513 -> physical_length=27.924513
2025-09-02 15:08:12.264 | INFO     | Pendulum.PendulumAPP:_processSerialData:121 - 🔄 数据来源: 串口接收 -> PendulumState.physical_length
2025-09-02 15:08:12.309 | INFO     | Pendulum.PendulumAPP:_processSerialData:120 - 📏 串口长度数据已更新: L27.924513 -> physical_length=27.924513
2025-09-02 15:08:12.310 | INFO     | Pendulum.PendulumAPP:_processSerialData:121 - 🔄 数据来源: 串口接收 -> PendulumState.physical_length
2025-09-02 15:08:12.357 | INFO     | Pendulum.PendulumAPP:_processSerialData:120 - 📏 串口长度数据已更新: L27.924513 -> physical_length=27.924513
2025-09-02 15:08:12.358 | INFO     | Pendulum.PendulumAPP:_processSerialData:121 - 🔄 数据来源: 串口接收 -> PendulumState.physical_length
2025-09-02 15:08:12.404 | INFO     | Pendulum.PendulumAPP:_processSerialData:120 - 📏 串口长度数据已更新: L27.924513 -> physical_length=27.924513
2025-09-02 15:08:12.405 | INFO     | Pendulum.PendulumAPP:_processSerialData:121 - 🔄 数据来源: 串口接收 -> PendulumState.physical_length
2025-09-02 15:08:12.449 | INFO     | Pendulum.PendulumAPP:_processSerialData:120 - 📏 串口长度数据已更新: L27.924513 -> physical_length=27.924513
2025-09-02 15:08:12.450 | INFO     | Pendulum.PendulumAPP:_processSerialData:121 - 🔄 数据来源: 串口接收 -> PendulumState.physical_length
2025-09-02 15:08:12.496 | INFO     | Pendulum.PendulumAPP:_processSerialData:120 - 📏 串口长度数据已更新: L27.924513 -> physical_length=27.924513
2025-09-02 15:08:12.496 | INFO     | Pendulum.PendulumAPP:_processSerialData:121 - 🔄 数据来源: 串口接收 -> PendulumState.physical_length
2025-09-02 15:08:12.542 | INFO     | Pendulum.PendulumAPP:_processSerialData:120 - 📏 串口长度数据已更新: L27.924513 -> physical_length=27.924513
2025-09-02 15:08:12.545 | INFO     | Pendulum.PendulumAPP:_processSerialData:121 - 🔄 数据来源: 串口接收 -> PendulumState.physical_length
2025-09-02 15:08:12.590 | INFO     | Pendulum.PendulumAPP:_processSerialData:120 - 📏 串口长度数据已更新: L27.924513 -> physical_length=27.924513
2025-09-02 15:08:12.592 | INFO     | Pendulum.PendulumAPP:_processSerialData:121 - 🔄 数据来源: 串口接收 -> PendulumState.physical_length
2025-09-02 15:08:12.652 | INFO     | Pendulum.PendulumAPP:_processSerialData:120 - 📏 串口长度数据已更新: L27.924513 -> physical_length=27.924513
2025-09-02 15:08:12.653 | INFO     | Pendulum.PendulumAPP:_processSerialData:121 - 🔄 数据来源: 串口接收 -> PendulumState.physical_length
2025-09-02 15:08:12.713 | INFO     | Pendulum.PendulumAPP:_processSerialData:120 - 📏 串口长度数据已更新: L27.924513 -> physical_length=27.924513
2025-09-02 15:08:12.713 | INFO     | Pendulum.PendulumAPP:_processSerialData:121 - 🔄 数据来源: 串口接收 -> PendulumState.physical_length
2025-09-02 15:08:12.759 | INFO     | Pendulum.PendulumAPP:_processSerialData:120 - 📏 串口长度数据已更新: L27.924513 -> physical_length=27.924513
2025-09-02 15:08:12.760 | INFO     | Pendulum.PendulumAPP:_processSerialData:121 - 🔄 数据来源: 串口接收 -> PendulumState.physical_length
2025-09-02 15:08:12.806 | INFO     | Pendulum.PendulumAPP:_processSerialData:120 - 📏 串口长度数据已更新: L27.924513 -> physical_length=27.924513
2025-09-02 15:08:12.809 | INFO     | Pendulum.PendulumAPP:_processSerialData:121 - 🔄 数据来源: 串口接收 -> PendulumState.physical_length
2025-09-02 15:08:12.853 | INFO     | Pendulum.PendulumAPP:_processSerialData:120 - 📏 串口长度数据已更新: L27.924513 -> physical_length=27.924513
2025-09-02 15:08:12.854 | INFO     | Pendulum.PendulumAPP:_processSerialData:121 - 🔄 数据来源: 串口接收 -> PendulumState.physical_length
2025-09-02 15:08:12.899 | INFO     | Pendulum.PendulumAPP:_processSerialData:120 - 📏 串口长度数据已更新: L27.924513 -> physical_length=27.924513
2025-09-02 15:08:12.900 | INFO     | Pendulum.PendulumAPP:_processSerialData:121 - 🔄 数据来源: 串口接收 -> PendulumState.physical_length
2025-09-02 15:08:12.945 | INFO     | Pendulum.PendulumAPP:_processSerialData:120 - 📏 串口长度数据已更新: L27.924513 -> physical_length=27.924513
2025-09-02 15:08:12.947 | INFO     | Pendulum.PendulumAPP:_processSerialData:121 - 🔄 数据来源: 串口接收 -> PendulumState.physical_length
2025-09-02 15:08:12.991 | INFO     | Pendulum.PendulumAPP:_processSerialData:120 - 📏 串口长度数据已更新: L27.924513 -> physical_length=27.924513
2025-09-02 15:08:12.993 | INFO     | Pendulum.PendulumAPP:_processSerialData:121 - 🔄 数据来源: 串口接收 -> PendulumState.physical_length
2025-09-02 15:08:13.036 | INFO     | Pendulum.PendulumAPP:_processSerialData:120 - 📏 串口长度数据已更新: L27.924513 -> physical_length=27.924513
2025-09-02 15:08:13.038 | INFO     | Pendulum.PendulumAPP:_processSerialData:121 - 🔄 数据来源: 串口接收 -> PendulumState.physical_length
2025-09-02 15:08:13.082 | INFO     | Pendulum.PendulumAPP:_processSerialData:120 - 📏 串口长度数据已更新: L27.924513 -> physical_length=27.924513
2025-09-02 15:08:13.083 | INFO     | Pendulum.PendulumAPP:_processSerialData:121 - 🔄 数据来源: 串口接收 -> PendulumState.physical_length
2025-09-02 15:08:13.129 | INFO     | Pendulum.PendulumAPP:_processSerialData:120 - 📏 串口长度数据已更新: L27.924513 -> physical_length=27.924513
2025-09-02 15:08:13.131 | INFO     | Pendulum.PendulumAPP:_processSerialData:121 - 🔄 数据来源: 串口接收 -> PendulumState.physical_length
2025-09-02 15:08:13.175 | INFO     | Pendulum.PendulumAPP:_processSerialData:120 - 📏 串口长度数据已更新: L27.924513 -> physical_length=27.924513
2025-09-02 15:08:13.175 | INFO     | Pendulum.PendulumAPP:_processSerialData:121 - 🔄 数据来源: 串口接收 -> PendulumState.physical_length
2025-09-02 15:08:13.221 | INFO     | Pendulum.PendulumAPP:_processSerialData:120 - 📏 串口长度数据已更新: L27.924513 -> physical_length=27.924513
2025-09-02 15:08:13.222 | INFO     | Pendulum.PendulumAPP:_processSerialData:121 - 🔄 数据来源: 串口接收 -> PendulumState.physical_length
2025-09-02 15:08:13.266 | INFO     | Pendulum.PendulumAPP:_processSerialData:120 - 📏 串口长度数据已更新: L27.924513 -> physical_length=27.924513
2025-09-02 15:08:13.267 | INFO     | Pendulum.PendulumAPP:_processSerialData:121 - 🔄 数据来源: 串口接收 -> PendulumState.physical_length
2025-09-02 15:08:13.313 | INFO     | Pendulum.PendulumAPP:_processSerialData:120 - 📏 串口长度数据已更新: L27.924513 -> physical_length=27.924513
2025-09-02 15:08:13.314 | INFO     | Pendulum.PendulumAPP:_processSerialData:121 - 🔄 数据来源: 串口接收 -> PendulumState.physical_length
2025-09-02 15:08:13.358 | INFO     | Pendulum.PendulumAPP:_processSerialData:120 - 📏 串口长度数据已更新: L27.924513 -> physical_length=27.924513
2025-09-02 15:08:13.360 | INFO     | Pendulum.PendulumAPP:_processSerialData:121 - 🔄 数据来源: 串口接收 -> PendulumState.physical_length
2025-09-02 15:08:13.405 | INFO     | Pendulum.PendulumAPP:_processSerialData:120 - 📏 串口长度数据已更新: L27.924513 -> physical_length=27.924513
2025-09-02 15:08:13.406 | INFO     | Pendulum.PendulumAPP:_processSerialData:121 - 🔄 数据来源: 串口接收 -> PendulumState.physical_length
2025-09-02 15:08:13.450 | INFO     | Pendulum.PendulumAPP:_processSerialData:120 - 📏 串口长度数据已更新: L27.924513 -> physical_length=27.924513
2025-09-02 15:08:13.450 | INFO     | Pendulum.PendulumAPP:_processSerialData:121 - 🔄 数据来源: 串口接收 -> PendulumState.physical_length
2025-09-02 15:08:13.496 | INFO     | Pendulum.PendulumAPP:_processSerialData:120 - 📏 串口长度数据已更新: L27.924513 -> physical_length=27.924513
2025-09-02 15:08:13.496 | INFO     | Pendulum.PendulumAPP:_processSerialData:121 - 🔄 数据来源: 串口接收 -> PendulumState.physical_length
2025-09-02 15:08:13.544 | INFO     | Pendulum.PendulumAPP:_processSerialData:120 - 📏 串口长度数据已更新: L27.924513 -> physical_length=27.924513
2025-09-02 15:08:13.545 | INFO     | Pendulum.PendulumAPP:_processSerialData:121 - 🔄 数据来源: 串口接收 -> PendulumState.physical_length
2025-09-02 15:08:13.589 | INFO     | Pendulum.PendulumAPP:_processSerialData:120 - 📏 串口长度数据已更新: L27.924513 -> physical_length=27.924513
2025-09-02 15:08:13.589 | INFO     | Pendulum.PendulumAPP:_processSerialData:121 - 🔄 数据来源: 串口接收 -> PendulumState.physical_length
2025-09-02 15:08:13.635 | INFO     | Pendulum.PendulumAPP:_processSerialData:120 - 📏 串口长度数据已更新: L27.924513 -> physical_length=27.924513
2025-09-02 15:08:13.636 | INFO     | Pendulum.PendulumAPP:_processSerialData:121 - 🔄 数据来源: 串口接收 -> PendulumState.physical_length
2025-09-02 15:08:13.682 | INFO     | Pendulum.PendulumAPP:_processSerialData:120 - 📏 串口长度数据已更新: L27.924513 -> physical_length=27.924513
2025-09-02 15:08:13.683 | INFO     | Pendulum.PendulumAPP:_processSerialData:121 - 🔄 数据来源: 串口接收 -> PendulumState.physical_length
2025-09-02 15:08:13.726 | INFO     | Pendulum.PendulumAPP:_processSerialData:120 - 📏 串口长度数据已更新: L27.924513 -> physical_length=27.924513
2025-09-02 15:08:13.729 | INFO     | Pendulum.PendulumAPP:_processSerialData:121 - 🔄 数据来源: 串口接收 -> PendulumState.physical_length
2025-09-02 15:08:13.773 | INFO     | Pendulum.PendulumAPP:_processSerialData:120 - 📏 串口长度数据已更新: L27.924513 -> physical_length=27.924513
2025-09-02 15:08:13.774 | INFO     | Pendulum.PendulumAPP:_processSerialData:121 - 🔄 数据来源: 串口接收 -> PendulumState.physical_length
2025-09-02 15:08:13.820 | INFO     | Pendulum.PendulumAPP:_processSerialData:120 - 📏 串口长度数据已更新: L27.924513 -> physical_length=27.924513
2025-09-02 15:08:13.821 | INFO     | Pendulum.PendulumAPP:_processSerialData:121 - 🔄 数据来源: 串口接收 -> PendulumState.physical_length
2025-09-02 15:08:13.864 | INFO     | Pendulum.PendulumAPP:_processSerialData:120 - 📏 串口长度数据已更新: L27.924513 -> physical_length=27.924513
2025-09-02 15:08:13.865 | INFO     | Pendulum.PendulumAPP:_processSerialData:121 - 🔄 数据来源: 串口接收 -> PendulumState.physical_length
2025-09-02 15:08:13.911 | INFO     | Pendulum.PendulumAPP:_processSerialData:120 - 📏 串口长度数据已更新: L27.924513 -> physical_length=27.924513
2025-09-02 15:08:13.912 | INFO     | Pendulum.PendulumAPP:_processSerialData:121 - 🔄 数据来源: 串口接收 -> PendulumState.physical_length
2025-09-02 15:08:13.958 | INFO     | Pendulum.PendulumAPP:_processSerialData:120 - 📏 串口长度数据已更新: L27.924513 -> physical_length=27.924513
2025-09-02 15:08:13.959 | INFO     | Pendulum.PendulumAPP:_processSerialData:121 - 🔄 数据来源: 串口接收 -> PendulumState.physical_length
2025-09-02 15:08:14.004 | INFO     | Pendulum.PendulumAPP:_processSerialData:120 - 📏 串口长度数据已更新: L27.924513 -> physical_length=27.924513
2025-09-02 15:08:14.006 | INFO     | Pendulum.PendulumAPP:_processSerialData:121 - 🔄 数据来源: 串口接收 -> PendulumState.physical_length
2025-09-02 15:08:14.050 | INFO     | Pendulum.PendulumAPP:_processSerialData:120 - 📏 串口长度数据已更新: L27.924513 -> physical_length=27.924513
2025-09-02 15:08:14.051 | INFO     | Pendulum.PendulumAPP:_processSerialData:121 - 🔄 数据来源: 串口接收 -> PendulumState.physical_length
2025-09-02 15:08:14.097 | INFO     | Pendulum.PendulumAPP:_processSerialData:120 - 📏 串口长度数据已更新: L27.924513 -> physical_length=27.924513
2025-09-02 15:08:14.098 | INFO     | Pendulum.PendulumAPP:_processSerialData:121 - 🔄 数据来源: 串口接收 -> PendulumState.physical_length
2025-09-02 15:08:14.143 | INFO     | Pendulum.PendulumAPP:_processSerialData:120 - 📏 串口长度数据已更新: L27.924513 -> physical_length=27.924513
2025-09-02 15:08:14.143 | INFO     | Pendulum.PendulumAPP:_processSerialData:121 - 🔄 数据来源: 串口接收 -> PendulumState.physical_length
2025-09-02 15:08:14.189 | INFO     | Pendulum.PendulumAPP:_processSerialData:120 - 📏 串口长度数据已更新: L27.924513 -> physical_length=27.924513
2025-09-02 15:08:14.193 | INFO     | Pendulum.PendulumAPP:_processSerialData:121 - 🔄 数据来源: 串口接收 -> PendulumState.physical_length
2025-09-02 15:08:14.237 | INFO     | Pendulum.PendulumAPP:_processSerialData:120 - 📏 串口长度数据已更新: L27.924513 -> physical_length=27.924513
2025-09-02 15:08:14.238 | INFO     | Pendulum.PendulumAPP:_processSerialData:121 - 🔄 数据来源: 串口接收 -> PendulumState.physical_length
2025-09-02 15:08:14.282 | INFO     | Pendulum.PendulumAPP:_processSerialData:120 - 📏 串口长度数据已更新: L27.924513 -> physical_length=27.924513
2025-09-02 15:08:14.284 | INFO     | Pendulum.PendulumAPP:_processSerialData:121 - 🔄 数据来源: 串口接收 -> PendulumState.physical_length
2025-09-02 15:08:14.331 | INFO     | Pendulum.PendulumAPP:_processSerialData:120 - 📏 串口长度数据已更新: L27.924513 -> physical_length=27.924513
2025-09-02 15:08:14.332 | INFO     | Pendulum.PendulumAPP:_processSerialData:121 - 🔄 数据来源: 串口接收 -> PendulumState.physical_length
2025-09-02 15:08:14.377 | INFO     | Pendulum.PendulumAPP:_processSerialData:120 - 📏 串口长度数据已更新: L27.924513 -> physical_length=27.924513
2025-09-02 15:08:14.378 | INFO     | Pendulum.PendulumAPP:_processSerialData:121 - 🔄 数据来源: 串口接收 -> PendulumState.physical_length
2025-09-02 15:08:14.425 | INFO     | Pendulum.PendulumAPP:_processSerialData:120 - 📏 串口长度数据已更新: L27.924513 -> physical_length=27.924513
2025-09-02 15:08:14.427 | INFO     | Pendulum.PendulumAPP:_processSerialData:121 - 🔄 数据来源: 串口接收 -> PendulumState.physical_length
2025-09-02 15:08:14.471 | INFO     | Pendulum.PendulumAPP:_processSerialData:120 - 📏 串口长度数据已更新: L27.924513 -> physical_length=27.924513
2025-09-02 15:08:14.472 | INFO     | Pendulum.PendulumAPP:_processSerialData:121 - 🔄 数据来源: 串口接收 -> PendulumState.physical_length
2025-09-02 15:08:14.517 | INFO     | Pendulum.PendulumAPP:_processSerialData:120 - 📏 串口长度数据已更新: L27.924513 -> physical_length=27.924513
2025-09-02 15:08:14.518 | INFO     | Pendulum.PendulumAPP:_processSerialData:121 - 🔄 数据来源: 串口接收 -> PendulumState.physical_length
2025-09-02 15:08:14.563 | INFO     | Pendulum.PendulumAPP:_processSerialData:120 - 📏 串口长度数据已更新: L27.924513 -> physical_length=27.924513
2025-09-02 15:08:14.564 | INFO     | Pendulum.PendulumAPP:_processSerialData:121 - 🔄 数据来源: 串口接收 -> PendulumState.physical_length
2025-09-02 15:08:14.610 | INFO     | Pendulum.PendulumAPP:_processSerialData:120 - 📏 串口长度数据已更新: L27.924513 -> physical_length=27.924513
2025-09-02 15:08:14.611 | INFO     | Pendulum.PendulumAPP:_processSerialData:121 - 🔄 数据来源: 串口接收 -> PendulumState.physical_length
2025-09-02 15:08:14.656 | INFO     | Pendulum.PendulumAPP:_processSerialData:120 - 📏 串口长度数据已更新: L27.924513 -> physical_length=27.924513
2025-09-02 15:08:14.658 | INFO     | Pendulum.PendulumAPP:_processSerialData:121 - 🔄 数据来源: 串口接收 -> PendulumState.physical_length
2025-09-02 15:08:14.701 | INFO     | Pendulum.PendulumAPP:_processSerialData:120 - 📏 串口长度数据已更新: L27.924513 -> physical_length=27.924513
2025-09-02 15:08:14.701 | INFO     | Pendulum.PendulumAPP:_processSerialData:121 - 🔄 数据来源: 串口接收 -> PendulumState.physical_length
2025-09-02 15:08:14.747 | INFO     | Pendulum.PendulumAPP:_processSerialData:120 - 📏 串口长度数据已更新: L27.924513 -> physical_length=27.924513
2025-09-02 15:08:14.748 | INFO     | Pendulum.PendulumAPP:_processSerialData:121 - 🔄 数据来源: 串口接收 -> PendulumState.physical_length
2025-09-02 15:08:14.795 | INFO     | Pendulum.PendulumAPP:_processSerialData:120 - 📏 串口长度数据已更新: L27.924513 -> physical_length=27.924513
2025-09-02 15:08:14.797 | INFO     | Pendulum.PendulumAPP:_processSerialData:121 - 🔄 数据来源: 串口接收 -> PendulumState.physical_length
2025-09-02 15:08:14.842 | INFO     | Pendulum.PendulumAPP:_processSerialData:120 - 📏 串口长度数据已更新: L27.924513 -> physical_length=27.924513
2025-09-02 15:08:14.843 | INFO     | Pendulum.PendulumAPP:_processSerialData:121 - 🔄 数据来源: 串口接收 -> PendulumState.physical_length
2025-09-02 15:08:14.889 | INFO     | Pendulum.PendulumAPP:_processSerialData:120 - 📏 串口长度数据已更新: L27.924513 -> physical_length=27.924513
2025-09-02 15:08:14.889 | INFO     | Pendulum.PendulumAPP:_processSerialData:121 - 🔄 数据来源: 串口接收 -> PendulumState.physical_length
2025-09-02 15:08:14.935 | INFO     | Pendulum.PendulumAPP:_processSerialData:120 - 📏 串口长度数据已更新: L27.924513 -> physical_length=27.924513
2025-09-02 15:08:14.937 | INFO     | Pendulum.PendulumAPP:_processSerialData:121 - 🔄 数据来源: 串口接收 -> PendulumState.physical_length
2025-09-02 15:08:14.983 | INFO     | Pendulum.PendulumAPP:_processSerialData:120 - 📏 串口长度数据已更新: L27.924513 -> physical_length=27.924513
2025-09-02 15:08:14.984 | INFO     | Pendulum.PendulumAPP:_processSerialData:121 - 🔄 数据来源: 串口接收 -> PendulumState.physical_length
2025-09-02 15:08:15.029 | INFO     | Pendulum.PendulumAPP:_processSerialData:120 - 📏 串口长度数据已更新: L27.924513 -> physical_length=27.924513
2025-09-02 15:08:15.030 | INFO     | Pendulum.PendulumAPP:_processSerialData:121 - 🔄 数据来源: 串口接收 -> PendulumState.physical_length
2025-09-02 15:08:15.075 | INFO     | Pendulum.PendulumAPP:_processSerialData:120 - 📏 串口长度数据已更新: L27.924513 -> physical_length=27.924513
2025-09-02 15:08:15.076 | INFO     | Pendulum.PendulumAPP:_processSerialData:121 - 🔄 数据来源: 串口接收 -> PendulumState.physical_length
2025-09-02 15:08:15.121 | INFO     | Pendulum.PendulumAPP:_processSerialData:120 - 📏 串口长度数据已更新: L27.924513 -> physical_length=27.924513
2025-09-02 15:08:15.122 | INFO     | Pendulum.PendulumAPP:_processSerialData:121 - 🔄 数据来源: 串口接收 -> PendulumState.physical_length
2025-09-02 15:08:15.166 | INFO     | Pendulum.PendulumAPP:_processSerialData:120 - 📏 串口长度数据已更新: L27.924513 -> physical_length=27.924513
2025-09-02 15:08:15.168 | INFO     | Pendulum.PendulumAPP:_processSerialData:121 - 🔄 数据来源: 串口接收 -> PendulumState.physical_length
2025-09-02 15:08:15.215 | INFO     | Pendulum.PendulumAPP:_processSerialData:120 - 📏 串口长度数据已更新: L27.924513 -> physical_length=27.924513
2025-09-02 15:08:15.218 | INFO     | Pendulum.PendulumAPP:_processSerialData:121 - 🔄 数据来源: 串口接收 -> PendulumState.physical_length
2025-09-02 15:08:15.260 | INFO     | Pendulum.PendulumAPP:_processSerialData:120 - 📏 串口长度数据已更新: L27.924513 -> physical_length=27.924513
2025-09-02 15:08:15.263 | INFO     | Pendulum.PendulumAPP:_processSerialData:121 - 🔄 数据来源: 串口接收 -> PendulumState.physical_length
2025-09-02 15:08:15.306 | INFO     | Pendulum.PendulumAPP:_processSerialData:120 - 📏 串口长度数据已更新: L27.924513 -> physical_length=27.924513
2025-09-02 15:08:15.307 | INFO     | Pendulum.PendulumAPP:_processSerialData:121 - 🔄 数据来源: 串口接收 -> PendulumState.physical_length
2025-09-02 15:08:15.353 | INFO     | Pendulum.PendulumAPP:_processSerialData:120 - 📏 串口长度数据已更新: L27.924513 -> physical_length=27.924513
2025-09-02 15:08:15.355 | INFO     | Pendulum.PendulumAPP:_processSerialData:121 - 🔄 数据来源: 串口接收 -> PendulumState.physical_length
2025-09-02 15:08:15.402 | INFO     | Pendulum.PendulumAPP:_processSerialData:120 - 📏 串口长度数据已更新: L27.924513 -> physical_length=27.924513
2025-09-02 15:08:15.403 | INFO     | Pendulum.PendulumAPP:_processSerialData:121 - 🔄 数据来源: 串口接收 -> PendulumState.physical_length
2025-09-02 15:08:15.446 | INFO     | Pendulum.PendulumAPP:_processSerialData:120 - 📏 串口长度数据已更新: L27.924513 -> physical_length=27.924513
2025-09-02 15:08:15.447 | INFO     | Pendulum.PendulumAPP:_processSerialData:121 - 🔄 数据来源: 串口接收 -> PendulumState.physical_length
2025-09-02 15:08:15.493 | INFO     | Pendulum.PendulumAPP:_processSerialData:120 - 📏 串口长度数据已更新: L27.924513 -> physical_length=27.924513
2025-09-02 15:08:15.494 | INFO     | Pendulum.PendulumAPP:_processSerialData:121 - 🔄 数据来源: 串口接收 -> PendulumState.physical_length
2025-09-02 15:08:15.539 | INFO     | Pendulum.PendulumAPP:_processSerialData:120 - 📏 串口长度数据已更新: L27.924513 -> physical_length=27.924513
2025-09-02 15:08:15.539 | INFO     | Pendulum.PendulumAPP:_processSerialData:121 - 🔄 数据来源: 串口接收 -> PendulumState.physical_length
2025-09-02 15:08:15.585 | INFO     | Pendulum.PendulumAPP:_processSerialData:120 - 📏 串口长度数据已更新: L27.924513 -> physical_length=27.924513
2025-09-02 15:08:15.586 | INFO     | Pendulum.PendulumAPP:_processSerialData:121 - 🔄 数据来源: 串口接收 -> PendulumState.physical_length
2025-09-02 15:08:15.632 | INFO     | Pendulum.PendulumAPP:_processSerialData:120 - 📏 串口长度数据已更新: L27.924513 -> physical_length=27.924513
2025-09-02 15:08:15.633 | INFO     | Pendulum.PendulumAPP:_processSerialData:121 - 🔄 数据来源: 串口接收 -> PendulumState.physical_length
2025-09-02 15:08:15.679 | INFO     | Pendulum.PendulumAPP:_processSerialData:120 - 📏 串口长度数据已更新: L27.924513 -> physical_length=27.924513
2025-09-02 15:08:15.681 | INFO     | Pendulum.PendulumAPP:_processSerialData:121 - 🔄 数据来源: 串口接收 -> PendulumState.physical_length
2025-09-02 15:08:15.724 | INFO     | Pendulum.PendulumAPP:_processSerialData:120 - 📏 串口长度数据已更新: L27.924513 -> physical_length=27.924513
2025-09-02 15:08:15.726 | INFO     | Pendulum.PendulumAPP:_processSerialData:121 - 🔄 数据来源: 串口接收 -> PendulumState.physical_length
2025-09-02 15:08:15.770 | INFO     | Pendulum.PendulumAPP:_processSerialData:120 - 📏 串口长度数据已更新: L27.924513 -> physical_length=27.924513
2025-09-02 15:08:15.770 | INFO     | Pendulum.PendulumAPP:_processSerialData:121 - 🔄 数据来源: 串口接收 -> PendulumState.physical_length
2025-09-02 15:08:15.816 | INFO     | Pendulum.PendulumAPP:_processSerialData:120 - 📏 串口长度数据已更新: L27.924513 -> physical_length=27.924513
2025-09-02 15:08:15.817 | INFO     | Pendulum.PendulumAPP:_processSerialData:121 - 🔄 数据来源: 串口接收 -> PendulumState.physical_length
2025-09-02 15:08:15.862 | INFO     | Pendulum.PendulumAPP:_processSerialData:120 - 📏 串口长度数据已更新: L27.924513 -> physical_length=27.924513
2025-09-02 15:08:15.865 | INFO     | Pendulum.PendulumAPP:_processSerialData:121 - 🔄 数据来源: 串口接收 -> PendulumState.physical_length
2025-09-02 15:08:15.908 | INFO     | Pendulum.PendulumAPP:_processSerialData:120 - 📏 串口长度数据已更新: L27.924513 -> physical_length=27.924513
2025-09-02 15:08:15.909 | INFO     | Pendulum.PendulumAPP:_processSerialData:121 - 🔄 数据来源: 串口接收 -> PendulumState.physical_length
2025-09-02 15:08:15.955 | INFO     | Pendulum.PendulumAPP:_processSerialData:120 - 📏 串口长度数据已更新: L27.924513 -> physical_length=27.924513
2025-09-02 15:08:15.956 | INFO     | Pendulum.PendulumAPP:_processSerialData:121 - 🔄 数据来源: 串口接收 -> PendulumState.physical_length
2025-09-02 15:08:16.002 | INFO     | Pendulum.PendulumAPP:_processSerialData:120 - 📏 串口长度数据已更新: L27.924513 -> physical_length=27.924513
2025-09-02 15:08:16.004 | INFO     | Pendulum.PendulumAPP:_processSerialData:121 - 🔄 数据来源: 串口接收 -> PendulumState.physical_length
2025-09-02 15:08:16.063 | INFO     | Pendulum.PendulumAPP:_processSerialData:120 - 📏 串口长度数据已更新: L27.924513 -> physical_length=27.924513
2025-09-02 15:08:16.066 | INFO     | Pendulum.PendulumAPP:_processSerialData:121 - 🔄 数据来源: 串口接收 -> PendulumState.physical_length
2025-09-02 15:08:16.110 | INFO     | Pendulum.PendulumAPP:_processSerialData:120 - 📏 串口长度数据已更新: L27.924513 -> physical_length=27.924513
2025-09-02 15:08:16.112 | INFO     | Pendulum.PendulumAPP:_processSerialData:121 - 🔄 数据来源: 串口接收 -> PendulumState.physical_length
2025-09-02 15:08:16.157 | INFO     | Pendulum.PendulumAPP:_processSerialData:120 - 📏 串口长度数据已更新: L27.924513 -> physical_length=27.924513
2025-09-02 15:08:16.158 | INFO     | Pendulum.PendulumAPP:_processSerialData:121 - 🔄 数据来源: 串口接收 -> PendulumState.physical_length
2025-09-02 15:08:16.219 | INFO     | Pendulum.PendulumAPP:_processSerialData:120 - 📏 串口长度数据已更新: L27.924513 -> physical_length=27.924513
2025-09-02 15:08:16.220 | INFO     | Pendulum.PendulumAPP:_processSerialData:121 - 🔄 数据来源: 串口接收 -> PendulumState.physical_length
2025-09-02 15:08:16.267 | INFO     | Pendulum.PendulumAPP:_processSerialData:120 - 📏 串口长度数据已更新: L27.924513 -> physical_length=27.924513
2025-09-02 15:08:16.268 | INFO     | Pendulum.PendulumAPP:_processSerialData:121 - 🔄 数据来源: 串口接收 -> PendulumState.physical_length
2025-09-02 15:08:16.312 | INFO     | Pendulum.PendulumAPP:_processSerialData:120 - 📏 串口长度数据已更新: L27.924513 -> physical_length=27.924513
2025-09-02 15:08:16.316 | INFO     | Pendulum.PendulumAPP:_processSerialData:121 - 🔄 数据来源: 串口接收 -> PendulumState.physical_length
2025-09-02 15:08:16.373 | INFO     | Pendulum.PendulumAPP:_processSerialData:120 - 📏 串口长度数据已更新: L27.924513 -> physical_length=27.924513
2025-09-02 15:08:16.375 | INFO     | Pendulum.PendulumAPP:_processSerialData:121 - 🔄 数据来源: 串口接收 -> PendulumState.physical_length
2025-09-02 15:08:16.420 | INFO     | Pendulum.PendulumAPP:_processSerialData:120 - 📏 串口长度数据已更新: L27.924513 -> physical_length=27.924513
2025-09-02 15:08:16.421 | INFO     | Pendulum.PendulumAPP:_processSerialData:121 - 🔄 数据来源: 串口接收 -> PendulumState.physical_length
2025-09-02 15:08:16.467 | INFO     | Pendulum.PendulumAPP:_processSerialData:120 - 📏 串口长度数据已更新: L27.924513 -> physical_length=27.924513
2025-09-02 15:08:16.468 | INFO     | Pendulum.PendulumAPP:_processSerialData:121 - 🔄 数据来源: 串口接收 -> PendulumState.physical_length
2025-09-02 15:08:16.512 | INFO     | Pendulum.PendulumAPP:_processSerialData:120 - 📏 串口长度数据已更新: L27.924513 -> physical_length=27.924513
2025-09-02 15:08:16.513 | INFO     | Pendulum.PendulumAPP:_processSerialData:121 - 🔄 数据来源: 串口接收 -> PendulumState.physical_length
2025-09-02 15:08:16.558 | INFO     | Pendulum.PendulumAPP:_processSerialData:120 - 📏 串口长度数据已更新: L27.924513 -> physical_length=27.924513
2025-09-02 15:08:16.560 | INFO     | Pendulum.PendulumAPP:_processSerialData:121 - 🔄 数据来源: 串口接收 -> PendulumState.physical_length
2025-09-02 15:08:16.619 | INFO     | Pendulum.PendulumAPP:_processSerialData:120 - 📏 串口长度数据已更新: L27.924513 -> physical_length=27.924513
2025-09-02 15:08:16.624 | INFO     | Pendulum.PendulumAPP:_processSerialData:121 - 🔄 数据来源: 串口接收 -> PendulumState.physical_length
2025-09-02 15:08:16.665 | INFO     | Pendulum.PendulumAPP:_processSerialData:120 - 📏 串口长度数据已更新: L27.924513 -> physical_length=27.924513
2025-09-02 15:08:16.666 | INFO     | Pendulum.PendulumAPP:_processSerialData:121 - 🔄 数据来源: 串口接收 -> PendulumState.physical_length
2025-09-02 15:08:16.712 | INFO     | Pendulum.PendulumAPP:_processSerialData:120 - 📏 串口长度数据已更新: L27.924513 -> physical_length=27.924513
2025-09-02 15:08:16.714 | INFO     | Pendulum.PendulumAPP:_processSerialData:121 - 🔄 数据来源: 串口接收 -> PendulumState.physical_length
2025-09-02 15:08:16.777 | INFO     | Pendulum.PendulumAPP:_processSerialData:120 - 📏 串口长度数据已更新: L27.924513 -> physical_length=27.924513
2025-09-02 15:08:16.778 | INFO     | Pendulum.PendulumAPP:_processSerialData:121 - 🔄 数据来源: 串口接收 -> PendulumState.physical_length
2025-09-02 15:08:16.822 | INFO     | Pendulum.PendulumAPP:_processSerialData:120 - 📏 串口长度数据已更新: L27.924513 -> physical_length=27.924513
2025-09-02 15:08:16.826 | INFO     | Pendulum.PendulumAPP:_processSerialData:121 - 🔄 数据来源: 串口接收 -> PendulumState.physical_length
2025-09-02 15:08:16.867 | INFO     | Pendulum.PendulumAPP:_processSerialData:120 - 📏 串口长度数据已更新: L27.924513 -> physical_length=27.924513
2025-09-02 15:08:16.868 | INFO     | Pendulum.PendulumAPP:_processSerialData:121 - 🔄 数据来源: 串口接收 -> PendulumState.physical_length
2025-09-02 15:08:16.915 | INFO     | Pendulum.PendulumAPP:_processSerialData:120 - 📏 串口长度数据已更新: L27.924513 -> physical_length=27.924513
2025-09-02 15:08:16.916 | INFO     | Pendulum.PendulumAPP:_processSerialData:121 - 🔄 数据来源: 串口接收 -> PendulumState.physical_length
2025-09-02 15:08:16.963 | INFO     | Pendulum.PendulumAPP:_processSerialData:120 - 📏 串口长度数据已更新: L27.924513 -> physical_length=27.924513
2025-09-02 15:08:16.964 | INFO     | Pendulum.PendulumAPP:_processSerialData:121 - 🔄 数据来源: 串口接收 -> PendulumState.physical_length
2025-09-02 15:08:17.008 | INFO     | Pendulum.PendulumAPP:_processSerialData:120 - 📏 串口长度数据已更新: L27.924513 -> physical_length=27.924513
2025-09-02 15:08:17.008 | INFO     | Pendulum.PendulumAPP:_processSerialData:121 - 🔄 数据来源: 串口接收 -> PendulumState.physical_length
2025-09-02 15:08:17.054 | INFO     | Pendulum.PendulumAPP:_processSerialData:120 - 📏 串口长度数据已更新: L27.924513 -> physical_length=27.924513
2025-09-02 15:08:17.056 | INFO     | Pendulum.PendulumAPP:_processSerialData:121 - 🔄 数据来源: 串口接收 -> PendulumState.physical_length
2025-09-02 15:08:17.100 | INFO     | Pendulum.PendulumAPP:_processSerialData:120 - 📏 串口长度数据已更新: L27.924513 -> physical_length=27.924513
2025-09-02 15:08:17.100 | INFO     | Pendulum.PendulumAPP:_processSerialData:121 - 🔄 数据来源: 串口接收 -> PendulumState.physical_length
2025-09-02 15:08:17.147 | INFO     | Pendulum.PendulumAPP:_processSerialData:120 - 📏 串口长度数据已更新: L27.924513 -> physical_length=27.924513
2025-09-02 15:08:17.148 | INFO     | Pendulum.PendulumAPP:_processSerialData:121 - 🔄 数据来源: 串口接收 -> PendulumState.physical_length
2025-09-02 15:08:17.193 | INFO     | Pendulum.PendulumAPP:_processSerialData:120 - 📏 串口长度数据已更新: L27.924513 -> physical_length=27.924513
2025-09-02 15:08:17.195 | INFO     | Pendulum.PendulumAPP:_processSerialData:121 - 🔄 数据来源: 串口接收 -> PendulumState.physical_length
2025-09-02 15:08:17.255 | INFO     | Pendulum.PendulumAPP:_processSerialData:120 - 📏 串口长度数据已更新: L27.924513 -> physical_length=27.924513
2025-09-02 15:08:17.257 | INFO     | Pendulum.PendulumAPP:_processSerialData:121 - 🔄 数据来源: 串口接收 -> PendulumState.physical_length
2025-09-02 15:08:17.300 | INFO     | Pendulum.PendulumAPP:_processSerialData:120 - 📏 串口长度数据已更新: L27.924513 -> physical_length=27.924513
2025-09-02 15:08:17.300 | INFO     | Pendulum.PendulumAPP:_processSerialData:121 - 🔄 数据来源: 串口接收 -> PendulumState.physical_length
2025-09-02 15:08:17.347 | INFO     | Pendulum.PendulumAPP:_processSerialData:120 - 📏 串口长度数据已更新: L27.924513 -> physical_length=27.924513
2025-09-02 15:08:17.348 | INFO     | Pendulum.PendulumAPP:_processSerialData:121 - 🔄 数据来源: 串口接收 -> PendulumState.physical_length
2025-09-02 15:08:17.392 | INFO     | Pendulum.PendulumAPP:_processSerialData:120 - 📏 串口长度数据已更新: L27.924513 -> physical_length=27.924513
2025-09-02 15:08:17.393 | INFO     | Pendulum.PendulumAPP:_processSerialData:121 - 🔄 数据来源: 串口接收 -> PendulumState.physical_length
2025-09-02 15:08:17.439 | INFO     | Pendulum.PendulumAPP:_processSerialData:120 - 📏 串口长度数据已更新: L27.924513 -> physical_length=27.924513
2025-09-02 15:08:17.439 | INFO     | Pendulum.PendulumAPP:_processSerialData:121 - 🔄 数据来源: 串口接收 -> PendulumState.physical_length
2025-09-02 15:08:17.487 | INFO     | Pendulum.PendulumAPP:_processSerialData:120 - 📏 串口长度数据已更新: L27.924513 -> physical_length=27.924513
2025-09-02 15:08:17.489 | INFO     | Pendulum.PendulumAPP:_processSerialData:121 - 🔄 数据来源: 串口接收 -> PendulumState.physical_length
2025-09-02 15:08:17.548 | INFO     | Pendulum.PendulumAPP:_processSerialData:120 - 📏 串口长度数据已更新: L27.924513 -> physical_length=27.924513
2025-09-02 15:08:17.550 | INFO     | Pendulum.PendulumAPP:_processSerialData:121 - 🔄 数据来源: 串口接收 -> PendulumState.physical_length
2025-09-02 15:08:17.594 | INFO     | Pendulum.PendulumAPP:_processSerialData:120 - 📏 串口长度数据已更新: L27.924513 -> physical_length=27.924513
2025-09-02 15:08:17.595 | INFO     | Pendulum.PendulumAPP:_processSerialData:121 - 🔄 数据来源: 串口接收 -> PendulumState.physical_length
2025-09-02 15:08:17.657 | INFO     | Pendulum.PendulumAPP:_processSerialData:120 - 📏 串口长度数据已更新: L27.924513 -> physical_length=27.924513
2025-09-02 15:08:17.659 | INFO     | Pendulum.PendulumAPP:_processSerialData:121 - 🔄 数据来源: 串口接收 -> PendulumState.physical_length
2025-09-02 15:08:17.702 | INFO     | Pendulum.PendulumAPP:_processSerialData:120 - 📏 串口长度数据已更新: L27.924513 -> physical_length=27.924513
2025-09-02 15:08:17.703 | INFO     | Pendulum.PendulumAPP:_processSerialData:121 - 🔄 数据来源: 串口接收 -> PendulumState.physical_length
2025-09-02 15:08:17.749 | INFO     | Pendulum.PendulumAPP:_processSerialData:120 - 📏 串口长度数据已更新: L27.924513 -> physical_length=27.924513
2025-09-02 15:08:17.749 | INFO     | Pendulum.PendulumAPP:_processSerialData:121 - 🔄 数据来源: 串口接收 -> PendulumState.physical_length
2025-09-02 15:08:17.795 | INFO     | Pendulum.PendulumAPP:_processSerialData:120 - 📏 串口长度数据已更新: L27.924513 -> physical_length=27.924513
2025-09-02 15:08:17.796 | INFO     | Pendulum.PendulumAPP:_processSerialData:121 - 🔄 数据来源: 串口接收 -> PendulumState.physical_length
2025-09-02 15:08:17.841 | INFO     | Pendulum.PendulumAPP:_processSerialData:120 - 📏 串口长度数据已更新: L27.924513 -> physical_length=27.924513
2025-09-02 15:08:17.841 | INFO     | Pendulum.PendulumAPP:_processSerialData:121 - 🔄 数据来源: 串口接收 -> PendulumState.physical_length
2025-09-02 15:08:17.887 | INFO     | Pendulum.PendulumAPP:_processSerialData:120 - 📏 串口长度数据已更新: L27.924513 -> physical_length=27.924513
2025-09-02 15:08:17.889 | INFO     | Pendulum.PendulumAPP:_processSerialData:121 - 🔄 数据来源: 串口接收 -> PendulumState.physical_length
2025-09-02 15:08:17.933 | INFO     | Pendulum.PendulumAPP:_processSerialData:120 - 📏 串口长度数据已更新: L27.924513 -> physical_length=27.924513
2025-09-02 15:08:17.934 | INFO     | Pendulum.PendulumAPP:_processSerialData:121 - 🔄 数据来源: 串口接收 -> PendulumState.physical_length
2025-09-02 15:08:17.979 | INFO     | Pendulum.PendulumAPP:_processSerialData:120 - 📏 串口长度数据已更新: L27.924513 -> physical_length=27.924513
2025-09-02 15:08:17.981 | INFO     | Pendulum.PendulumAPP:_processSerialData:121 - 🔄 数据来源: 串口接收 -> PendulumState.physical_length
2025-09-02 15:08:18.028 | INFO     | Pendulum.PendulumAPP:_processSerialData:120 - 📏 串口长度数据已更新: L27.924513 -> physical_length=27.924513
2025-09-02 15:08:18.028 | INFO     | Pendulum.PendulumAPP:_processSerialData:121 - 🔄 数据来源: 串口接收 -> PendulumState.physical_length
2025-09-02 15:08:18.075 | INFO     | Pendulum.PendulumAPP:_processSerialData:120 - 📏 串口长度数据已更新: L27.924513 -> physical_length=27.924513
2025-09-02 15:08:18.076 | INFO     | Pendulum.PendulumAPP:_processSerialData:121 - 🔄 数据来源: 串口接收 -> PendulumState.physical_length
2025-09-02 15:08:18.121 | INFO     | Pendulum.PendulumAPP:_processSerialData:120 - 📏 串口长度数据已更新: L27.924513 -> physical_length=27.924513
2025-09-02 15:08:18.122 | INFO     | Pendulum.PendulumAPP:_processSerialData:121 - 🔄 数据来源: 串口接收 -> PendulumState.physical_length
2025-09-02 15:08:18.167 | INFO     | Pendulum.PendulumAPP:_processSerialData:120 - 📏 串口长度数据已更新: L27.924513 -> physical_length=27.924513
2025-09-02 15:08:18.171 | INFO     | Pendulum.PendulumAPP:_processSerialData:121 - 🔄 数据来源: 串口接收 -> PendulumState.physical_length
2025-09-02 15:08:18.213 | INFO     | Pendulum.PendulumAPP:_processSerialData:120 - 📏 串口长度数据已更新: L27.924513 -> physical_length=27.924513
2025-09-02 15:08:18.214 | INFO     | Pendulum.PendulumAPP:_processSerialData:121 - 🔄 数据来源: 串口接收 -> PendulumState.physical_length
2025-09-02 15:08:18.260 | INFO     | Pendulum.PendulumAPP:_processSerialData:120 - 📏 串口长度数据已更新: L27.924513 -> physical_length=27.924513
2025-09-02 15:08:18.260 | INFO     | Pendulum.PendulumAPP:_processSerialData:121 - 🔄 数据来源: 串口接收 -> PendulumState.physical_length
2025-09-02 15:08:18.306 | INFO     | Pendulum.PendulumAPP:_processSerialData:120 - 📏 串口长度数据已更新: L27.924513 -> physical_length=27.924513
2025-09-02 15:08:18.307 | INFO     | Pendulum.PendulumAPP:_processSerialData:121 - 🔄 数据来源: 串口接收 -> PendulumState.physical_length
2025-09-02 15:08:18.352 | INFO     | Pendulum.PendulumAPP:_processSerialData:120 - 📏 串口长度数据已更新: L27.924513 -> physical_length=27.924513
2025-09-02 15:08:18.353 | INFO     | Pendulum.PendulumAPP:_processSerialData:121 - 🔄 数据来源: 串口接收 -> PendulumState.physical_length
2025-09-02 15:08:18.398 | INFO     | Pendulum.PendulumAPP:_processSerialData:120 - 📏 串口长度数据已更新: L27.924513 -> physical_length=27.924513
2025-09-02 15:08:18.399 | INFO     | Pendulum.PendulumAPP:_processSerialData:121 - 🔄 数据来源: 串口接收 -> PendulumState.physical_length
2025-09-02 15:08:18.444 | INFO     | Pendulum.PendulumAPP:_processSerialData:120 - 📏 串口长度数据已更新: L27.924513 -> physical_length=27.924513
2025-09-02 15:08:18.448 | INFO     | Pendulum.PendulumAPP:_processSerialData:121 - 🔄 数据来源: 串口接收 -> PendulumState.physical_length
2025-09-02 15:08:18.491 | INFO     | Pendulum.PendulumAPP:_processSerialData:120 - 📏 串口长度数据已更新: L27.924513 -> physical_length=27.924513
2025-09-02 15:08:18.492 | INFO     | Pendulum.PendulumAPP:_processSerialData:121 - 🔄 数据来源: 串口接收 -> PendulumState.physical_length
2025-09-02 15:08:18.538 | INFO     | Pendulum.PendulumAPP:_processSerialData:120 - 📏 串口长度数据已更新: L27.924513 -> physical_length=27.924513
2025-09-02 15:08:18.539 | INFO     | Pendulum.PendulumAPP:_processSerialData:121 - 🔄 数据来源: 串口接收 -> PendulumState.physical_length
2025-09-02 15:08:18.600 | INFO     | Pendulum.PendulumAPP:_processSerialData:120 - 📏 串口长度数据已更新: L27.924513 -> physical_length=27.924513
2025-09-02 15:08:18.603 | INFO     | Pendulum.PendulumAPP:_processSerialData:121 - 🔄 数据来源: 串口接收 -> PendulumState.physical_length
2025-09-02 15:08:18.647 | INFO     | Pendulum.PendulumAPP:_processSerialData:120 - 📏 串口长度数据已更新: L27.924513 -> physical_length=27.924513
2025-09-02 15:08:18.648 | INFO     | Pendulum.PendulumAPP:_processSerialData:121 - 🔄 数据来源: 串口接收 -> PendulumState.physical_length
2025-09-02 15:08:18.693 | INFO     | Pendulum.PendulumAPP:_processSerialData:120 - 📏 串口长度数据已更新: L27.924513 -> physical_length=27.924513
2025-09-02 15:08:18.695 | INFO     | Pendulum.PendulumAPP:_processSerialData:121 - 🔄 数据来源: 串口接收 -> PendulumState.physical_length
2025-09-02 15:08:18.740 | INFO     | Pendulum.PendulumAPP:_processSerialData:120 - 📏 串口长度数据已更新: L27.924513 -> physical_length=27.924513
2025-09-02 15:08:18.742 | INFO     | Pendulum.PendulumAPP:_processSerialData:121 - 🔄 数据来源: 串口接收 -> PendulumState.physical_length
2025-09-02 15:08:18.787 | INFO     | Pendulum.PendulumAPP:_processSerialData:120 - 📏 串口长度数据已更新: L27.924513 -> physical_length=27.924513
2025-09-02 15:08:18.788 | INFO     | Pendulum.PendulumAPP:_processSerialData:121 - 🔄 数据来源: 串口接收 -> PendulumState.physical_length
2025-09-02 15:08:18.834 | INFO     | Pendulum.PendulumAPP:_processSerialData:120 - 📏 串口长度数据已更新: L27.924513 -> physical_length=27.924513
2025-09-02 15:08:18.835 | INFO     | Pendulum.PendulumAPP:_processSerialData:121 - 🔄 数据来源: 串口接收 -> PendulumState.physical_length
2025-09-02 15:08:18.881 | INFO     | Pendulum.PendulumAPP:_processSerialData:120 - 📏 串口长度数据已更新: L27.924513 -> physical_length=27.924513
2025-09-02 15:08:18.883 | INFO     | Pendulum.PendulumAPP:_processSerialData:121 - 🔄 数据来源: 串口接收 -> PendulumState.physical_length
2025-09-02 15:08:18.927 | INFO     | Pendulum.PendulumAPP:_processSerialData:120 - 📏 串口长度数据已更新: L27.924513 -> physical_length=27.924513
2025-09-02 15:08:18.928 | INFO     | Pendulum.PendulumAPP:_processSerialData:121 - 🔄 数据来源: 串口接收 -> PendulumState.physical_length
2025-09-02 15:08:18.973 | INFO     | Pendulum.PendulumAPP:_processSerialData:120 - 📏 串口长度数据已更新: L27.924513 -> physical_length=27.924513
2025-09-02 15:08:18.975 | INFO     | Pendulum.PendulumAPP:_processSerialData:121 - 🔄 数据来源: 串口接收 -> PendulumState.physical_length
2025-09-02 15:08:19.020 | INFO     | Pendulum.PendulumAPP:_processSerialData:120 - 📏 串口长度数据已更新: L27.924513 -> physical_length=27.924513
2025-09-02 15:08:19.024 | INFO     | Pendulum.PendulumAPP:_processSerialData:121 - 🔄 数据来源: 串口接收 -> PendulumState.physical_length
2025-09-02 15:08:19.067 | INFO     | Pendulum.PendulumAPP:_processSerialData:120 - 📏 串口长度数据已更新: L27.924513 -> physical_length=27.924513
2025-09-02 15:08:19.073 | INFO     | Pendulum.PendulumAPP:_processSerialData:121 - 🔄 数据来源: 串口接收 -> PendulumState.physical_length
2025-09-02 15:08:19.113 | INFO     | Pendulum.PendulumAPP:_processSerialData:120 - 📏 串口长度数据已更新: L27.924513 -> physical_length=27.924513
2025-09-02 15:08:19.114 | INFO     | Pendulum.PendulumAPP:_processSerialData:121 - 🔄 数据来源: 串口接收 -> PendulumState.physical_length
2025-09-02 15:08:19.160 | INFO     | Pendulum.PendulumAPP:_processSerialData:120 - 📏 串口长度数据已更新: L27.924513 -> physical_length=27.924513
2025-09-02 15:08:19.161 | INFO     | Pendulum.PendulumAPP:_processSerialData:121 - 🔄 数据来源: 串口接收 -> PendulumState.physical_length
2025-09-02 15:08:19.206 | INFO     | Pendulum.PendulumAPP:_processSerialData:120 - 📏 串口长度数据已更新: L27.924513 -> physical_length=27.924513
2025-09-02 15:08:19.207 | INFO     | Pendulum.PendulumAPP:_processSerialData:121 - 🔄 数据来源: 串口接收 -> PendulumState.physical_length
2025-09-02 15:08:19.266 | INFO     | Pendulum.PendulumAPP:_processSerialData:120 - 📏 串口长度数据已更新: L27.924513 -> physical_length=27.924513
2025-09-02 15:08:19.268 | INFO     | Pendulum.PendulumAPP:_processSerialData:121 - 🔄 数据来源: 串口接收 -> PendulumState.physical_length
2025-09-02 15:08:19.313 | INFO     | Pendulum.PendulumAPP:_processSerialData:120 - 📏 串口长度数据已更新: L27.924513 -> physical_length=27.924513
2025-09-02 15:08:19.314 | INFO     | Pendulum.PendulumAPP:_processSerialData:121 - 🔄 数据来源: 串口接收 -> PendulumState.physical_length
2025-09-02 15:08:19.374 | INFO     | Pendulum.PendulumAPP:_processSerialData:120 - 📏 串口长度数据已更新: L27.924513 -> physical_length=27.924513
2025-09-02 15:08:19.375 | INFO     | Pendulum.PendulumAPP:_processSerialData:121 - 🔄 数据来源: 串口接收 -> PendulumState.physical_length
2025-09-02 15:08:19.420 | INFO     | Pendulum.PendulumAPP:_processSerialData:120 - 📏 串口长度数据已更新: L27.924513 -> physical_length=27.924513
2025-09-02 15:08:19.421 | INFO     | Pendulum.PendulumAPP:_processSerialData:121 - 🔄 数据来源: 串口接收 -> PendulumState.physical_length
2025-09-02 15:08:19.466 | INFO     | Pendulum.PendulumAPP:_processSerialData:120 - 📏 串口长度数据已更新: L27.924513 -> physical_length=27.924513
2025-09-02 15:08:19.466 | INFO     | Pendulum.PendulumAPP:_processSerialData:121 - 🔄 数据来源: 串口接收 -> PendulumState.physical_length
2025-09-02 15:08:19.513 | INFO     | Pendulum.PendulumAPP:_processSerialData:120 - 📏 串口长度数据已更新: L27.924513 -> physical_length=27.924513
2025-09-02 15:08:19.516 | INFO     | Pendulum.PendulumAPP:_processSerialData:121 - 🔄 数据来源: 串口接收 -> PendulumState.physical_length
2025-09-02 15:08:19.561 | INFO     | Pendulum.PendulumAPP:_processSerialData:120 - 📏 串口长度数据已更新: L27.924513 -> physical_length=27.924513
2025-09-02 15:08:19.563 | INFO     | Pendulum.PendulumAPP:_processSerialData:121 - 🔄 数据来源: 串口接收 -> PendulumState.physical_length
2025-09-02 15:08:19.606 | INFO     | Pendulum.PendulumAPP:_processSerialData:120 - 📏 串口长度数据已更新: L27.924513 -> physical_length=27.924513
2025-09-02 15:08:19.607 | INFO     | Pendulum.PendulumAPP:_processSerialData:121 - 🔄 数据来源: 串口接收 -> PendulumState.physical_length
2025-09-02 15:08:19.653 | INFO     | Pendulum.PendulumAPP:_processSerialData:120 - 📏 串口长度数据已更新: L27.924513 -> physical_length=27.924513
2025-09-02 15:08:19.654 | INFO     | Pendulum.PendulumAPP:_processSerialData:121 - 🔄 数据来源: 串口接收 -> PendulumState.physical_length
2025-09-02 15:08:19.699 | INFO     | Pendulum.PendulumAPP:_processSerialData:120 - 📏 串口长度数据已更新: L27.924513 -> physical_length=27.924513
2025-09-02 15:08:19.699 | INFO     | Pendulum.PendulumAPP:_processSerialData:121 - 🔄 数据来源: 串口接收 -> PendulumState.physical_length
2025-09-02 15:08:19.744 | INFO     | Pendulum.PendulumAPP:_processSerialData:120 - 📏 串口长度数据已更新: L27.924513 -> physical_length=27.924513
2025-09-02 15:08:19.745 | INFO     | Pendulum.PendulumAPP:_processSerialData:121 - 🔄 数据来源: 串口接收 -> PendulumState.physical_length
2025-09-02 15:08:19.793 | INFO     | Pendulum.PendulumCore:setReferenceAngle:474 - 参考摆线向量设为: (-42, 1086) (摆轴: (322, 0))
2025-09-02 15:08:19.794 | INFO     | Pendulum.PendulumCore:setReferenceAngle:475 - 参考角度设为: -2.21°
2025-09-02 15:08:19.796 | INFO     | Pendulum.PendulumAPP:_keyEventWeb:228 - 参考角度设为: -2.21 deg
2025-09-02 15:08:19.796 | INFO     | Pendulum.SerialConncet:send:199 - sendz
2025-09-02 15:08:19.798 | INFO     | Pendulum.SerialConncet:send:201 - [发送] z
2025-09-02 15:08:19.800 | INFO     | Pendulum.PendulumAPP:_keyEventWeb:233 - z信号已发送到单片机
2025-09-02 15:08:19.801 | INFO     | Pendulum.PendulumCore:setReferenceAngle:474 - 参考摆线向量设为: (-42, 1086) (摆轴: (322, 0))
2025-09-02 15:08:19.802 | INFO     | Pendulum.PendulumCore:setReferenceAngle:475 - 参考角度设为: -2.21°
2025-09-02 15:08:19.804 | INFO     | Pendulum.PendulumAPP:_keyEventWeb:228 - 参考角度设为: -2.21 deg
2025-09-02 15:08:19.805 | INFO     | Pendulum.SerialConncet:send:199 - sendz
2025-09-02 15:08:19.806 | INFO     | Pendulum.SerialConncet:send:201 - [发送] z
2025-09-02 15:08:19.807 | INFO     | Pendulum.PendulumAPP:_keyEventWeb:233 - z信号已发送到单片机
2025-09-02 15:08:19.821 | INFO     | Pendulum.PendulumAPP:_processSerialData:120 - 📏 串口长度数据已更新: L27.924513 -> physical_length=27.924513
2025-09-02 15:08:19.824 | INFO     | Pendulum.PendulumAPP:_processSerialData:121 - 🔄 数据来源: 串口接收 -> PendulumState.physical_length
2025-09-02 15:08:19.867 | INFO     | Pendulum.PendulumAPP:_processSerialData:120 - 📏 串口长度数据已更新: L27.924513 -> physical_length=27.924513
2025-09-02 15:08:19.868 | INFO     | Pendulum.PendulumAPP:_processSerialData:121 - 🔄 数据来源: 串口接收 -> PendulumState.physical_length
2025-09-02 15:08:19.915 | INFO     | Pendulum.PendulumAPP:_processSerialData:120 - 📏 串口长度数据已更新: L27.924513 -> physical_length=27.924513
2025-09-02 15:08:19.916 | INFO     | Pendulum.PendulumAPP:_processSerialData:121 - 🔄 数据来源: 串口接收 -> PendulumState.physical_length
2025-09-02 15:08:19.959 | INFO     | Pendulum.PendulumAPP:_processSerialData:120 - 📏 串口长度数据已更新: L27.924513 -> physical_length=27.924513
2025-09-02 15:08:19.960 | INFO     | Pendulum.PendulumAPP:_processSerialData:121 - 🔄 数据来源: 串口接收 -> PendulumState.physical_length
2025-09-02 15:08:20.006 | INFO     | Pendulum.PendulumAPP:_processSerialData:120 - 📏 串口长度数据已更新: L27.924513 -> physical_length=27.924513
2025-09-02 15:08:20.010 | INFO     | Pendulum.PendulumAPP:_processSerialData:121 - 🔄 数据来源: 串口接收 -> PendulumState.physical_length
2025-09-02 15:08:20.053 | INFO     | Pendulum.PendulumAPP:_processSerialData:120 - 📏 串口长度数据已更新: L27.924513 -> physical_length=27.924513
2025-09-02 15:08:20.054 | INFO     | Pendulum.PendulumAPP:_processSerialData:121 - 🔄 数据来源: 串口接收 -> PendulumState.physical_length
2025-09-02 15:08:20.100 | INFO     | Pendulum.PendulumAPP:_processSerialData:120 - 📏 串口长度数据已更新: L27.924513 -> physical_length=27.924513
2025-09-02 15:08:20.100 | INFO     | Pendulum.PendulumAPP:_processSerialData:121 - 🔄 数据来源: 串口接收 -> PendulumState.physical_length
2025-09-02 15:08:20.147 | INFO     | Pendulum.PendulumAPP:_processSerialData:120 - 📏 串口长度数据已更新: L27.924513 -> physical_length=27.924513
2025-09-02 15:08:20.148 | INFO     | Pendulum.PendulumAPP:_processSerialData:121 - 🔄 数据来源: 串口接收 -> PendulumState.physical_length
2025-09-02 15:08:20.194 | INFO     | Pendulum.PendulumAPP:_processSerialData:120 - 📏 串口长度数据已更新: L27.924513 -> physical_length=27.924513
2025-09-02 15:08:20.195 | INFO     | Pendulum.PendulumAPP:_processSerialData:121 - 🔄 数据来源: 串口接收 -> PendulumState.physical_length
2025-09-02 15:08:20.239 | INFO     | Pendulum.PendulumAPP:_processSerialData:120 - 📏 串口长度数据已更新: L27.924513 -> physical_length=27.924513
2025-09-02 15:08:20.239 | INFO     | Pendulum.PendulumAPP:_processSerialData:121 - 🔄 数据来源: 串口接收 -> PendulumState.physical_length
2025-09-02 15:08:20.284 | INFO     | Pendulum.PendulumAPP:_processSerialData:120 - 📏 串口长度数据已更新: L27.924513 -> physical_length=27.924513
2025-09-02 15:08:20.288 | INFO     | Pendulum.PendulumAPP:_processSerialData:121 - 🔄 数据来源: 串口接收 -> PendulumState.physical_length
2025-09-02 15:08:20.333 | INFO     | Pendulum.PendulumAPP:_processSerialData:120 - 📏 串口长度数据已更新: L27.924513 -> physical_length=27.924513
2025-09-02 15:08:20.335 | INFO     | Pendulum.PendulumAPP:_processSerialData:121 - 🔄 数据来源: 串口接收 -> PendulumState.physical_length
2025-09-02 15:08:20.377 | INFO     | Pendulum.PendulumAPP:_processSerialData:120 - 📏 串口长度数据已更新: L27.924513 -> physical_length=27.924513
2025-09-02 15:08:20.378 | INFO     | Pendulum.PendulumAPP:_processSerialData:121 - 🔄 数据来源: 串口接收 -> PendulumState.physical_length
2025-09-02 15:08:20.423 | INFO     | Pendulum.PendulumAPP:_processSerialData:120 - 📏 串口长度数据已更新: L27.924513 -> physical_length=27.924513
2025-09-02 15:08:20.424 | INFO     | Pendulum.PendulumAPP:_processSerialData:121 - 🔄 数据来源: 串口接收 -> PendulumState.physical_length
2025-09-02 15:08:20.469 | INFO     | Pendulum.PendulumAPP:_processSerialData:120 - 📏 串口长度数据已更新: L27.924513 -> physical_length=27.924513
2025-09-02 15:08:20.469 | INFO     | Pendulum.PendulumAPP:_processSerialData:121 - 🔄 数据来源: 串口接收 -> PendulumState.physical_length
2025-09-02 15:08:20.516 | INFO     | Pendulum.PendulumAPP:_processSerialData:120 - 📏 串口长度数据已更新: L27.924513 -> physical_length=27.924513
2025-09-02 15:08:20.517 | INFO     | Pendulum.PendulumAPP:_processSerialData:121 - 🔄 数据来源: 串口接收 -> PendulumState.physical_length
2025-09-02 15:08:20.563 | INFO     | Pendulum.PendulumAPP:_processSerialData:120 - 📏 串口长度数据已更新: L27.924513 -> physical_length=27.924513
2025-09-02 15:08:20.564 | INFO     | Pendulum.PendulumAPP:_processSerialData:121 - 🔄 数据来源: 串口接收 -> PendulumState.physical_length
2025-09-02 15:08:20.610 | INFO     | Pendulum.PendulumAPP:_processSerialData:120 - 📏 串口长度数据已更新: L27.924513 -> physical_length=27.924513
2025-09-02 15:08:20.610 | INFO     | Pendulum.PendulumAPP:_processSerialData:121 - 🔄 数据来源: 串口接收 -> PendulumState.physical_length
2025-09-02 15:08:20.656 | INFO     | Pendulum.PendulumAPP:_processSerialData:120 - 📏 串口长度数据已更新: L27.924513 -> physical_length=27.924513
2025-09-02 15:08:20.657 | INFO     | Pendulum.PendulumAPP:_processSerialData:121 - 🔄 数据来源: 串口接收 -> PendulumState.physical_length
2025-09-02 15:08:20.704 | INFO     | Pendulum.PendulumAPP:_processSerialData:120 - 📏 串口长度数据已更新: L27.924513 -> physical_length=27.924513
2025-09-02 15:08:20.704 | INFO     | Pendulum.PendulumAPP:_processSerialData:121 - 🔄 数据来源: 串口接收 -> PendulumState.physical_length
2025-09-02 15:08:20.750 | INFO     | Pendulum.PendulumAPP:_processSerialData:120 - 📏 串口长度数据已更新: L27.924513 -> physical_length=27.924513
2025-09-02 15:08:20.753 | INFO     | Pendulum.PendulumAPP:_processSerialData:121 - 🔄 数据来源: 串口接收 -> PendulumState.physical_length
2025-09-02 15:08:20.796 | INFO     | Pendulum.PendulumAPP:_processSerialData:120 - 📏 串口长度数据已更新: L27.924513 -> physical_length=27.924513
2025-09-02 15:08:20.798 | INFO     | Pendulum.PendulumAPP:_processSerialData:121 - 🔄 数据来源: 串口接收 -> PendulumState.physical_length
2025-09-02 15:08:20.843 | INFO     | Pendulum.PendulumAPP:_processSerialData:120 - 📏 串口长度数据已更新: L27.924513 -> physical_length=27.924513
2025-09-02 15:08:20.845 | INFO     | Pendulum.PendulumAPP:_processSerialData:121 - 🔄 数据来源: 串口接收 -> PendulumState.physical_length
2025-09-02 15:08:20.889 | INFO     | Pendulum.PendulumAPP:_processSerialData:120 - 📏 串口长度数据已更新: L27.924513 -> physical_length=27.924513
2025-09-02 15:08:20.891 | INFO     | Pendulum.PendulumAPP:_processSerialData:121 - 🔄 数据来源: 串口接收 -> PendulumState.physical_length
2025-09-02 15:08:20.935 | INFO     | Pendulum.PendulumAPP:_processSerialData:120 - 📏 串口长度数据已更新: L27.924513 -> physical_length=27.924513
2025-09-02 15:08:20.937 | INFO     | Pendulum.PendulumAPP:_processSerialData:121 - 🔄 数据来源: 串口接收 -> PendulumState.physical_length
2025-09-02 15:08:20.982 | INFO     | Pendulum.PendulumAPP:_processSerialData:120 - 📏 串口长度数据已更新: L27.924513 -> physical_length=27.924513
2025-09-02 15:08:20.983 | INFO     | Pendulum.PendulumAPP:_processSerialData:121 - 🔄 数据来源: 串口接收 -> PendulumState.physical_length
2025-09-02 15:08:21.029 | INFO     | Pendulum.PendulumAPP:_processSerialData:120 - 📏 串口长度数据已更新: L27.924513 -> physical_length=27.924513
2025-09-02 15:08:21.030 | INFO     | Pendulum.PendulumAPP:_processSerialData:121 - 🔄 数据来源: 串口接收 -> PendulumState.physical_length
2025-09-02 15:08:21.074 | INFO     | Pendulum.PendulumAPP:_processSerialData:120 - 📏 串口长度数据已更新: L27.924513 -> physical_length=27.924513
2025-09-02 15:08:21.075 | INFO     | Pendulum.PendulumAPP:_processSerialData:121 - 🔄 数据来源: 串口接收 -> PendulumState.physical_length
2025-09-02 15:08:21.122 | INFO     | Pendulum.PendulumAPP:_processSerialData:120 - 📏 串口长度数据已更新: L27.924513 -> physical_length=27.924513
2025-09-02 15:08:21.123 | INFO     | Pendulum.PendulumAPP:_processSerialData:121 - 🔄 数据来源: 串口接收 -> PendulumState.physical_length
2025-09-02 15:08:21.168 | INFO     | Pendulum.PendulumAPP:_processSerialData:120 - 📏 串口长度数据已更新: L27.924513 -> physical_length=27.924513
2025-09-02 15:08:21.169 | INFO     | Pendulum.PendulumAPP:_processSerialData:121 - 🔄 数据来源: 串口接收 -> PendulumState.physical_length
2025-09-02 15:08:21.214 | INFO     | Pendulum.PendulumAPP:_processSerialData:120 - 📏 串口长度数据已更新: L27.924513 -> physical_length=27.924513
2025-09-02 15:08:21.216 | INFO     | Pendulum.PendulumAPP:_processSerialData:121 - 🔄 数据来源: 串口接收 -> PendulumState.physical_length
2025-09-02 15:08:21.261 | INFO     | Pendulum.PendulumAPP:_processSerialData:120 - 📏 串口长度数据已更新: L27.924513 -> physical_length=27.924513
2025-09-02 15:08:21.263 | INFO     | Pendulum.PendulumAPP:_processSerialData:121 - 🔄 数据来源: 串口接收 -> PendulumState.physical_length
2025-09-02 15:08:21.308 | INFO     | Pendulum.PendulumAPP:_processSerialData:120 - 📏 串口长度数据已更新: L27.924513 -> physical_length=27.924513
2025-09-02 15:08:21.309 | INFO     | Pendulum.PendulumAPP:_processSerialData:121 - 🔄 数据来源: 串口接收 -> PendulumState.physical_length
2025-09-02 15:08:21.355 | INFO     | Pendulum.PendulumAPP:_processSerialData:120 - 📏 串口长度数据已更新: L27.924513 -> physical_length=27.924513
2025-09-02 15:08:21.356 | INFO     | Pendulum.PendulumAPP:_processSerialData:121 - 🔄 数据来源: 串口接收 -> PendulumState.physical_length
2025-09-02 15:08:21.402 | INFO     | Pendulum.PendulumAPP:_processSerialData:120 - 📏 串口长度数据已更新: L27.924513 -> physical_length=27.924513
2025-09-02 15:08:21.403 | INFO     | Pendulum.PendulumAPP:_processSerialData:121 - 🔄 数据来源: 串口接收 -> PendulumState.physical_length
2025-09-02 15:08:21.448 | INFO     | Pendulum.PendulumAPP:_processSerialData:120 - 📏 串口长度数据已更新: L27.924513 -> physical_length=27.924513
2025-09-02 15:08:21.448 | INFO     | Pendulum.PendulumAPP:_processSerialData:121 - 🔄 数据来源: 串口接收 -> PendulumState.physical_length
2025-09-02 15:08:21.494 | INFO     | Pendulum.PendulumAPP:_processSerialData:120 - 📏 串口长度数据已更新: L27.924513 -> physical_length=27.924513
2025-09-02 15:08:21.496 | INFO     | Pendulum.PendulumAPP:_processSerialData:121 - 🔄 数据来源: 串口接收 -> PendulumState.physical_length
2025-09-02 15:08:21.541 | INFO     | Pendulum.PendulumAPP:_processSerialData:120 - 📏 串口长度数据已更新: L27.924513 -> physical_length=27.924513
2025-09-02 15:08:21.549 | INFO     | Pendulum.PendulumAPP:_processSerialData:121 - 🔄 数据来源: 串口接收 -> PendulumState.physical_length
2025-09-02 15:08:21.587 | INFO     | Pendulum.PendulumAPP:_processSerialData:120 - 📏 串口长度数据已更新: L27.924513 -> physical_length=27.924513
2025-09-02 15:08:21.588 | INFO     | Pendulum.PendulumAPP:_processSerialData:121 - 🔄 数据来源: 串口接收 -> PendulumState.physical_length
2025-09-02 15:08:21.634 | INFO     | Pendulum.PendulumAPP:_processSerialData:120 - 📏 串口长度数据已更新: L27.924513 -> physical_length=27.924513
2025-09-02 15:08:21.635 | INFO     | Pendulum.PendulumAPP:_processSerialData:121 - 🔄 数据来源: 串口接收 -> PendulumState.physical_length
2025-09-02 15:08:21.681 | INFO     | Pendulum.PendulumAPP:_processSerialData:120 - 📏 串口长度数据已更新: L27.924513 -> physical_length=27.924513
2025-09-02 15:08:21.682 | INFO     | Pendulum.PendulumAPP:_processSerialData:121 - 🔄 数据来源: 串口接收 -> PendulumState.physical_length
2025-09-02 15:08:21.729 | INFO     | Pendulum.PendulumAPP:_processSerialData:120 - 📏 串口长度数据已更新: L27.924513 -> physical_length=27.924513
2025-09-02 15:08:21.730 | INFO     | Pendulum.PendulumAPP:_processSerialData:121 - 🔄 数据来源: 串口接收 -> PendulumState.physical_length
2025-09-02 15:08:21.776 | INFO     | Pendulum.PendulumAPP:_processSerialData:120 - 📏 串口长度数据已更新: L27.924513 -> physical_length=27.924513
2025-09-02 15:08:21.776 | INFO     | Pendulum.PendulumAPP:_processSerialData:121 - 🔄 数据来源: 串口接收 -> PendulumState.physical_length
2025-09-02 15:08:21.822 | INFO     | Pendulum.PendulumAPP:_processSerialData:120 - 📏 串口长度数据已更新: L27.924513 -> physical_length=27.924513
2025-09-02 15:08:21.823 | INFO     | Pendulum.PendulumAPP:_processSerialData:121 - 🔄 数据来源: 串口接收 -> PendulumState.physical_length
2025-09-02 15:08:21.870 | INFO     | Pendulum.PendulumAPP:_processSerialData:120 - 📏 串口长度数据已更新: L27.924513 -> physical_length=27.924513
2025-09-02 15:08:21.872 | INFO     | Pendulum.PendulumAPP:_processSerialData:121 - 🔄 数据来源: 串口接收 -> PendulumState.physical_length
2025-09-02 15:08:21.916 | INFO     | Pendulum.PendulumAPP:_processSerialData:120 - 📏 串口长度数据已更新: L27.924513 -> physical_length=27.924513
2025-09-02 15:08:21.918 | INFO     | Pendulum.PendulumAPP:_processSerialData:121 - 🔄 数据来源: 串口接收 -> PendulumState.physical_length
2025-09-02 15:08:21.962 | INFO     | Pendulum.PendulumAPP:_processSerialData:120 - 📏 串口长度数据已更新: L27.924513 -> physical_length=27.924513
2025-09-02 15:08:21.964 | INFO     | Pendulum.PendulumAPP:_processSerialData:121 - 🔄 数据来源: 串口接收 -> PendulumState.physical_length
2025-09-02 15:08:22.008 | INFO     | Pendulum.PendulumAPP:_processSerialData:120 - 📏 串口长度数据已更新: L27.924513 -> physical_length=27.924513
2025-09-02 15:08:22.010 | INFO     | Pendulum.PendulumAPP:_processSerialData:121 - 🔄 数据来源: 串口接收 -> PendulumState.physical_length
2025-09-02 15:08:22.055 | INFO     | Pendulum.PendulumAPP:_processSerialData:120 - 📏 串口长度数据已更新: L27.924513 -> physical_length=27.924513
2025-09-02 15:08:22.055 | INFO     | Pendulum.PendulumAPP:_processSerialData:121 - 🔄 数据来源: 串口接收 -> PendulumState.physical_length
2025-09-02 15:08:22.101 | INFO     | Pendulum.PendulumAPP:_processSerialData:120 - 📏 串口长度数据已更新: L27.924513 -> physical_length=27.924513
2025-09-02 15:08:22.101 | INFO     | Pendulum.PendulumAPP:_processSerialData:121 - 🔄 数据来源: 串口接收 -> PendulumState.physical_length
2025-09-02 15:08:22.148 | INFO     | Pendulum.PendulumAPP:_processSerialData:120 - 📏 串口长度数据已更新: L27.924513 -> physical_length=27.924513
2025-09-02 15:08:22.148 | INFO     | Pendulum.PendulumAPP:_processSerialData:121 - 🔄 数据来源: 串口接收 -> PendulumState.physical_length
2025-09-02 15:08:22.195 | INFO     | Pendulum.PendulumAPP:_processSerialData:120 - 📏 串口长度数据已更新: L27.924513 -> physical_length=27.924513
2025-09-02 15:08:22.197 | INFO     | Pendulum.PendulumAPP:_processSerialData:121 - 🔄 数据来源: 串口接收 -> PendulumState.physical_length
2025-09-02 15:08:22.241 | INFO     | Pendulum.PendulumAPP:_processSerialData:120 - 📏 串口长度数据已更新: L27.924513 -> physical_length=27.924513
2025-09-02 15:08:22.242 | INFO     | Pendulum.PendulumAPP:_processSerialData:121 - 🔄 数据来源: 串口接收 -> PendulumState.physical_length
2025-09-02 15:08:22.288 | INFO     | Pendulum.PendulumAPP:_processSerialData:120 - 📏 串口长度数据已更新: L27.924513 -> physical_length=27.924513
2025-09-02 15:08:22.289 | INFO     | Pendulum.PendulumAPP:_processSerialData:121 - 🔄 数据来源: 串口接收 -> PendulumState.physical_length
2025-09-02 15:08:22.335 | INFO     | Pendulum.PendulumAPP:_processSerialData:120 - 📏 串口长度数据已更新: L27.924513 -> physical_length=27.924513
2025-09-02 15:08:22.337 | INFO     | Pendulum.PendulumAPP:_processSerialData:121 - 🔄 数据来源: 串口接收 -> PendulumState.physical_length
2025-09-02 15:08:22.382 | INFO     | Pendulum.PendulumAPP:_processSerialData:120 - 📏 串口长度数据已更新: L27.924513 -> physical_length=27.924513
2025-09-02 15:08:22.382 | INFO     | Pendulum.PendulumAPP:_processSerialData:121 - 🔄 数据来源: 串口接收 -> PendulumState.physical_length
2025-09-02 15:08:22.428 | INFO     | Pendulum.PendulumAPP:_processSerialData:120 - 📏 串口长度数据已更新: L27.924513 -> physical_length=27.924513
2025-09-02 15:08:22.428 | INFO     | Pendulum.PendulumAPP:_processSerialData:121 - 🔄 数据来源: 串口接收 -> PendulumState.physical_length
2025-09-02 15:08:22.473 | INFO     | Pendulum.PendulumAPP:_processSerialData:120 - 📏 串口长度数据已更新: L27.924513 -> physical_length=27.924513
2025-09-02 15:08:22.474 | INFO     | Pendulum.PendulumAPP:_processSerialData:121 - 🔄 数据来源: 串口接收 -> PendulumState.physical_length
2025-09-02 15:08:22.520 | INFO     | Pendulum.PendulumAPP:_processSerialData:120 - 📏 串口长度数据已更新: L27.924513 -> physical_length=27.924513
2025-09-02 15:08:22.521 | INFO     | Pendulum.PendulumAPP:_processSerialData:121 - 🔄 数据来源: 串口接收 -> PendulumState.physical_length
2025-09-02 15:08:22.567 | INFO     | Pendulum.PendulumAPP:_processSerialData:120 - 📏 串口长度数据已更新: L27.924513 -> physical_length=27.924513
2025-09-02 15:08:22.568 | INFO     | Pendulum.PendulumAPP:_processSerialData:121 - 🔄 数据来源: 串口接收 -> PendulumState.physical_length
2025-09-02 15:08:22.611 | INFO     | Pendulum.PendulumAPP:_processSerialData:120 - 📏 串口长度数据已更新: L27.924513 -> physical_length=27.924513
2025-09-02 15:08:22.612 | INFO     | Pendulum.PendulumAPP:_processSerialData:121 - 🔄 数据来源: 串口接收 -> PendulumState.physical_length
2025-09-02 15:08:22.658 | INFO     | Pendulum.PendulumAPP:_processSerialData:120 - 📏 串口长度数据已更新: L27.924513 -> physical_length=27.924513
2025-09-02 15:08:22.659 | INFO     | Pendulum.PendulumAPP:_processSerialData:121 - 🔄 数据来源: 串口接收 -> PendulumState.physical_length
2025-09-02 15:08:22.705 | INFO     | Pendulum.PendulumAPP:_processSerialData:120 - 📏 串口长度数据已更新: L27.924513 -> physical_length=27.924513
2025-09-02 15:08:22.706 | INFO     | Pendulum.PendulumAPP:_processSerialData:121 - 🔄 数据来源: 串口接收 -> PendulumState.physical_length
2025-09-02 15:08:22.751 | INFO     | Pendulum.PendulumAPP:_processSerialData:120 - 📏 串口长度数据已更新: L27.924513 -> physical_length=27.924513
2025-09-02 15:08:22.752 | INFO     | Pendulum.PendulumAPP:_processSerialData:121 - 🔄 数据来源: 串口接收 -> PendulumState.physical_length
2025-09-02 15:08:22.797 | INFO     | Pendulum.PendulumAPP:_processSerialData:120 - 📏 串口长度数据已更新: L27.924513 -> physical_length=27.924513
2025-09-02 15:08:22.798 | INFO     | Pendulum.PendulumAPP:_processSerialData:121 - 🔄 数据来源: 串口接收 -> PendulumState.physical_length
2025-09-02 15:08:22.844 | INFO     | Pendulum.PendulumAPP:_processSerialData:120 - 📏 串口长度数据已更新: L27.924513 -> physical_length=27.924513
2025-09-02 15:08:22.845 | INFO     | Pendulum.PendulumAPP:_processSerialData:121 - 🔄 数据来源: 串口接收 -> PendulumState.physical_length
2025-09-02 15:08:22.890 | INFO     | Pendulum.PendulumAPP:_processSerialData:120 - 📏 串口长度数据已更新: L27.924513 -> physical_length=27.924513
2025-09-02 15:08:22.891 | INFO     | Pendulum.PendulumAPP:_processSerialData:121 - 🔄 数据来源: 串口接收 -> PendulumState.physical_length
2025-09-02 15:08:22.937 | INFO     | Pendulum.PendulumAPP:_processSerialData:120 - 📏 串口长度数据已更新: L27.924513 -> physical_length=27.924513
2025-09-02 15:08:22.937 | INFO     | Pendulum.PendulumAPP:_processSerialData:121 - 🔄 数据来源: 串口接收 -> PendulumState.physical_length
2025-09-02 15:08:22.982 | INFO     | Pendulum.PendulumAPP:_processSerialData:120 - 📏 串口长度数据已更新: L27.924513 -> physical_length=27.924513
2025-09-02 15:08:22.983 | INFO     | Pendulum.PendulumAPP:_processSerialData:121 - 🔄 数据来源: 串口接收 -> PendulumState.physical_length
2025-09-02 15:08:23.029 | INFO     | Pendulum.PendulumAPP:_processSerialData:120 - 📏 串口长度数据已更新: L27.924513 -> physical_length=27.924513
2025-09-02 15:08:23.030 | INFO     | Pendulum.PendulumAPP:_processSerialData:121 - 🔄 数据来源: 串口接收 -> PendulumState.physical_length
2025-09-02 15:08:23.075 | INFO     | Pendulum.PendulumAPP:_processSerialData:120 - 📏 串口长度数据已更新: L27.924513 -> physical_length=27.924513
2025-09-02 15:08:23.075 | INFO     | Pendulum.PendulumAPP:_processSerialData:121 - 🔄 数据来源: 串口接收 -> PendulumState.physical_length
2025-09-02 15:08:23.123 | INFO     | Pendulum.PendulumAPP:_processSerialData:120 - 📏 串口长度数据已更新: L27.924513 -> physical_length=27.924513
2025-09-02 15:08:23.124 | INFO     | Pendulum.PendulumAPP:_processSerialData:121 - 🔄 数据来源: 串口接收 -> PendulumState.physical_length
2025-09-02 15:08:23.170 | INFO     | Pendulum.PendulumAPP:_processSerialData:120 - 📏 串口长度数据已更新: L27.924513 -> physical_length=27.924513
2025-09-02 15:08:23.170 | INFO     | Pendulum.PendulumAPP:_processSerialData:121 - 🔄 数据来源: 串口接收 -> PendulumState.physical_length
2025-09-02 15:08:23.216 | INFO     | Pendulum.PendulumAPP:_processSerialData:120 - 📏 串口长度数据已更新: L27.924513 -> physical_length=27.924513
2025-09-02 15:08:23.217 | INFO     | Pendulum.PendulumAPP:_processSerialData:121 - 🔄 数据来源: 串口接收 -> PendulumState.physical_length
2025-09-02 15:08:23.263 | INFO     | Pendulum.PendulumAPP:_processSerialData:120 - 📏 串口长度数据已更新: L27.924513 -> physical_length=27.924513
2025-09-02 15:08:23.264 | INFO     | Pendulum.PendulumAPP:_processSerialData:121 - 🔄 数据来源: 串口接收 -> PendulumState.physical_length
2025-09-02 15:08:23.310 | INFO     | Pendulum.PendulumAPP:_processSerialData:120 - 📏 串口长度数据已更新: L27.924513 -> physical_length=27.924513
2025-09-02 15:08:23.310 | INFO     | Pendulum.PendulumAPP:_processSerialData:121 - 🔄 数据来源: 串口接收 -> PendulumState.physical_length
2025-09-02 15:08:23.357 | INFO     | Pendulum.PendulumAPP:_processSerialData:120 - 📏 串口长度数据已更新: L27.924513 -> physical_length=27.924513
2025-09-02 15:08:23.358 | INFO     | Pendulum.PendulumAPP:_processSerialData:121 - 🔄 数据来源: 串口接收 -> PendulumState.physical_length
2025-09-02 15:08:23.403 | INFO     | Pendulum.PendulumAPP:_processSerialData:120 - 📏 串口长度数据已更新: L27.924513 -> physical_length=27.924513
2025-09-02 15:08:23.403 | INFO     | Pendulum.PendulumAPP:_processSerialData:121 - 🔄 数据来源: 串口接收 -> PendulumState.physical_length
2025-09-02 15:08:23.449 | INFO     | Pendulum.PendulumAPP:_processSerialData:120 - 📏 串口长度数据已更新: L27.924513 -> physical_length=27.924513
2025-09-02 15:08:23.449 | INFO     | Pendulum.PendulumAPP:_processSerialData:121 - 🔄 数据来源: 串口接收 -> PendulumState.physical_length
2025-09-02 15:08:23.496 | INFO     | Pendulum.PendulumAPP:_processSerialData:120 - 📏 串口长度数据已更新: L27.924513 -> physical_length=27.924513
2025-09-02 15:08:23.497 | INFO     | Pendulum.PendulumAPP:_processSerialData:121 - 🔄 数据来源: 串口接收 -> PendulumState.physical_length
2025-09-02 15:08:23.542 | INFO     | Pendulum.PendulumAPP:_processSerialData:120 - 📏 串口长度数据已更新: L27.924513 -> physical_length=27.924513
2025-09-02 15:08:23.544 | INFO     | Pendulum.PendulumAPP:_processSerialData:121 - 🔄 数据来源: 串口接收 -> PendulumState.physical_length
2025-09-02 15:08:23.589 | INFO     | Pendulum.PendulumAPP:_processSerialData:120 - 📏 串口长度数据已更新: L27.924513 -> physical_length=27.924513
2025-09-02 15:08:23.590 | INFO     | Pendulum.PendulumAPP:_processSerialData:121 - 🔄 数据来源: 串口接收 -> PendulumState.physical_length
2025-09-02 15:08:23.635 | INFO     | Pendulum.PendulumAPP:_processSerialData:120 - 📏 串口长度数据已更新: L27.924513 -> physical_length=27.924513
2025-09-02 15:08:23.636 | INFO     | Pendulum.PendulumAPP:_processSerialData:121 - 🔄 数据来源: 串口接收 -> PendulumState.physical_length
2025-09-02 15:08:23.683 | INFO     | Pendulum.PendulumAPP:_processSerialData:120 - 📏 串口长度数据已更新: L27.924513 -> physical_length=27.924513
2025-09-02 15:08:23.683 | INFO     | Pendulum.PendulumAPP:_processSerialData:121 - 🔄 数据来源: 串口接收 -> PendulumState.physical_length
2025-09-02 15:08:23.729 | INFO     | Pendulum.PendulumAPP:_processSerialData:120 - 📏 串口长度数据已更新: L27.924513 -> physical_length=27.924513
2025-09-02 15:08:23.730 | INFO     | Pendulum.PendulumAPP:_processSerialData:121 - 🔄 数据来源: 串口接收 -> PendulumState.physical_length
2025-09-02 15:08:23.776 | INFO     | Pendulum.PendulumAPP:_processSerialData:120 - 📏 串口长度数据已更新: L27.924513 -> physical_length=27.924513
2025-09-02 15:08:23.776 | INFO     | Pendulum.PendulumAPP:_processSerialData:121 - 🔄 数据来源: 串口接收 -> PendulumState.physical_length
2025-09-02 15:08:23.823 | INFO     | Pendulum.PendulumAPP:_processSerialData:120 - 📏 串口长度数据已更新: L27.924513 -> physical_length=27.924513
2025-09-02 15:08:23.824 | INFO     | Pendulum.PendulumAPP:_processSerialData:121 - 🔄 数据来源: 串口接收 -> PendulumState.physical_length
2025-09-02 15:08:23.870 | INFO     | Pendulum.PendulumAPP:_processSerialData:120 - 📏 串口长度数据已更新: L27.924513 -> physical_length=27.924513
2025-09-02 15:08:23.871 | INFO     | Pendulum.PendulumAPP:_processSerialData:121 - 🔄 数据来源: 串口接收 -> PendulumState.physical_length
2025-09-02 15:08:23.917 | INFO     | Pendulum.PendulumAPP:_processSerialData:120 - 📏 串口长度数据已更新: L27.924513 -> physical_length=27.924513
2025-09-02 15:08:23.919 | INFO     | Pendulum.PendulumAPP:_processSerialData:121 - 🔄 数据来源: 串口接收 -> PendulumState.physical_length
2025-09-02 15:08:23.965 | INFO     | Pendulum.PendulumAPP:_processSerialData:120 - 📏 串口长度数据已更新: L27.924513 -> physical_length=27.924513
2025-09-02 15:08:23.965 | INFO     | Pendulum.PendulumAPP:_processSerialData:121 - 🔄 数据来源: 串口接收 -> PendulumState.physical_length
2025-09-02 15:08:24.010 | INFO     | Pendulum.PendulumAPP:_processSerialData:120 - 📏 串口长度数据已更新: L27.924513 -> physical_length=27.924513
2025-09-02 15:08:24.011 | INFO     | Pendulum.PendulumAPP:_processSerialData:121 - 🔄 数据来源: 串口接收 -> PendulumState.physical_length
2025-09-02 15:08:24.058 | INFO     | Pendulum.PendulumAPP:_processSerialData:120 - 📏 串口长度数据已更新: L27.924513 -> physical_length=27.924513
2025-09-02 15:08:24.059 | INFO     | Pendulum.PendulumAPP:_processSerialData:121 - 🔄 数据来源: 串口接收 -> PendulumState.physical_length
2025-09-02 15:08:24.104 | INFO     | Pendulum.PendulumAPP:_processSerialData:120 - 📏 串口长度数据已更新: L27.924513 -> physical_length=27.924513
2025-09-02 15:08:24.105 | INFO     | Pendulum.PendulumAPP:_processSerialData:121 - 🔄 数据来源: 串口接收 -> PendulumState.physical_length
2025-09-02 15:08:24.152 | INFO     | Pendulum.PendulumAPP:_processSerialData:120 - 📏 串口长度数据已更新: L27.924513 -> physical_length=27.924513
2025-09-02 15:08:24.153 | INFO     | Pendulum.PendulumAPP:_processSerialData:121 - 🔄 数据来源: 串口接收 -> PendulumState.physical_length
2025-09-02 15:08:24.200 | INFO     | Pendulum.PendulumAPP:_processSerialData:120 - 📏 串口长度数据已更新: L27.924513 -> physical_length=27.924513
2025-09-02 15:08:24.201 | INFO     | Pendulum.PendulumAPP:_processSerialData:121 - 🔄 数据来源: 串口接收 -> PendulumState.physical_length
2025-09-02 15:08:24.246 | INFO     | Pendulum.PendulumAPP:_processSerialData:120 - 📏 串口长度数据已更新: L27.924513 -> physical_length=27.924513
2025-09-02 15:08:24.249 | INFO     | Pendulum.PendulumAPP:_processSerialData:121 - 🔄 数据来源: 串口接收 -> PendulumState.physical_length
2025-09-02 15:08:24.294 | INFO     | Pendulum.PendulumAPP:_processSerialData:120 - 📏 串口长度数据已更新: L27.924513 -> physical_length=27.924513
2025-09-02 15:08:24.294 | INFO     | Pendulum.PendulumAPP:_processSerialData:121 - 🔄 数据来源: 串口接收 -> PendulumState.physical_length
2025-09-02 15:08:24.341 | INFO     | Pendulum.PendulumAPP:_processSerialData:120 - 📏 串口长度数据已更新: L27.924513 -> physical_length=27.924513
2025-09-02 15:08:24.342 | INFO     | Pendulum.PendulumAPP:_processSerialData:121 - 🔄 数据来源: 串口接收 -> PendulumState.physical_length
2025-09-02 15:08:24.387 | INFO     | Pendulum.PendulumAPP:_processSerialData:120 - 📏 串口长度数据已更新: L27.924513 -> physical_length=27.924513
2025-09-02 15:08:24.388 | INFO     | Pendulum.PendulumAPP:_processSerialData:121 - 🔄 数据来源: 串口接收 -> PendulumState.physical_length
2025-09-02 15:08:24.433 | INFO     | Pendulum.PendulumAPP:_processSerialData:120 - 📏 串口长度数据已更新: L27.924513 -> physical_length=27.924513
2025-09-02 15:08:24.433 | INFO     | Pendulum.PendulumAPP:_processSerialData:121 - 🔄 数据来源: 串口接收 -> PendulumState.physical_length
2025-09-02 15:08:24.479 | INFO     | Pendulum.PendulumAPP:_processSerialData:120 - 📏 串口长度数据已更新: L27.924513 -> physical_length=27.924513
2025-09-02 15:08:24.480 | INFO     | Pendulum.PendulumAPP:_processSerialData:121 - 🔄 数据来源: 串口接收 -> PendulumState.physical_length
2025-09-02 15:08:24.526 | INFO     | Pendulum.PendulumAPP:_processSerialData:120 - 📏 串口长度数据已更新: L27.924513 -> physical_length=27.924513
2025-09-02 15:08:24.527 | INFO     | Pendulum.PendulumAPP:_processSerialData:121 - 🔄 数据来源: 串口接收 -> PendulumState.physical_length
2025-09-02 15:08:24.573 | INFO     | Pendulum.PendulumAPP:_processSerialData:120 - 📏 串口长度数据已更新: L27.924513 -> physical_length=27.924513
2025-09-02 15:08:24.574 | INFO     | Pendulum.PendulumAPP:_processSerialData:121 - 🔄 数据来源: 串口接收 -> PendulumState.physical_length
2025-09-02 15:08:24.621 | INFO     | Pendulum.PendulumAPP:_processSerialData:120 - 📏 串口长度数据已更新: L27.924513 -> physical_length=27.924513
2025-09-02 15:08:24.622 | INFO     | Pendulum.PendulumAPP:_processSerialData:121 - 🔄 数据来源: 串口接收 -> PendulumState.physical_length
2025-09-02 15:08:24.667 | INFO     | Pendulum.PendulumAPP:_processSerialData:120 - 📏 串口长度数据已更新: L27.924513 -> physical_length=27.924513
2025-09-02 15:08:24.668 | INFO     | Pendulum.PendulumAPP:_processSerialData:121 - 🔄 数据来源: 串口接收 -> PendulumState.physical_length
2025-09-02 15:08:24.714 | INFO     | Pendulum.PendulumAPP:_processSerialData:120 - 📏 串口长度数据已更新: L27.924513 -> physical_length=27.924513
2025-09-02 15:08:24.715 | INFO     | Pendulum.PendulumAPP:_processSerialData:121 - 🔄 数据来源: 串口接收 -> PendulumState.physical_length
2025-09-02 15:08:24.759 | INFO     | Pendulum.PendulumAPP:_processSerialData:120 - 📏 串口长度数据已更新: L27.924513 -> physical_length=27.924513
2025-09-02 15:08:24.759 | INFO     | Pendulum.PendulumAPP:_processSerialData:121 - 🔄 数据来源: 串口接收 -> PendulumState.physical_length
2025-09-02 15:08:24.806 | INFO     | Pendulum.PendulumAPP:_processSerialData:120 - 📏 串口长度数据已更新: L27.924513 -> physical_length=27.924513
2025-09-02 15:08:24.807 | INFO     | Pendulum.PendulumAPP:_processSerialData:121 - 🔄 数据来源: 串口接收 -> PendulumState.physical_length
2025-09-02 15:08:24.852 | INFO     | Pendulum.PendulumAPP:_processSerialData:120 - 📏 串口长度数据已更新: L27.924513 -> physical_length=27.924513
2025-09-02 15:08:24.853 | INFO     | Pendulum.PendulumAPP:_processSerialData:121 - 🔄 数据来源: 串口接收 -> PendulumState.physical_length
2025-09-02 15:08:24.899 | INFO     | Pendulum.PendulumAPP:_processSerialData:120 - 📏 串口长度数据已更新: L27.924513 -> physical_length=27.924513
2025-09-02 15:08:24.900 | INFO     | Pendulum.PendulumAPP:_processSerialData:121 - 🔄 数据来源: 串口接收 -> PendulumState.physical_length
2025-09-02 15:08:24.946 | INFO     | Pendulum.PendulumAPP:_processSerialData:120 - 📏 串口长度数据已更新: L27.924513 -> physical_length=27.924513
2025-09-02 15:08:24.947 | INFO     | Pendulum.PendulumAPP:_processSerialData:121 - 🔄 数据来源: 串口接收 -> PendulumState.physical_length
2025-09-02 15:08:24.992 | INFO     | Pendulum.PendulumAPP:_processSerialData:120 - 📏 串口长度数据已更新: L27.924513 -> physical_length=27.924513
2025-09-02 15:08:24.992 | INFO     | Pendulum.PendulumAPP:_processSerialData:121 - 🔄 数据来源: 串口接收 -> PendulumState.physical_length
2025-09-02 15:08:25.038 | INFO     | Pendulum.PendulumAPP:_processSerialData:120 - 📏 串口长度数据已更新: L27.924513 -> physical_length=27.924513
2025-09-02 15:08:25.038 | INFO     | Pendulum.PendulumAPP:_processSerialData:121 - 🔄 数据来源: 串口接收 -> PendulumState.physical_length
2025-09-02 15:08:25.084 | INFO     | Pendulum.PendulumAPP:_processSerialData:120 - 📏 串口长度数据已更新: L27.924513 -> physical_length=27.924513
2025-09-02 15:08:25.085 | INFO     | Pendulum.PendulumAPP:_processSerialData:121 - 🔄 数据来源: 串口接收 -> PendulumState.physical_length
2025-09-02 15:08:25.131 | INFO     | Pendulum.PendulumAPP:_processSerialData:120 - 📏 串口长度数据已更新: L27.924513 -> physical_length=27.924513
2025-09-02 15:08:25.133 | INFO     | Pendulum.PendulumAPP:_processSerialData:121 - 🔄 数据来源: 串口接收 -> PendulumState.physical_length
2025-09-02 15:08:25.177 | INFO     | Pendulum.PendulumAPP:_processSerialData:120 - 📏 串口长度数据已更新: L27.924513 -> physical_length=27.924513
2025-09-02 15:08:25.177 | INFO     | Pendulum.PendulumAPP:_processSerialData:121 - 🔄 数据来源: 串口接收 -> PendulumState.physical_length
2025-09-02 15:08:25.225 | INFO     | Pendulum.PendulumAPP:_processSerialData:120 - 📏 串口长度数据已更新: L27.924513 -> physical_length=27.924513
2025-09-02 15:08:25.225 | INFO     | Pendulum.PendulumAPP:_processSerialData:121 - 🔄 数据来源: 串口接收 -> PendulumState.physical_length
2025-09-02 15:08:25.270 | INFO     | Pendulum.PendulumAPP:_processSerialData:120 - 📏 串口长度数据已更新: L27.924513 -> physical_length=27.924513
2025-09-02 15:08:25.271 | INFO     | Pendulum.PendulumAPP:_processSerialData:121 - 🔄 数据来源: 串口接收 -> PendulumState.physical_length
2025-09-02 15:08:25.316 | INFO     | Pendulum.PendulumAPP:_processSerialData:120 - 📏 串口长度数据已更新: L27.924513 -> physical_length=27.924513
2025-09-02 15:08:25.318 | INFO     | Pendulum.PendulumAPP:_processSerialData:121 - 🔄 数据来源: 串口接收 -> PendulumState.physical_length
2025-09-02 15:08:25.362 | INFO     | Pendulum.PendulumAPP:_processSerialData:120 - 📏 串口长度数据已更新: L27.924513 -> physical_length=27.924513
2025-09-02 15:08:25.362 | INFO     | Pendulum.PendulumAPP:_processSerialData:121 - 🔄 数据来源: 串口接收 -> PendulumState.physical_length
2025-09-02 15:08:25.422 | INFO     | Pendulum.PendulumAPP:_processSerialData:120 - 📏 串口长度数据已更新: L27.924513 -> physical_length=27.924513
2025-09-02 15:08:25.422 | INFO     | Pendulum.PendulumAPP:_processSerialData:121 - 🔄 数据来源: 串口接收 -> PendulumState.physical_length
2025-09-02 15:08:25.470 | INFO     | Pendulum.PendulumAPP:_processSerialData:120 - 📏 串口长度数据已更新: L27.924513 -> physical_length=27.924513
2025-09-02 15:08:25.472 | INFO     | Pendulum.PendulumAPP:_processSerialData:121 - 🔄 数据来源: 串口接收 -> PendulumState.physical_length
2025-09-02 15:08:25.515 | INFO     | Pendulum.PendulumAPP:_processSerialData:120 - 📏 串口长度数据已更新: L27.924513 -> physical_length=27.924513
2025-09-02 15:08:25.515 | INFO     | Pendulum.PendulumAPP:_processSerialData:121 - 🔄 数据来源: 串口接收 -> PendulumState.physical_length
2025-09-02 15:08:25.568 | INFO     | Pendulum.PendulumAPP:_processSerialData:120 - 📏 串口长度数据已更新: L27.924513 -> physical_length=27.924513
2025-09-02 15:08:25.570 | INFO     | Pendulum.PendulumAPP:_processSerialData:121 - 🔄 数据来源: 串口接收 -> PendulumState.physical_length
2025-09-02 15:08:25.609 | INFO     | Pendulum.PendulumAPP:_processSerialData:120 - 📏 串口长度数据已更新: L27.924513 -> physical_length=27.924513
2025-09-02 15:08:25.609 | INFO     | Pendulum.PendulumAPP:_processSerialData:121 - 🔄 数据来源: 串口接收 -> PendulumState.physical_length
2025-09-02 15:08:25.656 | INFO     | Pendulum.PendulumAPP:_processSerialData:120 - 📏 串口长度数据已更新: L27.924513 -> physical_length=27.924513
2025-09-02 15:08:25.656 | INFO     | Pendulum.PendulumAPP:_processSerialData:121 - 🔄 数据来源: 串口接收 -> PendulumState.physical_length
2025-09-02 15:08:25.703 | INFO     | Pendulum.PendulumAPP:_processSerialData:120 - 📏 串口长度数据已更新: L27.924513 -> physical_length=27.924513
2025-09-02 15:08:25.705 | INFO     | Pendulum.PendulumAPP:_processSerialData:121 - 🔄 数据来源: 串口接收 -> PendulumState.physical_length
2025-09-02 15:08:25.751 | INFO     | Pendulum.PendulumAPP:_processSerialData:120 - 📏 串口长度数据已更新: L27.924513 -> physical_length=27.924513
2025-09-02 15:08:25.754 | INFO     | Pendulum.PendulumAPP:_processSerialData:121 - 🔄 数据来源: 串口接收 -> PendulumState.physical_length
2025-09-02 15:08:25.796 | INFO     | Pendulum.PendulumAPP:_processSerialData:120 - 📏 串口长度数据已更新: L27.924513 -> physical_length=27.924513
2025-09-02 15:08:25.797 | INFO     | Pendulum.PendulumAPP:_processSerialData:121 - 🔄 数据来源: 串口接收 -> PendulumState.physical_length
2025-09-02 15:08:25.843 | INFO     | Pendulum.PendulumAPP:_processSerialData:120 - 📏 串口长度数据已更新: L27.924513 -> physical_length=27.924513
2025-09-02 15:08:25.843 | INFO     | Pendulum.PendulumAPP:_processSerialData:121 - 🔄 数据来源: 串口接收 -> PendulumState.physical_length
2025-09-02 15:08:25.889 | INFO     | Pendulum.PendulumAPP:_processSerialData:120 - 📏 串口长度数据已更新: L27.924513 -> physical_length=27.924513
2025-09-02 15:08:25.889 | INFO     | Pendulum.PendulumAPP:_processSerialData:121 - 🔄 数据来源: 串口接收 -> PendulumState.physical_length
2025-09-02 15:08:25.936 | INFO     | Pendulum.PendulumAPP:_processSerialData:120 - 📏 串口长度数据已更新: L27.924513 -> physical_length=27.924513
2025-09-02 15:08:25.937 | INFO     | Pendulum.PendulumAPP:_processSerialData:121 - 🔄 数据来源: 串口接收 -> PendulumState.physical_length
2025-09-02 15:08:25.983 | INFO     | Pendulum.PendulumAPP:_processSerialData:120 - 📏 串口长度数据已更新: L27.924513 -> physical_length=27.924513
2025-09-02 15:08:25.983 | INFO     | Pendulum.PendulumAPP:_processSerialData:121 - 🔄 数据来源: 串口接收 -> PendulumState.physical_length
2025-09-02 15:08:26.030 | INFO     | Pendulum.PendulumAPP:_processSerialData:120 - 📏 串口长度数据已更新: L27.924513 -> physical_length=27.924513
2025-09-02 15:08:26.031 | INFO     | Pendulum.PendulumAPP:_processSerialData:121 - 🔄 数据来源: 串口接收 -> PendulumState.physical_length
2025-09-02 15:08:26.076 | INFO     | Pendulum.PendulumAPP:_processSerialData:120 - 📏 串口长度数据已更新: L27.924513 -> physical_length=27.924513
2025-09-02 15:08:26.077 | INFO     | Pendulum.PendulumAPP:_processSerialData:121 - 🔄 数据来源: 串口接收 -> PendulumState.physical_length
2025-09-02 15:08:26.122 | INFO     | Pendulum.PendulumAPP:_processSerialData:120 - 📏 串口长度数据已更新: L27.924513 -> physical_length=27.924513
2025-09-02 15:08:26.123 | INFO     | Pendulum.PendulumAPP:_processSerialData:121 - 🔄 数据来源: 串口接收 -> PendulumState.physical_length
2025-09-02 15:08:26.170 | INFO     | Pendulum.PendulumAPP:_processSerialData:120 - 📏 串口长度数据已更新: L27.924513 -> physical_length=27.924513
2025-09-02 15:08:26.172 | INFO     | Pendulum.PendulumAPP:_processSerialData:121 - 🔄 数据来源: 串口接收 -> PendulumState.physical_length
2025-09-02 15:08:26.216 | INFO     | Pendulum.PendulumAPP:_processSerialData:120 - 📏 串口长度数据已更新: L27.924513 -> physical_length=27.924513
2025-09-02 15:08:26.217 | INFO     | Pendulum.PendulumAPP:_processSerialData:121 - 🔄 数据来源: 串口接收 -> PendulumState.physical_length
2025-09-02 15:08:26.264 | INFO     | Pendulum.PendulumAPP:_processSerialData:120 - 📏 串口长度数据已更新: L27.924513 -> physical_length=27.924513
2025-09-02 15:08:26.265 | INFO     | Pendulum.PendulumAPP:_processSerialData:121 - 🔄 数据来源: 串口接收 -> PendulumState.physical_length
2025-09-02 15:08:26.310 | INFO     | Pendulum.PendulumAPP:_processSerialData:120 - 📏 串口长度数据已更新: L27.924513 -> physical_length=27.924513
2025-09-02 15:08:26.312 | INFO     | Pendulum.PendulumAPP:_processSerialData:121 - 🔄 数据来源: 串口接收 -> PendulumState.physical_length
2025-09-02 15:08:26.352 | INFO     | Pendulum.PendulumCore:setReferenceAngle:474 - 参考摆线向量设为: (-33, 1086) (摆轴: (322, 0))
2025-09-02 15:08:26.353 | INFO     | Pendulum.PendulumCore:setReferenceAngle:475 - 参考角度设为: -1.74°
2025-09-02 15:08:26.354 | INFO     | Pendulum.PendulumAPP:_keyEventWeb:228 - 参考角度设为: -1.74 deg
2025-09-02 15:08:26.355 | INFO     | Pendulum.SerialConncet:send:199 - sendz
2025-09-02 15:08:26.355 | INFO     | Pendulum.SerialConncet:send:201 - [发送] z
2025-09-02 15:08:26.357 | INFO     | Pendulum.PendulumAPP:_keyEventWeb:233 - z信号已发送到单片机
2025-09-02 15:08:26.358 | INFO     | Pendulum.PendulumCore:setReferenceAngle:474 - 参考摆线向量设为: (-33, 1086) (摆轴: (322, 0))
2025-09-02 15:08:26.360 | INFO     | Pendulum.PendulumCore:setReferenceAngle:475 - 参考角度设为: -1.74°
2025-09-02 15:08:26.361 | INFO     | Pendulum.PendulumAPP:_keyEventWeb:228 - 参考角度设为: -1.74 deg
2025-09-02 15:08:26.362 | INFO     | Pendulum.SerialConncet:send:199 - sendz
2025-09-02 15:08:26.363 | INFO     | Pendulum.SerialConncet:send:201 - [发送] z
2025-09-02 15:08:26.364 | INFO     | Pendulum.PendulumAPP:_keyEventWeb:233 - z信号已发送到单片机
2025-09-02 15:08:26.371 | INFO     | Pendulum.PendulumAPP:_processSerialData:120 - 📏 串口长度数据已更新: L27.924513 -> physical_length=27.924513
2025-09-02 15:08:26.372 | INFO     | Pendulum.PendulumAPP:_processSerialData:121 - 🔄 数据来源: 串口接收 -> PendulumState.physical_length
2025-09-02 15:08:26.418 | INFO     | Pendulum.PendulumAPP:_processSerialData:120 - 📏 串口长度数据已更新: L27.924513 -> physical_length=27.924513
2025-09-02 15:08:26.418 | INFO     | Pendulum.PendulumAPP:_processSerialData:121 - 🔄 数据来源: 串口接收 -> PendulumState.physical_length
2025-09-02 15:08:26.464 | INFO     | Pendulum.PendulumAPP:_processSerialData:120 - 📏 串口长度数据已更新: L27.924513 -> physical_length=27.924513
2025-09-02 15:08:26.464 | INFO     | Pendulum.PendulumAPP:_processSerialData:121 - 🔄 数据来源: 串口接收 -> PendulumState.physical_length
2025-09-02 15:08:26.510 | INFO     | Pendulum.PendulumAPP:_processSerialData:120 - 📏 串口长度数据已更新: L27.924513 -> physical_length=27.924513
2025-09-02 15:08:26.511 | INFO     | Pendulum.PendulumAPP:_processSerialData:121 - 🔄 数据来源: 串口接收 -> PendulumState.physical_length
2025-09-02 15:08:26.556 | INFO     | Pendulum.PendulumAPP:_processSerialData:120 - 📏 串口长度数据已更新: L27.924513 -> physical_length=27.924513
2025-09-02 15:08:26.557 | INFO     | Pendulum.PendulumAPP:_processSerialData:121 - 🔄 数据来源: 串口接收 -> PendulumState.physical_length
2025-09-02 15:08:26.603 | INFO     | Pendulum.PendulumAPP:_processSerialData:120 - 📏 串口长度数据已更新: L27.924513 -> physical_length=27.924513
2025-09-02 15:08:26.604 | INFO     | Pendulum.PendulumAPP:_processSerialData:121 - 🔄 数据来源: 串口接收 -> PendulumState.physical_length
2025-09-02 15:08:26.649 | INFO     | Pendulum.PendulumAPP:_processSerialData:120 - 📏 串口长度数据已更新: L27.924513 -> physical_length=27.924513
2025-09-02 15:08:26.649 | INFO     | Pendulum.PendulumAPP:_processSerialData:121 - 🔄 数据来源: 串口接收 -> PendulumState.physical_length
2025-09-02 15:08:26.695 | INFO     | Pendulum.PendulumAPP:_processSerialData:120 - 📏 串口长度数据已更新: L27.924513 -> physical_length=27.924513
2025-09-02 15:08:26.696 | INFO     | Pendulum.PendulumAPP:_processSerialData:121 - 🔄 数据来源: 串口接收 -> PendulumState.physical_length
2025-09-02 15:08:26.741 | INFO     | Pendulum.PendulumAPP:_processSerialData:120 - 📏 串口长度数据已更新: L27.924513 -> physical_length=27.924513
2025-09-02 15:08:26.744 | INFO     | Pendulum.PendulumAPP:_processSerialData:121 - 🔄 数据来源: 串口接收 -> PendulumState.physical_length
2025-09-02 15:08:26.787 | INFO     | Pendulum.PendulumAPP:_processSerialData:120 - 📏 串口长度数据已更新: L27.924513 -> physical_length=27.924513
2025-09-02 15:08:26.787 | INFO     | Pendulum.PendulumAPP:_processSerialData:121 - 🔄 数据来源: 串口接收 -> PendulumState.physical_length
2025-09-02 15:08:26.835 | INFO     | Pendulum.PendulumAPP:_processSerialData:120 - 📏 串口长度数据已更新: L27.924513 -> physical_length=27.924513
2025-09-02 15:08:26.836 | INFO     | Pendulum.PendulumAPP:_processSerialData:121 - 🔄 数据来源: 串口接收 -> PendulumState.physical_length
2025-09-02 15:08:26.882 | INFO     | Pendulum.PendulumAPP:_processSerialData:120 - 📏 串口长度数据已更新: L27.924513 -> physical_length=27.924513
2025-09-02 15:08:26.883 | INFO     | Pendulum.PendulumAPP:_processSerialData:121 - 🔄 数据来源: 串口接收 -> PendulumState.physical_length
2025-09-02 15:08:26.929 | INFO     | Pendulum.PendulumAPP:_processSerialData:120 - 📏 串口长度数据已更新: L27.924513 -> physical_length=27.924513
2025-09-02 15:08:26.929 | INFO     | Pendulum.PendulumAPP:_processSerialData:121 - 🔄 数据来源: 串口接收 -> PendulumState.physical_length
2025-09-02 15:08:26.975 | INFO     | Pendulum.PendulumAPP:_processSerialData:120 - 📏 串口长度数据已更新: L27.924513 -> physical_length=27.924513
2025-09-02 15:08:26.975 | INFO     | Pendulum.PendulumAPP:_processSerialData:121 - 🔄 数据来源: 串口接收 -> PendulumState.physical_length
2025-09-02 15:08:27.022 | INFO     | Pendulum.PendulumAPP:_processSerialData:120 - 📏 串口长度数据已更新: L27.924513 -> physical_length=27.924513
2025-09-02 15:08:27.022 | INFO     | Pendulum.PendulumAPP:_processSerialData:121 - 🔄 数据来源: 串口接收 -> PendulumState.physical_length
2025-09-02 15:08:27.067 | INFO     | Pendulum.PendulumAPP:_processSerialData:120 - 📏 串口长度数据已更新: L27.924513 -> physical_length=27.924513
2025-09-02 15:08:27.069 | INFO     | Pendulum.PendulumAPP:_processSerialData:121 - 🔄 数据来源: 串口接收 -> PendulumState.physical_length
2025-09-02 15:08:27.114 | INFO     | Pendulum.PendulumAPP:_processSerialData:120 - 📏 串口长度数据已更新: L27.924513 -> physical_length=27.924513
2025-09-02 15:08:27.115 | INFO     | Pendulum.PendulumAPP:_processSerialData:121 - 🔄 数据来源: 串口接收 -> PendulumState.physical_length
2025-09-02 15:08:27.161 | INFO     | Pendulum.PendulumAPP:_processSerialData:120 - 📏 串口长度数据已更新: L27.924513 -> physical_length=27.924513
2025-09-02 15:08:27.162 | INFO     | Pendulum.PendulumAPP:_processSerialData:121 - 🔄 数据来源: 串口接收 -> PendulumState.physical_length
2025-09-02 15:08:27.208 | INFO     | Pendulum.PendulumAPP:_processSerialData:120 - 📏 串口长度数据已更新: L27.924513 -> physical_length=27.924513
2025-09-02 15:08:27.209 | INFO     | Pendulum.PendulumAPP:_processSerialData:121 - 🔄 数据来源: 串口接收 -> PendulumState.physical_length
2025-09-02 15:08:27.240 | INFO     | Pendulum.PendulumAPP:_processSerialData:120 - 📏 串口长度数据已更新: L27.924513 -> physical_length=27.924513
2025-09-02 15:08:27.241 | INFO     | Pendulum.PendulumAPP:_processSerialData:121 - 🔄 数据来源: 串口接收 -> PendulumState.physical_length
2025-09-02 15:08:27.287 | INFO     | Pendulum.PendulumAPP:_processSerialData:120 - 📏 串口长度数据已更新: L27.924513 -> physical_length=27.924513
2025-09-02 15:08:27.288 | INFO     | Pendulum.PendulumAPP:_processSerialData:121 - 🔄 数据来源: 串口接收 -> PendulumState.physical_length
2025-09-02 15:08:27.335 | INFO     | Pendulum.PendulumAPP:_processSerialData:120 - 📏 串口长度数据已更新: L27.924513 -> physical_length=27.924513
2025-09-02 15:08:27.338 | INFO     | Pendulum.PendulumAPP:_processSerialData:121 - 🔄 数据来源: 串口接收 -> PendulumState.physical_length
2025-09-02 15:08:27.381 | INFO     | Pendulum.PendulumAPP:_processSerialData:120 - 📏 串口长度数据已更新: L27.924513 -> physical_length=27.924513
2025-09-02 15:08:27.383 | INFO     | Pendulum.PendulumAPP:_processSerialData:121 - 🔄 数据来源: 串口接收 -> PendulumState.physical_length
2025-09-02 15:08:27.428 | INFO     | Pendulum.PendulumAPP:_processSerialData:120 - 📏 串口长度数据已更新: L27.924513 -> physical_length=27.924513
2025-09-02 15:08:27.428 | INFO     | Pendulum.PendulumAPP:_processSerialData:121 - 🔄 数据来源: 串口接收 -> PendulumState.physical_length
2025-09-02 15:08:27.475 | INFO     | Pendulum.PendulumAPP:_processSerialData:120 - 📏 串口长度数据已更新: L27.924513 -> physical_length=27.924513
2025-09-02 15:08:27.476 | INFO     | Pendulum.PendulumAPP:_processSerialData:121 - 🔄 数据来源: 串口接收 -> PendulumState.physical_length
2025-09-02 15:08:27.520 | INFO     | Pendulum.PendulumAPP:_processSerialData:120 - 📏 串口长度数据已更新: L27.924513 -> physical_length=27.924513
2025-09-02 15:08:27.522 | INFO     | Pendulum.PendulumAPP:_processSerialData:121 - 🔄 数据来源: 串口接收 -> PendulumState.physical_length
2025-09-02 15:08:27.566 | INFO     | Pendulum.PendulumAPP:_processSerialData:120 - 📏 串口长度数据已更新: L27.924513 -> physical_length=27.924513
2025-09-02 15:08:27.567 | INFO     | Pendulum.PendulumAPP:_processSerialData:121 - 🔄 数据来源: 串口接收 -> PendulumState.physical_length
2025-09-02 15:08:27.612 | INFO     | Pendulum.PendulumAPP:_processSerialData:120 - 📏 串口长度数据已更新: L27.924513 -> physical_length=27.924513
2025-09-02 15:08:27.614 | INFO     | Pendulum.PendulumAPP:_processSerialData:121 - 🔄 数据来源: 串口接收 -> PendulumState.physical_length
2025-09-02 15:08:27.659 | INFO     | Pendulum.PendulumAPP:_processSerialData:120 - 📏 串口长度数据已更新: L27.924513 -> physical_length=27.924513
2025-09-02 15:08:27.661 | INFO     | Pendulum.PendulumAPP:_processSerialData:121 - 🔄 数据来源: 串口接收 -> PendulumState.physical_length
2025-09-02 15:08:27.706 | INFO     | Pendulum.PendulumAPP:_processSerialData:120 - 📏 串口长度数据已更新: L27.924513 -> physical_length=27.924513
2025-09-02 15:08:27.707 | INFO     | Pendulum.PendulumAPP:_processSerialData:121 - 🔄 数据来源: 串口接收 -> PendulumState.physical_length
2025-09-02 15:08:27.753 | INFO     | Pendulum.PendulumAPP:_processSerialData:120 - 📏 串口长度数据已更新: L27.924513 -> physical_length=27.924513
2025-09-02 15:08:27.754 | INFO     | Pendulum.PendulumAPP:_processSerialData:121 - 🔄 数据来源: 串口接收 -> PendulumState.physical_length
2025-09-02 15:08:27.799 | INFO     | Pendulum.PendulumAPP:_processSerialData:120 - 📏 串口长度数据已更新: L27.924513 -> physical_length=27.924513
2025-09-02 15:08:27.801 | INFO     | Pendulum.PendulumAPP:_processSerialData:121 - 🔄 数据来源: 串口接收 -> PendulumState.physical_length
2025-09-02 15:08:27.833 | INFO     | Pendulum.PendulumAPP:_processSerialData:120 - 📏 串口长度数据已更新: L27.924513 -> physical_length=27.924513
2025-09-02 15:08:27.834 | INFO     | Pendulum.PendulumAPP:_processSerialData:121 - 🔄 数据来源: 串口接收 -> PendulumState.physical_length
2025-09-02 15:08:27.878 | INFO     | Pendulum.PendulumAPP:_processSerialData:120 - 📏 串口长度数据已更新: L27.924513 -> physical_length=27.924513
2025-09-02 15:08:27.880 | INFO     | Pendulum.PendulumAPP:_processSerialData:121 - 🔄 数据来源: 串口接收 -> PendulumState.physical_length
2025-09-02 15:08:27.925 | INFO     | Pendulum.PendulumAPP:_processSerialData:120 - 📏 串口长度数据已更新: L27.924513 -> physical_length=27.924513
2025-09-02 15:08:27.925 | INFO     | Pendulum.PendulumAPP:_processSerialData:121 - 🔄 数据来源: 串口接收 -> PendulumState.physical_length
2025-09-02 15:08:27.972 | INFO     | Pendulum.PendulumAPP:_processSerialData:120 - 📏 串口长度数据已更新: L27.924513 -> physical_length=27.924513
2025-09-02 15:08:27.973 | INFO     | Pendulum.PendulumAPP:_processSerialData:121 - 🔄 数据来源: 串口接收 -> PendulumState.physical_length
2025-09-02 15:08:28.018 | INFO     | Pendulum.PendulumAPP:_processSerialData:120 - 📏 串口长度数据已更新: L27.924513 -> physical_length=27.924513
2025-09-02 15:08:28.019 | INFO     | Pendulum.PendulumAPP:_processSerialData:121 - 🔄 数据来源: 串口接收 -> PendulumState.physical_length
2025-09-02 15:08:28.065 | INFO     | Pendulum.PendulumAPP:_processSerialData:120 - 📏 串口长度数据已更新: L27.924513 -> physical_length=27.924513
2025-09-02 15:08:28.066 | INFO     | Pendulum.PendulumAPP:_processSerialData:121 - 🔄 数据来源: 串口接收 -> PendulumState.physical_length
2025-09-02 15:08:28.111 | INFO     | Pendulum.PendulumAPP:_processSerialData:120 - 📏 串口长度数据已更新: L27.924513 -> physical_length=27.924513
2025-09-02 15:08:28.111 | INFO     | Pendulum.PendulumAPP:_processSerialData:121 - 🔄 数据来源: 串口接收 -> PendulumState.physical_length
2025-09-02 15:08:28.158 | INFO     | Pendulum.PendulumAPP:_processSerialData:120 - 📏 串口长度数据已更新: L27.924513 -> physical_length=27.924513
2025-09-02 15:08:28.159 | INFO     | Pendulum.PendulumAPP:_processSerialData:121 - 🔄 数据来源: 串口接收 -> PendulumState.physical_length
2025-09-02 15:08:28.204 | INFO     | Pendulum.PendulumAPP:_processSerialData:120 - 📏 串口长度数据已更新: L27.924513 -> physical_length=27.924513
2025-09-02 15:08:28.205 | INFO     | Pendulum.PendulumAPP:_processSerialData:121 - 🔄 数据来源: 串口接收 -> PendulumState.physical_length
2025-09-02 15:08:28.252 | INFO     | Pendulum.PendulumAPP:_processSerialData:120 - 📏 串口长度数据已更新: L27.924513 -> physical_length=27.924513
2025-09-02 15:08:28.254 | INFO     | Pendulum.PendulumAPP:_processSerialData:121 - 🔄 数据来源: 串口接收 -> PendulumState.physical_length
2025-09-02 15:08:28.299 | INFO     | Pendulum.PendulumAPP:_processSerialData:120 - 📏 串口长度数据已更新: L27.924513 -> physical_length=27.924513
2025-09-02 15:08:28.299 | INFO     | Pendulum.PendulumAPP:_processSerialData:121 - 🔄 数据来源: 串口接收 -> PendulumState.physical_length
2025-09-02 15:08:28.349 | INFO     | Pendulum.PendulumAPP:_processSerialData:120 - 📏 串口长度数据已更新: L27.924513 -> physical_length=27.924513
2025-09-02 15:08:28.350 | INFO     | Pendulum.PendulumAPP:_processSerialData:121 - 🔄 数据来源: 串口接收 -> PendulumState.physical_length
2025-09-02 15:08:28.394 | INFO     | Pendulum.PendulumAPP:_processSerialData:120 - 📏 串口长度数据已更新: L27.924513 -> physical_length=27.924513
2025-09-02 15:08:28.394 | INFO     | Pendulum.PendulumAPP:_processSerialData:121 - 🔄 数据来源: 串口接收 -> PendulumState.physical_length
2025-09-02 15:08:28.439 | INFO     | Pendulum.PendulumAPP:_processSerialData:120 - 📏 串口长度数据已更新: L27.924513 -> physical_length=27.924513
2025-09-02 15:08:28.441 | INFO     | Pendulum.PendulumAPP:_processSerialData:121 - 🔄 数据来源: 串口接收 -> PendulumState.physical_length
2025-09-02 15:08:28.486 | INFO     | Pendulum.PendulumAPP:_processSerialData:120 - 📏 串口长度数据已更新: L27.924513 -> physical_length=27.924513
2025-09-02 15:08:28.487 | INFO     | Pendulum.PendulumAPP:_processSerialData:121 - 🔄 数据来源: 串口接收 -> PendulumState.physical_length
2025-09-02 15:08:28.532 | INFO     | Pendulum.PendulumAPP:_processSerialData:120 - 📏 串口长度数据已更新: L27.924513 -> physical_length=27.924513
2025-09-02 15:08:28.532 | INFO     | Pendulum.PendulumAPP:_processSerialData:121 - 🔄 数据来源: 串口接收 -> PendulumState.physical_length
2025-09-02 15:08:28.578 | INFO     | Pendulum.PendulumAPP:_processSerialData:120 - 📏 串口长度数据已更新: L27.924513 -> physical_length=27.924513
2025-09-02 15:08:28.578 | INFO     | Pendulum.PendulumAPP:_processSerialData:121 - 🔄 数据来源: 串口接收 -> PendulumState.physical_length
2025-09-02 15:08:28.626 | INFO     | Pendulum.PendulumAPP:_processSerialData:120 - 📏 串口长度数据已更新: L27.924513 -> physical_length=27.924513
2025-09-02 15:08:28.627 | INFO     | Pendulum.PendulumAPP:_processSerialData:121 - 🔄 数据来源: 串口接收 -> PendulumState.physical_length
2025-09-02 15:08:28.671 | INFO     | Pendulum.PendulumAPP:_processSerialData:120 - 📏 串口长度数据已更新: L27.924513 -> physical_length=27.924513
2025-09-02 15:08:28.671 | INFO     | Pendulum.PendulumAPP:_processSerialData:121 - 🔄 数据来源: 串口接收 -> PendulumState.physical_length
2025-09-02 15:08:28.716 | INFO     | Pendulum.PendulumAPP:_processSerialData:120 - 📏 串口长度数据已更新: L27.924513 -> physical_length=27.924513
2025-09-02 15:08:28.718 | INFO     | Pendulum.PendulumAPP:_processSerialData:121 - 🔄 数据来源: 串口接收 -> PendulumState.physical_length
2025-09-02 15:08:28.762 | INFO     | Pendulum.PendulumAPP:_processSerialData:120 - 📏 串口长度数据已更新: L27.924513 -> physical_length=27.924513
2025-09-02 15:08:28.763 | INFO     | Pendulum.PendulumAPP:_processSerialData:121 - 🔄 数据来源: 串口接收 -> PendulumState.physical_length
2025-09-02 15:08:28.809 | INFO     | Pendulum.PendulumAPP:_processSerialData:120 - 📏 串口长度数据已更新: L27.924513 -> physical_length=27.924513
2025-09-02 15:08:28.811 | INFO     | Pendulum.PendulumAPP:_processSerialData:121 - 🔄 数据来源: 串口接收 -> PendulumState.physical_length
2025-09-02 15:08:28.856 | INFO     | Pendulum.PendulumAPP:_processSerialData:120 - 📏 串口长度数据已更新: L27.924513 -> physical_length=27.924513
2025-09-02 15:08:28.857 | INFO     | Pendulum.PendulumAPP:_processSerialData:121 - 🔄 数据来源: 串口接收 -> PendulumState.physical_length
2025-09-02 15:08:28.902 | INFO     | Pendulum.PendulumAPP:_processSerialData:120 - 📏 串口长度数据已更新: L27.924513 -> physical_length=27.924513
2025-09-02 15:08:28.903 | INFO     | Pendulum.PendulumAPP:_processSerialData:121 - 🔄 数据来源: 串口接收 -> PendulumState.physical_length
2025-09-02 15:08:28.950 | INFO     | Pendulum.PendulumAPP:_processSerialData:120 - 📏 串口长度数据已更新: L27.924513 -> physical_length=27.924513
2025-09-02 15:08:28.950 | INFO     | Pendulum.PendulumAPP:_processSerialData:121 - 🔄 数据来源: 串口接收 -> PendulumState.physical_length
2025-09-02 15:08:28.997 | INFO     | Pendulum.PendulumAPP:_processSerialData:120 - 📏 串口长度数据已更新: L27.924513 -> physical_length=27.924513
2025-09-02 15:08:28.998 | INFO     | Pendulum.PendulumAPP:_processSerialData:121 - 🔄 数据来源: 串口接收 -> PendulumState.physical_length
2025-09-02 15:08:29.044 | INFO     | Pendulum.PendulumAPP:_processSerialData:120 - 📏 串口长度数据已更新: L27.924513 -> physical_length=27.924513
2025-09-02 15:08:29.045 | INFO     | Pendulum.PendulumAPP:_processSerialData:121 - 🔄 数据来源: 串口接收 -> PendulumState.physical_length
2025-09-02 15:08:29.091 | INFO     | Pendulum.PendulumAPP:_processSerialData:120 - 📏 串口长度数据已更新: L27.924513 -> physical_length=27.924513
2025-09-02 15:08:29.091 | INFO     | Pendulum.PendulumAPP:_processSerialData:121 - 🔄 数据来源: 串口接收 -> PendulumState.physical_length
2025-09-02 15:08:29.137 | INFO     | Pendulum.PendulumAPP:_processSerialData:120 - 📏 串口长度数据已更新: L27.924513 -> physical_length=27.924513
2025-09-02 15:08:29.138 | INFO     | Pendulum.PendulumAPP:_processSerialData:121 - 🔄 数据来源: 串口接收 -> PendulumState.physical_length
2025-09-02 15:08:29.185 | INFO     | Pendulum.PendulumAPP:_processSerialData:120 - 📏 串口长度数据已更新: L27.924513 -> physical_length=27.924513
2025-09-02 15:08:29.186 | INFO     | Pendulum.PendulumAPP:_processSerialData:121 - 🔄 数据来源: 串口接收 -> PendulumState.physical_length
2025-09-02 15:08:29.232 | INFO     | Pendulum.PendulumAPP:_processSerialData:120 - 📏 串口长度数据已更新: L27.924513 -> physical_length=27.924513
2025-09-02 15:08:29.232 | INFO     | Pendulum.PendulumAPP:_processSerialData:121 - 🔄 数据来源: 串口接收 -> PendulumState.physical_length
2025-09-02 15:08:29.280 | INFO     | Pendulum.PendulumAPP:_processSerialData:120 - 📏 串口长度数据已更新: L27.924513 -> physical_length=27.924513
2025-09-02 15:08:29.280 | INFO     | Pendulum.PendulumAPP:_processSerialData:121 - 🔄 数据来源: 串口接收 -> PendulumState.physical_length
2025-09-02 15:08:29.326 | INFO     | Pendulum.PendulumAPP:_processSerialData:120 - 📏 串口长度数据已更新: L27.924513 -> physical_length=27.924513
2025-09-02 15:08:29.326 | INFO     | Pendulum.PendulumAPP:_processSerialData:121 - 🔄 数据来源: 串口接收 -> PendulumState.physical_length
2025-09-02 15:08:29.373 | INFO     | Pendulum.PendulumAPP:_processSerialData:120 - 📏 串口长度数据已更新: L27.924513 -> physical_length=27.924513
2025-09-02 15:08:29.374 | INFO     | Pendulum.PendulumAPP:_processSerialData:121 - 🔄 数据来源: 串口接收 -> PendulumState.physical_length
2025-09-02 15:08:29.420 | INFO     | Pendulum.PendulumAPP:_processSerialData:120 - 📏 串口长度数据已更新: L27.924513 -> physical_length=27.924513
2025-09-02 15:08:29.421 | INFO     | Pendulum.PendulumAPP:_processSerialData:121 - 🔄 数据来源: 串口接收 -> PendulumState.physical_length
2025-09-02 15:08:29.466 | INFO     | Pendulum.PendulumAPP:_processSerialData:120 - 📏 串口长度数据已更新: L27.924513 -> physical_length=27.924513
2025-09-02 15:08:29.468 | INFO     | Pendulum.PendulumAPP:_processSerialData:121 - 🔄 数据来源: 串口接收 -> PendulumState.physical_length
2025-09-02 15:08:29.513 | INFO     | Pendulum.PendulumAPP:_processSerialData:120 - 📏 串口长度数据已更新: L27.924513 -> physical_length=27.924513
2025-09-02 15:08:29.516 | INFO     | Pendulum.PendulumAPP:_processSerialData:121 - 🔄 数据来源: 串口接收 -> PendulumState.physical_length
2025-09-02 15:08:29.560 | INFO     | Pendulum.PendulumAPP:_processSerialData:120 - 📏 串口长度数据已更新: L27.924513 -> physical_length=27.924513
2025-09-02 15:08:29.563 | INFO     | Pendulum.PendulumAPP:_processSerialData:121 - 🔄 数据来源: 串口接收 -> PendulumState.physical_length
2025-09-02 15:08:29.606 | INFO     | Pendulum.PendulumAPP:_processSerialData:120 - 📏 串口长度数据已更新: L27.924513 -> physical_length=27.924513
2025-09-02 15:08:29.607 | INFO     | Pendulum.PendulumAPP:_processSerialData:121 - 🔄 数据来源: 串口接收 -> PendulumState.physical_length
2025-09-02 15:08:29.651 | INFO     | Pendulum.PendulumAPP:_processSerialData:120 - 📏 串口长度数据已更新: L27.924513 -> physical_length=27.924513
2025-09-02 15:08:29.652 | INFO     | Pendulum.PendulumAPP:_processSerialData:121 - 🔄 数据来源: 串口接收 -> PendulumState.physical_length
2025-09-02 15:08:29.697 | INFO     | Pendulum.PendulumAPP:_processSerialData:120 - 📏 串口长度数据已更新: L27.924513 -> physical_length=27.924513
2025-09-02 15:08:29.699 | INFO     | Pendulum.PendulumAPP:_processSerialData:121 - 🔄 数据来源: 串口接收 -> PendulumState.physical_length
2025-09-02 15:08:29.744 | INFO     | Pendulum.PendulumAPP:_processSerialData:120 - 📏 串口长度数据已更新: L27.924513 -> physical_length=27.924513
2025-09-02 15:08:29.745 | INFO     | Pendulum.PendulumAPP:_processSerialData:121 - 🔄 数据来源: 串口接收 -> PendulumState.physical_length
2025-09-02 15:08:29.790 | INFO     | Pendulum.PendulumAPP:_processSerialData:120 - 📏 串口长度数据已更新: L27.924513 -> physical_length=27.924513
2025-09-02 15:08:29.790 | INFO     | Pendulum.PendulumAPP:_processSerialData:121 - 🔄 数据来源: 串口接收 -> PendulumState.physical_length
2025-09-02 15:08:29.838 | INFO     | Pendulum.PendulumAPP:_processSerialData:120 - 📏 串口长度数据已更新: L27.924513 -> physical_length=27.924513
2025-09-02 15:08:29.840 | INFO     | Pendulum.PendulumAPP:_processSerialData:121 - 🔄 数据来源: 串口接收 -> PendulumState.physical_length
2025-09-02 15:08:29.882 | INFO     | Pendulum.PendulumAPP:_processSerialData:120 - 📏 串口长度数据已更新: L27.924513 -> physical_length=27.924513
2025-09-02 15:08:29.882 | INFO     | Pendulum.PendulumAPP:_processSerialData:121 - 🔄 数据来源: 串口接收 -> PendulumState.physical_length
2025-09-02 15:08:29.928 | INFO     | Pendulum.PendulumAPP:_processSerialData:120 - 📏 串口长度数据已更新: L27.924513 -> physical_length=27.924513
2025-09-02 15:08:29.930 | INFO     | Pendulum.PendulumAPP:_processSerialData:121 - 🔄 数据来源: 串口接收 -> PendulumState.physical_length
2025-09-02 15:08:29.976 | INFO     | Pendulum.PendulumAPP:_processSerialData:120 - 📏 串口长度数据已更新: L27.924513 -> physical_length=27.924513
2025-09-02 15:08:29.978 | INFO     | Pendulum.PendulumAPP:_processSerialData:121 - 🔄 数据来源: 串口接收 -> PendulumState.physical_length
2025-09-02 15:08:30.023 | INFO     | Pendulum.PendulumAPP:_processSerialData:120 - 📏 串口长度数据已更新: L27.924513 -> physical_length=27.924513
2025-09-02 15:08:30.025 | INFO     | Pendulum.PendulumAPP:_processSerialData:121 - 🔄 数据来源: 串口接收 -> PendulumState.physical_length
2025-09-02 15:08:30.070 | INFO     | Pendulum.PendulumAPP:_processSerialData:120 - 📏 串口长度数据已更新: L27.924513 -> physical_length=27.924513
2025-09-02 15:08:30.073 | INFO     | Pendulum.PendulumAPP:_processSerialData:121 - 🔄 数据来源: 串口接收 -> PendulumState.physical_length
2025-09-02 15:08:30.116 | INFO     | Pendulum.PendulumAPP:_processSerialData:120 - 📏 串口长度数据已更新: L27.924513 -> physical_length=27.924513
2025-09-02 15:08:30.117 | INFO     | Pendulum.PendulumAPP:_processSerialData:121 - 🔄 数据来源: 串口接收 -> PendulumState.physical_length
2025-09-02 15:08:30.162 | INFO     | Pendulum.PendulumAPP:_processSerialData:120 - 📏 串口长度数据已更新: L27.924513 -> physical_length=27.924513
2025-09-02 15:08:30.164 | INFO     | Pendulum.PendulumAPP:_processSerialData:121 - 🔄 数据来源: 串口接收 -> PendulumState.physical_length
2025-09-02 15:08:30.209 | INFO     | Pendulum.PendulumAPP:_processSerialData:120 - 📏 串口长度数据已更新: L27.924513 -> physical_length=27.924513
2025-09-02 15:08:30.211 | INFO     | Pendulum.PendulumAPP:_processSerialData:121 - 🔄 数据来源: 串口接收 -> PendulumState.physical_length
2025-09-02 15:08:30.256 | INFO     | Pendulum.PendulumAPP:_processSerialData:120 - 📏 串口长度数据已更新: L27.924513 -> physical_length=27.924513
2025-09-02 15:08:30.257 | INFO     | Pendulum.PendulumAPP:_processSerialData:121 - 🔄 数据来源: 串口接收 -> PendulumState.physical_length
2025-09-02 15:08:30.303 | INFO     | Pendulum.PendulumAPP:_processSerialData:120 - 📏 串口长度数据已更新: L27.924513 -> physical_length=27.924513
2025-09-02 15:08:30.304 | INFO     | Pendulum.PendulumAPP:_processSerialData:121 - 🔄 数据来源: 串口接收 -> PendulumState.physical_length
2025-09-02 15:08:30.348 | INFO     | Pendulum.PendulumAPP:_processSerialData:120 - 📏 串口长度数据已更新: L27.924513 -> physical_length=27.924513
2025-09-02 15:08:30.350 | INFO     | Pendulum.PendulumAPP:_processSerialData:121 - 🔄 数据来源: 串口接收 -> PendulumState.physical_length
2025-09-02 15:08:30.394 | INFO     | Pendulum.PendulumAPP:_processSerialData:120 - 📏 串口长度数据已更新: L27.924513 -> physical_length=27.924513
2025-09-02 15:08:30.397 | INFO     | Pendulum.PendulumAPP:_processSerialData:121 - 🔄 数据来源: 串口接收 -> PendulumState.physical_length
2025-09-02 15:08:30.440 | INFO     | Pendulum.PendulumAPP:_processSerialData:120 - 📏 串口长度数据已更新: L27.924513 -> physical_length=27.924513
2025-09-02 15:08:30.442 | INFO     | Pendulum.PendulumAPP:_processSerialData:121 - 🔄 数据来源: 串口接收 -> PendulumState.physical_length
2025-09-02 15:08:30.486 | INFO     | Pendulum.PendulumAPP:_processSerialData:120 - 📏 串口长度数据已更新: L27.924513 -> physical_length=27.924513
2025-09-02 15:08:30.487 | INFO     | Pendulum.PendulumAPP:_processSerialData:121 - 🔄 数据来源: 串口接收 -> PendulumState.physical_length
2025-09-02 15:08:30.532 | INFO     | Pendulum.PendulumAPP:_processSerialData:120 - 📏 串口长度数据已更新: L27.924513 -> physical_length=27.924513
2025-09-02 15:08:30.533 | INFO     | Pendulum.PendulumAPP:_processSerialData:121 - 🔄 数据来源: 串口接收 -> PendulumState.physical_length
2025-09-02 15:08:30.579 | INFO     | Pendulum.PendulumAPP:_processSerialData:120 - 📏 串口长度数据已更新: L27.924513 -> physical_length=27.924513
2025-09-02 15:08:30.580 | INFO     | Pendulum.PendulumAPP:_processSerialData:121 - 🔄 数据来源: 串口接收 -> PendulumState.physical_length
2025-09-02 15:08:30.626 | INFO     | Pendulum.PendulumAPP:_processSerialData:120 - 📏 串口长度数据已更新: L27.924513 -> physical_length=27.924513
2025-09-02 15:08:30.627 | INFO     | Pendulum.PendulumAPP:_processSerialData:121 - 🔄 数据来源: 串口接收 -> PendulumState.physical_length
2025-09-02 15:08:30.673 | INFO     | Pendulum.PendulumAPP:_processSerialData:120 - 📏 串口长度数据已更新: L27.924513 -> physical_length=27.924513
2025-09-02 15:08:30.674 | INFO     | Pendulum.PendulumAPP:_processSerialData:121 - 🔄 数据来源: 串口接收 -> PendulumState.physical_length
2025-09-02 15:08:30.720 | INFO     | Pendulum.PendulumAPP:_processSerialData:120 - 📏 串口长度数据已更新: L27.924513 -> physical_length=27.924513
2025-09-02 15:08:30.724 | INFO     | Pendulum.PendulumAPP:_processSerialData:121 - 🔄 数据来源: 串口接收 -> PendulumState.physical_length
2025-09-02 15:08:30.766 | INFO     | Pendulum.PendulumAPP:_processSerialData:120 - 📏 串口长度数据已更新: L27.924513 -> physical_length=27.924513
2025-09-02 15:08:30.767 | INFO     | Pendulum.PendulumAPP:_processSerialData:121 - 🔄 数据来源: 串口接收 -> PendulumState.physical_length
2025-09-02 15:08:30.813 | INFO     | Pendulum.PendulumAPP:_processSerialData:120 - 📏 串口长度数据已更新: L27.924513 -> physical_length=27.924513
2025-09-02 15:08:30.816 | INFO     | Pendulum.PendulumAPP:_processSerialData:121 - 🔄 数据来源: 串口接收 -> PendulumState.physical_length
2025-09-02 15:08:30.860 | INFO     | Pendulum.PendulumAPP:_processSerialData:120 - 📏 串口长度数据已更新: L27.924513 -> physical_length=27.924513
2025-09-02 15:08:30.863 | INFO     | Pendulum.PendulumAPP:_processSerialData:121 - 🔄 数据来源: 串口接收 -> PendulumState.physical_length
2025-09-02 15:08:30.906 | INFO     | Pendulum.PendulumAPP:_processSerialData:120 - 📏 串口长度数据已更新: L27.924513 -> physical_length=27.924513
2025-09-02 15:08:30.907 | INFO     | Pendulum.PendulumAPP:_processSerialData:121 - 🔄 数据来源: 串口接收 -> PendulumState.physical_length
2025-09-02 15:08:30.954 | INFO     | Pendulum.PendulumAPP:_processSerialData:120 - 📏 串口长度数据已更新: L27.924513 -> physical_length=27.924513
2025-09-02 15:08:30.955 | INFO     | Pendulum.PendulumAPP:_processSerialData:121 - 🔄 数据来源: 串口接收 -> PendulumState.physical_length
2025-09-02 15:08:31.000 | INFO     | Pendulum.PendulumAPP:_processSerialData:120 - 📏 串口长度数据已更新: L27.924513 -> physical_length=27.924513
2025-09-02 15:08:31.003 | INFO     | Pendulum.PendulumAPP:_processSerialData:121 - 🔄 数据来源: 串口接收 -> PendulumState.physical_length
2025-09-02 15:08:31.046 | INFO     | Pendulum.PendulumAPP:_processSerialData:120 - 📏 串口长度数据已更新: L27.924513 -> physical_length=27.924513
2025-09-02 15:08:31.046 | INFO     | Pendulum.PendulumAPP:_processSerialData:121 - 🔄 数据来源: 串口接收 -> PendulumState.physical_length
2025-09-02 15:08:31.092 | INFO     | Pendulum.PendulumAPP:_processSerialData:120 - 📏 串口长度数据已更新: L27.924513 -> physical_length=27.924513
2025-09-02 15:08:31.094 | INFO     | Pendulum.PendulumAPP:_processSerialData:121 - 🔄 数据来源: 串口接收 -> PendulumState.physical_length
2025-09-02 15:08:31.138 | INFO     | Pendulum.PendulumAPP:_processSerialData:120 - 📏 串口长度数据已更新: L27.924513 -> physical_length=27.924513
2025-09-02 15:08:31.139 | INFO     | Pendulum.PendulumAPP:_processSerialData:121 - 🔄 数据来源: 串口接收 -> PendulumState.physical_length
2025-09-02 15:08:31.186 | INFO     | Pendulum.PendulumAPP:_processSerialData:120 - 📏 串口长度数据已更新: L27.924513 -> physical_length=27.924513
2025-09-02 15:08:31.187 | INFO     | Pendulum.PendulumAPP:_processSerialData:121 - 🔄 数据来源: 串口接收 -> PendulumState.physical_length
2025-09-02 15:08:31.232 | INFO     | Pendulum.PendulumAPP:_processSerialData:120 - 📏 串口长度数据已更新: L27.924513 -> physical_length=27.924513
2025-09-02 15:08:31.233 | INFO     | Pendulum.PendulumAPP:_processSerialData:121 - 🔄 数据来源: 串口接收 -> PendulumState.physical_length
2025-09-02 15:08:31.279 | INFO     | Pendulum.PendulumAPP:_processSerialData:120 - 📏 串口长度数据已更新: L27.924513 -> physical_length=27.924513
2025-09-02 15:08:31.280 | INFO     | Pendulum.PendulumAPP:_processSerialData:121 - 🔄 数据来源: 串口接收 -> PendulumState.physical_length
2025-09-02 15:08:31.325 | INFO     | Pendulum.PendulumAPP:_processSerialData:120 - 📏 串口长度数据已更新: L27.924513 -> physical_length=27.924513
2025-09-02 15:08:31.326 | INFO     | Pendulum.PendulumAPP:_processSerialData:121 - 🔄 数据来源: 串口接收 -> PendulumState.physical_length
2025-09-02 15:08:31.371 | INFO     | Pendulum.PendulumAPP:_processSerialData:120 - 📏 串口长度数据已更新: L27.924513 -> physical_length=27.924513
2025-09-02 15:08:31.375 | INFO     | Pendulum.PendulumAPP:_processSerialData:121 - 🔄 数据来源: 串口接收 -> PendulumState.physical_length
2025-09-02 15:08:31.418 | INFO     | Pendulum.PendulumAPP:_processSerialData:120 - 📏 串口长度数据已更新: L27.924513 -> physical_length=27.924513
2025-09-02 15:08:31.419 | INFO     | Pendulum.PendulumAPP:_processSerialData:121 - 🔄 数据来源: 串口接收 -> PendulumState.physical_length
2025-09-02 15:08:31.464 | INFO     | Pendulum.PendulumAPP:_processSerialData:120 - 📏 串口长度数据已更新: L27.924513 -> physical_length=27.924513
2025-09-02 15:08:31.465 | INFO     | Pendulum.PendulumAPP:_processSerialData:121 - 🔄 数据来源: 串口接收 -> PendulumState.physical_length
2025-09-02 15:08:31.511 | INFO     | Pendulum.PendulumAPP:_processSerialData:120 - 📏 串口长度数据已更新: L27.924513 -> physical_length=27.924513
2025-09-02 15:08:31.512 | INFO     | Pendulum.PendulumAPP:_processSerialData:121 - 🔄 数据来源: 串口接收 -> PendulumState.physical_length
2025-09-02 15:08:31.559 | INFO     | Pendulum.PendulumAPP:_processSerialData:120 - 📏 串口长度数据已更新: L27.924513 -> physical_length=27.924513
2025-09-02 15:08:31.562 | INFO     | Pendulum.PendulumAPP:_processSerialData:121 - 🔄 数据来源: 串口接收 -> PendulumState.physical_length
2025-09-02 15:08:31.605 | INFO     | Pendulum.PendulumAPP:_processSerialData:120 - 📏 串口长度数据已更新: L27.924513 -> physical_length=27.924513
2025-09-02 15:08:31.606 | INFO     | Pendulum.PendulumAPP:_processSerialData:121 - 🔄 数据来源: 串口接收 -> PendulumState.physical_length
2025-09-02 15:08:31.652 | INFO     | Pendulum.PendulumAPP:_processSerialData:120 - 📏 串口长度数据已更新: L27.924513 -> physical_length=27.924513
2025-09-02 15:08:31.654 | INFO     | Pendulum.PendulumAPP:_processSerialData:121 - 🔄 数据来源: 串口接收 -> PendulumState.physical_length
2025-09-02 15:08:31.698 | INFO     | Pendulum.PendulumAPP:_processSerialData:120 - 📏 串口长度数据已更新: L27.924513 -> physical_length=27.924513
2025-09-02 15:08:31.699 | INFO     | Pendulum.PendulumAPP:_processSerialData:121 - 🔄 数据来源: 串口接收 -> PendulumState.physical_length
2025-09-02 15:08:31.744 | INFO     | Pendulum.PendulumAPP:_processSerialData:120 - 📏 串口长度数据已更新: L27.924513 -> physical_length=27.924513
2025-09-02 15:08:31.746 | INFO     | Pendulum.PendulumAPP:_processSerialData:121 - 🔄 数据来源: 串口接收 -> PendulumState.physical_length
2025-09-02 15:08:31.789 | INFO     | Pendulum.PendulumAPP:_processSerialData:120 - 📏 串口长度数据已更新: L27.924513 -> physical_length=27.924513
2025-09-02 15:08:31.791 | INFO     | Pendulum.PendulumAPP:_processSerialData:121 - 🔄 数据来源: 串口接收 -> PendulumState.physical_length
2025-09-02 15:08:31.836 | INFO     | Pendulum.PendulumAPP:_processSerialData:120 - 📏 串口长度数据已更新: L27.924513 -> physical_length=27.924513
2025-09-02 15:08:31.837 | INFO     | Pendulum.PendulumAPP:_processSerialData:121 - 🔄 数据来源: 串口接收 -> PendulumState.physical_length
2025-09-02 15:08:31.882 | INFO     | Pendulum.PendulumAPP:_processSerialData:120 - 📏 串口长度数据已更新: L27.924513 -> physical_length=27.924513
2025-09-02 15:08:31.884 | INFO     | Pendulum.PendulumAPP:_processSerialData:121 - 🔄 数据来源: 串口接收 -> PendulumState.physical_length
2025-09-02 15:08:31.928 | INFO     | Pendulum.PendulumAPP:_processSerialData:120 - 📏 串口长度数据已更新: L27.924513 -> physical_length=27.924513
2025-09-02 15:08:31.930 | INFO     | Pendulum.PendulumAPP:_processSerialData:121 - 🔄 数据来源: 串口接收 -> PendulumState.physical_length
2025-09-02 15:08:31.975 | INFO     | Pendulum.PendulumAPP:_processSerialData:120 - 📏 串口长度数据已更新: L27.924513 -> physical_length=27.924513
2025-09-02 15:08:31.977 | INFO     | Pendulum.PendulumAPP:_processSerialData:121 - 🔄 数据来源: 串口接收 -> PendulumState.physical_length
2025-09-02 15:08:32.025 | INFO     | Pendulum.PendulumAPP:_processSerialData:120 - 📏 串口长度数据已更新: L27.924513 -> physical_length=27.924513
2025-09-02 15:08:32.027 | INFO     | Pendulum.PendulumAPP:_processSerialData:121 - 🔄 数据来源: 串口接收 -> PendulumState.physical_length
2025-09-02 15:08:32.073 | INFO     | Pendulum.PendulumAPP:_processSerialData:120 - 📏 串口长度数据已更新: L27.924513 -> physical_length=27.924513
2025-09-02 15:08:32.074 | INFO     | Pendulum.PendulumAPP:_processSerialData:121 - 🔄 数据来源: 串口接收 -> PendulumState.physical_length
2025-09-02 15:08:32.119 | INFO     | Pendulum.PendulumAPP:_processSerialData:120 - 📏 串口长度数据已更新: L27.924513 -> physical_length=27.924513
2025-09-02 15:08:32.120 | INFO     | Pendulum.PendulumAPP:_processSerialData:121 - 🔄 数据来源: 串口接收 -> PendulumState.physical_length
2025-09-02 15:08:32.164 | INFO     | Pendulum.PendulumAPP:_processSerialData:120 - 📏 串口长度数据已更新: L27.924513 -> physical_length=27.924513
2025-09-02 15:08:32.165 | INFO     | Pendulum.PendulumAPP:_processSerialData:121 - 🔄 数据来源: 串口接收 -> PendulumState.physical_length
2025-09-02 15:08:32.211 | INFO     | Pendulum.PendulumAPP:_processSerialData:120 - 📏 串口长度数据已更新: L27.924513 -> physical_length=27.924513
2025-09-02 15:08:32.212 | INFO     | Pendulum.PendulumAPP:_processSerialData:121 - 🔄 数据来源: 串口接收 -> PendulumState.physical_length
2025-09-02 15:08:32.257 | INFO     | Pendulum.PendulumAPP:_processSerialData:120 - 📏 串口长度数据已更新: L27.924513 -> physical_length=27.924513
2025-09-02 15:08:32.259 | INFO     | Pendulum.PendulumAPP:_processSerialData:121 - 🔄 数据来源: 串口接收 -> PendulumState.physical_length
2025-09-02 15:08:32.304 | INFO     | Pendulum.PendulumAPP:_processSerialData:120 - 📏 串口长度数据已更新: L27.924513 -> physical_length=27.924513
2025-09-02 15:08:32.305 | INFO     | Pendulum.PendulumAPP:_processSerialData:121 - 🔄 数据来源: 串口接收 -> PendulumState.physical_length
2025-09-02 15:08:32.352 | INFO     | Pendulum.PendulumAPP:_processSerialData:120 - 📏 串口长度数据已更新: L27.924513 -> physical_length=27.924513
2025-09-02 15:08:32.353 | INFO     | Pendulum.PendulumAPP:_processSerialData:121 - 🔄 数据来源: 串口接收 -> PendulumState.physical_length
2025-09-02 15:08:32.399 | INFO     | Pendulum.PendulumAPP:_processSerialData:120 - 📏 串口长度数据已更新: L27.924513 -> physical_length=27.924513
2025-09-02 15:08:32.401 | INFO     | Pendulum.PendulumAPP:_processSerialData:121 - 🔄 数据来源: 串口接收 -> PendulumState.physical_length
2025-09-02 15:08:32.444 | INFO     | Pendulum.PendulumAPP:_processSerialData:120 - 📏 串口长度数据已更新: L27.924513 -> physical_length=27.924513
2025-09-02 15:08:32.447 | INFO     | Pendulum.PendulumAPP:_processSerialData:121 - 🔄 数据来源: 串口接收 -> PendulumState.physical_length
2025-09-02 15:08:32.491 | INFO     | Pendulum.PendulumAPP:_processSerialData:120 - 📏 串口长度数据已更新: L27.924513 -> physical_length=27.924513
2025-09-02 15:08:32.491 | INFO     | Pendulum.PendulumAPP:_processSerialData:121 - 🔄 数据来源: 串口接收 -> PendulumState.physical_length
2025-09-02 15:08:32.540 | INFO     | Pendulum.PendulumAPP:_processSerialData:120 - 📏 串口长度数据已更新: L27.924513 -> physical_length=27.924513
2025-09-02 15:08:32.543 | INFO     | Pendulum.PendulumAPP:_processSerialData:121 - 🔄 数据来源: 串口接收 -> PendulumState.physical_length
2025-09-02 15:08:32.587 | INFO     | Pendulum.PendulumAPP:_processSerialData:120 - 📏 串口长度数据已更新: L27.924513 -> physical_length=27.924513
2025-09-02 15:08:32.590 | INFO     | Pendulum.PendulumAPP:_processSerialData:121 - 🔄 数据来源: 串口接收 -> PendulumState.physical_length
2025-09-02 15:08:32.632 | INFO     | Pendulum.PendulumAPP:_processSerialData:120 - 📏 串口长度数据已更新: L27.924513 -> physical_length=27.924513
2025-09-02 15:08:32.633 | INFO     | Pendulum.PendulumAPP:_processSerialData:121 - 🔄 数据来源: 串口接收 -> PendulumState.physical_length
2025-09-02 15:08:32.680 | INFO     | Pendulum.PendulumAPP:_processSerialData:120 - 📏 串口长度数据已更新: L27.924513 -> physical_length=27.924513
2025-09-02 15:08:32.687 | INFO     | Pendulum.PendulumAPP:_processSerialData:121 - 🔄 数据来源: 串口接收 -> PendulumState.physical_length
2025-09-02 15:08:32.728 | INFO     | Pendulum.PendulumAPP:_processSerialData:120 - 📏 串口长度数据已更新: L27.924513 -> physical_length=27.924513
2025-09-02 15:08:32.729 | INFO     | Pendulum.PendulumAPP:_processSerialData:121 - 🔄 数据来源: 串口接收 -> PendulumState.physical_length
2025-09-02 15:08:32.774 | INFO     | Pendulum.PendulumAPP:_processSerialData:120 - 📏 串口长度数据已更新: L27.924513 -> physical_length=27.924513
2025-09-02 15:08:32.775 | INFO     | Pendulum.PendulumAPP:_processSerialData:121 - 🔄 数据来源: 串口接收 -> PendulumState.physical_length
2025-09-02 15:08:32.820 | INFO     | Pendulum.PendulumAPP:_processSerialData:120 - 📏 串口长度数据已更新: L27.924513 -> physical_length=27.924513
2025-09-02 15:08:32.821 | INFO     | Pendulum.PendulumAPP:_processSerialData:121 - 🔄 数据来源: 串口接收 -> PendulumState.physical_length
2025-09-02 15:08:32.866 | INFO     | Pendulum.PendulumAPP:_processSerialData:120 - 📏 串口长度数据已更新: L27.924513 -> physical_length=27.924513
2025-09-02 15:08:32.867 | INFO     | Pendulum.PendulumAPP:_processSerialData:121 - 🔄 数据来源: 串口接收 -> PendulumState.physical_length
2025-09-02 15:08:32.913 | INFO     | Pendulum.PendulumAPP:_processSerialData:120 - 📏 串口长度数据已更新: L27.924513 -> physical_length=27.924513
2025-09-02 15:08:32.914 | INFO     | Pendulum.PendulumAPP:_processSerialData:121 - 🔄 数据来源: 串口接收 -> PendulumState.physical_length
2025-09-02 15:08:32.960 | INFO     | Pendulum.PendulumAPP:_processSerialData:120 - 📏 串口长度数据已更新: L27.924513 -> physical_length=27.924513
2025-09-02 15:08:32.961 | INFO     | Pendulum.PendulumAPP:_processSerialData:121 - 🔄 数据来源: 串口接收 -> PendulumState.physical_length
2025-09-02 15:08:33.008 | INFO     | Pendulum.PendulumAPP:_processSerialData:120 - 📏 串口长度数据已更新: L27.924513 -> physical_length=27.924513
2025-09-02 15:08:33.010 | INFO     | Pendulum.PendulumAPP:_processSerialData:121 - 🔄 数据来源: 串口接收 -> PendulumState.physical_length
2025-09-02 15:08:33.055 | INFO     | Pendulum.PendulumAPP:_processSerialData:120 - 📏 串口长度数据已更新: L27.924513 -> physical_length=27.924513
2025-09-02 15:08:33.058 | INFO     | Pendulum.PendulumAPP:_processSerialData:121 - 🔄 数据来源: 串口接收 -> PendulumState.physical_length
2025-09-02 15:08:33.102 | INFO     | Pendulum.PendulumAPP:_processSerialData:120 - 📏 串口长度数据已更新: L27.924513 -> physical_length=27.924513
2025-09-02 15:08:33.102 | INFO     | Pendulum.PendulumAPP:_processSerialData:121 - 🔄 数据来源: 串口接收 -> PendulumState.physical_length
2025-09-02 15:08:33.147 | INFO     | Pendulum.PendulumAPP:_processSerialData:120 - 📏 串口长度数据已更新: L27.924513 -> physical_length=27.924513
2025-09-02 15:08:33.149 | INFO     | Pendulum.PendulumAPP:_processSerialData:121 - 🔄 数据来源: 串口接收 -> PendulumState.physical_length
2025-09-02 15:08:33.192 | INFO     | Pendulum.PendulumAPP:_processSerialData:120 - 📏 串口长度数据已更新: L27.924513 -> physical_length=27.924513
2025-09-02 15:08:33.193 | INFO     | Pendulum.PendulumAPP:_processSerialData:121 - 🔄 数据来源: 串口接收 -> PendulumState.physical_length
2025-09-02 15:08:33.238 | INFO     | Pendulum.PendulumAPP:_processSerialData:120 - 📏 串口长度数据已更新: L27.924513 -> physical_length=27.924513
2025-09-02 15:08:33.239 | INFO     | Pendulum.PendulumAPP:_processSerialData:121 - 🔄 数据来源: 串口接收 -> PendulumState.physical_length
2025-09-02 15:08:33.285 | INFO     | Pendulum.PendulumAPP:_processSerialData:120 - 📏 串口长度数据已更新: L27.924513 -> physical_length=27.924513
2025-09-02 15:08:33.286 | INFO     | Pendulum.PendulumAPP:_processSerialData:121 - 🔄 数据来源: 串口接收 -> PendulumState.physical_length
2025-09-02 15:08:33.332 | INFO     | Pendulum.PendulumAPP:_processSerialData:120 - 📏 串口长度数据已更新: L27.924513 -> physical_length=27.924513
2025-09-02 15:08:33.334 | INFO     | Pendulum.PendulumAPP:_processSerialData:121 - 🔄 数据来源: 串口接收 -> PendulumState.physical_length
2025-09-02 15:08:33.377 | INFO     | Pendulum.PendulumAPP:_processSerialData:120 - 📏 串口长度数据已更新: L27.924513 -> physical_length=27.924513
2025-09-02 15:08:33.377 | INFO     | Pendulum.PendulumAPP:_processSerialData:121 - 🔄 数据来源: 串口接收 -> PendulumState.physical_length
2025-09-02 15:08:33.422 | INFO     | Pendulum.PendulumAPP:_processSerialData:120 - 📏 串口长度数据已更新: L27.924513 -> physical_length=27.924513
2025-09-02 15:08:33.423 | INFO     | Pendulum.PendulumAPP:_processSerialData:121 - 🔄 数据来源: 串口接收 -> PendulumState.physical_length
2025-09-02 15:08:33.469 | INFO     | Pendulum.PendulumAPP:_processSerialData:120 - 📏 串口长度数据已更新: L27.924513 -> physical_length=27.924513
2025-09-02 15:08:33.472 | INFO     | Pendulum.PendulumAPP:_processSerialData:121 - 🔄 数据来源: 串口接收 -> PendulumState.physical_length
2025-09-02 15:08:33.515 | INFO     | Pendulum.PendulumAPP:_processSerialData:120 - 📏 串口长度数据已更新: L27.924513 -> physical_length=27.924513
2025-09-02 15:08:33.516 | INFO     | Pendulum.PendulumAPP:_processSerialData:121 - 🔄 数据来源: 串口接收 -> PendulumState.physical_length
2025-09-02 15:08:33.563 | INFO     | Pendulum.PendulumAPP:_processSerialData:120 - 📏 串口长度数据已更新: L27.924513 -> physical_length=27.924513
2025-09-02 15:08:33.566 | INFO     | Pendulum.PendulumAPP:_processSerialData:121 - 🔄 数据来源: 串口接收 -> PendulumState.physical_length
2025-09-02 15:08:33.610 | INFO     | Pendulum.PendulumAPP:_processSerialData:120 - 📏 串口长度数据已更新: L27.924513 -> physical_length=27.924513
2025-09-02 15:08:33.611 | INFO     | Pendulum.PendulumAPP:_processSerialData:121 - 🔄 数据来源: 串口接收 -> PendulumState.physical_length
2025-09-02 15:08:33.671 | INFO     | Pendulum.PendulumAPP:_processSerialData:120 - 📏 串口长度数据已更新: L27.924513 -> physical_length=27.924513
2025-09-02 15:08:33.672 | INFO     | Pendulum.PendulumAPP:_processSerialData:121 - 🔄 数据来源: 串口接收 -> PendulumState.physical_length
2025-09-02 15:08:33.718 | INFO     | Pendulum.PendulumAPP:_processSerialData:120 - 📏 串口长度数据已更新: L27.924513 -> physical_length=27.924513
2025-09-02 15:08:33.720 | INFO     | Pendulum.PendulumAPP:_processSerialData:121 - 🔄 数据来源: 串口接收 -> PendulumState.physical_length
2025-09-02 15:08:33.765 | INFO     | Pendulum.PendulumAPP:_processSerialData:120 - 📏 串口长度数据已更新: L27.924513 -> physical_length=27.924513
2025-09-02 15:08:33.766 | INFO     | Pendulum.PendulumAPP:_processSerialData:121 - 🔄 数据来源: 串口接收 -> PendulumState.physical_length
2025-09-02 15:08:33.813 | INFO     | Pendulum.PendulumAPP:_processSerialData:120 - 📏 串口长度数据已更新: L27.924513 -> physical_length=27.924513
2025-09-02 15:08:33.814 | INFO     | Pendulum.PendulumAPP:_processSerialData:121 - 🔄 数据来源: 串口接收 -> PendulumState.physical_length
2025-09-02 15:08:33.859 | INFO     | Pendulum.PendulumAPP:_processSerialData:120 - 📏 串口长度数据已更新: L27.924513 -> physical_length=27.924513
2025-09-02 15:08:33.860 | INFO     | Pendulum.PendulumAPP:_processSerialData:121 - 🔄 数据来源: 串口接收 -> PendulumState.physical_length
2025-09-02 15:08:33.906 | INFO     | Pendulum.PendulumAPP:_processSerialData:120 - 📏 串口长度数据已更新: L27.924513 -> physical_length=27.924513
2025-09-02 15:08:33.907 | INFO     | Pendulum.PendulumAPP:_processSerialData:121 - 🔄 数据来源: 串口接收 -> PendulumState.physical_length
2025-09-02 15:08:33.952 | INFO     | Pendulum.PendulumAPP:_processSerialData:120 - 📏 串口长度数据已更新: L27.924513 -> physical_length=27.924513
2025-09-02 15:08:33.953 | INFO     | Pendulum.PendulumAPP:_processSerialData:121 - 🔄 数据来源: 串口接收 -> PendulumState.physical_length
2025-09-02 15:08:33.998 | INFO     | Pendulum.PendulumAPP:_processSerialData:120 - 📏 串口长度数据已更新: L27.924513 -> physical_length=27.924513
2025-09-02 15:08:33.999 | INFO     | Pendulum.PendulumAPP:_processSerialData:121 - 🔄 数据来源: 串口接收 -> PendulumState.physical_length
2025-09-02 15:08:34.049 | INFO     | Pendulum.PendulumAPP:_keyEventWeb:271 - u1
2025-09-02 15:08:34.052 | INFO     | Pendulum.SerialConncet:send:199 - sendu1
2025-09-02 15:08:34.054 | INFO     | Pendulum.SerialConncet:send:201 - [发送] u1
2025-09-02 15:08:34.060 | INFO     | Pendulum.PendulumAPP:_processSerialData:120 - 📏 串口长度数据已更新: L27.924513 -> physical_length=27.924513
2025-09-02 15:08:34.063 | INFO     | Pendulum.PendulumAPP:_processSerialData:121 - 🔄 数据来源: 串口接收 -> PendulumState.physical_length
2025-09-02 15:08:34.108 | INFO     | Pendulum.PendulumAPP:_processSerialData:120 - 📏 串口长度数据已更新: L27.924513 -> physical_length=27.924513
2025-09-02 15:08:34.110 | INFO     | Pendulum.PendulumAPP:_processSerialData:121 - 🔄 数据来源: 串口接收 -> PendulumState.physical_length
2025-09-02 15:08:34.155 | INFO     | Pendulum.PendulumAPP:_processSerialData:120 - 📏 串口长度数据已更新: L27.924513 -> physical_length=27.924513
2025-09-02 15:08:34.160 | INFO     | Pendulum.PendulumAPP:_processSerialData:121 - 🔄 数据来源: 串口接收 -> PendulumState.physical_length
2025-09-02 15:08:34.201 | INFO     | Pendulum.PendulumAPP:_processSerialData:120 - 📏 串口长度数据已更新: L27.924513 -> physical_length=27.924513
2025-09-02 15:08:34.202 | INFO     | Pendulum.PendulumAPP:_processSerialData:121 - 🔄 数据来源: 串口接收 -> PendulumState.physical_length
2025-09-02 15:08:34.248 | INFO     | Pendulum.PendulumAPP:_processSerialData:120 - 📏 串口长度数据已更新: L27.924513 -> physical_length=27.924513
2025-09-02 15:08:34.252 | INFO     | Pendulum.PendulumAPP:_processSerialData:121 - 🔄 数据来源: 串口接收 -> PendulumState.physical_length
2025-09-02 15:08:34.295 | INFO     | Pendulum.PendulumAPP:_processSerialData:120 - 📏 串口长度数据已更新: L27.924513 -> physical_length=27.924513
2025-09-02 15:08:34.297 | INFO     | Pendulum.PendulumAPP:_processSerialData:121 - 🔄 数据来源: 串口接收 -> PendulumState.physical_length
2025-09-02 15:08:34.344 | INFO     | Pendulum.PendulumAPP:_processSerialData:120 - 📏 串口长度数据已更新: L27.924513 -> physical_length=27.924513
2025-09-02 15:08:34.345 | INFO     | Pendulum.PendulumAPP:_processSerialData:121 - 🔄 数据来源: 串口接收 -> PendulumState.physical_length
2025-09-02 15:08:34.389 | INFO     | Pendulum.PendulumAPP:_processSerialData:120 - 📏 串口长度数据已更新: L27.924513 -> physical_length=27.924513
2025-09-02 15:08:34.391 | INFO     | Pendulum.PendulumAPP:_processSerialData:121 - 🔄 数据来源: 串口接收 -> PendulumState.physical_length
2025-09-02 15:08:34.436 | INFO     | Pendulum.PendulumAPP:_processSerialData:120 - 📏 串口长度数据已更新: L27.924513 -> physical_length=27.924513
2025-09-02 15:08:34.436 | INFO     | Pendulum.PendulumAPP:_processSerialData:121 - 🔄 数据来源: 串口接收 -> PendulumState.physical_length
2025-09-02 15:08:34.482 | INFO     | Pendulum.PendulumAPP:_processSerialData:120 - 📏 串口长度数据已更新: L27.924513 -> physical_length=27.924513
2025-09-02 15:08:34.483 | INFO     | Pendulum.PendulumAPP:_processSerialData:121 - 🔄 数据来源: 串口接收 -> PendulumState.physical_length
2025-09-02 15:08:34.543 | INFO     | Pendulum.PendulumAPP:_processSerialData:120 - 📏 串口长度数据已更新: L27.924513 -> physical_length=27.924513
2025-09-02 15:08:34.546 | INFO     | Pendulum.PendulumAPP:_processSerialData:121 - 🔄 数据来源: 串口接收 -> PendulumState.physical_length
2025-09-02 15:08:34.592 | INFO     | Pendulum.PendulumAPP:_processSerialData:120 - 📏 串口长度数据已更新: L27.924513 -> physical_length=27.924513
2025-09-02 15:08:34.593 | INFO     | Pendulum.PendulumAPP:_processSerialData:121 - 🔄 数据来源: 串口接收 -> PendulumState.physical_length
2025-09-02 15:08:34.635 | INFO     | Pendulum.PendulumAPP:_processSerialData:120 - 📏 串口长度数据已更新: L27.924513 -> physical_length=27.924513
2025-09-02 15:08:34.638 | INFO     | Pendulum.PendulumAPP:_processSerialData:121 - 🔄 数据来源: 串口接收 -> PendulumState.physical_length
2025-09-02 15:08:34.682 | INFO     | Pendulum.PendulumAPP:_processSerialData:120 - 📏 串口长度数据已更新: L27.924513 -> physical_length=27.924513
2025-09-02 15:08:34.683 | INFO     | Pendulum.PendulumAPP:_processSerialData:121 - 🔄 数据来源: 串口接收 -> PendulumState.physical_length
2025-09-02 15:08:34.728 | INFO     | Pendulum.PendulumAPP:_processSerialData:120 - 📏 串口长度数据已更新: L27.924513 -> physical_length=27.924513
2025-09-02 15:08:34.730 | INFO     | Pendulum.PendulumAPP:_processSerialData:121 - 🔄 数据来源: 串口接收 -> PendulumState.physical_length
2025-09-02 15:08:34.775 | INFO     | Pendulum.PendulumAPP:_processSerialData:120 - 📏 串口长度数据已更新: L27.924513 -> physical_length=27.924513
2025-09-02 15:08:34.778 | INFO     | Pendulum.PendulumAPP:_processSerialData:121 - 🔄 数据来源: 串口接收 -> PendulumState.physical_length
2025-09-02 15:08:34.821 | INFO     | Pendulum.PendulumAPP:_processSerialData:120 - 📏 串口长度数据已更新: L27.924513 -> physical_length=27.924513
2025-09-02 15:08:34.822 | INFO     | Pendulum.PendulumAPP:_processSerialData:121 - 🔄 数据来源: 串口接收 -> PendulumState.physical_length
2025-09-02 15:08:34.868 | INFO     | Pendulum.PendulumAPP:_processSerialData:120 - 📏 串口长度数据已更新: L27.924513 -> physical_length=27.924513
2025-09-02 15:08:34.868 | INFO     | Pendulum.PendulumAPP:_processSerialData:121 - 🔄 数据来源: 串口接收 -> PendulumState.physical_length
2025-09-02 15:08:34.916 | INFO     | Pendulum.PendulumAPP:_processSerialData:120 - 📏 串口长度数据已更新: L27.924513 -> physical_length=27.924513
2025-09-02 15:08:34.917 | INFO     | Pendulum.PendulumAPP:_processSerialData:121 - 🔄 数据来源: 串口接收 -> PendulumState.physical_length
2025-09-02 15:08:34.963 | INFO     | Pendulum.PendulumAPP:_processSerialData:120 - 📏 串口长度数据已更新: L27.924513 -> physical_length=27.924513
2025-09-02 15:08:34.963 | INFO     | Pendulum.PendulumAPP:_processSerialData:121 - 🔄 数据来源: 串口接收 -> PendulumState.physical_length
2025-09-02 15:08:35.009 | INFO     | Pendulum.PendulumAPP:_processSerialData:120 - 📏 串口长度数据已更新: L27.924513 -> physical_length=27.924513
2025-09-02 15:08:35.013 | INFO     | Pendulum.PendulumAPP:_processSerialData:121 - 🔄 数据来源: 串口接收 -> PendulumState.physical_length
2025-09-02 15:08:35.057 | INFO     | Pendulum.PendulumAPP:_processSerialData:120 - 📏 串口长度数据已更新: L27.924513 -> physical_length=27.924513
2025-09-02 15:08:35.058 | INFO     | Pendulum.PendulumAPP:_processSerialData:121 - 🔄 数据来源: 串口接收 -> PendulumState.physical_length
2025-09-02 15:08:35.105 | INFO     | Pendulum.PendulumAPP:_processSerialData:120 - 📏 串口长度数据已更新: L27.924513 -> physical_length=27.924513
2025-09-02 15:08:35.106 | INFO     | Pendulum.PendulumAPP:_processSerialData:121 - 🔄 数据来源: 串口接收 -> PendulumState.physical_length
2025-09-02 15:08:35.149 | INFO     | Pendulum.PendulumAPP:_processSerialData:120 - 📏 串口长度数据已更新: L27.924513 -> physical_length=27.924513
2025-09-02 15:08:35.152 | INFO     | Pendulum.PendulumAPP:_processSerialData:121 - 🔄 数据来源: 串口接收 -> PendulumState.physical_length
2025-09-02 15:08:35.195 | INFO     | Pendulum.PendulumAPP:_processSerialData:120 - 📏 串口长度数据已更新: L27.924513 -> physical_length=27.924513
2025-09-02 15:08:35.196 | INFO     | Pendulum.PendulumAPP:_processSerialData:121 - 🔄 数据来源: 串口接收 -> PendulumState.physical_length
2025-09-02 15:08:35.244 | INFO     | Pendulum.PendulumAPP:_processSerialData:120 - 📏 串口长度数据已更新: L27.924513 -> physical_length=27.924513
2025-09-02 15:08:35.245 | INFO     | Pendulum.PendulumAPP:_processSerialData:121 - 🔄 数据来源: 串口接收 -> PendulumState.physical_length
2025-09-02 15:08:35.290 | INFO     | Pendulum.PendulumAPP:_processSerialData:120 - 📏 串口长度数据已更新: L27.924513 -> physical_length=27.924513
2025-09-02 15:08:35.291 | INFO     | Pendulum.PendulumAPP:_processSerialData:121 - 🔄 数据来源: 串口接收 -> PendulumState.physical_length
2025-09-02 15:08:35.339 | INFO     | Pendulum.PendulumAPP:_processSerialData:120 - 📏 串口长度数据已更新: L27.924513 -> physical_length=27.924513
2025-09-02 15:08:35.340 | INFO     | Pendulum.PendulumAPP:_processSerialData:121 - 🔄 数据来源: 串口接收 -> PendulumState.physical_length
2025-09-02 15:08:35.383 | INFO     | Pendulum.PendulumAPP:_processSerialData:120 - 📏 串口长度数据已更新: L27.924513 -> physical_length=27.924513
2025-09-02 15:08:35.384 | INFO     | Pendulum.PendulumAPP:_processSerialData:121 - 🔄 数据来源: 串口接收 -> PendulumState.physical_length
2025-09-02 15:08:35.429 | INFO     | Pendulum.PendulumAPP:_processSerialData:120 - 📏 串口长度数据已更新: L27.924513 -> physical_length=27.924513
2025-09-02 15:08:35.430 | INFO     | Pendulum.PendulumAPP:_processSerialData:121 - 🔄 数据来源: 串口接收 -> PendulumState.physical_length
2025-09-02 15:08:35.477 | INFO     | Pendulum.PendulumAPP:_processSerialData:120 - 📏 串口长度数据已更新: L27.924513 -> physical_length=27.924513
2025-09-02 15:08:35.478 | INFO     | Pendulum.PendulumAPP:_processSerialData:121 - 🔄 数据来源: 串口接收 -> PendulumState.physical_length
2025-09-02 15:08:35.524 | INFO     | Pendulum.PendulumAPP:_processSerialData:120 - 📏 串口长度数据已更新: L27.924513 -> physical_length=27.924513
2025-09-02 15:08:35.526 | INFO     | Pendulum.PendulumAPP:_processSerialData:121 - 🔄 数据来源: 串口接收 -> PendulumState.physical_length
2025-09-02 15:08:35.571 | INFO     | Pendulum.PendulumAPP:_processSerialData:120 - 📏 串口长度数据已更新: L27.924513 -> physical_length=27.924513
2025-09-02 15:08:35.572 | INFO     | Pendulum.PendulumAPP:_processSerialData:121 - 🔄 数据来源: 串口接收 -> PendulumState.physical_length
2025-09-02 15:08:35.618 | INFO     | Pendulum.PendulumAPP:_processSerialData:120 - 📏 串口长度数据已更新: L27.924513 -> physical_length=27.924513
2025-09-02 15:08:35.619 | INFO     | Pendulum.PendulumAPP:_processSerialData:121 - 🔄 数据来源: 串口接收 -> PendulumState.physical_length
2025-09-02 15:08:35.664 | INFO     | Pendulum.PendulumAPP:_processSerialData:120 - 📏 串口长度数据已更新: L27.924513 -> physical_length=27.924513
2025-09-02 15:08:35.665 | INFO     | Pendulum.PendulumAPP:_processSerialData:121 - 🔄 数据来源: 串口接收 -> PendulumState.physical_length
2025-09-02 15:08:35.710 | INFO     | Pendulum.PendulumAPP:_processSerialData:120 - 📏 串口长度数据已更新: L27.924513 -> physical_length=27.924513
2025-09-02 15:08:35.713 | INFO     | Pendulum.PendulumAPP:_processSerialData:121 - 🔄 数据来源: 串口接收 -> PendulumState.physical_length
2025-09-02 15:08:35.758 | INFO     | Pendulum.PendulumAPP:_processSerialData:120 - 📏 串口长度数据已更新: L27.924513 -> physical_length=27.924513
2025-09-02 15:08:35.760 | INFO     | Pendulum.PendulumAPP:_processSerialData:121 - 🔄 数据来源: 串口接收 -> PendulumState.physical_length
2025-09-02 15:08:35.804 | INFO     | Pendulum.PendulumAPP:_processSerialData:120 - 📏 串口长度数据已更新: L27.924513 -> physical_length=27.924513
2025-09-02 15:08:35.805 | INFO     | Pendulum.PendulumAPP:_processSerialData:121 - 🔄 数据来源: 串口接收 -> PendulumState.physical_length
2025-09-02 15:08:35.851 | INFO     | Pendulum.PendulumAPP:_processSerialData:120 - 📏 串口长度数据已更新: L27.924513 -> physical_length=27.924513
2025-09-02 15:08:35.852 | INFO     | Pendulum.PendulumAPP:_processSerialData:121 - 🔄 数据来源: 串口接收 -> PendulumState.physical_length
2025-09-02 15:08:35.898 | INFO     | Pendulum.PendulumAPP:_processSerialData:120 - 📏 串口长度数据已更新: L27.924513 -> physical_length=27.924513
2025-09-02 15:08:35.899 | INFO     | Pendulum.PendulumAPP:_processSerialData:121 - 🔄 数据来源: 串口接收 -> PendulumState.physical_length
2025-09-02 15:08:35.946 | INFO     | Pendulum.PendulumAPP:_processSerialData:120 - 📏 串口长度数据已更新: L27.924513 -> physical_length=27.924513
2025-09-02 15:08:35.950 | INFO     | Pendulum.PendulumAPP:_processSerialData:121 - 🔄 数据来源: 串口接收 -> PendulumState.physical_length
2025-09-02 15:08:35.991 | INFO     | Pendulum.PendulumAPP:_processSerialData:120 - 📏 串口长度数据已更新: L27.924513 -> physical_length=27.924513
2025-09-02 15:08:35.995 | INFO     | Pendulum.PendulumAPP:_processSerialData:121 - 🔄 数据来源: 串口接收 -> PendulumState.physical_length
2025-09-02 15:08:36.040 | INFO     | Pendulum.PendulumAPP:_processSerialData:120 - 📏 串口长度数据已更新: L27.924513 -> physical_length=27.924513
2025-09-02 15:08:36.043 | INFO     | Pendulum.PendulumAPP:_processSerialData:121 - 🔄 数据来源: 串口接收 -> PendulumState.physical_length
2025-09-02 15:08:36.086 | INFO     | Pendulum.PendulumAPP:_processSerialData:120 - 📏 串口长度数据已更新: L27.924513 -> physical_length=27.924513
2025-09-02 15:08:36.087 | INFO     | Pendulum.PendulumAPP:_processSerialData:121 - 🔄 数据来源: 串口接收 -> PendulumState.physical_length
2025-09-02 15:08:36.135 | INFO     | Pendulum.PendulumAPP:_processSerialData:120 - 📏 串口长度数据已更新: L27.924513 -> physical_length=27.924513
2025-09-02 15:08:36.136 | INFO     | Pendulum.PendulumAPP:_processSerialData:121 - 🔄 数据来源: 串口接收 -> PendulumState.physical_length
2025-09-02 15:08:36.181 | INFO     | Pendulum.PendulumAPP:_processSerialData:120 - 📏 串口长度数据已更新: L27.924513 -> physical_length=27.924513
2025-09-02 15:08:36.182 | INFO     | Pendulum.PendulumAPP:_processSerialData:121 - 🔄 数据来源: 串口接收 -> PendulumState.physical_length
2025-09-02 15:08:36.226 | INFO     | Pendulum.PendulumAPP:_processSerialData:120 - 📏 串口长度数据已更新: L27.924513 -> physical_length=27.924513
2025-09-02 15:08:36.228 | INFO     | Pendulum.PendulumAPP:_processSerialData:121 - 🔄 数据来源: 串口接收 -> PendulumState.physical_length
2025-09-02 15:08:36.273 | INFO     | Pendulum.PendulumAPP:_processSerialData:120 - 📏 串口长度数据已更新: L27.924513 -> physical_length=27.924513
2025-09-02 15:08:36.275 | INFO     | Pendulum.PendulumAPP:_processSerialData:121 - 🔄 数据来源: 串口接收 -> PendulumState.physical_length
2025-09-02 15:08:36.318 | INFO     | Pendulum.PendulumAPP:_processSerialData:120 - 📏 串口长度数据已更新: L27.924513 -> physical_length=27.924513
2025-09-02 15:08:36.319 | INFO     | Pendulum.PendulumAPP:_processSerialData:121 - 🔄 数据来源: 串口接收 -> PendulumState.physical_length
2025-09-02 15:08:36.368 | INFO     | Pendulum.PendulumAPP:_processSerialData:120 - 📏 串口长度数据已更新: L27.924513 -> physical_length=27.924513
2025-09-02 15:08:36.368 | INFO     | Pendulum.PendulumAPP:_processSerialData:121 - 🔄 数据来源: 串口接收 -> PendulumState.physical_length
2025-09-02 15:08:36.415 | INFO     | Pendulum.PendulumAPP:_processSerialData:120 - 📏 串口长度数据已更新: L27.924513 -> physical_length=27.924513
2025-09-02 15:08:36.417 | INFO     | Pendulum.PendulumAPP:_processSerialData:121 - 🔄 数据来源: 串口接收 -> PendulumState.physical_length
2025-09-02 15:08:36.462 | INFO     | Pendulum.PendulumAPP:_processSerialData:120 - 📏 串口长度数据已更新: L27.924513 -> physical_length=27.924513
2025-09-02 15:08:36.463 | INFO     | Pendulum.PendulumAPP:_processSerialData:121 - 🔄 数据来源: 串口接收 -> PendulumState.physical_length
2025-09-02 15:08:36.509 | INFO     | Pendulum.PendulumAPP:_processSerialData:120 - 📏 串口长度数据已更新: L27.924513 -> physical_length=27.924513
2025-09-02 15:08:36.513 | INFO     | Pendulum.PendulumAPP:_processSerialData:121 - 🔄 数据来源: 串口接收 -> PendulumState.physical_length
2025-09-02 15:08:36.555 | INFO     | Pendulum.PendulumAPP:_processSerialData:120 - 📏 串口长度数据已更新: L27.924513 -> physical_length=27.924513
2025-09-02 15:08:36.556 | INFO     | Pendulum.PendulumAPP:_processSerialData:121 - 🔄 数据来源: 串口接收 -> PendulumState.physical_length
2025-09-02 15:08:36.603 | INFO     | Pendulum.PendulumAPP:_processSerialData:120 - 📏 串口长度数据已更新: L27.924513 -> physical_length=27.924513
2025-09-02 15:08:36.606 | INFO     | Pendulum.PendulumAPP:_processSerialData:121 - 🔄 数据来源: 串口接收 -> PendulumState.physical_length
2025-09-02 15:08:36.650 | INFO     | Pendulum.PendulumAPP:_processSerialData:120 - 📏 串口长度数据已更新: L27.924513 -> physical_length=27.924513
2025-09-02 15:08:36.651 | INFO     | Pendulum.PendulumAPP:_processSerialData:121 - 🔄 数据来源: 串口接收 -> PendulumState.physical_length
2025-09-02 15:08:36.695 | INFO     | Pendulum.PendulumAPP:_processSerialData:120 - 📏 串口长度数据已更新: L27.924513 -> physical_length=27.924513
2025-09-02 15:08:36.696 | INFO     | Pendulum.PendulumAPP:_processSerialData:121 - 🔄 数据来源: 串口接收 -> PendulumState.physical_length
2025-09-02 15:08:36.744 | INFO     | Pendulum.PendulumAPP:_processSerialData:120 - 📏 串口长度数据已更新: L27.924513 -> physical_length=27.924513
2025-09-02 15:08:36.744 | INFO     | Pendulum.PendulumAPP:_processSerialData:121 - 🔄 数据来源: 串口接收 -> PendulumState.physical_length
2025-09-02 15:08:36.789 | INFO     | Pendulum.PendulumAPP:_processSerialData:120 - 📏 串口长度数据已更新: L27.924513 -> physical_length=27.924513
2025-09-02 15:08:36.790 | INFO     | Pendulum.PendulumAPP:_processSerialData:121 - 🔄 数据来源: 串口接收 -> PendulumState.physical_length
2025-09-02 15:08:36.836 | INFO     | Pendulum.PendulumAPP:_processSerialData:120 - 📏 串口长度数据已更新: L27.924513 -> physical_length=27.924513
2025-09-02 15:08:36.837 | INFO     | Pendulum.PendulumAPP:_processSerialData:121 - 🔄 数据来源: 串口接收 -> PendulumState.physical_length
2025-09-02 15:08:36.883 | INFO     | Pendulum.PendulumAPP:_processSerialData:120 - 📏 串口长度数据已更新: L27.924513 -> physical_length=27.924513
2025-09-02 15:08:36.884 | INFO     | Pendulum.PendulumAPP:_processSerialData:121 - 🔄 数据来源: 串口接收 -> PendulumState.physical_length
2025-09-02 15:08:36.930 | INFO     | Pendulum.PendulumAPP:_processSerialData:120 - 📏 串口长度数据已更新: L27.924513 -> physical_length=27.924513
2025-09-02 15:08:36.931 | INFO     | Pendulum.PendulumAPP:_processSerialData:121 - 🔄 数据来源: 串口接收 -> PendulumState.physical_length
2025-09-02 15:08:36.977 | INFO     | Pendulum.PendulumAPP:_processSerialData:120 - 📏 串口长度数据已更新: L27.924513 -> physical_length=27.924513
2025-09-02 15:08:36.979 | INFO     | Pendulum.PendulumAPP:_processSerialData:121 - 🔄 数据来源: 串口接收 -> PendulumState.physical_length
2025-09-02 15:08:37.021 | INFO     | Pendulum.PendulumAPP:_processSerialData:120 - 📏 串口长度数据已更新: L27.924513 -> physical_length=27.924513
2025-09-02 15:08:37.024 | INFO     | Pendulum.PendulumAPP:_processSerialData:121 - 🔄 数据来源: 串口接收 -> PendulumState.physical_length
2025-09-02 15:08:37.067 | INFO     | Pendulum.PendulumAPP:_processSerialData:120 - 📏 串口长度数据已更新: L27.924513 -> physical_length=27.924513
2025-09-02 15:08:37.069 | INFO     | Pendulum.PendulumAPP:_processSerialData:121 - 🔄 数据来源: 串口接收 -> PendulumState.physical_length
2025-09-02 15:08:37.115 | INFO     | Pendulum.PendulumAPP:_processSerialData:120 - 📏 串口长度数据已更新: L27.924513 -> physical_length=27.924513
2025-09-02 15:08:37.116 | INFO     | Pendulum.PendulumAPP:_processSerialData:121 - 🔄 数据来源: 串口接收 -> PendulumState.physical_length
2025-09-02 15:08:37.161 | INFO     | Pendulum.PendulumAPP:_processSerialData:120 - 📏 串口长度数据已更新: L27.924513 -> physical_length=27.924513
2025-09-02 15:08:37.162 | INFO     | Pendulum.PendulumAPP:_processSerialData:121 - 🔄 数据来源: 串口接收 -> PendulumState.physical_length
2025-09-02 15:08:37.208 | INFO     | Pendulum.PendulumAPP:_processSerialData:120 - 📏 串口长度数据已更新: L27.924513 -> physical_length=27.924513
2025-09-02 15:08:37.210 | INFO     | Pendulum.PendulumAPP:_processSerialData:121 - 🔄 数据来源: 串口接收 -> PendulumState.physical_length
2025-09-02 15:08:37.255 | INFO     | Pendulum.PendulumAPP:_processSerialData:120 - 📏 串口长度数据已更新: L27.924513 -> physical_length=27.924513
2025-09-02 15:08:37.255 | INFO     | Pendulum.PendulumAPP:_processSerialData:121 - 🔄 数据来源: 串口接收 -> PendulumState.physical_length
2025-09-02 15:08:37.301 | INFO     | Pendulum.PendulumAPP:_processSerialData:120 - 📏 串口长度数据已更新: L27.924513 -> physical_length=27.924513
2025-09-02 15:08:37.301 | INFO     | Pendulum.PendulumAPP:_processSerialData:121 - 🔄 数据来源: 串口接收 -> PendulumState.physical_length
2025-09-02 15:08:37.348 | INFO     | Pendulum.PendulumAPP:_processSerialData:120 - 📏 串口长度数据已更新: L27.924513 -> physical_length=27.924513
2025-09-02 15:08:37.349 | INFO     | Pendulum.PendulumAPP:_processSerialData:121 - 🔄 数据来源: 串口接收 -> PendulumState.physical_length
2025-09-02 15:08:37.394 | INFO     | Pendulum.PendulumAPP:_processSerialData:120 - 📏 串口长度数据已更新: L27.924513 -> physical_length=27.924513
2025-09-02 15:08:37.395 | INFO     | Pendulum.PendulumAPP:_processSerialData:121 - 🔄 数据来源: 串口接收 -> PendulumState.physical_length
2025-09-02 15:08:37.440 | INFO     | Pendulum.PendulumAPP:_processSerialData:120 - 📏 串口长度数据已更新: L27.924513 -> physical_length=27.924513
2025-09-02 15:08:37.441 | INFO     | Pendulum.PendulumAPP:_processSerialData:121 - 🔄 数据来源: 串口接收 -> PendulumState.physical_length
2025-09-02 15:08:37.486 | INFO     | Pendulum.PendulumAPP:_processSerialData:120 - 📏 串口长度数据已更新: L27.924513 -> physical_length=27.924513
2025-09-02 15:08:37.489 | INFO     | Pendulum.PendulumAPP:_processSerialData:121 - 🔄 数据来源: 串口接收 -> PendulumState.physical_length
2025-09-02 15:08:37.533 | INFO     | Pendulum.PendulumAPP:_processSerialData:120 - 📏 串口长度数据已更新: L27.924513 -> physical_length=27.924513
2025-09-02 15:08:37.534 | INFO     | Pendulum.PendulumAPP:_processSerialData:121 - 🔄 数据来源: 串口接收 -> PendulumState.physical_length
2025-09-02 15:08:37.580 | INFO     | Pendulum.PendulumAPP:_processSerialData:120 - 📏 串口长度数据已更新: L27.924513 -> physical_length=27.924513
2025-09-02 15:08:37.582 | INFO     | Pendulum.PendulumAPP:_processSerialData:121 - 🔄 数据来源: 串口接收 -> PendulumState.physical_length
2025-09-02 15:08:37.627 | INFO     | Pendulum.PendulumAPP:_processSerialData:120 - 📏 串口长度数据已更新: L27.924513 -> physical_length=27.924513
2025-09-02 15:08:37.631 | INFO     | Pendulum.PendulumAPP:_processSerialData:121 - 🔄 数据来源: 串口接收 -> PendulumState.physical_length
2025-09-02 15:08:37.674 | INFO     | Pendulum.PendulumAPP:_processSerialData:120 - 📏 串口长度数据已更新: L27.924513 -> physical_length=27.924513
2025-09-02 15:08:37.674 | INFO     | Pendulum.PendulumAPP:_processSerialData:121 - 🔄 数据来源: 串口接收 -> PendulumState.physical_length
2025-09-02 15:08:37.722 | INFO     | Pendulum.PendulumAPP:_processSerialData:120 - 📏 串口长度数据已更新: L27.924513 -> physical_length=27.924513
2025-09-02 15:08:37.724 | INFO     | Pendulum.PendulumAPP:_processSerialData:121 - 🔄 数据来源: 串口接收 -> PendulumState.physical_length
2025-09-02 15:08:37.768 | INFO     | Pendulum.PendulumAPP:_processSerialData:120 - 📏 串口长度数据已更新: L27.924513 -> physical_length=27.924513
2025-09-02 15:08:37.770 | INFO     | Pendulum.PendulumAPP:_processSerialData:121 - 🔄 数据来源: 串口接收 -> PendulumState.physical_length
2025-09-02 15:08:37.815 | INFO     | Pendulum.PendulumAPP:_processSerialData:120 - 📏 串口长度数据已更新: L27.924513 -> physical_length=27.924513
2025-09-02 15:08:37.816 | INFO     | Pendulum.PendulumAPP:_processSerialData:121 - 🔄 数据来源: 串口接收 -> PendulumState.physical_length
2025-09-02 15:08:37.861 | INFO     | Pendulum.PendulumAPP:_processSerialData:120 - 📏 串口长度数据已更新: L27.924513 -> physical_length=27.924513
2025-09-02 15:08:37.861 | INFO     | Pendulum.PendulumAPP:_processSerialData:121 - 🔄 数据来源: 串口接收 -> PendulumState.physical_length
2025-09-02 15:08:37.907 | INFO     | Pendulum.PendulumAPP:_processSerialData:120 - 📏 串口长度数据已更新: L27.924513 -> physical_length=27.924513
2025-09-02 15:08:37.908 | INFO     | Pendulum.PendulumAPP:_processSerialData:121 - 🔄 数据来源: 串口接收 -> PendulumState.physical_length
2025-09-02 15:08:37.953 | INFO     | Pendulum.PendulumAPP:_processSerialData:120 - 📏 串口长度数据已更新: L27.924513 -> physical_length=27.924513
2025-09-02 15:08:37.954 | INFO     | Pendulum.PendulumAPP:_processSerialData:121 - 🔄 数据来源: 串口接收 -> PendulumState.physical_length
2025-09-02 15:08:37.999 | INFO     | Pendulum.PendulumAPP:_processSerialData:120 - 📏 串口长度数据已更新: L27.924513 -> physical_length=27.924513
2025-09-02 15:08:38.001 | INFO     | Pendulum.PendulumAPP:_processSerialData:121 - 🔄 数据来源: 串口接收 -> PendulumState.physical_length
2025-09-02 15:08:38.045 | INFO     | Pendulum.PendulumAPP:_processSerialData:120 - 📏 串口长度数据已更新: L27.924513 -> physical_length=27.924513
2025-09-02 15:08:38.048 | INFO     | Pendulum.PendulumAPP:_processSerialData:121 - 🔄 数据来源: 串口接收 -> PendulumState.physical_length
2025-09-02 15:08:38.108 | INFO     | Pendulum.PendulumAPP:_processSerialData:120 - 📏 串口长度数据已更新: L27.924513 -> physical_length=27.924513
2025-09-02 15:08:38.108 | INFO     | Pendulum.PendulumAPP:_processSerialData:121 - 🔄 数据来源: 串口接收 -> PendulumState.physical_length
2025-09-02 15:08:38.154 | INFO     | Pendulum.PendulumAPP:_processSerialData:120 - 📏 串口长度数据已更新: L27.924513 -> physical_length=27.924513
2025-09-02 15:08:38.155 | INFO     | Pendulum.PendulumAPP:_processSerialData:121 - 🔄 数据来源: 串口接收 -> PendulumState.physical_length
2025-09-02 15:08:38.204 | INFO     | Pendulum.PendulumAPP:_processSerialData:120 - 📏 串口长度数据已更新: L27.924513 -> physical_length=27.924513
2025-09-02 15:08:38.207 | INFO     | Pendulum.PendulumAPP:_processSerialData:121 - 🔄 数据来源: 串口接收 -> PendulumState.physical_length
2025-09-02 15:08:38.248 | INFO     | Pendulum.PendulumAPP:_processSerialData:120 - 📏 串口长度数据已更新: L27.924513 -> physical_length=27.924513
2025-09-02 15:08:38.249 | INFO     | Pendulum.PendulumAPP:_processSerialData:121 - 🔄 数据来源: 串口接收 -> PendulumState.physical_length
2025-09-02 15:08:38.294 | INFO     | Pendulum.PendulumAPP:_processSerialData:120 - 📏 串口长度数据已更新: L27.924513 -> physical_length=27.924513
2025-09-02 15:08:38.295 | INFO     | Pendulum.PendulumAPP:_processSerialData:121 - 🔄 数据来源: 串口接收 -> PendulumState.physical_length
2025-09-02 15:08:38.329 | INFO     | Pendulum.PendulumAPP:_keyEventWeb:274 - u0
2025-09-02 15:08:38.331 | INFO     | Pendulum.SerialConncet:send:199 - sendu0
2025-09-02 15:08:38.335 | INFO     | Pendulum.SerialConncet:send:201 - [发送] u0
2025-09-02 15:08:38.344 | INFO     | Pendulum.PendulumAPP:_processSerialData:120 - 📏 串口长度数据已更新: L27.924513 -> physical_length=27.924513
2025-09-02 15:08:38.345 | INFO     | Pendulum.PendulumAPP:_processSerialData:121 - 🔄 数据来源: 串口接收 -> PendulumState.physical_length
2025-09-02 15:08:38.389 | INFO     | Pendulum.PendulumAPP:_processSerialData:120 - 📏 串口长度数据已更新: L27.924513 -> physical_length=27.924513
2025-09-02 15:08:38.390 | INFO     | Pendulum.PendulumAPP:_processSerialData:121 - 🔄 数据来源: 串口接收 -> PendulumState.physical_length
2025-09-02 15:08:38.434 | INFO     | Pendulum.PendulumAPP:_processSerialData:120 - 📏 串口长度数据已更新: L27.924513 -> physical_length=27.924513
2025-09-02 15:08:38.435 | INFO     | Pendulum.PendulumAPP:_processSerialData:121 - 🔄 数据来源: 串口接收 -> PendulumState.physical_length
2025-09-02 15:08:38.481 | INFO     | Pendulum.PendulumAPP:_processSerialData:120 - 📏 串口长度数据已更新: L27.924513 -> physical_length=27.924513
2025-09-02 15:08:38.482 | INFO     | Pendulum.PendulumAPP:_processSerialData:121 - 🔄 数据来源: 串口接收 -> PendulumState.physical_length
2025-09-02 15:08:38.527 | INFO     | Pendulum.PendulumAPP:_processSerialData:120 - 📏 串口长度数据已更新: L27.924513 -> physical_length=27.924513
2025-09-02 15:08:38.528 | INFO     | Pendulum.PendulumAPP:_processSerialData:121 - 🔄 数据来源: 串口接收 -> PendulumState.physical_length
2025-09-02 15:08:38.573 | INFO     | Pendulum.PendulumAPP:_processSerialData:120 - 📏 串口长度数据已更新: L27.924513 -> physical_length=27.924513
2025-09-02 15:08:38.575 | INFO     | Pendulum.PendulumAPP:_processSerialData:121 - 🔄 数据来源: 串口接收 -> PendulumState.physical_length
2025-09-02 15:08:38.620 | INFO     | Pendulum.PendulumAPP:_processSerialData:120 - 📏 串口长度数据已更新: L27.924513 -> physical_length=27.924513
2025-09-02 15:08:38.621 | INFO     | Pendulum.PendulumAPP:_processSerialData:121 - 🔄 数据来源: 串口接收 -> PendulumState.physical_length
2025-09-02 15:08:38.666 | INFO     | Pendulum.PendulumAPP:_processSerialData:120 - 📏 串口长度数据已更新: L27.924513 -> physical_length=27.924513
2025-09-02 15:08:38.667 | INFO     | Pendulum.PendulumAPP:_processSerialData:121 - 🔄 数据来源: 串口接收 -> PendulumState.physical_length
2025-09-02 15:08:38.713 | INFO     | Pendulum.PendulumAPP:_processSerialData:120 - 📏 串口长度数据已更新: L27.924513 -> physical_length=27.924513
2025-09-02 15:08:38.715 | INFO     | Pendulum.PendulumAPP:_processSerialData:121 - 🔄 数据来源: 串口接收 -> PendulumState.physical_length
2025-09-02 15:08:38.758 | INFO     | Pendulum.PendulumAPP:_processSerialData:120 - 📏 串口长度数据已更新: L27.924513 -> physical_length=27.924513
2025-09-02 15:08:38.759 | INFO     | Pendulum.PendulumAPP:_processSerialData:121 - 🔄 数据来源: 串口接收 -> PendulumState.physical_length
2025-09-02 15:08:38.804 | INFO     | Pendulum.PendulumAPP:_processSerialData:120 - 📏 串口长度数据已更新: L27.924513 -> physical_length=27.924513
2025-09-02 15:08:38.805 | INFO     | Pendulum.PendulumAPP:_processSerialData:121 - 🔄 数据来源: 串口接收 -> PendulumState.physical_length
2025-09-02 15:08:38.851 | INFO     | Pendulum.PendulumAPP:_processSerialData:120 - 📏 串口长度数据已更新: L27.924513 -> physical_length=27.924513
2025-09-02 15:08:38.851 | INFO     | Pendulum.PendulumAPP:_processSerialData:121 - 🔄 数据来源: 串口接收 -> PendulumState.physical_length
2025-09-02 15:08:38.897 | INFO     | Pendulum.PendulumAPP:_processSerialData:120 - 📏 串口长度数据已更新: L27.924513 -> physical_length=27.924513
2025-09-02 15:08:38.898 | INFO     | Pendulum.PendulumAPP:_processSerialData:121 - 🔄 数据来源: 串口接收 -> PendulumState.physical_length
2025-09-02 15:08:38.943 | INFO     | Pendulum.PendulumAPP:_processSerialData:120 - 📏 串口长度数据已更新: L27.924513 -> physical_length=27.924513
2025-09-02 15:08:38.944 | INFO     | Pendulum.PendulumAPP:_processSerialData:121 - 🔄 数据来源: 串口接收 -> PendulumState.physical_length
2025-09-02 15:08:38.991 | INFO     | Pendulum.PendulumAPP:_processSerialData:120 - 📏 串口长度数据已更新: L27.924513 -> physical_length=27.924513
2025-09-02 15:08:38.991 | INFO     | Pendulum.PendulumAPP:_processSerialData:121 - 🔄 数据来源: 串口接收 -> PendulumState.physical_length
2025-09-02 15:08:39.037 | INFO     | Pendulum.PendulumAPP:_processSerialData:120 - 📏 串口长度数据已更新: L27.924513 -> physical_length=27.924513
2025-09-02 15:08:39.037 | INFO     | Pendulum.PendulumAPP:_processSerialData:121 - 🔄 数据来源: 串口接收 -> PendulumState.physical_length
2025-09-02 15:08:39.082 | INFO     | Pendulum.PendulumAPP:_processSerialData:120 - 📏 串口长度数据已更新: L27.924513 -> physical_length=27.924513
2025-09-02 15:08:39.083 | INFO     | Pendulum.PendulumAPP:_processSerialData:121 - 🔄 数据来源: 串口接收 -> PendulumState.physical_length
2025-09-02 15:08:39.129 | INFO     | Pendulum.PendulumAPP:_processSerialData:120 - 📏 串口长度数据已更新: L27.924513 -> physical_length=27.924513
2025-09-02 15:08:39.129 | INFO     | Pendulum.PendulumAPP:_processSerialData:121 - 🔄 数据来源: 串口接收 -> PendulumState.physical_length
2025-09-02 15:08:39.177 | INFO     | Pendulum.PendulumAPP:_processSerialData:120 - 📏 串口长度数据已更新: L27.924513 -> physical_length=27.924513
2025-09-02 15:08:39.177 | INFO     | Pendulum.PendulumAPP:_processSerialData:121 - 🔄 数据来源: 串口接收 -> PendulumState.physical_length
2025-09-02 15:08:39.222 | INFO     | Pendulum.PendulumAPP:_processSerialData:120 - 📏 串口长度数据已更新: L27.924513 -> physical_length=27.924513
2025-09-02 15:08:39.225 | INFO     | Pendulum.PendulumAPP:_processSerialData:121 - 🔄 数据来源: 串口接收 -> PendulumState.physical_length
2025-09-02 15:08:39.270 | INFO     | Pendulum.PendulumAPP:_processSerialData:120 - 📏 串口长度数据已更新: L27.924513 -> physical_length=27.924513
2025-09-02 15:08:39.271 | INFO     | Pendulum.PendulumAPP:_processSerialData:121 - 🔄 数据来源: 串口接收 -> PendulumState.physical_length
2025-09-02 15:08:39.317 | INFO     | Pendulum.PendulumAPP:_keyEventWeb:289 - d1
2025-09-02 15:08:39.321 | INFO     | Pendulum.SerialConncet:send:199 - sendd1
2025-09-02 15:08:39.322 | INFO     | Pendulum.SerialConncet:send:201 - [发送] d1
2025-09-02 15:08:39.334 | INFO     | Pendulum.PendulumAPP:_processSerialData:120 - 📏 串口长度数据已更新: L27.924513 -> physical_length=27.924513
2025-09-02 15:08:39.335 | INFO     | Pendulum.PendulumAPP:_processSerialData:121 - 🔄 数据来源: 串口接收 -> PendulumState.physical_length
2025-09-02 15:08:39.379 | INFO     | Pendulum.PendulumAPP:_processSerialData:120 - 📏 串口长度数据已更新: L27.924513 -> physical_length=27.924513
2025-09-02 15:08:39.380 | INFO     | Pendulum.PendulumAPP:_processSerialData:121 - 🔄 数据来源: 串口接收 -> PendulumState.physical_length
2025-09-02 15:08:39.426 | INFO     | Pendulum.PendulumAPP:_processSerialData:120 - 📏 串口长度数据已更新: L27.924513 -> physical_length=27.924513
2025-09-02 15:08:39.427 | INFO     | Pendulum.PendulumAPP:_processSerialData:121 - 🔄 数据来源: 串口接收 -> PendulumState.physical_length
2025-09-02 15:08:39.472 | INFO     | Pendulum.PendulumAPP:_processSerialData:120 - 📏 串口长度数据已更新: L27.924513 -> physical_length=27.924513
2025-09-02 15:08:39.473 | INFO     | Pendulum.PendulumAPP:_processSerialData:121 - 🔄 数据来源: 串口接收 -> PendulumState.physical_length
2025-09-02 15:08:39.520 | INFO     | Pendulum.PendulumAPP:_processSerialData:120 - 📏 串口长度数据已更新: L27.924513 -> physical_length=27.924513
2025-09-02 15:08:39.523 | INFO     | Pendulum.PendulumAPP:_processSerialData:121 - 🔄 数据来源: 串口接收 -> PendulumState.physical_length
2025-09-02 15:08:39.565 | INFO     | Pendulum.PendulumAPP:_processSerialData:120 - 📏 串口长度数据已更新: L27.924513 -> physical_length=27.924513
2025-09-02 15:08:39.567 | INFO     | Pendulum.PendulumAPP:_processSerialData:121 - 🔄 数据来源: 串口接收 -> PendulumState.physical_length
2025-09-02 15:08:39.612 | INFO     | Pendulum.PendulumAPP:_processSerialData:120 - 📏 串口长度数据已更新: L27.924513 -> physical_length=27.924513
2025-09-02 15:08:39.613 | INFO     | Pendulum.PendulumAPP:_processSerialData:121 - 🔄 数据来源: 串口接收 -> PendulumState.physical_length
2025-09-02 15:08:39.659 | INFO     | Pendulum.PendulumAPP:_processSerialData:120 - 📏 串口长度数据已更新: L27.924513 -> physical_length=27.924513
2025-09-02 15:08:39.660 | INFO     | Pendulum.PendulumAPP:_processSerialData:121 - 🔄 数据来源: 串口接收 -> PendulumState.physical_length
2025-09-02 15:08:39.705 | INFO     | Pendulum.PendulumAPP:_processSerialData:120 - 📏 串口长度数据已更新: L27.924513 -> physical_length=27.924513
2025-09-02 15:08:39.706 | INFO     | Pendulum.PendulumAPP:_processSerialData:121 - 🔄 数据来源: 串口接收 -> PendulumState.physical_length
2025-09-02 15:08:39.766 | INFO     | Pendulum.PendulumAPP:_processSerialData:120 - 📏 串口长度数据已更新: L27.924513 -> physical_length=27.924513
2025-09-02 15:08:39.767 | INFO     | Pendulum.PendulumAPP:_processSerialData:121 - 🔄 数据来源: 串口接收 -> PendulumState.physical_length
2025-09-02 15:08:39.811 | INFO     | Pendulum.PendulumAPP:_processSerialData:120 - 📏 串口长度数据已更新: L27.924513 -> physical_length=27.924513
2025-09-02 15:08:39.812 | INFO     | Pendulum.PendulumAPP:_processSerialData:121 - 🔄 数据来源: 串口接收 -> PendulumState.physical_length
2025-09-02 15:08:39.857 | INFO     | Pendulum.PendulumAPP:_processSerialData:120 - 📏 串口长度数据已更新: L27.924513 -> physical_length=27.924513
2025-09-02 15:08:39.858 | INFO     | Pendulum.PendulumAPP:_processSerialData:121 - 🔄 数据来源: 串口接收 -> PendulumState.physical_length
2025-09-02 15:08:39.903 | INFO     | Pendulum.PendulumAPP:_processSerialData:120 - 📏 串口长度数据已更新: L27.924513 -> physical_length=27.924513
2025-09-02 15:08:39.904 | INFO     | Pendulum.PendulumAPP:_processSerialData:121 - 🔄 数据来源: 串口接收 -> PendulumState.physical_length
2025-09-02 15:08:39.949 | INFO     | Pendulum.PendulumAPP:_processSerialData:120 - 📏 串口长度数据已更新: L27.924513 -> physical_length=27.924513
2025-09-02 15:08:39.951 | INFO     | Pendulum.PendulumAPP:_processSerialData:121 - 🔄 数据来源: 串口接收 -> PendulumState.physical_length
2025-09-02 15:08:39.995 | INFO     | Pendulum.PendulumAPP:_processSerialData:120 - 📏 串口长度数据已更新: L27.924513 -> physical_length=27.924513
2025-09-02 15:08:39.998 | INFO     | Pendulum.PendulumAPP:_processSerialData:121 - 🔄 数据来源: 串口接收 -> PendulumState.physical_length
2025-09-02 15:08:40.042 | INFO     | Pendulum.PendulumAPP:_processSerialData:120 - 📏 串口长度数据已更新: L27.924513 -> physical_length=27.924513
2025-09-02 15:08:40.042 | INFO     | Pendulum.PendulumAPP:_processSerialData:121 - 🔄 数据来源: 串口接收 -> PendulumState.physical_length
2025-09-02 15:08:40.089 | INFO     | Pendulum.PendulumAPP:_processSerialData:120 - 📏 串口长度数据已更新: L27.924513 -> physical_length=27.924513
2025-09-02 15:08:40.090 | INFO     | Pendulum.PendulumAPP:_processSerialData:121 - 🔄 数据来源: 串口接收 -> PendulumState.physical_length
2025-09-02 15:08:40.134 | INFO     | Pendulum.PendulumAPP:_processSerialData:120 - 📏 串口长度数据已更新: L27.924513 -> physical_length=27.924513
2025-09-02 15:08:40.135 | INFO     | Pendulum.PendulumAPP:_processSerialData:121 - 🔄 数据来源: 串口接收 -> PendulumState.physical_length
2025-09-02 15:08:40.180 | INFO     | Pendulum.PendulumAPP:_processSerialData:120 - 📏 串口长度数据已更新: L27.924513 -> physical_length=27.924513
2025-09-02 15:08:40.185 | INFO     | Pendulum.PendulumAPP:_processSerialData:121 - 🔄 数据来源: 串口接收 -> PendulumState.physical_length
2025-09-02 15:08:40.221 | INFO     | Pendulum.PendulumAPP:_keyEventWeb:268 - u2
2025-09-02 15:08:40.223 | INFO     | Pendulum.SerialConncet:send:199 - sendu2
2025-09-02 15:08:40.225 | INFO     | Pendulum.SerialConncet:send:201 - [发送] u2
2025-09-02 15:08:40.242 | INFO     | Pendulum.PendulumAPP:_processSerialData:120 - 📏 串口长度数据已更新: L27.924513 -> physical_length=27.924513
2025-09-02 15:08:40.242 | INFO     | Pendulum.PendulumAPP:_processSerialData:121 - 🔄 数据来源: 串口接收 -> PendulumState.physical_length
2025-09-02 15:08:40.289 | INFO     | Pendulum.PendulumAPP:_processSerialData:120 - 📏 串口长度数据已更新: L27.924513 -> physical_length=27.924513
2025-09-02 15:08:40.290 | INFO     | Pendulum.PendulumAPP:_processSerialData:121 - 🔄 数据来源: 串口接收 -> PendulumState.physical_length
2025-09-02 15:08:40.338 | INFO     | Pendulum.PendulumAPP:_processSerialData:120 - 📏 串口长度数据已更新: L27.924513 -> physical_length=27.924513
2025-09-02 15:08:40.339 | INFO     | Pendulum.PendulumAPP:_processSerialData:121 - 🔄 数据来源: 串口接收 -> PendulumState.physical_length
2025-09-02 15:08:40.382 | INFO     | Pendulum.PendulumAPP:_processSerialData:120 - 📏 串口长度数据已更新: L27.924513 -> physical_length=27.924513
2025-09-02 15:08:40.383 | INFO     | Pendulum.PendulumAPP:_processSerialData:121 - 🔄 数据来源: 串口接收 -> PendulumState.physical_length
2025-09-02 15:08:40.429 | INFO     | Pendulum.PendulumAPP:_processSerialData:120 - 📏 串口长度数据已更新: L27.924513 -> physical_length=27.924513
2025-09-02 15:08:40.430 | INFO     | Pendulum.PendulumAPP:_processSerialData:121 - 🔄 数据来源: 串口接收 -> PendulumState.physical_length
2025-09-02 15:08:40.476 | INFO     | Pendulum.PendulumAPP:_processSerialData:120 - 📏 串口长度数据已更新: L27.924513 -> physical_length=27.924513
2025-09-02 15:08:40.478 | INFO     | Pendulum.PendulumAPP:_processSerialData:121 - 🔄 数据来源: 串口接收 -> PendulumState.physical_length
2025-09-02 15:08:40.522 | INFO     | Pendulum.PendulumAPP:_processSerialData:120 - 📏 串口长度数据已更新: L27.924513 -> physical_length=27.924513
2025-09-02 15:08:40.524 | INFO     | Pendulum.PendulumAPP:_processSerialData:121 - 🔄 数据来源: 串口接收 -> PendulumState.physical_length
2025-09-02 15:08:40.568 | INFO     | Pendulum.PendulumAPP:_processSerialData:120 - 📏 串口长度数据已更新: L27.924513 -> physical_length=27.924513
2025-09-02 15:08:40.573 | INFO     | Pendulum.PendulumAPP:_processSerialData:121 - 🔄 数据来源: 串口接收 -> PendulumState.physical_length
2025-09-02 15:08:40.614 | INFO     | Pendulum.PendulumAPP:_processSerialData:120 - 📏 串口长度数据已更新: L27.924513 -> physical_length=27.924513
2025-09-02 15:08:40.618 | INFO     | Pendulum.PendulumAPP:_processSerialData:121 - 🔄 数据来源: 串口接收 -> PendulumState.physical_length
2025-09-02 15:08:40.661 | INFO     | Pendulum.PendulumAPP:_processSerialData:120 - 📏 串口长度数据已更新: L27.924513 -> physical_length=27.924513
2025-09-02 15:08:40.662 | INFO     | Pendulum.PendulumAPP:_processSerialData:121 - 🔄 数据来源: 串口接收 -> PendulumState.physical_length
2025-09-02 15:08:40.707 | INFO     | Pendulum.PendulumAPP:_processSerialData:120 - 📏 串口长度数据已更新: L27.924513 -> physical_length=27.924513
2025-09-02 15:08:40.708 | INFO     | Pendulum.PendulumAPP:_processSerialData:121 - 🔄 数据来源: 串口接收 -> PendulumState.physical_length
2025-09-02 15:08:40.752 | INFO     | Pendulum.PendulumAPP:_processSerialData:120 - 📏 串口长度数据已更新: L27.924513 -> physical_length=27.924513
2025-09-02 15:08:40.755 | INFO     | Pendulum.PendulumAPP:_processSerialData:121 - 🔄 数据来源: 串口接收 -> PendulumState.physical_length
2025-09-02 15:08:40.800 | INFO     | Pendulum.PendulumAPP:_processSerialData:120 - 📏 串口长度数据已更新: L27.924513 -> physical_length=27.924513
2025-09-02 15:08:40.801 | INFO     | Pendulum.PendulumAPP:_processSerialData:121 - 🔄 数据来源: 串口接收 -> PendulumState.physical_length
2025-09-02 15:08:40.847 | INFO     | Pendulum.PendulumAPP:_processSerialData:120 - 📏 串口长度数据已更新: L27.924513 -> physical_length=27.924513
2025-09-02 15:08:40.847 | INFO     | Pendulum.PendulumAPP:_processSerialData:121 - 🔄 数据来源: 串口接收 -> PendulumState.physical_length
2025-09-02 15:08:40.894 | INFO     | Pendulum.PendulumAPP:_processSerialData:120 - 📏 串口长度数据已更新: L27.924513 -> physical_length=27.924513
2025-09-02 15:08:40.895 | INFO     | Pendulum.PendulumAPP:_processSerialData:121 - 🔄 数据来源: 串口接收 -> PendulumState.physical_length
2025-09-02 15:08:40.940 | INFO     | Pendulum.PendulumAPP:_processSerialData:120 - 📏 串口长度数据已更新: L27.924513 -> physical_length=27.924513
2025-09-02 15:08:40.943 | INFO     | Pendulum.PendulumAPP:_processSerialData:121 - 🔄 数据来源: 串口接收 -> PendulumState.physical_length
2025-09-02 15:08:40.986 | INFO     | Pendulum.PendulumAPP:_processSerialData:120 - 📏 串口长度数据已更新: L27.924513 -> physical_length=27.924513
2025-09-02 15:08:40.987 | INFO     | Pendulum.PendulumAPP:_processSerialData:121 - 🔄 数据来源: 串口接收 -> PendulumState.physical_length
2025-09-02 15:08:41.033 | INFO     | Pendulum.PendulumAPP:_processSerialData:120 - 📏 串口长度数据已更新: L27.924513 -> physical_length=27.924513
2025-09-02 15:08:41.036 | INFO     | Pendulum.PendulumAPP:_processSerialData:121 - 🔄 数据来源: 串口接收 -> PendulumState.physical_length
2025-09-02 15:08:41.079 | INFO     | Pendulum.PendulumAPP:_processSerialData:120 - 📏 串口长度数据已更新: L27.924513 -> physical_length=27.924513
2025-09-02 15:08:41.082 | INFO     | Pendulum.PendulumAPP:_processSerialData:121 - 🔄 数据来源: 串口接收 -> PendulumState.physical_length
2025-09-02 15:08:41.127 | INFO     | Pendulum.PendulumAPP:_processSerialData:120 - 📏 串口长度数据已更新: L27.924513 -> physical_length=27.924513
2025-09-02 15:08:41.127 | INFO     | Pendulum.PendulumAPP:_processSerialData:121 - 🔄 数据来源: 串口接收 -> PendulumState.physical_length
2025-09-02 15:08:41.173 | INFO     | Pendulum.PendulumAPP:_processSerialData:120 - 📏 串口长度数据已更新: L27.924513 -> physical_length=27.924513
2025-09-02 15:08:41.174 | INFO     | Pendulum.PendulumAPP:_processSerialData:121 - 🔄 数据来源: 串口接收 -> PendulumState.physical_length
2025-09-02 15:08:41.219 | INFO     | Pendulum.PendulumAPP:_processSerialData:120 - 📏 串口长度数据已更新: L27.924513 -> physical_length=27.924513
2025-09-02 15:08:41.221 | INFO     | Pendulum.PendulumAPP:_processSerialData:121 - 🔄 数据来源: 串口接收 -> PendulumState.physical_length
2025-09-02 15:08:41.266 | INFO     | Pendulum.PendulumAPP:_processSerialData:120 - 📏 串口长度数据已更新: L27.924513 -> physical_length=27.924513
2025-09-02 15:08:41.267 | INFO     | Pendulum.PendulumAPP:_processSerialData:121 - 🔄 数据来源: 串口接收 -> PendulumState.physical_length
2025-09-02 15:08:41.313 | INFO     | Pendulum.PendulumAPP:_processSerialData:120 - 📏 串口长度数据已更新: L27.924513 -> physical_length=27.924513
2025-09-02 15:08:41.314 | INFO     | Pendulum.PendulumAPP:_processSerialData:121 - 🔄 数据来源: 串口接收 -> PendulumState.physical_length
2025-09-02 15:08:41.359 | INFO     | Pendulum.PendulumAPP:_processSerialData:120 - 📏 串口长度数据已更新: L27.924513 -> physical_length=27.924513
2025-09-02 15:08:41.360 | INFO     | Pendulum.PendulumAPP:_processSerialData:121 - 🔄 数据来源: 串口接收 -> PendulumState.physical_length
2025-09-02 15:08:41.405 | INFO     | Pendulum.PendulumAPP:_processSerialData:120 - 📏 串口长度数据已更新: L27.924513 -> physical_length=27.924513
2025-09-02 15:08:41.406 | INFO     | Pendulum.PendulumAPP:_processSerialData:121 - 🔄 数据来源: 串口接收 -> PendulumState.physical_length
2025-09-02 15:08:41.452 | INFO     | Pendulum.PendulumAPP:_processSerialData:120 - 📏 串口长度数据已更新: L27.924513 -> physical_length=27.924513
2025-09-02 15:08:41.453 | INFO     | Pendulum.PendulumAPP:_processSerialData:121 - 🔄 数据来源: 串口接收 -> PendulumState.physical_length
2025-09-02 15:08:41.499 | INFO     | Pendulum.PendulumAPP:_processSerialData:120 - 📏 串口长度数据已更新: L27.924513 -> physical_length=27.924513
2025-09-02 15:08:41.501 | INFO     | Pendulum.PendulumAPP:_processSerialData:121 - 🔄 数据来源: 串口接收 -> PendulumState.physical_length
2025-09-02 15:08:41.544 | INFO     | Pendulum.PendulumAPP:_processSerialData:120 - 📏 串口长度数据已更新: L27.924513 -> physical_length=27.924513
2025-09-02 15:08:41.546 | INFO     | Pendulum.PendulumAPP:_processSerialData:121 - 🔄 数据来源: 串口接收 -> PendulumState.physical_length
2025-09-02 15:08:41.590 | INFO     | Pendulum.PendulumAPP:_processSerialData:120 - 📏 串口长度数据已更新: L27.924513 -> physical_length=27.924513
2025-09-02 15:08:41.592 | INFO     | Pendulum.PendulumAPP:_processSerialData:121 - 🔄 数据来源: 串口接收 -> PendulumState.physical_length
2025-09-02 15:08:41.635 | INFO     | Pendulum.PendulumAPP:_processSerialData:120 - 📏 串口长度数据已更新: L27.924513 -> physical_length=27.924513
2025-09-02 15:08:41.637 | INFO     | Pendulum.PendulumAPP:_processSerialData:121 - 🔄 数据来源: 串口接收 -> PendulumState.physical_length
2025-09-02 15:08:41.683 | INFO     | Pendulum.PendulumAPP:_processSerialData:120 - 📏 串口长度数据已更新: L27.924513 -> physical_length=27.924513
2025-09-02 15:08:41.685 | INFO     | Pendulum.PendulumAPP:_processSerialData:121 - 🔄 数据来源: 串口接收 -> PendulumState.physical_length
2025-09-02 15:08:41.729 | INFO     | Pendulum.PendulumAPP:_processSerialData:120 - 📏 串口长度数据已更新: L27.924513 -> physical_length=27.924513
2025-09-02 15:08:41.730 | INFO     | Pendulum.PendulumAPP:_processSerialData:121 - 🔄 数据来源: 串口接收 -> PendulumState.physical_length
2025-09-02 15:08:41.776 | INFO     | Pendulum.PendulumAPP:_processSerialData:120 - 📏 串口长度数据已更新: L27.924513 -> physical_length=27.924513
2025-09-02 15:08:41.778 | INFO     | Pendulum.PendulumAPP:_processSerialData:121 - 🔄 数据来源: 串口接收 -> PendulumState.physical_length
2025-09-02 15:08:41.823 | INFO     | Pendulum.PendulumAPP:_processSerialData:120 - 📏 串口长度数据已更新: L27.924513 -> physical_length=27.924513
2025-09-02 15:08:41.827 | INFO     | Pendulum.PendulumAPP:_processSerialData:121 - 🔄 数据来源: 串口接收 -> PendulumState.physical_length
2025-09-02 15:08:41.870 | INFO     | Pendulum.PendulumAPP:_processSerialData:120 - 📏 串口长度数据已更新: L27.924513 -> physical_length=27.924513
2025-09-02 15:08:41.873 | INFO     | Pendulum.PendulumAPP:_processSerialData:121 - 🔄 数据来源: 串口接收 -> PendulumState.physical_length
2025-09-02 15:08:41.917 | INFO     | Pendulum.PendulumAPP:_processSerialData:120 - 📏 串口长度数据已更新: L27.924513 -> physical_length=27.924513
2025-09-02 15:08:41.918 | INFO     | Pendulum.PendulumAPP:_processSerialData:121 - 🔄 数据来源: 串口接收 -> PendulumState.physical_length
2025-09-02 15:08:41.964 | INFO     | Pendulum.PendulumAPP:_processSerialData:120 - 📏 串口长度数据已更新: L27.924513 -> physical_length=27.924513
2025-09-02 15:08:41.966 | INFO     | Pendulum.PendulumAPP:_processSerialData:121 - 🔄 数据来源: 串口接收 -> PendulumState.physical_length
2025-09-02 15:08:42.010 | INFO     | Pendulum.PendulumAPP:_processSerialData:120 - 📏 串口长度数据已更新: L27.924513 -> physical_length=27.924513
2025-09-02 15:08:42.012 | INFO     | Pendulum.PendulumAPP:_processSerialData:121 - 🔄 数据来源: 串口接收 -> PendulumState.physical_length
2025-09-02 15:08:42.056 | INFO     | Pendulum.PendulumAPP:_processSerialData:120 - 📏 串口长度数据已更新: L27.924513 -> physical_length=27.924513
2025-09-02 15:08:42.058 | INFO     | Pendulum.PendulumAPP:_processSerialData:121 - 🔄 数据来源: 串口接收 -> PendulumState.physical_length
2025-09-02 15:08:42.102 | INFO     | Pendulum.PendulumAPP:_processSerialData:120 - 📏 串口长度数据已更新: L27.924513 -> physical_length=27.924513
2025-09-02 15:08:42.104 | INFO     | Pendulum.PendulumAPP:_processSerialData:121 - 🔄 数据来源: 串口接收 -> PendulumState.physical_length
2025-09-02 15:08:42.148 | INFO     | Pendulum.PendulumAPP:_processSerialData:120 - 📏 串口长度数据已更新: L27.924513 -> physical_length=27.924513
2025-09-02 15:08:42.150 | INFO     | Pendulum.PendulumAPP:_processSerialData:121 - 🔄 数据来源: 串口接收 -> PendulumState.physical_length
2025-09-02 15:08:42.195 | INFO     | Pendulum.PendulumAPP:_processSerialData:120 - 📏 串口长度数据已更新: L27.924513 -> physical_length=27.924513
2025-09-02 15:08:42.196 | INFO     | Pendulum.PendulumAPP:_processSerialData:121 - 🔄 数据来源: 串口接收 -> PendulumState.physical_length
2025-09-02 15:08:42.241 | INFO     | Pendulum.PendulumAPP:_processSerialData:120 - 📏 串口长度数据已更新: L27.924513 -> physical_length=27.924513
2025-09-02 15:08:42.242 | INFO     | Pendulum.PendulumAPP:_processSerialData:121 - 🔄 数据来源: 串口接收 -> PendulumState.physical_length
2025-09-02 15:08:42.290 | INFO     | Pendulum.PendulumAPP:_processSerialData:120 - 📏 串口长度数据已更新: L27.924513 -> physical_length=27.924513
2025-09-02 15:08:42.292 | INFO     | Pendulum.PendulumAPP:_processSerialData:121 - 🔄 数据来源: 串口接收 -> PendulumState.physical_length
2025-09-02 15:08:42.338 | INFO     | Pendulum.PendulumAPP:_processSerialData:120 - 📏 串口长度数据已更新: L27.924513 -> physical_length=27.924513
2025-09-02 15:08:42.339 | INFO     | Pendulum.PendulumAPP:_processSerialData:121 - 🔄 数据来源: 串口接收 -> PendulumState.physical_length
2025-09-02 15:08:42.384 | INFO     | Pendulum.PendulumAPP:_processSerialData:120 - 📏 串口长度数据已更新: L27.924513 -> physical_length=27.924513
2025-09-02 15:08:42.385 | INFO     | Pendulum.PendulumAPP:_processSerialData:121 - 🔄 数据来源: 串口接收 -> PendulumState.physical_length
2025-09-02 15:08:42.430 | INFO     | Pendulum.PendulumAPP:_processSerialData:120 - 📏 串口长度数据已更新: L27.924513 -> physical_length=27.924513
2025-09-02 15:08:42.432 | INFO     | Pendulum.PendulumAPP:_processSerialData:121 - 🔄 数据来源: 串口接收 -> PendulumState.physical_length
2025-09-02 15:08:42.475 | INFO     | Pendulum.PendulumAPP:_processSerialData:120 - 📏 串口长度数据已更新: L27.924513 -> physical_length=27.924513
2025-09-02 15:08:42.476 | INFO     | Pendulum.PendulumAPP:_processSerialData:121 - 🔄 数据来源: 串口接收 -> PendulumState.physical_length
2025-09-02 15:08:42.522 | INFO     | Pendulum.PendulumAPP:_processSerialData:120 - 📏 串口长度数据已更新: L27.924513 -> physical_length=27.924513
2025-09-02 15:08:42.523 | INFO     | Pendulum.PendulumAPP:_processSerialData:121 - 🔄 数据来源: 串口接收 -> PendulumState.physical_length
2025-09-02 15:08:42.569 | INFO     | Pendulum.PendulumAPP:_processSerialData:120 - 📏 串口长度数据已更新: L27.924513 -> physical_length=27.924513
2025-09-02 15:08:42.570 | INFO     | Pendulum.PendulumAPP:_processSerialData:121 - 🔄 数据来源: 串口接收 -> PendulumState.physical_length
2025-09-02 15:08:42.615 | INFO     | Pendulum.PendulumAPP:_processSerialData:120 - 📏 串口长度数据已更新: L27.924513 -> physical_length=27.924513
2025-09-02 15:08:42.616 | INFO     | Pendulum.PendulumAPP:_processSerialData:121 - 🔄 数据来源: 串口接收 -> PendulumState.physical_length
2025-09-02 15:08:42.662 | INFO     | Pendulum.PendulumAPP:_processSerialData:120 - 📏 串口长度数据已更新: L27.924513 -> physical_length=27.924513
2025-09-02 15:08:42.663 | INFO     | Pendulum.PendulumAPP:_processSerialData:121 - 🔄 数据来源: 串口接收 -> PendulumState.physical_length
2025-09-02 15:08:42.709 | INFO     | Pendulum.PendulumAPP:_processSerialData:120 - 📏 串口长度数据已更新: L27.924513 -> physical_length=27.924513
2025-09-02 15:08:42.710 | INFO     | Pendulum.PendulumAPP:_processSerialData:121 - 🔄 数据来源: 串口接收 -> PendulumState.physical_length
2025-09-02 15:08:42.755 | INFO     | Pendulum.PendulumAPP:_processSerialData:120 - 📏 串口长度数据已更新: L27.924513 -> physical_length=27.924513
2025-09-02 15:08:42.757 | INFO     | Pendulum.PendulumAPP:_processSerialData:121 - 🔄 数据来源: 串口接收 -> PendulumState.physical_length
2025-09-02 15:08:42.802 | INFO     | Pendulum.PendulumAPP:_processSerialData:120 - 📏 串口长度数据已更新: L27.924513 -> physical_length=27.924513
2025-09-02 15:08:42.803 | INFO     | Pendulum.PendulumAPP:_processSerialData:121 - 🔄 数据来源: 串口接收 -> PendulumState.physical_length
2025-09-02 15:08:42.849 | INFO     | Pendulum.PendulumAPP:_processSerialData:120 - 📏 串口长度数据已更新: L27.924513 -> physical_length=27.924513
2025-09-02 15:08:42.850 | INFO     | Pendulum.PendulumAPP:_processSerialData:121 - 🔄 数据来源: 串口接收 -> PendulumState.physical_length
2025-09-02 15:08:42.895 | INFO     | Pendulum.PendulumAPP:_processSerialData:120 - 📏 串口长度数据已更新: L27.924513 -> physical_length=27.924513
2025-09-02 15:08:42.896 | INFO     | Pendulum.PendulumAPP:_processSerialData:121 - 🔄 数据来源: 串口接收 -> PendulumState.physical_length
2025-09-02 15:08:42.942 | INFO     | Pendulum.PendulumAPP:_processSerialData:120 - 📏 串口长度数据已更新: L27.924513 -> physical_length=27.924513
2025-09-02 15:08:42.944 | INFO     | Pendulum.PendulumAPP:_processSerialData:121 - 🔄 数据来源: 串口接收 -> PendulumState.physical_length
2025-09-02 15:08:42.988 | INFO     | Pendulum.PendulumAPP:_processSerialData:120 - 📏 串口长度数据已更新: L27.924513 -> physical_length=27.924513
2025-09-02 15:08:42.989 | INFO     | Pendulum.PendulumAPP:_processSerialData:121 - 🔄 数据来源: 串口接收 -> PendulumState.physical_length
2025-09-02 15:08:43.034 | INFO     | Pendulum.PendulumAPP:_processSerialData:120 - 📏 串口长度数据已更新: L27.924513 -> physical_length=27.924513
2025-09-02 15:08:43.037 | INFO     | Pendulum.PendulumAPP:_processSerialData:121 - 🔄 数据来源: 串口接收 -> PendulumState.physical_length
2025-09-02 15:08:43.082 | INFO     | Pendulum.PendulumAPP:_processSerialData:120 - 📏 串口长度数据已更新: L27.924513 -> physical_length=27.924513
2025-09-02 15:08:43.083 | INFO     | Pendulum.PendulumAPP:_processSerialData:121 - 🔄 数据来源: 串口接收 -> PendulumState.physical_length
2025-09-02 15:08:43.128 | INFO     | Pendulum.PendulumAPP:_processSerialData:120 - 📏 串口长度数据已更新: L27.924513 -> physical_length=27.924513
2025-09-02 15:08:43.132 | INFO     | Pendulum.PendulumAPP:_processSerialData:121 - 🔄 数据来源: 串口接收 -> PendulumState.physical_length
2025-09-02 15:08:43.174 | INFO     | Pendulum.PendulumAPP:_processSerialData:120 - 📏 串口长度数据已更新: L27.924513 -> physical_length=27.924513
2025-09-02 15:08:43.175 | INFO     | Pendulum.PendulumAPP:_processSerialData:121 - 🔄 数据来源: 串口接收 -> PendulumState.physical_length
2025-09-02 15:08:43.220 | INFO     | Pendulum.PendulumAPP:_processSerialData:120 - 📏 串口长度数据已更新: L27.924513 -> physical_length=27.924513
2025-09-02 15:08:43.222 | INFO     | Pendulum.PendulumAPP:_processSerialData:121 - 🔄 数据来源: 串口接收 -> PendulumState.physical_length
2025-09-02 15:08:43.267 | INFO     | Pendulum.PendulumAPP:_processSerialData:120 - 📏 串口长度数据已更新: L27.924513 -> physical_length=27.924513
2025-09-02 15:08:43.268 | INFO     | Pendulum.PendulumAPP:_processSerialData:121 - 🔄 数据来源: 串口接收 -> PendulumState.physical_length
2025-09-02 15:08:43.314 | INFO     | Pendulum.PendulumAPP:_processSerialData:120 - 📏 串口长度数据已更新: L27.924513 -> physical_length=27.924513
2025-09-02 15:08:43.315 | INFO     | Pendulum.PendulumAPP:_processSerialData:121 - 🔄 数据来源: 串口接收 -> PendulumState.physical_length
2025-09-02 15:08:43.362 | INFO     | Pendulum.PendulumAPP:_processSerialData:120 - 📏 串口长度数据已更新: L27.924513 -> physical_length=27.924513
2025-09-02 15:08:43.364 | INFO     | Pendulum.PendulumAPP:_processSerialData:121 - 🔄 数据来源: 串口接收 -> PendulumState.physical_length
2025-09-02 15:08:43.409 | INFO     | Pendulum.PendulumAPP:_processSerialData:120 - 📏 串口长度数据已更新: L27.924513 -> physical_length=27.924513
2025-09-02 15:08:43.410 | INFO     | Pendulum.PendulumAPP:_processSerialData:121 - 🔄 数据来源: 串口接收 -> PendulumState.physical_length
2025-09-02 15:08:43.457 | INFO     | Pendulum.PendulumAPP:_processSerialData:120 - 📏 串口长度数据已更新: L27.924513 -> physical_length=27.924513
2025-09-02 15:08:43.458 | INFO     | Pendulum.PendulumAPP:_processSerialData:121 - 🔄 数据来源: 串口接收 -> PendulumState.physical_length
2025-09-02 15:08:43.502 | INFO     | Pendulum.PendulumAPP:_processSerialData:120 - 📏 串口长度数据已更新: L27.924513 -> physical_length=27.924513
2025-09-02 15:08:43.504 | INFO     | Pendulum.PendulumAPP:_processSerialData:121 - 🔄 数据来源: 串口接收 -> PendulumState.physical_length
2025-09-02 15:08:43.548 | INFO     | Pendulum.PendulumAPP:_processSerialData:120 - 📏 串口长度数据已更新: L27.924513 -> physical_length=27.924513
2025-09-02 15:08:43.550 | INFO     | Pendulum.PendulumAPP:_processSerialData:121 - 🔄 数据来源: 串口接收 -> PendulumState.physical_length
2025-09-02 15:08:43.596 | INFO     | Pendulum.PendulumAPP:_processSerialData:120 - 📏 串口长度数据已更新: L27.924513 -> physical_length=27.924513
2025-09-02 15:08:43.597 | INFO     | Pendulum.PendulumAPP:_processSerialData:121 - 🔄 数据来源: 串口接收 -> PendulumState.physical_length
2025-09-02 15:08:43.641 | INFO     | Pendulum.PendulumAPP:_processSerialData:120 - 📏 串口长度数据已更新: L27.924513 -> physical_length=27.924513
2025-09-02 15:08:43.642 | INFO     | Pendulum.PendulumAPP:_processSerialData:121 - 🔄 数据来源: 串口接收 -> PendulumState.physical_length
2025-09-02 15:08:43.702 | INFO     | Pendulum.PendulumAPP:_processSerialData:120 - 📏 串口长度数据已更新: L27.924513 -> physical_length=27.924513
2025-09-02 15:08:43.703 | INFO     | Pendulum.PendulumAPP:_processSerialData:121 - 🔄 数据来源: 串口接收 -> PendulumState.physical_length
2025-09-02 15:08:43.748 | INFO     | Pendulum.PendulumAPP:_processSerialData:120 - 📏 串口长度数据已更新: L27.924513 -> physical_length=27.924513
2025-09-02 15:08:43.749 | INFO     | Pendulum.PendulumAPP:_processSerialData:121 - 🔄 数据来源: 串口接收 -> PendulumState.physical_length
2025-09-02 15:08:43.795 | INFO     | Pendulum.PendulumAPP:_processSerialData:120 - 📏 串口长度数据已更新: L27.924513 -> physical_length=27.924513
2025-09-02 15:08:43.796 | INFO     | Pendulum.PendulumAPP:_processSerialData:121 - 🔄 数据来源: 串口接收 -> PendulumState.physical_length
2025-09-02 15:08:43.842 | INFO     | Pendulum.PendulumAPP:_processSerialData:120 - 📏 串口长度数据已更新: L27.924513 -> physical_length=27.924513
2025-09-02 15:08:43.844 | INFO     | Pendulum.PendulumAPP:_processSerialData:121 - 🔄 数据来源: 串口接收 -> PendulumState.physical_length
2025-09-02 15:08:43.888 | INFO     | Pendulum.PendulumAPP:_processSerialData:120 - 📏 串口长度数据已更新: L27.924513 -> physical_length=27.924513
2025-09-02 15:08:43.890 | INFO     | Pendulum.PendulumAPP:_processSerialData:121 - 🔄 数据来源: 串口接收 -> PendulumState.physical_length
2025-09-02 15:08:43.934 | INFO     | Pendulum.PendulumAPP:_processSerialData:120 - 📏 串口长度数据已更新: L27.924513 -> physical_length=27.924513
2025-09-02 15:08:43.937 | INFO     | Pendulum.PendulumAPP:_processSerialData:121 - 🔄 数据来源: 串口接收 -> PendulumState.physical_length
2025-09-02 15:08:43.982 | INFO     | Pendulum.PendulumAPP:_processSerialData:120 - 📏 串口长度数据已更新: L27.924513 -> physical_length=27.924513
2025-09-02 15:08:43.984 | INFO     | Pendulum.PendulumAPP:_processSerialData:121 - 🔄 数据来源: 串口接收 -> PendulumState.physical_length
2025-09-02 15:08:44.029 | INFO     | Pendulum.PendulumAPP:_processSerialData:120 - 📏 串口长度数据已更新: L27.924513 -> physical_length=27.924513
2025-09-02 15:08:44.030 | INFO     | Pendulum.PendulumAPP:_processSerialData:121 - 🔄 数据来源: 串口接收 -> PendulumState.physical_length
2025-09-02 15:08:44.076 | INFO     | Pendulum.PendulumAPP:_processSerialData:120 - 📏 串口长度数据已更新: L27.924513 -> physical_length=27.924513
2025-09-02 15:08:44.077 | INFO     | Pendulum.PendulumAPP:_processSerialData:121 - 🔄 数据来源: 串口接收 -> PendulumState.physical_length
2025-09-02 15:08:44.122 | INFO     | Pendulum.PendulumAPP:_processSerialData:120 - 📏 串口长度数据已更新: L27.924513 -> physical_length=27.924513
2025-09-02 15:08:44.128 | INFO     | Pendulum.PendulumAPP:_processSerialData:121 - 🔄 数据来源: 串口接收 -> PendulumState.physical_length
2025-09-02 15:08:44.168 | INFO     | Pendulum.PendulumAPP:_processSerialData:120 - 📏 串口长度数据已更新: L27.924513 -> physical_length=27.924513
2025-09-02 15:08:44.169 | INFO     | Pendulum.PendulumAPP:_processSerialData:121 - 🔄 数据来源: 串口接收 -> PendulumState.physical_length
2025-09-02 15:08:44.216 | INFO     | Pendulum.PendulumAPP:_processSerialData:120 - 📏 串口长度数据已更新: L27.924513 -> physical_length=27.924513
2025-09-02 15:08:44.217 | INFO     | Pendulum.PendulumAPP:_processSerialData:121 - 🔄 数据来源: 串口接收 -> PendulumState.physical_length
2025-09-02 15:08:44.262 | INFO     | Pendulum.PendulumAPP:_processSerialData:120 - 📏 串口长度数据已更新: L27.924513 -> physical_length=27.924513
2025-09-02 15:08:44.263 | INFO     | Pendulum.PendulumAPP:_processSerialData:121 - 🔄 数据来源: 串口接收 -> PendulumState.physical_length
2025-09-02 15:08:44.310 | INFO     | Pendulum.PendulumAPP:_processSerialData:120 - 📏 串口长度数据已更新: L27.924513 -> physical_length=27.924513
2025-09-02 15:08:44.311 | INFO     | Pendulum.PendulumAPP:_processSerialData:121 - 🔄 数据来源: 串口接收 -> PendulumState.physical_length
2025-09-02 15:08:44.359 | INFO     | Pendulum.PendulumAPP:_processSerialData:120 - 📏 串口长度数据已更新: L27.924513 -> physical_length=27.924513
2025-09-02 15:08:44.360 | INFO     | Pendulum.PendulumAPP:_processSerialData:121 - 🔄 数据来源: 串口接收 -> PendulumState.physical_length
2025-09-02 15:08:44.403 | INFO     | Pendulum.PendulumAPP:_processSerialData:120 - 📏 串口长度数据已更新: L27.924513 -> physical_length=27.924513
2025-09-02 15:08:44.405 | INFO     | Pendulum.PendulumAPP:_processSerialData:121 - 🔄 数据来源: 串口接收 -> PendulumState.physical_length
2025-09-02 15:08:44.450 | INFO     | Pendulum.PendulumAPP:_processSerialData:120 - 📏 串口长度数据已更新: L27.924513 -> physical_length=27.924513
2025-09-02 15:08:44.452 | INFO     | Pendulum.PendulumAPP:_processSerialData:121 - 🔄 数据来源: 串口接收 -> PendulumState.physical_length
2025-09-02 15:08:44.497 | INFO     | Pendulum.PendulumAPP:_processSerialData:120 - 📏 串口长度数据已更新: L27.924513 -> physical_length=27.924513
2025-09-02 15:08:44.498 | INFO     | Pendulum.PendulumAPP:_processSerialData:121 - 🔄 数据来源: 串口接收 -> PendulumState.physical_length
2025-09-02 15:08:44.546 | INFO     | Pendulum.PendulumAPP:_processSerialData:120 - 📏 串口长度数据已更新: L27.924513 -> physical_length=27.924513
2025-09-02 15:08:44.547 | INFO     | Pendulum.PendulumAPP:_processSerialData:121 - 🔄 数据来源: 串口接收 -> PendulumState.physical_length
2025-09-02 15:08:44.589 | INFO     | Pendulum.PendulumAPP:_processSerialData:120 - 📏 串口长度数据已更新: L27.924513 -> physical_length=27.924513
2025-09-02 15:08:44.592 | INFO     | Pendulum.PendulumAPP:_processSerialData:121 - 🔄 数据来源: 串口接收 -> PendulumState.physical_length
2025-09-02 15:08:44.651 | INFO     | Pendulum.PendulumAPP:_processSerialData:120 - 📏 串口长度数据已更新: L27.924513 -> physical_length=27.924513
2025-09-02 15:08:44.654 | INFO     | Pendulum.PendulumAPP:_processSerialData:121 - 🔄 数据来源: 串口接收 -> PendulumState.physical_length
2025-09-02 15:08:44.731 | INFO     | Pendulum.PendulumAPP:_processSerialData:120 - 📏 串口长度数据已更新: L27.924513 -> physical_length=27.924513
2025-09-02 15:08:44.732 | INFO     | Pendulum.PendulumAPP:_processSerialData:121 - 🔄 数据来源: 串口接收 -> PendulumState.physical_length
2025-09-02 15:08:44.791 | INFO     | Pendulum.PendulumAPP:_processSerialData:120 - 📏 串口长度数据已更新: L27.924513 -> physical_length=27.924513
2025-09-02 15:08:44.794 | INFO     | Pendulum.PendulumAPP:_processSerialData:121 - 🔄 数据来源: 串口接收 -> PendulumState.physical_length
2025-09-02 15:08:44.838 | INFO     | Pendulum.PendulumAPP:_processSerialData:120 - 📏 串口长度数据已更新: L27.924513 -> physical_length=27.924513
2025-09-02 15:08:44.839 | INFO     | Pendulum.PendulumAPP:_processSerialData:121 - 🔄 数据来源: 串口接收 -> PendulumState.physical_length
2025-09-02 15:08:44.885 | INFO     | Pendulum.PendulumAPP:_processSerialData:120 - 📏 串口长度数据已更新: L27.924513 -> physical_length=27.924513
2025-09-02 15:08:44.889 | INFO     | Pendulum.PendulumAPP:_processSerialData:121 - 🔄 数据来源: 串口接收 -> PendulumState.physical_length
2025-09-02 15:08:44.932 | INFO     | Pendulum.PendulumAPP:_processSerialData:120 - 📏 串口长度数据已更新: L27.924513 -> physical_length=27.924513
2025-09-02 15:08:44.933 | INFO     | Pendulum.PendulumAPP:_processSerialData:121 - 🔄 数据来源: 串口接收 -> PendulumState.physical_length
2025-09-02 15:08:44.978 | INFO     | Pendulum.PendulumAPP:_processSerialData:120 - 📏 串口长度数据已更新: L27.924513 -> physical_length=27.924513
2025-09-02 15:08:44.979 | INFO     | Pendulum.PendulumAPP:_processSerialData:121 - 🔄 数据来源: 串口接收 -> PendulumState.physical_length
2025-09-02 15:08:45.023 | INFO     | Pendulum.PendulumAPP:_processSerialData:120 - 📏 串口长度数据已更新: L27.924513 -> physical_length=27.924513
2025-09-02 15:08:45.025 | INFO     | Pendulum.PendulumAPP:_processSerialData:121 - 🔄 数据来源: 串口接收 -> PendulumState.physical_length
2025-09-02 15:08:45.071 | INFO     | Pendulum.PendulumAPP:_processSerialData:120 - 📏 串口长度数据已更新: L27.924513 -> physical_length=27.924513
2025-09-02 15:08:45.075 | INFO     | Pendulum.PendulumAPP:_processSerialData:121 - 🔄 数据来源: 串口接收 -> PendulumState.physical_length
2025-09-02 15:08:45.116 | INFO     | Pendulum.PendulumAPP:_processSerialData:120 - 📏 串口长度数据已更新: L27.924513 -> physical_length=27.924513
2025-09-02 15:08:45.117 | INFO     | Pendulum.PendulumAPP:_processSerialData:121 - 🔄 数据来源: 串口接收 -> PendulumState.physical_length
2025-09-02 15:08:45.164 | INFO     | Pendulum.PendulumAPP:_processSerialData:120 - 📏 串口长度数据已更新: L27.924513 -> physical_length=27.924513
2025-09-02 15:08:45.166 | INFO     | Pendulum.PendulumAPP:_processSerialData:121 - 🔄 数据来源: 串口接收 -> PendulumState.physical_length
2025-09-02 15:08:45.209 | INFO     | Pendulum.PendulumAPP:_processSerialData:120 - 📏 串口长度数据已更新: L27.924513 -> physical_length=27.924513
2025-09-02 15:08:45.209 | INFO     | Pendulum.PendulumAPP:_processSerialData:121 - 🔄 数据来源: 串口接收 -> PendulumState.physical_length
2025-09-02 15:08:45.255 | INFO     | Pendulum.PendulumAPP:_processSerialData:120 - 📏 串口长度数据已更新: L27.924513 -> physical_length=27.924513
2025-09-02 15:08:45.257 | INFO     | Pendulum.PendulumAPP:_processSerialData:121 - 🔄 数据来源: 串口接收 -> PendulumState.physical_length
2025-09-02 15:08:45.300 | INFO     | Pendulum.PendulumAPP:_processSerialData:120 - 📏 串口长度数据已更新: L27.924513 -> physical_length=27.924513
2025-09-02 15:08:45.301 | INFO     | Pendulum.PendulumAPP:_processSerialData:121 - 🔄 数据来源: 串口接收 -> PendulumState.physical_length
2025-09-02 15:08:45.364 | INFO     | Pendulum.PendulumAPP:_processSerialData:120 - 📏 串口长度数据已更新: L27.924513 -> physical_length=27.924513
2025-09-02 15:08:45.365 | INFO     | Pendulum.PendulumAPP:_processSerialData:121 - 🔄 数据来源: 串口接收 -> PendulumState.physical_length
2025-09-02 15:08:45.411 | INFO     | Pendulum.PendulumAPP:_processSerialData:120 - 📏 串口长度数据已更新: L27.924513 -> physical_length=27.924513
2025-09-02 15:08:45.412 | INFO     | Pendulum.PendulumAPP:_processSerialData:121 - 🔄 数据来源: 串口接收 -> PendulumState.physical_length
2025-09-02 15:08:45.458 | INFO     | Pendulum.PendulumAPP:_processSerialData:120 - 📏 串口长度数据已更新: L27.924513 -> physical_length=27.924513
2025-09-02 15:08:45.459 | INFO     | Pendulum.PendulumAPP:_processSerialData:121 - 🔄 数据来源: 串口接收 -> PendulumState.physical_length
2025-09-02 15:08:45.504 | INFO     | Pendulum.PendulumAPP:_processSerialData:120 - 📏 串口长度数据已更新: L27.924513 -> physical_length=27.924513
2025-09-02 15:08:45.505 | INFO     | Pendulum.PendulumAPP:_processSerialData:121 - 🔄 数据来源: 串口接收 -> PendulumState.physical_length
2025-09-02 15:08:45.553 | INFO     | Pendulum.PendulumAPP:_processSerialData:120 - 📏 串口长度数据已更新: L27.924513 -> physical_length=27.924513
2025-09-02 15:08:45.553 | INFO     | Pendulum.PendulumAPP:_processSerialData:121 - 🔄 数据来源: 串口接收 -> PendulumState.physical_length
2025-09-02 15:08:45.598 | INFO     | Pendulum.PendulumAPP:_processSerialData:120 - 📏 串口长度数据已更新: L27.924513 -> physical_length=27.924513
2025-09-02 15:08:45.601 | INFO     | Pendulum.PendulumAPP:_processSerialData:121 - 🔄 数据来源: 串口接收 -> PendulumState.physical_length
2025-09-02 15:08:45.646 | INFO     | Pendulum.PendulumAPP:_processSerialData:120 - 📏 串口长度数据已更新: L27.924513 -> physical_length=27.924513
2025-09-02 15:08:45.647 | INFO     | Pendulum.PendulumAPP:_processSerialData:121 - 🔄 数据来源: 串口接收 -> PendulumState.physical_length
2025-09-02 15:08:45.691 | INFO     | Pendulum.PendulumAPP:_processSerialData:120 - 📏 串口长度数据已更新: L27.924513 -> physical_length=27.924513
2025-09-02 15:08:45.700 | INFO     | Pendulum.PendulumAPP:_processSerialData:121 - 🔄 数据来源: 串口接收 -> PendulumState.physical_length
2025-09-02 15:08:45.728 | INFO     | Pendulum.PendulumAPP:_keyEventWeb:274 - u0
2025-09-02 15:08:45.735 | INFO     | Pendulum.SerialConncet:send:199 - sendu0
2025-09-02 15:08:45.739 | INFO     | Pendulum.SerialConncet:send:201 - [发送] u0
2025-09-02 15:08:45.753 | INFO     | Pendulum.PendulumAPP:_processSerialData:120 - 📏 串口长度数据已更新: L27.924513 -> physical_length=27.924513
2025-09-02 15:08:45.754 | INFO     | Pendulum.PendulumAPP:_processSerialData:121 - 🔄 数据来源: 串口接收 -> PendulumState.physical_length
2025-09-02 15:08:45.799 | INFO     | Pendulum.PendulumAPP:_processSerialData:120 - 📏 串口长度数据已更新: L27.924513 -> physical_length=27.924513
2025-09-02 15:08:45.803 | INFO     | Pendulum.PendulumAPP:_processSerialData:121 - 🔄 数据来源: 串口接收 -> PendulumState.physical_length
2025-09-02 15:08:45.848 | INFO     | Pendulum.PendulumAPP:_processSerialData:120 - 📏 串口长度数据已更新: L27.924513 -> physical_length=27.924513
2025-09-02 15:08:45.850 | INFO     | Pendulum.PendulumAPP:_processSerialData:121 - 🔄 数据来源: 串口接收 -> PendulumState.physical_length
2025-09-02 15:08:45.895 | INFO     | Pendulum.PendulumAPP:_processSerialData:120 - 📏 串口长度数据已更新: L27.924513 -> physical_length=27.924513
2025-09-02 15:08:45.896 | INFO     | Pendulum.PendulumAPP:_processSerialData:121 - 🔄 数据来源: 串口接收 -> PendulumState.physical_length
2025-09-02 15:08:45.941 | INFO     | Pendulum.PendulumAPP:_processSerialData:120 - 📏 串口长度数据已更新: L27.924513 -> physical_length=27.924513
2025-09-02 15:08:45.943 | INFO     | Pendulum.PendulumAPP:_processSerialData:121 - 🔄 数据来源: 串口接收 -> PendulumState.physical_length
2025-09-02 15:08:45.988 | INFO     | Pendulum.PendulumAPP:_processSerialData:120 - 📏 串口长度数据已更新: L27.924513 -> physical_length=27.924513
2025-09-02 15:08:45.990 | INFO     | Pendulum.PendulumAPP:_processSerialData:121 - 🔄 数据来源: 串口接收 -> PendulumState.physical_length
2025-09-02 15:08:46.034 | INFO     | Pendulum.PendulumAPP:_processSerialData:120 - 📏 串口长度数据已更新: L27.924513 -> physical_length=27.924513
2025-09-02 15:08:46.035 | INFO     | Pendulum.PendulumAPP:_processSerialData:121 - 🔄 数据来源: 串口接收 -> PendulumState.physical_length
2025-09-02 15:08:46.081 | INFO     | Pendulum.PendulumAPP:_processSerialData:120 - 📏 串口长度数据已更新: L27.924513 -> physical_length=27.924513
2025-09-02 15:08:46.082 | INFO     | Pendulum.PendulumAPP:_processSerialData:121 - 🔄 数据来源: 串口接收 -> PendulumState.physical_length
2025-09-02 15:08:46.129 | INFO     | Pendulum.PendulumAPP:_processSerialData:120 - 📏 串口长度数据已更新: L27.924513 -> physical_length=27.924513
2025-09-02 15:08:46.131 | INFO     | Pendulum.PendulumAPP:_processSerialData:121 - 🔄 数据来源: 串口接收 -> PendulumState.physical_length
2025-09-02 15:08:46.178 | INFO     | Pendulum.PendulumAPP:_processSerialData:120 - 📏 串口长度数据已更新: L27.924513 -> physical_length=27.924513
2025-09-02 15:08:46.180 | INFO     | Pendulum.PendulumAPP:_processSerialData:121 - 🔄 数据来源: 串口接收 -> PendulumState.physical_length
2025-09-02 15:08:46.223 | INFO     | Pendulum.PendulumAPP:_processSerialData:120 - 📏 串口长度数据已更新: L27.924513 -> physical_length=27.924513
2025-09-02 15:08:46.225 | INFO     | Pendulum.PendulumAPP:_processSerialData:121 - 🔄 数据来源: 串口接收 -> PendulumState.physical_length
2025-09-02 15:08:46.270 | INFO     | Pendulum.PendulumAPP:_processSerialData:120 - 📏 串口长度数据已更新: L27.924513 -> physical_length=27.924513
2025-09-02 15:08:46.271 | INFO     | Pendulum.PendulumAPP:_processSerialData:121 - 🔄 数据来源: 串口接收 -> PendulumState.physical_length
2025-09-02 15:08:46.318 | INFO     | Pendulum.PendulumAPP:_processSerialData:120 - 📏 串口长度数据已更新: L27.924513 -> physical_length=27.924513
2025-09-02 15:08:46.321 | INFO     | Pendulum.PendulumAPP:_processSerialData:121 - 🔄 数据来源: 串口接收 -> PendulumState.physical_length
2025-09-02 15:08:46.378 | INFO     | Pendulum.PendulumAPP:_processSerialData:120 - 📏 串口长度数据已更新: L27.924513 -> physical_length=27.924513
2025-09-02 15:08:46.380 | INFO     | Pendulum.PendulumAPP:_processSerialData:121 - 🔄 数据来源: 串口接收 -> PendulumState.physical_length
2025-09-02 15:08:46.424 | INFO     | Pendulum.PendulumAPP:_processSerialData:120 - 📏 串口长度数据已更新: L27.924513 -> physical_length=27.924513
2025-09-02 15:08:46.425 | INFO     | Pendulum.PendulumAPP:_processSerialData:121 - 🔄 数据来源: 串口接收 -> PendulumState.physical_length
2025-09-02 15:08:46.472 | INFO     | Pendulum.PendulumAPP:_processSerialData:120 - 📏 串口长度数据已更新: L27.924513 -> physical_length=27.924513
2025-09-02 15:08:46.473 | INFO     | Pendulum.PendulumAPP:_processSerialData:121 - 🔄 数据来源: 串口接收 -> PendulumState.physical_length
2025-09-02 15:08:46.505 | INFO     | Pendulum.PendulumAPP:_keyEventWeb:268 - u2
2025-09-02 15:08:46.507 | INFO     | Pendulum.SerialConncet:send:199 - sendu2
2025-09-02 15:08:46.510 | INFO     | Pendulum.SerialConncet:send:201 - [发送] u2
2025-09-02 15:08:46.518 | INFO     | Pendulum.PendulumAPP:_processSerialData:120 - 📏 串口长度数据已更新: L27.924513 -> physical_length=27.924513
2025-09-02 15:08:46.519 | INFO     | Pendulum.PendulumAPP:_processSerialData:121 - 🔄 数据来源: 串口接收 -> PendulumState.physical_length
2025-09-02 15:08:46.563 | INFO     | Pendulum.PendulumAPP:_processSerialData:120 - 📏 串口长度数据已更新: L27.924513 -> physical_length=27.924513
2025-09-02 15:08:46.566 | INFO     | Pendulum.PendulumAPP:_processSerialData:121 - 🔄 数据来源: 串口接收 -> PendulumState.physical_length
2025-09-02 15:08:46.610 | INFO     | Pendulum.PendulumAPP:_processSerialData:120 - 📏 串口长度数据已更新: L27.924513 -> physical_length=27.924513
2025-09-02 15:08:46.611 | INFO     | Pendulum.PendulumAPP:_processSerialData:121 - 🔄 数据来源: 串口接收 -> PendulumState.physical_length
2025-09-02 15:08:46.656 | INFO     | Pendulum.PendulumAPP:_processSerialData:120 - 📏 串口长度数据已更新: L27.924513 -> physical_length=27.924513
2025-09-02 15:08:46.659 | INFO     | Pendulum.PendulumAPP:_processSerialData:121 - 🔄 数据来源: 串口接收 -> PendulumState.physical_length
2025-09-02 15:08:46.702 | INFO     | Pendulum.PendulumAPP:_processSerialData:120 - 📏 串口长度数据已更新: L27.924513 -> physical_length=27.924513
2025-09-02 15:08:46.702 | INFO     | Pendulum.PendulumAPP:_processSerialData:121 - 🔄 数据来源: 串口接收 -> PendulumState.physical_length
2025-09-02 15:08:46.749 | INFO     | Pendulum.PendulumAPP:_processSerialData:120 - 📏 串口长度数据已更新: L27.924513 -> physical_length=27.924513
2025-09-02 15:08:46.753 | INFO     | Pendulum.PendulumAPP:_processSerialData:121 - 🔄 数据来源: 串口接收 -> PendulumState.physical_length
2025-09-02 15:08:46.795 | INFO     | Pendulum.PendulumAPP:_processSerialData:120 - 📏 串口长度数据已更新: L27.924513 -> physical_length=27.924513
2025-09-02 15:08:46.795 | INFO     | Pendulum.PendulumAPP:_processSerialData:121 - 🔄 数据来源: 串口接收 -> PendulumState.physical_length
2025-09-02 15:08:46.842 | INFO     | Pendulum.PendulumAPP:_processSerialData:120 - 📏 串口长度数据已更新: L27.924513 -> physical_length=27.924513
2025-09-02 15:08:46.843 | INFO     | Pendulum.PendulumAPP:_processSerialData:121 - 🔄 数据来源: 串口接收 -> PendulumState.physical_length
2025-09-02 15:08:46.889 | INFO     | Pendulum.PendulumAPP:_processSerialData:120 - 📏 串口长度数据已更新: L27.924513 -> physical_length=27.924513
2025-09-02 15:08:46.890 | INFO     | Pendulum.PendulumAPP:_processSerialData:121 - 🔄 数据来源: 串口接收 -> PendulumState.physical_length
2025-09-02 15:08:46.938 | INFO     | Pendulum.PendulumAPP:_processSerialData:120 - 📏 串口长度数据已更新: L27.924513 -> physical_length=27.924513
2025-09-02 15:08:46.941 | INFO     | Pendulum.PendulumAPP:_processSerialData:121 - 🔄 数据来源: 串口接收 -> PendulumState.physical_length
2025-09-02 15:08:46.985 | INFO     | Pendulum.PendulumAPP:_processSerialData:120 - 📏 串口长度数据已更新: L27.924513 -> physical_length=27.924513
2025-09-02 15:08:46.986 | INFO     | Pendulum.PendulumAPP:_processSerialData:121 - 🔄 数据来源: 串口接收 -> PendulumState.physical_length
2025-09-02 15:08:47.032 | INFO     | Pendulum.PendulumAPP:_processSerialData:120 - 📏 串口长度数据已更新: L27.924513 -> physical_length=27.924513
2025-09-02 15:08:47.033 | INFO     | Pendulum.PendulumAPP:_processSerialData:121 - 🔄 数据来源: 串口接收 -> PendulumState.physical_length
2025-09-02 15:08:47.079 | INFO     | Pendulum.PendulumAPP:_processSerialData:120 - 📏 串口长度数据已更新: L27.924513 -> physical_length=27.924513
2025-09-02 15:08:47.081 | INFO     | Pendulum.PendulumAPP:_processSerialData:121 - 🔄 数据来源: 串口接收 -> PendulumState.physical_length
2025-09-02 15:08:47.125 | INFO     | Pendulum.PendulumAPP:_processSerialData:120 - 📏 串口长度数据已更新: L27.924513 -> physical_length=27.924513
2025-09-02 15:08:47.127 | INFO     | Pendulum.PendulumAPP:_processSerialData:121 - 🔄 数据来源: 串口接收 -> PendulumState.physical_length
2025-09-02 15:08:47.160 | INFO     | Pendulum.PendulumAPP:_keyEventWeb:274 - u0
2025-09-02 15:08:47.161 | INFO     | Pendulum.SerialConncet:send:199 - sendu0
2025-09-02 15:08:47.164 | INFO     | Pendulum.SerialConncet:send:201 - [发送] u0
2025-09-02 15:08:47.172 | INFO     | Pendulum.PendulumAPP:_processSerialData:120 - 📏 串口长度数据已更新: L27.924513 -> physical_length=27.924513
2025-09-02 15:08:47.174 | INFO     | Pendulum.PendulumAPP:_processSerialData:121 - 🔄 数据来源: 串口接收 -> PendulumState.physical_length
2025-09-02 15:08:47.219 | INFO     | Pendulum.PendulumAPP:_processSerialData:120 - 📏 串口长度数据已更新: L27.924513 -> physical_length=27.924513
2025-09-02 15:08:47.220 | INFO     | Pendulum.PendulumAPP:_processSerialData:121 - 🔄 数据来源: 串口接收 -> PendulumState.physical_length
2025-09-02 15:08:47.266 | INFO     | Pendulum.PendulumAPP:_processSerialData:120 - 📏 串口长度数据已更新: L27.924513 -> physical_length=27.924513
2025-09-02 15:08:47.266 | INFO     | Pendulum.PendulumAPP:_processSerialData:121 - 🔄 数据来源: 串口接收 -> PendulumState.physical_length
2025-09-02 15:08:47.313 | INFO     | Pendulum.PendulumAPP:_processSerialData:120 - 📏 串口长度数据已更新: L27.924513 -> physical_length=27.924513
2025-09-02 15:08:47.316 | INFO     | Pendulum.PendulumAPP:_processSerialData:121 - 🔄 数据来源: 串口接收 -> PendulumState.physical_length
2025-09-02 15:08:47.360 | INFO     | Pendulum.PendulumAPP:_processSerialData:120 - 📏 串口长度数据已更新: L27.924513 -> physical_length=27.924513
2025-09-02 15:08:47.361 | INFO     | Pendulum.PendulumAPP:_processSerialData:121 - 🔄 数据来源: 串口接收 -> PendulumState.physical_length
2025-09-02 15:08:47.406 | INFO     | Pendulum.PendulumAPP:_processSerialData:120 - 📏 串口长度数据已更新: L27.924513 -> physical_length=27.924513
2025-09-02 15:08:47.408 | INFO     | Pendulum.PendulumAPP:_processSerialData:121 - 🔄 数据来源: 串口接收 -> PendulumState.physical_length
2025-09-02 15:08:47.454 | INFO     | Pendulum.PendulumAPP:_processSerialData:120 - 📏 串口长度数据已更新: L27.924513 -> physical_length=27.924513
2025-09-02 15:08:47.456 | INFO     | Pendulum.PendulumAPP:_processSerialData:121 - 🔄 数据来源: 串口接收 -> PendulumState.physical_length
2025-09-02 15:08:47.500 | INFO     | Pendulum.PendulumAPP:_processSerialData:120 - 📏 串口长度数据已更新: L27.924513 -> physical_length=27.924513
2025-09-02 15:08:47.502 | INFO     | Pendulum.PendulumAPP:_processSerialData:121 - 🔄 数据来源: 串口接收 -> PendulumState.physical_length
2025-09-02 15:08:47.546 | INFO     | Pendulum.PendulumAPP:_processSerialData:120 - 📏 串口长度数据已更新: L27.924513 -> physical_length=27.924513
2025-09-02 15:08:47.549 | INFO     | Pendulum.PendulumAPP:_processSerialData:121 - 🔄 数据来源: 串口接收 -> PendulumState.physical_length
2025-09-02 15:08:47.593 | INFO     | Pendulum.PendulumAPP:_processSerialData:120 - 📏 串口长度数据已更新: L27.924513 -> physical_length=27.924513
2025-09-02 15:08:47.595 | INFO     | Pendulum.PendulumAPP:_processSerialData:121 - 🔄 数据来源: 串口接收 -> PendulumState.physical_length
2025-09-02 15:08:47.640 | INFO     | Pendulum.PendulumAPP:_processSerialData:120 - 📏 串口长度数据已更新: L27.924513 -> physical_length=27.924513
2025-09-02 15:08:47.642 | INFO     | Pendulum.PendulumAPP:_processSerialData:121 - 🔄 数据来源: 串口接收 -> PendulumState.physical_length
2025-09-02 15:08:47.686 | INFO     | Pendulum.PendulumAPP:_processSerialData:120 - 📏 串口长度数据已更新: L27.924513 -> physical_length=27.924513
2025-09-02 15:08:47.687 | INFO     | Pendulum.PendulumAPP:_processSerialData:121 - 🔄 数据来源: 串口接收 -> PendulumState.physical_length
2025-09-02 15:08:47.733 | INFO     | Pendulum.PendulumAPP:_processSerialData:120 - 📏 串口长度数据已更新: L27.924513 -> physical_length=27.924513
2025-09-02 15:08:47.733 | INFO     | Pendulum.PendulumAPP:_processSerialData:121 - 🔄 数据来源: 串口接收 -> PendulumState.physical_length
2025-09-02 15:08:47.779 | INFO     | Pendulum.PendulumAPP:_processSerialData:120 - 📏 串口长度数据已更新: L27.924513 -> physical_length=27.924513
2025-09-02 15:08:47.780 | INFO     | Pendulum.PendulumAPP:_processSerialData:121 - 🔄 数据来源: 串口接收 -> PendulumState.physical_length
2025-09-02 15:08:47.825 | INFO     | Pendulum.PendulumAPP:_processSerialData:120 - 📏 串口长度数据已更新: L27.924513 -> physical_length=27.924513
2025-09-02 15:08:47.827 | INFO     | Pendulum.PendulumAPP:_processSerialData:121 - 🔄 数据来源: 串口接收 -> PendulumState.physical_length
2025-09-02 15:08:47.871 | INFO     | Pendulum.PendulumAPP:_processSerialData:120 - 📏 串口长度数据已更新: L27.924513 -> physical_length=27.924513
2025-09-02 15:08:47.872 | INFO     | Pendulum.PendulumAPP:_processSerialData:121 - 🔄 数据来源: 串口接收 -> PendulumState.physical_length
2025-09-02 15:08:47.918 | INFO     | Pendulum.PendulumAPP:_processSerialData:120 - 📏 串口长度数据已更新: L27.924513 -> physical_length=27.924513
2025-09-02 15:08:47.920 | INFO     | Pendulum.PendulumAPP:_processSerialData:121 - 🔄 数据来源: 串口接收 -> PendulumState.physical_length
2025-09-02 15:08:47.966 | INFO     | Pendulum.PendulumAPP:_processSerialData:120 - 📏 串口长度数据已更新: L27.924513 -> physical_length=27.924513
2025-09-02 15:08:47.968 | INFO     | Pendulum.PendulumAPP:_processSerialData:121 - 🔄 数据来源: 串口接收 -> PendulumState.physical_length
2025-09-02 15:08:48.011 | INFO     | Pendulum.PendulumAPP:_processSerialData:120 - 📏 串口长度数据已更新: L27.924513 -> physical_length=27.924513
2025-09-02 15:08:48.013 | INFO     | Pendulum.PendulumAPP:_processSerialData:121 - 🔄 数据来源: 串口接收 -> PendulumState.physical_length
2025-09-02 15:08:48.057 | INFO     | Pendulum.PendulumAPP:_processSerialData:120 - 📏 串口长度数据已更新: L27.924513 -> physical_length=27.924513
2025-09-02 15:08:48.058 | INFO     | Pendulum.PendulumAPP:_processSerialData:121 - 🔄 数据来源: 串口接收 -> PendulumState.physical_length
2025-09-02 15:08:48.105 | INFO     | Pendulum.PendulumAPP:_processSerialData:120 - 📏 串口长度数据已更新: L27.924513 -> physical_length=27.924513
2025-09-02 15:08:48.106 | INFO     | Pendulum.PendulumAPP:_processSerialData:121 - 🔄 数据来源: 串口接收 -> PendulumState.physical_length
2025-09-02 15:08:48.151 | INFO     | Pendulum.PendulumAPP:_processSerialData:120 - 📏 串口长度数据已更新: L27.924513 -> physical_length=27.924513
2025-09-02 15:08:48.152 | INFO     | Pendulum.PendulumAPP:_processSerialData:121 - 🔄 数据来源: 串口接收 -> PendulumState.physical_length
2025-09-02 15:08:48.199 | INFO     | Pendulum.PendulumAPP:_processSerialData:120 - 📏 串口长度数据已更新: L27.924513 -> physical_length=27.924513
2025-09-02 15:08:48.200 | INFO     | Pendulum.PendulumAPP:_processSerialData:121 - 🔄 数据来源: 串口接收 -> PendulumState.physical_length
2025-09-02 15:08:48.245 | INFO     | Pendulum.PendulumAPP:_processSerialData:120 - 📏 串口长度数据已更新: L27.924513 -> physical_length=27.924513
2025-09-02 15:08:48.245 | INFO     | Pendulum.PendulumAPP:_processSerialData:121 - 🔄 数据来源: 串口接收 -> PendulumState.physical_length
2025-09-02 15:08:48.291 | INFO     | Pendulum.PendulumAPP:_processSerialData:120 - 📏 串口长度数据已更新: L27.924513 -> physical_length=27.924513
2025-09-02 15:08:48.292 | INFO     | Pendulum.PendulumAPP:_processSerialData:121 - 🔄 数据来源: 串口接收 -> PendulumState.physical_length
2025-09-02 15:08:48.339 | INFO     | Pendulum.PendulumAPP:_processSerialData:120 - 📏 串口长度数据已更新: L27.924513 -> physical_length=27.924513
2025-09-02 15:08:48.341 | INFO     | Pendulum.PendulumAPP:_processSerialData:121 - 🔄 数据来源: 串口接收 -> PendulumState.physical_length
2025-09-02 15:08:48.384 | INFO     | Pendulum.PendulumAPP:_processSerialData:120 - 📏 串口长度数据已更新: L27.924513 -> physical_length=27.924513
2025-09-02 15:08:48.385 | INFO     | Pendulum.PendulumAPP:_processSerialData:121 - 🔄 数据来源: 串口接收 -> PendulumState.physical_length
2025-09-02 15:08:48.431 | INFO     | Pendulum.PendulumAPP:_processSerialData:120 - 📏 串口长度数据已更新: L27.924513 -> physical_length=27.924513
2025-09-02 15:08:48.432 | INFO     | Pendulum.PendulumAPP:_processSerialData:121 - 🔄 数据来源: 串口接收 -> PendulumState.physical_length
