2025-09-02 14:47:40.221 | INFO     | Pendulum.PendulumAPP:_processSerialData:121 - 🔄 数据来源: 串口接收 -> PendulumState.physical_length
2025-09-02 14:47:40.256 | INFO     | Pendulum.PendulumAPP:_keyEventWeb:268 - u2
2025-09-02 14:47:40.258 | INFO     | Pendulum.SerialConncet:send:199 - sendu2
2025-09-02 14:47:40.259 | INFO     | Pendulum.SerialConncet:send:201 - [发送] u2
2025-09-02 14:47:40.267 | INFO     | Pendulum.PendulumAPP:_processSerialData:120 - 📏 串口长度数据已更新: L40.934315 -> physical_length=40.934315
2025-09-02 14:47:40.272 | INFO     | Pendulum.PendulumAPP:_processSerialData:121 - 🔄 数据来源: 串口接收 -> PendulumState.physical_length
2025-09-02 14:47:40.314 | INFO     | Pendulum.PendulumAPP:_processSerialData:120 - 📏 串口长度数据已更新: L40.934315 -> physical_length=40.934315
2025-09-02 14:47:40.314 | INFO     | Pendulum.PendulumAPP:_processSerialData:121 - 🔄 数据来源: 串口接收 -> PendulumState.physical_length
2025-09-02 14:47:40.363 | INFO     | Pendulum.PendulumAPP:_processSerialData:120 - 📏 串口长度数据已更新: L40.934315 -> physical_length=40.934315
2025-09-02 14:47:40.366 | INFO     | Pendulum.PendulumAPP:_processSerialData:121 - 🔄 数据来源: 串口接收 -> PendulumState.physical_length
2025-09-02 14:47:40.409 | INFO     | Pendulum.PendulumAPP:_processSerialData:120 - 📏 串口长度数据已更新: L40.934315 -> physical_length=40.934315
2025-09-02 14:47:40.410 | INFO     | Pendulum.PendulumAPP:_processSerialData:121 - 🔄 数据来源: 串口接收 -> PendulumState.physical_length
2025-09-02 14:47:40.456 | INFO     | Pendulum.PendulumAPP:_processSerialData:120 - 📏 串口长度数据已更新: L40.934315 -> physical_length=40.934315
2025-09-02 14:47:40.457 | INFO     | Pendulum.PendulumAPP:_processSerialData:121 - 🔄 数据来源: 串口接收 -> PendulumState.physical_length
2025-09-02 14:47:40.502 | INFO     | Pendulum.PendulumAPP:_processSerialData:120 - 📏 串口长度数据已更新: L40.934315 -> physical_length=40.934315
2025-09-02 14:47:40.503 | INFO     | Pendulum.PendulumAPP:_processSerialData:121 - 🔄 数据来源: 串口接收 -> PendulumState.physical_length
2025-09-02 14:47:40.548 | INFO     | Pendulum.PendulumAPP:_processSerialData:120 - 📏 串口长度数据已更新: L40.934315 -> physical_length=40.934315
2025-09-02 14:47:40.549 | INFO     | Pendulum.PendulumAPP:_processSerialData:121 - 🔄 数据来源: 串口接收 -> PendulumState.physical_length
2025-09-02 14:47:40.594 | INFO     | Pendulum.PendulumAPP:_processSerialData:120 - 📏 串口长度数据已更新: L40.934315 -> physical_length=40.934315
2025-09-02 14:47:40.595 | INFO     | Pendulum.PendulumAPP:_processSerialData:121 - 🔄 数据来源: 串口接收 -> PendulumState.physical_length
2025-09-02 14:47:40.641 | INFO     | Pendulum.PendulumAPP:_processSerialData:120 - 📏 串口长度数据已更新: L40.934315 -> physical_length=40.934315
2025-09-02 14:47:40.642 | INFO     | Pendulum.PendulumAPP:_processSerialData:121 - 🔄 数据来源: 串口接收 -> PendulumState.physical_length
2025-09-02 14:47:40.688 | INFO     | Pendulum.PendulumAPP:_processSerialData:120 - 📏 串口长度数据已更新: L40.934315 -> physical_length=40.934315
2025-09-02 14:47:40.688 | INFO     | Pendulum.PendulumAPP:_processSerialData:121 - 🔄 数据来源: 串口接收 -> PendulumState.physical_length
2025-09-02 14:47:40.735 | INFO     | Pendulum.PendulumAPP:_processSerialData:120 - 📏 串口长度数据已更新: L40.934315 -> physical_length=40.934315
2025-09-02 14:47:40.736 | INFO     | Pendulum.PendulumAPP:_processSerialData:121 - 🔄 数据来源: 串口接收 -> PendulumState.physical_length
2025-09-02 14:47:40.782 | INFO     | Pendulum.PendulumAPP:_processSerialData:120 - 📏 串口长度数据已更新: L40.934315 -> physical_length=40.934315
2025-09-02 14:47:40.783 | INFO     | Pendulum.PendulumAPP:_processSerialData:121 - 🔄 数据来源: 串口接收 -> PendulumState.physical_length
2025-09-02 14:47:40.828 | INFO     | Pendulum.PendulumAPP:_processSerialData:120 - 📏 串口长度数据已更新: L40.934315 -> physical_length=40.934315
2025-09-02 14:47:40.830 | INFO     | Pendulum.PendulumAPP:_processSerialData:121 - 🔄 数据来源: 串口接收 -> PendulumState.physical_length
2025-09-02 14:47:40.875 | INFO     | Pendulum.PendulumAPP:_processSerialData:120 - 📏 串口长度数据已更新: L40.934315 -> physical_length=40.934315
2025-09-02 14:47:40.878 | INFO     | Pendulum.PendulumAPP:_processSerialData:121 - 🔄 数据来源: 串口接收 -> PendulumState.physical_length
2025-09-02 14:47:40.923 | INFO     | Pendulum.PendulumAPP:_processSerialData:120 - 📏 串口长度数据已更新: L40.934315 -> physical_length=40.934315
2025-09-02 14:47:40.924 | INFO     | Pendulum.PendulumAPP:_processSerialData:121 - 🔄 数据来源: 串口接收 -> PendulumState.physical_length
2025-09-02 14:47:40.969 | INFO     | Pendulum.PendulumAPP:_processSerialData:120 - 📏 串口长度数据已更新: L40.934315 -> physical_length=40.934315
2025-09-02 14:47:40.970 | INFO     | Pendulum.PendulumAPP:_processSerialData:121 - 🔄 数据来源: 串口接收 -> PendulumState.physical_length
2025-09-02 14:47:41.015 | INFO     | Pendulum.PendulumAPP:_processSerialData:120 - 📏 串口长度数据已更新: L40.934315 -> physical_length=40.934315
2025-09-02 14:47:41.016 | INFO     | Pendulum.PendulumAPP:_processSerialData:121 - 🔄 数据来源: 串口接收 -> PendulumState.physical_length
2025-09-02 14:47:41.061 | INFO     | Pendulum.PendulumAPP:_processSerialData:120 - 📏 串口长度数据已更新: L40.934315 -> physical_length=40.934315
2025-09-02 14:47:41.062 | INFO     | Pendulum.PendulumAPP:_processSerialData:121 - 🔄 数据来源: 串口接收 -> PendulumState.physical_length
2025-09-02 14:47:41.107 | INFO     | Pendulum.PendulumAPP:_processSerialData:120 - 📏 串口长度数据已更新: L40.934315 -> physical_length=40.934315
2025-09-02 14:47:41.108 | INFO     | Pendulum.PendulumAPP:_processSerialData:121 - 🔄 数据来源: 串口接收 -> PendulumState.physical_length
2025-09-02 14:47:41.153 | INFO     | Pendulum.PendulumAPP:_processSerialData:120 - 📏 串口长度数据已更新: L40.934315 -> physical_length=40.934315
2025-09-02 14:47:41.154 | INFO     | Pendulum.PendulumAPP:_processSerialData:121 - 🔄 数据来源: 串口接收 -> PendulumState.physical_length
2025-09-02 14:47:41.200 | INFO     | Pendulum.PendulumAPP:_processSerialData:120 - 📏 串口长度数据已更新: L40.934315 -> physical_length=40.934315
2025-09-02 14:47:41.201 | INFO     | Pendulum.PendulumAPP:_processSerialData:121 - 🔄 数据来源: 串口接收 -> PendulumState.physical_length
2025-09-02 14:47:41.247 | INFO     | Pendulum.PendulumAPP:_processSerialData:120 - 📏 串口长度数据已更新: L40.934315 -> physical_length=40.934315
2025-09-02 14:47:41.250 | INFO     | Pendulum.PendulumAPP:_processSerialData:121 - 🔄 数据来源: 串口接收 -> PendulumState.physical_length
2025-09-02 14:47:41.294 | INFO     | Pendulum.PendulumAPP:_processSerialData:120 - 📏 串口长度数据已更新: L40.934315 -> physical_length=40.934315
2025-09-02 14:47:41.296 | INFO     | Pendulum.PendulumAPP:_processSerialData:121 - 🔄 数据来源: 串口接收 -> PendulumState.physical_length
2025-09-02 14:47:41.341 | INFO     | Pendulum.PendulumAPP:_processSerialData:120 - 📏 串口长度数据已更新: L40.934315 -> physical_length=40.934315
2025-09-02 14:47:41.342 | INFO     | Pendulum.PendulumAPP:_processSerialData:121 - 🔄 数据来源: 串口接收 -> PendulumState.physical_length
2025-09-02 14:47:41.387 | INFO     | Pendulum.PendulumAPP:_processSerialData:120 - 📏 串口长度数据已更新: L40.934315 -> physical_length=40.934315
2025-09-02 14:47:41.388 | INFO     | Pendulum.PendulumAPP:_processSerialData:121 - 🔄 数据来源: 串口接收 -> PendulumState.physical_length
2025-09-02 14:47:41.434 | INFO     | Pendulum.PendulumAPP:_processSerialData:120 - 📏 串口长度数据已更新: L40.934315 -> physical_length=40.934315
2025-09-02 14:47:41.435 | INFO     | Pendulum.PendulumAPP:_processSerialData:121 - 🔄 数据来源: 串口接收 -> PendulumState.physical_length
2025-09-02 14:47:41.481 | INFO     | Pendulum.PendulumAPP:_processSerialData:120 - 📏 串口长度数据已更新: L40.934315 -> physical_length=40.934315
2025-09-02 14:47:41.482 | INFO     | Pendulum.PendulumAPP:_processSerialData:121 - 🔄 数据来源: 串口接收 -> PendulumState.physical_length
2025-09-02 14:47:41.527 | INFO     | Pendulum.PendulumAPP:_processSerialData:120 - 📏 串口长度数据已更新: L40.934315 -> physical_length=40.934315
2025-09-02 14:47:41.532 | INFO     | Pendulum.PendulumAPP:_processSerialData:121 - 🔄 数据来源: 串口接收 -> PendulumState.physical_length
2025-09-02 14:47:41.573 | INFO     | Pendulum.PendulumAPP:_processSerialData:120 - 📏 串口长度数据已更新: L40.934315 -> physical_length=40.934315
2025-09-02 14:47:41.574 | INFO     | Pendulum.PendulumAPP:_processSerialData:121 - 🔄 数据来源: 串口接收 -> PendulumState.physical_length
2025-09-02 14:47:41.620 | INFO     | Pendulum.PendulumAPP:_processSerialData:120 - 📏 串口长度数据已更新: L40.934315 -> physical_length=40.934315
2025-09-02 14:47:41.621 | INFO     | Pendulum.PendulumAPP:_processSerialData:121 - 🔄 数据来源: 串口接收 -> PendulumState.physical_length
2025-09-02 14:47:41.666 | INFO     | Pendulum.PendulumAPP:_processSerialData:120 - 📏 串口长度数据已更新: L40.934315 -> physical_length=40.934315
2025-09-02 14:47:41.667 | INFO     | Pendulum.PendulumAPP:_processSerialData:121 - 🔄 数据来源: 串口接收 -> PendulumState.physical_length
2025-09-02 14:47:41.714 | INFO     | Pendulum.PendulumAPP:_processSerialData:120 - 📏 串口长度数据已更新: L40.934315 -> physical_length=40.934315
2025-09-02 14:47:41.715 | INFO     | Pendulum.PendulumAPP:_processSerialData:121 - 🔄 数据来源: 串口接收 -> PendulumState.physical_length
2025-09-02 14:47:41.760 | INFO     | Pendulum.PendulumAPP:_processSerialData:120 - 📏 串口长度数据已更新: L40.934315 -> physical_length=40.934315
2025-09-02 14:47:41.761 | INFO     | Pendulum.PendulumAPP:_processSerialData:121 - 🔄 数据来源: 串口接收 -> PendulumState.physical_length
2025-09-02 14:47:41.807 | INFO     | Pendulum.PendulumAPP:_processSerialData:120 - 📏 串口长度数据已更新: L40.934315 -> physical_length=40.934315
2025-09-02 14:47:41.808 | INFO     | Pendulum.PendulumAPP:_processSerialData:121 - 🔄 数据来源: 串口接收 -> PendulumState.physical_length
2025-09-02 14:47:41.855 | INFO     | Pendulum.PendulumAPP:_processSerialData:120 - 📏 串口长度数据已更新: L40.934315 -> physical_length=40.934315
2025-09-02 14:47:41.855 | INFO     | Pendulum.PendulumAPP:_processSerialData:121 - 🔄 数据来源: 串口接收 -> PendulumState.physical_length
2025-09-02 14:47:41.900 | INFO     | Pendulum.PendulumAPP:_processSerialData:120 - 📏 串口长度数据已更新: L40.934315 -> physical_length=40.934315
2025-09-02 14:47:41.902 | INFO     | Pendulum.PendulumAPP:_processSerialData:121 - 🔄 数据来源: 串口接收 -> PendulumState.physical_length
2025-09-02 14:47:41.947 | INFO     | Pendulum.PendulumAPP:_processSerialData:120 - 📏 串口长度数据已更新: L40.934315 -> physical_length=40.934315
2025-09-02 14:47:41.950 | INFO     | Pendulum.PendulumAPP:_processSerialData:121 - 🔄 数据来源: 串口接收 -> PendulumState.physical_length
2025-09-02 14:47:41.993 | INFO     | Pendulum.PendulumAPP:_processSerialData:120 - 📏 串口长度数据已更新: L40.934315 -> physical_length=40.934315
2025-09-02 14:47:41.994 | INFO     | Pendulum.PendulumAPP:_processSerialData:121 - 🔄 数据来源: 串口接收 -> PendulumState.physical_length
2025-09-02 14:47:42.040 | INFO     | Pendulum.PendulumAPP:_processSerialData:120 - 📏 串口长度数据已更新: L40.934315 -> physical_length=40.934315
2025-09-02 14:47:42.042 | INFO     | Pendulum.PendulumAPP:_processSerialData:121 - 🔄 数据来源: 串口接收 -> PendulumState.physical_length
2025-09-02 14:47:42.088 | INFO     | Pendulum.PendulumAPP:_processSerialData:120 - 📏 串口长度数据已更新: L40.934315 -> physical_length=40.934315
2025-09-02 14:47:42.090 | INFO     | Pendulum.PendulumAPP:_processSerialData:121 - 🔄 数据来源: 串口接收 -> PendulumState.physical_length
2025-09-02 14:47:42.133 | INFO     | Pendulum.PendulumAPP:_processSerialData:120 - 📏 串口长度数据已更新: L40.934315 -> physical_length=40.934315
2025-09-02 14:47:42.135 | INFO     | Pendulum.PendulumAPP:_processSerialData:121 - 🔄 数据来源: 串口接收 -> PendulumState.physical_length
2025-09-02 14:47:42.180 | INFO     | Pendulum.PendulumAPP:_processSerialData:120 - 📏 串口长度数据已更新: L40.934315 -> physical_length=40.934315
2025-09-02 14:47:42.181 | INFO     | Pendulum.PendulumAPP:_processSerialData:121 - 🔄 数据来源: 串口接收 -> PendulumState.physical_length
2025-09-02 14:47:42.227 | INFO     | Pendulum.PendulumAPP:_processSerialData:120 - 📏 串口长度数据已更新: L40.934315 -> physical_length=40.934315
2025-09-02 14:47:42.228 | INFO     | Pendulum.PendulumAPP:_processSerialData:121 - 🔄 数据来源: 串口接收 -> PendulumState.physical_length
2025-09-02 14:47:42.273 | INFO     | Pendulum.PendulumAPP:_processSerialData:120 - 📏 串口长度数据已更新: L40.934315 -> physical_length=40.934315
2025-09-02 14:47:42.276 | INFO     | Pendulum.PendulumAPP:_processSerialData:121 - 🔄 数据来源: 串口接收 -> PendulumState.physical_length
2025-09-02 14:47:42.319 | INFO     | Pendulum.PendulumAPP:_processSerialData:120 - 📏 串口长度数据已更新: L40.934315 -> physical_length=40.934315
2025-09-02 14:47:42.324 | INFO     | Pendulum.PendulumAPP:_processSerialData:121 - 🔄 数据来源: 串口接收 -> PendulumState.physical_length
2025-09-02 14:47:42.366 | INFO     | Pendulum.PendulumAPP:_processSerialData:120 - 📏 串口长度数据已更新: L40.934315 -> physical_length=40.934315
2025-09-02 14:47:42.367 | INFO     | Pendulum.PendulumAPP:_processSerialData:121 - 🔄 数据来源: 串口接收 -> PendulumState.physical_length
2025-09-02 14:47:42.413 | INFO     | Pendulum.PendulumAPP:_processSerialData:120 - 📏 串口长度数据已更新: L40.934315 -> physical_length=40.934315
2025-09-02 14:47:42.414 | INFO     | Pendulum.PendulumAPP:_processSerialData:121 - 🔄 数据来源: 串口接收 -> PendulumState.physical_length
2025-09-02 14:47:42.459 | INFO     | Pendulum.PendulumAPP:_processSerialData:120 - 📏 串口长度数据已更新: L40.934315 -> physical_length=40.934315
2025-09-02 14:47:42.462 | INFO     | Pendulum.PendulumAPP:_processSerialData:121 - 🔄 数据来源: 串口接收 -> PendulumState.physical_length
2025-09-02 14:47:42.506 | INFO     | Pendulum.PendulumAPP:_processSerialData:120 - 📏 串口长度数据已更新: L40.934315 -> physical_length=40.934315
2025-09-02 14:47:42.509 | INFO     | Pendulum.PendulumAPP:_processSerialData:121 - 🔄 数据来源: 串口接收 -> PendulumState.physical_length
2025-09-02 14:47:42.552 | INFO     | Pendulum.PendulumAPP:_processSerialData:120 - 📏 串口长度数据已更新: L40.934315 -> physical_length=40.934315
2025-09-02 14:47:42.553 | INFO     | Pendulum.PendulumAPP:_processSerialData:121 - 🔄 数据来源: 串口接收 -> PendulumState.physical_length
2025-09-02 14:47:42.599 | INFO     | Pendulum.PendulumAPP:_processSerialData:120 - 📏 串口长度数据已更新: L40.934315 -> physical_length=40.934315
2025-09-02 14:47:42.600 | INFO     | Pendulum.PendulumAPP:_processSerialData:121 - 🔄 数据来源: 串口接收 -> PendulumState.physical_length
2025-09-02 14:47:42.646 | INFO     | Pendulum.PendulumAPP:_processSerialData:120 - 📏 串口长度数据已更新: L40.934315 -> physical_length=40.934315
2025-09-02 14:47:42.647 | INFO     | Pendulum.PendulumAPP:_processSerialData:121 - 🔄 数据来源: 串口接收 -> PendulumState.physical_length
2025-09-02 14:47:42.691 | INFO     | Pendulum.PendulumAPP:_processSerialData:120 - 📏 串口长度数据已更新: L40.934315 -> physical_length=40.934315
2025-09-02 14:47:42.692 | INFO     | Pendulum.PendulumAPP:_processSerialData:121 - 🔄 数据来源: 串口接收 -> PendulumState.physical_length
2025-09-02 14:47:42.738 | INFO     | Pendulum.PendulumAPP:_processSerialData:120 - 📏 串口长度数据已更新: L40.934315 -> physical_length=40.934315
2025-09-02 14:47:42.739 | INFO     | Pendulum.PendulumAPP:_processSerialData:121 - 🔄 数据来源: 串口接收 -> PendulumState.physical_length
2025-09-02 14:47:42.784 | INFO     | Pendulum.PendulumAPP:_processSerialData:120 - 📏 串口长度数据已更新: L40.934315 -> physical_length=40.934315
2025-09-02 14:47:42.784 | INFO     | Pendulum.PendulumAPP:_processSerialData:121 - 🔄 数据来源: 串口接收 -> PendulumState.physical_length
2025-09-02 14:47:42.833 | INFO     | Pendulum.PendulumAPP:_processSerialData:120 - 📏 串口长度数据已更新: L40.934315 -> physical_length=40.934315
2025-09-02 14:47:42.838 | INFO     | Pendulum.PendulumAPP:_processSerialData:121 - 🔄 数据来源: 串口接收 -> PendulumState.physical_length
2025-09-02 14:47:42.892 | INFO     | Pendulum.PendulumAPP:_processSerialData:120 - 📏 串口长度数据已更新: L40.934315 -> physical_length=40.934315
2025-09-02 14:47:42.901 | INFO     | Pendulum.PendulumAPP:_processSerialData:121 - 🔄 数据来源: 串口接收 -> PendulumState.physical_length
2025-09-02 14:47:42.943 | INFO     | Pendulum.PendulumAPP:_processSerialData:120 - 📏 串口长度数据已更新: L40.934315 -> physical_length=40.934315
2025-09-02 14:47:42.944 | INFO     | Pendulum.PendulumAPP:_processSerialData:121 - 🔄 数据来源: 串口接收 -> PendulumState.physical_length
2025-09-02 14:47:42.983 | INFO     | Pendulum.PendulumAPP:_processSerialData:120 - 📏 串口长度数据已更新: L40.934315 -> physical_length=40.934315
2025-09-02 14:47:42.984 | INFO     | Pendulum.PendulumAPP:_processSerialData:121 - 🔄 数据来源: 串口接收 -> PendulumState.physical_length
2025-09-02 14:47:43.030 | INFO     | Pendulum.PendulumAPP:_processSerialData:120 - 📏 串口长度数据已更新: L40.934315 -> physical_length=40.934315
2025-09-02 14:47:43.031 | INFO     | Pendulum.PendulumAPP:_processSerialData:121 - 🔄 数据来源: 串口接收 -> PendulumState.physical_length
2025-09-02 14:47:43.077 | INFO     | Pendulum.PendulumAPP:_processSerialData:120 - 📏 串口长度数据已更新: L40.934315 -> physical_length=40.934315
2025-09-02 14:47:43.080 | INFO     | Pendulum.PendulumAPP:_processSerialData:121 - 🔄 数据来源: 串口接收 -> PendulumState.physical_length
2025-09-02 14:47:43.123 | INFO     | Pendulum.PendulumAPP:_processSerialData:120 - 📏 串口长度数据已更新: L40.934315 -> physical_length=40.934315
2025-09-02 14:47:43.123 | INFO     | Pendulum.PendulumAPP:_processSerialData:121 - 🔄 数据来源: 串口接收 -> PendulumState.physical_length
2025-09-02 14:47:43.169 | INFO     | Pendulum.PendulumAPP:_processSerialData:120 - 📏 串口长度数据已更新: L40.934315 -> physical_length=40.934315
2025-09-02 14:47:43.171 | INFO     | Pendulum.PendulumAPP:_processSerialData:121 - 🔄 数据来源: 串口接收 -> PendulumState.physical_length
2025-09-02 14:47:43.215 | INFO     | Pendulum.PendulumAPP:_processSerialData:120 - 📏 串口长度数据已更新: L40.934315 -> physical_length=40.934315
2025-09-02 14:47:43.216 | INFO     | Pendulum.PendulumAPP:_processSerialData:121 - 🔄 数据来源: 串口接收 -> PendulumState.physical_length
2025-09-02 14:47:43.264 | INFO     | Pendulum.PendulumAPP:_processSerialData:120 - 📏 串口长度数据已更新: L40.934315 -> physical_length=40.934315
2025-09-02 14:47:43.267 | INFO     | Pendulum.PendulumAPP:_processSerialData:121 - 🔄 数据来源: 串口接收 -> PendulumState.physical_length
2025-09-02 14:47:43.310 | INFO     | Pendulum.PendulumAPP:_processSerialData:120 - 📏 串口长度数据已更新: L40.934315 -> physical_length=40.934315
2025-09-02 14:47:43.312 | INFO     | Pendulum.PendulumAPP:_processSerialData:121 - 🔄 数据来源: 串口接收 -> PendulumState.physical_length
2025-09-02 14:47:43.357 | INFO     | Pendulum.PendulumAPP:_processSerialData:120 - 📏 串口长度数据已更新: L40.934315 -> physical_length=40.934315
2025-09-02 14:47:43.359 | INFO     | Pendulum.PendulumAPP:_processSerialData:121 - 🔄 数据来源: 串口接收 -> PendulumState.physical_length
2025-09-02 14:47:43.398 | INFO     | Pendulum.PendulumAPP:_processSerialData:120 - 📏 串口长度数据已更新: L40.934315 -> physical_length=40.934315
2025-09-02 14:47:43.398 | INFO     | Pendulum.PendulumAPP:_processSerialData:121 - 🔄 数据来源: 串口接收 -> PendulumState.physical_length
2025-09-02 14:47:43.446 | INFO     | Pendulum.PendulumAPP:_processSerialData:120 - 📏 串口长度数据已更新: L40.934315 -> physical_length=40.934315
2025-09-02 14:47:43.447 | INFO     | Pendulum.PendulumAPP:_processSerialData:121 - 🔄 数据来源: 串口接收 -> PendulumState.physical_length
2025-09-02 14:47:43.492 | INFO     | Pendulum.PendulumAPP:_processSerialData:120 - 📏 串口长度数据已更新: L40.934315 -> physical_length=40.934315
2025-09-02 14:47:43.493 | INFO     | Pendulum.PendulumAPP:_processSerialData:121 - 🔄 数据来源: 串口接收 -> PendulumState.physical_length
2025-09-02 14:47:43.539 | INFO     | Pendulum.PendulumAPP:_processSerialData:120 - 📏 串口长度数据已更新: L40.934315 -> physical_length=40.934315
2025-09-02 14:47:43.540 | INFO     | Pendulum.PendulumAPP:_processSerialData:121 - 🔄 数据来源: 串口接收 -> PendulumState.physical_length
2025-09-02 14:47:43.586 | INFO     | Pendulum.PendulumAPP:_processSerialData:120 - 📏 串口长度数据已更新: L40.934315 -> physical_length=40.934315
2025-09-02 14:47:43.587 | INFO     | Pendulum.PendulumAPP:_processSerialData:121 - 🔄 数据来源: 串口接收 -> PendulumState.physical_length
2025-09-02 14:47:43.633 | INFO     | Pendulum.PendulumAPP:_processSerialData:120 - 📏 串口长度数据已更新: L40.934315 -> physical_length=40.934315
2025-09-02 14:47:43.634 | INFO     | Pendulum.PendulumAPP:_processSerialData:121 - 🔄 数据来源: 串口接收 -> PendulumState.physical_length
2025-09-02 14:47:43.679 | INFO     | Pendulum.PendulumAPP:_processSerialData:120 - 📏 串口长度数据已更新: L40.934315 -> physical_length=40.934315
2025-09-02 14:47:43.680 | INFO     | Pendulum.PendulumAPP:_processSerialData:121 - 🔄 数据来源: 串口接收 -> PendulumState.physical_length
2025-09-02 14:47:43.726 | INFO     | Pendulum.PendulumAPP:_processSerialData:120 - 📏 串口长度数据已更新: L40.934315 -> physical_length=40.934315
2025-09-02 14:47:43.727 | INFO     | Pendulum.PendulumAPP:_processSerialData:121 - 🔄 数据来源: 串口接收 -> PendulumState.physical_length
2025-09-02 14:47:43.772 | INFO     | Pendulum.PendulumAPP:_processSerialData:120 - 📏 串口长度数据已更新: L40.934315 -> physical_length=40.934315
2025-09-02 14:47:43.772 | INFO     | Pendulum.PendulumAPP:_processSerialData:121 - 🔄 数据来源: 串口接收 -> PendulumState.physical_length
2025-09-02 14:47:43.820 | INFO     | Pendulum.PendulumAPP:_processSerialData:120 - 📏 串口长度数据已更新: L40.934315 -> physical_length=40.934315
2025-09-02 14:47:43.822 | INFO     | Pendulum.PendulumAPP:_processSerialData:121 - 🔄 数据来源: 串口接收 -> PendulumState.physical_length
2025-09-02 14:47:43.869 | INFO     | Pendulum.PendulumAPP:_processSerialData:120 - 📏 串口长度数据已更新: L40.934315 -> physical_length=40.934315
2025-09-02 14:47:43.869 | INFO     | Pendulum.PendulumAPP:_processSerialData:121 - 🔄 数据来源: 串口接收 -> PendulumState.physical_length
2025-09-02 14:47:43.913 | INFO     | Pendulum.PendulumAPP:_processSerialData:120 - 📏 串口长度数据已更新: L40.934315 -> physical_length=40.934315
2025-09-02 14:47:43.913 | INFO     | Pendulum.PendulumAPP:_processSerialData:121 - 🔄 数据来源: 串口接收 -> PendulumState.physical_length
2025-09-02 14:47:43.961 | INFO     | Pendulum.PendulumAPP:_processSerialData:120 - 📏 串口长度数据已更新: L40.934315 -> physical_length=40.934315
2025-09-02 14:47:43.963 | INFO     | Pendulum.PendulumAPP:_processSerialData:121 - 🔄 数据来源: 串口接收 -> PendulumState.physical_length
2025-09-02 14:47:44.008 | INFO     | Pendulum.PendulumAPP:_processSerialData:120 - 📏 串口长度数据已更新: L40.934315 -> physical_length=40.934315
2025-09-02 14:47:44.008 | INFO     | Pendulum.PendulumAPP:_processSerialData:121 - 🔄 数据来源: 串口接收 -> PendulumState.physical_length
2025-09-02 14:47:44.054 | INFO     | Pendulum.PendulumAPP:_processSerialData:120 - 📏 串口长度数据已更新: L40.934315 -> physical_length=40.934315
2025-09-02 14:47:44.054 | INFO     | Pendulum.PendulumAPP:_processSerialData:121 - 🔄 数据来源: 串口接收 -> PendulumState.physical_length
2025-09-02 14:47:44.104 | INFO     | Pendulum.PendulumAPP:_processSerialData:120 - 📏 串口长度数据已更新: L40.934315 -> physical_length=40.934315
2025-09-02 14:47:44.106 | INFO     | Pendulum.PendulumAPP:_processSerialData:121 - 🔄 数据来源: 串口接收 -> PendulumState.physical_length
2025-09-02 14:47:44.136 | INFO     | Pendulum.PendulumAPP:_keyEventWeb:274 - u0
2025-09-02 14:47:44.137 | INFO     | Pendulum.SerialConncet:send:199 - sendu0
2025-09-02 14:47:44.138 | INFO     | Pendulum.SerialConncet:send:201 - [发送] u0
2025-09-02 14:47:44.149 | INFO     | Pendulum.PendulumAPP:_processSerialData:120 - 📏 串口长度数据已更新: L40.934315 -> physical_length=40.934315
2025-09-02 14:47:44.149 | INFO     | Pendulum.PendulumAPP:_processSerialData:121 - 🔄 数据来源: 串口接收 -> PendulumState.physical_length
2025-09-02 14:47:44.195 | INFO     | Pendulum.PendulumAPP:_processSerialData:120 - 📏 串口长度数据已更新: L40.934315 -> physical_length=40.934315
2025-09-02 14:47:44.198 | INFO     | Pendulum.PendulumAPP:_processSerialData:121 - 🔄 数据来源: 串口接收 -> PendulumState.physical_length
2025-09-02 14:47:44.240 | INFO     | Pendulum.PendulumAPP:_processSerialData:120 - 📏 串口长度数据已更新: L40.934315 -> physical_length=40.934315
2025-09-02 14:47:44.244 | INFO     | Pendulum.PendulumAPP:_processSerialData:121 - 🔄 数据来源: 串口接收 -> PendulumState.physical_length
2025-09-02 14:47:44.287 | INFO     | Pendulum.PendulumAPP:_processSerialData:120 - 📏 串口长度数据已更新: L40.934315 -> physical_length=40.934315
2025-09-02 14:47:44.288 | INFO     | Pendulum.PendulumAPP:_processSerialData:121 - 🔄 数据来源: 串口接收 -> PendulumState.physical_length
2025-09-02 14:47:44.332 | INFO     | Pendulum.PendulumAPP:_processSerialData:120 - 📏 串口长度数据已更新: L40.934315 -> physical_length=40.934315
2025-09-02 14:47:44.333 | INFO     | Pendulum.PendulumAPP:_processSerialData:121 - 🔄 数据来源: 串口接收 -> PendulumState.physical_length
2025-09-02 14:47:44.381 | INFO     | Pendulum.PendulumAPP:_processSerialData:120 - 📏 串口长度数据已更新: L40.934315 -> physical_length=40.934315
2025-09-02 14:47:44.382 | INFO     | Pendulum.PendulumAPP:_processSerialData:121 - 🔄 数据来源: 串口接收 -> PendulumState.physical_length
2025-09-02 14:47:44.427 | INFO     | Pendulum.PendulumAPP:_processSerialData:120 - 📏 串口长度数据已更新: L40.934315 -> physical_length=40.934315
2025-09-02 14:47:44.430 | INFO     | Pendulum.PendulumAPP:_processSerialData:121 - 🔄 数据来源: 串口接收 -> PendulumState.physical_length
2025-09-02 14:47:44.473 | INFO     | Pendulum.PendulumAPP:_processSerialData:120 - 📏 串口长度数据已更新: L40.934315 -> physical_length=40.934315
2025-09-02 14:47:44.476 | INFO     | Pendulum.PendulumAPP:_processSerialData:121 - 🔄 数据来源: 串口接收 -> PendulumState.physical_length
2025-09-02 14:47:44.520 | INFO     | Pendulum.PendulumAPP:_processSerialData:120 - 📏 串口长度数据已更新: L40.934315 -> physical_length=40.934315
2025-09-02 14:47:44.521 | INFO     | Pendulum.PendulumAPP:_processSerialData:121 - 🔄 数据来源: 串口接收 -> PendulumState.physical_length
2025-09-02 14:47:44.567 | INFO     | Pendulum.PendulumAPP:_processSerialData:120 - 📏 串口长度数据已更新: L40.934315 -> physical_length=40.934315
2025-09-02 14:47:44.568 | INFO     | Pendulum.PendulumAPP:_processSerialData:121 - 🔄 数据来源: 串口接收 -> PendulumState.physical_length
2025-09-02 14:47:44.613 | INFO     | Pendulum.PendulumAPP:_processSerialData:120 - 📏 串口长度数据已更新: L40.934315 -> physical_length=40.934315
2025-09-02 14:47:44.614 | INFO     | Pendulum.PendulumAPP:_processSerialData:121 - 🔄 数据来源: 串口接收 -> PendulumState.physical_length
2025-09-02 14:47:44.660 | INFO     | Pendulum.PendulumAPP:_processSerialData:120 - 📏 串口长度数据已更新: L40.934315 -> physical_length=40.934315
2025-09-02 14:47:44.661 | INFO     | Pendulum.PendulumAPP:_processSerialData:121 - 🔄 数据来源: 串口接收 -> PendulumState.physical_length
2025-09-02 14:47:44.707 | INFO     | Pendulum.PendulumAPP:_processSerialData:120 - 📏 串口长度数据已更新: L40.934315 -> physical_length=40.934315
2025-09-02 14:47:44.707 | INFO     | Pendulum.PendulumAPP:_processSerialData:121 - 🔄 数据来源: 串口接收 -> PendulumState.physical_length
2025-09-02 14:47:44.753 | INFO     | Pendulum.PendulumAPP:_processSerialData:120 - 📏 串口长度数据已更新: L40.934315 -> physical_length=40.934315
2025-09-02 14:47:44.757 | INFO     | Pendulum.PendulumAPP:_processSerialData:121 - 🔄 数据来源: 串口接收 -> PendulumState.physical_length
2025-09-02 14:47:44.799 | INFO     | Pendulum.PendulumAPP:_processSerialData:120 - 📏 串口长度数据已更新: L40.934315 -> physical_length=40.934315
2025-09-02 14:47:44.800 | INFO     | Pendulum.PendulumAPP:_processSerialData:121 - 🔄 数据来源: 串口接收 -> PendulumState.physical_length
2025-09-02 14:47:44.847 | INFO     | Pendulum.PendulumAPP:_processSerialData:120 - 📏 串口长度数据已更新: L40.934315 -> physical_length=40.934315
2025-09-02 14:47:44.848 | INFO     | Pendulum.PendulumAPP:_processSerialData:121 - 🔄 数据来源: 串口接收 -> PendulumState.physical_length
2025-09-02 14:47:44.893 | INFO     | Pendulum.PendulumAPP:_processSerialData:120 - 📏 串口长度数据已更新: L40.934315 -> physical_length=40.934315
2025-09-02 14:47:44.896 | INFO     | Pendulum.PendulumAPP:_processSerialData:121 - 🔄 数据来源: 串口接收 -> PendulumState.physical_length
2025-09-02 14:47:44.941 | INFO     | Pendulum.PendulumAPP:_processSerialData:120 - 📏 串口长度数据已更新: L40.934315 -> physical_length=40.934315
2025-09-02 14:47:44.942 | INFO     | Pendulum.PendulumAPP:_processSerialData:121 - 🔄 数据来源: 串口接收 -> PendulumState.physical_length
2025-09-02 14:47:44.987 | INFO     | Pendulum.PendulumAPP:_processSerialData:120 - 📏 串口长度数据已更新: L40.934315 -> physical_length=40.934315
2025-09-02 14:47:44.988 | INFO     | Pendulum.PendulumAPP:_processSerialData:121 - 🔄 数据来源: 串口接收 -> PendulumState.physical_length
2025-09-02 14:47:45.034 | INFO     | Pendulum.PendulumAPP:_processSerialData:120 - 📏 串口长度数据已更新: L40.934315 -> physical_length=40.934315
2025-09-02 14:47:45.035 | INFO     | Pendulum.PendulumAPP:_processSerialData:121 - 🔄 数据来源: 串口接收 -> PendulumState.physical_length
2025-09-02 14:47:45.080 | INFO     | Pendulum.PendulumAPP:_processSerialData:120 - 📏 串口长度数据已更新: L40.934315 -> physical_length=40.934315
2025-09-02 14:47:45.082 | INFO     | Pendulum.PendulumAPP:_processSerialData:121 - 🔄 数据来源: 串口接收 -> PendulumState.physical_length
2025-09-02 14:47:45.127 | INFO     | Pendulum.PendulumAPP:_processSerialData:120 - 📏 串口长度数据已更新: L40.934315 -> physical_length=40.934315
2025-09-02 14:47:45.128 | INFO     | Pendulum.PendulumAPP:_processSerialData:121 - 🔄 数据来源: 串口接收 -> PendulumState.physical_length
2025-09-02 14:47:45.173 | INFO     | Pendulum.PendulumAPP:_processSerialData:120 - 📏 串口长度数据已更新: L40.934315 -> physical_length=40.934315
2025-09-02 14:47:45.174 | INFO     | Pendulum.PendulumAPP:_processSerialData:121 - 🔄 数据来源: 串口接收 -> PendulumState.physical_length
2025-09-02 14:47:45.219 | INFO     | Pendulum.PendulumAPP:_processSerialData:120 - 📏 串口长度数据已更新: L40.934315 -> physical_length=40.934315
2025-09-02 14:47:45.220 | INFO     | Pendulum.PendulumAPP:_processSerialData:121 - 🔄 数据来源: 串口接收 -> PendulumState.physical_length
2025-09-02 14:47:45.265 | INFO     | Pendulum.PendulumAPP:_processSerialData:120 - 📏 串口长度数据已更新: L40.934315 -> physical_length=40.934315
2025-09-02 14:47:45.266 | INFO     | Pendulum.PendulumAPP:_processSerialData:121 - 🔄 数据来源: 串口接收 -> PendulumState.physical_length
2025-09-02 14:47:45.311 | INFO     | Pendulum.PendulumAPP:_processSerialData:120 - 📏 串口长度数据已更新: L40.934315 -> physical_length=40.934315
2025-09-02 14:47:45.312 | INFO     | Pendulum.PendulumAPP:_processSerialData:121 - 🔄 数据来源: 串口接收 -> PendulumState.physical_length
2025-09-02 14:47:45.357 | INFO     | Pendulum.PendulumAPP:_processSerialData:120 - 📏 串口长度数据已更新: L40.934315 -> physical_length=40.934315
2025-09-02 14:47:45.358 | INFO     | Pendulum.PendulumAPP:_processSerialData:121 - 🔄 数据来源: 串口接收 -> PendulumState.physical_length
2025-09-02 14:47:45.404 | INFO     | Pendulum.PendulumAPP:_processSerialData:120 - 📏 串口长度数据已更新: L40.934315 -> physical_length=40.934315
2025-09-02 14:47:45.406 | INFO     | Pendulum.PendulumAPP:_processSerialData:121 - 🔄 数据来源: 串口接收 -> PendulumState.physical_length
2025-09-02 14:47:45.451 | INFO     | Pendulum.PendulumAPP:_processSerialData:120 - 📏 串口长度数据已更新: L40.934315 -> physical_length=40.934315
2025-09-02 14:47:45.452 | INFO     | Pendulum.PendulumAPP:_processSerialData:121 - 🔄 数据来源: 串口接收 -> PendulumState.physical_length
2025-09-02 14:47:45.497 | INFO     | Pendulum.PendulumAPP:_processSerialData:120 - 📏 串口长度数据已更新: L40.934315 -> physical_length=40.934315
2025-09-02 14:47:45.498 | INFO     | Pendulum.PendulumAPP:_processSerialData:121 - 🔄 数据来源: 串口接收 -> PendulumState.physical_length
2025-09-02 14:47:45.543 | INFO     | Pendulum.PendulumAPP:_processSerialData:120 - 📏 串口长度数据已更新: L40.934315 -> physical_length=40.934315
2025-09-02 14:47:45.544 | INFO     | Pendulum.PendulumAPP:_processSerialData:121 - 🔄 数据来源: 串口接收 -> PendulumState.physical_length
2025-09-02 14:47:45.590 | INFO     | Pendulum.PendulumAPP:_processSerialData:120 - 📏 串口长度数据已更新: L40.934315 -> physical_length=40.934315
2025-09-02 14:47:45.590 | INFO     | Pendulum.PendulumAPP:_processSerialData:121 - 🔄 数据来源: 串口接收 -> PendulumState.physical_length
2025-09-02 14:47:45.635 | INFO     | Pendulum.PendulumAPP:_processSerialData:120 - 📏 串口长度数据已更新: L40.934315 -> physical_length=40.934315
2025-09-02 14:47:45.635 | INFO     | Pendulum.PendulumAPP:_processSerialData:121 - 🔄 数据来源: 串口接收 -> PendulumState.physical_length
2025-09-02 14:47:45.682 | INFO     | Pendulum.PendulumAPP:_processSerialData:120 - 📏 串口长度数据已更新: L40.934315 -> physical_length=40.934315
2025-09-02 14:47:45.683 | INFO     | Pendulum.PendulumAPP:_processSerialData:121 - 🔄 数据来源: 串口接收 -> PendulumState.physical_length
2025-09-02 14:47:45.730 | INFO     | Pendulum.PendulumAPP:_processSerialData:120 - 📏 串口长度数据已更新: L40.934315 -> physical_length=40.934315
2025-09-02 14:47:45.730 | INFO     | Pendulum.PendulumAPP:_processSerialData:121 - 🔄 数据来源: 串口接收 -> PendulumState.physical_length
2025-09-02 14:47:45.776 | INFO     | Pendulum.PendulumAPP:_processSerialData:120 - 📏 串口长度数据已更新: L40.934315 -> physical_length=40.934315
2025-09-02 14:47:45.780 | INFO     | Pendulum.PendulumAPP:_processSerialData:121 - 🔄 数据来源: 串口接收 -> PendulumState.physical_length
2025-09-02 14:47:45.822 | INFO     | Pendulum.PendulumAPP:_processSerialData:120 - 📏 串口长度数据已更新: L40.934315 -> physical_length=40.934315
2025-09-02 14:47:45.823 | INFO     | Pendulum.PendulumAPP:_processSerialData:121 - 🔄 数据来源: 串口接收 -> PendulumState.physical_length
2025-09-02 14:47:45.868 | INFO     | Pendulum.PendulumAPP:_processSerialData:120 - 📏 串口长度数据已更新: L40.934315 -> physical_length=40.934315
2025-09-02 14:47:45.872 | INFO     | Pendulum.PendulumAPP:_processSerialData:121 - 🔄 数据来源: 串口接收 -> PendulumState.physical_length
2025-09-02 14:47:45.915 | INFO     | Pendulum.PendulumAPP:_processSerialData:120 - 📏 串口长度数据已更新: L40.934315 -> physical_length=40.934315
2025-09-02 14:47:45.916 | INFO     | Pendulum.PendulumAPP:_processSerialData:121 - 🔄 数据来源: 串口接收 -> PendulumState.physical_length
2025-09-02 14:47:45.965 | INFO     | Pendulum.PendulumAPP:_processSerialData:120 - 📏 串口长度数据已更新: L40.934315 -> physical_length=40.934315
2025-09-02 14:47:45.966 | INFO     | Pendulum.PendulumAPP:_processSerialData:121 - 🔄 数据来源: 串口接收 -> PendulumState.physical_length
2025-09-02 14:47:46.011 | INFO     | Pendulum.PendulumAPP:_processSerialData:120 - 📏 串口长度数据已更新: L40.934315 -> physical_length=40.934315
2025-09-02 14:47:46.012 | INFO     | Pendulum.PendulumAPP:_processSerialData:121 - 🔄 数据来源: 串口接收 -> PendulumState.physical_length
2025-09-02 14:47:46.058 | INFO     | Pendulum.PendulumAPP:_processSerialData:120 - 📏 串口长度数据已更新: L40.934315 -> physical_length=40.934315
2025-09-02 14:47:46.061 | INFO     | Pendulum.PendulumAPP:_processSerialData:121 - 🔄 数据来源: 串口接收 -> PendulumState.physical_length
2025-09-02 14:47:46.105 | INFO     | Pendulum.PendulumAPP:_processSerialData:120 - 📏 串口长度数据已更新: L40.934315 -> physical_length=40.934315
2025-09-02 14:47:46.105 | INFO     | Pendulum.PendulumAPP:_processSerialData:121 - 🔄 数据来源: 串口接收 -> PendulumState.physical_length
2025-09-02 14:47:46.152 | INFO     | Pendulum.PendulumAPP:_processSerialData:120 - 📏 串口长度数据已更新: L40.934315 -> physical_length=40.934315
2025-09-02 14:47:46.153 | INFO     | Pendulum.PendulumAPP:_processSerialData:121 - 🔄 数据来源: 串口接收 -> PendulumState.physical_length
2025-09-02 14:47:46.197 | INFO     | Pendulum.PendulumAPP:_processSerialData:120 - 📏 串口长度数据已更新: L40.934315 -> physical_length=40.934315
2025-09-02 14:47:46.197 | INFO     | Pendulum.PendulumAPP:_processSerialData:121 - 🔄 数据来源: 串口接收 -> PendulumState.physical_length
2025-09-02 14:47:46.245 | INFO     | Pendulum.PendulumAPP:_processSerialData:120 - 📏 串口长度数据已更新: L40.934315 -> physical_length=40.934315
2025-09-02 14:47:46.246 | INFO     | Pendulum.PendulumAPP:_processSerialData:121 - 🔄 数据来源: 串口接收 -> PendulumState.physical_length
2025-09-02 14:47:46.292 | INFO     | Pendulum.PendulumAPP:_processSerialData:120 - 📏 串口长度数据已更新: L40.934315 -> physical_length=40.934315
2025-09-02 14:47:46.293 | INFO     | Pendulum.PendulumAPP:_processSerialData:121 - 🔄 数据来源: 串口接收 -> PendulumState.physical_length
2025-09-02 14:47:46.339 | INFO     | Pendulum.PendulumAPP:_processSerialData:120 - 📏 串口长度数据已更新: L40.934315 -> physical_length=40.934315
2025-09-02 14:47:46.340 | INFO     | Pendulum.PendulumAPP:_processSerialData:121 - 🔄 数据来源: 串口接收 -> PendulumState.physical_length
2025-09-02 14:47:46.385 | INFO     | Pendulum.PendulumAPP:_processSerialData:120 - 📏 串口长度数据已更新: L40.934315 -> physical_length=40.934315
2025-09-02 14:47:46.386 | INFO     | Pendulum.PendulumAPP:_processSerialData:121 - 🔄 数据来源: 串口接收 -> PendulumState.physical_length
2025-09-02 14:47:46.432 | INFO     | Pendulum.PendulumAPP:_processSerialData:120 - 📏 串口长度数据已更新: L40.934315 -> physical_length=40.934315
2025-09-02 14:47:46.434 | INFO     | Pendulum.PendulumAPP:_processSerialData:121 - 🔄 数据来源: 串口接收 -> PendulumState.physical_length
2025-09-02 14:47:46.478 | INFO     | Pendulum.PendulumAPP:_processSerialData:120 - 📏 串口长度数据已更新: L40.934315 -> physical_length=40.934315
2025-09-02 14:47:46.479 | INFO     | Pendulum.PendulumAPP:_processSerialData:121 - 🔄 数据来源: 串口接收 -> PendulumState.physical_length
2025-09-02 14:47:46.523 | INFO     | Pendulum.PendulumAPP:_processSerialData:120 - 📏 串口长度数据已更新: L40.934315 -> physical_length=40.934315
2025-09-02 14:47:46.527 | INFO     | Pendulum.PendulumAPP:_processSerialData:121 - 🔄 数据来源: 串口接收 -> PendulumState.physical_length
2025-09-02 14:47:46.570 | INFO     | Pendulum.PendulumAPP:_processSerialData:120 - 📏 串口长度数据已更新: L40.934315 -> physical_length=40.934315
2025-09-02 14:47:46.573 | INFO     | Pendulum.PendulumAPP:_processSerialData:121 - 🔄 数据来源: 串口接收 -> PendulumState.physical_length
2025-09-02 14:47:46.616 | INFO     | Pendulum.PendulumAPP:_processSerialData:120 - 📏 串口长度数据已更新: L40.934315 -> physical_length=40.934315
2025-09-02 14:47:46.618 | INFO     | Pendulum.PendulumAPP:_processSerialData:121 - 🔄 数据来源: 串口接收 -> PendulumState.physical_length
2025-09-02 14:47:46.662 | INFO     | Pendulum.PendulumAPP:_processSerialData:120 - 📏 串口长度数据已更新: L40.934315 -> physical_length=40.934315
2025-09-02 14:47:46.663 | INFO     | Pendulum.PendulumAPP:_processSerialData:121 - 🔄 数据来源: 串口接收 -> PendulumState.physical_length
2025-09-02 14:47:46.707 | INFO     | Pendulum.PendulumAPP:_processSerialData:120 - 📏 串口长度数据已更新: L40.934315 -> physical_length=40.934315
2025-09-02 14:47:46.708 | INFO     | Pendulum.PendulumAPP:_processSerialData:121 - 🔄 数据来源: 串口接收 -> PendulumState.physical_length
2025-09-02 14:47:46.749 | INFO     | Pendulum.PendulumAPP:_keyEventWeb:252 - 清除数据
2025-09-02 14:47:46.749 | INFO     | Pendulum.SerialConncet:send:199 - sendr
2025-09-02 14:47:46.751 | INFO     | Pendulum.SerialConncet:send:201 - [发送] r
2025-09-02 14:47:46.754 | INFO     | Pendulum.SerialConncet:_run:176 - [接收] R
2025-09-02 14:47:46.812 | INFO     | Pendulum.PendulumAPP:_keyEventWeb:286 - d0
2025-09-02 14:47:46.813 | INFO     | Pendulum.SerialConncet:send:199 - sendd0
2025-09-02 14:47:46.815 | INFO     | Pendulum.SerialConncet:send:201 - [发送] d0
2025-09-02 14:47:47.650 | INFO     | Pendulum.SerialConncet:_run:176 - [接收] T0.000000,0.000000,0.000000
2025-09-02 14:47:50.211 | INFO     | Pendulum.SerialConncet:_run:176 - [接收] T1.000000,1.284628,1.284628
2025-09-02 14:47:50.216 | INFO     | Pendulum.SerialConncet:_run:176 - [接收] L40.778065
2025-09-02 14:47:50.229 | INFO     | Pendulum.PendulumAPP:_processSerialData:120 - 📏 串口长度数据已更新: L40.778065 -> physical_length=40.778065
2025-09-02 14:47:50.230 | INFO     | Pendulum.PendulumAPP:_processSerialData:121 - 🔄 数据来源: 串口接收 -> PendulumState.physical_length
2025-09-02 14:47:50.277 | INFO     | Pendulum.PendulumAPP:_processSerialData:120 - 📏 串口长度数据已更新: L40.778065 -> physical_length=40.778065
2025-09-02 14:47:50.277 | INFO     | Pendulum.PendulumAPP:_processSerialData:121 - 🔄 数据来源: 串口接收 -> PendulumState.physical_length
2025-09-02 14:47:50.321 | INFO     | Pendulum.PendulumAPP:_processSerialData:120 - 📏 串口长度数据已更新: L40.778065 -> physical_length=40.778065
2025-09-02 14:47:50.322 | INFO     | Pendulum.PendulumAPP:_processSerialData:121 - 🔄 数据来源: 串口接收 -> PendulumState.physical_length
2025-09-02 14:47:50.367 | INFO     | Pendulum.PendulumAPP:_processSerialData:120 - 📏 串口长度数据已更新: L40.778065 -> physical_length=40.778065
2025-09-02 14:47:50.368 | INFO     | Pendulum.PendulumAPP:_processSerialData:121 - 🔄 数据来源: 串口接收 -> PendulumState.physical_length
2025-09-02 14:47:50.414 | INFO     | Pendulum.PendulumAPP:_processSerialData:120 - 📏 串口长度数据已更新: L40.778065 -> physical_length=40.778065
2025-09-02 14:47:50.415 | INFO     | Pendulum.PendulumAPP:_processSerialData:121 - 🔄 数据来源: 串口接收 -> PendulumState.physical_length
2025-09-02 14:47:50.461 | INFO     | Pendulum.PendulumAPP:_processSerialData:120 - 📏 串口长度数据已更新: L40.778065 -> physical_length=40.778065
2025-09-02 14:47:50.463 | INFO     | Pendulum.PendulumAPP:_processSerialData:121 - 🔄 数据来源: 串口接收 -> PendulumState.physical_length
2025-09-02 14:47:50.508 | INFO     | Pendulum.PendulumAPP:_processSerialData:120 - 📏 串口长度数据已更新: L40.778065 -> physical_length=40.778065
2025-09-02 14:47:50.510 | INFO     | Pendulum.PendulumAPP:_processSerialData:121 - 🔄 数据来源: 串口接收 -> PendulumState.physical_length
2025-09-02 14:47:50.553 | INFO     | Pendulum.PendulumAPP:_processSerialData:120 - 📏 串口长度数据已更新: L40.778065 -> physical_length=40.778065
2025-09-02 14:47:50.556 | INFO     | Pendulum.PendulumAPP:_processSerialData:121 - 🔄 数据来源: 串口接收 -> PendulumState.physical_length
2025-09-02 14:47:50.600 | INFO     | Pendulum.PendulumAPP:_processSerialData:120 - 📏 串口长度数据已更新: L40.778065 -> physical_length=40.778065
2025-09-02 14:47:50.601 | INFO     | Pendulum.PendulumAPP:_processSerialData:121 - 🔄 数据来源: 串口接收 -> PendulumState.physical_length
2025-09-02 14:47:50.645 | INFO     | Pendulum.PendulumAPP:_processSerialData:120 - 📏 串口长度数据已更新: L40.778065 -> physical_length=40.778065
2025-09-02 14:47:50.645 | INFO     | Pendulum.PendulumAPP:_processSerialData:121 - 🔄 数据来源: 串口接收 -> PendulumState.physical_length
2025-09-02 14:47:50.693 | INFO     | Pendulum.PendulumAPP:_processSerialData:120 - 📏 串口长度数据已更新: L40.778065 -> physical_length=40.778065
2025-09-02 14:47:50.694 | INFO     | Pendulum.PendulumAPP:_processSerialData:121 - 🔄 数据来源: 串口接收 -> PendulumState.physical_length
2025-09-02 14:47:50.738 | INFO     | Pendulum.PendulumAPP:_processSerialData:120 - 📏 串口长度数据已更新: L40.778065 -> physical_length=40.778065
2025-09-02 14:47:50.739 | INFO     | Pendulum.PendulumAPP:_processSerialData:121 - 🔄 数据来源: 串口接收 -> PendulumState.physical_length
2025-09-02 14:47:50.785 | INFO     | Pendulum.PendulumAPP:_processSerialData:120 - 📏 串口长度数据已更新: L40.778065 -> physical_length=40.778065
2025-09-02 14:47:50.788 | INFO     | Pendulum.PendulumAPP:_processSerialData:121 - 🔄 数据来源: 串口接收 -> PendulumState.physical_length
2025-09-02 14:47:50.831 | INFO     | Pendulum.PendulumAPP:_processSerialData:120 - 📏 串口长度数据已更新: L40.778065 -> physical_length=40.778065
2025-09-02 14:47:50.832 | INFO     | Pendulum.PendulumAPP:_processSerialData:121 - 🔄 数据来源: 串口接收 -> PendulumState.physical_length
2025-09-02 14:47:50.879 | INFO     | Pendulum.PendulumAPP:_processSerialData:120 - 📏 串口长度数据已更新: L40.778065 -> physical_length=40.778065
2025-09-02 14:47:50.880 | INFO     | Pendulum.PendulumAPP:_processSerialData:121 - 🔄 数据来源: 串口接收 -> PendulumState.physical_length
2025-09-02 14:47:50.926 | INFO     | Pendulum.PendulumAPP:_processSerialData:120 - 📏 串口长度数据已更新: L40.778065 -> physical_length=40.778065
2025-09-02 14:47:50.928 | INFO     | Pendulum.PendulumAPP:_processSerialData:121 - 🔄 数据来源: 串口接收 -> PendulumState.physical_length
2025-09-02 14:47:50.976 | INFO     | Pendulum.PendulumAPP:_processSerialData:120 - 📏 串口长度数据已更新: L40.778065 -> physical_length=40.778065
2025-09-02 14:47:50.977 | INFO     | Pendulum.PendulumAPP:_processSerialData:121 - 🔄 数据来源: 串口接收 -> PendulumState.physical_length
2025-09-02 14:47:51.020 | INFO     | Pendulum.PendulumAPP:_processSerialData:120 - 📏 串口长度数据已更新: L40.778065 -> physical_length=40.778065
2025-09-02 14:47:51.022 | INFO     | Pendulum.PendulumAPP:_processSerialData:121 - 🔄 数据来源: 串口接收 -> PendulumState.physical_length
2025-09-02 14:47:51.068 | INFO     | Pendulum.PendulumAPP:_processSerialData:120 - 📏 串口长度数据已更新: L40.778065 -> physical_length=40.778065
2025-09-02 14:47:51.069 | INFO     | Pendulum.PendulumAPP:_processSerialData:121 - 🔄 数据来源: 串口接收 -> PendulumState.physical_length
2025-09-02 14:47:51.114 | INFO     | Pendulum.PendulumAPP:_processSerialData:120 - 📏 串口长度数据已更新: L40.778065 -> physical_length=40.778065
2025-09-02 14:47:51.116 | INFO     | Pendulum.PendulumAPP:_processSerialData:121 - 🔄 数据来源: 串口接收 -> PendulumState.physical_length
2025-09-02 14:47:51.160 | INFO     | Pendulum.PendulumAPP:_processSerialData:120 - 📏 串口长度数据已更新: L40.778065 -> physical_length=40.778065
2025-09-02 14:47:51.161 | INFO     | Pendulum.PendulumAPP:_processSerialData:121 - 🔄 数据来源: 串口接收 -> PendulumState.physical_length
2025-09-02 14:47:51.208 | INFO     | Pendulum.PendulumAPP:_processSerialData:120 - 📏 串口长度数据已更新: L40.778065 -> physical_length=40.778065
2025-09-02 14:47:51.209 | INFO     | Pendulum.PendulumAPP:_processSerialData:121 - 🔄 数据来源: 串口接收 -> PendulumState.physical_length
2025-09-02 14:47:51.255 | INFO     | Pendulum.PendulumAPP:_processSerialData:120 - 📏 串口长度数据已更新: L40.778065 -> physical_length=40.778065
2025-09-02 14:47:51.256 | INFO     | Pendulum.PendulumAPP:_processSerialData:121 - 🔄 数据来源: 串口接收 -> PendulumState.physical_length
2025-09-02 14:47:51.300 | INFO     | Pendulum.PendulumAPP:_processSerialData:120 - 📏 串口长度数据已更新: L40.778065 -> physical_length=40.778065
2025-09-02 14:47:51.301 | INFO     | Pendulum.PendulumAPP:_processSerialData:121 - 🔄 数据来源: 串口接收 -> PendulumState.physical_length
2025-09-02 14:47:51.346 | INFO     | Pendulum.PendulumAPP:_processSerialData:120 - 📏 串口长度数据已更新: L40.778065 -> physical_length=40.778065
2025-09-02 14:47:51.347 | INFO     | Pendulum.PendulumAPP:_processSerialData:121 - 🔄 数据来源: 串口接收 -> PendulumState.physical_length
2025-09-02 14:47:51.394 | INFO     | Pendulum.PendulumAPP:_processSerialData:120 - 📏 串口长度数据已更新: L40.778065 -> physical_length=40.778065
2025-09-02 14:47:51.395 | INFO     | Pendulum.PendulumAPP:_processSerialData:121 - 🔄 数据来源: 串口接收 -> PendulumState.physical_length
2025-09-02 14:47:51.440 | INFO     | Pendulum.PendulumAPP:_processSerialData:120 - 📏 串口长度数据已更新: L40.778065 -> physical_length=40.778065
2025-09-02 14:47:51.440 | INFO     | Pendulum.PendulumAPP:_processSerialData:121 - 🔄 数据来源: 串口接收 -> PendulumState.physical_length
2025-09-02 14:47:51.487 | INFO     | Pendulum.PendulumAPP:_processSerialData:120 - 📏 串口长度数据已更新: L40.778065 -> physical_length=40.778065
2025-09-02 14:47:51.488 | INFO     | Pendulum.PendulumAPP:_processSerialData:121 - 🔄 数据来源: 串口接收 -> PendulumState.physical_length
2025-09-02 14:47:51.493 | INFO     | Pendulum.SerialConncet:_run:176 - [接收] T2.000000,1.284873,2.569500
2025-09-02 14:47:52.773 | INFO     | Pendulum.SerialConncet:_run:176 - [接收] T3.000000,1.284392,3.853893
2025-09-02 14:47:54.049 | INFO     | Pendulum.SerialConncet:_run:176 - [接收] T4.000000,1.284255,5.138148
2025-09-02 14:47:55.330 | INFO     | Pendulum.SerialConncet:_run:176 - [接收] T5.000000,1.281634,6.419782
2025-09-02 14:47:56.608 | INFO     | Pendulum.SerialConncet:_run:176 - [接收] T6.000000,1.284093,7.703875
2025-09-02 14:47:57.886 | INFO     | Pendulum.SerialConncet:_run:176 - [接收] T7.000000,1.284392,8.988267
2025-09-02 14:47:59.165 | INFO     | Pendulum.SerialConncet:_run:176 - [接收] T8.000000,1.283722,10.271989
2025-09-02 14:48:00.451 | INFO     | Pendulum.SerialConncet:_run:176 - [接收] T9.000000,1.284514,11.556503
2025-09-02 14:48:01.724 | INFO     | Pendulum.SerialConncet:_run:176 - [接收] T10.000000,1.284022,12.840526
2025-09-02 14:48:03.009 | INFO     | Pendulum.SerialConncet:_run:176 - [接收] T11.000000,1.284564,14.125090
2025-09-02 14:48:04.288 | INFO     | Pendulum.SerialConncet:_run:176 - [接收] T12.000000,1.284215,15.409305
2025-09-02 14:48:05.563 | INFO     | Pendulum.SerialConncet:_run:176 - [接收] T13.000000,1.284636,16.693941
2025-09-02 14:48:06.842 | INFO     | Pendulum.SerialConncet:_run:176 - [接收] T14.000000,1.284471,17.978413
2025-09-02 14:48:08.121 | INFO     | Pendulum.SerialConncet:_run:176 - [接收] T15.000000,1.284501,19.262915
2025-09-02 14:48:09.401 | INFO     | Pendulum.SerialConncet:_run:176 - [接收] T16.000000,1.284932,20.547846
2025-09-02 14:48:10.680 | INFO     | Pendulum.SerialConncet:_run:176 - [接收] T17.000000,1.284648,21.832493
2025-09-02 14:48:11.960 | INFO     | Pendulum.SerialConncet:_run:176 - [接收] T18.000000,1.285087,23.117580
2025-09-02 14:48:13.239 | INFO     | Pendulum.SerialConncet:_run:176 - [接收] T19.000000,1.285133,24.402714
2025-09-02 14:48:14.519 | INFO     | Pendulum.SerialConncet:_run:176 - [接收] T20.000000,1.281323,25.684036
2025-09-02 14:48:22.037 | INFO     | Pendulum.PendulumAPP:_keyEventWeb:277 - n2
2025-09-02 14:48:22.038 | INFO     | Pendulum.SerialConncet:send:199 - sendn2
2025-09-02 14:48:22.039 | INFO     | Pendulum.SerialConncet:send:201 - [发送] n2
2025-09-02 14:48:24.460 | INFO     | Pendulum.PendulumAPP:_keyEventWeb:246 - ↓
2025-09-02 14:48:24.465 | INFO     | Pendulum.SerialConncet:send:199 - sendm1
2025-09-02 14:48:24.467 | INFO     | Pendulum.SerialConncet:send:201 - [发送] m1
2025-09-02 14:48:24.489 | INFO     | Pendulum.SerialConncet:_run:176 - [接收] L40.803585
2025-09-02 14:48:24.511 | INFO     | Pendulum.SerialConncet:_run:176 - [接收] L40.829105
2025-09-02 14:48:24.520 | INFO     | Pendulum.PendulumAPP:_processSerialData:120 - 📏 串口长度数据已更新: L40.829105 -> physical_length=40.829105
2025-09-02 14:48:24.521 | INFO     | Pendulum.PendulumAPP:_processSerialData:121 - 🔄 数据来源: 串口接收 -> PendulumState.physical_length
2025-09-02 14:48:24.530 | INFO     | Pendulum.SerialConncet:_run:176 - [接收] L40.854626
2025-09-02 14:48:24.551 | INFO     | Pendulum.SerialConncet:_run:176 - [接收] L40.880146
2025-09-02 14:48:24.566 | INFO     | Pendulum.PendulumAPP:_processSerialData:120 - 📏 串口长度数据已更新: L40.880146 -> physical_length=40.880146
2025-09-02 14:48:24.567 | INFO     | Pendulum.PendulumAPP:_processSerialData:121 - 🔄 数据来源: 串口接收 -> PendulumState.physical_length
2025-09-02 14:48:24.573 | INFO     | Pendulum.SerialConncet:_run:176 - [接收] L40.905670
2025-09-02 14:48:24.593 | INFO     | Pendulum.SerialConncet:_run:176 - [接收] L40.931190
2025-09-02 14:48:24.612 | INFO     | Pendulum.PendulumAPP:_processSerialData:120 - 📏 串口长度数据已更新: L40.931190 -> physical_length=40.931190
2025-09-02 14:48:24.613 | INFO     | Pendulum.PendulumAPP:_processSerialData:121 - 🔄 数据来源: 串口接收 -> PendulumState.physical_length
2025-09-02 14:48:24.615 | INFO     | Pendulum.SerialConncet:_run:176 - [接收] L40.956711
2025-09-02 14:48:24.640 | INFO     | Pendulum.SerialConncet:_run:176 - [接收] L40.982235
2025-09-02 14:48:24.658 | INFO     | Pendulum.PendulumAPP:_processSerialData:120 - 📏 串口长度数据已更新: L40.982235 -> physical_length=40.982235
2025-09-02 14:48:24.658 | INFO     | Pendulum.PendulumAPP:_processSerialData:121 - 🔄 数据来源: 串口接收 -> PendulumState.physical_length
2025-09-02 14:48:24.660 | INFO     | Pendulum.SerialConncet:_run:176 - [接收] L41.007755
2025-09-02 14:48:24.677 | INFO     | Pendulum.SerialConncet:_run:176 - [接收] L41.033272
2025-09-02 14:48:24.698 | INFO     | Pendulum.SerialConncet:_run:176 - [接收] L41.058792
2025-09-02 14:48:24.704 | INFO     | Pendulum.PendulumAPP:_processSerialData:120 - 📏 串口长度数据已更新: L41.058792 -> physical_length=41.058792
2025-09-02 14:48:24.704 | INFO     | Pendulum.PendulumAPP:_processSerialData:121 - 🔄 数据来源: 串口接收 -> PendulumState.physical_length
2025-09-02 14:48:24.719 | INFO     | Pendulum.SerialConncet:_run:176 - [接收] L41.084316
2025-09-02 14:48:24.740 | INFO     | Pendulum.SerialConncet:_run:176 - [接收] L41.109837
2025-09-02 14:48:24.750 | INFO     | Pendulum.PendulumAPP:_processSerialData:120 - 📏 串口长度数据已更新: L41.109837 -> physical_length=41.109837
2025-09-02 14:48:24.752 | INFO     | Pendulum.PendulumAPP:_processSerialData:121 - 🔄 数据来源: 串口接收 -> PendulumState.physical_length
2025-09-02 14:48:24.761 | INFO     | Pendulum.SerialConncet:_run:176 - [接收] L41.135357
2025-09-02 14:48:24.782 | INFO     | Pendulum.SerialConncet:_run:176 - [接收] L41.160881
2025-09-02 14:48:24.797 | INFO     | Pendulum.PendulumAPP:_processSerialData:120 - 📏 串口长度数据已更新: L41.160881 -> physical_length=41.160881
2025-09-02 14:48:24.798 | INFO     | Pendulum.PendulumAPP:_processSerialData:121 - 🔄 数据来源: 串口接收 -> PendulumState.physical_length
2025-09-02 14:48:24.802 | INFO     | Pendulum.SerialConncet:_run:176 - [接收] L41.186401
2025-09-02 14:48:24.823 | INFO     | Pendulum.SerialConncet:_run:176 - [接收] L41.211922
2025-09-02 14:48:24.843 | INFO     | Pendulum.PendulumAPP:_processSerialData:120 - 📏 串口长度数据已更新: L41.211922 -> physical_length=41.211922
2025-09-02 14:48:24.845 | INFO     | Pendulum.PendulumAPP:_processSerialData:121 - 🔄 数据来源: 串口接收 -> PendulumState.physical_length
2025-09-02 14:48:24.847 | INFO     | Pendulum.SerialConncet:_run:176 - [接收] L41.237442
2025-09-02 14:48:24.866 | INFO     | Pendulum.SerialConncet:_run:176 - [接收] L41.262962
2025-09-02 14:48:24.886 | INFO     | Pendulum.SerialConncet:_run:176 - [接收] L41.288483
2025-09-02 14:48:24.889 | INFO     | Pendulum.PendulumAPP:_processSerialData:120 - 📏 串口长度数据已更新: L41.288483 -> physical_length=41.288483
2025-09-02 14:48:24.890 | INFO     | Pendulum.PendulumAPP:_processSerialData:121 - 🔄 数据来源: 串口接收 -> PendulumState.physical_length
2025-09-02 14:48:24.908 | INFO     | Pendulum.SerialConncet:_run:176 - [接收] L41.314007
2025-09-02 14:48:24.928 | INFO     | Pendulum.SerialConncet:_run:176 - [接收] L41.339527
2025-09-02 14:48:24.935 | INFO     | Pendulum.PendulumAPP:_processSerialData:120 - 📏 串口长度数据已更新: L41.339527 -> physical_length=41.339527
2025-09-02 14:48:24.935 | INFO     | Pendulum.PendulumAPP:_processSerialData:121 - 🔄 数据来源: 串口接收 -> PendulumState.physical_length
2025-09-02 14:48:24.949 | INFO     | Pendulum.SerialConncet:_run:176 - [接收] L41.365047
2025-09-02 14:48:24.972 | INFO     | Pendulum.SerialConncet:_run:176 - [接收] L41.390568
2025-09-02 14:48:24.982 | INFO     | Pendulum.PendulumAPP:_processSerialData:120 - 📏 串口长度数据已更新: L41.390568 -> physical_length=41.390568
2025-09-02 14:48:24.983 | INFO     | Pendulum.PendulumAPP:_processSerialData:121 - 🔄 数据来源: 串口接收 -> PendulumState.physical_length
2025-09-02 14:48:24.991 | INFO     | Pendulum.SerialConncet:_run:176 - [接收] L41.416088
2025-09-02 14:48:25.014 | INFO     | Pendulum.SerialConncet:_run:176 - [接收] L41.441608
2025-09-02 14:48:25.029 | INFO     | Pendulum.PendulumAPP:_processSerialData:120 - 📏 串口长度数据已更新: L41.441608 -> physical_length=41.441608
2025-09-02 14:48:25.030 | INFO     | Pendulum.PendulumAPP:_processSerialData:121 - 🔄 数据来源: 串口接收 -> PendulumState.physical_length
2025-09-02 14:48:25.033 | INFO     | Pendulum.SerialConncet:_run:176 - [接收] L41.467129
2025-09-02 14:48:25.064 | INFO     | Pendulum.SerialConncet:_run:176 - [接收] L41.492653
2025-09-02 14:48:25.076 | INFO     | Pendulum.PendulumAPP:_processSerialData:120 - 📏 串口长度数据已更新: L41.492653 -> physical_length=41.492653
2025-09-02 14:48:25.077 | INFO     | Pendulum.PendulumAPP:_processSerialData:121 - 🔄 数据来源: 串口接收 -> PendulumState.physical_length
2025-09-02 14:48:25.079 | INFO     | Pendulum.SerialConncet:_run:176 - [接收] L41.518173
2025-09-02 14:48:25.095 | INFO     | Pendulum.SerialConncet:_run:176 - [接收] L41.543694
2025-09-02 14:48:25.118 | INFO     | Pendulum.SerialConncet:_run:176 - [接收] L41.569218
2025-09-02 14:48:25.122 | INFO     | Pendulum.PendulumAPP:_processSerialData:120 - 📏 串口长度数据已更新: L41.569218 -> physical_length=41.569218
2025-09-02 14:48:25.124 | INFO     | Pendulum.PendulumAPP:_processSerialData:121 - 🔄 数据来源: 串口接收 -> PendulumState.physical_length
2025-09-02 14:48:25.144 | INFO     | Pendulum.SerialConncet:_run:176 - [接收] L41.594734
2025-09-02 14:48:25.157 | INFO     | Pendulum.PendulumAPP:_keyEventWeb:249 - stop
2025-09-02 14:48:25.158 | INFO     | Pendulum.SerialConncet:send:199 - sendm0
2025-09-02 14:48:25.160 | INFO     | Pendulum.SerialConncet:send:201 - [发送] m0
2025-09-02 14:48:25.161 | INFO     | Pendulum.SerialConncet:_run:176 - [接收] L41.620255
2025-09-02 14:48:25.170 | INFO     | Pendulum.PendulumAPP:_processSerialData:120 - 📏 串口长度数据已更新: L41.620255 -> physical_length=41.620255
2025-09-02 14:48:25.170 | INFO     | Pendulum.PendulumAPP:_processSerialData:121 - 🔄 数据来源: 串口接收 -> PendulumState.physical_length
2025-09-02 14:48:25.179 | INFO     | Pendulum.SerialConncet:_run:176 - [接收] L41.645779
2025-09-02 14:48:25.216 | INFO     | Pendulum.PendulumAPP:_processSerialData:120 - 📏 串口长度数据已更新: L41.645779 -> physical_length=41.645779
2025-09-02 14:48:25.217 | INFO     | Pendulum.PendulumAPP:_processSerialData:121 - 🔄 数据来源: 串口接收 -> PendulumState.physical_length
2025-09-02 14:48:25.262 | INFO     | Pendulum.PendulumAPP:_processSerialData:120 - 📏 串口长度数据已更新: L41.645779 -> physical_length=41.645779
2025-09-02 14:48:25.263 | INFO     | Pendulum.PendulumAPP:_processSerialData:121 - 🔄 数据来源: 串口接收 -> PendulumState.physical_length
2025-09-02 14:48:25.310 | INFO     | Pendulum.PendulumAPP:_processSerialData:120 - 📏 串口长度数据已更新: L41.645779 -> physical_length=41.645779
2025-09-02 14:48:25.314 | INFO     | Pendulum.PendulumAPP:_processSerialData:121 - 🔄 数据来源: 串口接收 -> PendulumState.physical_length
2025-09-02 14:48:25.356 | INFO     | Pendulum.PendulumAPP:_processSerialData:120 - 📏 串口长度数据已更新: L41.645779 -> physical_length=41.645779
2025-09-02 14:48:25.359 | INFO     | Pendulum.PendulumAPP:_processSerialData:121 - 🔄 数据来源: 串口接收 -> PendulumState.physical_length
2025-09-02 14:48:25.401 | INFO     | Pendulum.PendulumAPP:_processSerialData:120 - 📏 串口长度数据已更新: L41.645779 -> physical_length=41.645779
2025-09-02 14:48:25.402 | INFO     | Pendulum.PendulumAPP:_processSerialData:121 - 🔄 数据来源: 串口接收 -> PendulumState.physical_length
2025-09-02 14:48:25.448 | INFO     | Pendulum.PendulumAPP:_processSerialData:120 - 📏 串口长度数据已更新: L41.645779 -> physical_length=41.645779
2025-09-02 14:48:25.449 | INFO     | Pendulum.PendulumAPP:_processSerialData:121 - 🔄 数据来源: 串口接收 -> PendulumState.physical_length
2025-09-02 14:48:25.494 | INFO     | Pendulum.PendulumAPP:_processSerialData:120 - 📏 串口长度数据已更新: L41.645779 -> physical_length=41.645779
2025-09-02 14:48:25.495 | INFO     | Pendulum.PendulumAPP:_processSerialData:121 - 🔄 数据来源: 串口接收 -> PendulumState.physical_length
2025-09-02 14:48:25.541 | INFO     | Pendulum.PendulumAPP:_processSerialData:120 - 📏 串口长度数据已更新: L41.645779 -> physical_length=41.645779
2025-09-02 14:48:25.542 | INFO     | Pendulum.PendulumAPP:_processSerialData:121 - 🔄 数据来源: 串口接收 -> PendulumState.physical_length
2025-09-02 14:48:25.587 | INFO     | Pendulum.PendulumAPP:_processSerialData:120 - 📏 串口长度数据已更新: L41.645779 -> physical_length=41.645779
2025-09-02 14:48:25.587 | INFO     | Pendulum.PendulumAPP:_processSerialData:121 - 🔄 数据来源: 串口接收 -> PendulumState.physical_length
2025-09-02 14:48:25.634 | INFO     | Pendulum.PendulumAPP:_processSerialData:120 - 📏 串口长度数据已更新: L41.645779 -> physical_length=41.645779
2025-09-02 14:48:25.635 | INFO     | Pendulum.PendulumAPP:_processSerialData:121 - 🔄 数据来源: 串口接收 -> PendulumState.physical_length
2025-09-02 14:48:25.679 | INFO     | Pendulum.PendulumAPP:_processSerialData:120 - 📏 串口长度数据已更新: L41.645779 -> physical_length=41.645779
2025-09-02 14:48:25.679 | INFO     | Pendulum.PendulumAPP:_processSerialData:121 - 🔄 数据来源: 串口接收 -> PendulumState.physical_length
2025-09-02 14:48:25.727 | INFO     | Pendulum.PendulumAPP:_processSerialData:120 - 📏 串口长度数据已更新: L41.645779 -> physical_length=41.645779
2025-09-02 14:48:25.727 | INFO     | Pendulum.PendulumAPP:_processSerialData:121 - 🔄 数据来源: 串口接收 -> PendulumState.physical_length
2025-09-02 14:48:25.775 | INFO     | Pendulum.PendulumAPP:_processSerialData:120 - 📏 串口长度数据已更新: L41.645779 -> physical_length=41.645779
2025-09-02 14:48:25.777 | INFO     | Pendulum.PendulumAPP:_processSerialData:121 - 🔄 数据来源: 串口接收 -> PendulumState.physical_length
2025-09-02 14:48:25.821 | INFO     | Pendulum.PendulumAPP:_processSerialData:120 - 📏 串口长度数据已更新: L41.645779 -> physical_length=41.645779
2025-09-02 14:48:25.828 | INFO     | Pendulum.PendulumAPP:_processSerialData:121 - 🔄 数据来源: 串口接收 -> PendulumState.physical_length
2025-09-02 14:48:25.869 | INFO     | Pendulum.PendulumAPP:_processSerialData:120 - 📏 串口长度数据已更新: L41.645779 -> physical_length=41.645779
2025-09-02 14:48:25.874 | INFO     | Pendulum.PendulumAPP:_processSerialData:121 - 🔄 数据来源: 串口接收 -> PendulumState.physical_length
2025-09-02 14:48:25.914 | INFO     | Pendulum.PendulumAPP:_processSerialData:120 - 📏 串口长度数据已更新: L41.645779 -> physical_length=41.645779
2025-09-02 14:48:25.915 | INFO     | Pendulum.PendulumAPP:_processSerialData:121 - 🔄 数据来源: 串口接收 -> PendulumState.physical_length
2025-09-02 14:48:25.957 | INFO     | Pendulum.PendulumAPP:_keyEventWeb:246 - ↓
2025-09-02 14:48:25.957 | INFO     | Pendulum.SerialConncet:send:199 - sendm1
2025-09-02 14:48:25.959 | INFO     | Pendulum.SerialConncet:send:201 - [发送] m1
2025-09-02 14:48:25.976 | INFO     | Pendulum.PendulumAPP:_processSerialData:120 - 📏 串口长度数据已更新: L41.645779 -> physical_length=41.645779
2025-09-02 14:48:25.976 | INFO     | Pendulum.PendulumAPP:_processSerialData:121 - 🔄 数据来源: 串口接收 -> PendulumState.physical_length
2025-09-02 14:48:25.982 | INFO     | Pendulum.SerialConncet:_run:176 - [接收] L41.671299
2025-09-02 14:48:26.004 | INFO     | Pendulum.SerialConncet:_run:176 - [接收] L41.696819
2025-09-02 14:48:26.023 | INFO     | Pendulum.PendulumAPP:_processSerialData:120 - 📏 串口长度数据已更新: L41.696819 -> physical_length=41.696819
2025-09-02 14:48:26.023 | INFO     | Pendulum.PendulumAPP:_processSerialData:121 - 🔄 数据来源: 串口接收 -> PendulumState.physical_length
2025-09-02 14:48:26.026 | INFO     | Pendulum.SerialConncet:_run:176 - [接收] L41.722343
2025-09-02 14:48:26.048 | INFO     | Pendulum.SerialConncet:_run:176 - [接收] L41.747864
2025-09-02 14:48:26.066 | INFO     | Pendulum.SerialConncet:_run:176 - [接收] L41.773384
2025-09-02 14:48:26.069 | INFO     | Pendulum.PendulumAPP:_processSerialData:120 - 📏 串口长度数据已更新: L41.773384 -> physical_length=41.773384
2025-09-02 14:48:26.069 | INFO     | Pendulum.PendulumAPP:_processSerialData:121 - 🔄 数据来源: 串口接收 -> PendulumState.physical_length
2025-09-02 14:48:26.087 | INFO     | Pendulum.SerialConncet:_run:176 - [接收] L41.798904
2025-09-02 14:48:26.111 | INFO     | Pendulum.SerialConncet:_run:176 - [接收] L41.824425
2025-09-02 14:48:26.116 | INFO     | Pendulum.PendulumAPP:_processSerialData:120 - 📏 串口长度数据已更新: L41.824425 -> physical_length=41.824425
2025-09-02 14:48:26.117 | INFO     | Pendulum.PendulumAPP:_processSerialData:121 - 🔄 数据来源: 串口接收 -> PendulumState.physical_length
2025-09-02 14:48:26.129 | INFO     | Pendulum.SerialConncet:_run:176 - [接收] L41.849945
2025-09-02 14:48:26.151 | INFO     | Pendulum.SerialConncet:_run:176 - [接收] L41.875465
2025-09-02 14:48:26.163 | INFO     | Pendulum.PendulumAPP:_processSerialData:120 - 📏 串口长度数据已更新: L41.875465 -> physical_length=41.875465
2025-09-02 14:48:26.163 | INFO     | Pendulum.PendulumAPP:_processSerialData:121 - 🔄 数据来源: 串口接收 -> PendulumState.physical_length
2025-09-02 14:48:26.172 | INFO     | Pendulum.SerialConncet:_run:176 - [接收] L41.900990
2025-09-02 14:48:26.191 | INFO     | Pendulum.SerialConncet:_run:176 - [接收] L41.926510
2025-09-02 14:48:26.209 | INFO     | Pendulum.PendulumAPP:_processSerialData:120 - 📏 串口长度数据已更新: L41.926510 -> physical_length=41.926510
2025-09-02 14:48:26.211 | INFO     | Pendulum.PendulumAPP:_processSerialData:121 - 🔄 数据来源: 串口接收 -> PendulumState.physical_length
2025-09-02 14:48:26.212 | INFO     | Pendulum.SerialConncet:_run:176 - [接收] L41.952030
2025-09-02 14:48:26.233 | INFO     | Pendulum.SerialConncet:_run:176 - [接收] L41.977551
2025-09-02 14:48:26.256 | INFO     | Pendulum.PendulumAPP:_processSerialData:120 - 📏 串口长度数据已更新: L41.977551 -> physical_length=41.977551
2025-09-02 14:48:26.259 | INFO     | Pendulum.PendulumAPP:_processSerialData:121 - 🔄 数据来源: 串口接收 -> PendulumState.physical_length
2025-09-02 14:48:26.262 | INFO     | Pendulum.SerialConncet:_run:176 - [接收] L42.003071
2025-09-02 14:48:26.275 | INFO     | Pendulum.SerialConncet:_run:176 - [接收] L42.028591
2025-09-02 14:48:26.296 | INFO     | Pendulum.SerialConncet:_run:176 - [接收] L42.054115
2025-09-02 14:48:26.302 | INFO     | Pendulum.PendulumAPP:_processSerialData:120 - 📏 串口长度数据已更新: L42.054115 -> physical_length=42.054115
2025-09-02 14:48:26.304 | INFO     | Pendulum.PendulumAPP:_processSerialData:121 - 🔄 数据来源: 串口接收 -> PendulumState.physical_length
2025-09-02 14:48:26.318 | INFO     | Pendulum.SerialConncet:_run:176 - [接收] L42.079636
2025-09-02 14:48:26.338 | INFO     | Pendulum.SerialConncet:_run:176 - [接收] L42.105156
2025-09-02 14:48:26.352 | INFO     | Pendulum.PendulumAPP:_processSerialData:120 - 📏 串口长度数据已更新: L42.105156 -> physical_length=42.105156
2025-09-02 14:48:26.353 | INFO     | Pendulum.PendulumAPP:_processSerialData:121 - 🔄 数据来源: 串口接收 -> PendulumState.physical_length
2025-09-02 14:48:26.358 | INFO     | Pendulum.SerialConncet:_run:176 - [接收] L42.130680
2025-09-02 14:48:26.386 | INFO     | Pendulum.SerialConncet:_run:176 - [接收] L42.156197
2025-09-02 14:48:26.396 | INFO     | Pendulum.PendulumAPP:_processSerialData:120 - 📏 串口长度数据已更新: L42.156197 -> physical_length=42.156197
2025-09-02 14:48:26.400 | INFO     | Pendulum.PendulumAPP:_processSerialData:121 - 🔄 数据来源: 串口接收 -> PendulumState.physical_length
2025-09-02 14:48:26.404 | INFO     | Pendulum.SerialConncet:_run:176 - [接收] L42.181717
2025-09-02 14:48:26.421 | INFO     | Pendulum.SerialConncet:_run:176 - [接收] L42.207237
2025-09-02 14:48:26.442 | INFO     | Pendulum.SerialConncet:_run:176 - [接收] L42.232761
2025-09-02 14:48:26.443 | INFO     | Pendulum.PendulumAPP:_processSerialData:120 - 📏 串口长度数据已更新: L42.207237 -> physical_length=42.207237
2025-09-02 14:48:26.449 | INFO     | Pendulum.PendulumAPP:_processSerialData:121 - 🔄 数据来源: 串口接收 -> PendulumState.physical_length
2025-09-02 14:48:26.465 | INFO     | Pendulum.SerialConncet:_run:176 - [接收] L42.258282
2025-09-02 14:48:26.484 | INFO     | Pendulum.SerialConncet:_run:176 - [接收] L42.283802
2025-09-02 14:48:26.491 | INFO     | Pendulum.PendulumAPP:_processSerialData:120 - 📏 串口长度数据已更新: L42.283802 -> physical_length=42.283802
2025-09-02 14:48:26.492 | INFO     | Pendulum.PendulumAPP:_processSerialData:121 - 🔄 数据来源: 串口接收 -> PendulumState.physical_length
2025-09-02 14:48:26.505 | INFO     | Pendulum.SerialConncet:_run:176 - [接收] L42.309326
2025-09-02 14:48:26.526 | INFO     | Pendulum.SerialConncet:_run:176 - [接收] L42.334846
2025-09-02 14:48:26.536 | INFO     | Pendulum.PendulumAPP:_processSerialData:120 - 📏 串口长度数据已更新: L42.334846 -> physical_length=42.334846
2025-09-02 14:48:26.537 | INFO     | Pendulum.PendulumAPP:_processSerialData:121 - 🔄 数据来源: 串口接收 -> PendulumState.physical_length
2025-09-02 14:48:26.547 | INFO     | Pendulum.SerialConncet:_run:176 - [接收] L42.360363
2025-09-02 14:48:26.567 | INFO     | Pendulum.SerialConncet:_run:176 - [接收] L42.385887
2025-09-02 14:48:26.582 | INFO     | Pendulum.PendulumAPP:_processSerialData:120 - 📏 串口长度数据已更新: L42.385887 -> physical_length=42.385887
2025-09-02 14:48:26.583 | INFO     | Pendulum.PendulumAPP:_processSerialData:121 - 🔄 数据来源: 串口接收 -> PendulumState.physical_length
2025-09-02 14:48:26.590 | INFO     | Pendulum.SerialConncet:_run:176 - [接收] L42.411407
2025-09-02 14:48:26.610 | INFO     | Pendulum.SerialConncet:_run:176 - [接收] L42.436928
2025-09-02 14:48:26.629 | INFO     | Pendulum.PendulumAPP:_processSerialData:120 - 📏 串口长度数据已更新: L42.436928 -> physical_length=42.436928
2025-09-02 14:48:26.630 | INFO     | Pendulum.PendulumAPP:_processSerialData:121 - 🔄 数据来源: 串口接收 -> PendulumState.physical_length
2025-09-02 14:48:26.632 | INFO     | Pendulum.SerialConncet:_run:176 - [接收] L42.462452
2025-09-02 14:48:26.656 | INFO     | Pendulum.SerialConncet:_run:176 - [接收] L42.487972
2025-09-02 14:48:26.673 | INFO     | Pendulum.SerialConncet:_run:176 - [接收] L42.513493
2025-09-02 14:48:26.675 | INFO     | Pendulum.PendulumAPP:_processSerialData:120 - 📏 串口长度数据已更新: L42.513493 -> physical_length=42.513493
2025-09-02 14:48:26.677 | INFO     | Pendulum.PendulumAPP:_processSerialData:121 - 🔄 数据来源: 串口接收 -> PendulumState.physical_length
2025-09-02 14:48:26.693 | INFO     | Pendulum.SerialConncet:_run:176 - [接收] L42.539013
2025-09-02 14:48:26.714 | INFO     | Pendulum.SerialConncet:_run:176 - [接收] L42.564533
2025-09-02 14:48:26.722 | INFO     | Pendulum.PendulumAPP:_processSerialData:120 - 📏 串口长度数据已更新: L42.564533 -> physical_length=42.564533
2025-09-02 14:48:26.722 | INFO     | Pendulum.PendulumAPP:_processSerialData:121 - 🔄 数据来源: 串口接收 -> PendulumState.physical_length
2025-09-02 14:48:26.735 | INFO     | Pendulum.SerialConncet:_run:176 - [接收] L42.590054
2025-09-02 14:48:26.758 | INFO     | Pendulum.SerialConncet:_run:176 - [接收] L42.615578
2025-09-02 14:48:26.768 | INFO     | Pendulum.PendulumAPP:_processSerialData:120 - 📏 串口长度数据已更新: L42.615578 -> physical_length=42.615578
2025-09-02 14:48:26.769 | INFO     | Pendulum.PendulumAPP:_processSerialData:121 - 🔄 数据来源: 串口接收 -> PendulumState.physical_length
2025-09-02 14:48:26.777 | INFO     | Pendulum.SerialConncet:_run:176 - [接收] L42.641098
2025-09-02 14:48:26.802 | INFO     | Pendulum.SerialConncet:_run:176 - [接收] L42.666618
2025-09-02 14:48:26.814 | INFO     | Pendulum.PendulumAPP:_processSerialData:120 - 📏 串口长度数据已更新: L42.666618 -> physical_length=42.666618
2025-09-02 14:48:26.815 | INFO     | Pendulum.PendulumAPP:_processSerialData:121 - 🔄 数据来源: 串口接收 -> PendulumState.physical_length
2025-09-02 14:48:26.819 | INFO     | Pendulum.SerialConncet:_run:176 - [接收] L42.692139
2025-09-02 14:48:26.840 | INFO     | Pendulum.SerialConncet:_run:176 - [接收] L42.717659
2025-09-02 14:48:26.862 | INFO     | Pendulum.PendulumAPP:_processSerialData:120 - 📏 串口长度数据已更新: L42.717659 -> physical_length=42.717659
2025-09-02 14:48:26.863 | INFO     | Pendulum.PendulumAPP:_processSerialData:121 - 🔄 数据来源: 串口接收 -> PendulumState.physical_length
2025-09-02 14:48:26.865 | INFO     | Pendulum.SerialConncet:_run:176 - [接收] L42.743179
2025-09-02 14:48:26.882 | INFO     | Pendulum.SerialConncet:_run:176 - [接收] L42.768700
2025-09-02 14:48:26.902 | INFO     | Pendulum.SerialConncet:_run:176 - [接收] L42.794224
2025-09-02 14:48:26.907 | INFO     | Pendulum.PendulumAPP:_processSerialData:120 - 📏 串口长度数据已更新: L42.794224 -> physical_length=42.794224
2025-09-02 14:48:26.910 | INFO     | Pendulum.PendulumAPP:_processSerialData:121 - 🔄 数据来源: 串口接收 -> PendulumState.physical_length
2025-09-02 14:48:26.930 | INFO     | Pendulum.SerialConncet:_run:176 - [接收] L42.819744
2025-09-02 14:48:26.946 | INFO     | Pendulum.SerialConncet:_run:176 - [接收] L42.845264
2025-09-02 14:48:26.953 | INFO     | Pendulum.PendulumAPP:_processSerialData:120 - 📏 串口长度数据已更新: L42.845264 -> physical_length=42.845264
2025-09-02 14:48:26.953 | INFO     | Pendulum.PendulumAPP:_processSerialData:121 - 🔄 数据来源: 串口接收 -> PendulumState.physical_length
2025-09-02 14:48:26.964 | INFO     | Pendulum.SerialConncet:_run:176 - [接收] L42.870789
2025-09-02 14:48:26.986 | INFO     | Pendulum.SerialConncet:_run:176 - [接收] L42.896309
2025-09-02 14:48:27.001 | INFO     | Pendulum.PendulumAPP:_processSerialData:120 - 📏 串口长度数据已更新: L42.896309 -> physical_length=42.896309
2025-09-02 14:48:27.003 | INFO     | Pendulum.PendulumAPP:_processSerialData:121 - 🔄 数据来源: 串口接收 -> PendulumState.physical_length
2025-09-02 14:48:27.007 | INFO     | Pendulum.SerialConncet:_run:176 - [接收] L42.921825
2025-09-02 14:48:27.028 | INFO     | Pendulum.SerialConncet:_run:176 - [接收] L42.947350
2025-09-02 14:48:27.046 | INFO     | Pendulum.PendulumAPP:_processSerialData:120 - 📏 串口长度数据已更新: L42.947350 -> physical_length=42.947350
2025-09-02 14:48:27.049 | INFO     | Pendulum.PendulumAPP:_processSerialData:121 - 🔄 数据来源: 串口接收 -> PendulumState.physical_length
2025-09-02 14:48:27.051 | INFO     | Pendulum.SerialConncet:_run:176 - [接收] L42.972870
2025-09-02 14:48:27.070 | INFO     | Pendulum.SerialConncet:_run:176 - [接收] L42.998390
2025-09-02 14:48:27.091 | INFO     | Pendulum.PendulumAPP:_processSerialData:120 - 📏 串口长度数据已更新: L42.998390 -> physical_length=42.998390
2025-09-02 14:48:27.092 | INFO     | Pendulum.PendulumAPP:_processSerialData:121 - 🔄 数据来源: 串口接收 -> PendulumState.physical_length
2025-09-02 14:48:27.094 | INFO     | Pendulum.SerialConncet:_run:176 - [接收] L43.023911
2025-09-02 14:48:27.111 | INFO     | Pendulum.SerialConncet:_run:176 - [接收] L43.049435
2025-09-02 14:48:27.134 | INFO     | Pendulum.SerialConncet:_run:176 - [接收] L43.074955
2025-09-02 14:48:27.138 | INFO     | Pendulum.PendulumAPP:_processSerialData:120 - 📏 串口长度数据已更新: L43.074955 -> physical_length=43.074955
2025-09-02 14:48:27.139 | INFO     | Pendulum.PendulumAPP:_processSerialData:121 - 🔄 数据来源: 串口接收 -> PendulumState.physical_length
2025-09-02 14:48:27.154 | INFO     | Pendulum.SerialConncet:_run:176 - [接收] L43.100475
2025-09-02 14:48:27.175 | INFO     | Pendulum.SerialConncet:_run:176 - [接收] L43.125996
2025-09-02 14:48:27.184 | INFO     | Pendulum.PendulumAPP:_processSerialData:120 - 📏 串口长度数据已更新: L43.125996 -> physical_length=43.125996
2025-09-02 14:48:27.186 | INFO     | Pendulum.PendulumAPP:_processSerialData:121 - 🔄 数据来源: 串口接收 -> PendulumState.physical_length
2025-09-02 14:48:27.197 | INFO     | Pendulum.SerialConncet:_run:176 - [接收] L43.151516
2025-09-02 14:48:27.216 | INFO     | Pendulum.SerialConncet:_run:176 - [接收] L43.177036
2025-09-02 14:48:27.231 | INFO     | Pendulum.PendulumAPP:_processSerialData:120 - 📏 串口长度数据已更新: L43.177036 -> physical_length=43.177036
2025-09-02 14:48:27.233 | INFO     | Pendulum.PendulumAPP:_processSerialData:121 - 🔄 数据来源: 串口接收 -> PendulumState.physical_length
2025-09-02 14:48:27.237 | INFO     | Pendulum.SerialConncet:_run:176 - [接收] L43.202560
2025-09-02 14:48:27.258 | INFO     | Pendulum.SerialConncet:_run:176 - [接收] L43.228081
2025-09-02 14:48:27.276 | INFO     | Pendulum.PendulumAPP:_processSerialData:120 - 📏 串口长度数据已更新: L43.228081 -> physical_length=43.228081
2025-09-02 14:48:27.277 | INFO     | Pendulum.PendulumAPP:_processSerialData:121 - 🔄 数据来源: 串口接收 -> PendulumState.physical_length
2025-09-02 14:48:27.281 | INFO     | Pendulum.SerialConncet:_run:176 - [接收] L43.253601
2025-09-02 14:48:27.300 | INFO     | Pendulum.SerialConncet:_run:176 - [接收] L43.279121
2025-09-02 14:48:27.321 | INFO     | Pendulum.SerialConncet:_run:176 - [接收] L43.304642
2025-09-02 14:48:27.322 | INFO     | Pendulum.PendulumAPP:_processSerialData:120 - 📏 串口长度数据已更新: L43.304642 -> physical_length=43.304642
2025-09-02 14:48:27.323 | INFO     | Pendulum.PendulumAPP:_processSerialData:121 - 🔄 数据来源: 串口接收 -> PendulumState.physical_length
2025-09-02 14:48:27.342 | INFO     | Pendulum.SerialConncet:_run:176 - [接收] L43.330162
2025-09-02 14:48:27.362 | INFO     | Pendulum.SerialConncet:_run:176 - [接收] L43.355686
2025-09-02 14:48:27.370 | INFO     | Pendulum.PendulumAPP:_processSerialData:120 - 📏 串口长度数据已更新: L43.355686 -> physical_length=43.355686
2025-09-02 14:48:27.371 | INFO     | Pendulum.PendulumAPP:_processSerialData:121 - 🔄 数据来源: 串口接收 -> PendulumState.physical_length
2025-09-02 14:48:27.383 | INFO     | Pendulum.SerialConncet:_run:176 - [接收] L43.381207
2025-09-02 14:48:27.406 | INFO     | Pendulum.SerialConncet:_run:176 - [接收] L43.406727
2025-09-02 14:48:27.416 | INFO     | Pendulum.PendulumAPP:_processSerialData:120 - 📏 串口长度数据已更新: L43.406727 -> physical_length=43.406727
2025-09-02 14:48:27.417 | INFO     | Pendulum.PendulumAPP:_processSerialData:121 - 🔄 数据来源: 串口接收 -> PendulumState.physical_length
2025-09-02 14:48:27.426 | INFO     | Pendulum.SerialConncet:_run:176 - [接收] L43.432251
2025-09-02 14:48:27.446 | INFO     | Pendulum.SerialConncet:_run:176 - [接收] L43.457771
2025-09-02 14:48:27.463 | INFO     | Pendulum.PendulumAPP:_processSerialData:120 - 📏 串口长度数据已更新: L43.457771 -> physical_length=43.457771
2025-09-02 14:48:27.464 | INFO     | Pendulum.PendulumAPP:_processSerialData:121 - 🔄 数据来源: 串口接收 -> PendulumState.physical_length
2025-09-02 14:48:27.467 | INFO     | Pendulum.SerialConncet:_run:176 - [接收] L43.483288
2025-09-02 14:48:27.489 | INFO     | Pendulum.SerialConncet:_run:176 - [接收] L43.508808
2025-09-02 14:48:27.509 | INFO     | Pendulum.SerialConncet:_run:176 - [接收] L43.534332
2025-09-02 14:48:27.511 | INFO     | Pendulum.PendulumAPP:_processSerialData:120 - 📏 串口长度数据已更新: L43.534332 -> physical_length=43.534332
2025-09-02 14:48:27.511 | INFO     | Pendulum.PendulumAPP:_processSerialData:121 - 🔄 数据来源: 串口接收 -> PendulumState.physical_length
2025-09-02 14:48:27.530 | INFO     | Pendulum.SerialConncet:_run:176 - [接收] L43.559853
2025-09-02 14:48:27.551 | INFO     | Pendulum.SerialConncet:_run:176 - [接收] L43.585373
2025-09-02 14:48:27.557 | INFO     | Pendulum.PendulumAPP:_processSerialData:120 - 📏 串口长度数据已更新: L43.585373 -> physical_length=43.585373
2025-09-02 14:48:27.558 | INFO     | Pendulum.PendulumAPP:_processSerialData:121 - 🔄 数据来源: 串口接收 -> PendulumState.physical_length
2025-09-02 14:48:27.572 | INFO     | Pendulum.SerialConncet:_run:176 - [接收] L43.610897
2025-09-02 14:48:27.594 | INFO     | Pendulum.SerialConncet:_run:176 - [接收] L43.636417
2025-09-02 14:48:27.604 | INFO     | Pendulum.PendulumAPP:_processSerialData:120 - 📏 串口长度数据已更新: L43.636417 -> physical_length=43.636417
2025-09-02 14:48:27.605 | INFO     | Pendulum.PendulumAPP:_processSerialData:121 - 🔄 数据来源: 串口接收 -> PendulumState.physical_length
2025-09-02 14:48:27.614 | INFO     | Pendulum.SerialConncet:_run:176 - [接收] L43.661938
2025-09-02 14:48:27.636 | INFO     | Pendulum.SerialConncet:_run:176 - [接收] L43.687458
2025-09-02 14:48:27.652 | INFO     | Pendulum.PendulumAPP:_processSerialData:120 - 📏 串口长度数据已更新: L43.687458 -> physical_length=43.687458
2025-09-02 14:48:27.656 | INFO     | Pendulum.PendulumAPP:_processSerialData:121 - 🔄 数据来源: 串口接收 -> PendulumState.physical_length
2025-09-02 14:48:27.657 | INFO     | Pendulum.SerialConncet:_run:176 - [接收] L43.712978
2025-09-02 14:48:27.679 | INFO     | Pendulum.SerialConncet:_run:176 - [接收] L43.738499
2025-09-02 14:48:27.697 | INFO     | Pendulum.SerialConncet:_run:176 - [接收] L43.764023
2025-09-02 14:48:27.699 | INFO     | Pendulum.PendulumAPP:_processSerialData:120 - 📏 串口长度数据已更新: L43.738499 -> physical_length=43.738499
2025-09-02 14:48:27.701 | INFO     | Pendulum.PendulumAPP:_processSerialData:121 - 🔄 数据来源: 串口接收 -> PendulumState.physical_length
2025-09-02 14:48:27.718 | INFO     | Pendulum.SerialConncet:_run:176 - [接收] L43.789543
2025-09-02 14:48:27.738 | INFO     | Pendulum.SerialConncet:_run:176 - [接收] L43.815063
2025-09-02 14:48:27.745 | INFO     | Pendulum.PendulumAPP:_processSerialData:120 - 📏 串口长度数据已更新: L43.815063 -> physical_length=43.815063
2025-09-02 14:48:27.747 | INFO     | Pendulum.PendulumAPP:_processSerialData:121 - 🔄 数据来源: 串口接收 -> PendulumState.physical_length
2025-09-02 14:48:27.760 | INFO     | Pendulum.SerialConncet:_run:176 - [接收] L43.840584
2025-09-02 14:48:27.781 | INFO     | Pendulum.SerialConncet:_run:176 - [接收] L43.866104
2025-09-02 14:48:27.791 | INFO     | Pendulum.PendulumAPP:_processSerialData:120 - 📏 串口长度数据已更新: L43.866104 -> physical_length=43.866104
2025-09-02 14:48:27.791 | INFO     | Pendulum.PendulumAPP:_processSerialData:121 - 🔄 数据来源: 串口接收 -> PendulumState.physical_length
2025-09-02 14:48:27.802 | INFO     | Pendulum.SerialConncet:_run:176 - [接收] L43.891624
2025-09-02 14:48:27.822 | INFO     | Pendulum.SerialConncet:_run:176 - [接收] L43.917145
2025-09-02 14:48:27.839 | INFO     | Pendulum.PendulumAPP:_processSerialData:120 - 📏 串口长度数据已更新: L43.917145 -> physical_length=43.917145
2025-09-02 14:48:27.840 | INFO     | Pendulum.PendulumAPP:_processSerialData:121 - 🔄 数据来源: 串口接收 -> PendulumState.physical_length
2025-09-02 14:48:27.845 | INFO     | Pendulum.SerialConncet:_run:176 - [接收] L43.942669
2025-09-02 14:48:27.864 | INFO     | Pendulum.SerialConncet:_run:176 - [接收] L43.968189
2025-09-02 14:48:27.885 | INFO     | Pendulum.SerialConncet:_run:176 - [接收] L43.993710
2025-09-02 14:48:27.890 | INFO     | Pendulum.PendulumAPP:_processSerialData:120 - 📏 串口长度数据已更新: L43.968189 -> physical_length=43.968189
2025-09-02 14:48:27.892 | INFO     | Pendulum.PendulumAPP:_processSerialData:121 - 🔄 数据来源: 串口接收 -> PendulumState.physical_length
2025-09-02 14:48:27.909 | INFO     | Pendulum.SerialConncet:_run:176 - [接收] L44.019234
2025-09-02 14:48:27.927 | INFO     | Pendulum.SerialConncet:_run:176 - [接收] L44.044750
2025-09-02 14:48:27.931 | INFO     | Pendulum.PendulumAPP:_processSerialData:120 - 📏 串口长度数据已更新: L44.044750 -> physical_length=44.044750
2025-09-02 14:48:27.935 | INFO     | Pendulum.PendulumAPP:_processSerialData:121 - 🔄 数据来源: 串口接收 -> PendulumState.physical_length
2025-09-02 14:48:27.952 | INFO     | Pendulum.SerialConncet:_run:176 - [接收] L44.070271
2025-09-02 14:48:27.974 | INFO     | Pendulum.SerialConncet:_run:176 - [接收] L44.095795
2025-09-02 14:48:27.990 | INFO     | Pendulum.SerialConncet:_run:176 - [接收] L44.121315
2025-09-02 14:48:27.993 | INFO     | Pendulum.PendulumAPP:_processSerialData:120 - 📏 串口长度数据已更新: L44.121315 -> physical_length=44.121315
2025-09-02 14:48:27.994 | INFO     | Pendulum.PendulumAPP:_processSerialData:121 - 🔄 数据来源: 串口接收 -> PendulumState.physical_length
2025-09-02 14:48:28.011 | INFO     | Pendulum.SerialConncet:_run:176 - [接收] L44.146835
2025-09-02 14:48:28.033 | INFO     | Pendulum.SerialConncet:_run:176 - [接收] L44.172359
2025-09-02 14:48:28.040 | INFO     | Pendulum.PendulumAPP:_processSerialData:120 - 📏 串口长度数据已更新: L44.172359 -> physical_length=44.172359
2025-09-02 14:48:28.040 | INFO     | Pendulum.PendulumAPP:_processSerialData:121 - 🔄 数据来源: 串口接收 -> PendulumState.physical_length
2025-09-02 14:48:28.054 | INFO     | Pendulum.SerialConncet:_run:176 - [接收] L44.197880
2025-09-02 14:48:28.076 | INFO     | Pendulum.SerialConncet:_run:176 - [接收] L44.223400
2025-09-02 14:48:28.080 | INFO     | Pendulum.PendulumAPP:_keyEventWeb:249 - stop
2025-09-02 14:48:28.081 | INFO     | Pendulum.SerialConncet:send:199 - sendm0
2025-09-02 14:48:28.081 | INFO     | Pendulum.SerialConncet:send:201 - [发送] m0
2025-09-02 14:48:28.086 | INFO     | Pendulum.PendulumAPP:_processSerialData:120 - 📏 串口长度数据已更新: L44.223400 -> physical_length=44.223400
2025-09-02 14:48:28.087 | INFO     | Pendulum.PendulumAPP:_processSerialData:121 - 🔄 数据来源: 串口接收 -> PendulumState.physical_length
2025-09-02 14:48:28.098 | INFO     | Pendulum.SerialConncet:_run:176 - [接收] L44.248920
2025-09-02 14:48:28.132 | INFO     | Pendulum.PendulumAPP:_processSerialData:120 - 📏 串口长度数据已更新: L44.248920 -> physical_length=44.248920
2025-09-02 14:48:28.133 | INFO     | Pendulum.PendulumAPP:_processSerialData:121 - 🔄 数据来源: 串口接收 -> PendulumState.physical_length
2025-09-02 14:48:28.178 | INFO     | Pendulum.PendulumAPP:_processSerialData:120 - 📏 串口长度数据已更新: L44.248920 -> physical_length=44.248920
2025-09-02 14:48:28.180 | INFO     | Pendulum.PendulumAPP:_processSerialData:121 - 🔄 数据来源: 串口接收 -> PendulumState.physical_length
2025-09-02 14:48:28.226 | INFO     | Pendulum.PendulumAPP:_processSerialData:120 - 📏 串口长度数据已更新: L44.248920 -> physical_length=44.248920
2025-09-02 14:48:28.227 | INFO     | Pendulum.PendulumAPP:_processSerialData:121 - 🔄 数据来源: 串口接收 -> PendulumState.physical_length
2025-09-02 14:48:28.272 | INFO     | Pendulum.PendulumAPP:_processSerialData:120 - 📏 串口长度数据已更新: L44.248920 -> physical_length=44.248920
2025-09-02 14:48:28.273 | INFO     | Pendulum.PendulumAPP:_processSerialData:121 - 🔄 数据来源: 串口接收 -> PendulumState.physical_length
2025-09-02 14:48:28.317 | INFO     | Pendulum.PendulumAPP:_processSerialData:120 - 📏 串口长度数据已更新: L44.248920 -> physical_length=44.248920
2025-09-02 14:48:28.319 | INFO     | Pendulum.PendulumAPP:_processSerialData:121 - 🔄 数据来源: 串口接收 -> PendulumState.physical_length
2025-09-02 14:48:28.365 | INFO     | Pendulum.PendulumAPP:_processSerialData:120 - 📏 串口长度数据已更新: L44.248920 -> physical_length=44.248920
2025-09-02 14:48:28.366 | INFO     | Pendulum.PendulumAPP:_processSerialData:121 - 🔄 数据来源: 串口接收 -> PendulumState.physical_length
2025-09-02 14:48:28.412 | INFO     | Pendulum.PendulumAPP:_processSerialData:120 - 📏 串口长度数据已更新: L44.248920 -> physical_length=44.248920
2025-09-02 14:48:28.413 | INFO     | Pendulum.PendulumAPP:_processSerialData:121 - 🔄 数据来源: 串口接收 -> PendulumState.physical_length
2025-09-02 14:48:28.458 | INFO     | Pendulum.PendulumAPP:_processSerialData:120 - 📏 串口长度数据已更新: L44.248920 -> physical_length=44.248920
2025-09-02 14:48:28.459 | INFO     | Pendulum.PendulumAPP:_processSerialData:121 - 🔄 数据来源: 串口接收 -> PendulumState.physical_length
2025-09-02 14:48:28.504 | INFO     | Pendulum.PendulumAPP:_processSerialData:120 - 📏 串口长度数据已更新: L44.248920 -> physical_length=44.248920
2025-09-02 14:48:28.505 | INFO     | Pendulum.PendulumAPP:_processSerialData:121 - 🔄 数据来源: 串口接收 -> PendulumState.physical_length
2025-09-02 14:48:28.550 | INFO     | Pendulum.PendulumAPP:_processSerialData:120 - 📏 串口长度数据已更新: L44.248920 -> physical_length=44.248920
2025-09-02 14:48:28.551 | INFO     | Pendulum.PendulumAPP:_processSerialData:121 - 🔄 数据来源: 串口接收 -> PendulumState.physical_length
2025-09-02 14:48:28.596 | INFO     | Pendulum.PendulumAPP:_processSerialData:120 - 📏 串口长度数据已更新: L44.248920 -> physical_length=44.248920
2025-09-02 14:48:28.597 | INFO     | Pendulum.PendulumAPP:_processSerialData:121 - 🔄 数据来源: 串口接收 -> PendulumState.physical_length
2025-09-02 14:48:28.642 | INFO     | Pendulum.PendulumAPP:_processSerialData:120 - 📏 串口长度数据已更新: L44.248920 -> physical_length=44.248920
2025-09-02 14:48:28.643 | INFO     | Pendulum.PendulumAPP:_processSerialData:121 - 🔄 数据来源: 串口接收 -> PendulumState.physical_length
2025-09-02 14:48:28.688 | INFO     | Pendulum.PendulumAPP:_processSerialData:120 - 📏 串口长度数据已更新: L44.248920 -> physical_length=44.248920
2025-09-02 14:48:28.689 | INFO     | Pendulum.PendulumAPP:_processSerialData:121 - 🔄 数据来源: 串口接收 -> PendulumState.physical_length
2025-09-02 14:48:28.734 | INFO     | Pendulum.PendulumAPP:_processSerialData:120 - 📏 串口长度数据已更新: L44.248920 -> physical_length=44.248920
2025-09-02 14:48:28.735 | INFO     | Pendulum.PendulumAPP:_processSerialData:121 - 🔄 数据来源: 串口接收 -> PendulumState.physical_length
2025-09-02 14:48:28.782 | INFO     | Pendulum.PendulumAPP:_processSerialData:120 - 📏 串口长度数据已更新: L44.248920 -> physical_length=44.248920
2025-09-02 14:48:28.785 | INFO     | Pendulum.PendulumAPP:_processSerialData:121 - 🔄 数据来源: 串口接收 -> PendulumState.physical_length
2025-09-02 14:48:28.827 | INFO     | Pendulum.PendulumAPP:_processSerialData:120 - 📏 串口长度数据已更新: L44.248920 -> physical_length=44.248920
2025-09-02 14:48:28.828 | INFO     | Pendulum.PendulumAPP:_processSerialData:121 - 🔄 数据来源: 串口接收 -> PendulumState.physical_length
2025-09-02 14:48:28.874 | INFO     | Pendulum.PendulumAPP:_processSerialData:120 - 📏 串口长度数据已更新: L44.248920 -> physical_length=44.248920
2025-09-02 14:48:28.875 | INFO     | Pendulum.PendulumAPP:_processSerialData:121 - 🔄 数据来源: 串口接收 -> PendulumState.physical_length
2025-09-02 14:48:28.920 | INFO     | Pendulum.PendulumAPP:_processSerialData:120 - 📏 串口长度数据已更新: L44.248920 -> physical_length=44.248920
2025-09-02 14:48:28.921 | INFO     | Pendulum.PendulumAPP:_processSerialData:121 - 🔄 数据来源: 串口接收 -> PendulumState.physical_length
2025-09-02 14:48:28.965 | INFO     | Pendulum.PendulumAPP:_processSerialData:120 - 📏 串口长度数据已更新: L44.248920 -> physical_length=44.248920
2025-09-02 14:48:28.965 | INFO     | Pendulum.PendulumAPP:_processSerialData:121 - 🔄 数据来源: 串口接收 -> PendulumState.physical_length
2025-09-02 14:48:29.010 | INFO     | Pendulum.PendulumAPP:_processSerialData:120 - 📏 串口长度数据已更新: L44.248920 -> physical_length=44.248920
2025-09-02 14:48:29.011 | INFO     | Pendulum.PendulumAPP:_processSerialData:121 - 🔄 数据来源: 串口接收 -> PendulumState.physical_length
2025-09-02 14:48:29.056 | INFO     | Pendulum.PendulumAPP:_processSerialData:120 - 📏 串口长度数据已更新: L44.248920 -> physical_length=44.248920
2025-09-02 14:48:29.057 | INFO     | Pendulum.PendulumAPP:_processSerialData:121 - 🔄 数据来源: 串口接收 -> PendulumState.physical_length
2025-09-02 14:48:29.102 | INFO     | Pendulum.PendulumAPP:_processSerialData:120 - 📏 串口长度数据已更新: L44.248920 -> physical_length=44.248920
2025-09-02 14:48:29.104 | INFO     | Pendulum.PendulumAPP:_processSerialData:121 - 🔄 数据来源: 串口接收 -> PendulumState.physical_length
2025-09-02 14:48:29.148 | INFO     | Pendulum.PendulumAPP:_processSerialData:120 - 📏 串口长度数据已更新: L44.248920 -> physical_length=44.248920
2025-09-02 14:48:29.150 | INFO     | Pendulum.PendulumAPP:_processSerialData:121 - 🔄 数据来源: 串口接收 -> PendulumState.physical_length
2025-09-02 14:48:29.195 | INFO     | Pendulum.PendulumAPP:_processSerialData:120 - 📏 串口长度数据已更新: L44.248920 -> physical_length=44.248920
2025-09-02 14:48:29.199 | INFO     | Pendulum.PendulumAPP:_processSerialData:121 - 🔄 数据来源: 串口接收 -> PendulumState.physical_length
2025-09-02 14:48:29.242 | INFO     | Pendulum.PendulumAPP:_processSerialData:120 - 📏 串口长度数据已更新: L44.248920 -> physical_length=44.248920
2025-09-02 14:48:29.243 | INFO     | Pendulum.PendulumAPP:_processSerialData:121 - 🔄 数据来源: 串口接收 -> PendulumState.physical_length
2025-09-02 14:48:29.290 | INFO     | Pendulum.PendulumAPP:_processSerialData:120 - 📏 串口长度数据已更新: L44.248920 -> physical_length=44.248920
2025-09-02 14:48:29.291 | INFO     | Pendulum.PendulumAPP:_processSerialData:121 - 🔄 数据来源: 串口接收 -> PendulumState.physical_length
2025-09-02 14:48:29.337 | INFO     | Pendulum.PendulumAPP:_processSerialData:120 - 📏 串口长度数据已更新: L44.248920 -> physical_length=44.248920
2025-09-02 14:48:29.338 | INFO     | Pendulum.PendulumAPP:_processSerialData:121 - 🔄 数据来源: 串口接收 -> PendulumState.physical_length
2025-09-02 14:48:29.383 | INFO     | Pendulum.PendulumAPP:_processSerialData:120 - 📏 串口长度数据已更新: L44.248920 -> physical_length=44.248920
2025-09-02 14:48:29.384 | INFO     | Pendulum.PendulumAPP:_processSerialData:121 - 🔄 数据来源: 串口接收 -> PendulumState.physical_length
2025-09-02 14:48:29.430 | INFO     | Pendulum.PendulumAPP:_processSerialData:120 - 📏 串口长度数据已更新: L44.248920 -> physical_length=44.248920
2025-09-02 14:48:29.431 | INFO     | Pendulum.PendulumAPP:_processSerialData:121 - 🔄 数据来源: 串口接收 -> PendulumState.physical_length
2025-09-02 14:48:29.476 | INFO     | Pendulum.PendulumAPP:_processSerialData:120 - 📏 串口长度数据已更新: L44.248920 -> physical_length=44.248920
2025-09-02 14:48:29.477 | INFO     | Pendulum.PendulumAPP:_processSerialData:121 - 🔄 数据来源: 串口接收 -> PendulumState.physical_length
2025-09-02 14:48:29.522 | INFO     | Pendulum.PendulumAPP:_processSerialData:120 - 📏 串口长度数据已更新: L44.248920 -> physical_length=44.248920
2025-09-02 14:48:29.522 | INFO     | Pendulum.PendulumAPP:_processSerialData:121 - 🔄 数据来源: 串口接收 -> PendulumState.physical_length
2025-09-02 14:48:29.570 | INFO     | Pendulum.PendulumAPP:_processSerialData:120 - 📏 串口长度数据已更新: L44.248920 -> physical_length=44.248920
2025-09-02 14:48:29.571 | INFO     | Pendulum.PendulumAPP:_processSerialData:121 - 🔄 数据来源: 串口接收 -> PendulumState.physical_length
2025-09-02 14:48:29.615 | INFO     | Pendulum.PendulumAPP:_processSerialData:120 - 📏 串口长度数据已更新: L44.248920 -> physical_length=44.248920
2025-09-02 14:48:29.615 | INFO     | Pendulum.PendulumAPP:_processSerialData:121 - 🔄 数据来源: 串口接收 -> PendulumState.physical_length
2025-09-02 14:48:29.661 | INFO     | Pendulum.PendulumAPP:_processSerialData:120 - 📏 串口长度数据已更新: L44.248920 -> physical_length=44.248920
2025-09-02 14:48:29.665 | INFO     | Pendulum.PendulumAPP:_processSerialData:121 - 🔄 数据来源: 串口接收 -> PendulumState.physical_length
2025-09-02 14:48:29.707 | INFO     | Pendulum.PendulumAPP:_processSerialData:120 - 📏 串口长度数据已更新: L44.248920 -> physical_length=44.248920
2025-09-02 14:48:29.709 | INFO     | Pendulum.PendulumAPP:_processSerialData:121 - 🔄 数据来源: 串口接收 -> PendulumState.physical_length
2025-09-02 14:48:29.755 | INFO     | Pendulum.PendulumAPP:_processSerialData:120 - 📏 串口长度数据已更新: L44.248920 -> physical_length=44.248920
2025-09-02 14:48:29.756 | INFO     | Pendulum.PendulumAPP:_processSerialData:121 - 🔄 数据来源: 串口接收 -> PendulumState.physical_length
2025-09-02 14:48:29.802 | INFO     | Pendulum.PendulumAPP:_processSerialData:120 - 📏 串口长度数据已更新: L44.248920 -> physical_length=44.248920
2025-09-02 14:48:29.803 | INFO     | Pendulum.PendulumAPP:_processSerialData:121 - 🔄 数据来源: 串口接收 -> PendulumState.physical_length
2025-09-02 14:48:29.847 | INFO     | Pendulum.PendulumAPP:_processSerialData:120 - 📏 串口长度数据已更新: L44.248920 -> physical_length=44.248920
2025-09-02 14:48:29.848 | INFO     | Pendulum.PendulumAPP:_processSerialData:121 - 🔄 数据来源: 串口接收 -> PendulumState.physical_length
2025-09-02 14:48:29.897 | INFO     | Pendulum.PendulumAPP:_processSerialData:120 - 📏 串口长度数据已更新: L44.248920 -> physical_length=44.248920
2025-09-02 14:48:29.899 | INFO     | Pendulum.PendulumAPP:_processSerialData:121 - 🔄 数据来源: 串口接收 -> PendulumState.physical_length
2025-09-02 14:48:29.940 | INFO     | Pendulum.PendulumAPP:_processSerialData:120 - 📏 串口长度数据已更新: L44.248920 -> physical_length=44.248920
2025-09-02 14:48:29.941 | INFO     | Pendulum.PendulumAPP:_processSerialData:121 - 🔄 数据来源: 串口接收 -> PendulumState.physical_length
2025-09-02 14:48:29.986 | INFO     | Pendulum.PendulumAPP:_processSerialData:120 - 📏 串口长度数据已更新: L44.248920 -> physical_length=44.248920
2025-09-02 14:48:29.987 | INFO     | Pendulum.PendulumAPP:_processSerialData:121 - 🔄 数据来源: 串口接收 -> PendulumState.physical_length
2025-09-02 14:48:30.034 | INFO     | Pendulum.PendulumAPP:_processSerialData:120 - 📏 串口长度数据已更新: L44.248920 -> physical_length=44.248920
2025-09-02 14:48:30.035 | INFO     | Pendulum.PendulumAPP:_processSerialData:121 - 🔄 数据来源: 串口接收 -> PendulumState.physical_length
2025-09-02 14:48:30.080 | INFO     | Pendulum.PendulumAPP:_processSerialData:120 - 📏 串口长度数据已更新: L44.248920 -> physical_length=44.248920
2025-09-02 14:48:30.081 | INFO     | Pendulum.PendulumAPP:_processSerialData:121 - 🔄 数据来源: 串口接收 -> PendulumState.physical_length
2025-09-02 14:48:30.126 | INFO     | Pendulum.PendulumAPP:_processSerialData:120 - 📏 串口长度数据已更新: L44.248920 -> physical_length=44.248920
2025-09-02 14:48:30.126 | INFO     | Pendulum.PendulumAPP:_processSerialData:121 - 🔄 数据来源: 串口接收 -> PendulumState.physical_length
2025-09-02 14:48:30.172 | INFO     | Pendulum.PendulumAPP:_processSerialData:120 - 📏 串口长度数据已更新: L44.248920 -> physical_length=44.248920
2025-09-02 14:48:30.173 | INFO     | Pendulum.PendulumAPP:_processSerialData:121 - 🔄 数据来源: 串口接收 -> PendulumState.physical_length
2025-09-02 14:48:30.218 | INFO     | Pendulum.PendulumAPP:_processSerialData:120 - 📏 串口长度数据已更新: L44.248920 -> physical_length=44.248920
2025-09-02 14:48:30.219 | INFO     | Pendulum.PendulumAPP:_processSerialData:121 - 🔄 数据来源: 串口接收 -> PendulumState.physical_length
2025-09-02 14:48:30.265 | INFO     | Pendulum.PendulumAPP:_processSerialData:120 - 📏 串口长度数据已更新: L44.248920 -> physical_length=44.248920
2025-09-02 14:48:30.265 | INFO     | Pendulum.PendulumAPP:_processSerialData:121 - 🔄 数据来源: 串口接收 -> PendulumState.physical_length
2025-09-02 14:48:30.311 | INFO     | Pendulum.PendulumAPP:_processSerialData:120 - 📏 串口长度数据已更新: L44.248920 -> physical_length=44.248920
2025-09-02 14:48:30.312 | INFO     | Pendulum.PendulumAPP:_processSerialData:121 - 🔄 数据来源: 串口接收 -> PendulumState.physical_length
2025-09-02 14:48:30.357 | INFO     | Pendulum.PendulumAPP:_processSerialData:120 - 📏 串口长度数据已更新: L44.248920 -> physical_length=44.248920
2025-09-02 14:48:30.358 | INFO     | Pendulum.PendulumAPP:_processSerialData:121 - 🔄 数据来源: 串口接收 -> PendulumState.physical_length
2025-09-02 14:48:30.398 | INFO     | Pendulum.PendulumAPP:_keyEventWeb:277 - n2
2025-09-02 14:48:30.399 | INFO     | Pendulum.SerialConncet:send:199 - sendn2
2025-09-02 14:48:30.400 | INFO     | Pendulum.SerialConncet:send:201 - [发送] n2
2025-09-02 14:48:30.404 | INFO     | Pendulum.PendulumAPP:_processSerialData:120 - 📏 串口长度数据已更新: L44.248920 -> physical_length=44.248920
2025-09-02 14:48:30.404 | INFO     | Pendulum.PendulumAPP:_processSerialData:121 - 🔄 数据来源: 串口接收 -> PendulumState.physical_length
2025-09-02 14:48:30.452 | INFO     | Pendulum.PendulumAPP:_processSerialData:120 - 📏 串口长度数据已更新: L44.248920 -> physical_length=44.248920
2025-09-02 14:48:30.452 | INFO     | Pendulum.PendulumAPP:_processSerialData:121 - 🔄 数据来源: 串口接收 -> PendulumState.physical_length
2025-09-02 14:48:30.498 | INFO     | Pendulum.PendulumAPP:_processSerialData:120 - 📏 串口长度数据已更新: L44.248920 -> physical_length=44.248920
2025-09-02 14:48:30.500 | INFO     | Pendulum.PendulumAPP:_processSerialData:121 - 🔄 数据来源: 串口接收 -> PendulumState.physical_length
2025-09-02 14:48:30.543 | INFO     | Pendulum.PendulumAPP:_processSerialData:120 - 📏 串口长度数据已更新: L44.248920 -> physical_length=44.248920
2025-09-02 14:48:30.546 | INFO     | Pendulum.PendulumAPP:_processSerialData:121 - 🔄 数据来源: 串口接收 -> PendulumState.physical_length
2025-09-02 14:48:30.585 | INFO     | Pendulum.PendulumAPP:_keyEventWeb:283 - n0
2025-09-02 14:48:30.586 | INFO     | Pendulum.SerialConncet:send:199 - sendn0
2025-09-02 14:48:30.590 | INFO     | Pendulum.SerialConncet:send:201 - [发送] n0
2025-09-02 14:48:30.605 | INFO     | Pendulum.PendulumAPP:_processSerialData:120 - 📏 串口长度数据已更新: L44.248920 -> physical_length=44.248920
2025-09-02 14:48:30.606 | INFO     | Pendulum.PendulumAPP:_processSerialData:121 - 🔄 数据来源: 串口接收 -> PendulumState.physical_length
2025-09-02 14:48:30.653 | INFO     | Pendulum.PendulumAPP:_processSerialData:120 - 📏 串口长度数据已更新: L44.248920 -> physical_length=44.248920
2025-09-02 14:48:30.654 | INFO     | Pendulum.PendulumAPP:_processSerialData:121 - 🔄 数据来源: 串口接收 -> PendulumState.physical_length
2025-09-02 14:48:30.697 | INFO     | Pendulum.PendulumAPP:_processSerialData:120 - 📏 串口长度数据已更新: L44.248920 -> physical_length=44.248920
2025-09-02 14:48:30.699 | INFO     | Pendulum.PendulumAPP:_processSerialData:121 - 🔄 数据来源: 串口接收 -> PendulumState.physical_length
2025-09-02 14:48:30.742 | INFO     | Pendulum.PendulumAPP:_processSerialData:120 - 📏 串口长度数据已更新: L44.248920 -> physical_length=44.248920
2025-09-02 14:48:30.743 | INFO     | Pendulum.PendulumAPP:_processSerialData:121 - 🔄 数据来源: 串口接收 -> PendulumState.physical_length
2025-09-02 14:48:30.787 | INFO     | Pendulum.PendulumAPP:_processSerialData:120 - 📏 串口长度数据已更新: L44.248920 -> physical_length=44.248920
2025-09-02 14:48:30.788 | INFO     | Pendulum.PendulumAPP:_processSerialData:121 - 🔄 数据来源: 串口接收 -> PendulumState.physical_length
2025-09-02 14:48:30.834 | INFO     | Pendulum.PendulumAPP:_processSerialData:120 - 📏 串口长度数据已更新: L44.248920 -> physical_length=44.248920
2025-09-02 14:48:30.836 | INFO     | Pendulum.PendulumAPP:_processSerialData:121 - 🔄 数据来源: 串口接收 -> PendulumState.physical_length
2025-09-02 14:48:30.880 | INFO     | Pendulum.PendulumAPP:_processSerialData:120 - 📏 串口长度数据已更新: L44.248920 -> physical_length=44.248920
2025-09-02 14:48:30.881 | INFO     | Pendulum.PendulumAPP:_processSerialData:121 - 🔄 数据来源: 串口接收 -> PendulumState.physical_length
2025-09-02 14:48:30.928 | INFO     | Pendulum.PendulumAPP:_processSerialData:120 - 📏 串口长度数据已更新: L44.248920 -> physical_length=44.248920
2025-09-02 14:48:30.930 | INFO     | Pendulum.PendulumAPP:_processSerialData:121 - 🔄 数据来源: 串口接收 -> PendulumState.physical_length
2025-09-02 14:48:30.975 | INFO     | Pendulum.PendulumAPP:_processSerialData:120 - 📏 串口长度数据已更新: L44.248920 -> physical_length=44.248920
2025-09-02 14:48:30.977 | INFO     | Pendulum.PendulumAPP:_processSerialData:121 - 🔄 数据来源: 串口接收 -> PendulumState.physical_length
2025-09-02 14:48:31.022 | INFO     | Pendulum.PendulumAPP:_processSerialData:120 - 📏 串口长度数据已更新: L44.248920 -> physical_length=44.248920
2025-09-02 14:48:31.026 | INFO     | Pendulum.PendulumAPP:_processSerialData:121 - 🔄 数据来源: 串口接收 -> PendulumState.physical_length
2025-09-02 14:48:31.070 | INFO     | Pendulum.PendulumAPP:_processSerialData:120 - 📏 串口长度数据已更新: L44.248920 -> physical_length=44.248920
2025-09-02 14:48:31.073 | INFO     | Pendulum.PendulumAPP:_processSerialData:121 - 🔄 数据来源: 串口接收 -> PendulumState.physical_length
2025-09-02 14:48:31.116 | INFO     | Pendulum.PendulumAPP:_processSerialData:120 - 📏 串口长度数据已更新: L44.248920 -> physical_length=44.248920
2025-09-02 14:48:31.118 | INFO     | Pendulum.PendulumAPP:_processSerialData:121 - 🔄 数据来源: 串口接收 -> PendulumState.physical_length
2025-09-02 14:48:31.162 | INFO     | Pendulum.PendulumAPP:_processSerialData:120 - 📏 串口长度数据已更新: L44.248920 -> physical_length=44.248920
2025-09-02 14:48:31.164 | INFO     | Pendulum.PendulumAPP:_processSerialData:121 - 🔄 数据来源: 串口接收 -> PendulumState.physical_length
2025-09-02 14:48:31.209 | INFO     | Pendulum.PendulumAPP:_processSerialData:120 - 📏 串口长度数据已更新: L44.248920 -> physical_length=44.248920
2025-09-02 14:48:31.209 | INFO     | Pendulum.PendulumAPP:_processSerialData:121 - 🔄 数据来源: 串口接收 -> PendulumState.physical_length
2025-09-02 14:48:31.255 | INFO     | Pendulum.PendulumAPP:_processSerialData:120 - 📏 串口长度数据已更新: L44.248920 -> physical_length=44.248920
2025-09-02 14:48:31.256 | INFO     | Pendulum.PendulumAPP:_processSerialData:121 - 🔄 数据来源: 串口接收 -> PendulumState.physical_length
2025-09-02 14:48:31.301 | INFO     | Pendulum.PendulumAPP:_processSerialData:120 - 📏 串口长度数据已更新: L44.248920 -> physical_length=44.248920
2025-09-02 14:48:31.302 | INFO     | Pendulum.PendulumAPP:_processSerialData:121 - 🔄 数据来源: 串口接收 -> PendulumState.physical_length
2025-09-02 14:48:31.348 | INFO     | Pendulum.PendulumAPP:_processSerialData:120 - 📏 串口长度数据已更新: L44.248920 -> physical_length=44.248920
2025-09-02 14:48:31.349 | INFO     | Pendulum.PendulumAPP:_processSerialData:121 - 🔄 数据来源: 串口接收 -> PendulumState.physical_length
2025-09-02 14:48:31.394 | INFO     | Pendulum.PendulumAPP:_processSerialData:120 - 📏 串口长度数据已更新: L44.248920 -> physical_length=44.248920
2025-09-02 14:48:31.395 | INFO     | Pendulum.PendulumAPP:_processSerialData:121 - 🔄 数据来源: 串口接收 -> PendulumState.physical_length
2025-09-02 14:48:31.440 | INFO     | Pendulum.PendulumAPP:_processSerialData:120 - 📏 串口长度数据已更新: L44.248920 -> physical_length=44.248920
2025-09-02 14:48:31.442 | INFO     | Pendulum.PendulumAPP:_processSerialData:121 - 🔄 数据来源: 串口接收 -> PendulumState.physical_length
2025-09-02 14:48:31.487 | INFO     | Pendulum.PendulumAPP:_processSerialData:120 - 📏 串口长度数据已更新: L44.248920 -> physical_length=44.248920
2025-09-02 14:48:31.488 | INFO     | Pendulum.PendulumAPP:_processSerialData:121 - 🔄 数据来源: 串口接收 -> PendulumState.physical_length
2025-09-02 14:48:31.534 | INFO     | Pendulum.PendulumAPP:_processSerialData:120 - 📏 串口长度数据已更新: L44.248920 -> physical_length=44.248920
2025-09-02 14:48:31.535 | INFO     | Pendulum.PendulumAPP:_processSerialData:121 - 🔄 数据来源: 串口接收 -> PendulumState.physical_length
2025-09-02 14:48:31.580 | INFO     | Pendulum.PendulumAPP:_keyEventWeb:246 - ↓
2025-09-02 14:48:31.582 | INFO     | Pendulum.SerialConncet:send:199 - sendm1
2025-09-02 14:48:31.584 | INFO     | Pendulum.SerialConncet:send:201 - [发送] m1
2025-09-02 14:48:31.595 | INFO     | Pendulum.PendulumAPP:_processSerialData:120 - 📏 串口长度数据已更新: L44.248920 -> physical_length=44.248920
2025-09-02 14:48:31.596 | INFO     | Pendulum.PendulumAPP:_processSerialData:121 - 🔄 数据来源: 串口接收 -> PendulumState.physical_length
2025-09-02 14:48:31.608 | INFO     | Pendulum.SerialConncet:_run:176 - [接收] L44.274441
2025-09-02 14:48:31.630 | INFO     | Pendulum.SerialConncet:_run:176 - [接收] L44.299961
2025-09-02 14:48:31.641 | INFO     | Pendulum.PendulumAPP:_processSerialData:120 - 📏 串口长度数据已更新: L44.299961 -> physical_length=44.299961
2025-09-02 14:48:31.642 | INFO     | Pendulum.PendulumAPP:_processSerialData:121 - 🔄 数据来源: 串口接收 -> PendulumState.physical_length
2025-09-02 14:48:31.650 | INFO     | Pendulum.SerialConncet:_run:176 - [接收] L44.325481
2025-09-02 14:48:31.670 | INFO     | Pendulum.SerialConncet:_run:176 - [接收] L44.351006
2025-09-02 14:48:31.687 | INFO     | Pendulum.PendulumAPP:_processSerialData:120 - 📏 串口长度数据已更新: L44.351006 -> physical_length=44.351006
2025-09-02 14:48:31.688 | INFO     | Pendulum.PendulumAPP:_processSerialData:121 - 🔄 数据来源: 串口接收 -> PendulumState.physical_length
2025-09-02 14:48:31.696 | INFO     | Pendulum.SerialConncet:_run:176 - [接收] L44.376526
2025-09-02 14:48:31.712 | INFO     | Pendulum.SerialConncet:_run:176 - [接收] L44.402046
2025-09-02 14:48:31.732 | INFO     | Pendulum.SerialConncet:_run:176 - [接收] L44.427567
2025-09-02 14:48:31.733 | INFO     | Pendulum.PendulumAPP:_processSerialData:120 - 📏 串口长度数据已更新: L44.402046 -> physical_length=44.402046
2025-09-02 14:48:31.734 | INFO     | Pendulum.PendulumAPP:_processSerialData:121 - 🔄 数据来源: 串口接收 -> PendulumState.physical_length
2025-09-02 14:48:31.754 | INFO     | Pendulum.SerialConncet:_run:176 - [接收] L44.453087
2025-09-02 14:48:31.775 | INFO     | Pendulum.SerialConncet:_run:176 - [接收] L44.478607
2025-09-02 14:48:31.780 | INFO     | Pendulum.PendulumAPP:_processSerialData:120 - 📏 串口长度数据已更新: L44.478607 -> physical_length=44.478607
2025-09-02 14:48:31.781 | INFO     | Pendulum.PendulumAPP:_processSerialData:121 - 🔄 数据来源: 串口接收 -> PendulumState.physical_length
2025-09-02 14:48:31.795 | INFO     | Pendulum.SerialConncet:_run:176 - [接收] L44.504131
2025-09-02 14:48:31.817 | INFO     | Pendulum.SerialConncet:_run:176 - [接收] L44.529652
2025-09-02 14:48:31.828 | INFO     | Pendulum.PendulumAPP:_processSerialData:120 - 📏 串口长度数据已更新: L44.529652 -> physical_length=44.529652
2025-09-02 14:48:31.829 | INFO     | Pendulum.PendulumAPP:_processSerialData:121 - 🔄 数据来源: 串口接收 -> PendulumState.physical_length
2025-09-02 14:48:31.840 | INFO     | Pendulum.SerialConncet:_run:176 - [接收] L44.555172
2025-09-02 14:48:31.859 | INFO     | Pendulum.SerialConncet:_run:176 - [接收] L44.580696
2025-09-02 14:48:31.880 | INFO     | Pendulum.SerialConncet:_run:176 - [接收] L44.606213
2025-09-02 14:48:31.890 | INFO     | Pendulum.PendulumAPP:_processSerialData:120 - 📏 串口长度数据已更新: L44.606213 -> physical_length=44.606213
2025-09-02 14:48:31.892 | INFO     | Pendulum.PendulumAPP:_processSerialData:121 - 🔄 数据来源: 串口接收 -> PendulumState.physical_length
2025-09-02 14:48:31.900 | INFO     | Pendulum.SerialConncet:_run:176 - [接收] L44.631733
2025-09-02 14:48:31.921 | INFO     | Pendulum.SerialConncet:_run:176 - [接收] L44.657253
2025-09-02 14:48:31.936 | INFO     | Pendulum.PendulumAPP:_processSerialData:120 - 📏 串口长度数据已更新: L44.657253 -> physical_length=44.657253
2025-09-02 14:48:31.938 | INFO     | Pendulum.PendulumAPP:_processSerialData:121 - 🔄 数据来源: 串口接收 -> PendulumState.physical_length
2025-09-02 14:48:31.943 | INFO     | Pendulum.SerialConncet:_run:176 - [接收] L44.682777
2025-09-02 14:48:31.962 | INFO     | Pendulum.SerialConncet:_run:176 - [接收] L44.708298
2025-09-02 14:48:31.982 | INFO     | Pendulum.PendulumAPP:_processSerialData:120 - 📏 串口长度数据已更新: L44.708298 -> physical_length=44.708298
2025-09-02 14:48:31.983 | INFO     | Pendulum.PendulumAPP:_processSerialData:121 - 🔄 数据来源: 串口接收 -> PendulumState.physical_length
2025-09-02 14:48:31.987 | INFO     | Pendulum.SerialConncet:_run:176 - [接收] L44.733818
2025-09-02 14:48:32.006 | INFO     | Pendulum.SerialConncet:_run:176 - [接收] L44.759342
2025-09-02 14:48:32.025 | INFO     | Pendulum.SerialConncet:_run:176 - [接收] L44.784863
2025-09-02 14:48:32.029 | INFO     | Pendulum.PendulumAPP:_processSerialData:120 - 📏 串口长度数据已更新: L44.784863 -> physical_length=44.784863
2025-09-02 14:48:32.030 | INFO     | Pendulum.PendulumAPP:_processSerialData:121 - 🔄 数据来源: 串口接收 -> PendulumState.physical_length
2025-09-02 14:48:32.049 | INFO     | Pendulum.SerialConncet:_run:176 - [接收] L44.810379
2025-09-02 14:48:32.069 | INFO     | Pendulum.SerialConncet:_run:176 - [接收] L44.835903
2025-09-02 14:48:32.075 | INFO     | Pendulum.PendulumAPP:_processSerialData:120 - 📏 串口长度数据已更新: L44.835903 -> physical_length=44.835903
2025-09-02 14:48:32.076 | INFO     | Pendulum.PendulumAPP:_processSerialData:121 - 🔄 数据来源: 串口接收 -> PendulumState.physical_length
2025-09-02 14:48:32.089 | INFO     | Pendulum.SerialConncet:_run:176 - [接收] L44.861423
2025-09-02 14:48:32.110 | INFO     | Pendulum.SerialConncet:_run:176 - [接收] L44.886944
2025-09-02 14:48:32.121 | INFO     | Pendulum.PendulumAPP:_processSerialData:120 - 📏 串口长度数据已更新: L44.886944 -> physical_length=44.886944
2025-09-02 14:48:32.122 | INFO     | Pendulum.PendulumAPP:_processSerialData:121 - 🔄 数据来源: 串口接收 -> PendulumState.physical_length
2025-09-02 14:48:32.130 | INFO     | Pendulum.SerialConncet:_run:176 - [接收] L44.912468
2025-09-02 14:48:32.151 | INFO     | Pendulum.SerialConncet:_run:176 - [接收] L44.937988
2025-09-02 14:48:32.168 | INFO     | Pendulum.PendulumAPP:_processSerialData:120 - 📏 串口长度数据已更新: L44.937988 -> physical_length=44.937988
2025-09-02 14:48:32.168 | INFO     | Pendulum.PendulumAPP:_processSerialData:121 - 🔄 数据来源: 串口接收 -> PendulumState.physical_length
2025-09-02 14:48:32.178 | INFO     | Pendulum.SerialConncet:_run:176 - [接收] L44.963509
2025-09-02 14:48:32.194 | INFO     | Pendulum.SerialConncet:_run:176 - [接收] L44.989029
2025-09-02 14:48:32.214 | INFO     | Pendulum.SerialConncet:_run:176 - [接收] L45.014549
2025-09-02 14:48:32.214 | INFO     | Pendulum.PendulumAPP:_processSerialData:120 - 📏 串口长度数据已更新: L44.989029 -> physical_length=44.989029
2025-09-02 14:48:32.217 | INFO     | Pendulum.PendulumAPP:_processSerialData:121 - 🔄 数据来源: 串口接收 -> PendulumState.physical_length
2025-09-02 14:48:32.235 | INFO     | Pendulum.SerialConncet:_run:176 - [接收] L45.040070
2025-09-02 14:48:32.257 | INFO     | Pendulum.SerialConncet:_run:176 - [接收] L45.065594
2025-09-02 14:48:32.267 | INFO     | Pendulum.PendulumAPP:_processSerialData:120 - 📏 串口长度数据已更新: L45.065594 -> physical_length=45.065594
2025-09-02 14:48:32.271 | INFO     | Pendulum.PendulumAPP:_processSerialData:121 - 🔄 数据来源: 串口接收 -> PendulumState.physical_length
2025-09-02 14:48:32.277 | INFO     | Pendulum.SerialConncet:_run:176 - [接收] L45.091114
2025-09-02 14:48:32.298 | INFO     | Pendulum.SerialConncet:_run:176 - [接收] L45.116634
2025-09-02 14:48:32.314 | INFO     | Pendulum.PendulumAPP:_keyEventWeb:249 - stop
2025-09-02 14:48:32.315 | INFO     | Pendulum.SerialConncet:send:199 - sendm0
2025-09-02 14:48:32.316 | INFO     | Pendulum.SerialConncet:send:201 - [发送] m0
2025-09-02 14:48:32.322 | INFO     | Pendulum.SerialConncet:_run:176 - [接收] L45.142155
2025-09-02 14:48:32.338 | INFO     | Pendulum.PendulumAPP:_processSerialData:120 - 📏 串口长度数据已更新: L45.142155 -> physical_length=45.142155
2025-09-02 14:48:32.339 | INFO     | Pendulum.PendulumAPP:_processSerialData:121 - 🔄 数据来源: 串口接收 -> PendulumState.physical_length
2025-09-02 14:48:32.385 | INFO     | Pendulum.PendulumAPP:_processSerialData:120 - 📏 串口长度数据已更新: L45.142155 -> physical_length=45.142155
2025-09-02 14:48:32.388 | INFO     | Pendulum.PendulumAPP:_processSerialData:121 - 🔄 数据来源: 串口接收 -> PendulumState.physical_length
2025-09-02 14:48:32.431 | INFO     | Pendulum.PendulumAPP:_processSerialData:120 - 📏 串口长度数据已更新: L45.142155 -> physical_length=45.142155
2025-09-02 14:48:32.433 | INFO     | Pendulum.PendulumAPP:_processSerialData:121 - 🔄 数据来源: 串口接收 -> PendulumState.physical_length
2025-09-02 14:48:32.477 | INFO     | Pendulum.PendulumAPP:_processSerialData:120 - 📏 串口长度数据已更新: L45.142155 -> physical_length=45.142155
2025-09-02 14:48:32.478 | INFO     | Pendulum.PendulumAPP:_processSerialData:121 - 🔄 数据来源: 串口接收 -> PendulumState.physical_length
2025-09-02 14:48:32.526 | INFO     | Pendulum.PendulumAPP:_processSerialData:120 - 📏 串口长度数据已更新: L45.142155 -> physical_length=45.142155
2025-09-02 14:48:32.527 | INFO     | Pendulum.PendulumAPP:_processSerialData:121 - 🔄 数据来源: 串口接收 -> PendulumState.physical_length
2025-09-02 14:48:32.570 | INFO     | Pendulum.PendulumAPP:_processSerialData:120 - 📏 串口长度数据已更新: L45.142155 -> physical_length=45.142155
2025-09-02 14:48:32.573 | INFO     | Pendulum.PendulumAPP:_processSerialData:121 - 🔄 数据来源: 串口接收 -> PendulumState.physical_length
2025-09-02 14:48:32.618 | INFO     | Pendulum.PendulumAPP:_processSerialData:120 - 📏 串口长度数据已更新: L45.142155 -> physical_length=45.142155
2025-09-02 14:48:32.619 | INFO     | Pendulum.PendulumAPP:_processSerialData:121 - 🔄 数据来源: 串口接收 -> PendulumState.physical_length
2025-09-02 14:48:32.649 | INFO     | Pendulum.PendulumAPP:_keyEventWeb:246 - ↓
2025-09-02 14:48:32.651 | INFO     | Pendulum.SerialConncet:send:199 - sendm1
2025-09-02 14:48:32.653 | INFO     | Pendulum.SerialConncet:send:201 - [发送] m1
2025-09-02 14:48:32.662 | INFO     | Pendulum.PendulumAPP:_processSerialData:120 - 📏 串口长度数据已更新: L45.142155 -> physical_length=45.142155
2025-09-02 14:48:32.662 | INFO     | Pendulum.PendulumAPP:_processSerialData:121 - 🔄 数据来源: 串口接收 -> PendulumState.physical_length
2025-09-02 14:48:32.676 | INFO     | Pendulum.SerialConncet:_run:176 - [接收] L45.167675
2025-09-02 14:48:32.696 | INFO     | Pendulum.SerialConncet:_run:176 - [接收] L45.193195
2025-09-02 14:48:32.707 | INFO     | Pendulum.PendulumAPP:_processSerialData:120 - 📏 串口长度数据已更新: L45.193195 -> physical_length=45.193195
2025-09-02 14:48:32.708 | INFO     | Pendulum.PendulumAPP:_processSerialData:121 - 🔄 数据来源: 串口接收 -> PendulumState.physical_length
2025-09-02 14:48:32.719 | INFO     | Pendulum.SerialConncet:_run:176 - [接收] L45.218716
2025-09-02 14:48:32.740 | INFO     | Pendulum.SerialConncet:_run:176 - [接收] L45.244240
2025-09-02 14:48:32.754 | INFO     | Pendulum.PendulumAPP:_processSerialData:120 - 📏 串口长度数据已更新: L45.244240 -> physical_length=45.244240
2025-09-02 14:48:32.755 | INFO     | Pendulum.PendulumAPP:_processSerialData:121 - 🔄 数据来源: 串口接收 -> PendulumState.physical_length
2025-09-02 14:48:32.758 | INFO     | Pendulum.SerialConncet:_run:176 - [接收] L45.269760
2025-09-02 14:48:32.781 | INFO     | Pendulum.SerialConncet:_run:176 - [接收] L45.295280
2025-09-02 14:48:32.800 | INFO     | Pendulum.PendulumAPP:_processSerialData:120 - 📏 串口长度数据已更新: L45.295280 -> physical_length=45.295280
2025-09-02 14:48:32.802 | INFO     | Pendulum.PendulumAPP:_processSerialData:121 - 🔄 数据来源: 串口接收 -> PendulumState.physical_length
2025-09-02 14:48:32.803 | INFO     | Pendulum.SerialConncet:_run:176 - [接收] L45.320805
2025-09-02 14:48:32.822 | INFO     | Pendulum.SerialConncet:_run:176 - [接收] L45.346325
2025-09-02 14:48:32.842 | INFO     | Pendulum.SerialConncet:_run:176 - [接收] L45.371841
2025-09-02 14:48:32.847 | INFO     | Pendulum.PendulumAPP:_processSerialData:120 - 📏 串口长度数据已更新: L45.371841 -> physical_length=45.371841
2025-09-02 14:48:32.849 | INFO     | Pendulum.PendulumAPP:_processSerialData:121 - 🔄 数据来源: 串口接收 -> PendulumState.physical_length
2025-09-02 14:48:32.865 | INFO     | Pendulum.SerialConncet:_run:176 - [接收] L45.397366
2025-09-02 14:48:32.885 | INFO     | Pendulum.SerialConncet:_run:176 - [接收] L45.422886
2025-09-02 14:48:32.893 | INFO     | Pendulum.PendulumAPP:_processSerialData:120 - 📏 串口长度数据已更新: L45.422886 -> physical_length=45.422886
2025-09-02 14:48:32.894 | INFO     | Pendulum.PendulumAPP:_processSerialData:121 - 🔄 数据来源: 串口接收 -> PendulumState.physical_length
2025-09-02 14:48:32.905 | INFO     | Pendulum.SerialConncet:_run:176 - [接收] L45.448406
2025-09-02 14:48:32.924 | INFO     | Pendulum.PendulumAPP:_processSerialData:120 - 📏 串口长度数据已更新: L45.448406 -> physical_length=45.448406
2025-09-02 14:48:32.926 | INFO     | Pendulum.PendulumAPP:_processSerialData:121 - 🔄 数据来源: 串口接收 -> PendulumState.physical_length
2025-09-02 14:48:32.935 | INFO     | Pendulum.SerialConncet:_run:176 - [接收] L45.473927
2025-09-02 14:48:32.947 | INFO     | Pendulum.SerialConncet:_run:176 - [接收] L45.499451
2025-09-02 14:48:32.968 | INFO     | Pendulum.SerialConncet:_run:176 - [接收] L45.524971
2025-09-02 14:48:32.970 | INFO     | Pendulum.PendulumAPP:_processSerialData:120 - 📏 串口长度数据已更新: L45.524971 -> physical_length=45.524971
2025-09-02 14:48:32.971 | INFO     | Pendulum.PendulumAPP:_processSerialData:121 - 🔄 数据来源: 串口接收 -> PendulumState.physical_length
2025-09-02 14:48:32.991 | INFO     | Pendulum.SerialConncet:_run:176 - [接收] L45.550491
2025-09-02 14:48:33.011 | INFO     | Pendulum.SerialConncet:_run:176 - [接收] L45.576012
2025-09-02 14:48:33.016 | INFO     | Pendulum.PendulumAPP:_processSerialData:120 - 📏 串口长度数据已更新: L45.576012 -> physical_length=45.576012
2025-09-02 14:48:33.017 | INFO     | Pendulum.PendulumAPP:_processSerialData:121 - 🔄 数据来源: 串口接收 -> PendulumState.physical_length
2025-09-02 14:48:33.031 | INFO     | Pendulum.SerialConncet:_run:176 - [接收] L45.601532
2025-09-02 14:48:33.054 | INFO     | Pendulum.SerialConncet:_run:176 - [接收] L45.627052
2025-09-02 14:48:33.064 | INFO     | Pendulum.PendulumAPP:_processSerialData:120 - 📏 串口长度数据已更新: L45.627052 -> physical_length=45.627052
2025-09-02 14:48:33.065 | INFO     | Pendulum.PendulumAPP:_processSerialData:121 - 🔄 数据来源: 串口接收 -> PendulumState.physical_length
2025-09-02 14:48:33.073 | INFO     | Pendulum.SerialConncet:_run:176 - [接收] L45.652576
2025-09-02 14:48:33.094 | INFO     | Pendulum.SerialConncet:_run:176 - [接收] L45.678097
2025-09-02 14:48:33.111 | INFO     | Pendulum.PendulumAPP:_processSerialData:120 - 📏 串口长度数据已更新: L45.678097 -> physical_length=45.678097
2025-09-02 14:48:33.112 | INFO     | Pendulum.PendulumAPP:_processSerialData:121 - 🔄 数据来源: 串口接收 -> PendulumState.physical_length
2025-09-02 14:48:33.115 | INFO     | Pendulum.SerialConncet:_run:176 - [接收] L45.703617
2025-09-02 14:48:33.136 | INFO     | Pendulum.SerialConncet:_run:176 - [接收] L45.729137
2025-09-02 14:48:33.157 | INFO     | Pendulum.SerialConncet:_run:176 - [接收] L45.754658
2025-09-02 14:48:33.163 | INFO     | Pendulum.PendulumAPP:_processSerialData:120 - 📏 串口长度数据已更新: L45.754658 -> physical_length=45.754658
2025-09-02 14:48:33.164 | INFO     | Pendulum.PendulumAPP:_processSerialData:121 - 🔄 数据来源: 串口接收 -> PendulumState.physical_length
2025-09-02 14:48:33.177 | INFO     | Pendulum.SerialConncet:_run:176 - [接收] L45.780178
2025-09-02 14:48:33.202 | INFO     | Pendulum.SerialConncet:_run:176 - [接收] L45.805702
2025-09-02 14:48:33.207 | INFO     | Pendulum.PendulumAPP:_keyEventWeb:249 - stop
2025-09-02 14:48:33.208 | INFO     | Pendulum.SerialConncet:send:199 - sendm0
2025-09-02 14:48:33.209 | INFO     | Pendulum.SerialConncet:send:201 - [发送] m0
2025-09-02 14:48:33.219 | INFO     | Pendulum.SerialConncet:_run:176 - [接收] L45.831223
2025-09-02 14:48:33.223 | INFO     | Pendulum.PendulumAPP:_processSerialData:120 - 📏 串口长度数据已更新: L45.831223 -> physical_length=45.831223
2025-09-02 14:48:33.225 | INFO     | Pendulum.PendulumAPP:_processSerialData:121 - 🔄 数据来源: 串口接收 -> PendulumState.physical_length
2025-09-02 14:48:33.270 | INFO     | Pendulum.PendulumAPP:_processSerialData:120 - 📏 串口长度数据已更新: L45.831223 -> physical_length=45.831223
2025-09-02 14:48:33.271 | INFO     | Pendulum.PendulumAPP:_processSerialData:121 - 🔄 数据来源: 串口接收 -> PendulumState.physical_length
2025-09-02 14:48:33.317 | INFO     | Pendulum.PendulumAPP:_processSerialData:120 - 📏 串口长度数据已更新: L45.831223 -> physical_length=45.831223
2025-09-02 14:48:33.318 | INFO     | Pendulum.PendulumAPP:_processSerialData:121 - 🔄 数据来源: 串口接收 -> PendulumState.physical_length
2025-09-02 14:48:33.363 | INFO     | Pendulum.PendulumAPP:_processSerialData:120 - 📏 串口长度数据已更新: L45.831223 -> physical_length=45.831223
2025-09-02 14:48:33.365 | INFO     | Pendulum.PendulumAPP:_processSerialData:121 - 🔄 数据来源: 串口接收 -> PendulumState.physical_length
2025-09-02 14:48:33.410 | INFO     | Pendulum.PendulumAPP:_processSerialData:120 - 📏 串口长度数据已更新: L45.831223 -> physical_length=45.831223
2025-09-02 14:48:33.412 | INFO     | Pendulum.PendulumAPP:_processSerialData:121 - 🔄 数据来源: 串口接收 -> PendulumState.physical_length
2025-09-02 14:48:33.456 | INFO     | Pendulum.PendulumAPP:_processSerialData:120 - 📏 串口长度数据已更新: L45.831223 -> physical_length=45.831223
2025-09-02 14:48:33.458 | INFO     | Pendulum.PendulumAPP:_processSerialData:121 - 🔄 数据来源: 串口接收 -> PendulumState.physical_length
2025-09-02 14:48:33.502 | INFO     | Pendulum.PendulumAPP:_processSerialData:120 - 📏 串口长度数据已更新: L45.831223 -> physical_length=45.831223
2025-09-02 14:48:33.503 | INFO     | Pendulum.PendulumAPP:_processSerialData:121 - 🔄 数据来源: 串口接收 -> PendulumState.physical_length
2025-09-02 14:48:33.548 | INFO     | Pendulum.PendulumAPP:_processSerialData:120 - 📏 串口长度数据已更新: L45.831223 -> physical_length=45.831223
2025-09-02 14:48:33.553 | INFO     | Pendulum.PendulumAPP:_processSerialData:121 - 🔄 数据来源: 串口接收 -> PendulumState.physical_length
2025-09-02 14:48:33.596 | INFO     | Pendulum.PendulumAPP:_processSerialData:120 - 📏 串口长度数据已更新: L45.831223 -> physical_length=45.831223
2025-09-02 14:48:33.599 | INFO     | Pendulum.PendulumAPP:_processSerialData:121 - 🔄 数据来源: 串口接收 -> PendulumState.physical_length
2025-09-02 14:48:33.643 | INFO     | Pendulum.PendulumAPP:_processSerialData:120 - 📏 串口长度数据已更新: L45.831223 -> physical_length=45.831223
2025-09-02 14:48:33.646 | INFO     | Pendulum.PendulumAPP:_processSerialData:121 - 🔄 数据来源: 串口接收 -> PendulumState.physical_length
2025-09-02 14:48:33.689 | INFO     | Pendulum.PendulumAPP:_processSerialData:120 - 📏 串口长度数据已更新: L45.831223 -> physical_length=45.831223
2025-09-02 14:48:33.689 | INFO     | Pendulum.PendulumAPP:_processSerialData:121 - 🔄 数据来源: 串口接收 -> PendulumState.physical_length
2025-09-02 14:48:33.735 | INFO     | Pendulum.PendulumAPP:_processSerialData:120 - 📏 串口长度数据已更新: L45.831223 -> physical_length=45.831223
2025-09-02 14:48:33.735 | INFO     | Pendulum.PendulumAPP:_processSerialData:121 - 🔄 数据来源: 串口接收 -> PendulumState.physical_length
2025-09-02 14:48:33.781 | INFO     | Pendulum.PendulumAPP:_processSerialData:120 - 📏 串口长度数据已更新: L45.831223 -> physical_length=45.831223
2025-09-02 14:48:33.782 | INFO     | Pendulum.PendulumAPP:_processSerialData:121 - 🔄 数据来源: 串口接收 -> PendulumState.physical_length
2025-09-02 14:48:33.827 | INFO     | Pendulum.PendulumAPP:_processSerialData:120 - 📏 串口长度数据已更新: L45.831223 -> physical_length=45.831223
2025-09-02 14:48:33.828 | INFO     | Pendulum.PendulumAPP:_processSerialData:121 - 🔄 数据来源: 串口接收 -> PendulumState.physical_length
2025-09-02 14:48:33.874 | INFO     | Pendulum.PendulumAPP:_processSerialData:120 - 📏 串口长度数据已更新: L45.831223 -> physical_length=45.831223
2025-09-02 14:48:33.876 | INFO     | Pendulum.PendulumAPP:_processSerialData:121 - 🔄 数据来源: 串口接收 -> PendulumState.physical_length
2025-09-02 14:48:33.920 | INFO     | Pendulum.PendulumAPP:_processSerialData:120 - 📏 串口长度数据已更新: L45.831223 -> physical_length=45.831223
2025-09-02 14:48:33.920 | INFO     | Pendulum.PendulumAPP:_processSerialData:121 - 🔄 数据来源: 串口接收 -> PendulumState.physical_length
2025-09-02 14:48:33.968 | INFO     | Pendulum.PendulumAPP:_processSerialData:120 - 📏 串口长度数据已更新: L45.831223 -> physical_length=45.831223
2025-09-02 14:48:33.968 | INFO     | Pendulum.PendulumAPP:_processSerialData:121 - 🔄 数据来源: 串口接收 -> PendulumState.physical_length
2025-09-02 14:48:34.014 | INFO     | Pendulum.PendulumAPP:_processSerialData:120 - 📏 串口长度数据已更新: L45.831223 -> physical_length=45.831223
2025-09-02 14:48:34.015 | INFO     | Pendulum.PendulumAPP:_processSerialData:121 - 🔄 数据来源: 串口接收 -> PendulumState.physical_length
2025-09-02 14:48:34.063 | INFO     | Pendulum.PendulumAPP:_processSerialData:120 - 📏 串口长度数据已更新: L45.831223 -> physical_length=45.831223
2025-09-02 14:48:34.064 | INFO     | Pendulum.PendulumAPP:_processSerialData:121 - 🔄 数据来源: 串口接收 -> PendulumState.physical_length
2025-09-02 14:48:34.107 | INFO     | Pendulum.PendulumAPP:_processSerialData:120 - 📏 串口长度数据已更新: L45.831223 -> physical_length=45.831223
2025-09-02 14:48:34.111 | INFO     | Pendulum.PendulumAPP:_processSerialData:121 - 🔄 数据来源: 串口接收 -> PendulumState.physical_length
2025-09-02 14:48:34.154 | INFO     | Pendulum.PendulumAPP:_processSerialData:120 - 📏 串口长度数据已更新: L45.831223 -> physical_length=45.831223
2025-09-02 14:48:34.154 | INFO     | Pendulum.PendulumAPP:_processSerialData:121 - 🔄 数据来源: 串口接收 -> PendulumState.physical_length
2025-09-02 14:48:34.199 | INFO     | Pendulum.PendulumAPP:_processSerialData:120 - 📏 串口长度数据已更新: L45.831223 -> physical_length=45.831223
2025-09-02 14:48:34.199 | INFO     | Pendulum.PendulumAPP:_processSerialData:121 - 🔄 数据来源: 串口接收 -> PendulumState.physical_length
2025-09-02 14:48:34.245 | INFO     | Pendulum.PendulumAPP:_processSerialData:120 - 📏 串口长度数据已更新: L45.831223 -> physical_length=45.831223
2025-09-02 14:48:34.246 | INFO     | Pendulum.PendulumAPP:_processSerialData:121 - 🔄 数据来源: 串口接收 -> PendulumState.physical_length
2025-09-02 14:48:34.291 | INFO     | Pendulum.PendulumAPP:_processSerialData:120 - 📏 串口长度数据已更新: L45.831223 -> physical_length=45.831223
2025-09-02 14:48:34.293 | INFO     | Pendulum.PendulumAPP:_processSerialData:121 - 🔄 数据来源: 串口接收 -> PendulumState.physical_length
2025-09-02 14:48:34.339 | INFO     | Pendulum.PendulumAPP:_processSerialData:120 - 📏 串口长度数据已更新: L45.831223 -> physical_length=45.831223
2025-09-02 14:48:34.341 | INFO     | Pendulum.PendulumAPP:_processSerialData:121 - 🔄 数据来源: 串口接收 -> PendulumState.physical_length
2025-09-02 14:48:34.385 | INFO     | Pendulum.PendulumAPP:_processSerialData:120 - 📏 串口长度数据已更新: L45.831223 -> physical_length=45.831223
2025-09-02 14:48:34.385 | INFO     | Pendulum.PendulumAPP:_processSerialData:121 - 🔄 数据来源: 串口接收 -> PendulumState.physical_length
2025-09-02 14:48:34.431 | INFO     | Pendulum.PendulumAPP:_processSerialData:120 - 📏 串口长度数据已更新: L45.831223 -> physical_length=45.831223
2025-09-02 14:48:34.432 | INFO     | Pendulum.PendulumAPP:_processSerialData:121 - 🔄 数据来源: 串口接收 -> PendulumState.physical_length
2025-09-02 14:48:34.477 | INFO     | Pendulum.PendulumAPP:_processSerialData:120 - 📏 串口长度数据已更新: L45.831223 -> physical_length=45.831223
2025-09-02 14:48:34.478 | INFO     | Pendulum.PendulumAPP:_processSerialData:121 - 🔄 数据来源: 串口接收 -> PendulumState.physical_length
2025-09-02 14:48:34.524 | INFO     | Pendulum.PendulumAPP:_processSerialData:120 - 📏 串口长度数据已更新: L45.831223 -> physical_length=45.831223
2025-09-02 14:48:34.526 | INFO     | Pendulum.PendulumAPP:_processSerialData:121 - 🔄 数据来源: 串口接收 -> PendulumState.physical_length
2025-09-02 14:48:34.570 | INFO     | Pendulum.PendulumAPP:_processSerialData:120 - 📏 串口长度数据已更新: L45.831223 -> physical_length=45.831223
2025-09-02 14:48:34.571 | INFO     | Pendulum.PendulumAPP:_processSerialData:121 - 🔄 数据来源: 串口接收 -> PendulumState.physical_length
2025-09-02 14:48:34.617 | INFO     | Pendulum.PendulumAPP:_processSerialData:120 - 📏 串口长度数据已更新: L45.831223 -> physical_length=45.831223
2025-09-02 14:48:34.618 | INFO     | Pendulum.PendulumAPP:_processSerialData:121 - 🔄 数据来源: 串口接收 -> PendulumState.physical_length
2025-09-02 14:48:34.663 | INFO     | Pendulum.PendulumAPP:_processSerialData:120 - 📏 串口长度数据已更新: L45.831223 -> physical_length=45.831223
2025-09-02 14:48:34.664 | INFO     | Pendulum.PendulumAPP:_processSerialData:121 - 🔄 数据来源: 串口接收 -> PendulumState.physical_length
2025-09-02 14:48:34.709 | INFO     | Pendulum.PendulumAPP:_processSerialData:120 - 📏 串口长度数据已更新: L45.831223 -> physical_length=45.831223
2025-09-02 14:48:34.710 | INFO     | Pendulum.PendulumAPP:_processSerialData:121 - 🔄 数据来源: 串口接收 -> PendulumState.physical_length
2025-09-02 14:48:34.755 | INFO     | Pendulum.PendulumAPP:_processSerialData:120 - 📏 串口长度数据已更新: L45.831223 -> physical_length=45.831223
2025-09-02 14:48:34.756 | INFO     | Pendulum.PendulumAPP:_processSerialData:121 - 🔄 数据来源: 串口接收 -> PendulumState.physical_length
2025-09-02 14:48:34.802 | INFO     | Pendulum.PendulumAPP:_processSerialData:120 - 📏 串口长度数据已更新: L45.831223 -> physical_length=45.831223
2025-09-02 14:48:34.804 | INFO     | Pendulum.PendulumAPP:_processSerialData:121 - 🔄 数据来源: 串口接收 -> PendulumState.physical_length
2025-09-02 14:48:34.850 | INFO     | Pendulum.PendulumAPP:_processSerialData:120 - 📏 串口长度数据已更新: L45.831223 -> physical_length=45.831223
2025-09-02 14:48:34.852 | INFO     | Pendulum.PendulumAPP:_processSerialData:121 - 🔄 数据来源: 串口接收 -> PendulumState.physical_length
2025-09-02 14:48:34.897 | INFO     | Pendulum.PendulumAPP:_processSerialData:120 - 📏 串口长度数据已更新: L45.831223 -> physical_length=45.831223
2025-09-02 14:48:34.899 | INFO     | Pendulum.PendulumAPP:_processSerialData:121 - 🔄 数据来源: 串口接收 -> PendulumState.physical_length
2025-09-02 14:48:34.944 | INFO     | Pendulum.PendulumAPP:_processSerialData:120 - 📏 串口长度数据已更新: L45.831223 -> physical_length=45.831223
2025-09-02 14:48:34.944 | INFO     | Pendulum.PendulumAPP:_processSerialData:121 - 🔄 数据来源: 串口接收 -> PendulumState.physical_length
2025-09-02 14:48:34.991 | INFO     | Pendulum.PendulumAPP:_processSerialData:120 - 📏 串口长度数据已更新: L45.831223 -> physical_length=45.831223
2025-09-02 14:48:34.992 | INFO     | Pendulum.PendulumAPP:_processSerialData:121 - 🔄 数据来源: 串口接收 -> PendulumState.physical_length
2025-09-02 14:48:35.039 | INFO     | Pendulum.PendulumAPP:_processSerialData:120 - 📏 串口长度数据已更新: L45.831223 -> physical_length=45.831223
2025-09-02 14:48:35.040 | INFO     | Pendulum.PendulumAPP:_processSerialData:121 - 🔄 数据来源: 串口接收 -> PendulumState.physical_length
2025-09-02 14:48:35.086 | INFO     | Pendulum.PendulumAPP:_processSerialData:120 - 📏 串口长度数据已更新: L45.831223 -> physical_length=45.831223
2025-09-02 14:48:35.087 | INFO     | Pendulum.PendulumAPP:_processSerialData:121 - 🔄 数据来源: 串口接收 -> PendulumState.physical_length
2025-09-02 14:48:35.134 | INFO     | Pendulum.PendulumAPP:_processSerialData:120 - 📏 串口长度数据已更新: L45.831223 -> physical_length=45.831223
2025-09-02 14:48:35.135 | INFO     | Pendulum.PendulumAPP:_processSerialData:121 - 🔄 数据来源: 串口接收 -> PendulumState.physical_length
2025-09-02 14:48:35.179 | INFO     | Pendulum.PendulumAPP:_processSerialData:120 - 📏 串口长度数据已更新: L45.831223 -> physical_length=45.831223
2025-09-02 14:48:35.183 | INFO     | Pendulum.PendulumAPP:_processSerialData:121 - 🔄 数据来源: 串口接收 -> PendulumState.physical_length
2025-09-02 14:48:35.225 | INFO     | Pendulum.PendulumAPP:_processSerialData:120 - 📏 串口长度数据已更新: L45.831223 -> physical_length=45.831223
2025-09-02 14:48:35.225 | INFO     | Pendulum.PendulumAPP:_processSerialData:121 - 🔄 数据来源: 串口接收 -> PendulumState.physical_length
2025-09-02 14:48:35.271 | INFO     | Pendulum.PendulumAPP:_processSerialData:120 - 📏 串口长度数据已更新: L45.831223 -> physical_length=45.831223
2025-09-02 14:48:35.272 | INFO     | Pendulum.PendulumAPP:_processSerialData:121 - 🔄 数据来源: 串口接收 -> PendulumState.physical_length
2025-09-02 14:48:35.316 | INFO     | Pendulum.PendulumAPP:_processSerialData:120 - 📏 串口长度数据已更新: L45.831223 -> physical_length=45.831223
2025-09-02 14:48:35.317 | INFO     | Pendulum.PendulumAPP:_processSerialData:121 - 🔄 数据来源: 串口接收 -> PendulumState.physical_length
2025-09-02 14:48:35.363 | INFO     | Pendulum.PendulumAPP:_processSerialData:120 - 📏 串口长度数据已更新: L45.831223 -> physical_length=45.831223
2025-09-02 14:48:35.365 | INFO     | Pendulum.PendulumAPP:_processSerialData:121 - 🔄 数据来源: 串口接收 -> PendulumState.physical_length
2025-09-02 14:48:35.409 | INFO     | Pendulum.PendulumAPP:_processSerialData:120 - 📏 串口长度数据已更新: L45.831223 -> physical_length=45.831223
2025-09-02 14:48:35.410 | INFO     | Pendulum.PendulumAPP:_processSerialData:121 - 🔄 数据来源: 串口接收 -> PendulumState.physical_length
2025-09-02 14:48:35.455 | INFO     | Pendulum.PendulumAPP:_processSerialData:120 - 📏 串口长度数据已更新: L45.831223 -> physical_length=45.831223
2025-09-02 14:48:35.456 | INFO     | Pendulum.PendulumAPP:_processSerialData:121 - 🔄 数据来源: 串口接收 -> PendulumState.physical_length
2025-09-02 14:48:35.501 | INFO     | Pendulum.PendulumAPP:_processSerialData:120 - 📏 串口长度数据已更新: L45.831223 -> physical_length=45.831223
2025-09-02 14:48:35.504 | INFO     | Pendulum.PendulumAPP:_processSerialData:121 - 🔄 数据来源: 串口接收 -> PendulumState.physical_length
2025-09-02 14:48:35.541 | INFO     | Pendulum.PendulumAPP:_keyEventWeb:243 - ↑
2025-09-02 14:48:35.542 | INFO     | Pendulum.SerialConncet:send:199 - sendm2
2025-09-02 14:48:35.543 | INFO     | Pendulum.SerialConncet:send:201 - [发送] m2
2025-09-02 14:48:35.548 | INFO     | Pendulum.PendulumAPP:_processSerialData:120 - 📏 串口长度数据已更新: L45.831223 -> physical_length=45.831223
2025-09-02 14:48:35.555 | INFO     | Pendulum.PendulumAPP:_processSerialData:121 - 🔄 数据来源: 串口接收 -> PendulumState.physical_length
2025-09-02 14:48:35.570 | INFO     | Pendulum.SerialConncet:_run:176 - [接收] L45.805702
2025-09-02 14:48:35.587 | INFO     | Pendulum.SerialConncet:_run:176 - [接收] L45.780178
2025-09-02 14:48:35.595 | INFO     | Pendulum.PendulumAPP:_processSerialData:120 - 📏 串口长度数据已更新: L45.780178 -> physical_length=45.780178
2025-09-02 14:48:35.598 | INFO     | Pendulum.PendulumAPP:_processSerialData:121 - 🔄 数据来源: 串口接收 -> PendulumState.physical_length
2025-09-02 14:48:35.608 | INFO     | Pendulum.SerialConncet:_run:176 - [接收] L45.754658
2025-09-02 14:48:35.629 | INFO     | Pendulum.SerialConncet:_run:176 - [接收] L45.729137
2025-09-02 14:48:35.642 | INFO     | Pendulum.PendulumAPP:_processSerialData:120 - 📏 串口长度数据已更新: L45.729137 -> physical_length=45.729137
2025-09-02 14:48:35.643 | INFO     | Pendulum.PendulumAPP:_processSerialData:121 - 🔄 数据来源: 串口接收 -> PendulumState.physical_length
2025-09-02 14:48:35.650 | INFO     | Pendulum.SerialConncet:_run:176 - [接收] L45.703617
2025-09-02 14:48:35.671 | INFO     | Pendulum.SerialConncet:_run:176 - [接收] L45.678097
2025-09-02 14:48:35.688 | INFO     | Pendulum.PendulumAPP:_processSerialData:120 - 📏 串口长度数据已更新: L45.678097 -> physical_length=45.678097
2025-09-02 14:48:35.689 | INFO     | Pendulum.PendulumAPP:_processSerialData:121 - 🔄 数据来源: 串口接收 -> PendulumState.physical_length
2025-09-02 14:48:35.696 | INFO     | Pendulum.SerialConncet:_run:176 - [接收] L45.652576
2025-09-02 14:48:35.714 | INFO     | Pendulum.SerialConncet:_run:176 - [接收] L45.627052
2025-09-02 14:48:35.733 | INFO     | Pendulum.SerialConncet:_run:176 - [接收] L45.601532
2025-09-02 14:48:35.734 | INFO     | Pendulum.PendulumAPP:_processSerialData:120 - 📏 串口长度数据已更新: L45.627052 -> physical_length=45.627052
2025-09-02 14:48:35.736 | INFO     | Pendulum.PendulumAPP:_processSerialData:121 - 🔄 数据来源: 串口接收 -> PendulumState.physical_length
2025-09-02 14:48:35.755 | INFO     | Pendulum.SerialConncet:_run:176 - [接收] L45.576012
2025-09-02 14:48:35.776 | INFO     | Pendulum.SerialConncet:_run:176 - [接收] L45.550491
2025-09-02 14:48:35.780 | INFO     | Pendulum.PendulumAPP:_processSerialData:120 - 📏 串口长度数据已更新: L45.550491 -> physical_length=45.550491
2025-09-02 14:48:35.781 | INFO     | Pendulum.PendulumAPP:_processSerialData:121 - 🔄 数据来源: 串口接收 -> PendulumState.physical_length
2025-09-02 14:48:35.797 | INFO     | Pendulum.SerialConncet:_run:176 - [接收] L45.524971
2025-09-02 14:48:35.816 | INFO     | Pendulum.SerialConncet:_run:176 - [接收] L45.499451
2025-09-02 14:48:35.827 | INFO     | Pendulum.PendulumAPP:_processSerialData:120 - 📏 串口长度数据已更新: L45.499451 -> physical_length=45.499451
2025-09-02 14:48:35.828 | INFO     | Pendulum.PendulumAPP:_processSerialData:121 - 🔄 数据来源: 串口接收 -> PendulumState.physical_length
2025-09-02 14:48:35.838 | INFO     | Pendulum.SerialConncet:_run:176 - [接收] L45.473927
2025-09-02 14:48:35.859 | INFO     | Pendulum.SerialConncet:_run:176 - [接收] L45.448406
2025-09-02 14:48:35.873 | INFO     | Pendulum.PendulumAPP:_processSerialData:120 - 📏 串口长度数据已更新: L45.448406 -> physical_length=45.448406
2025-09-02 14:48:35.874 | INFO     | Pendulum.PendulumAPP:_processSerialData:121 - 🔄 数据来源: 串口接收 -> PendulumState.physical_length
2025-09-02 14:48:35.880 | INFO     | Pendulum.SerialConncet:_run:176 - [接收] L45.422886
2025-09-02 14:48:35.901 | INFO     | Pendulum.SerialConncet:_run:176 - [接收] L45.397366
2025-09-02 14:48:35.921 | INFO     | Pendulum.PendulumAPP:_processSerialData:120 - 📏 串口长度数据已更新: L45.397366 -> physical_length=45.397366
2025-09-02 14:48:35.922 | INFO     | Pendulum.PendulumAPP:_processSerialData:121 - 🔄 数据来源: 串口接收 -> PendulumState.physical_length
2025-09-02 14:48:35.926 | INFO     | Pendulum.SerialConncet:_run:176 - [接收] L45.371841
2025-09-02 14:48:35.943 | INFO     | Pendulum.SerialConncet:_run:176 - [接收] L45.346325
2025-09-02 14:48:35.963 | INFO     | Pendulum.SerialConncet:_run:176 - [接收] L45.320805
2025-09-02 14:48:35.966 | INFO     | Pendulum.PendulumAPP:_processSerialData:120 - 📏 串口长度数据已更新: L45.320805 -> physical_length=45.320805
2025-09-02 14:48:35.968 | INFO     | Pendulum.PendulumAPP:_processSerialData:121 - 🔄 数据来源: 串口接收 -> PendulumState.physical_length
2025-09-02 14:48:35.984 | INFO     | Pendulum.SerialConncet:_run:176 - [接收] L45.295280
2025-09-02 14:48:36.005 | INFO     | Pendulum.SerialConncet:_run:176 - [接收] L45.269760
2025-09-02 14:48:36.011 | INFO     | Pendulum.PendulumAPP:_processSerialData:120 - 📏 串口长度数据已更新: L45.269760 -> physical_length=45.269760
2025-09-02 14:48:36.012 | INFO     | Pendulum.PendulumAPP:_processSerialData:121 - 🔄 数据来源: 串口接收 -> PendulumState.physical_length
2025-09-02 14:48:36.026 | INFO     | Pendulum.SerialConncet:_run:176 - [接收] L45.244240
2025-09-02 14:48:36.047 | INFO     | Pendulum.SerialConncet:_run:176 - [接收] L45.218716
2025-09-02 14:48:36.058 | INFO     | Pendulum.PendulumAPP:_processSerialData:120 - 📏 串口长度数据已更新: L45.218716 -> physical_length=45.218716
2025-09-02 14:48:36.059 | INFO     | Pendulum.PendulumAPP:_processSerialData:121 - 🔄 数据来源: 串口接收 -> PendulumState.physical_length
2025-09-02 14:48:36.068 | INFO     | Pendulum.SerialConncet:_run:176 - [接收] L45.193195
2025-09-02 14:48:36.089 | INFO     | Pendulum.SerialConncet:_run:176 - [接收] L45.167675
2025-09-02 14:48:36.104 | INFO     | Pendulum.PendulumAPP:_processSerialData:120 - 📏 串口长度数据已更新: L45.167675 -> physical_length=45.167675
2025-09-02 14:48:36.106 | INFO     | Pendulum.PendulumAPP:_processSerialData:121 - 🔄 数据来源: 串口接收 -> PendulumState.physical_length
2025-09-02 14:48:36.111 | INFO     | Pendulum.SerialConncet:_run:176 - [接收] L45.142155
2025-09-02 14:48:36.131 | INFO     | Pendulum.SerialConncet:_run:176 - [接收] L45.116634
2025-09-02 14:48:36.139 | INFO     | Pendulum.PendulumAPP:_keyEventWeb:249 - stop
2025-09-02 14:48:36.141 | INFO     | Pendulum.SerialConncet:send:199 - sendm0
2025-09-02 14:48:36.144 | INFO     | Pendulum.SerialConncet:send:201 - [发送] m0
2025-09-02 14:48:36.151 | INFO     | Pendulum.PendulumAPP:_processSerialData:120 - 📏 串口长度数据已更新: L45.116634 -> physical_length=45.116634
2025-09-02 14:48:36.152 | INFO     | Pendulum.PendulumAPP:_processSerialData:121 - 🔄 数据来源: 串口接收 -> PendulumState.physical_length
2025-09-02 14:48:36.154 | INFO     | Pendulum.SerialConncet:_run:176 - [接收] L45.091114
2025-09-02 14:48:36.197 | INFO     | Pendulum.PendulumAPP:_processSerialData:120 - 📏 串口长度数据已更新: L45.091114 -> physical_length=45.091114
2025-09-02 14:48:36.197 | INFO     | Pendulum.PendulumAPP:_processSerialData:121 - 🔄 数据来源: 串口接收 -> PendulumState.physical_length
2025-09-02 14:48:36.244 | INFO     | Pendulum.PendulumAPP:_processSerialData:120 - 📏 串口长度数据已更新: L45.091114 -> physical_length=45.091114
2025-09-02 14:48:36.245 | INFO     | Pendulum.PendulumAPP:_processSerialData:121 - 🔄 数据来源: 串口接收 -> PendulumState.physical_length
2025-09-02 14:48:36.290 | INFO     | Pendulum.PendulumAPP:_processSerialData:120 - 📏 串口长度数据已更新: L45.091114 -> physical_length=45.091114
2025-09-02 14:48:36.291 | INFO     | Pendulum.PendulumAPP:_processSerialData:121 - 🔄 数据来源: 串口接收 -> PendulumState.physical_length
2025-09-02 14:48:36.337 | INFO     | Pendulum.PendulumAPP:_processSerialData:120 - 📏 串口长度数据已更新: L45.091114 -> physical_length=45.091114
2025-09-02 14:48:36.339 | INFO     | Pendulum.PendulumAPP:_processSerialData:121 - 🔄 数据来源: 串口接收 -> PendulumState.physical_length
2025-09-02 14:48:36.384 | INFO     | Pendulum.PendulumAPP:_processSerialData:120 - 📏 串口长度数据已更新: L45.091114 -> physical_length=45.091114
2025-09-02 14:48:36.385 | INFO     | Pendulum.PendulumAPP:_processSerialData:121 - 🔄 数据来源: 串口接收 -> PendulumState.physical_length
2025-09-02 14:48:36.429 | INFO     | Pendulum.PendulumAPP:_processSerialData:120 - 📏 串口长度数据已更新: L45.091114 -> physical_length=45.091114
2025-09-02 14:48:36.432 | INFO     | Pendulum.PendulumAPP:_processSerialData:121 - 🔄 数据来源: 串口接收 -> PendulumState.physical_length
2025-09-02 14:48:36.477 | INFO     | Pendulum.PendulumAPP:_processSerialData:120 - 📏 串口长度数据已更新: L45.091114 -> physical_length=45.091114
2025-09-02 14:48:36.479 | INFO     | Pendulum.PendulumAPP:_processSerialData:121 - 🔄 数据来源: 串口接收 -> PendulumState.physical_length
2025-09-02 14:48:36.522 | INFO     | Pendulum.PendulumAPP:_processSerialData:120 - 📏 串口长度数据已更新: L45.091114 -> physical_length=45.091114
2025-09-02 14:48:36.523 | INFO     | Pendulum.PendulumAPP:_processSerialData:121 - 🔄 数据来源: 串口接收 -> PendulumState.physical_length
2025-09-02 14:48:36.569 | INFO     | Pendulum.PendulumAPP:_processSerialData:120 - 📏 串口长度数据已更新: L45.091114 -> physical_length=45.091114
2025-09-02 14:48:36.570 | INFO     | Pendulum.PendulumAPP:_processSerialData:121 - 🔄 数据来源: 串口接收 -> PendulumState.physical_length
2025-09-02 14:48:36.614 | INFO     | Pendulum.PendulumAPP:_processSerialData:120 - 📏 串口长度数据已更新: L45.091114 -> physical_length=45.091114
2025-09-02 14:48:36.615 | INFO     | Pendulum.PendulumAPP:_processSerialData:121 - 🔄 数据来源: 串口接收 -> PendulumState.physical_length
2025-09-02 14:48:36.662 | INFO     | Pendulum.PendulumAPP:_processSerialData:120 - 📏 串口长度数据已更新: L45.091114 -> physical_length=45.091114
2025-09-02 14:48:36.662 | INFO     | Pendulum.PendulumAPP:_processSerialData:121 - 🔄 数据来源: 串口接收 -> PendulumState.physical_length
2025-09-02 14:48:36.709 | INFO     | Pendulum.PendulumAPP:_processSerialData:120 - 📏 串口长度数据已更新: L45.091114 -> physical_length=45.091114
2025-09-02 14:48:36.710 | INFO     | Pendulum.PendulumAPP:_processSerialData:121 - 🔄 数据来源: 串口接收 -> PendulumState.physical_length
2025-09-02 14:48:36.754 | INFO     | Pendulum.PendulumAPP:_processSerialData:120 - 📏 串口长度数据已更新: L45.091114 -> physical_length=45.091114
2025-09-02 14:48:36.755 | INFO     | Pendulum.PendulumAPP:_processSerialData:121 - 🔄 数据来源: 串口接收 -> PendulumState.physical_length
2025-09-02 14:48:36.801 | INFO     | Pendulum.PendulumAPP:_processSerialData:120 - 📏 串口长度数据已更新: L45.091114 -> physical_length=45.091114
2025-09-02 14:48:36.804 | INFO     | Pendulum.PendulumAPP:_processSerialData:121 - 🔄 数据来源: 串口接收 -> PendulumState.physical_length
2025-09-02 14:48:36.848 | INFO     | Pendulum.PendulumAPP:_processSerialData:120 - 📏 串口长度数据已更新: L45.091114 -> physical_length=45.091114
2025-09-02 14:48:36.852 | INFO     | Pendulum.PendulumAPP:_processSerialData:121 - 🔄 数据来源: 串口接收 -> PendulumState.physical_length
2025-09-02 14:48:36.895 | INFO     | Pendulum.PendulumAPP:_processSerialData:120 - 📏 串口长度数据已更新: L45.091114 -> physical_length=45.091114
2025-09-02 14:48:36.898 | INFO     | Pendulum.PendulumAPP:_processSerialData:121 - 🔄 数据来源: 串口接收 -> PendulumState.physical_length
2025-09-02 14:48:36.943 | INFO     | Pendulum.PendulumAPP:_processSerialData:120 - 📏 串口长度数据已更新: L45.091114 -> physical_length=45.091114
2025-09-02 14:48:36.944 | INFO     | Pendulum.PendulumAPP:_processSerialData:121 - 🔄 数据来源: 串口接收 -> PendulumState.physical_length
2025-09-02 14:48:36.989 | INFO     | Pendulum.PendulumAPP:_processSerialData:120 - 📏 串口长度数据已更新: L45.091114 -> physical_length=45.091114
2025-09-02 14:48:36.991 | INFO     | Pendulum.PendulumAPP:_processSerialData:121 - 🔄 数据来源: 串口接收 -> PendulumState.physical_length
2025-09-02 14:48:37.035 | INFO     | Pendulum.PendulumAPP:_processSerialData:120 - 📏 串口长度数据已更新: L45.091114 -> physical_length=45.091114
2025-09-02 14:48:37.037 | INFO     | Pendulum.PendulumAPP:_processSerialData:121 - 🔄 数据来源: 串口接收 -> PendulumState.physical_length
2025-09-02 14:48:37.081 | INFO     | Pendulum.PendulumAPP:_processSerialData:120 - 📏 串口长度数据已更新: L45.091114 -> physical_length=45.091114
2025-09-02 14:48:37.082 | INFO     | Pendulum.PendulumAPP:_processSerialData:121 - 🔄 数据来源: 串口接收 -> PendulumState.physical_length
2025-09-02 14:48:37.128 | INFO     | Pendulum.PendulumAPP:_processSerialData:120 - 📏 串口长度数据已更新: L45.091114 -> physical_length=45.091114
2025-09-02 14:48:37.129 | INFO     | Pendulum.PendulumAPP:_processSerialData:121 - 🔄 数据来源: 串口接收 -> PendulumState.physical_length
2025-09-02 14:48:37.174 | INFO     | Pendulum.PendulumAPP:_processSerialData:120 - 📏 串口长度数据已更新: L45.091114 -> physical_length=45.091114
2025-09-02 14:48:37.175 | INFO     | Pendulum.PendulumAPP:_processSerialData:121 - 🔄 数据来源: 串口接收 -> PendulumState.physical_length
2025-09-02 14:48:37.221 | INFO     | Pendulum.PendulumAPP:_processSerialData:120 - 📏 串口长度数据已更新: L45.091114 -> physical_length=45.091114
2025-09-02 14:48:37.221 | INFO     | Pendulum.PendulumAPP:_processSerialData:121 - 🔄 数据来源: 串口接收 -> PendulumState.physical_length
2025-09-02 14:48:37.268 | INFO     | Pendulum.PendulumAPP:_processSerialData:120 - 📏 串口长度数据已更新: L45.091114 -> physical_length=45.091114
2025-09-02 14:48:37.269 | INFO     | Pendulum.PendulumAPP:_processSerialData:121 - 🔄 数据来源: 串口接收 -> PendulumState.physical_length
2025-09-02 14:48:37.314 | INFO     | Pendulum.PendulumAPP:_processSerialData:120 - 📏 串口长度数据已更新: L45.091114 -> physical_length=45.091114
2025-09-02 14:48:37.314 | INFO     | Pendulum.PendulumAPP:_processSerialData:121 - 🔄 数据来源: 串口接收 -> PendulumState.physical_length
2025-09-02 14:48:37.361 | INFO     | Pendulum.PendulumAPP:_processSerialData:120 - 📏 串口长度数据已更新: L45.091114 -> physical_length=45.091114
2025-09-02 14:48:37.362 | INFO     | Pendulum.PendulumAPP:_processSerialData:121 - 🔄 数据来源: 串口接收 -> PendulumState.physical_length
2025-09-02 14:48:37.408 | INFO     | Pendulum.PendulumAPP:_processSerialData:120 - 📏 串口长度数据已更新: L45.091114 -> physical_length=45.091114
2025-09-02 14:48:37.409 | INFO     | Pendulum.PendulumAPP:_processSerialData:121 - 🔄 数据来源: 串口接收 -> PendulumState.physical_length
2025-09-02 14:48:37.454 | INFO     | Pendulum.PendulumAPP:_processSerialData:120 - 📏 串口长度数据已更新: L45.091114 -> physical_length=45.091114
2025-09-02 14:48:37.458 | INFO     | Pendulum.PendulumAPP:_processSerialData:121 - 🔄 数据来源: 串口接收 -> PendulumState.physical_length
2025-09-02 14:48:37.501 | INFO     | Pendulum.PendulumAPP:_processSerialData:120 - 📏 串口长度数据已更新: L45.091114 -> physical_length=45.091114
2025-09-02 14:48:37.503 | INFO     | Pendulum.PendulumAPP:_processSerialData:121 - 🔄 数据来源: 串口接收 -> PendulumState.physical_length
2025-09-02 14:48:37.547 | INFO     | Pendulum.PendulumAPP:_processSerialData:120 - 📏 串口长度数据已更新: L45.091114 -> physical_length=45.091114
2025-09-02 14:48:37.548 | INFO     | Pendulum.PendulumAPP:_processSerialData:121 - 🔄 数据来源: 串口接收 -> PendulumState.physical_length
2025-09-02 14:48:37.594 | INFO     | Pendulum.PendulumAPP:_processSerialData:120 - 📏 串口长度数据已更新: L45.091114 -> physical_length=45.091114
2025-09-02 14:48:37.595 | INFO     | Pendulum.PendulumAPP:_processSerialData:121 - 🔄 数据来源: 串口接收 -> PendulumState.physical_length
2025-09-02 14:48:37.640 | INFO     | Pendulum.PendulumAPP:_processSerialData:120 - 📏 串口长度数据已更新: L45.091114 -> physical_length=45.091114
2025-09-02 14:48:37.641 | INFO     | Pendulum.PendulumAPP:_processSerialData:121 - 🔄 数据来源: 串口接收 -> PendulumState.physical_length
2025-09-02 14:48:37.687 | INFO     | Pendulum.PendulumAPP:_processSerialData:120 - 📏 串口长度数据已更新: L45.091114 -> physical_length=45.091114
2025-09-02 14:48:37.688 | INFO     | Pendulum.PendulumAPP:_processSerialData:121 - 🔄 数据来源: 串口接收 -> PendulumState.physical_length
2025-09-02 14:48:37.733 | INFO     | Pendulum.PendulumAPP:_processSerialData:120 - 📏 串口长度数据已更新: L45.091114 -> physical_length=45.091114
2025-09-02 14:48:37.734 | INFO     | Pendulum.PendulumAPP:_processSerialData:121 - 🔄 数据来源: 串口接收 -> PendulumState.physical_length
2025-09-02 14:48:37.779 | INFO     | Pendulum.PendulumAPP:_processSerialData:120 - 📏 串口长度数据已更新: L45.091114 -> physical_length=45.091114
2025-09-02 14:48:37.780 | INFO     | Pendulum.PendulumAPP:_processSerialData:121 - 🔄 数据来源: 串口接收 -> PendulumState.physical_length
2025-09-02 14:48:37.826 | INFO     | Pendulum.PendulumAPP:_processSerialData:120 - 📏 串口长度数据已更新: L45.091114 -> physical_length=45.091114
2025-09-02 14:48:37.827 | INFO     | Pendulum.PendulumAPP:_processSerialData:121 - 🔄 数据来源: 串口接收 -> PendulumState.physical_length
2025-09-02 14:48:37.872 | INFO     | Pendulum.PendulumAPP:_processSerialData:120 - 📏 串口长度数据已更新: L45.091114 -> physical_length=45.091114
2025-09-02 14:48:37.873 | INFO     | Pendulum.PendulumAPP:_processSerialData:121 - 🔄 数据来源: 串口接收 -> PendulumState.physical_length
2025-09-02 14:48:37.918 | INFO     | Pendulum.PendulumAPP:_processSerialData:120 - 📏 串口长度数据已更新: L45.091114 -> physical_length=45.091114
2025-09-02 14:48:37.922 | INFO     | Pendulum.PendulumAPP:_processSerialData:121 - 🔄 数据来源: 串口接收 -> PendulumState.physical_length
2025-09-02 14:48:37.963 | INFO     | Pendulum.PendulumAPP:_processSerialData:120 - 📏 串口长度数据已更新: L45.091114 -> physical_length=45.091114
2025-09-02 14:48:37.964 | INFO     | Pendulum.PendulumAPP:_processSerialData:121 - 🔄 数据来源: 串口接收 -> PendulumState.physical_length
2025-09-02 14:48:38.011 | INFO     | Pendulum.PendulumAPP:_processSerialData:120 - 📏 串口长度数据已更新: L45.091114 -> physical_length=45.091114
2025-09-02 14:48:38.013 | INFO     | Pendulum.PendulumAPP:_processSerialData:121 - 🔄 数据来源: 串口接收 -> PendulumState.physical_length
2025-09-02 14:48:38.056 | INFO     | Pendulum.PendulumAPP:_processSerialData:120 - 📏 串口长度数据已更新: L45.091114 -> physical_length=45.091114
2025-09-02 14:48:38.057 | INFO     | Pendulum.PendulumAPP:_processSerialData:121 - 🔄 数据来源: 串口接收 -> PendulumState.physical_length
2025-09-02 14:48:38.102 | INFO     | Pendulum.PendulumAPP:_processSerialData:120 - 📏 串口长度数据已更新: L45.091114 -> physical_length=45.091114
2025-09-02 14:48:38.102 | INFO     | Pendulum.PendulumAPP:_processSerialData:121 - 🔄 数据来源: 串口接收 -> PendulumState.physical_length
2025-09-02 14:48:38.148 | INFO     | Pendulum.PendulumAPP:_processSerialData:120 - 📏 串口长度数据已更新: L45.091114 -> physical_length=45.091114
2025-09-02 14:48:38.149 | INFO     | Pendulum.PendulumAPP:_processSerialData:121 - 🔄 数据来源: 串口接收 -> PendulumState.physical_length
2025-09-02 14:48:38.195 | INFO     | Pendulum.PendulumAPP:_processSerialData:120 - 📏 串口长度数据已更新: L45.091114 -> physical_length=45.091114
2025-09-02 14:48:38.196 | INFO     | Pendulum.PendulumAPP:_processSerialData:121 - 🔄 数据来源: 串口接收 -> PendulumState.physical_length
2025-09-02 14:48:38.240 | INFO     | Pendulum.PendulumAPP:_processSerialData:120 - 📏 串口长度数据已更新: L45.091114 -> physical_length=45.091114
2025-09-02 14:48:38.241 | INFO     | Pendulum.PendulumAPP:_processSerialData:121 - 🔄 数据来源: 串口接收 -> PendulumState.physical_length
2025-09-02 14:48:38.286 | INFO     | Pendulum.PendulumAPP:_processSerialData:120 - 📏 串口长度数据已更新: L45.091114 -> physical_length=45.091114
2025-09-02 14:48:38.287 | INFO     | Pendulum.PendulumAPP:_processSerialData:121 - 🔄 数据来源: 串口接收 -> PendulumState.physical_length
2025-09-02 14:48:38.333 | INFO     | Pendulum.PendulumAPP:_processSerialData:120 - 📏 串口长度数据已更新: L45.091114 -> physical_length=45.091114
2025-09-02 14:48:38.337 | INFO     | Pendulum.PendulumAPP:_processSerialData:121 - 🔄 数据来源: 串口接收 -> PendulumState.physical_length
2025-09-02 14:48:38.378 | INFO     | Pendulum.PendulumAPP:_processSerialData:120 - 📏 串口长度数据已更新: L45.091114 -> physical_length=45.091114
2025-09-02 14:48:38.379 | INFO     | Pendulum.PendulumAPP:_processSerialData:121 - 🔄 数据来源: 串口接收 -> PendulumState.physical_length
2025-09-02 14:48:38.425 | INFO     | Pendulum.PendulumAPP:_processSerialData:120 - 📏 串口长度数据已更新: L45.091114 -> physical_length=45.091114
2025-09-02 14:48:38.426 | INFO     | Pendulum.PendulumAPP:_processSerialData:121 - 🔄 数据来源: 串口接收 -> PendulumState.physical_length
2025-09-02 14:48:38.473 | INFO     | Pendulum.PendulumAPP:_processSerialData:120 - 📏 串口长度数据已更新: L45.091114 -> physical_length=45.091114
2025-09-02 14:48:38.473 | INFO     | Pendulum.PendulumAPP:_processSerialData:121 - 🔄 数据来源: 串口接收 -> PendulumState.physical_length
2025-09-02 14:48:38.520 | INFO     | Pendulum.PendulumAPP:_processSerialData:120 - 📏 串口长度数据已更新: L45.091114 -> physical_length=45.091114
2025-09-02 14:48:38.521 | INFO     | Pendulum.PendulumAPP:_processSerialData:121 - 🔄 数据来源: 串口接收 -> PendulumState.physical_length
2025-09-02 14:48:38.566 | INFO     | Pendulum.PendulumAPP:_processSerialData:120 - 📏 串口长度数据已更新: L45.091114 -> physical_length=45.091114
2025-09-02 14:48:38.567 | INFO     | Pendulum.PendulumAPP:_processSerialData:121 - 🔄 数据来源: 串口接收 -> PendulumState.physical_length
2025-09-02 14:48:38.612 | INFO     | Pendulum.PendulumAPP:_processSerialData:120 - 📏 串口长度数据已更新: L45.091114 -> physical_length=45.091114
2025-09-02 14:48:38.614 | INFO     | Pendulum.PendulumAPP:_processSerialData:121 - 🔄 数据来源: 串口接收 -> PendulumState.physical_length
2025-09-02 14:48:38.658 | INFO     | Pendulum.PendulumAPP:_processSerialData:120 - 📏 串口长度数据已更新: L45.091114 -> physical_length=45.091114
2025-09-02 14:48:38.659 | INFO     | Pendulum.PendulumAPP:_processSerialData:121 - 🔄 数据来源: 串口接收 -> PendulumState.physical_length
2025-09-02 14:48:38.706 | INFO     | Pendulum.PendulumAPP:_processSerialData:120 - 📏 串口长度数据已更新: L45.091114 -> physical_length=45.091114
2025-09-02 14:48:38.708 | INFO     | Pendulum.PendulumAPP:_processSerialData:121 - 🔄 数据来源: 串口接收 -> PendulumState.physical_length
2025-09-02 14:48:38.754 | INFO     | Pendulum.PendulumAPP:_processSerialData:120 - 📏 串口长度数据已更新: L45.091114 -> physical_length=45.091114
2025-09-02 14:48:38.756 | INFO     | Pendulum.PendulumAPP:_processSerialData:121 - 🔄 数据来源: 串口接收 -> PendulumState.physical_length
2025-09-02 14:48:38.799 | INFO     | Pendulum.PendulumAPP:_processSerialData:120 - 📏 串口长度数据已更新: L45.091114 -> physical_length=45.091114
2025-09-02 14:48:38.801 | INFO     | Pendulum.PendulumAPP:_processSerialData:121 - 🔄 数据来源: 串口接收 -> PendulumState.physical_length
2025-09-02 14:48:38.845 | INFO     | Pendulum.PendulumAPP:_processSerialData:120 - 📏 串口长度数据已更新: L45.091114 -> physical_length=45.091114
2025-09-02 14:48:38.846 | INFO     | Pendulum.PendulumAPP:_processSerialData:121 - 🔄 数据来源: 串口接收 -> PendulumState.physical_length
2025-09-02 14:48:38.891 | INFO     | Pendulum.PendulumAPP:_processSerialData:120 - 📏 串口长度数据已更新: L45.091114 -> physical_length=45.091114
2025-09-02 14:48:38.893 | INFO     | Pendulum.PendulumAPP:_processSerialData:121 - 🔄 数据来源: 串口接收 -> PendulumState.physical_length
2025-09-02 14:48:38.937 | INFO     | Pendulum.PendulumAPP:_processSerialData:120 - 📏 串口长度数据已更新: L45.091114 -> physical_length=45.091114
2025-09-02 14:48:38.937 | INFO     | Pendulum.PendulumAPP:_processSerialData:121 - 🔄 数据来源: 串口接收 -> PendulumState.physical_length
2025-09-02 14:48:38.984 | INFO     | Pendulum.PendulumAPP:_processSerialData:120 - 📏 串口长度数据已更新: L45.091114 -> physical_length=45.091114
2025-09-02 14:48:38.985 | INFO     | Pendulum.PendulumAPP:_processSerialData:121 - 🔄 数据来源: 串口接收 -> PendulumState.physical_length
2025-09-02 14:48:39.031 | INFO     | Pendulum.PendulumAPP:_processSerialData:120 - 📏 串口长度数据已更新: L45.091114 -> physical_length=45.091114
2025-09-02 14:48:39.031 | INFO     | Pendulum.PendulumAPP:_processSerialData:121 - 🔄 数据来源: 串口接收 -> PendulumState.physical_length
2025-09-02 14:48:39.079 | INFO     | Pendulum.PendulumAPP:_processSerialData:120 - 📏 串口长度数据已更新: L45.091114 -> physical_length=45.091114
2025-09-02 14:48:39.079 | INFO     | Pendulum.PendulumAPP:_processSerialData:121 - 🔄 数据来源: 串口接收 -> PendulumState.physical_length
2025-09-02 14:48:39.125 | INFO     | Pendulum.PendulumAPP:_processSerialData:120 - 📏 串口长度数据已更新: L45.091114 -> physical_length=45.091114
2025-09-02 14:48:39.126 | INFO     | Pendulum.PendulumAPP:_processSerialData:121 - 🔄 数据来源: 串口接收 -> PendulumState.physical_length
2025-09-02 14:48:39.171 | INFO     | Pendulum.PendulumAPP:_processSerialData:120 - 📏 串口长度数据已更新: L45.091114 -> physical_length=45.091114
2025-09-02 14:48:39.172 | INFO     | Pendulum.PendulumAPP:_processSerialData:121 - 🔄 数据来源: 串口接收 -> PendulumState.physical_length
2025-09-02 14:48:39.218 | INFO     | Pendulum.PendulumAPP:_processSerialData:120 - 📏 串口长度数据已更新: L45.091114 -> physical_length=45.091114
2025-09-02 14:48:39.218 | INFO     | Pendulum.PendulumAPP:_processSerialData:121 - 🔄 数据来源: 串口接收 -> PendulumState.physical_length
2025-09-02 14:48:39.265 | INFO     | Pendulum.PendulumAPP:_processSerialData:120 - 📏 串口长度数据已更新: L45.091114 -> physical_length=45.091114
2025-09-02 14:48:39.266 | INFO     | Pendulum.PendulumAPP:_processSerialData:121 - 🔄 数据来源: 串口接收 -> PendulumState.physical_length
2025-09-02 14:48:39.312 | INFO     | Pendulum.PendulumAPP:_processSerialData:120 - 📏 串口长度数据已更新: L45.091114 -> physical_length=45.091114
2025-09-02 14:48:39.315 | INFO     | Pendulum.PendulumAPP:_processSerialData:121 - 🔄 数据来源: 串口接收 -> PendulumState.physical_length
2025-09-02 14:48:39.358 | INFO     | Pendulum.PendulumAPP:_processSerialData:120 - 📏 串口长度数据已更新: L45.091114 -> physical_length=45.091114
2025-09-02 14:48:39.361 | INFO     | Pendulum.PendulumAPP:_processSerialData:121 - 🔄 数据来源: 串口接收 -> PendulumState.physical_length
2025-09-02 14:48:39.403 | INFO     | Pendulum.PendulumAPP:_processSerialData:120 - 📏 串口长度数据已更新: L45.091114 -> physical_length=45.091114
2025-09-02 14:48:39.404 | INFO     | Pendulum.PendulumAPP:_processSerialData:121 - 🔄 数据来源: 串口接收 -> PendulumState.physical_length
2025-09-02 14:48:39.449 | INFO     | Pendulum.PendulumAPP:_processSerialData:120 - 📏 串口长度数据已更新: L45.091114 -> physical_length=45.091114
2025-09-02 14:48:39.450 | INFO     | Pendulum.PendulumAPP:_processSerialData:121 - 🔄 数据来源: 串口接收 -> PendulumState.physical_length
2025-09-02 14:48:39.495 | INFO     | Pendulum.PendulumAPP:_processSerialData:120 - 📏 串口长度数据已更新: L45.091114 -> physical_length=45.091114
2025-09-02 14:48:39.497 | INFO     | Pendulum.PendulumAPP:_processSerialData:121 - 🔄 数据来源: 串口接收 -> PendulumState.physical_length
2025-09-02 14:48:39.541 | INFO     | Pendulum.PendulumAPP:_processSerialData:120 - 📏 串口长度数据已更新: L45.091114 -> physical_length=45.091114
2025-09-02 14:48:39.541 | INFO     | Pendulum.PendulumAPP:_processSerialData:121 - 🔄 数据来源: 串口接收 -> PendulumState.physical_length
2025-09-02 14:48:39.587 | INFO     | Pendulum.PendulumAPP:_processSerialData:120 - 📏 串口长度数据已更新: L45.091114 -> physical_length=45.091114
2025-09-02 14:48:39.589 | INFO     | Pendulum.PendulumAPP:_processSerialData:121 - 🔄 数据来源: 串口接收 -> PendulumState.physical_length
2025-09-02 14:48:39.634 | INFO     | Pendulum.PendulumAPP:_processSerialData:120 - 📏 串口长度数据已更新: L45.091114 -> physical_length=45.091114
2025-09-02 14:48:39.635 | INFO     | Pendulum.PendulumAPP:_processSerialData:121 - 🔄 数据来源: 串口接收 -> PendulumState.physical_length
2025-09-02 14:48:39.681 | INFO     | Pendulum.PendulumAPP:_processSerialData:120 - 📏 串口长度数据已更新: L45.091114 -> physical_length=45.091114
2025-09-02 14:48:39.682 | INFO     | Pendulum.PendulumAPP:_processSerialData:121 - 🔄 数据来源: 串口接收 -> PendulumState.physical_length
2025-09-02 14:48:39.729 | INFO     | Pendulum.PendulumAPP:_processSerialData:120 - 📏 串口长度数据已更新: L45.091114 -> physical_length=45.091114
2025-09-02 14:48:39.730 | INFO     | Pendulum.PendulumAPP:_processSerialData:121 - 🔄 数据来源: 串口接收 -> PendulumState.physical_length
2025-09-02 14:48:39.777 | INFO     | Pendulum.PendulumAPP:_processSerialData:120 - 📏 串口长度数据已更新: L45.091114 -> physical_length=45.091114
2025-09-02 14:48:39.778 | INFO     | Pendulum.PendulumAPP:_processSerialData:121 - 🔄 数据来源: 串口接收 -> PendulumState.physical_length
2025-09-02 14:48:39.823 | INFO     | Pendulum.PendulumAPP:_processSerialData:120 - 📏 串口长度数据已更新: L45.091114 -> physical_length=45.091114
2025-09-02 14:48:39.826 | INFO     | Pendulum.PendulumAPP:_processSerialData:121 - 🔄 数据来源: 串口接收 -> PendulumState.physical_length
2025-09-02 14:48:39.870 | INFO     | Pendulum.PendulumAPP:_processSerialData:120 - 📏 串口长度数据已更新: L45.091114 -> physical_length=45.091114
2025-09-02 14:48:39.872 | INFO     | Pendulum.PendulumAPP:_processSerialData:121 - 🔄 数据来源: 串口接收 -> PendulumState.physical_length
2025-09-02 14:48:39.915 | INFO     | Pendulum.PendulumAPP:_processSerialData:120 - 📏 串口长度数据已更新: L45.091114 -> physical_length=45.091114
2025-09-02 14:48:39.917 | INFO     | Pendulum.PendulumAPP:_processSerialData:121 - 🔄 数据来源: 串口接收 -> PendulumState.physical_length
2025-09-02 14:48:39.960 | INFO     | Pendulum.PendulumAPP:_processSerialData:120 - 📏 串口长度数据已更新: L45.091114 -> physical_length=45.091114
2025-09-02 14:48:39.960 | INFO     | Pendulum.PendulumAPP:_processSerialData:121 - 🔄 数据来源: 串口接收 -> PendulumState.physical_length
2025-09-02 14:48:40.007 | INFO     | Pendulum.PendulumAPP:_processSerialData:120 - 📏 串口长度数据已更新: L45.091114 -> physical_length=45.091114
2025-09-02 14:48:40.008 | INFO     | Pendulum.PendulumAPP:_processSerialData:121 - 🔄 数据来源: 串口接收 -> PendulumState.physical_length
2025-09-02 14:48:40.052 | INFO     | Pendulum.PendulumAPP:_processSerialData:120 - 📏 串口长度数据已更新: L45.091114 -> physical_length=45.091114
2025-09-02 14:48:40.053 | INFO     | Pendulum.PendulumAPP:_processSerialData:121 - 🔄 数据来源: 串口接收 -> PendulumState.physical_length
2025-09-02 14:48:40.098 | INFO     | Pendulum.PendulumAPP:_processSerialData:120 - 📏 串口长度数据已更新: L45.091114 -> physical_length=45.091114
2025-09-02 14:48:40.099 | INFO     | Pendulum.PendulumAPP:_processSerialData:121 - 🔄 数据来源: 串口接收 -> PendulumState.physical_length
2025-09-02 14:48:40.145 | INFO     | Pendulum.PendulumAPP:_processSerialData:120 - 📏 串口长度数据已更新: L45.091114 -> physical_length=45.091114
2025-09-02 14:48:40.146 | INFO     | Pendulum.PendulumAPP:_processSerialData:121 - 🔄 数据来源: 串口接收 -> PendulumState.physical_length
2025-09-02 14:48:40.191 | INFO     | Pendulum.PendulumAPP:_processSerialData:120 - 📏 串口长度数据已更新: L45.091114 -> physical_length=45.091114
2025-09-02 14:48:40.192 | INFO     | Pendulum.PendulumAPP:_processSerialData:121 - 🔄 数据来源: 串口接收 -> PendulumState.physical_length
2025-09-02 14:48:40.239 | INFO     | Pendulum.PendulumAPP:_processSerialData:120 - 📏 串口长度数据已更新: L45.091114 -> physical_length=45.091114
2025-09-02 14:48:40.242 | INFO     | Pendulum.PendulumAPP:_processSerialData:121 - 🔄 数据来源: 串口接收 -> PendulumState.physical_length
2025-09-02 14:48:40.283 | INFO     | Pendulum.PendulumAPP:_processSerialData:120 - 📏 串口长度数据已更新: L45.091114 -> physical_length=45.091114
2025-09-02 14:48:40.285 | INFO     | Pendulum.PendulumAPP:_processSerialData:121 - 🔄 数据来源: 串口接收 -> PendulumState.physical_length
2025-09-02 14:48:40.329 | INFO     | Pendulum.PendulumAPP:_processSerialData:120 - 📏 串口长度数据已更新: L45.091114 -> physical_length=45.091114
2025-09-02 14:48:40.330 | INFO     | Pendulum.PendulumAPP:_processSerialData:121 - 🔄 数据来源: 串口接收 -> PendulumState.physical_length
2025-09-02 14:48:40.375 | INFO     | Pendulum.PendulumAPP:_processSerialData:120 - 📏 串口长度数据已更新: L45.091114 -> physical_length=45.091114
2025-09-02 14:48:40.376 | INFO     | Pendulum.PendulumAPP:_processSerialData:121 - 🔄 数据来源: 串口接收 -> PendulumState.physical_length
2025-09-02 14:48:40.422 | INFO     | Pendulum.PendulumAPP:_processSerialData:120 - 📏 串口长度数据已更新: L45.091114 -> physical_length=45.091114
2025-09-02 14:48:40.423 | INFO     | Pendulum.PendulumAPP:_processSerialData:121 - 🔄 数据来源: 串口接收 -> PendulumState.physical_length
2025-09-02 14:48:40.469 | INFO     | Pendulum.PendulumAPP:_processSerialData:120 - 📏 串口长度数据已更新: L45.091114 -> physical_length=45.091114
2025-09-02 14:48:40.470 | INFO     | Pendulum.PendulumAPP:_processSerialData:121 - 🔄 数据来源: 串口接收 -> PendulumState.physical_length
2025-09-02 14:48:40.516 | INFO     | Pendulum.PendulumAPP:_processSerialData:120 - 📏 串口长度数据已更新: L45.091114 -> physical_length=45.091114
2025-09-02 14:48:40.518 | INFO     | Pendulum.PendulumAPP:_processSerialData:121 - 🔄 数据来源: 串口接收 -> PendulumState.physical_length
2025-09-02 14:48:40.562 | INFO     | Pendulum.PendulumAPP:_processSerialData:120 - 📏 串口长度数据已更新: L45.091114 -> physical_length=45.091114
2025-09-02 14:48:40.562 | INFO     | Pendulum.PendulumAPP:_processSerialData:121 - 🔄 数据来源: 串口接收 -> PendulumState.physical_length
2025-09-02 14:48:40.609 | INFO     | Pendulum.PendulumAPP:_processSerialData:120 - 📏 串口长度数据已更新: L45.091114 -> physical_length=45.091114
2025-09-02 14:48:40.610 | INFO     | Pendulum.PendulumAPP:_processSerialData:121 - 🔄 数据来源: 串口接收 -> PendulumState.physical_length
2025-09-02 14:48:40.655 | INFO     | Pendulum.PendulumAPP:_processSerialData:120 - 📏 串口长度数据已更新: L45.091114 -> physical_length=45.091114
2025-09-02 14:48:40.657 | INFO     | Pendulum.PendulumAPP:_processSerialData:121 - 🔄 数据来源: 串口接收 -> PendulumState.physical_length
2025-09-02 14:48:40.701 | INFO     | Pendulum.PendulumAPP:_processSerialData:120 - 📏 串口长度数据已更新: L45.091114 -> physical_length=45.091114
2025-09-02 14:48:40.703 | INFO     | Pendulum.PendulumAPP:_processSerialData:121 - 🔄 数据来源: 串口接收 -> PendulumState.physical_length
2025-09-02 14:48:40.748 | INFO     | Pendulum.PendulumAPP:_processSerialData:120 - 📏 串口长度数据已更新: L45.091114 -> physical_length=45.091114
2025-09-02 14:48:40.750 | INFO     | Pendulum.PendulumAPP:_processSerialData:121 - 🔄 数据来源: 串口接收 -> PendulumState.physical_length
2025-09-02 14:48:40.795 | INFO     | Pendulum.PendulumAPP:_processSerialData:120 - 📏 串口长度数据已更新: L45.091114 -> physical_length=45.091114
2025-09-02 14:48:40.797 | INFO     | Pendulum.PendulumAPP:_processSerialData:121 - 🔄 数据来源: 串口接收 -> PendulumState.physical_length
2025-09-02 14:48:40.842 | INFO     | Pendulum.PendulumAPP:_processSerialData:120 - 📏 串口长度数据已更新: L45.091114 -> physical_length=45.091114
2025-09-02 14:48:40.846 | INFO     | Pendulum.PendulumAPP:_processSerialData:121 - 🔄 数据来源: 串口接收 -> PendulumState.physical_length
2025-09-02 14:48:40.888 | INFO     | Pendulum.PendulumAPP:_processSerialData:120 - 📏 串口长度数据已更新: L45.091114 -> physical_length=45.091114
2025-09-02 14:48:40.889 | INFO     | Pendulum.PendulumAPP:_processSerialData:121 - 🔄 数据来源: 串口接收 -> PendulumState.physical_length
2025-09-02 14:48:40.936 | INFO     | Pendulum.PendulumAPP:_processSerialData:120 - 📏 串口长度数据已更新: L45.091114 -> physical_length=45.091114
2025-09-02 14:48:40.938 | INFO     | Pendulum.PendulumAPP:_processSerialData:121 - 🔄 数据来源: 串口接收 -> PendulumState.physical_length
2025-09-02 14:48:40.982 | INFO     | Pendulum.PendulumAPP:_keyEventWeb:271 - u1
2025-09-02 14:48:40.983 | INFO     | Pendulum.SerialConncet:send:199 - sendu1
2025-09-02 14:48:40.985 | INFO     | Pendulum.SerialConncet:send:201 - [发送] u1
2025-09-02 14:48:40.998 | INFO     | Pendulum.PendulumAPP:_processSerialData:120 - 📏 串口长度数据已更新: L45.091114 -> physical_length=45.091114
2025-09-02 14:48:40.998 | INFO     | Pendulum.PendulumAPP:_processSerialData:121 - 🔄 数据来源: 串口接收 -> PendulumState.physical_length
2025-09-02 14:48:41.045 | INFO     | Pendulum.PendulumAPP:_processSerialData:120 - 📏 串口长度数据已更新: L45.091114 -> physical_length=45.091114
2025-09-02 14:48:41.046 | INFO     | Pendulum.PendulumAPP:_processSerialData:121 - 🔄 数据来源: 串口接收 -> PendulumState.physical_length
2025-09-02 14:48:41.091 | INFO     | Pendulum.PendulumAPP:_processSerialData:120 - 📏 串口长度数据已更新: L45.091114 -> physical_length=45.091114
2025-09-02 14:48:41.092 | INFO     | Pendulum.PendulumAPP:_processSerialData:121 - 🔄 数据来源: 串口接收 -> PendulumState.physical_length
2025-09-02 14:48:41.139 | INFO     | Pendulum.PendulumAPP:_processSerialData:120 - 📏 串口长度数据已更新: L45.091114 -> physical_length=45.091114
2025-09-02 14:48:41.140 | INFO     | Pendulum.PendulumAPP:_processSerialData:121 - 🔄 数据来源: 串口接收 -> PendulumState.physical_length
2025-09-02 14:48:41.186 | INFO     | Pendulum.PendulumAPP:_processSerialData:120 - 📏 串口长度数据已更新: L45.091114 -> physical_length=45.091114
2025-09-02 14:48:41.187 | INFO     | Pendulum.PendulumAPP:_processSerialData:121 - 🔄 数据来源: 串口接收 -> PendulumState.physical_length
2025-09-02 14:48:41.233 | INFO     | Pendulum.PendulumAPP:_processSerialData:120 - 📏 串口长度数据已更新: L45.091114 -> physical_length=45.091114
2025-09-02 14:48:41.235 | INFO     | Pendulum.PendulumAPP:_processSerialData:121 - 🔄 数据来源: 串口接收 -> PendulumState.physical_length
2025-09-02 14:48:41.280 | INFO     | Pendulum.PendulumAPP:_processSerialData:120 - 📏 串口长度数据已更新: L45.091114 -> physical_length=45.091114
2025-09-02 14:48:41.282 | INFO     | Pendulum.PendulumAPP:_processSerialData:121 - 🔄 数据来源: 串口接收 -> PendulumState.physical_length
2025-09-02 14:48:41.327 | INFO     | Pendulum.PendulumAPP:_processSerialData:120 - 📏 串口长度数据已更新: L45.091114 -> physical_length=45.091114
2025-09-02 14:48:41.329 | INFO     | Pendulum.PendulumAPP:_processSerialData:121 - 🔄 数据来源: 串口接收 -> PendulumState.physical_length
2025-09-02 14:48:41.373 | INFO     | Pendulum.PendulumAPP:_processSerialData:120 - 📏 串口长度数据已更新: L45.091114 -> physical_length=45.091114
2025-09-02 14:48:41.378 | INFO     | Pendulum.PendulumAPP:_processSerialData:121 - 🔄 数据来源: 串口接收 -> PendulumState.physical_length
2025-09-02 14:48:41.420 | INFO     | Pendulum.PendulumAPP:_processSerialData:120 - 📏 串口长度数据已更新: L45.091114 -> physical_length=45.091114
2025-09-02 14:48:41.424 | INFO     | Pendulum.PendulumAPP:_processSerialData:121 - 🔄 数据来源: 串口接收 -> PendulumState.physical_length
2025-09-02 14:48:41.467 | INFO     | Pendulum.PendulumAPP:_processSerialData:120 - 📏 串口长度数据已更新: L45.091114 -> physical_length=45.091114
2025-09-02 14:48:41.468 | INFO     | Pendulum.PendulumAPP:_processSerialData:121 - 🔄 数据来源: 串口接收 -> PendulumState.physical_length
2025-09-02 14:48:41.514 | INFO     | Pendulum.PendulumAPP:_processSerialData:120 - 📏 串口长度数据已更新: L45.091114 -> physical_length=45.091114
2025-09-02 14:48:41.515 | INFO     | Pendulum.PendulumAPP:_processSerialData:121 - 🔄 数据来源: 串口接收 -> PendulumState.physical_length
2025-09-02 14:48:41.561 | INFO     | Pendulum.PendulumAPP:_processSerialData:120 - 📏 串口长度数据已更新: L45.091114 -> physical_length=45.091114
2025-09-02 14:48:41.562 | INFO     | Pendulum.PendulumAPP:_processSerialData:121 - 🔄 数据来源: 串口接收 -> PendulumState.physical_length
2025-09-02 14:48:41.608 | INFO     | Pendulum.PendulumAPP:_processSerialData:120 - 📏 串口长度数据已更新: L45.091114 -> physical_length=45.091114
2025-09-02 14:48:41.609 | INFO     | Pendulum.PendulumAPP:_processSerialData:121 - 🔄 数据来源: 串口接收 -> PendulumState.physical_length
2025-09-02 14:48:41.655 | INFO     | Pendulum.PendulumAPP:_processSerialData:120 - 📏 串口长度数据已更新: L45.091114 -> physical_length=45.091114
2025-09-02 14:48:41.656 | INFO     | Pendulum.PendulumAPP:_processSerialData:121 - 🔄 数据来源: 串口接收 -> PendulumState.physical_length
2025-09-02 14:48:41.701 | INFO     | Pendulum.PendulumAPP:_processSerialData:120 - 📏 串口长度数据已更新: L45.091114 -> physical_length=45.091114
2025-09-02 14:48:41.702 | INFO     | Pendulum.PendulumAPP:_processSerialData:121 - 🔄 数据来源: 串口接收 -> PendulumState.physical_length
2025-09-02 14:48:41.747 | INFO     | Pendulum.PendulumAPP:_processSerialData:120 - 📏 串口长度数据已更新: L45.091114 -> physical_length=45.091114
2025-09-02 14:48:41.748 | INFO     | Pendulum.PendulumAPP:_processSerialData:121 - 🔄 数据来源: 串口接收 -> PendulumState.physical_length
2025-09-02 14:48:41.795 | INFO     | Pendulum.PendulumAPP:_processSerialData:120 - 📏 串口长度数据已更新: L45.091114 -> physical_length=45.091114
2025-09-02 14:48:41.796 | INFO     | Pendulum.PendulumAPP:_processSerialData:121 - 🔄 数据来源: 串口接收 -> PendulumState.physical_length
2025-09-02 14:48:41.842 | INFO     | Pendulum.PendulumAPP:_processSerialData:120 - 📏 串口长度数据已更新: L45.091114 -> physical_length=45.091114
2025-09-02 14:48:41.843 | INFO     | Pendulum.PendulumAPP:_processSerialData:121 - 🔄 数据来源: 串口接收 -> PendulumState.physical_length
2025-09-02 14:48:41.889 | INFO     | Pendulum.PendulumAPP:_processSerialData:120 - 📏 串口长度数据已更新: L45.091114 -> physical_length=45.091114
2025-09-02 14:48:41.889 | INFO     | Pendulum.PendulumAPP:_processSerialData:121 - 🔄 数据来源: 串口接收 -> PendulumState.physical_length
2025-09-02 14:48:41.937 | INFO     | Pendulum.PendulumAPP:_processSerialData:120 - 📏 串口长度数据已更新: L45.091114 -> physical_length=45.091114
2025-09-02 14:48:41.937 | INFO     | Pendulum.PendulumAPP:_processSerialData:121 - 🔄 数据来源: 串口接收 -> PendulumState.physical_length
2025-09-02 14:48:41.983 | INFO     | Pendulum.PendulumAPP:_processSerialData:120 - 📏 串口长度数据已更新: L45.091114 -> physical_length=45.091114
2025-09-02 14:48:41.984 | INFO     | Pendulum.PendulumAPP:_processSerialData:121 - 🔄 数据来源: 串口接收 -> PendulumState.physical_length
2025-09-02 14:48:42.029 | INFO     | Pendulum.PendulumAPP:_processSerialData:120 - 📏 串口长度数据已更新: L45.091114 -> physical_length=45.091114
2025-09-02 14:48:42.031 | INFO     | Pendulum.PendulumAPP:_processSerialData:121 - 🔄 数据来源: 串口接收 -> PendulumState.physical_length
2025-09-02 14:48:42.077 | INFO     | Pendulum.PendulumAPP:_processSerialData:120 - 📏 串口长度数据已更新: L45.091114 -> physical_length=45.091114
2025-09-02 14:48:42.080 | INFO     | Pendulum.PendulumAPP:_processSerialData:121 - 🔄 数据来源: 串口接收 -> PendulumState.physical_length
2025-09-02 14:48:42.122 | INFO     | Pendulum.PendulumAPP:_processSerialData:120 - 📏 串口长度数据已更新: L45.091114 -> physical_length=45.091114
2025-09-02 14:48:42.123 | INFO     | Pendulum.PendulumAPP:_processSerialData:121 - 🔄 数据来源: 串口接收 -> PendulumState.physical_length
2025-09-02 14:48:42.169 | INFO     | Pendulum.PendulumAPP:_processSerialData:120 - 📏 串口长度数据已更新: L45.091114 -> physical_length=45.091114
2025-09-02 14:48:42.170 | INFO     | Pendulum.PendulumAPP:_processSerialData:121 - 🔄 数据来源: 串口接收 -> PendulumState.physical_length
2025-09-02 14:48:42.216 | INFO     | Pendulum.PendulumAPP:_processSerialData:120 - 📏 串口长度数据已更新: L45.091114 -> physical_length=45.091114
2025-09-02 14:48:42.217 | INFO     | Pendulum.PendulumAPP:_processSerialData:121 - 🔄 数据来源: 串口接收 -> PendulumState.physical_length
2025-09-02 14:48:42.262 | INFO     | Pendulum.PendulumAPP:_processSerialData:120 - 📏 串口长度数据已更新: L45.091114 -> physical_length=45.091114
2025-09-02 14:48:42.263 | INFO     | Pendulum.PendulumAPP:_processSerialData:121 - 🔄 数据来源: 串口接收 -> PendulumState.physical_length
2025-09-02 14:48:42.309 | INFO     | Pendulum.PendulumAPP:_processSerialData:120 - 📏 串口长度数据已更新: L45.091114 -> physical_length=45.091114
2025-09-02 14:48:42.310 | INFO     | Pendulum.PendulumAPP:_processSerialData:121 - 🔄 数据来源: 串口接收 -> PendulumState.physical_length
2025-09-02 14:48:42.355 | INFO     | Pendulum.PendulumAPP:_processSerialData:120 - 📏 串口长度数据已更新: L45.091114 -> physical_length=45.091114
2025-09-02 14:48:42.356 | INFO     | Pendulum.PendulumAPP:_processSerialData:121 - 🔄 数据来源: 串口接收 -> PendulumState.physical_length
2025-09-02 14:48:42.403 | INFO     | Pendulum.PendulumAPP:_processSerialData:120 - 📏 串口长度数据已更新: L45.091114 -> physical_length=45.091114
2025-09-02 14:48:42.404 | INFO     | Pendulum.PendulumAPP:_processSerialData:121 - 🔄 数据来源: 串口接收 -> PendulumState.physical_length
2025-09-02 14:48:42.448 | INFO     | Pendulum.PendulumAPP:_processSerialData:120 - 📏 串口长度数据已更新: L45.091114 -> physical_length=45.091114
2025-09-02 14:48:42.450 | INFO     | Pendulum.PendulumAPP:_processSerialData:121 - 🔄 数据来源: 串口接收 -> PendulumState.physical_length
2025-09-02 14:48:42.496 | INFO     | Pendulum.PendulumAPP:_processSerialData:120 - 📏 串口长度数据已更新: L45.091114 -> physical_length=45.091114
2025-09-02 14:48:42.498 | INFO     | Pendulum.PendulumAPP:_processSerialData:121 - 🔄 数据来源: 串口接收 -> PendulumState.physical_length
2025-09-02 14:48:42.541 | INFO     | Pendulum.PendulumAPP:_processSerialData:120 - 📏 串口长度数据已更新: L45.091114 -> physical_length=45.091114
2025-09-02 14:48:42.541 | INFO     | Pendulum.PendulumAPP:_processSerialData:121 - 🔄 数据来源: 串口接收 -> PendulumState.physical_length
2025-09-02 14:48:42.587 | INFO     | Pendulum.PendulumAPP:_processSerialData:120 - 📏 串口长度数据已更新: L45.091114 -> physical_length=45.091114
2025-09-02 14:48:42.631 | INFO     | Pendulum.PendulumAPP:_processSerialData:121 - 🔄 数据来源: 串口接收 -> PendulumState.physical_length
2025-09-02 14:48:42.680 | INFO     | Pendulum.PendulumAPP:_processSerialData:120 - 📏 串口长度数据已更新: L45.091114 -> physical_length=45.091114
2025-09-02 14:48:42.681 | INFO     | Pendulum.PendulumAPP:_processSerialData:121 - 🔄 数据来源: 串口接收 -> PendulumState.physical_length
2025-09-02 14:48:42.727 | INFO     | Pendulum.PendulumAPP:_processSerialData:120 - 📏 串口长度数据已更新: L45.091114 -> physical_length=45.091114
2025-09-02 14:48:42.727 | INFO     | Pendulum.PendulumAPP:_processSerialData:121 - 🔄 数据来源: 串口接收 -> PendulumState.physical_length
2025-09-02 14:48:42.772 | INFO     | Pendulum.PendulumAPP:_processSerialData:120 - 📏 串口长度数据已更新: L45.091114 -> physical_length=45.091114
2025-09-02 14:48:42.773 | INFO     | Pendulum.PendulumAPP:_processSerialData:121 - 🔄 数据来源: 串口接收 -> PendulumState.physical_length
2025-09-02 14:48:42.820 | INFO     | Pendulum.PendulumAPP:_processSerialData:120 - 📏 串口长度数据已更新: L45.091114 -> physical_length=45.091114
2025-09-02 14:48:42.821 | INFO     | Pendulum.PendulumAPP:_processSerialData:121 - 🔄 数据来源: 串口接收 -> PendulumState.physical_length
2025-09-02 14:48:42.865 | INFO     | Pendulum.PendulumAPP:_processSerialData:120 - 📏 串口长度数据已更新: L45.091114 -> physical_length=45.091114
2025-09-02 14:48:42.868 | INFO     | Pendulum.PendulumAPP:_processSerialData:121 - 🔄 数据来源: 串口接收 -> PendulumState.physical_length
2025-09-02 14:48:42.911 | INFO     | Pendulum.PendulumAPP:_processSerialData:120 - 📏 串口长度数据已更新: L45.091114 -> physical_length=45.091114
2025-09-02 14:48:42.912 | INFO     | Pendulum.PendulumAPP:_processSerialData:121 - 🔄 数据来源: 串口接收 -> PendulumState.physical_length
2025-09-02 14:48:42.959 | INFO     | Pendulum.PendulumAPP:_processSerialData:120 - 📏 串口长度数据已更新: L45.091114 -> physical_length=45.091114
2025-09-02 14:48:42.962 | INFO     | Pendulum.PendulumAPP:_processSerialData:121 - 🔄 数据来源: 串口接收 -> PendulumState.physical_length
2025-09-02 14:48:43.005 | INFO     | Pendulum.PendulumAPP:_processSerialData:120 - 📏 串口长度数据已更新: L45.091114 -> physical_length=45.091114
2025-09-02 14:48:43.006 | INFO     | Pendulum.PendulumAPP:_processSerialData:121 - 🔄 数据来源: 串口接收 -> PendulumState.physical_length
2025-09-02 14:48:43.054 | INFO     | Pendulum.PendulumAPP:_processSerialData:120 - 📏 串口长度数据已更新: L45.091114 -> physical_length=45.091114
2025-09-02 14:48:43.055 | INFO     | Pendulum.PendulumAPP:_processSerialData:121 - 🔄 数据来源: 串口接收 -> PendulumState.physical_length
2025-09-02 14:48:43.099 | INFO     | Pendulum.PendulumAPP:_processSerialData:120 - 📏 串口长度数据已更新: L45.091114 -> physical_length=45.091114
2025-09-02 14:48:43.100 | INFO     | Pendulum.PendulumAPP:_processSerialData:121 - 🔄 数据来源: 串口接收 -> PendulumState.physical_length
2025-09-02 14:48:43.147 | INFO     | Pendulum.PendulumAPP:_processSerialData:120 - 📏 串口长度数据已更新: L45.091114 -> physical_length=45.091114
2025-09-02 14:48:43.149 | INFO     | Pendulum.PendulumAPP:_processSerialData:121 - 🔄 数据来源: 串口接收 -> PendulumState.physical_length
2025-09-02 14:48:43.193 | INFO     | Pendulum.PendulumAPP:_processSerialData:120 - 📏 串口长度数据已更新: L45.091114 -> physical_length=45.091114
2025-09-02 14:48:43.194 | INFO     | Pendulum.PendulumAPP:_processSerialData:121 - 🔄 数据来源: 串口接收 -> PendulumState.physical_length
2025-09-02 14:48:43.239 | INFO     | Pendulum.PendulumAPP:_processSerialData:120 - 📏 串口长度数据已更新: L45.091114 -> physical_length=45.091114
2025-09-02 14:48:43.239 | INFO     | Pendulum.PendulumAPP:_processSerialData:121 - 🔄 数据来源: 串口接收 -> PendulumState.physical_length
2025-09-02 14:48:43.284 | INFO     | Pendulum.PendulumAPP:_processSerialData:120 - 📏 串口长度数据已更新: L45.091114 -> physical_length=45.091114
2025-09-02 14:48:43.286 | INFO     | Pendulum.PendulumAPP:_processSerialData:121 - 🔄 数据来源: 串口接收 -> PendulumState.physical_length
2025-09-02 14:48:43.332 | INFO     | Pendulum.PendulumAPP:_processSerialData:120 - 📏 串口长度数据已更新: L45.091114 -> physical_length=45.091114
2025-09-02 14:48:43.333 | INFO     | Pendulum.PendulumAPP:_processSerialData:121 - 🔄 数据来源: 串口接收 -> PendulumState.physical_length
2025-09-02 14:48:43.376 | INFO     | Pendulum.PendulumAPP:_processSerialData:120 - 📏 串口长度数据已更新: L45.091114 -> physical_length=45.091114
2025-09-02 14:48:43.376 | INFO     | Pendulum.PendulumAPP:_processSerialData:121 - 🔄 数据来源: 串口接收 -> PendulumState.physical_length
2025-09-02 14:48:43.422 | INFO     | Pendulum.PendulumAPP:_processSerialData:120 - 📏 串口长度数据已更新: L45.091114 -> physical_length=45.091114
2025-09-02 14:48:43.424 | INFO     | Pendulum.PendulumAPP:_processSerialData:121 - 🔄 数据来源: 串口接收 -> PendulumState.physical_length
2025-09-02 14:48:43.469 | INFO     | Pendulum.PendulumAPP:_processSerialData:120 - 📏 串口长度数据已更新: L45.091114 -> physical_length=45.091114
2025-09-02 14:48:43.471 | INFO     | Pendulum.PendulumAPP:_processSerialData:121 - 🔄 数据来源: 串口接收 -> PendulumState.physical_length
2025-09-02 14:48:43.514 | INFO     | Pendulum.PendulumAPP:_processSerialData:120 - 📏 串口长度数据已更新: L45.091114 -> physical_length=45.091114
2025-09-02 14:48:43.518 | INFO     | Pendulum.PendulumAPP:_processSerialData:121 - 🔄 数据来源: 串口接收 -> PendulumState.physical_length
2025-09-02 14:48:43.561 | INFO     | Pendulum.PendulumAPP:_processSerialData:120 - 📏 串口长度数据已更新: L45.091114 -> physical_length=45.091114
2025-09-02 14:48:43.561 | INFO     | Pendulum.PendulumAPP:_processSerialData:121 - 🔄 数据来源: 串口接收 -> PendulumState.physical_length
2025-09-02 14:48:43.608 | INFO     | Pendulum.PendulumAPP:_processSerialData:120 - 📏 串口长度数据已更新: L45.091114 -> physical_length=45.091114
2025-09-02 14:48:43.609 | INFO     | Pendulum.PendulumAPP:_processSerialData:121 - 🔄 数据来源: 串口接收 -> PendulumState.physical_length
2025-09-02 14:48:43.653 | INFO     | Pendulum.PendulumAPP:_processSerialData:120 - 📏 串口长度数据已更新: L45.091114 -> physical_length=45.091114
2025-09-02 14:48:43.653 | INFO     | Pendulum.PendulumAPP:_processSerialData:121 - 🔄 数据来源: 串口接收 -> PendulumState.physical_length
2025-09-02 14:48:43.699 | INFO     | Pendulum.PendulumAPP:_processSerialData:120 - 📏 串口长度数据已更新: L45.091114 -> physical_length=45.091114
2025-09-02 14:48:43.700 | INFO     | Pendulum.PendulumAPP:_processSerialData:121 - 🔄 数据来源: 串口接收 -> PendulumState.physical_length
2025-09-02 14:48:43.746 | INFO     | Pendulum.PendulumAPP:_processSerialData:120 - 📏 串口长度数据已更新: L45.091114 -> physical_length=45.091114
2025-09-02 14:48:43.747 | INFO     | Pendulum.PendulumAPP:_processSerialData:121 - 🔄 数据来源: 串口接收 -> PendulumState.physical_length
2025-09-02 14:48:43.793 | INFO     | Pendulum.PendulumAPP:_processSerialData:120 - 📏 串口长度数据已更新: L45.091114 -> physical_length=45.091114
2025-09-02 14:48:43.794 | INFO     | Pendulum.PendulumAPP:_processSerialData:121 - 🔄 数据来源: 串口接收 -> PendulumState.physical_length
2025-09-02 14:48:43.839 | INFO     | Pendulum.PendulumAPP:_processSerialData:120 - 📏 串口长度数据已更新: L45.091114 -> physical_length=45.091114
2025-09-02 14:48:43.842 | INFO     | Pendulum.PendulumAPP:_processSerialData:121 - 🔄 数据来源: 串口接收 -> PendulumState.physical_length
2025-09-02 14:48:43.884 | INFO     | Pendulum.PendulumAPP:_processSerialData:120 - 📏 串口长度数据已更新: L45.091114 -> physical_length=45.091114
2025-09-02 14:48:43.888 | INFO     | Pendulum.PendulumAPP:_processSerialData:121 - 🔄 数据来源: 串口接收 -> PendulumState.physical_length
2025-09-02 14:48:43.931 | INFO     | Pendulum.PendulumAPP:_processSerialData:120 - 📏 串口长度数据已更新: L45.091114 -> physical_length=45.091114
2025-09-02 14:48:43.933 | INFO     | Pendulum.PendulumAPP:_processSerialData:121 - 🔄 数据来源: 串口接收 -> PendulumState.physical_length
2025-09-02 14:48:43.977 | INFO     | Pendulum.PendulumAPP:_processSerialData:120 - 📏 串口长度数据已更新: L45.091114 -> physical_length=45.091114
2025-09-02 14:48:43.978 | INFO     | Pendulum.PendulumAPP:_processSerialData:121 - 🔄 数据来源: 串口接收 -> PendulumState.physical_length
2025-09-02 14:48:44.023 | INFO     | Pendulum.PendulumAPP:_processSerialData:120 - 📏 串口长度数据已更新: L45.091114 -> physical_length=45.091114
2025-09-02 14:48:44.024 | INFO     | Pendulum.PendulumAPP:_processSerialData:121 - 🔄 数据来源: 串口接收 -> PendulumState.physical_length
2025-09-02 14:48:44.070 | INFO     | Pendulum.PendulumAPP:_processSerialData:120 - 📏 串口长度数据已更新: L45.091114 -> physical_length=45.091114
2025-09-02 14:48:44.071 | INFO     | Pendulum.PendulumAPP:_processSerialData:121 - 🔄 数据来源: 串口接收 -> PendulumState.physical_length
2025-09-02 14:48:44.116 | INFO     | Pendulum.PendulumAPP:_processSerialData:120 - 📏 串口长度数据已更新: L45.091114 -> physical_length=45.091114
2025-09-02 14:48:44.117 | INFO     | Pendulum.PendulumAPP:_processSerialData:121 - 🔄 数据来源: 串口接收 -> PendulumState.physical_length
2025-09-02 14:48:44.162 | INFO     | Pendulum.PendulumAPP:_processSerialData:120 - 📏 串口长度数据已更新: L45.091114 -> physical_length=45.091114
2025-09-02 14:48:44.163 | INFO     | Pendulum.PendulumAPP:_processSerialData:121 - 🔄 数据来源: 串口接收 -> PendulumState.physical_length
2025-09-02 14:48:44.209 | INFO     | Pendulum.PendulumAPP:_processSerialData:120 - 📏 串口长度数据已更新: L45.091114 -> physical_length=45.091114
2025-09-02 14:48:44.211 | INFO     | Pendulum.PendulumAPP:_processSerialData:121 - 🔄 数据来源: 串口接收 -> PendulumState.physical_length
2025-09-02 14:48:44.255 | INFO     | Pendulum.PendulumAPP:_processSerialData:120 - 📏 串口长度数据已更新: L45.091114 -> physical_length=45.091114
2025-09-02 14:48:44.256 | INFO     | Pendulum.PendulumAPP:_processSerialData:121 - 🔄 数据来源: 串口接收 -> PendulumState.physical_length
2025-09-02 14:48:44.300 | INFO     | Pendulum.PendulumAPP:_processSerialData:120 - 📏 串口长度数据已更新: L45.091114 -> physical_length=45.091114
2025-09-02 14:48:44.303 | INFO     | Pendulum.PendulumAPP:_processSerialData:121 - 🔄 数据来源: 串口接收 -> PendulumState.physical_length
2025-09-02 14:48:44.349 | INFO     | Pendulum.PendulumAPP:_processSerialData:120 - 📏 串口长度数据已更新: L45.091114 -> physical_length=45.091114
2025-09-02 14:48:44.351 | INFO     | Pendulum.PendulumAPP:_processSerialData:121 - 🔄 数据来源: 串口接收 -> PendulumState.physical_length
2025-09-02 14:48:44.395 | INFO     | Pendulum.PendulumAPP:_processSerialData:120 - 📏 串口长度数据已更新: L45.091114 -> physical_length=45.091114
2025-09-02 14:48:44.399 | INFO     | Pendulum.PendulumAPP:_processSerialData:121 - 🔄 数据来源: 串口接收 -> PendulumState.physical_length
2025-09-02 14:48:44.441 | INFO     | Pendulum.PendulumAPP:_processSerialData:120 - 📏 串口长度数据已更新: L45.091114 -> physical_length=45.091114
2025-09-02 14:48:44.442 | INFO     | Pendulum.PendulumAPP:_processSerialData:121 - 🔄 数据来源: 串口接收 -> PendulumState.physical_length
2025-09-02 14:48:44.489 | INFO     | Pendulum.PendulumAPP:_processSerialData:120 - 📏 串口长度数据已更新: L45.091114 -> physical_length=45.091114
2025-09-02 14:48:44.490 | INFO     | Pendulum.PendulumAPP:_processSerialData:121 - 🔄 数据来源: 串口接收 -> PendulumState.physical_length
2025-09-02 14:48:44.535 | INFO     | Pendulum.PendulumAPP:_processSerialData:120 - 📏 串口长度数据已更新: L45.091114 -> physical_length=45.091114
2025-09-02 14:48:44.536 | INFO     | Pendulum.PendulumAPP:_processSerialData:121 - 🔄 数据来源: 串口接收 -> PendulumState.physical_length
2025-09-02 14:48:44.581 | INFO     | Pendulum.PendulumAPP:_processSerialData:120 - 📏 串口长度数据已更新: L45.091114 -> physical_length=45.091114
2025-09-02 14:48:44.581 | INFO     | Pendulum.PendulumAPP:_processSerialData:121 - 🔄 数据来源: 串口接收 -> PendulumState.physical_length
2025-09-02 14:48:44.628 | INFO     | Pendulum.PendulumAPP:_processSerialData:120 - 📏 串口长度数据已更新: L45.091114 -> physical_length=45.091114
2025-09-02 14:48:44.629 | INFO     | Pendulum.PendulumAPP:_processSerialData:121 - 🔄 数据来源: 串口接收 -> PendulumState.physical_length
2025-09-02 14:48:44.676 | INFO     | Pendulum.PendulumAPP:_processSerialData:120 - 📏 串口长度数据已更新: L45.091114 -> physical_length=45.091114
2025-09-02 14:48:44.677 | INFO     | Pendulum.PendulumAPP:_processSerialData:121 - 🔄 数据来源: 串口接收 -> PendulumState.physical_length
2025-09-02 14:48:44.722 | INFO     | Pendulum.PendulumAPP:_processSerialData:120 - 📏 串口长度数据已更新: L45.091114 -> physical_length=45.091114
2025-09-02 14:48:44.723 | INFO     | Pendulum.PendulumAPP:_processSerialData:121 - 🔄 数据来源: 串口接收 -> PendulumState.physical_length
2025-09-02 14:48:44.768 | INFO     | Pendulum.PendulumAPP:_processSerialData:120 - 📏 串口长度数据已更新: L45.091114 -> physical_length=45.091114
2025-09-02 14:48:44.769 | INFO     | Pendulum.PendulumAPP:_processSerialData:121 - 🔄 数据来源: 串口接收 -> PendulumState.physical_length
2025-09-02 14:48:44.815 | INFO     | Pendulum.PendulumAPP:_processSerialData:120 - 📏 串口长度数据已更新: L45.091114 -> physical_length=45.091114
2025-09-02 14:48:44.818 | INFO     | Pendulum.PendulumAPP:_processSerialData:121 - 🔄 数据来源: 串口接收 -> PendulumState.physical_length
2025-09-02 14:48:44.861 | INFO     | Pendulum.PendulumAPP:_processSerialData:120 - 📏 串口长度数据已更新: L45.091114 -> physical_length=45.091114
2025-09-02 14:48:44.862 | INFO     | Pendulum.PendulumAPP:_processSerialData:121 - 🔄 数据来源: 串口接收 -> PendulumState.physical_length
2025-09-02 14:48:44.908 | INFO     | Pendulum.PendulumAPP:_processSerialData:120 - 📏 串口长度数据已更新: L45.091114 -> physical_length=45.091114
2025-09-02 14:48:44.909 | INFO     | Pendulum.PendulumAPP:_processSerialData:121 - 🔄 数据来源: 串口接收 -> PendulumState.physical_length
2025-09-02 14:48:44.954 | INFO     | Pendulum.PendulumAPP:_processSerialData:120 - 📏 串口长度数据已更新: L45.091114 -> physical_length=45.091114
2025-09-02 14:48:44.956 | INFO     | Pendulum.PendulumAPP:_processSerialData:121 - 🔄 数据来源: 串口接收 -> PendulumState.physical_length
2025-09-02 14:48:45.001 | INFO     | Pendulum.PendulumAPP:_processSerialData:120 - 📏 串口长度数据已更新: L45.091114 -> physical_length=45.091114
2025-09-02 14:48:45.002 | INFO     | Pendulum.PendulumAPP:_processSerialData:121 - 🔄 数据来源: 串口接收 -> PendulumState.physical_length
2025-09-02 14:48:45.048 | INFO     | Pendulum.PendulumAPP:_processSerialData:120 - 📏 串口长度数据已更新: L45.091114 -> physical_length=45.091114
2025-09-02 14:48:45.049 | INFO     | Pendulum.PendulumAPP:_processSerialData:121 - 🔄 数据来源: 串口接收 -> PendulumState.physical_length
2025-09-02 14:48:45.095 | INFO     | Pendulum.PendulumAPP:_processSerialData:120 - 📏 串口长度数据已更新: L45.091114 -> physical_length=45.091114
2025-09-02 14:48:45.096 | INFO     | Pendulum.PendulumAPP:_processSerialData:121 - 🔄 数据来源: 串口接收 -> PendulumState.physical_length
2025-09-02 14:48:45.140 | INFO     | Pendulum.PendulumAPP:_processSerialData:120 - 📏 串口长度数据已更新: L45.091114 -> physical_length=45.091114
2025-09-02 14:48:45.141 | INFO     | Pendulum.PendulumAPP:_processSerialData:121 - 🔄 数据来源: 串口接收 -> PendulumState.physical_length
2025-09-02 14:48:45.187 | INFO     | Pendulum.PendulumAPP:_processSerialData:120 - 📏 串口长度数据已更新: L45.091114 -> physical_length=45.091114
2025-09-02 14:48:45.188 | INFO     | Pendulum.PendulumAPP:_processSerialData:121 - 🔄 数据来源: 串口接收 -> PendulumState.physical_length
2025-09-02 14:48:45.233 | INFO     | Pendulum.PendulumAPP:_processSerialData:120 - 📏 串口长度数据已更新: L45.091114 -> physical_length=45.091114
2025-09-02 14:48:45.235 | INFO     | Pendulum.PendulumAPP:_processSerialData:121 - 🔄 数据来源: 串口接收 -> PendulumState.physical_length
2025-09-02 14:48:45.280 | INFO     | Pendulum.PendulumAPP:_processSerialData:120 - 📏 串口长度数据已更新: L45.091114 -> physical_length=45.091114
2025-09-02 14:48:45.282 | INFO     | Pendulum.PendulumAPP:_processSerialData:121 - 🔄 数据来源: 串口接收 -> PendulumState.physical_length
2025-09-02 14:48:45.326 | INFO     | Pendulum.PendulumAPP:_processSerialData:120 - 📏 串口长度数据已更新: L45.091114 -> physical_length=45.091114
2025-09-02 14:48:45.327 | INFO     | Pendulum.PendulumAPP:_processSerialData:121 - 🔄 数据来源: 串口接收 -> PendulumState.physical_length
2025-09-02 14:48:45.373 | INFO     | Pendulum.PendulumAPP:_processSerialData:120 - 📏 串口长度数据已更新: L45.091114 -> physical_length=45.091114
2025-09-02 14:48:45.374 | INFO     | Pendulum.PendulumAPP:_processSerialData:121 - 🔄 数据来源: 串口接收 -> PendulumState.physical_length
2025-09-02 14:48:45.421 | INFO     | Pendulum.PendulumAPP:_processSerialData:120 - 📏 串口长度数据已更新: L45.091114 -> physical_length=45.091114
2025-09-02 14:48:45.423 | INFO     | Pendulum.PendulumAPP:_processSerialData:121 - 🔄 数据来源: 串口接收 -> PendulumState.physical_length
2025-09-02 14:48:45.467 | INFO     | Pendulum.PendulumAPP:_processSerialData:120 - 📏 串口长度数据已更新: L45.091114 -> physical_length=45.091114
2025-09-02 14:48:45.470 | INFO     | Pendulum.PendulumAPP:_processSerialData:121 - 🔄 数据来源: 串口接收 -> PendulumState.physical_length
2025-09-02 14:48:45.514 | INFO     | Pendulum.PendulumAPP:_processSerialData:120 - 📏 串口长度数据已更新: L45.091114 -> physical_length=45.091114
2025-09-02 14:48:45.515 | INFO     | Pendulum.PendulumAPP:_processSerialData:121 - 🔄 数据来源: 串口接收 -> PendulumState.physical_length
2025-09-02 14:48:45.559 | INFO     | Pendulum.PendulumAPP:_processSerialData:120 - 📏 串口长度数据已更新: L45.091114 -> physical_length=45.091114
2025-09-02 14:48:45.559 | INFO     | Pendulum.PendulumAPP:_processSerialData:121 - 🔄 数据来源: 串口接收 -> PendulumState.physical_length
2025-09-02 14:48:45.606 | INFO     | Pendulum.PendulumAPP:_processSerialData:120 - 📏 串口长度数据已更新: L45.091114 -> physical_length=45.091114
2025-09-02 14:48:45.607 | INFO     | Pendulum.PendulumAPP:_processSerialData:121 - 🔄 数据来源: 串口接收 -> PendulumState.physical_length
2025-09-02 14:48:45.651 | INFO     | Pendulum.PendulumAPP:_processSerialData:120 - 📏 串口长度数据已更新: L45.091114 -> physical_length=45.091114
2025-09-02 14:48:45.651 | INFO     | Pendulum.PendulumAPP:_processSerialData:121 - 🔄 数据来源: 串口接收 -> PendulumState.physical_length
2025-09-02 14:48:45.698 | INFO     | Pendulum.PendulumAPP:_processSerialData:120 - 📏 串口长度数据已更新: L45.091114 -> physical_length=45.091114
2025-09-02 14:48:45.699 | INFO     | Pendulum.PendulumAPP:_processSerialData:121 - 🔄 数据来源: 串口接收 -> PendulumState.physical_length
2025-09-02 14:48:45.745 | INFO     | Pendulum.PendulumAPP:_processSerialData:120 - 📏 串口长度数据已更新: L45.091114 -> physical_length=45.091114
2025-09-02 14:48:45.747 | INFO     | Pendulum.PendulumAPP:_processSerialData:121 - 🔄 数据来源: 串口接收 -> PendulumState.physical_length
2025-09-02 14:48:45.792 | INFO     | Pendulum.PendulumAPP:_processSerialData:120 - 📏 串口长度数据已更新: L45.091114 -> physical_length=45.091114
2025-09-02 14:48:45.793 | INFO     | Pendulum.PendulumAPP:_processSerialData:121 - 🔄 数据来源: 串口接收 -> PendulumState.physical_length
2025-09-02 14:48:45.839 | INFO     | Pendulum.PendulumAPP:_processSerialData:120 - 📏 串口长度数据已更新: L45.091114 -> physical_length=45.091114
2025-09-02 14:48:45.842 | INFO     | Pendulum.PendulumAPP:_processSerialData:121 - 🔄 数据来源: 串口接收 -> PendulumState.physical_length
2025-09-02 14:48:45.886 | INFO     | Pendulum.PendulumAPP:_processSerialData:120 - 📏 串口长度数据已更新: L45.091114 -> physical_length=45.091114
2025-09-02 14:48:45.888 | INFO     | Pendulum.PendulumAPP:_processSerialData:121 - 🔄 数据来源: 串口接收 -> PendulumState.physical_length
2025-09-02 14:48:45.933 | INFO     | Pendulum.PendulumAPP:_processSerialData:120 - 📏 串口长度数据已更新: L45.091114 -> physical_length=45.091114
2025-09-02 14:48:45.934 | INFO     | Pendulum.PendulumAPP:_processSerialData:121 - 🔄 数据来源: 串口接收 -> PendulumState.physical_length
2025-09-02 14:48:45.977 | INFO     | Pendulum.PendulumAPP:_processSerialData:120 - 📏 串口长度数据已更新: L45.091114 -> physical_length=45.091114
2025-09-02 14:48:45.978 | INFO     | Pendulum.PendulumAPP:_processSerialData:121 - 🔄 数据来源: 串口接收 -> PendulumState.physical_length
2025-09-02 14:48:46.023 | INFO     | Pendulum.PendulumAPP:_processSerialData:120 - 📏 串口长度数据已更新: L45.091114 -> physical_length=45.091114
2025-09-02 14:48:46.024 | INFO     | Pendulum.PendulumAPP:_processSerialData:121 - 🔄 数据来源: 串口接收 -> PendulumState.physical_length
2025-09-02 14:48:46.071 | INFO     | Pendulum.PendulumAPP:_processSerialData:120 - 📏 串口长度数据已更新: L45.091114 -> physical_length=45.091114
2025-09-02 14:48:46.072 | INFO     | Pendulum.PendulumAPP:_processSerialData:121 - 🔄 数据来源: 串口接收 -> PendulumState.physical_length
2025-09-02 14:48:46.117 | INFO     | Pendulum.PendulumAPP:_processSerialData:120 - 📏 串口长度数据已更新: L45.091114 -> physical_length=45.091114
2025-09-02 14:48:46.119 | INFO     | Pendulum.PendulumAPP:_processSerialData:121 - 🔄 数据来源: 串口接收 -> PendulumState.physical_length
2025-09-02 14:48:46.147 | INFO     | Pendulum.PendulumAPP:_processSerialData:120 - 📏 串口长度数据已更新: L45.091114 -> physical_length=45.091114
2025-09-02 14:48:46.149 | INFO     | Pendulum.PendulumAPP:_processSerialData:121 - 🔄 数据来源: 串口接收 -> PendulumState.physical_length
2025-09-02 14:48:46.194 | INFO     | Pendulum.PendulumAPP:_processSerialData:120 - 📏 串口长度数据已更新: L45.091114 -> physical_length=45.091114
2025-09-02 14:48:46.195 | INFO     | Pendulum.PendulumAPP:_processSerialData:121 - 🔄 数据来源: 串口接收 -> PendulumState.physical_length
2025-09-02 14:48:46.241 | INFO     | Pendulum.PendulumAPP:_processSerialData:120 - 📏 串口长度数据已更新: L45.091114 -> physical_length=45.091114
2025-09-02 14:48:46.241 | INFO     | Pendulum.PendulumAPP:_processSerialData:121 - 🔄 数据来源: 串口接收 -> PendulumState.physical_length
2025-09-02 14:48:46.288 | INFO     | Pendulum.PendulumAPP:_processSerialData:120 - 📏 串口长度数据已更新: L45.091114 -> physical_length=45.091114
2025-09-02 14:48:46.289 | INFO     | Pendulum.PendulumAPP:_processSerialData:121 - 🔄 数据来源: 串口接收 -> PendulumState.physical_length
2025-09-02 14:48:46.334 | INFO     | Pendulum.PendulumAPP:_processSerialData:120 - 📏 串口长度数据已更新: L45.091114 -> physical_length=45.091114
2025-09-02 14:48:46.337 | INFO     | Pendulum.PendulumAPP:_processSerialData:121 - 🔄 数据来源: 串口接收 -> PendulumState.physical_length
2025-09-02 14:48:46.380 | INFO     | Pendulum.PendulumAPP:_processSerialData:120 - 📏 串口长度数据已更新: L45.091114 -> physical_length=45.091114
2025-09-02 14:48:46.383 | INFO     | Pendulum.PendulumAPP:_processSerialData:121 - 🔄 数据来源: 串口接收 -> PendulumState.physical_length
2025-09-02 14:48:46.427 | INFO     | Pendulum.PendulumAPP:_processSerialData:120 - 📏 串口长度数据已更新: L45.091114 -> physical_length=45.091114
2025-09-02 14:48:46.430 | INFO     | Pendulum.PendulumAPP:_processSerialData:121 - 🔄 数据来源: 串口接收 -> PendulumState.physical_length
2025-09-02 14:48:46.474 | INFO     | Pendulum.PendulumAPP:_processSerialData:120 - 📏 串口长度数据已更新: L45.091114 -> physical_length=45.091114
2025-09-02 14:48:46.475 | INFO     | Pendulum.PendulumAPP:_processSerialData:121 - 🔄 数据来源: 串口接收 -> PendulumState.physical_length
2025-09-02 14:48:46.520 | INFO     | Pendulum.PendulumAPP:_processSerialData:120 - 📏 串口长度数据已更新: L45.091114 -> physical_length=45.091114
2025-09-02 14:48:46.520 | INFO     | Pendulum.PendulumAPP:_processSerialData:121 - 🔄 数据来源: 串口接收 -> PendulumState.physical_length
2025-09-02 14:48:46.567 | INFO     | Pendulum.PendulumAPP:_processSerialData:120 - 📏 串口长度数据已更新: L45.091114 -> physical_length=45.091114
2025-09-02 14:48:46.568 | INFO     | Pendulum.PendulumAPP:_processSerialData:121 - 🔄 数据来源: 串口接收 -> PendulumState.physical_length
2025-09-02 14:48:46.614 | INFO     | Pendulum.PendulumAPP:_processSerialData:120 - 📏 串口长度数据已更新: L45.091114 -> physical_length=45.091114
2025-09-02 14:48:46.615 | INFO     | Pendulum.PendulumAPP:_processSerialData:121 - 🔄 数据来源: 串口接收 -> PendulumState.physical_length
2025-09-02 14:48:46.661 | INFO     | Pendulum.PendulumAPP:_processSerialData:120 - 📏 串口长度数据已更新: L45.091114 -> physical_length=45.091114
2025-09-02 14:48:46.662 | INFO     | Pendulum.PendulumAPP:_processSerialData:121 - 🔄 数据来源: 串口接收 -> PendulumState.physical_length
2025-09-02 14:48:46.707 | INFO     | Pendulum.PendulumAPP:_processSerialData:120 - 📏 串口长度数据已更新: L45.091114 -> physical_length=45.091114
2025-09-02 14:48:46.708 | INFO     | Pendulum.PendulumAPP:_processSerialData:121 - 🔄 数据来源: 串口接收 -> PendulumState.physical_length
2025-09-02 14:48:46.753 | INFO     | Pendulum.PendulumAPP:_processSerialData:120 - 📏 串口长度数据已更新: L45.091114 -> physical_length=45.091114
2025-09-02 14:48:46.755 | INFO     | Pendulum.PendulumAPP:_processSerialData:121 - 🔄 数据来源: 串口接收 -> PendulumState.physical_length
2025-09-02 14:48:46.799 | INFO     | Pendulum.PendulumAPP:_processSerialData:120 - 📏 串口长度数据已更新: L45.091114 -> physical_length=45.091114
2025-09-02 14:48:46.799 | INFO     | Pendulum.PendulumAPP:_processSerialData:121 - 🔄 数据来源: 串口接收 -> PendulumState.physical_length
2025-09-02 14:48:46.845 | INFO     | Pendulum.PendulumAPP:_processSerialData:120 - 📏 串口长度数据已更新: L45.091114 -> physical_length=45.091114
2025-09-02 14:48:46.847 | INFO     | Pendulum.PendulumAPP:_processSerialData:121 - 🔄 数据来源: 串口接收 -> PendulumState.physical_length
2025-09-02 14:48:46.892 | INFO     | Pendulum.PendulumAPP:_processSerialData:120 - 📏 串口长度数据已更新: L45.091114 -> physical_length=45.091114
2025-09-02 14:48:46.896 | INFO     | Pendulum.PendulumAPP:_processSerialData:121 - 🔄 数据来源: 串口接收 -> PendulumState.physical_length
2025-09-02 14:48:46.938 | INFO     | Pendulum.PendulumAPP:_processSerialData:120 - 📏 串口长度数据已更新: L45.091114 -> physical_length=45.091114
2025-09-02 14:48:46.938 | INFO     | Pendulum.PendulumAPP:_processSerialData:121 - 🔄 数据来源: 串口接收 -> PendulumState.physical_length
2025-09-02 14:48:46.985 | INFO     | Pendulum.PendulumAPP:_processSerialData:120 - 📏 串口长度数据已更新: L45.091114 -> physical_length=45.091114
2025-09-02 14:48:46.986 | INFO     | Pendulum.PendulumAPP:_processSerialData:121 - 🔄 数据来源: 串口接收 -> PendulumState.physical_length
2025-09-02 14:48:47.031 | INFO     | Pendulum.PendulumAPP:_processSerialData:120 - 📏 串口长度数据已更新: L45.091114 -> physical_length=45.091114
2025-09-02 14:48:47.032 | INFO     | Pendulum.PendulumAPP:_processSerialData:121 - 🔄 数据来源: 串口接收 -> PendulumState.physical_length
2025-09-02 14:48:47.078 | INFO     | Pendulum.PendulumAPP:_processSerialData:120 - 📏 串口长度数据已更新: L45.091114 -> physical_length=45.091114
2025-09-02 14:48:47.079 | INFO     | Pendulum.PendulumAPP:_processSerialData:121 - 🔄 数据来源: 串口接收 -> PendulumState.physical_length
2025-09-02 14:48:47.122 | INFO     | Pendulum.PendulumAPP:_processSerialData:120 - 📏 串口长度数据已更新: L45.091114 -> physical_length=45.091114
2025-09-02 14:48:47.123 | INFO     | Pendulum.PendulumAPP:_processSerialData:121 - 🔄 数据来源: 串口接收 -> PendulumState.physical_length
2025-09-02 14:48:47.168 | INFO     | Pendulum.PendulumAPP:_processSerialData:120 - 📏 串口长度数据已更新: L45.091114 -> physical_length=45.091114
2025-09-02 14:48:47.168 | INFO     | Pendulum.PendulumAPP:_processSerialData:121 - 🔄 数据来源: 串口接收 -> PendulumState.physical_length
2025-09-02 14:48:47.214 | INFO     | Pendulum.PendulumAPP:_processSerialData:120 - 📏 串口长度数据已更新: L45.091114 -> physical_length=45.091114
2025-09-02 14:48:47.217 | INFO     | Pendulum.PendulumAPP:_processSerialData:121 - 🔄 数据来源: 串口接收 -> PendulumState.physical_length
2025-09-02 14:48:47.262 | INFO     | Pendulum.PendulumAPP:_processSerialData:120 - 📏 串口长度数据已更新: L45.091114 -> physical_length=45.091114
2025-09-02 14:48:47.264 | INFO     | Pendulum.PendulumAPP:_processSerialData:121 - 🔄 数据来源: 串口接收 -> PendulumState.physical_length
2025-09-02 14:48:47.305 | INFO     | Pendulum.PendulumAPP:_processSerialData:120 - 📏 串口长度数据已更新: L45.091114 -> physical_length=45.091114
2025-09-02 14:48:47.309 | INFO     | Pendulum.PendulumAPP:_processSerialData:121 - 🔄 数据来源: 串口接收 -> PendulumState.physical_length
2025-09-02 14:48:47.352 | INFO     | Pendulum.PendulumAPP:_processSerialData:120 - 📏 串口长度数据已更新: L45.091114 -> physical_length=45.091114
2025-09-02 14:48:47.353 | INFO     | Pendulum.PendulumAPP:_processSerialData:121 - 🔄 数据来源: 串口接收 -> PendulumState.physical_length
2025-09-02 14:48:47.399 | INFO     | Pendulum.PendulumAPP:_processSerialData:120 - 📏 串口长度数据已更新: L45.091114 -> physical_length=45.091114
2025-09-02 14:48:47.399 | INFO     | Pendulum.PendulumAPP:_processSerialData:121 - 🔄 数据来源: 串口接收 -> PendulumState.physical_length
2025-09-02 14:48:47.446 | INFO     | Pendulum.PendulumAPP:_processSerialData:120 - 📏 串口长度数据已更新: L45.091114 -> physical_length=45.091114
2025-09-02 14:48:47.447 | INFO     | Pendulum.PendulumAPP:_processSerialData:121 - 🔄 数据来源: 串口接收 -> PendulumState.physical_length
2025-09-02 14:48:47.493 | INFO     | Pendulum.PendulumAPP:_processSerialData:120 - 📏 串口长度数据已更新: L45.091114 -> physical_length=45.091114
2025-09-02 14:48:47.494 | INFO     | Pendulum.PendulumAPP:_processSerialData:121 - 🔄 数据来源: 串口接收 -> PendulumState.physical_length
2025-09-02 14:48:47.540 | INFO     | Pendulum.PendulumAPP:_processSerialData:120 - 📏 串口长度数据已更新: L45.091114 -> physical_length=45.091114
2025-09-02 14:48:47.541 | INFO     | Pendulum.PendulumAPP:_processSerialData:121 - 🔄 数据来源: 串口接收 -> PendulumState.physical_length
2025-09-02 14:48:47.587 | INFO     | Pendulum.PendulumAPP:_processSerialData:120 - 📏 串口长度数据已更新: L45.091114 -> physical_length=45.091114
2025-09-02 14:48:47.588 | INFO     | Pendulum.PendulumAPP:_processSerialData:121 - 🔄 数据来源: 串口接收 -> PendulumState.physical_length
2025-09-02 14:48:47.632 | INFO     | Pendulum.PendulumAPP:_processSerialData:120 - 📏 串口长度数据已更新: L45.091114 -> physical_length=45.091114
2025-09-02 14:48:47.634 | INFO     | Pendulum.PendulumAPP:_processSerialData:121 - 🔄 数据来源: 串口接收 -> PendulumState.physical_length
2025-09-02 14:48:47.680 | INFO     | Pendulum.PendulumAPP:_processSerialData:120 - 📏 串口长度数据已更新: L45.091114 -> physical_length=45.091114
2025-09-02 14:48:47.681 | INFO     | Pendulum.PendulumAPP:_processSerialData:121 - 🔄 数据来源: 串口接收 -> PendulumState.physical_length
2025-09-02 14:48:47.727 | INFO     | Pendulum.PendulumAPP:_processSerialData:120 - 📏 串口长度数据已更新: L45.091114 -> physical_length=45.091114
2025-09-02 14:48:47.728 | INFO     | Pendulum.PendulumAPP:_processSerialData:121 - 🔄 数据来源: 串口接收 -> PendulumState.physical_length
2025-09-02 14:48:47.773 | INFO     | Pendulum.PendulumAPP:_processSerialData:120 - 📏 串口长度数据已更新: L45.091114 -> physical_length=45.091114
2025-09-02 14:48:47.777 | INFO     | Pendulum.PendulumAPP:_processSerialData:121 - 🔄 数据来源: 串口接收 -> PendulumState.physical_length
2025-09-02 14:48:47.819 | INFO     | Pendulum.PendulumAPP:_processSerialData:120 - 📏 串口长度数据已更新: L45.091114 -> physical_length=45.091114
2025-09-02 14:48:47.821 | INFO     | Pendulum.PendulumAPP:_processSerialData:121 - 🔄 数据来源: 串口接收 -> PendulumState.physical_length
2025-09-02 14:48:47.865 | INFO     | Pendulum.PendulumAPP:_processSerialData:120 - 📏 串口长度数据已更新: L45.091114 -> physical_length=45.091114
2025-09-02 14:48:47.865 | INFO     | Pendulum.PendulumAPP:_processSerialData:121 - 🔄 数据来源: 串口接收 -> PendulumState.physical_length
2025-09-02 14:48:47.911 | INFO     | Pendulum.PendulumAPP:_processSerialData:120 - 📏 串口长度数据已更新: L45.091114 -> physical_length=45.091114
2025-09-02 14:48:47.913 | INFO     | Pendulum.PendulumAPP:_processSerialData:121 - 🔄 数据来源: 串口接收 -> PendulumState.physical_length
2025-09-02 14:48:47.958 | INFO     | Pendulum.PendulumAPP:_processSerialData:120 - 📏 串口长度数据已更新: L45.091114 -> physical_length=45.091114
2025-09-02 14:48:47.959 | INFO     | Pendulum.PendulumAPP:_processSerialData:121 - 🔄 数据来源: 串口接收 -> PendulumState.physical_length
2025-09-02 14:48:48.005 | INFO     | Pendulum.PendulumAPP:_processSerialData:120 - 📏 串口长度数据已更新: L45.091114 -> physical_length=45.091114
2025-09-02 14:48:48.005 | INFO     | Pendulum.PendulumAPP:_processSerialData:121 - 🔄 数据来源: 串口接收 -> PendulumState.physical_length
2025-09-02 14:48:48.049 | INFO     | Pendulum.PendulumAPP:_processSerialData:120 - 📏 串口长度数据已更新: L45.091114 -> physical_length=45.091114
2025-09-02 14:48:48.050 | INFO     | Pendulum.PendulumAPP:_processSerialData:121 - 🔄 数据来源: 串口接收 -> PendulumState.physical_length
2025-09-02 14:48:48.096 | INFO     | Pendulum.PendulumAPP:_processSerialData:120 - 📏 串口长度数据已更新: L45.091114 -> physical_length=45.091114
2025-09-02 14:48:48.098 | INFO     | Pendulum.PendulumAPP:_processSerialData:121 - 🔄 数据来源: 串口接收 -> PendulumState.physical_length
2025-09-02 14:48:48.142 | INFO     | Pendulum.PendulumAPP:_processSerialData:120 - 📏 串口长度数据已更新: L45.091114 -> physical_length=45.091114
2025-09-02 14:48:48.144 | INFO     | Pendulum.PendulumAPP:_processSerialData:121 - 🔄 数据来源: 串口接收 -> PendulumState.physical_length
2025-09-02 14:48:48.190 | INFO     | Pendulum.PendulumAPP:_processSerialData:120 - 📏 串口长度数据已更新: L45.091114 -> physical_length=45.091114
2025-09-02 14:48:48.190 | INFO     | Pendulum.PendulumAPP:_processSerialData:121 - 🔄 数据来源: 串口接收 -> PendulumState.physical_length
2025-09-02 14:48:48.237 | INFO     | Pendulum.PendulumAPP:_processSerialData:120 - 📏 串口长度数据已更新: L45.091114 -> physical_length=45.091114
2025-09-02 14:48:48.237 | INFO     | Pendulum.PendulumAPP:_processSerialData:121 - 🔄 数据来源: 串口接收 -> PendulumState.physical_length
2025-09-02 14:48:48.284 | INFO     | Pendulum.PendulumAPP:_processSerialData:120 - 📏 串口长度数据已更新: L45.091114 -> physical_length=45.091114
2025-09-02 14:48:48.288 | INFO     | Pendulum.PendulumAPP:_processSerialData:121 - 🔄 数据来源: 串口接收 -> PendulumState.physical_length
2025-09-02 14:48:48.332 | INFO     | Pendulum.PendulumAPP:_processSerialData:120 - 📏 串口长度数据已更新: L45.091114 -> physical_length=45.091114
2025-09-02 14:48:48.335 | INFO     | Pendulum.PendulumAPP:_processSerialData:121 - 🔄 数据来源: 串口接收 -> PendulumState.physical_length
2025-09-02 14:48:48.377 | INFO     | Pendulum.PendulumAPP:_processSerialData:120 - 📏 串口长度数据已更新: L45.091114 -> physical_length=45.091114
2025-09-02 14:48:48.379 | INFO     | Pendulum.PendulumAPP:_processSerialData:121 - 🔄 数据来源: 串口接收 -> PendulumState.physical_length
2025-09-02 14:48:48.424 | INFO     | Pendulum.PendulumAPP:_processSerialData:120 - 📏 串口长度数据已更新: L45.091114 -> physical_length=45.091114
2025-09-02 14:48:48.425 | INFO     | Pendulum.PendulumAPP:_processSerialData:121 - 🔄 数据来源: 串口接收 -> PendulumState.physical_length
2025-09-02 14:48:48.469 | INFO     | Pendulum.PendulumAPP:_processSerialData:120 - 📏 串口长度数据已更新: L45.091114 -> physical_length=45.091114
2025-09-02 14:48:48.470 | INFO     | Pendulum.PendulumAPP:_processSerialData:121 - 🔄 数据来源: 串口接收 -> PendulumState.physical_length
2025-09-02 14:48:48.515 | INFO     | Pendulum.PendulumAPP:_processSerialData:120 - 📏 串口长度数据已更新: L45.091114 -> physical_length=45.091114
2025-09-02 14:48:48.516 | INFO     | Pendulum.PendulumAPP:_processSerialData:121 - 🔄 数据来源: 串口接收 -> PendulumState.physical_length
2025-09-02 14:48:48.563 | INFO     | Pendulum.PendulumAPP:_processSerialData:120 - 📏 串口长度数据已更新: L45.091114 -> physical_length=45.091114
2025-09-02 14:48:48.566 | INFO     | Pendulum.PendulumAPP:_processSerialData:121 - 🔄 数据来源: 串口接收 -> PendulumState.physical_length
2025-09-02 14:48:48.609 | INFO     | Pendulum.PendulumAPP:_processSerialData:120 - 📏 串口长度数据已更新: L45.091114 -> physical_length=45.091114
2025-09-02 14:48:48.610 | INFO     | Pendulum.PendulumAPP:_processSerialData:121 - 🔄 数据来源: 串口接收 -> PendulumState.physical_length
2025-09-02 14:48:48.655 | INFO     | Pendulum.PendulumAPP:_processSerialData:120 - 📏 串口长度数据已更新: L45.091114 -> physical_length=45.091114
2025-09-02 14:48:48.656 | INFO     | Pendulum.PendulumAPP:_processSerialData:121 - 🔄 数据来源: 串口接收 -> PendulumState.physical_length
2025-09-02 14:48:48.701 | INFO     | Pendulum.PendulumAPP:_processSerialData:120 - 📏 串口长度数据已更新: L45.091114 -> physical_length=45.091114
2025-09-02 14:48:48.704 | INFO     | Pendulum.PendulumAPP:_processSerialData:121 - 🔄 数据来源: 串口接收 -> PendulumState.physical_length
2025-09-02 14:48:48.747 | INFO     | Pendulum.PendulumAPP:_processSerialData:120 - 📏 串口长度数据已更新: L45.091114 -> physical_length=45.091114
2025-09-02 14:48:48.751 | INFO     | Pendulum.PendulumAPP:_processSerialData:121 - 🔄 数据来源: 串口接收 -> PendulumState.physical_length
2025-09-02 14:48:48.796 | INFO     | Pendulum.PendulumAPP:_processSerialData:120 - 📏 串口长度数据已更新: L45.091114 -> physical_length=45.091114
2025-09-02 14:48:48.798 | INFO     | Pendulum.PendulumAPP:_processSerialData:121 - 🔄 数据来源: 串口接收 -> PendulumState.physical_length
2025-09-02 14:48:48.841 | INFO     | Pendulum.PendulumAPP:_processSerialData:120 - 📏 串口长度数据已更新: L45.091114 -> physical_length=45.091114
2025-09-02 14:48:48.843 | INFO     | Pendulum.PendulumAPP:_processSerialData:121 - 🔄 数据来源: 串口接收 -> PendulumState.physical_length
2025-09-02 14:48:48.887 | INFO     | Pendulum.PendulumAPP:_processSerialData:120 - 📏 串口长度数据已更新: L45.091114 -> physical_length=45.091114
2025-09-02 14:48:48.889 | INFO     | Pendulum.PendulumAPP:_processSerialData:121 - 🔄 数据来源: 串口接收 -> PendulumState.physical_length
2025-09-02 14:48:48.935 | INFO     | Pendulum.PendulumAPP:_processSerialData:120 - 📏 串口长度数据已更新: L45.091114 -> physical_length=45.091114
2025-09-02 14:48:48.936 | INFO     | Pendulum.PendulumAPP:_processSerialData:121 - 🔄 数据来源: 串口接收 -> PendulumState.physical_length
2025-09-02 14:48:48.981 | INFO     | Pendulum.PendulumAPP:_processSerialData:120 - 📏 串口长度数据已更新: L45.091114 -> physical_length=45.091114
2025-09-02 14:48:48.982 | INFO     | Pendulum.PendulumAPP:_processSerialData:121 - 🔄 数据来源: 串口接收 -> PendulumState.physical_length
2025-09-02 14:48:49.031 | INFO     | Pendulum.PendulumAPP:_processSerialData:120 - 📏 串口长度数据已更新: L45.091114 -> physical_length=45.091114
2025-09-02 14:48:49.033 | INFO     | Pendulum.PendulumAPP:_processSerialData:121 - 🔄 数据来源: 串口接收 -> PendulumState.physical_length
2025-09-02 14:48:49.075 | INFO     | Pendulum.PendulumAPP:_processSerialData:120 - 📏 串口长度数据已更新: L45.091114 -> physical_length=45.091114
2025-09-02 14:48:49.075 | INFO     | Pendulum.PendulumAPP:_processSerialData:121 - 🔄 数据来源: 串口接收 -> PendulumState.physical_length
2025-09-02 14:48:49.122 | INFO     | Pendulum.PendulumAPP:_processSerialData:120 - 📏 串口长度数据已更新: L45.091114 -> physical_length=45.091114
2025-09-02 14:48:49.123 | INFO     | Pendulum.PendulumAPP:_processSerialData:121 - 🔄 数据来源: 串口接收 -> PendulumState.physical_length
2025-09-02 14:48:49.168 | INFO     | Pendulum.PendulumAPP:_processSerialData:120 - 📏 串口长度数据已更新: L45.091114 -> physical_length=45.091114
2025-09-02 14:48:49.169 | INFO     | Pendulum.PendulumAPP:_processSerialData:121 - 🔄 数据来源: 串口接收 -> PendulumState.physical_length
2025-09-02 14:48:49.206 | INFO     | Pendulum.PendulumAPP:_keyEventWeb:274 - u0
2025-09-02 14:48:49.207 | INFO     | Pendulum.SerialConncet:send:199 - sendu0
2025-09-02 14:48:49.208 | INFO     | Pendulum.SerialConncet:send:201 - [发送] u0
2025-09-02 14:48:49.215 | INFO     | Pendulum.PendulumAPP:_processSerialData:120 - 📏 串口长度数据已更新: L45.091114 -> physical_length=45.091114
2025-09-02 14:48:49.216 | INFO     | Pendulum.PendulumAPP:_processSerialData:121 - 🔄 数据来源: 串口接收 -> PendulumState.physical_length
2025-09-02 14:48:49.261 | INFO     | Pendulum.PendulumAPP:_processSerialData:120 - 📏 串口长度数据已更新: L45.091114 -> physical_length=45.091114
2025-09-02 14:48:49.263 | INFO     | Pendulum.PendulumAPP:_processSerialData:121 - 🔄 数据来源: 串口接收 -> PendulumState.physical_length
2025-09-02 14:48:49.307 | INFO     | Pendulum.PendulumAPP:_processSerialData:120 - 📏 串口长度数据已更新: L45.091114 -> physical_length=45.091114
2025-09-02 14:48:49.311 | INFO     | Pendulum.PendulumAPP:_processSerialData:121 - 🔄 数据来源: 串口接收 -> PendulumState.physical_length
2025-09-02 14:48:49.353 | INFO     | Pendulum.PendulumAPP:_processSerialData:120 - 📏 串口长度数据已更新: L45.091114 -> physical_length=45.091114
2025-09-02 14:48:49.354 | INFO     | Pendulum.PendulumAPP:_processSerialData:121 - 🔄 数据来源: 串口接收 -> PendulumState.physical_length
2025-09-02 14:48:49.401 | INFO     | Pendulum.PendulumAPP:_processSerialData:120 - 📏 串口长度数据已更新: L45.091114 -> physical_length=45.091114
2025-09-02 14:48:49.401 | INFO     | Pendulum.PendulumAPP:_processSerialData:121 - 🔄 数据来源: 串口接收 -> PendulumState.physical_length
2025-09-02 14:48:49.446 | INFO     | Pendulum.PendulumAPP:_processSerialData:120 - 📏 串口长度数据已更新: L45.091114 -> physical_length=45.091114
2025-09-02 14:48:49.447 | INFO     | Pendulum.PendulumAPP:_processSerialData:121 - 🔄 数据来源: 串口接收 -> PendulumState.physical_length
2025-09-02 14:48:49.492 | INFO     | Pendulum.PendulumAPP:_processSerialData:120 - 📏 串口长度数据已更新: L45.091114 -> physical_length=45.091114
2025-09-02 14:48:49.493 | INFO     | Pendulum.PendulumAPP:_processSerialData:121 - 🔄 数据来源: 串口接收 -> PendulumState.physical_length
2025-09-02 14:48:49.538 | INFO     | Pendulum.PendulumAPP:_processSerialData:120 - 📏 串口长度数据已更新: L45.091114 -> physical_length=45.091114
2025-09-02 14:48:49.538 | INFO     | Pendulum.PendulumAPP:_processSerialData:121 - 🔄 数据来源: 串口接收 -> PendulumState.physical_length
2025-09-02 14:48:49.586 | INFO     | Pendulum.PendulumAPP:_processSerialData:120 - 📏 串口长度数据已更新: L45.091114 -> physical_length=45.091114
2025-09-02 14:48:49.588 | INFO     | Pendulum.PendulumAPP:_processSerialData:121 - 🔄 数据来源: 串口接收 -> PendulumState.physical_length
2025-09-02 14:48:49.632 | INFO     | Pendulum.PendulumAPP:_processSerialData:120 - 📏 串口长度数据已更新: L45.091114 -> physical_length=45.091114
2025-09-02 14:48:49.633 | INFO     | Pendulum.PendulumAPP:_processSerialData:121 - 🔄 数据来源: 串口接收 -> PendulumState.physical_length
2025-09-02 14:48:49.680 | INFO     | Pendulum.PendulumAPP:_processSerialData:120 - 📏 串口长度数据已更新: L45.091114 -> physical_length=45.091114
2025-09-02 14:48:49.683 | INFO     | Pendulum.PendulumAPP:_processSerialData:121 - 🔄 数据来源: 串口接收 -> PendulumState.physical_length
2025-09-02 14:48:49.725 | INFO     | Pendulum.PendulumAPP:_processSerialData:120 - 📏 串口长度数据已更新: L45.091114 -> physical_length=45.091114
2025-09-02 14:48:49.726 | INFO     | Pendulum.PendulumAPP:_processSerialData:121 - 🔄 数据来源: 串口接收 -> PendulumState.physical_length
2025-09-02 14:48:49.771 | INFO     | Pendulum.PendulumAPP:_processSerialData:120 - 📏 串口长度数据已更新: L45.091114 -> physical_length=45.091114
2025-09-02 14:48:49.775 | INFO     | Pendulum.PendulumAPP:_processSerialData:121 - 🔄 数据来源: 串口接收 -> PendulumState.physical_length
2025-09-02 14:48:49.817 | INFO     | Pendulum.PendulumAPP:_processSerialData:120 - 📏 串口长度数据已更新: L45.091114 -> physical_length=45.091114
2025-09-02 14:48:49.818 | INFO     | Pendulum.PendulumAPP:_processSerialData:121 - 🔄 数据来源: 串口接收 -> PendulumState.physical_length
2025-09-02 14:48:49.864 | INFO     | Pendulum.PendulumAPP:_processSerialData:120 - 📏 串口长度数据已更新: L45.091114 -> physical_length=45.091114
2025-09-02 14:48:49.865 | INFO     | Pendulum.PendulumAPP:_processSerialData:121 - 🔄 数据来源: 串口接收 -> PendulumState.physical_length
2025-09-02 14:48:49.911 | INFO     | Pendulum.PendulumAPP:_processSerialData:120 - 📏 串口长度数据已更新: L45.091114 -> physical_length=45.091114
2025-09-02 14:48:49.913 | INFO     | Pendulum.PendulumAPP:_processSerialData:121 - 🔄 数据来源: 串口接收 -> PendulumState.physical_length
2025-09-02 14:48:49.957 | INFO     | Pendulum.PendulumAPP:_processSerialData:120 - 📏 串口长度数据已更新: L45.091114 -> physical_length=45.091114
2025-09-02 14:48:49.958 | INFO     | Pendulum.PendulumAPP:_processSerialData:121 - 🔄 数据来源: 串口接收 -> PendulumState.physical_length
2025-09-02 14:48:50.003 | INFO     | Pendulum.PendulumAPP:_processSerialData:120 - 📏 串口长度数据已更新: L45.091114 -> physical_length=45.091114
2025-09-02 14:48:50.004 | INFO     | Pendulum.PendulumAPP:_processSerialData:121 - 🔄 数据来源: 串口接收 -> PendulumState.physical_length
2025-09-02 14:48:50.052 | INFO     | Pendulum.PendulumAPP:_processSerialData:120 - 📏 串口长度数据已更新: L45.091114 -> physical_length=45.091114
2025-09-02 14:48:50.053 | INFO     | Pendulum.PendulumAPP:_processSerialData:121 - 🔄 数据来源: 串口接收 -> PendulumState.physical_length
2025-09-02 14:48:50.098 | INFO     | Pendulum.PendulumAPP:_processSerialData:120 - 📏 串口长度数据已更新: L45.091114 -> physical_length=45.091114
2025-09-02 14:48:50.099 | INFO     | Pendulum.PendulumAPP:_processSerialData:121 - 🔄 数据来源: 串口接收 -> PendulumState.physical_length
2025-09-02 14:48:50.144 | INFO     | Pendulum.PendulumAPP:_processSerialData:120 - 📏 串口长度数据已更新: L45.091114 -> physical_length=45.091114
2025-09-02 14:48:50.145 | INFO     | Pendulum.PendulumAPP:_processSerialData:121 - 🔄 数据来源: 串口接收 -> PendulumState.physical_length
2025-09-02 14:48:50.190 | INFO     | Pendulum.PendulumAPP:_processSerialData:120 - 📏 串口长度数据已更新: L45.091114 -> physical_length=45.091114
2025-09-02 14:48:50.192 | INFO     | Pendulum.PendulumAPP:_processSerialData:121 - 🔄 数据来源: 串口接收 -> PendulumState.physical_length
2025-09-02 14:48:50.236 | INFO     | Pendulum.PendulumAPP:_processSerialData:120 - 📏 串口长度数据已更新: L45.091114 -> physical_length=45.091114
2025-09-02 14:48:50.238 | INFO     | Pendulum.PendulumAPP:_processSerialData:121 - 🔄 数据来源: 串口接收 -> PendulumState.physical_length
2025-09-02 14:48:50.282 | INFO     | Pendulum.PendulumAPP:_processSerialData:120 - 📏 串口长度数据已更新: L45.091114 -> physical_length=45.091114
2025-09-02 14:48:50.283 | INFO     | Pendulum.PendulumAPP:_processSerialData:121 - 🔄 数据来源: 串口接收 -> PendulumState.physical_length
2025-09-02 14:48:50.328 | INFO     | Pendulum.PendulumAPP:_processSerialData:120 - 📏 串口长度数据已更新: L45.091114 -> physical_length=45.091114
2025-09-02 14:48:50.329 | INFO     | Pendulum.PendulumAPP:_processSerialData:121 - 🔄 数据来源: 串口接收 -> PendulumState.physical_length
2025-09-02 14:48:50.374 | INFO     | Pendulum.PendulumAPP:_processSerialData:120 - 📏 串口长度数据已更新: L45.091114 -> physical_length=45.091114
2025-09-02 14:48:50.375 | INFO     | Pendulum.PendulumAPP:_processSerialData:121 - 🔄 数据来源: 串口接收 -> PendulumState.physical_length
2025-09-02 14:48:50.421 | INFO     | Pendulum.PendulumAPP:_processSerialData:120 - 📏 串口长度数据已更新: L45.091114 -> physical_length=45.091114
2025-09-02 14:48:50.423 | INFO     | Pendulum.PendulumAPP:_processSerialData:121 - 🔄 数据来源: 串口接收 -> PendulumState.physical_length
2025-09-02 14:48:50.467 | INFO     | Pendulum.PendulumAPP:_processSerialData:120 - 📏 串口长度数据已更新: L45.091114 -> physical_length=45.091114
2025-09-02 14:48:50.468 | INFO     | Pendulum.PendulumAPP:_processSerialData:121 - 🔄 数据来源: 串口接收 -> PendulumState.physical_length
2025-09-02 14:48:50.513 | INFO     | Pendulum.PendulumAPP:_processSerialData:120 - 📏 串口长度数据已更新: L45.091114 -> physical_length=45.091114
2025-09-02 14:48:50.514 | INFO     | Pendulum.PendulumAPP:_processSerialData:121 - 🔄 数据来源: 串口接收 -> PendulumState.physical_length
2025-09-02 14:48:50.559 | INFO     | Pendulum.PendulumAPP:_processSerialData:120 - 📏 串口长度数据已更新: L45.091114 -> physical_length=45.091114
2025-09-02 14:48:50.562 | INFO     | Pendulum.PendulumAPP:_processSerialData:121 - 🔄 数据来源: 串口接收 -> PendulumState.physical_length
2025-09-02 14:48:50.604 | INFO     | Pendulum.PendulumAPP:_processSerialData:120 - 📏 串口长度数据已更新: L45.091114 -> physical_length=45.091114
2025-09-02 14:48:50.607 | INFO     | Pendulum.PendulumAPP:_processSerialData:121 - 🔄 数据来源: 串口接收 -> PendulumState.physical_length
2025-09-02 14:48:50.650 | INFO     | Pendulum.PendulumAPP:_processSerialData:120 - 📏 串口长度数据已更新: L45.091114 -> physical_length=45.091114
2025-09-02 14:48:50.652 | INFO     | Pendulum.PendulumAPP:_processSerialData:121 - 🔄 数据来源: 串口接收 -> PendulumState.physical_length
2025-09-02 14:48:50.697 | INFO     | Pendulum.PendulumAPP:_processSerialData:120 - 📏 串口长度数据已更新: L45.091114 -> physical_length=45.091114
2025-09-02 14:48:50.697 | INFO     | Pendulum.PendulumAPP:_processSerialData:121 - 🔄 数据来源: 串口接收 -> PendulumState.physical_length
2025-09-02 14:48:50.744 | INFO     | Pendulum.PendulumAPP:_processSerialData:120 - 📏 串口长度数据已更新: L45.091114 -> physical_length=45.091114
2025-09-02 14:48:50.745 | INFO     | Pendulum.PendulumAPP:_processSerialData:121 - 🔄 数据来源: 串口接收 -> PendulumState.physical_length
2025-09-02 14:48:50.791 | INFO     | Pendulum.PendulumAPP:_processSerialData:120 - 📏 串口长度数据已更新: L45.091114 -> physical_length=45.091114
2025-09-02 14:48:50.792 | INFO     | Pendulum.PendulumAPP:_processSerialData:121 - 🔄 数据来源: 串口接收 -> PendulumState.physical_length
2025-09-02 14:48:50.828 | INFO     | Pendulum.PendulumAPP:_keyEventWeb:289 - d1
2025-09-02 14:48:50.829 | INFO     | Pendulum.SerialConncet:send:199 - sendd1
2025-09-02 14:48:50.831 | INFO     | Pendulum.SerialConncet:send:201 - [发送] d1
2025-09-02 14:48:50.838 | INFO     | Pendulum.PendulumAPP:_processSerialData:120 - 📏 串口长度数据已更新: L45.091114 -> physical_length=45.091114
2025-09-02 14:48:50.839 | INFO     | Pendulum.PendulumAPP:_processSerialData:121 - 🔄 数据来源: 串口接收 -> PendulumState.physical_length
2025-09-02 14:48:50.882 | INFO     | Pendulum.PendulumAPP:_processSerialData:120 - 📏 串口长度数据已更新: L45.091114 -> physical_length=45.091114
2025-09-02 14:48:50.883 | INFO     | Pendulum.PendulumAPP:_processSerialData:121 - 🔄 数据来源: 串口接收 -> PendulumState.physical_length
2025-09-02 14:48:50.929 | INFO     | Pendulum.PendulumAPP:_processSerialData:120 - 📏 串口长度数据已更新: L45.091114 -> physical_length=45.091114
2025-09-02 14:48:50.929 | INFO     | Pendulum.PendulumAPP:_processSerialData:121 - 🔄 数据来源: 串口接收 -> PendulumState.physical_length
2025-09-02 14:48:50.975 | INFO     | Pendulum.PendulumAPP:_processSerialData:120 - 📏 串口长度数据已更新: L45.091114 -> physical_length=45.091114
2025-09-02 14:48:50.978 | INFO     | Pendulum.PendulumAPP:_processSerialData:121 - 🔄 数据来源: 串口接收 -> PendulumState.physical_length
2025-09-02 14:48:51.020 | INFO     | Pendulum.PendulumAPP:_processSerialData:120 - 📏 串口长度数据已更新: L45.091114 -> physical_length=45.091114
2025-09-02 14:48:51.021 | INFO     | Pendulum.PendulumAPP:_processSerialData:121 - 🔄 数据来源: 串口接收 -> PendulumState.physical_length
2025-09-02 14:48:51.066 | INFO     | Pendulum.PendulumAPP:_processSerialData:120 - 📏 串口长度数据已更新: L45.091114 -> physical_length=45.091114
2025-09-02 14:48:51.067 | INFO     | Pendulum.PendulumAPP:_processSerialData:121 - 🔄 数据来源: 串口接收 -> PendulumState.physical_length
2025-09-02 14:48:51.113 | INFO     | Pendulum.PendulumAPP:_processSerialData:120 - 📏 串口长度数据已更新: L45.091114 -> physical_length=45.091114
2025-09-02 14:48:51.113 | INFO     | Pendulum.PendulumAPP:_processSerialData:121 - 🔄 数据来源: 串口接收 -> PendulumState.physical_length
2025-09-02 14:48:51.160 | INFO     | Pendulum.PendulumAPP:_processSerialData:120 - 📏 串口长度数据已更新: L45.091114 -> physical_length=45.091114
2025-09-02 14:48:51.161 | INFO     | Pendulum.PendulumAPP:_processSerialData:121 - 🔄 数据来源: 串口接收 -> PendulumState.physical_length
2025-09-02 14:48:51.205 | INFO     | Pendulum.PendulumAPP:_processSerialData:120 - 📏 串口长度数据已更新: L45.091114 -> physical_length=45.091114
2025-09-02 14:48:51.206 | INFO     | Pendulum.PendulumAPP:_processSerialData:121 - 🔄 数据来源: 串口接收 -> PendulumState.physical_length
2025-09-02 14:48:51.252 | INFO     | Pendulum.PendulumAPP:_processSerialData:120 - 📏 串口长度数据已更新: L45.091114 -> physical_length=45.091114
2025-09-02 14:48:51.253 | INFO     | Pendulum.PendulumAPP:_processSerialData:121 - 🔄 数据来源: 串口接收 -> PendulumState.physical_length
2025-09-02 14:48:51.299 | INFO     | Pendulum.PendulumAPP:_processSerialData:120 - 📏 串口长度数据已更新: L45.091114 -> physical_length=45.091114
2025-09-02 14:48:51.300 | INFO     | Pendulum.PendulumAPP:_processSerialData:121 - 🔄 数据来源: 串口接收 -> PendulumState.physical_length
2025-09-02 14:48:51.346 | INFO     | Pendulum.PendulumAPP:_processSerialData:120 - 📏 串口长度数据已更新: L45.091114 -> physical_length=45.091114
2025-09-02 14:48:51.348 | INFO     | Pendulum.PendulumAPP:_processSerialData:121 - 🔄 数据来源: 串口接收 -> PendulumState.physical_length
2025-09-02 14:48:51.394 | INFO     | Pendulum.PendulumAPP:_processSerialData:120 - 📏 串口长度数据已更新: L45.091114 -> physical_length=45.091114
2025-09-02 14:48:51.396 | INFO     | Pendulum.PendulumAPP:_processSerialData:121 - 🔄 数据来源: 串口接收 -> PendulumState.physical_length
2025-09-02 14:48:51.440 | INFO     | Pendulum.PendulumAPP:_processSerialData:120 - 📏 串口长度数据已更新: L45.091114 -> physical_length=45.091114
2025-09-02 14:48:51.441 | INFO     | Pendulum.PendulumAPP:_processSerialData:121 - 🔄 数据来源: 串口接收 -> PendulumState.physical_length
2025-09-02 14:48:51.486 | INFO     | Pendulum.PendulumAPP:_processSerialData:120 - 📏 串口长度数据已更新: L45.091114 -> physical_length=45.091114
2025-09-02 14:48:51.487 | INFO     | Pendulum.PendulumAPP:_processSerialData:121 - 🔄 数据来源: 串口接收 -> PendulumState.physical_length
2025-09-02 14:48:51.534 | INFO     | Pendulum.PendulumAPP:_processSerialData:120 - 📏 串口长度数据已更新: L45.091114 -> physical_length=45.091114
2025-09-02 14:48:51.536 | INFO     | Pendulum.PendulumAPP:_processSerialData:121 - 🔄 数据来源: 串口接收 -> PendulumState.physical_length
2025-09-02 14:48:51.581 | INFO     | Pendulum.PendulumAPP:_processSerialData:120 - 📏 串口长度数据已更新: L45.091114 -> physical_length=45.091114
2025-09-02 14:48:51.582 | INFO     | Pendulum.PendulumAPP:_processSerialData:121 - 🔄 数据来源: 串口接收 -> PendulumState.physical_length
2025-09-02 14:48:51.627 | INFO     | Pendulum.PendulumAPP:_processSerialData:120 - 📏 串口长度数据已更新: L45.091114 -> physical_length=45.091114
2025-09-02 14:48:51.629 | INFO     | Pendulum.PendulumAPP:_processSerialData:121 - 🔄 数据来源: 串口接收 -> PendulumState.physical_length
2025-09-02 14:48:51.674 | INFO     | Pendulum.PendulumAPP:_processSerialData:120 - 📏 串口长度数据已更新: L45.091114 -> physical_length=45.091114
2025-09-02 14:48:51.675 | INFO     | Pendulum.PendulumAPP:_processSerialData:121 - 🔄 数据来源: 串口接收 -> PendulumState.physical_length
2025-09-02 14:48:51.720 | INFO     | Pendulum.PendulumAPP:_processSerialData:120 - 📏 串口长度数据已更新: L45.091114 -> physical_length=45.091114
2025-09-02 14:48:51.721 | INFO     | Pendulum.PendulumAPP:_processSerialData:121 - 🔄 数据来源: 串口接收 -> PendulumState.physical_length
2025-09-02 14:48:51.766 | INFO     | Pendulum.PendulumAPP:_processSerialData:120 - 📏 串口长度数据已更新: L45.091114 -> physical_length=45.091114
2025-09-02 14:48:51.767 | INFO     | Pendulum.PendulumAPP:_processSerialData:121 - 🔄 数据来源: 串口接收 -> PendulumState.physical_length
2025-09-02 14:48:51.813 | INFO     | Pendulum.PendulumAPP:_processSerialData:120 - 📏 串口长度数据已更新: L45.091114 -> physical_length=45.091114
2025-09-02 14:48:51.814 | INFO     | Pendulum.PendulumAPP:_processSerialData:121 - 🔄 数据来源: 串口接收 -> PendulumState.physical_length
2025-09-02 14:48:51.859 | INFO     | Pendulum.PendulumAPP:_processSerialData:120 - 📏 串口长度数据已更新: L45.091114 -> physical_length=45.091114
2025-09-02 14:48:51.861 | INFO     | Pendulum.PendulumAPP:_processSerialData:121 - 🔄 数据来源: 串口接收 -> PendulumState.physical_length
2025-09-02 14:48:51.905 | INFO     | Pendulum.PendulumAPP:_processSerialData:120 - 📏 串口长度数据已更新: L45.091114 -> physical_length=45.091114
2025-09-02 14:48:51.905 | INFO     | Pendulum.PendulumAPP:_processSerialData:121 - 🔄 数据来源: 串口接收 -> PendulumState.physical_length
2025-09-02 14:48:51.952 | INFO     | Pendulum.PendulumAPP:_processSerialData:120 - 📏 串口长度数据已更新: L45.091114 -> physical_length=45.091114
2025-09-02 14:48:51.953 | INFO     | Pendulum.PendulumAPP:_processSerialData:121 - 🔄 数据来源: 串口接收 -> PendulumState.physical_length
2025-09-02 14:48:51.998 | INFO     | Pendulum.PendulumAPP:_processSerialData:120 - 📏 串口长度数据已更新: L45.091114 -> physical_length=45.091114
2025-09-02 14:48:51.999 | INFO     | Pendulum.PendulumAPP:_processSerialData:121 - 🔄 数据来源: 串口接收 -> PendulumState.physical_length
2025-09-02 14:48:52.045 | INFO     | Pendulum.PendulumAPP:_processSerialData:120 - 📏 串口长度数据已更新: L45.091114 -> physical_length=45.091114
2025-09-02 14:48:52.046 | INFO     | Pendulum.PendulumAPP:_processSerialData:121 - 🔄 数据来源: 串口接收 -> PendulumState.physical_length
2025-09-02 14:48:52.092 | INFO     | Pendulum.PendulumAPP:_processSerialData:120 - 📏 串口长度数据已更新: L45.091114 -> physical_length=45.091114
2025-09-02 14:48:52.095 | INFO     | Pendulum.PendulumAPP:_processSerialData:121 - 🔄 数据来源: 串口接收 -> PendulumState.physical_length
2025-09-02 14:48:52.138 | INFO     | Pendulum.PendulumAPP:_processSerialData:120 - 📏 串口长度数据已更新: L45.091114 -> physical_length=45.091114
2025-09-02 14:48:52.140 | INFO     | Pendulum.PendulumAPP:_processSerialData:121 - 🔄 数据来源: 串口接收 -> PendulumState.physical_length
2025-09-02 14:48:52.170 | INFO     | Pendulum.PendulumAPP:_processSerialData:120 - 📏 串口长度数据已更新: L45.091114 -> physical_length=45.091114
2025-09-02 14:48:52.172 | INFO     | Pendulum.PendulumAPP:_processSerialData:121 - 🔄 数据来源: 串口接收 -> PendulumState.physical_length
2025-09-02 14:48:52.202 | INFO     | Pendulum.PendulumAPP:_keyEventWeb:289 - d1
2025-09-02 14:48:52.204 | INFO     | Pendulum.SerialConncet:send:199 - sendd1
2025-09-02 14:48:52.209 | INFO     | Pendulum.SerialConncet:send:201 - [发送] d1
2025-09-02 14:48:52.217 | INFO     | Pendulum.PendulumAPP:_processSerialData:120 - 📏 串口长度数据已更新: L45.091114 -> physical_length=45.091114
2025-09-02 14:48:52.219 | INFO     | Pendulum.PendulumAPP:_processSerialData:121 - 🔄 数据来源: 串口接收 -> PendulumState.physical_length
2025-09-02 14:48:52.263 | INFO     | Pendulum.PendulumAPP:_processSerialData:120 - 📏 串口长度数据已更新: L45.091114 -> physical_length=45.091114
2025-09-02 14:48:52.264 | INFO     | Pendulum.PendulumAPP:_processSerialData:121 - 🔄 数据来源: 串口接收 -> PendulumState.physical_length
2025-09-02 14:48:52.309 | INFO     | Pendulum.PendulumAPP:_processSerialData:120 - 📏 串口长度数据已更新: L45.091114 -> physical_length=45.091114
2025-09-02 14:48:52.310 | INFO     | Pendulum.PendulumAPP:_processSerialData:121 - 🔄 数据来源: 串口接收 -> PendulumState.physical_length
2025-09-02 14:48:52.355 | INFO     | Pendulum.PendulumAPP:_processSerialData:120 - 📏 串口长度数据已更新: L45.091114 -> physical_length=45.091114
2025-09-02 14:48:52.356 | INFO     | Pendulum.PendulumAPP:_processSerialData:121 - 🔄 数据来源: 串口接收 -> PendulumState.physical_length
2025-09-02 14:48:52.400 | INFO     | Pendulum.PendulumAPP:_processSerialData:120 - 📏 串口长度数据已更新: L45.091114 -> physical_length=45.091114
2025-09-02 14:48:52.402 | INFO     | Pendulum.PendulumAPP:_processSerialData:121 - 🔄 数据来源: 串口接收 -> PendulumState.physical_length
2025-09-02 14:48:52.448 | INFO     | Pendulum.PendulumAPP:_processSerialData:120 - 📏 串口长度数据已更新: L45.091114 -> physical_length=45.091114
2025-09-02 14:48:52.449 | INFO     | Pendulum.PendulumAPP:_processSerialData:121 - 🔄 数据来源: 串口接收 -> PendulumState.physical_length
2025-09-02 14:48:52.494 | INFO     | Pendulum.PendulumAPP:_processSerialData:120 - 📏 串口长度数据已更新: L45.091114 -> physical_length=45.091114
2025-09-02 14:48:52.495 | INFO     | Pendulum.PendulumAPP:_processSerialData:121 - 🔄 数据来源: 串口接收 -> PendulumState.physical_length
2025-09-02 14:48:52.542 | INFO     | Pendulum.PendulumAPP:_processSerialData:120 - 📏 串口长度数据已更新: L45.091114 -> physical_length=45.091114
2025-09-02 14:48:52.543 | INFO     | Pendulum.PendulumAPP:_processSerialData:121 - 🔄 数据来源: 串口接收 -> PendulumState.physical_length
2025-09-02 14:48:52.586 | INFO     | Pendulum.PendulumAPP:_processSerialData:120 - 📏 串口长度数据已更新: L45.091114 -> physical_length=45.091114
2025-09-02 14:48:52.587 | INFO     | Pendulum.PendulumAPP:_processSerialData:121 - 🔄 数据来源: 串口接收 -> PendulumState.physical_length
2025-09-02 14:48:52.634 | INFO     | Pendulum.PendulumAPP:_processSerialData:120 - 📏 串口长度数据已更新: L45.091114 -> physical_length=45.091114
2025-09-02 14:48:52.636 | INFO     | Pendulum.PendulumAPP:_processSerialData:121 - 🔄 数据来源: 串口接收 -> PendulumState.physical_length
2025-09-02 14:48:52.681 | INFO     | Pendulum.PendulumAPP:_processSerialData:120 - 📏 串口长度数据已更新: L45.091114 -> physical_length=45.091114
2025-09-02 14:48:52.681 | INFO     | Pendulum.PendulumAPP:_processSerialData:121 - 🔄 数据来源: 串口接收 -> PendulumState.physical_length
2025-09-02 14:48:52.744 | INFO     | Pendulum.PendulumAPP:_processSerialData:120 - 📏 串口长度数据已更新: L45.091114 -> physical_length=45.091114
2025-09-02 14:48:52.745 | INFO     | Pendulum.PendulumAPP:_processSerialData:121 - 🔄 数据来源: 串口接收 -> PendulumState.physical_length
2025-09-02 14:48:52.790 | INFO     | Pendulum.PendulumAPP:_processSerialData:120 - 📏 串口长度数据已更新: L45.091114 -> physical_length=45.091114
2025-09-02 14:48:52.792 | INFO     | Pendulum.PendulumAPP:_processSerialData:121 - 🔄 数据来源: 串口接收 -> PendulumState.physical_length
2025-09-02 14:48:52.832 | INFO     | Pendulum.PendulumAPP:_keyEventWeb:268 - u2
2025-09-02 14:48:52.833 | INFO     | Pendulum.SerialConncet:send:199 - sendu2
2025-09-02 14:48:52.835 | INFO     | Pendulum.SerialConncet:send:201 - [发送] u2
2025-09-02 14:48:52.850 | INFO     | Pendulum.PendulumAPP:_processSerialData:120 - 📏 串口长度数据已更新: L45.091114 -> physical_length=45.091114
2025-09-02 14:48:52.851 | INFO     | Pendulum.PendulumAPP:_processSerialData:121 - 🔄 数据来源: 串口接收 -> PendulumState.physical_length
2025-09-02 14:48:52.898 | INFO     | Pendulum.PendulumAPP:_processSerialData:120 - 📏 串口长度数据已更新: L45.091114 -> physical_length=45.091114
2025-09-02 14:48:52.898 | INFO     | Pendulum.PendulumAPP:_processSerialData:121 - 🔄 数据来源: 串口接收 -> PendulumState.physical_length
2025-09-02 14:48:52.945 | INFO     | Pendulum.PendulumAPP:_processSerialData:120 - 📏 串口长度数据已更新: L45.091114 -> physical_length=45.091114
2025-09-02 14:48:52.945 | INFO     | Pendulum.PendulumAPP:_processSerialData:121 - 🔄 数据来源: 串口接收 -> PendulumState.physical_length
2025-09-02 14:48:52.991 | INFO     | Pendulum.PendulumAPP:_processSerialData:120 - 📏 串口长度数据已更新: L45.091114 -> physical_length=45.091114
2025-09-02 14:48:52.992 | INFO     | Pendulum.PendulumAPP:_processSerialData:121 - 🔄 数据来源: 串口接收 -> PendulumState.physical_length
2025-09-02 14:48:53.039 | INFO     | Pendulum.PendulumAPP:_processSerialData:120 - 📏 串口长度数据已更新: L45.091114 -> physical_length=45.091114
2025-09-02 14:48:53.040 | INFO     | Pendulum.PendulumAPP:_processSerialData:121 - 🔄 数据来源: 串口接收 -> PendulumState.physical_length
2025-09-02 14:48:53.081 | INFO     | Pendulum.PendulumAPP:_processSerialData:120 - 📏 串口长度数据已更新: L45.091114 -> physical_length=45.091114
2025-09-02 14:48:53.081 | INFO     | Pendulum.PendulumAPP:_processSerialData:121 - 🔄 数据来源: 串口接收 -> PendulumState.physical_length
2025-09-02 14:48:53.128 | INFO     | Pendulum.PendulumAPP:_processSerialData:120 - 📏 串口长度数据已更新: L45.091114 -> physical_length=45.091114
2025-09-02 14:48:53.129 | INFO     | Pendulum.PendulumAPP:_processSerialData:121 - 🔄 数据来源: 串口接收 -> PendulumState.physical_length
2025-09-02 14:48:53.176 | INFO     | Pendulum.PendulumAPP:_processSerialData:120 - 📏 串口长度数据已更新: L45.091114 -> physical_length=45.091114
2025-09-02 14:48:53.177 | INFO     | Pendulum.PendulumAPP:_processSerialData:121 - 🔄 数据来源: 串口接收 -> PendulumState.physical_length
2025-09-02 14:48:53.224 | INFO     | Pendulum.PendulumAPP:_processSerialData:120 - 📏 串口长度数据已更新: L45.091114 -> physical_length=45.091114
2025-09-02 14:48:53.225 | INFO     | Pendulum.PendulumAPP:_processSerialData:121 - 🔄 数据来源: 串口接收 -> PendulumState.physical_length
2025-09-02 14:48:53.270 | INFO     | Pendulum.PendulumAPP:_processSerialData:120 - 📏 串口长度数据已更新: L45.091114 -> physical_length=45.091114
2025-09-02 14:48:53.271 | INFO     | Pendulum.PendulumAPP:_processSerialData:121 - 🔄 数据来源: 串口接收 -> PendulumState.physical_length
2025-09-02 14:48:53.316 | INFO     | Pendulum.PendulumAPP:_processSerialData:120 - 📏 串口长度数据已更新: L45.091114 -> physical_length=45.091114
2025-09-02 14:48:53.316 | INFO     | Pendulum.PendulumAPP:_processSerialData:121 - 🔄 数据来源: 串口接收 -> PendulumState.physical_length
2025-09-02 14:48:53.378 | INFO     | Pendulum.PendulumAPP:_processSerialData:120 - 📏 串口长度数据已更新: L45.091114 -> physical_length=45.091114
2025-09-02 14:48:53.379 | INFO     | Pendulum.PendulumAPP:_processSerialData:121 - 🔄 数据来源: 串口接收 -> PendulumState.physical_length
2025-09-02 14:48:53.425 | INFO     | Pendulum.PendulumAPP:_processSerialData:120 - 📏 串口长度数据已更新: L45.091114 -> physical_length=45.091114
2025-09-02 14:48:53.427 | INFO     | Pendulum.PendulumAPP:_processSerialData:121 - 🔄 数据来源: 串口接收 -> PendulumState.physical_length
2025-09-02 14:48:53.473 | INFO     | Pendulum.PendulumAPP:_processSerialData:120 - 📏 串口长度数据已更新: L45.091114 -> physical_length=45.091114
2025-09-02 14:48:53.476 | INFO     | Pendulum.PendulumAPP:_processSerialData:121 - 🔄 数据来源: 串口接收 -> PendulumState.physical_length
2025-09-02 14:48:53.519 | INFO     | Pendulum.PendulumAPP:_processSerialData:120 - 📏 串口长度数据已更新: L45.091114 -> physical_length=45.091114
2025-09-02 14:48:53.521 | INFO     | Pendulum.PendulumAPP:_processSerialData:121 - 🔄 数据来源: 串口接收 -> PendulumState.physical_length
2025-09-02 14:48:53.566 | INFO     | Pendulum.PendulumAPP:_processSerialData:120 - 📏 串口长度数据已更新: L45.091114 -> physical_length=45.091114
2025-09-02 14:48:53.568 | INFO     | Pendulum.PendulumAPP:_processSerialData:121 - 🔄 数据来源: 串口接收 -> PendulumState.physical_length
2025-09-02 14:48:53.612 | INFO     | Pendulum.PendulumAPP:_processSerialData:120 - 📏 串口长度数据已更新: L45.091114 -> physical_length=45.091114
2025-09-02 14:48:53.613 | INFO     | Pendulum.PendulumAPP:_processSerialData:121 - 🔄 数据来源: 串口接收 -> PendulumState.physical_length
2025-09-02 14:48:53.660 | INFO     | Pendulum.PendulumAPP:_processSerialData:120 - 📏 串口长度数据已更新: L45.091114 -> physical_length=45.091114
2025-09-02 14:48:53.661 | INFO     | Pendulum.PendulumAPP:_processSerialData:121 - 🔄 数据来源: 串口接收 -> PendulumState.physical_length
2025-09-02 14:48:53.705 | INFO     | Pendulum.PendulumAPP:_processSerialData:120 - 📏 串口长度数据已更新: L45.091114 -> physical_length=45.091114
2025-09-02 14:48:53.706 | INFO     | Pendulum.PendulumAPP:_processSerialData:121 - 🔄 数据来源: 串口接收 -> PendulumState.physical_length
2025-09-02 14:48:53.752 | INFO     | Pendulum.PendulumAPP:_processSerialData:120 - 📏 串口长度数据已更新: L45.091114 -> physical_length=45.091114
2025-09-02 14:48:53.752 | INFO     | Pendulum.PendulumAPP:_processSerialData:121 - 🔄 数据来源: 串口接收 -> PendulumState.physical_length
2025-09-02 14:48:53.798 | INFO     | Pendulum.PendulumAPP:_processSerialData:120 - 📏 串口长度数据已更新: L45.091114 -> physical_length=45.091114
2025-09-02 14:48:53.799 | INFO     | Pendulum.PendulumAPP:_processSerialData:121 - 🔄 数据来源: 串口接收 -> PendulumState.physical_length
2025-09-02 14:48:53.845 | INFO     | Pendulum.PendulumAPP:_processSerialData:120 - 📏 串口长度数据已更新: L45.091114 -> physical_length=45.091114
2025-09-02 14:48:53.846 | INFO     | Pendulum.PendulumAPP:_processSerialData:121 - 🔄 数据来源: 串口接收 -> PendulumState.physical_length
2025-09-02 14:48:53.891 | INFO     | Pendulum.PendulumAPP:_processSerialData:120 - 📏 串口长度数据已更新: L45.091114 -> physical_length=45.091114
2025-09-02 14:48:53.892 | INFO     | Pendulum.PendulumAPP:_processSerialData:121 - 🔄 数据来源: 串口接收 -> PendulumState.physical_length
2025-09-02 14:48:53.936 | INFO     | Pendulum.PendulumAPP:_processSerialData:120 - 📏 串口长度数据已更新: L45.091114 -> physical_length=45.091114
2025-09-02 14:48:53.938 | INFO     | Pendulum.PendulumAPP:_processSerialData:121 - 🔄 数据来源: 串口接收 -> PendulumState.physical_length
2025-09-02 14:48:53.983 | INFO     | Pendulum.PendulumAPP:_processSerialData:120 - 📏 串口长度数据已更新: L45.091114 -> physical_length=45.091114
2025-09-02 14:48:53.984 | INFO     | Pendulum.PendulumAPP:_processSerialData:121 - 🔄 数据来源: 串口接收 -> PendulumState.physical_length
2025-09-02 14:48:54.029 | INFO     | Pendulum.PendulumAPP:_processSerialData:120 - 📏 串口长度数据已更新: L45.091114 -> physical_length=45.091114
2025-09-02 14:48:54.030 | INFO     | Pendulum.PendulumAPP:_processSerialData:121 - 🔄 数据来源: 串口接收 -> PendulumState.physical_length
2025-09-02 14:48:54.076 | INFO     | Pendulum.PendulumAPP:_processSerialData:120 - 📏 串口长度数据已更新: L45.091114 -> physical_length=45.091114
2025-09-02 14:48:54.077 | INFO     | Pendulum.PendulumAPP:_processSerialData:121 - 🔄 数据来源: 串口接收 -> PendulumState.physical_length
2025-09-02 14:48:54.124 | INFO     | Pendulum.PendulumAPP:_processSerialData:120 - 📏 串口长度数据已更新: L45.091114 -> physical_length=45.091114
2025-09-02 14:48:54.128 | INFO     | Pendulum.PendulumAPP:_processSerialData:121 - 🔄 数据来源: 串口接收 -> PendulumState.physical_length
2025-09-02 14:48:54.170 | INFO     | Pendulum.PendulumAPP:_processSerialData:120 - 📏 串口长度数据已更新: L45.091114 -> physical_length=45.091114
2025-09-02 14:48:54.171 | INFO     | Pendulum.PendulumAPP:_processSerialData:121 - 🔄 数据来源: 串口接收 -> PendulumState.physical_length
2025-09-02 14:48:54.218 | INFO     | Pendulum.PendulumAPP:_processSerialData:120 - 📏 串口长度数据已更新: L45.091114 -> physical_length=45.091114
2025-09-02 14:48:54.218 | INFO     | Pendulum.PendulumAPP:_processSerialData:121 - 🔄 数据来源: 串口接收 -> PendulumState.physical_length
2025-09-02 14:48:54.264 | INFO     | Pendulum.PendulumAPP:_processSerialData:120 - 📏 串口长度数据已更新: L45.091114 -> physical_length=45.091114
2025-09-02 14:48:54.265 | INFO     | Pendulum.PendulumAPP:_processSerialData:121 - 🔄 数据来源: 串口接收 -> PendulumState.physical_length
2025-09-02 14:48:54.311 | INFO     | Pendulum.PendulumAPP:_processSerialData:120 - 📏 串口长度数据已更新: L45.091114 -> physical_length=45.091114
2025-09-02 14:48:54.311 | INFO     | Pendulum.PendulumAPP:_processSerialData:121 - 🔄 数据来源: 串口接收 -> PendulumState.physical_length
2025-09-02 14:48:54.356 | INFO     | Pendulum.PendulumAPP:_processSerialData:120 - 📏 串口长度数据已更新: L45.091114 -> physical_length=45.091114
2025-09-02 14:48:54.357 | INFO     | Pendulum.PendulumAPP:_processSerialData:121 - 🔄 数据来源: 串口接收 -> PendulumState.physical_length
2025-09-02 14:48:54.403 | INFO     | Pendulum.PendulumAPP:_processSerialData:120 - 📏 串口长度数据已更新: L45.091114 -> physical_length=45.091114
2025-09-02 14:48:54.404 | INFO     | Pendulum.PendulumAPP:_processSerialData:121 - 🔄 数据来源: 串口接收 -> PendulumState.physical_length
2025-09-02 14:48:54.450 | INFO     | Pendulum.PendulumAPP:_processSerialData:120 - 📏 串口长度数据已更新: L45.091114 -> physical_length=45.091114
2025-09-02 14:48:54.450 | INFO     | Pendulum.PendulumAPP:_processSerialData:121 - 🔄 数据来源: 串口接收 -> PendulumState.physical_length
2025-09-02 14:48:54.497 | INFO     | Pendulum.PendulumAPP:_processSerialData:120 - 📏 串口长度数据已更新: L45.091114 -> physical_length=45.091114
2025-09-02 14:48:54.498 | INFO     | Pendulum.PendulumAPP:_processSerialData:121 - 🔄 数据来源: 串口接收 -> PendulumState.physical_length
2025-09-02 14:48:54.544 | INFO     | Pendulum.PendulumAPP:_processSerialData:120 - 📏 串口长度数据已更新: L45.091114 -> physical_length=45.091114
2025-09-02 14:48:54.547 | INFO     | Pendulum.PendulumAPP:_processSerialData:121 - 🔄 数据来源: 串口接收 -> PendulumState.physical_length
2025-09-02 14:48:54.591 | INFO     | Pendulum.PendulumAPP:_processSerialData:120 - 📏 串口长度数据已更新: L45.091114 -> physical_length=45.091114
2025-09-02 14:48:54.592 | INFO     | Pendulum.PendulumAPP:_processSerialData:121 - 🔄 数据来源: 串口接收 -> PendulumState.physical_length
2025-09-02 14:48:54.638 | INFO     | Pendulum.PendulumAPP:_processSerialData:120 - 📏 串口长度数据已更新: L45.091114 -> physical_length=45.091114
2025-09-02 14:48:54.639 | INFO     | Pendulum.PendulumAPP:_processSerialData:121 - 🔄 数据来源: 串口接收 -> PendulumState.physical_length
2025-09-02 14:48:54.685 | INFO     | Pendulum.PendulumAPP:_processSerialData:120 - 📏 串口长度数据已更新: L45.091114 -> physical_length=45.091114
2025-09-02 14:48:54.685 | INFO     | Pendulum.PendulumAPP:_processSerialData:121 - 🔄 数据来源: 串口接收 -> PendulumState.physical_length
2025-09-02 14:48:54.732 | INFO     | Pendulum.PendulumAPP:_processSerialData:120 - 📏 串口长度数据已更新: L45.091114 -> physical_length=45.091114
2025-09-02 14:48:54.734 | INFO     | Pendulum.PendulumAPP:_processSerialData:121 - 🔄 数据来源: 串口接收 -> PendulumState.physical_length
2025-09-02 14:48:54.779 | INFO     | Pendulum.PendulumAPP:_processSerialData:120 - 📏 串口长度数据已更新: L45.091114 -> physical_length=45.091114
2025-09-02 14:48:54.782 | INFO     | Pendulum.PendulumAPP:_processSerialData:121 - 🔄 数据来源: 串口接收 -> PendulumState.physical_length
2025-09-02 14:48:54.825 | INFO     | Pendulum.PendulumAPP:_processSerialData:120 - 📏 串口长度数据已更新: L45.091114 -> physical_length=45.091114
2025-09-02 14:48:54.826 | INFO     | Pendulum.PendulumAPP:_processSerialData:121 - 🔄 数据来源: 串口接收 -> PendulumState.physical_length
2025-09-02 14:48:54.871 | INFO     | Pendulum.PendulumAPP:_processSerialData:120 - 📏 串口长度数据已更新: L45.091114 -> physical_length=45.091114
2025-09-02 14:48:54.873 | INFO     | Pendulum.PendulumAPP:_processSerialData:121 - 🔄 数据来源: 串口接收 -> PendulumState.physical_length
2025-09-02 14:48:54.917 | INFO     | Pendulum.PendulumAPP:_processSerialData:120 - 📏 串口长度数据已更新: L45.091114 -> physical_length=45.091114
2025-09-02 14:48:54.918 | INFO     | Pendulum.PendulumAPP:_processSerialData:121 - 🔄 数据来源: 串口接收 -> PendulumState.physical_length
2025-09-02 14:48:54.963 | INFO     | Pendulum.PendulumAPP:_processSerialData:120 - 📏 串口长度数据已更新: L45.091114 -> physical_length=45.091114
2025-09-02 14:48:54.964 | INFO     | Pendulum.PendulumAPP:_processSerialData:121 - 🔄 数据来源: 串口接收 -> PendulumState.physical_length
2025-09-02 14:48:55.008 | INFO     | Pendulum.PendulumAPP:_processSerialData:120 - 📏 串口长度数据已更新: L45.091114 -> physical_length=45.091114
2025-09-02 14:48:55.009 | INFO     | Pendulum.PendulumAPP:_processSerialData:121 - 🔄 数据来源: 串口接收 -> PendulumState.physical_length
2025-09-02 14:48:55.055 | INFO     | Pendulum.PendulumAPP:_processSerialData:120 - 📏 串口长度数据已更新: L45.091114 -> physical_length=45.091114
2025-09-02 14:48:55.056 | INFO     | Pendulum.PendulumAPP:_processSerialData:121 - 🔄 数据来源: 串口接收 -> PendulumState.physical_length
2025-09-02 14:48:55.102 | INFO     | Pendulum.PendulumAPP:_processSerialData:120 - 📏 串口长度数据已更新: L45.091114 -> physical_length=45.091114
2025-09-02 14:48:55.105 | INFO     | Pendulum.PendulumAPP:_processSerialData:121 - 🔄 数据来源: 串口接收 -> PendulumState.physical_length
2025-09-02 14:48:55.148 | INFO     | Pendulum.PendulumAPP:_processSerialData:120 - 📏 串口长度数据已更新: L45.091114 -> physical_length=45.091114
2025-09-02 14:48:55.151 | INFO     | Pendulum.PendulumAPP:_processSerialData:121 - 🔄 数据来源: 串口接收 -> PendulumState.physical_length
2025-09-02 14:48:55.194 | INFO     | Pendulum.PendulumAPP:_processSerialData:120 - 📏 串口长度数据已更新: L45.091114 -> physical_length=45.091114
2025-09-02 14:48:55.196 | INFO     | Pendulum.PendulumAPP:_processSerialData:121 - 🔄 数据来源: 串口接收 -> PendulumState.physical_length
2025-09-02 14:48:55.239 | INFO     | Pendulum.PendulumAPP:_processSerialData:120 - 📏 串口长度数据已更新: L45.091114 -> physical_length=45.091114
2025-09-02 14:48:55.239 | INFO     | Pendulum.PendulumAPP:_processSerialData:121 - 🔄 数据来源: 串口接收 -> PendulumState.physical_length
2025-09-02 14:48:55.285 | INFO     | Pendulum.PendulumAPP:_processSerialData:120 - 📏 串口长度数据已更新: L45.091114 -> physical_length=45.091114
2025-09-02 14:48:55.286 | INFO     | Pendulum.PendulumAPP:_processSerialData:121 - 🔄 数据来源: 串口接收 -> PendulumState.physical_length
2025-09-02 14:48:55.332 | INFO     | Pendulum.PendulumAPP:_processSerialData:120 - 📏 串口长度数据已更新: L45.091114 -> physical_length=45.091114
2025-09-02 14:48:55.333 | INFO     | Pendulum.PendulumAPP:_processSerialData:121 - 🔄 数据来源: 串口接收 -> PendulumState.physical_length
2025-09-02 14:48:55.378 | INFO     | Pendulum.PendulumAPP:_processSerialData:120 - 📏 串口长度数据已更新: L45.091114 -> physical_length=45.091114
2025-09-02 14:48:55.379 | INFO     | Pendulum.PendulumAPP:_processSerialData:121 - 🔄 数据来源: 串口接收 -> PendulumState.physical_length
2025-09-02 14:48:55.426 | INFO     | Pendulum.PendulumAPP:_processSerialData:120 - 📏 串口长度数据已更新: L45.091114 -> physical_length=45.091114
2025-09-02 14:48:55.427 | INFO     | Pendulum.PendulumAPP:_processSerialData:121 - 🔄 数据来源: 串口接收 -> PendulumState.physical_length
2025-09-02 14:48:55.472 | INFO     | Pendulum.PendulumAPP:_processSerialData:120 - 📏 串口长度数据已更新: L45.091114 -> physical_length=45.091114
2025-09-02 14:48:55.475 | INFO     | Pendulum.PendulumAPP:_processSerialData:121 - 🔄 数据来源: 串口接收 -> PendulumState.physical_length
2025-09-02 14:48:55.518 | INFO     | Pendulum.PendulumAPP:_processSerialData:120 - 📏 串口长度数据已更新: L45.091114 -> physical_length=45.091114
2025-09-02 14:48:55.520 | INFO     | Pendulum.PendulumAPP:_processSerialData:121 - 🔄 数据来源: 串口接收 -> PendulumState.physical_length
2025-09-02 14:48:55.564 | INFO     | Pendulum.PendulumAPP:_processSerialData:120 - 📏 串口长度数据已更新: L45.091114 -> physical_length=45.091114
2025-09-02 14:48:55.565 | INFO     | Pendulum.PendulumAPP:_processSerialData:121 - 🔄 数据来源: 串口接收 -> PendulumState.physical_length
2025-09-02 14:48:55.610 | INFO     | Pendulum.PendulumAPP:_processSerialData:120 - 📏 串口长度数据已更新: L45.091114 -> physical_length=45.091114
2025-09-02 14:48:55.612 | INFO     | Pendulum.PendulumAPP:_processSerialData:121 - 🔄 数据来源: 串口接收 -> PendulumState.physical_length
2025-09-02 14:48:55.657 | INFO     | Pendulum.PendulumAPP:_processSerialData:120 - 📏 串口长度数据已更新: L45.091114 -> physical_length=45.091114
2025-09-02 14:48:55.657 | INFO     | Pendulum.PendulumAPP:_processSerialData:121 - 🔄 数据来源: 串口接收 -> PendulumState.physical_length
2025-09-02 14:48:55.703 | INFO     | Pendulum.PendulumAPP:_processSerialData:120 - 📏 串口长度数据已更新: L45.091114 -> physical_length=45.091114
2025-09-02 14:48:55.704 | INFO     | Pendulum.PendulumAPP:_processSerialData:121 - 🔄 数据来源: 串口接收 -> PendulumState.physical_length
2025-09-02 14:48:55.749 | INFO     | Pendulum.PendulumAPP:_processSerialData:120 - 📏 串口长度数据已更新: L45.091114 -> physical_length=45.091114
2025-09-02 14:48:55.750 | INFO     | Pendulum.PendulumAPP:_processSerialData:121 - 🔄 数据来源: 串口接收 -> PendulumState.physical_length
2025-09-02 14:48:55.795 | INFO     | Pendulum.PendulumAPP:_processSerialData:120 - 📏 串口长度数据已更新: L45.091114 -> physical_length=45.091114
2025-09-02 14:48:55.796 | INFO     | Pendulum.PendulumAPP:_processSerialData:121 - 🔄 数据来源: 串口接收 -> PendulumState.physical_length
2025-09-02 14:48:55.842 | INFO     | Pendulum.PendulumAPP:_processSerialData:120 - 📏 串口长度数据已更新: L45.091114 -> physical_length=45.091114
2025-09-02 14:48:55.843 | INFO     | Pendulum.PendulumAPP:_processSerialData:121 - 🔄 数据来源: 串口接收 -> PendulumState.physical_length
2025-09-02 14:48:55.890 | INFO     | Pendulum.PendulumAPP:_processSerialData:120 - 📏 串口长度数据已更新: L45.091114 -> physical_length=45.091114
2025-09-02 14:48:55.891 | INFO     | Pendulum.PendulumAPP:_processSerialData:121 - 🔄 数据来源: 串口接收 -> PendulumState.physical_length
2025-09-02 14:48:55.936 | INFO     | Pendulum.PendulumAPP:_processSerialData:120 - 📏 串口长度数据已更新: L45.091114 -> physical_length=45.091114
2025-09-02 14:48:55.939 | INFO     | Pendulum.PendulumAPP:_processSerialData:121 - 🔄 数据来源: 串口接收 -> PendulumState.physical_length
2025-09-02 14:48:55.981 | INFO     | Pendulum.PendulumAPP:_processSerialData:120 - 📏 串口长度数据已更新: L45.091114 -> physical_length=45.091114
2025-09-02 14:48:55.983 | INFO     | Pendulum.PendulumAPP:_processSerialData:121 - 🔄 数据来源: 串口接收 -> PendulumState.physical_length
2025-09-02 14:48:56.029 | INFO     | Pendulum.PendulumAPP:_processSerialData:120 - 📏 串口长度数据已更新: L45.091114 -> physical_length=45.091114
2025-09-02 14:48:56.031 | INFO     | Pendulum.PendulumAPP:_processSerialData:121 - 🔄 数据来源: 串口接收 -> PendulumState.physical_length
2025-09-02 14:48:56.074 | INFO     | Pendulum.PendulumAPP:_processSerialData:120 - 📏 串口长度数据已更新: L45.091114 -> physical_length=45.091114
2025-09-02 14:48:56.075 | INFO     | Pendulum.PendulumAPP:_processSerialData:121 - 🔄 数据来源: 串口接收 -> PendulumState.physical_length
2025-09-02 14:48:56.121 | INFO     | Pendulum.PendulumAPP:_processSerialData:120 - 📏 串口长度数据已更新: L45.091114 -> physical_length=45.091114
2025-09-02 14:48:56.122 | INFO     | Pendulum.PendulumAPP:_processSerialData:121 - 🔄 数据来源: 串口接收 -> PendulumState.physical_length
2025-09-02 14:48:56.166 | INFO     | Pendulum.PendulumAPP:_processSerialData:120 - 📏 串口长度数据已更新: L45.091114 -> physical_length=45.091114
2025-09-02 14:48:56.167 | INFO     | Pendulum.PendulumAPP:_processSerialData:121 - 🔄 数据来源: 串口接收 -> PendulumState.physical_length
2025-09-02 14:48:56.212 | INFO     | Pendulum.PendulumAPP:_processSerialData:120 - 📏 串口长度数据已更新: L45.091114 -> physical_length=45.091114
2025-09-02 14:48:56.214 | INFO     | Pendulum.PendulumAPP:_processSerialData:121 - 🔄 数据来源: 串口接收 -> PendulumState.physical_length
2025-09-02 14:48:56.260 | INFO     | Pendulum.PendulumAPP:_processSerialData:120 - 📏 串口长度数据已更新: L45.091114 -> physical_length=45.091114
2025-09-02 14:48:56.260 | INFO     | Pendulum.PendulumAPP:_processSerialData:121 - 🔄 数据来源: 串口接收 -> PendulumState.physical_length
2025-09-02 14:48:56.306 | INFO     | Pendulum.PendulumAPP:_processSerialData:120 - 📏 串口长度数据已更新: L45.091114 -> physical_length=45.091114
2025-09-02 14:48:56.307 | INFO     | Pendulum.PendulumAPP:_processSerialData:121 - 🔄 数据来源: 串口接收 -> PendulumState.physical_length
2025-09-02 14:48:56.353 | INFO     | Pendulum.PendulumAPP:_processSerialData:120 - 📏 串口长度数据已更新: L45.091114 -> physical_length=45.091114
2025-09-02 14:48:56.355 | INFO     | Pendulum.PendulumAPP:_processSerialData:121 - 🔄 数据来源: 串口接收 -> PendulumState.physical_length
2025-09-02 14:48:56.398 | INFO     | Pendulum.PendulumAPP:_processSerialData:120 - 📏 串口长度数据已更新: L45.091114 -> physical_length=45.091114
2025-09-02 14:48:56.400 | INFO     | Pendulum.PendulumAPP:_processSerialData:121 - 🔄 数据来源: 串口接收 -> PendulumState.physical_length
2025-09-02 14:48:56.445 | INFO     | Pendulum.PendulumAPP:_processSerialData:120 - 📏 串口长度数据已更新: L45.091114 -> physical_length=45.091114
2025-09-02 14:48:56.446 | INFO     | Pendulum.PendulumAPP:_processSerialData:121 - 🔄 数据来源: 串口接收 -> PendulumState.physical_length
2025-09-02 14:48:56.491 | INFO     | Pendulum.PendulumAPP:_processSerialData:120 - 📏 串口长度数据已更新: L45.091114 -> physical_length=45.091114
2025-09-02 14:48:56.494 | INFO     | Pendulum.PendulumAPP:_processSerialData:121 - 🔄 数据来源: 串口接收 -> PendulumState.physical_length
2025-09-02 14:48:56.538 | INFO     | Pendulum.PendulumAPP:_processSerialData:120 - 📏 串口长度数据已更新: L45.091114 -> physical_length=45.091114
2025-09-02 14:48:56.539 | INFO     | Pendulum.PendulumAPP:_processSerialData:121 - 🔄 数据来源: 串口接收 -> PendulumState.physical_length
2025-09-02 14:48:56.585 | INFO     | Pendulum.PendulumAPP:_processSerialData:120 - 📏 串口长度数据已更新: L45.091114 -> physical_length=45.091114
2025-09-02 14:48:56.586 | INFO     | Pendulum.PendulumAPP:_processSerialData:121 - 🔄 数据来源: 串口接收 -> PendulumState.physical_length
2025-09-02 14:48:56.631 | INFO     | Pendulum.PendulumAPP:_processSerialData:120 - 📏 串口长度数据已更新: L45.091114 -> physical_length=45.091114
2025-09-02 14:48:56.632 | INFO     | Pendulum.PendulumAPP:_processSerialData:121 - 🔄 数据来源: 串口接收 -> PendulumState.physical_length
2025-09-02 14:48:56.676 | INFO     | Pendulum.PendulumAPP:_processSerialData:120 - 📏 串口长度数据已更新: L45.091114 -> physical_length=45.091114
2025-09-02 14:48:56.677 | INFO     | Pendulum.PendulumAPP:_processSerialData:121 - 🔄 数据来源: 串口接收 -> PendulumState.physical_length
2025-09-02 14:48:56.723 | INFO     | Pendulum.PendulumAPP:_processSerialData:120 - 📏 串口长度数据已更新: L45.091114 -> physical_length=45.091114
2025-09-02 14:48:56.724 | INFO     | Pendulum.PendulumAPP:_processSerialData:121 - 🔄 数据来源: 串口接收 -> PendulumState.physical_length
2025-09-02 14:48:56.769 | INFO     | Pendulum.PendulumAPP:_processSerialData:120 - 📏 串口长度数据已更新: L45.091114 -> physical_length=45.091114
2025-09-02 14:48:56.769 | INFO     | Pendulum.PendulumAPP:_processSerialData:121 - 🔄 数据来源: 串口接收 -> PendulumState.physical_length
2025-09-02 14:48:56.817 | INFO     | Pendulum.PendulumAPP:_processSerialData:120 - 📏 串口长度数据已更新: L45.091114 -> physical_length=45.091114
2025-09-02 14:48:56.818 | INFO     | Pendulum.PendulumAPP:_processSerialData:121 - 🔄 数据来源: 串口接收 -> PendulumState.physical_length
2025-09-02 14:48:56.865 | INFO     | Pendulum.PendulumAPP:_processSerialData:120 - 📏 串口长度数据已更新: L45.091114 -> physical_length=45.091114
2025-09-02 14:48:56.867 | INFO     | Pendulum.PendulumAPP:_processSerialData:121 - 🔄 数据来源: 串口接收 -> PendulumState.physical_length
2025-09-02 14:48:56.910 | INFO     | Pendulum.PendulumAPP:_processSerialData:120 - 📏 串口长度数据已更新: L45.091114 -> physical_length=45.091114
2025-09-02 14:48:56.911 | INFO     | Pendulum.PendulumAPP:_processSerialData:121 - 🔄 数据来源: 串口接收 -> PendulumState.physical_length
2025-09-02 14:48:56.958 | INFO     | Pendulum.PendulumAPP:_processSerialData:120 - 📏 串口长度数据已更新: L45.091114 -> physical_length=45.091114
2025-09-02 14:48:56.959 | INFO     | Pendulum.PendulumAPP:_processSerialData:121 - 🔄 数据来源: 串口接收 -> PendulumState.physical_length
2025-09-02 14:48:57.005 | INFO     | Pendulum.PendulumAPP:_processSerialData:120 - 📏 串口长度数据已更新: L45.091114 -> physical_length=45.091114
2025-09-02 14:48:57.006 | INFO     | Pendulum.PendulumAPP:_processSerialData:121 - 🔄 数据来源: 串口接收 -> PendulumState.physical_length
2025-09-02 14:48:57.052 | INFO     | Pendulum.PendulumAPP:_processSerialData:120 - 📏 串口长度数据已更新: L45.091114 -> physical_length=45.091114
2025-09-02 14:48:57.055 | INFO     | Pendulum.PendulumAPP:_processSerialData:121 - 🔄 数据来源: 串口接收 -> PendulumState.physical_length
2025-09-02 14:48:57.098 | INFO     | Pendulum.PendulumAPP:_processSerialData:120 - 📏 串口长度数据已更新: L45.091114 -> physical_length=45.091114
2025-09-02 14:48:57.100 | INFO     | Pendulum.PendulumAPP:_processSerialData:121 - 🔄 数据来源: 串口接收 -> PendulumState.physical_length
2025-09-02 14:48:57.145 | INFO     | Pendulum.PendulumAPP:_processSerialData:120 - 📏 串口长度数据已更新: L45.091114 -> physical_length=45.091114
2025-09-02 14:48:57.145 | INFO     | Pendulum.PendulumAPP:_processSerialData:121 - 🔄 数据来源: 串口接收 -> PendulumState.physical_length
2025-09-02 14:48:57.191 | INFO     | Pendulum.PendulumAPP:_processSerialData:120 - 📏 串口长度数据已更新: L45.091114 -> physical_length=45.091114
2025-09-02 14:48:57.192 | INFO     | Pendulum.PendulumAPP:_processSerialData:121 - 🔄 数据来源: 串口接收 -> PendulumState.physical_length
2025-09-02 14:48:57.238 | INFO     | Pendulum.PendulumAPP:_processSerialData:120 - 📏 串口长度数据已更新: L45.091114 -> physical_length=45.091114
2025-09-02 14:48:57.239 | INFO     | Pendulum.PendulumAPP:_processSerialData:121 - 🔄 数据来源: 串口接收 -> PendulumState.physical_length
2025-09-02 14:48:57.284 | INFO     | Pendulum.PendulumAPP:_processSerialData:120 - 📏 串口长度数据已更新: L45.091114 -> physical_length=45.091114
2025-09-02 14:48:57.285 | INFO     | Pendulum.PendulumAPP:_processSerialData:121 - 🔄 数据来源: 串口接收 -> PendulumState.physical_length
2025-09-02 14:48:57.330 | INFO     | Pendulum.PendulumAPP:_processSerialData:120 - 📏 串口长度数据已更新: L45.091114 -> physical_length=45.091114
2025-09-02 14:48:57.332 | INFO     | Pendulum.PendulumAPP:_processSerialData:121 - 🔄 数据来源: 串口接收 -> PendulumState.physical_length
2025-09-02 14:48:57.376 | INFO     | Pendulum.PendulumAPP:_processSerialData:120 - 📏 串口长度数据已更新: L45.091114 -> physical_length=45.091114
2025-09-02 14:48:57.377 | INFO     | Pendulum.PendulumAPP:_processSerialData:121 - 🔄 数据来源: 串口接收 -> PendulumState.physical_length
2025-09-02 14:48:57.422 | INFO     | Pendulum.PendulumAPP:_processSerialData:120 - 📏 串口长度数据已更新: L45.091114 -> physical_length=45.091114
2025-09-02 14:48:57.424 | INFO     | Pendulum.PendulumAPP:_processSerialData:121 - 🔄 数据来源: 串口接收 -> PendulumState.physical_length
2025-09-02 14:48:57.469 | INFO     | Pendulum.PendulumAPP:_processSerialData:120 - 📏 串口长度数据已更新: L45.091114 -> physical_length=45.091114
2025-09-02 14:48:57.472 | INFO     | Pendulum.PendulumAPP:_processSerialData:121 - 🔄 数据来源: 串口接收 -> PendulumState.physical_length
2025-09-02 14:48:57.516 | INFO     | Pendulum.PendulumAPP:_processSerialData:120 - 📏 串口长度数据已更新: L45.091114 -> physical_length=45.091114
2025-09-02 14:48:57.517 | INFO     | Pendulum.PendulumAPP:_processSerialData:121 - 🔄 数据来源: 串口接收 -> PendulumState.physical_length
2025-09-02 14:48:57.562 | INFO     | Pendulum.PendulumAPP:_processSerialData:120 - 📏 串口长度数据已更新: L45.091114 -> physical_length=45.091114
2025-09-02 14:48:57.563 | INFO     | Pendulum.PendulumAPP:_processSerialData:121 - 🔄 数据来源: 串口接收 -> PendulumState.physical_length
2025-09-02 14:48:57.609 | INFO     | Pendulum.PendulumAPP:_processSerialData:120 - 📏 串口长度数据已更新: L45.091114 -> physical_length=45.091114
2025-09-02 14:48:57.611 | INFO     | Pendulum.PendulumAPP:_processSerialData:121 - 🔄 数据来源: 串口接收 -> PendulumState.physical_length
2025-09-02 14:48:57.656 | INFO     | Pendulum.PendulumAPP:_processSerialData:120 - 📏 串口长度数据已更新: L45.091114 -> physical_length=45.091114
2025-09-02 14:48:57.657 | INFO     | Pendulum.PendulumAPP:_processSerialData:121 - 🔄 数据来源: 串口接收 -> PendulumState.physical_length
2025-09-02 14:48:57.701 | INFO     | Pendulum.PendulumAPP:_processSerialData:120 - 📏 串口长度数据已更新: L45.091114 -> physical_length=45.091114
2025-09-02 14:48:57.702 | INFO     | Pendulum.PendulumAPP:_processSerialData:121 - 🔄 数据来源: 串口接收 -> PendulumState.physical_length
2025-09-02 14:48:57.749 | INFO     | Pendulum.PendulumAPP:_processSerialData:120 - 📏 串口长度数据已更新: L45.091114 -> physical_length=45.091114
2025-09-02 14:48:57.751 | INFO     | Pendulum.PendulumAPP:_processSerialData:121 - 🔄 数据来源: 串口接收 -> PendulumState.physical_length
2025-09-02 14:48:57.797 | INFO     | Pendulum.PendulumAPP:_processSerialData:120 - 📏 串口长度数据已更新: L45.091114 -> physical_length=45.091114
2025-09-02 14:48:57.799 | INFO     | Pendulum.PendulumAPP:_processSerialData:121 - 🔄 数据来源: 串口接收 -> PendulumState.physical_length
2025-09-02 14:48:57.843 | INFO     | Pendulum.PendulumAPP:_processSerialData:120 - 📏 串口长度数据已更新: L45.091114 -> physical_length=45.091114
2025-09-02 14:48:57.844 | INFO     | Pendulum.PendulumAPP:_processSerialData:121 - 🔄 数据来源: 串口接收 -> PendulumState.physical_length
2025-09-02 14:48:57.891 | INFO     | Pendulum.PendulumAPP:_processSerialData:120 - 📏 串口长度数据已更新: L45.091114 -> physical_length=45.091114
2025-09-02 14:48:57.891 | INFO     | Pendulum.PendulumAPP:_processSerialData:121 - 🔄 数据来源: 串口接收 -> PendulumState.physical_length
2025-09-02 14:48:57.939 | INFO     | Pendulum.PendulumAPP:_processSerialData:120 - 📏 串口长度数据已更新: L45.091114 -> physical_length=45.091114
2025-09-02 14:48:57.940 | INFO     | Pendulum.PendulumAPP:_processSerialData:121 - 🔄 数据来源: 串口接收 -> PendulumState.physical_length
2025-09-02 14:48:57.987 | INFO     | Pendulum.PendulumAPP:_processSerialData:120 - 📏 串口长度数据已更新: L45.091114 -> physical_length=45.091114
2025-09-02 14:48:57.988 | INFO     | Pendulum.PendulumAPP:_processSerialData:121 - 🔄 数据来源: 串口接收 -> PendulumState.physical_length
2025-09-02 14:48:58.033 | INFO     | Pendulum.PendulumAPP:_processSerialData:120 - 📏 串口长度数据已更新: L45.091114 -> physical_length=45.091114
2025-09-02 14:48:58.034 | INFO     | Pendulum.PendulumAPP:_processSerialData:121 - 🔄 数据来源: 串口接收 -> PendulumState.physical_length
2025-09-02 14:48:58.079 | INFO     | Pendulum.PendulumAPP:_processSerialData:120 - 📏 串口长度数据已更新: L45.091114 -> physical_length=45.091114
2025-09-02 14:48:58.080 | INFO     | Pendulum.PendulumAPP:_processSerialData:121 - 🔄 数据来源: 串口接收 -> PendulumState.physical_length
2025-09-02 14:48:58.127 | INFO     | Pendulum.PendulumAPP:_processSerialData:120 - 📏 串口长度数据已更新: L45.091114 -> physical_length=45.091114
2025-09-02 14:48:58.131 | INFO     | Pendulum.PendulumAPP:_processSerialData:121 - 🔄 数据来源: 串口接收 -> PendulumState.physical_length
2025-09-02 14:48:58.172 | INFO     | Pendulum.PendulumAPP:_processSerialData:120 - 📏 串口长度数据已更新: L45.091114 -> physical_length=45.091114
2025-09-02 14:48:58.176 | INFO     | Pendulum.PendulumAPP:_processSerialData:121 - 🔄 数据来源: 串口接收 -> PendulumState.physical_length
2025-09-02 14:48:58.219 | INFO     | Pendulum.PendulumAPP:_processSerialData:120 - 📏 串口长度数据已更新: L45.091114 -> physical_length=45.091114
2025-09-02 14:48:58.220 | INFO     | Pendulum.PendulumAPP:_processSerialData:121 - 🔄 数据来源: 串口接收 -> PendulumState.physical_length
2025-09-02 14:48:58.265 | INFO     | Pendulum.PendulumAPP:_processSerialData:120 - 📏 串口长度数据已更新: L45.091114 -> physical_length=45.091114
2025-09-02 14:48:58.266 | INFO     | Pendulum.PendulumAPP:_processSerialData:121 - 🔄 数据来源: 串口接收 -> PendulumState.physical_length
2025-09-02 14:48:58.312 | INFO     | Pendulum.PendulumAPP:_processSerialData:120 - 📏 串口长度数据已更新: L45.091114 -> physical_length=45.091114
2025-09-02 14:48:58.313 | INFO     | Pendulum.PendulumAPP:_processSerialData:121 - 🔄 数据来源: 串口接收 -> PendulumState.physical_length
2025-09-02 14:48:58.358 | INFO     | Pendulum.PendulumAPP:_processSerialData:120 - 📏 串口长度数据已更新: L45.091114 -> physical_length=45.091114
2025-09-02 14:48:58.359 | INFO     | Pendulum.PendulumAPP:_processSerialData:121 - 🔄 数据来源: 串口接收 -> PendulumState.physical_length
2025-09-02 14:48:58.406 | INFO     | Pendulum.PendulumAPP:_processSerialData:120 - 📏 串口长度数据已更新: L45.091114 -> physical_length=45.091114
2025-09-02 14:48:58.407 | INFO     | Pendulum.PendulumAPP:_processSerialData:121 - 🔄 数据来源: 串口接收 -> PendulumState.physical_length
2025-09-02 14:48:58.452 | INFO     | Pendulum.PendulumAPP:_processSerialData:120 - 📏 串口长度数据已更新: L45.091114 -> physical_length=45.091114
2025-09-02 14:48:58.453 | INFO     | Pendulum.PendulumAPP:_processSerialData:121 - 🔄 数据来源: 串口接收 -> PendulumState.physical_length
2025-09-02 14:48:58.499 | INFO     | Pendulum.PendulumAPP:_processSerialData:120 - 📏 串口长度数据已更新: L45.091114 -> physical_length=45.091114
2025-09-02 14:48:58.500 | INFO     | Pendulum.PendulumAPP:_processSerialData:121 - 🔄 数据来源: 串口接收 -> PendulumState.physical_length
2025-09-02 14:48:58.546 | INFO     | Pendulum.PendulumAPP:_processSerialData:120 - 📏 串口长度数据已更新: L45.091114 -> physical_length=45.091114
2025-09-02 14:48:58.547 | INFO     | Pendulum.PendulumAPP:_processSerialData:121 - 🔄 数据来源: 串口接收 -> PendulumState.physical_length
2025-09-02 14:48:58.594 | INFO     | Pendulum.PendulumAPP:_processSerialData:120 - 📏 串口长度数据已更新: L45.091114 -> physical_length=45.091114
2025-09-02 14:48:58.595 | INFO     | Pendulum.PendulumAPP:_processSerialData:121 - 🔄 数据来源: 串口接收 -> PendulumState.physical_length
2025-09-02 14:48:58.641 | INFO     | Pendulum.PendulumAPP:_processSerialData:120 - 📏 串口长度数据已更新: L45.091114 -> physical_length=45.091114
2025-09-02 14:48:58.643 | INFO     | Pendulum.PendulumAPP:_processSerialData:121 - 🔄 数据来源: 串口接收 -> PendulumState.physical_length
2025-09-02 14:48:58.687 | INFO     | Pendulum.PendulumAPP:_processSerialData:120 - 📏 串口长度数据已更新: L45.091114 -> physical_length=45.091114
2025-09-02 14:48:58.691 | INFO     | Pendulum.PendulumAPP:_processSerialData:121 - 🔄 数据来源: 串口接收 -> PendulumState.physical_length
2025-09-02 14:48:58.733 | INFO     | Pendulum.PendulumAPP:_processSerialData:120 - 📏 串口长度数据已更新: L45.091114 -> physical_length=45.091114
2025-09-02 14:48:58.734 | INFO     | Pendulum.PendulumAPP:_processSerialData:121 - 🔄 数据来源: 串口接收 -> PendulumState.physical_length
2025-09-02 14:48:58.779 | INFO     | Pendulum.PendulumAPP:_processSerialData:120 - 📏 串口长度数据已更新: L45.091114 -> physical_length=45.091114
2025-09-02 14:48:58.780 | INFO     | Pendulum.PendulumAPP:_processSerialData:121 - 🔄 数据来源: 串口接收 -> PendulumState.physical_length
2025-09-02 14:48:58.827 | INFO     | Pendulum.PendulumAPP:_processSerialData:120 - 📏 串口长度数据已更新: L45.091114 -> physical_length=45.091114
2025-09-02 14:48:58.829 | INFO     | Pendulum.PendulumAPP:_processSerialData:121 - 🔄 数据来源: 串口接收 -> PendulumState.physical_length
2025-09-02 14:48:58.873 | INFO     | Pendulum.PendulumAPP:_processSerialData:120 - 📏 串口长度数据已更新: L45.091114 -> physical_length=45.091114
2025-09-02 14:48:58.874 | INFO     | Pendulum.PendulumAPP:_processSerialData:121 - 🔄 数据来源: 串口接收 -> PendulumState.physical_length
2025-09-02 14:48:58.919 | INFO     | Pendulum.PendulumAPP:_processSerialData:120 - 📏 串口长度数据已更新: L45.091114 -> physical_length=45.091114
2025-09-02 14:48:58.920 | INFO     | Pendulum.PendulumAPP:_processSerialData:121 - 🔄 数据来源: 串口接收 -> PendulumState.physical_length
2025-09-02 14:48:58.966 | INFO     | Pendulum.PendulumAPP:_processSerialData:120 - 📏 串口长度数据已更新: L45.091114 -> physical_length=45.091114
2025-09-02 14:48:58.967 | INFO     | Pendulum.PendulumAPP:_processSerialData:121 - 🔄 数据来源: 串口接收 -> PendulumState.physical_length
2025-09-02 14:48:59.013 | INFO     | Pendulum.PendulumAPP:_processSerialData:120 - 📏 串口长度数据已更新: L45.091114 -> physical_length=45.091114
2025-09-02 14:48:59.014 | INFO     | Pendulum.PendulumAPP:_processSerialData:121 - 🔄 数据来源: 串口接收 -> PendulumState.physical_length
2025-09-02 14:48:59.060 | INFO     | Pendulum.PendulumAPP:_processSerialData:120 - 📏 串口长度数据已更新: L45.091114 -> physical_length=45.091114
2025-09-02 14:48:59.063 | INFO     | Pendulum.PendulumAPP:_processSerialData:121 - 🔄 数据来源: 串口接收 -> PendulumState.physical_length
2025-09-02 14:48:59.106 | INFO     | Pendulum.PendulumAPP:_processSerialData:120 - 📏 串口长度数据已更新: L45.091114 -> physical_length=45.091114
2025-09-02 14:48:59.107 | INFO     | Pendulum.PendulumAPP:_processSerialData:121 - 🔄 数据来源: 串口接收 -> PendulumState.physical_length
2025-09-02 14:48:59.151 | INFO     | Pendulum.PendulumAPP:_processSerialData:120 - 📏 串口长度数据已更新: L45.091114 -> physical_length=45.091114
2025-09-02 14:48:59.152 | INFO     | Pendulum.PendulumAPP:_processSerialData:121 - 🔄 数据来源: 串口接收 -> PendulumState.physical_length
2025-09-02 14:48:59.197 | INFO     | Pendulum.PendulumAPP:_processSerialData:120 - 📏 串口长度数据已更新: L45.091114 -> physical_length=45.091114
2025-09-02 14:48:59.199 | INFO     | Pendulum.PendulumAPP:_processSerialData:121 - 🔄 数据来源: 串口接收 -> PendulumState.physical_length
2025-09-02 14:48:59.244 | INFO     | Pendulum.PendulumAPP:_processSerialData:120 - 📏 串口长度数据已更新: L45.091114 -> physical_length=45.091114
2025-09-02 14:48:59.247 | INFO     | Pendulum.PendulumAPP:_processSerialData:121 - 🔄 数据来源: 串口接收 -> PendulumState.physical_length
2025-09-02 14:48:59.289 | INFO     | Pendulum.PendulumAPP:_processSerialData:120 - 📏 串口长度数据已更新: L45.091114 -> physical_length=45.091114
2025-09-02 14:48:59.290 | INFO     | Pendulum.PendulumAPP:_processSerialData:121 - 🔄 数据来源: 串口接收 -> PendulumState.physical_length
2025-09-02 14:48:59.335 | INFO     | Pendulum.PendulumAPP:_processSerialData:120 - 📏 串口长度数据已更新: L45.091114 -> physical_length=45.091114
2025-09-02 14:48:59.335 | INFO     | Pendulum.PendulumAPP:_processSerialData:121 - 🔄 数据来源: 串口接收 -> PendulumState.physical_length
2025-09-02 14:48:59.383 | INFO     | Pendulum.PendulumAPP:_processSerialData:120 - 📏 串口长度数据已更新: L45.091114 -> physical_length=45.091114
2025-09-02 14:48:59.384 | INFO     | Pendulum.PendulumAPP:_processSerialData:121 - 🔄 数据来源: 串口接收 -> PendulumState.physical_length
2025-09-02 14:48:59.430 | INFO     | Pendulum.PendulumAPP:_processSerialData:120 - 📏 串口长度数据已更新: L45.091114 -> physical_length=45.091114
2025-09-02 14:48:59.431 | INFO     | Pendulum.PendulumAPP:_processSerialData:121 - 🔄 数据来源: 串口接收 -> PendulumState.physical_length
2025-09-02 14:48:59.474 | INFO     | Pendulum.PendulumAPP:_processSerialData:120 - 📏 串口长度数据已更新: L45.091114 -> physical_length=45.091114
2025-09-02 14:48:59.474 | INFO     | Pendulum.PendulumAPP:_processSerialData:121 - 🔄 数据来源: 串口接收 -> PendulumState.physical_length
2025-09-02 14:48:59.522 | INFO     | Pendulum.PendulumAPP:_processSerialData:120 - 📏 串口长度数据已更新: L45.091114 -> physical_length=45.091114
2025-09-02 14:48:59.523 | INFO     | Pendulum.PendulumAPP:_processSerialData:121 - 🔄 数据来源: 串口接收 -> PendulumState.physical_length
2025-09-02 14:48:59.569 | INFO     | Pendulum.PendulumAPP:_processSerialData:120 - 📏 串口长度数据已更新: L45.091114 -> physical_length=45.091114
2025-09-02 14:48:59.571 | INFO     | Pendulum.PendulumAPP:_processSerialData:121 - 🔄 数据来源: 串口接收 -> PendulumState.physical_length
2025-09-02 14:48:59.614 | INFO     | Pendulum.PendulumAPP:_processSerialData:120 - 📏 串口长度数据已更新: L45.091114 -> physical_length=45.091114
2025-09-02 14:48:59.615 | INFO     | Pendulum.PendulumAPP:_processSerialData:121 - 🔄 数据来源: 串口接收 -> PendulumState.physical_length
2025-09-02 14:48:59.661 | INFO     | Pendulum.PendulumAPP:_processSerialData:120 - 📏 串口长度数据已更新: L45.091114 -> physical_length=45.091114
2025-09-02 14:48:59.663 | INFO     | Pendulum.PendulumAPP:_processSerialData:121 - 🔄 数据来源: 串口接收 -> PendulumState.physical_length
2025-09-02 14:48:59.707 | INFO     | Pendulum.PendulumAPP:_processSerialData:120 - 📏 串口长度数据已更新: L45.091114 -> physical_length=45.091114
2025-09-02 14:48:59.711 | INFO     | Pendulum.PendulumAPP:_processSerialData:121 - 🔄 数据来源: 串口接收 -> PendulumState.physical_length
2025-09-02 14:48:59.752 | INFO     | Pendulum.PendulumAPP:_processSerialData:120 - 📏 串口长度数据已更新: L45.091114 -> physical_length=45.091114
2025-09-02 14:48:59.752 | INFO     | Pendulum.PendulumAPP:_processSerialData:121 - 🔄 数据来源: 串口接收 -> PendulumState.physical_length
2025-09-02 14:48:59.800 | INFO     | Pendulum.PendulumAPP:_processSerialData:120 - 📏 串口长度数据已更新: L45.091114 -> physical_length=45.091114
2025-09-02 14:48:59.802 | INFO     | Pendulum.PendulumAPP:_processSerialData:121 - 🔄 数据来源: 串口接收 -> PendulumState.physical_length
2025-09-02 14:48:59.847 | INFO     | Pendulum.PendulumAPP:_processSerialData:120 - 📏 串口长度数据已更新: L45.091114 -> physical_length=45.091114
2025-09-02 14:48:59.848 | INFO     | Pendulum.PendulumAPP:_processSerialData:121 - 🔄 数据来源: 串口接收 -> PendulumState.physical_length
2025-09-02 14:48:59.895 | INFO     | Pendulum.PendulumAPP:_processSerialData:120 - 📏 串口长度数据已更新: L45.091114 -> physical_length=45.091114
2025-09-02 14:48:59.896 | INFO     | Pendulum.PendulumAPP:_processSerialData:121 - 🔄 数据来源: 串口接收 -> PendulumState.physical_length
2025-09-02 14:48:59.941 | INFO     | Pendulum.PendulumAPP:_processSerialData:120 - 📏 串口长度数据已更新: L45.091114 -> physical_length=45.091114
2025-09-02 14:48:59.942 | INFO     | Pendulum.PendulumAPP:_processSerialData:121 - 🔄 数据来源: 串口接收 -> PendulumState.physical_length
2025-09-02 14:48:59.979 | INFO     | Pendulum.PendulumAPP:_keyEventWeb:274 - u0
2025-09-02 14:48:59.980 | INFO     | Pendulum.SerialConncet:send:199 - sendu0
2025-09-02 14:48:59.982 | INFO     | Pendulum.SerialConncet:send:201 - [发送] u0
2025-09-02 14:48:59.988 | INFO     | Pendulum.PendulumAPP:_processSerialData:120 - 📏 串口长度数据已更新: L45.091114 -> physical_length=45.091114
2025-09-02 14:48:59.988 | INFO     | Pendulum.PendulumAPP:_processSerialData:121 - 🔄 数据来源: 串口接收 -> PendulumState.physical_length
2025-09-02 14:49:00.033 | INFO     | Pendulum.PendulumAPP:_processSerialData:120 - 📏 串口长度数据已更新: L45.091114 -> physical_length=45.091114
2025-09-02 14:49:00.034 | INFO     | Pendulum.PendulumAPP:_processSerialData:121 - 🔄 数据来源: 串口接收 -> PendulumState.physical_length
2025-09-02 14:49:00.079 | INFO     | Pendulum.PendulumAPP:_processSerialData:120 - 📏 串口长度数据已更新: L45.091114 -> physical_length=45.091114
2025-09-02 14:49:00.079 | INFO     | Pendulum.PendulumAPP:_processSerialData:121 - 🔄 数据来源: 串口接收 -> PendulumState.physical_length
2025-09-02 14:49:00.125 | INFO     | Pendulum.PendulumAPP:_processSerialData:120 - 📏 串口长度数据已更新: L45.091114 -> physical_length=45.091114
2025-09-02 14:49:00.126 | INFO     | Pendulum.PendulumAPP:_processSerialData:121 - 🔄 数据来源: 串口接收 -> PendulumState.physical_length
2025-09-02 14:49:00.172 | INFO     | Pendulum.PendulumAPP:_processSerialData:120 - 📏 串口长度数据已更新: L45.091114 -> physical_length=45.091114
2025-09-02 14:49:00.174 | INFO     | Pendulum.PendulumAPP:_processSerialData:121 - 🔄 数据来源: 串口接收 -> PendulumState.physical_length
2025-09-02 14:49:00.217 | INFO     | Pendulum.PendulumAPP:_processSerialData:120 - 📏 串口长度数据已更新: L45.091114 -> physical_length=45.091114
2025-09-02 14:49:00.217 | INFO     | Pendulum.PendulumAPP:_processSerialData:121 - 🔄 数据来源: 串口接收 -> PendulumState.physical_length
2025-09-02 14:49:00.263 | INFO     | Pendulum.PendulumAPP:_processSerialData:120 - 📏 串口长度数据已更新: L45.091114 -> physical_length=45.091114
2025-09-02 14:49:00.264 | INFO     | Pendulum.PendulumAPP:_processSerialData:121 - 🔄 数据来源: 串口接收 -> PendulumState.physical_length
2025-09-02 14:49:00.308 | INFO     | Pendulum.PendulumAPP:_processSerialData:120 - 📏 串口长度数据已更新: L45.091114 -> physical_length=45.091114
2025-09-02 14:49:00.309 | INFO     | Pendulum.PendulumAPP:_processSerialData:121 - 🔄 数据来源: 串口接收 -> PendulumState.physical_length
2025-09-02 14:49:00.354 | INFO     | Pendulum.PendulumAPP:_processSerialData:120 - 📏 串口长度数据已更新: L45.091114 -> physical_length=45.091114
2025-09-02 14:49:00.355 | INFO     | Pendulum.PendulumAPP:_processSerialData:121 - 🔄 数据来源: 串口接收 -> PendulumState.physical_length
2025-09-02 14:49:00.402 | INFO     | Pendulum.PendulumAPP:_processSerialData:120 - 📏 串口长度数据已更新: L45.091114 -> physical_length=45.091114
2025-09-02 14:49:00.403 | INFO     | Pendulum.PendulumAPP:_processSerialData:121 - 🔄 数据来源: 串口接收 -> PendulumState.physical_length
2025-09-02 14:49:00.449 | INFO     | Pendulum.PendulumAPP:_processSerialData:120 - 📏 串口长度数据已更新: L45.091114 -> physical_length=45.091114
2025-09-02 14:49:00.450 | INFO     | Pendulum.PendulumAPP:_processSerialData:121 - 🔄 数据来源: 串口接收 -> PendulumState.physical_length
2025-09-02 14:49:00.495 | INFO     | Pendulum.PendulumAPP:_processSerialData:120 - 📏 串口长度数据已更新: L45.091114 -> physical_length=45.091114
2025-09-02 14:49:00.497 | INFO     | Pendulum.PendulumAPP:_processSerialData:121 - 🔄 数据来源: 串口接收 -> PendulumState.physical_length
2025-09-02 14:49:00.541 | INFO     | Pendulum.PendulumAPP:_processSerialData:120 - 📏 串口长度数据已更新: L45.091114 -> physical_length=45.091114
2025-09-02 14:49:00.542 | INFO     | Pendulum.PendulumAPP:_processSerialData:121 - 🔄 数据来源: 串口接收 -> PendulumState.physical_length
2025-09-02 14:49:00.602 | INFO     | Pendulum.PendulumAPP:_processSerialData:120 - 📏 串口长度数据已更新: L45.091114 -> physical_length=45.091114
2025-09-02 14:49:00.606 | INFO     | Pendulum.PendulumAPP:_processSerialData:121 - 🔄 数据来源: 串口接收 -> PendulumState.physical_length
2025-09-02 14:49:00.650 | INFO     | Pendulum.PendulumAPP:_processSerialData:120 - 📏 串口长度数据已更新: L45.091114 -> physical_length=45.091114
2025-09-02 14:49:00.650 | INFO     | Pendulum.PendulumAPP:_processSerialData:121 - 🔄 数据来源: 串口接收 -> PendulumState.physical_length
2025-09-02 14:49:00.695 | INFO     | Pendulum.PendulumAPP:_processSerialData:120 - 📏 串口长度数据已更新: L45.091114 -> physical_length=45.091114
2025-09-02 14:49:00.696 | INFO     | Pendulum.PendulumAPP:_processSerialData:121 - 🔄 数据来源: 串口接收 -> PendulumState.physical_length
2025-09-02 14:49:00.743 | INFO     | Pendulum.PendulumAPP:_processSerialData:120 - 📏 串口长度数据已更新: L45.091114 -> physical_length=45.091114
2025-09-02 14:49:00.744 | INFO     | Pendulum.PendulumAPP:_processSerialData:121 - 🔄 数据来源: 串口接收 -> PendulumState.physical_length
2025-09-02 14:49:00.791 | INFO     | Pendulum.PendulumAPP:_processSerialData:120 - 📏 串口长度数据已更新: L45.091114 -> physical_length=45.091114
2025-09-02 14:49:00.792 | INFO     | Pendulum.PendulumAPP:_processSerialData:121 - 🔄 数据来源: 串口接收 -> PendulumState.physical_length
2025-09-02 14:49:00.837 | INFO     | Pendulum.PendulumAPP:_processSerialData:120 - 📏 串口长度数据已更新: L45.091114 -> physical_length=45.091114
2025-09-02 14:49:00.837 | INFO     | Pendulum.PendulumAPP:_processSerialData:121 - 🔄 数据来源: 串口接收 -> PendulumState.physical_length
2025-09-02 14:49:00.885 | INFO     | Pendulum.PendulumAPP:_processSerialData:120 - 📏 串口长度数据已更新: L45.091114 -> physical_length=45.091114
2025-09-02 14:49:00.886 | INFO     | Pendulum.PendulumAPP:_processSerialData:121 - 🔄 数据来源: 串口接收 -> PendulumState.physical_length
2025-09-02 14:49:00.933 | INFO     | Pendulum.PendulumAPP:_processSerialData:120 - 📏 串口长度数据已更新: L45.091114 -> physical_length=45.091114
2025-09-02 14:49:00.934 | INFO     | Pendulum.PendulumAPP:_processSerialData:121 - 🔄 数据来源: 串口接收 -> PendulumState.physical_length
2025-09-02 14:49:00.978 | INFO     | Pendulum.PendulumAPP:_processSerialData:120 - 📏 串口长度数据已更新: L45.091114 -> physical_length=45.091114
2025-09-02 14:49:00.980 | INFO     | Pendulum.PendulumAPP:_processSerialData:121 - 🔄 数据来源: 串口接收 -> PendulumState.physical_length
2025-09-02 14:49:01.025 | INFO     | Pendulum.PendulumAPP:_processSerialData:120 - 📏 串口长度数据已更新: L45.091114 -> physical_length=45.091114
2025-09-02 14:49:01.026 | INFO     | Pendulum.PendulumAPP:_processSerialData:121 - 🔄 数据来源: 串口接收 -> PendulumState.physical_length
2025-09-02 14:49:01.071 | INFO     | Pendulum.PendulumAPP:_processSerialData:120 - 📏 串口长度数据已更新: L45.091114 -> physical_length=45.091114
2025-09-02 14:49:01.073 | INFO     | Pendulum.PendulumAPP:_processSerialData:121 - 🔄 数据来源: 串口接收 -> PendulumState.physical_length
2025-09-02 14:49:01.117 | INFO     | Pendulum.PendulumAPP:_processSerialData:120 - 📏 串口长度数据已更新: L45.091114 -> physical_length=45.091114
2025-09-02 14:49:01.118 | INFO     | Pendulum.PendulumAPP:_processSerialData:121 - 🔄 数据来源: 串口接收 -> PendulumState.physical_length
2025-09-02 14:49:01.164 | INFO     | Pendulum.PendulumAPP:_processSerialData:120 - 📏 串口长度数据已更新: L45.091114 -> physical_length=45.091114
2025-09-02 14:49:01.166 | INFO     | Pendulum.PendulumAPP:_processSerialData:121 - 🔄 数据来源: 串口接收 -> PendulumState.physical_length
2025-09-02 14:49:01.210 | INFO     | Pendulum.PendulumAPP:_processSerialData:120 - 📏 串口长度数据已更新: L45.091114 -> physical_length=45.091114
2025-09-02 14:49:01.212 | INFO     | Pendulum.PendulumAPP:_processSerialData:121 - 🔄 数据来源: 串口接收 -> PendulumState.physical_length
2025-09-02 14:49:01.258 | INFO     | Pendulum.PendulumAPP:_processSerialData:120 - 📏 串口长度数据已更新: L45.091114 -> physical_length=45.091114
2025-09-02 14:49:01.258 | INFO     | Pendulum.PendulumAPP:_processSerialData:121 - 🔄 数据来源: 串口接收 -> PendulumState.physical_length
2025-09-02 14:49:01.304 | INFO     | Pendulum.PendulumAPP:_processSerialData:120 - 📏 串口长度数据已更新: L45.091114 -> physical_length=45.091114
2025-09-02 14:49:01.305 | INFO     | Pendulum.PendulumAPP:_processSerialData:121 - 🔄 数据来源: 串口接收 -> PendulumState.physical_length
2025-09-02 14:49:01.351 | INFO     | Pendulum.PendulumAPP:_processSerialData:120 - 📏 串口长度数据已更新: L45.091114 -> physical_length=45.091114
2025-09-02 14:49:01.352 | INFO     | Pendulum.PendulumAPP:_processSerialData:121 - 🔄 数据来源: 串口接收 -> PendulumState.physical_length
2025-09-02 14:49:01.399 | INFO     | Pendulum.PendulumAPP:_processSerialData:120 - 📏 串口长度数据已更新: L45.091114 -> physical_length=45.091114
2025-09-02 14:49:01.400 | INFO     | Pendulum.PendulumAPP:_processSerialData:121 - 🔄 数据来源: 串口接收 -> PendulumState.physical_length
2025-09-02 14:49:01.444 | INFO     | Pendulum.PendulumAPP:_processSerialData:120 - 📏 串口长度数据已更新: L45.091114 -> physical_length=45.091114
2025-09-02 14:49:01.444 | INFO     | Pendulum.PendulumAPP:_processSerialData:121 - 🔄 数据来源: 串口接收 -> PendulumState.physical_length
2025-09-02 14:49:01.490 | INFO     | Pendulum.PendulumAPP:_processSerialData:120 - 📏 串口长度数据已更新: L45.091114 -> physical_length=45.091114
2025-09-02 14:49:01.490 | INFO     | Pendulum.PendulumAPP:_processSerialData:121 - 🔄 数据来源: 串口接收 -> PendulumState.physical_length
2025-09-02 14:49:01.537 | INFO     | Pendulum.PendulumAPP:_processSerialData:120 - 📏 串口长度数据已更新: L45.091114 -> physical_length=45.091114
2025-09-02 14:49:01.538 | INFO     | Pendulum.PendulumAPP:_processSerialData:121 - 🔄 数据来源: 串口接收 -> PendulumState.physical_length
2025-09-02 14:49:01.585 | INFO     | Pendulum.PendulumAPP:_processSerialData:120 - 📏 串口长度数据已更新: L45.091114 -> physical_length=45.091114
2025-09-02 14:49:01.586 | INFO     | Pendulum.PendulumAPP:_processSerialData:121 - 🔄 数据来源: 串口接收 -> PendulumState.physical_length
2025-09-02 14:49:01.631 | INFO     | Pendulum.PendulumAPP:_processSerialData:120 - 📏 串口长度数据已更新: L45.091114 -> physical_length=45.091114
2025-09-02 14:49:01.633 | INFO     | Pendulum.PendulumAPP:_processSerialData:121 - 🔄 数据来源: 串口接收 -> PendulumState.physical_length
2025-09-02 14:49:01.677 | INFO     | Pendulum.PendulumAPP:_processSerialData:120 - 📏 串口长度数据已更新: L45.091114 -> physical_length=45.091114
2025-09-02 14:49:01.678 | INFO     | Pendulum.PendulumAPP:_processSerialData:121 - 🔄 数据来源: 串口接收 -> PendulumState.physical_length
2025-09-02 14:49:01.723 | INFO     | Pendulum.PendulumAPP:_processSerialData:120 - 📏 串口长度数据已更新: L45.091114 -> physical_length=45.091114
2025-09-02 14:49:01.724 | INFO     | Pendulum.PendulumAPP:_processSerialData:121 - 🔄 数据来源: 串口接收 -> PendulumState.physical_length
2025-09-02 14:49:01.769 | INFO     | Pendulum.PendulumAPP:_processSerialData:120 - 📏 串口长度数据已更新: L45.091114 -> physical_length=45.091114
2025-09-02 14:49:01.770 | INFO     | Pendulum.PendulumAPP:_processSerialData:121 - 🔄 数据来源: 串口接收 -> PendulumState.physical_length
2025-09-02 14:49:01.816 | INFO     | Pendulum.PendulumAPP:_processSerialData:120 - 📏 串口长度数据已更新: L45.091114 -> physical_length=45.091114
2025-09-02 14:49:01.816 | INFO     | Pendulum.PendulumAPP:_processSerialData:121 - 🔄 数据来源: 串口接收 -> PendulumState.physical_length
2025-09-02 14:49:01.862 | INFO     | Pendulum.PendulumAPP:_processSerialData:120 - 📏 串口长度数据已更新: L45.091114 -> physical_length=45.091114
2025-09-02 14:49:01.863 | INFO     | Pendulum.PendulumAPP:_processSerialData:121 - 🔄 数据来源: 串口接收 -> PendulumState.physical_length
2025-09-02 14:49:01.909 | INFO     | Pendulum.PendulumAPP:_processSerialData:120 - 📏 串口长度数据已更新: L45.091114 -> physical_length=45.091114
2025-09-02 14:49:01.911 | INFO     | Pendulum.PendulumAPP:_processSerialData:121 - 🔄 数据来源: 串口接收 -> PendulumState.physical_length
2025-09-02 14:49:01.946 | INFO     | Pendulum.PendulumAPP:_keyEventWeb:252 - 清除数据
2025-09-02 14:49:01.947 | INFO     | Pendulum.SerialConncet:send:199 - sendr
2025-09-02 14:49:01.950 | INFO     | Pendulum.SerialConncet:send:201 - [发送] r
2025-09-02 14:49:01.951 | INFO     | Pendulum.SerialConncet:_run:176 - [接收] R
2025-09-02 14:49:02.054 | INFO     | Pendulum.PendulumAPP:_keyEventWeb:286 - d0
2025-09-02 14:49:02.055 | INFO     | Pendulum.SerialConncet:send:199 - sendd0
2025-09-02 14:49:02.056 | INFO     | Pendulum.SerialConncet:send:201 - [发送] d0
2025-09-02 14:49:08.658 | INFO     | Pendulum.SerialConncet:_run:176 - [接收] T0.000000,0.000000,0.000000
2025-09-02 14:49:11.333 | INFO     | Pendulum.SerialConncet:_run:176 - [接收] T1.000000,1.345547,1.345547
2025-09-02 14:49:11.336 | INFO     | Pendulum.SerialConncet:_run:176 - [接收] L44.737293
2025-09-02 14:49:11.337 | INFO     | Pendulum.PendulumAPP:_processSerialData:120 - 📏 串口长度数据已更新: L44.737293 -> physical_length=44.737293
2025-09-02 14:49:11.337 | INFO     | Pendulum.PendulumAPP:_processSerialData:121 - 🔄 数据来源: 串口接收 -> PendulumState.physical_length
2025-09-02 14:49:11.383 | INFO     | Pendulum.PendulumAPP:_processSerialData:120 - 📏 串口长度数据已更新: L44.737293 -> physical_length=44.737293
2025-09-02 14:49:11.383 | INFO     | Pendulum.PendulumAPP:_processSerialData:121 - 🔄 数据来源: 串口接收 -> PendulumState.physical_length
2025-09-02 14:49:11.430 | INFO     | Pendulum.PendulumAPP:_processSerialData:120 - 📏 串口长度数据已更新: L44.737293 -> physical_length=44.737293
2025-09-02 14:49:11.431 | INFO     | Pendulum.PendulumAPP:_processSerialData:121 - 🔄 数据来源: 串口接收 -> PendulumState.physical_length
2025-09-02 14:49:11.477 | INFO     | Pendulum.PendulumAPP:_processSerialData:120 - 📏 串口长度数据已更新: L44.737293 -> physical_length=44.737293
2025-09-02 14:49:11.478 | INFO     | Pendulum.PendulumAPP:_processSerialData:121 - 🔄 数据来源: 串口接收 -> PendulumState.physical_length
2025-09-02 14:49:11.523 | INFO     | Pendulum.PendulumAPP:_processSerialData:120 - 📏 串口长度数据已更新: L44.737293 -> physical_length=44.737293
2025-09-02 14:49:11.524 | INFO     | Pendulum.PendulumAPP:_processSerialData:121 - 🔄 数据来源: 串口接收 -> PendulumState.physical_length
2025-09-02 14:49:11.570 | INFO     | Pendulum.PendulumAPP:_processSerialData:120 - 📏 串口长度数据已更新: L44.737293 -> physical_length=44.737293
2025-09-02 14:49:11.572 | INFO     | Pendulum.PendulumAPP:_processSerialData:121 - 🔄 数据来源: 串口接收 -> PendulumState.physical_length
2025-09-02 14:49:11.617 | INFO     | Pendulum.PendulumAPP:_processSerialData:120 - 📏 串口长度数据已更新: L44.737293 -> physical_length=44.737293
2025-09-02 14:49:11.618 | INFO     | Pendulum.PendulumAPP:_processSerialData:121 - 🔄 数据来源: 串口接收 -> PendulumState.physical_length
2025-09-02 14:49:11.663 | INFO     | Pendulum.PendulumAPP:_processSerialData:120 - 📏 串口长度数据已更新: L44.737293 -> physical_length=44.737293
2025-09-02 14:49:11.664 | INFO     | Pendulum.PendulumAPP:_processSerialData:121 - 🔄 数据来源: 串口接收 -> PendulumState.physical_length
2025-09-02 14:49:11.710 | INFO     | Pendulum.PendulumAPP:_processSerialData:120 - 📏 串口长度数据已更新: L44.737293 -> physical_length=44.737293
2025-09-02 14:49:11.713 | INFO     | Pendulum.PendulumAPP:_processSerialData:121 - 🔄 数据来源: 串口接收 -> PendulumState.physical_length
2025-09-02 14:49:11.758 | INFO     | Pendulum.PendulumAPP:_processSerialData:120 - 📏 串口长度数据已更新: L44.737293 -> physical_length=44.737293
2025-09-02 14:49:11.761 | INFO     | Pendulum.PendulumAPP:_processSerialData:121 - 🔄 数据来源: 串口接收 -> PendulumState.physical_length
2025-09-02 14:49:11.804 | INFO     | Pendulum.PendulumAPP:_processSerialData:120 - 📏 串口长度数据已更新: L44.737293 -> physical_length=44.737293
2025-09-02 14:49:11.805 | INFO     | Pendulum.PendulumAPP:_processSerialData:121 - 🔄 数据来源: 串口接收 -> PendulumState.physical_length
2025-09-02 14:49:11.854 | INFO     | Pendulum.PendulumAPP:_processSerialData:120 - 📏 串口长度数据已更新: L44.737293 -> physical_length=44.737293
2025-09-02 14:49:11.857 | INFO     | Pendulum.PendulumAPP:_processSerialData:121 - 🔄 数据来源: 串口接收 -> PendulumState.physical_length
2025-09-02 14:49:11.899 | INFO     | Pendulum.PendulumAPP:_processSerialData:120 - 📏 串口长度数据已更新: L44.737293 -> physical_length=44.737293
2025-09-02 14:49:11.900 | INFO     | Pendulum.PendulumAPP:_processSerialData:121 - 🔄 数据来源: 串口接收 -> PendulumState.physical_length
2025-09-02 14:49:11.945 | INFO     | Pendulum.PendulumAPP:_processSerialData:120 - 📏 串口长度数据已更新: L44.737293 -> physical_length=44.737293
2025-09-02 14:49:11.946 | INFO     | Pendulum.PendulumAPP:_processSerialData:121 - 🔄 数据来源: 串口接收 -> PendulumState.physical_length
2025-09-02 14:49:11.993 | INFO     | Pendulum.PendulumAPP:_processSerialData:120 - 📏 串口长度数据已更新: L44.737293 -> physical_length=44.737293
2025-09-02 14:49:11.995 | INFO     | Pendulum.PendulumAPP:_processSerialData:121 - 🔄 数据来源: 串口接收 -> PendulumState.physical_length
2025-09-02 14:49:12.039 | INFO     | Pendulum.PendulumAPP:_processSerialData:120 - 📏 串口长度数据已更新: L44.737293 -> physical_length=44.737293
2025-09-02 14:49:12.039 | INFO     | Pendulum.PendulumAPP:_processSerialData:121 - 🔄 数据来源: 串口接收 -> PendulumState.physical_length
2025-09-02 14:49:12.086 | INFO     | Pendulum.PendulumAPP:_processSerialData:120 - 📏 串口长度数据已更新: L44.737293 -> physical_length=44.737293
2025-09-02 14:49:12.087 | INFO     | Pendulum.PendulumAPP:_processSerialData:121 - 🔄 数据来源: 串口接收 -> PendulumState.physical_length
2025-09-02 14:49:12.133 | INFO     | Pendulum.PendulumAPP:_processSerialData:120 - 📏 串口长度数据已更新: L44.737293 -> physical_length=44.737293
2025-09-02 14:49:12.133 | INFO     | Pendulum.PendulumAPP:_processSerialData:121 - 🔄 数据来源: 串口接收 -> PendulumState.physical_length
2025-09-02 14:49:12.179 | INFO     | Pendulum.PendulumAPP:_processSerialData:120 - 📏 串口长度数据已更新: L44.737293 -> physical_length=44.737293
2025-09-02 14:49:12.181 | INFO     | Pendulum.PendulumAPP:_processSerialData:121 - 🔄 数据来源: 串口接收 -> PendulumState.physical_length
2025-09-02 14:49:12.225 | INFO     | Pendulum.PendulumAPP:_processSerialData:120 - 📏 串口长度数据已更新: L44.737293 -> physical_length=44.737293
2025-09-02 14:49:12.227 | INFO     | Pendulum.PendulumAPP:_processSerialData:121 - 🔄 数据来源: 串口接收 -> PendulumState.physical_length
2025-09-02 14:49:12.272 | INFO     | Pendulum.PendulumAPP:_processSerialData:120 - 📏 串口长度数据已更新: L44.737293 -> physical_length=44.737293
2025-09-02 14:49:12.272 | INFO     | Pendulum.PendulumAPP:_processSerialData:121 - 🔄 数据来源: 串口接收 -> PendulumState.physical_length
2025-09-02 14:49:12.320 | INFO     | Pendulum.PendulumAPP:_processSerialData:120 - 📏 串口长度数据已更新: L44.737293 -> physical_length=44.737293
2025-09-02 14:49:12.320 | INFO     | Pendulum.PendulumAPP:_processSerialData:121 - 🔄 数据来源: 串口接收 -> PendulumState.physical_length
2025-09-02 14:49:12.367 | INFO     | Pendulum.PendulumAPP:_processSerialData:120 - 📏 串口长度数据已更新: L44.737293 -> physical_length=44.737293
2025-09-02 14:49:12.370 | INFO     | Pendulum.PendulumAPP:_processSerialData:121 - 🔄 数据来源: 串口接收 -> PendulumState.physical_length
2025-09-02 14:49:12.413 | INFO     | Pendulum.PendulumAPP:_processSerialData:120 - 📏 串口长度数据已更新: L44.737293 -> physical_length=44.737293
2025-09-02 14:49:12.414 | INFO     | Pendulum.PendulumAPP:_processSerialData:121 - 🔄 数据来源: 串口接收 -> PendulumState.physical_length
2025-09-02 14:49:12.459 | INFO     | Pendulum.PendulumAPP:_processSerialData:120 - 📏 串口长度数据已更新: L44.737293 -> physical_length=44.737293
2025-09-02 14:49:12.460 | INFO     | Pendulum.PendulumAPP:_processSerialData:121 - 🔄 数据来源: 串口接收 -> PendulumState.physical_length
2025-09-02 14:49:12.506 | INFO     | Pendulum.PendulumAPP:_processSerialData:120 - 📏 串口长度数据已更新: L44.737293 -> physical_length=44.737293
2025-09-02 14:49:12.508 | INFO     | Pendulum.PendulumAPP:_processSerialData:121 - 🔄 数据来源: 串口接收 -> PendulumState.physical_length
2025-09-02 14:49:12.553 | INFO     | Pendulum.PendulumAPP:_processSerialData:120 - 📏 串口长度数据已更新: L44.737293 -> physical_length=44.737293
2025-09-02 14:49:12.555 | INFO     | Pendulum.PendulumAPP:_processSerialData:121 - 🔄 数据来源: 串口接收 -> PendulumState.physical_length
2025-09-02 14:49:12.600 | INFO     | Pendulum.PendulumAPP:_processSerialData:120 - 📏 串口长度数据已更新: L44.737293 -> physical_length=44.737293
2025-09-02 14:49:12.601 | INFO     | Pendulum.PendulumAPP:_processSerialData:121 - 🔄 数据来源: 串口接收 -> PendulumState.physical_length
2025-09-02 14:49:12.646 | INFO     | Pendulum.PendulumAPP:_processSerialData:120 - 📏 串口长度数据已更新: L44.737293 -> physical_length=44.737293
2025-09-02 14:49:12.647 | INFO     | Pendulum.PendulumAPP:_processSerialData:121 - 🔄 数据来源: 串口接收 -> PendulumState.physical_length
2025-09-02 14:49:12.677 | INFO     | Pendulum.SerialConncet:_run:176 - [接收] T2.000000,1.347776,2.693323
2025-09-02 14:49:14.020 | INFO     | Pendulum.SerialConncet:_run:176 - [接收] T3.000000,1.347739,4.041062
2025-09-02 14:49:15.363 | INFO     | Pendulum.SerialConncet:_run:176 - [接收] T4.000000,1.347583,5.388646
2025-09-02 14:49:16.703 | INFO     | Pendulum.SerialConncet:_run:176 - [接收] T5.000000,1.347991,6.736636
2025-09-02 14:49:18.046 | INFO     | Pendulum.SerialConncet:_run:176 - [接收] T6.000000,1.348370,8.085007
2025-09-02 14:49:19.393 | INFO     | Pendulum.SerialConncet:_run:176 - [接收] T7.000000,1.347346,9.432352
2025-09-02 14:49:20.737 | INFO     | Pendulum.SerialConncet:_run:176 - [接收] T8.000000,1.347256,10.779609
2025-09-02 14:49:22.074 | INFO     | Pendulum.SerialConncet:_run:176 - [接收] T9.000000,1.348084,12.127693
2025-09-02 14:49:23.416 | INFO     | Pendulum.SerialConncet:_run:176 - [接收] T10.000000,1.348524,13.476217
2025-09-02 14:49:24.758 | INFO     | Pendulum.SerialConncet:_run:176 - [接收] T11.000000,1.347492,14.823709
2025-09-02 14:49:26.100 | INFO     | Pendulum.SerialConncet:_run:176 - [接收] T12.000000,1.344314,16.168024
2025-09-02 14:49:27.442 | INFO     | Pendulum.SerialConncet:_run:176 - [接收] T13.000000,1.347802,17.515827
2025-09-02 14:49:28.785 | INFO     | Pendulum.SerialConncet:_run:176 - [接收] T14.000000,1.347941,18.863768
2025-09-02 14:49:30.127 | INFO     | Pendulum.SerialConncet:_run:176 - [接收] T15.000000,1.347981,20.211748
2025-09-02 14:49:31.470 | INFO     | Pendulum.SerialConncet:_run:176 - [接收] T16.000000,1.347908,21.559656
2025-09-02 14:49:32.815 | INFO     | Pendulum.SerialConncet:_run:176 - [接收] T17.000000,1.347633,22.907290
2025-09-02 14:49:34.157 | INFO     | Pendulum.SerialConncet:_run:176 - [接收] T18.000000,1.347687,24.254976
2025-09-02 14:49:35.496 | INFO     | Pendulum.SerialConncet:_run:176 - [接收] T19.000000,1.347417,25.602392
2025-09-02 14:49:36.839 | INFO     | Pendulum.SerialConncet:_run:176 - [接收] T20.000000,1.348042,26.950434
2025-09-02 14:49:57.297 | INFO     | Pendulum.PendulumAPP:_keyEventWeb:243 - ↑
2025-09-02 14:49:57.300 | INFO     | Pendulum.SerialConncet:send:199 - sendm2
2025-09-02 14:49:57.301 | INFO     | Pendulum.SerialConncet:send:201 - [发送] m2
2025-09-02 14:49:57.326 | INFO     | Pendulum.SerialConncet:_run:176 - [接收] L44.711773
2025-09-02 14:49:57.345 | INFO     | Pendulum.SerialConncet:_run:176 - [接收] L44.686249
2025-09-02 14:49:57.365 | INFO     | Pendulum.PendulumAPP:_processSerialData:120 - 📏 串口长度数据已更新: L44.686249 -> physical_length=44.686249
2025-09-02 14:49:57.366 | INFO     | Pendulum.PendulumAPP:_processSerialData:121 - 🔄 数据来源: 串口接收 -> PendulumState.physical_length
2025-09-02 14:49:57.368 | INFO     | Pendulum.SerialConncet:_run:176 - [接收] L44.660728
2025-09-02 14:49:57.387 | INFO     | Pendulum.SerialConncet:_run:176 - [接收] L44.635208
2025-09-02 14:49:57.407 | INFO     | Pendulum.SerialConncet:_run:176 - [接收] L44.609688
2025-09-02 14:49:57.412 | INFO     | Pendulum.PendulumAPP:_processSerialData:120 - 📏 串口长度数据已更新: L44.609688 -> physical_length=44.609688
2025-09-02 14:49:57.412 | INFO     | Pendulum.PendulumAPP:_processSerialData:121 - 🔄 数据来源: 串口接收 -> PendulumState.physical_length
2025-09-02 14:49:57.429 | INFO     | Pendulum.SerialConncet:_run:176 - [接收] L44.584167
2025-09-02 14:49:57.450 | INFO     | Pendulum.SerialConncet:_run:176 - [接收] L44.558647
2025-09-02 14:49:57.459 | INFO     | Pendulum.PendulumAPP:_processSerialData:120 - 📏 串口长度数据已更新: L44.558647 -> physical_length=44.558647
2025-09-02 14:49:57.461 | INFO     | Pendulum.PendulumAPP:_processSerialData:121 - 🔄 数据来源: 串口接收 -> PendulumState.physical_length
2025-09-02 14:49:57.470 | INFO     | Pendulum.SerialConncet:_run:176 - [接收] L44.533127
2025-09-02 14:49:57.492 | INFO     | Pendulum.SerialConncet:_run:176 - [接收] L44.507603
2025-09-02 14:49:57.505 | INFO     | Pendulum.PendulumAPP:_processSerialData:120 - 📏 串口长度数据已更新: L44.507603 -> physical_length=44.507603
2025-09-02 14:49:57.508 | INFO     | Pendulum.PendulumAPP:_processSerialData:121 - 🔄 数据来源: 串口接收 -> PendulumState.physical_length
2025-09-02 14:49:57.513 | INFO     | Pendulum.SerialConncet:_run:176 - [接收] L44.482082
2025-09-02 14:49:57.539 | INFO     | Pendulum.SerialConncet:_run:176 - [接收] L44.456562
2025-09-02 14:49:57.553 | INFO     | Pendulum.PendulumAPP:_processSerialData:120 - 📏 串口长度数据已更新: L44.456562 -> physical_length=44.456562
2025-09-02 14:49:57.554 | INFO     | Pendulum.PendulumAPP:_processSerialData:121 - 🔄 数据来源: 串口接收 -> PendulumState.physical_length
2025-09-02 14:49:57.557 | INFO     | Pendulum.SerialConncet:_run:176 - [接收] L44.431042
2025-09-02 14:49:57.575 | INFO     | Pendulum.SerialConncet:_run:176 - [接收] L44.405521
2025-09-02 14:49:57.596 | INFO     | Pendulum.SerialConncet:_run:176 - [接收] L44.380001
2025-09-02 14:49:57.598 | INFO     | Pendulum.PendulumAPP:_processSerialData:120 - 📏 串口长度数据已更新: L44.405521 -> physical_length=44.405521
2025-09-02 14:49:57.599 | INFO     | Pendulum.PendulumAPP:_processSerialData:121 - 🔄 数据来源: 串口接收 -> PendulumState.physical_length
2025-09-02 14:49:57.617 | INFO     | Pendulum.SerialConncet:_run:176 - [接收] L44.354477
2025-09-02 14:49:57.639 | INFO     | Pendulum.SerialConncet:_run:176 - [接收] L44.328957
2025-09-02 14:49:57.645 | INFO     | Pendulum.PendulumAPP:_processSerialData:120 - 📏 串口长度数据已更新: L44.328957 -> physical_length=44.328957
2025-09-02 14:49:57.648 | INFO     | Pendulum.PendulumAPP:_processSerialData:121 - 🔄 数据来源: 串口接收 -> PendulumState.physical_length
2025-09-02 14:49:57.659 | INFO     | Pendulum.SerialConncet:_run:176 - [接收] L44.303436
2025-09-02 14:49:57.682 | INFO     | Pendulum.SerialConncet:_run:176 - [接收] L44.277912
2025-09-02 14:49:57.692 | INFO     | Pendulum.PendulumAPP:_processSerialData:120 - 📏 串口长度数据已更新: L44.277912 -> physical_length=44.277912
2025-09-02 14:49:57.692 | INFO     | Pendulum.PendulumAPP:_processSerialData:121 - 🔄 数据来源: 串口接收 -> PendulumState.physical_length
2025-09-02 14:49:57.700 | INFO     | Pendulum.SerialConncet:_run:176 - [接收] L44.252392
2025-09-02 14:49:57.722 | INFO     | Pendulum.SerialConncet:_run:176 - [接收] L44.226875
2025-09-02 14:49:57.739 | INFO     | Pendulum.PendulumAPP:_processSerialData:120 - 📏 串口长度数据已更新: L44.226875 -> physical_length=44.226875
2025-09-02 14:49:57.740 | INFO     | Pendulum.PendulumAPP:_processSerialData:121 - 🔄 数据来源: 串口接收 -> PendulumState.physical_length
2025-09-02 14:49:57.742 | INFO     | Pendulum.SerialConncet:_run:176 - [接收] L44.201351
2025-09-02 14:49:57.763 | INFO     | Pendulum.SerialConncet:_run:176 - [接收] L44.175831
2025-09-02 14:49:57.784 | INFO     | Pendulum.SerialConncet:_run:176 - [接收] L44.150311
2025-09-02 14:49:57.786 | INFO     | Pendulum.PendulumAPP:_processSerialData:120 - 📏 串口长度数据已更新: L44.150311 -> physical_length=44.150311
2025-09-02 14:49:57.787 | INFO     | Pendulum.PendulumAPP:_processSerialData:121 - 🔄 数据来源: 串口接收 -> PendulumState.physical_length
2025-09-02 14:49:57.806 | INFO     | Pendulum.SerialConncet:_run:176 - [接收] L44.124786
2025-09-02 14:49:57.825 | INFO     | Pendulum.SerialConncet:_run:176 - [接收] L44.099266
2025-09-02 14:49:57.832 | INFO     | Pendulum.PendulumAPP:_processSerialData:120 - 📏 串口长度数据已更新: L44.099266 -> physical_length=44.099266
2025-09-02 14:49:57.833 | INFO     | Pendulum.PendulumAPP:_processSerialData:121 - 🔄 数据来源: 串口接收 -> PendulumState.physical_length
2025-09-02 14:49:57.847 | INFO     | Pendulum.SerialConncet:_run:176 - [接收] L44.073746
2025-09-02 14:49:57.868 | INFO     | Pendulum.SerialConncet:_run:176 - [接收] L44.048225
2025-09-02 14:49:57.880 | INFO     | Pendulum.PendulumAPP:_processSerialData:120 - 📏 串口长度数据已更新: L44.048225 -> physical_length=44.048225
2025-09-02 14:49:57.881 | INFO     | Pendulum.PendulumAPP:_processSerialData:121 - 🔄 数据来源: 串口接收 -> PendulumState.physical_length
2025-09-02 14:49:57.890 | INFO     | Pendulum.SerialConncet:_run:176 - [接收] L44.022705
2025-09-02 14:49:57.910 | INFO     | Pendulum.SerialConncet:_run:176 - [接收] L43.997185
2025-09-02 14:49:57.926 | INFO     | Pendulum.PendulumAPP:_processSerialData:120 - 📏 串口长度数据已更新: L43.997185 -> physical_length=43.997185
2025-09-02 14:49:57.927 | INFO     | Pendulum.PendulumAPP:_processSerialData:121 - 🔄 数据来源: 串口接收 -> PendulumState.physical_length
2025-09-02 14:49:57.930 | INFO     | Pendulum.SerialConncet:_run:176 - [接收] L43.971664
2025-09-02 14:49:57.954 | INFO     | Pendulum.SerialConncet:_run:176 - [接收] L43.946140
2025-09-02 14:49:57.972 | INFO     | Pendulum.SerialConncet:_run:176 - [接收] L43.920620
2025-09-02 14:49:57.974 | INFO     | Pendulum.PendulumAPP:_processSerialData:120 - 📏 串口长度数据已更新: L43.920620 -> physical_length=43.920620
2025-09-02 14:49:57.975 | INFO     | Pendulum.PendulumAPP:_processSerialData:121 - 🔄 数据来源: 串口接收 -> PendulumState.physical_length
2025-09-02 14:49:57.993 | INFO     | Pendulum.SerialConncet:_run:176 - [接收] L43.895100
2025-09-02 14:49:58.013 | INFO     | Pendulum.SerialConncet:_run:176 - [接收] L43.869579
2025-09-02 14:49:58.020 | INFO     | Pendulum.PendulumAPP:_processSerialData:120 - 📏 串口长度数据已更新: L43.869579 -> physical_length=43.869579
2025-09-02 14:49:58.022 | INFO     | Pendulum.PendulumAPP:_processSerialData:121 - 🔄 数据来源: 串口接收 -> PendulumState.physical_length
2025-09-02 14:49:58.035 | INFO     | Pendulum.SerialConncet:_run:176 - [接收] L43.844059
2025-09-02 14:49:58.056 | INFO     | Pendulum.SerialConncet:_run:176 - [接收] L43.818539
2025-09-02 14:49:58.066 | INFO     | Pendulum.PendulumAPP:_processSerialData:120 - 📏 串口长度数据已更新: L43.818539 -> physical_length=43.818539
2025-09-02 14:49:58.067 | INFO     | Pendulum.PendulumAPP:_processSerialData:121 - 🔄 数据来源: 串口接收 -> PendulumState.physical_length
2025-09-02 14:49:58.077 | INFO     | Pendulum.SerialConncet:_run:176 - [接收] L43.793015
2025-09-02 14:49:58.099 | INFO     | Pendulum.SerialConncet:_run:176 - [接收] L43.767494
2025-09-02 14:49:58.113 | INFO     | Pendulum.PendulumAPP:_processSerialData:120 - 📏 串口长度数据已更新: L43.767494 -> physical_length=43.767494
2025-09-02 14:49:58.114 | INFO     | Pendulum.PendulumAPP:_processSerialData:121 - 🔄 数据来源: 串口接收 -> PendulumState.physical_length
2025-09-02 14:49:58.118 | INFO     | Pendulum.SerialConncet:_run:176 - [接收] L43.741974
2025-09-02 14:49:58.142 | INFO     | Pendulum.SerialConncet:_run:176 - [接收] L43.716454
2025-09-02 14:49:58.158 | INFO     | Pendulum.PendulumAPP:_processSerialData:120 - 📏 串口长度数据已更新: L43.716454 -> physical_length=43.716454
2025-09-02 14:49:58.159 | INFO     | Pendulum.PendulumAPP:_processSerialData:121 - 🔄 数据来源: 串口接收 -> PendulumState.physical_length
2025-09-02 14:49:58.161 | INFO     | Pendulum.SerialConncet:_run:176 - [接收] L43.690929
2025-09-02 14:49:58.183 | INFO     | Pendulum.SerialConncet:_run:176 - [接收] L43.665413
2025-09-02 14:49:58.204 | INFO     | Pendulum.SerialConncet:_run:176 - [接收] L43.639893
2025-09-02 14:49:58.205 | INFO     | Pendulum.PendulumAPP:_processSerialData:120 - 📏 串口长度数据已更新: L43.665413 -> physical_length=43.665413
2025-09-02 14:49:58.208 | INFO     | Pendulum.PendulumAPP:_processSerialData:121 - 🔄 数据来源: 串口接收 -> PendulumState.physical_length
2025-09-02 14:49:58.224 | INFO     | Pendulum.SerialConncet:_run:176 - [接收] L43.614368
2025-09-02 14:49:58.243 | INFO     | Pendulum.SerialConncet:_run:176 - [接收] L43.588848
2025-09-02 14:49:58.251 | INFO     | Pendulum.PendulumAPP:_processSerialData:120 - 📏 串口长度数据已更新: L43.588848 -> physical_length=43.588848
2025-09-02 14:49:58.255 | INFO     | Pendulum.PendulumAPP:_processSerialData:121 - 🔄 数据来源: 串口接收 -> PendulumState.physical_length
2025-09-02 14:49:58.265 | INFO     | Pendulum.SerialConncet:_run:176 - [接收] L43.563328
2025-09-02 14:49:58.288 | INFO     | Pendulum.SerialConncet:_run:176 - [接收] L43.537804
2025-09-02 14:49:58.298 | INFO     | Pendulum.PendulumAPP:_processSerialData:120 - 📏 串口长度数据已更新: L43.537804 -> physical_length=43.537804
2025-09-02 14:49:58.301 | INFO     | Pendulum.PendulumAPP:_processSerialData:121 - 🔄 数据来源: 串口接收 -> PendulumState.physical_length
2025-09-02 14:49:58.306 | INFO     | Pendulum.SerialConncet:_run:176 - [接收] L43.512283
2025-09-02 14:49:58.328 | INFO     | Pendulum.SerialConncet:_run:176 - [接收] L43.486763
2025-09-02 14:49:58.345 | INFO     | Pendulum.PendulumAPP:_processSerialData:120 - 📏 串口长度数据已更新: L43.486763 -> physical_length=43.486763
2025-09-02 14:49:58.345 | INFO     | Pendulum.PendulumAPP:_processSerialData:121 - 🔄 数据来源: 串口接收 -> PendulumState.physical_length
2025-09-02 14:49:58.351 | INFO     | Pendulum.SerialConncet:_run:176 - [接收] L43.461243
2025-09-02 14:49:58.374 | INFO     | Pendulum.SerialConncet:_run:176 - [接收] L43.435722
2025-09-02 14:49:58.391 | INFO     | Pendulum.SerialConncet:_run:176 - [接收] L43.410202
2025-09-02 14:49:58.392 | INFO     | Pendulum.PendulumAPP:_processSerialData:120 - 📏 串口长度数据已更新: L43.410202 -> physical_length=43.410202
2025-09-02 14:49:58.393 | INFO     | Pendulum.PendulumAPP:_processSerialData:121 - 🔄 数据来源: 串口接收 -> PendulumState.physical_length
2025-09-02 14:49:58.412 | INFO     | Pendulum.SerialConncet:_run:176 - [接收] L43.384678
2025-09-02 14:49:58.432 | INFO     | Pendulum.SerialConncet:_run:176 - [接收] L43.359158
2025-09-02 14:49:58.438 | INFO     | Pendulum.PendulumAPP:_processSerialData:120 - 📏 串口长度数据已更新: L43.359158 -> physical_length=43.359158
2025-09-02 14:49:58.439 | INFO     | Pendulum.PendulumAPP:_processSerialData:121 - 🔄 数据来源: 串口接收 -> PendulumState.physical_length
2025-09-02 14:49:58.453 | INFO     | Pendulum.SerialConncet:_run:176 - [接收] L43.333637
2025-09-02 14:49:58.474 | INFO     | Pendulum.SerialConncet:_run:176 - [接收] L43.308117
2025-09-02 14:49:58.484 | INFO     | Pendulum.PendulumAPP:_processSerialData:120 - 📏 串口长度数据已更新: L43.308117 -> physical_length=43.308117
2025-09-02 14:49:58.486 | INFO     | Pendulum.PendulumAPP:_processSerialData:121 - 🔄 数据来源: 串口接收 -> PendulumState.physical_length
2025-09-02 14:49:58.495 | INFO     | Pendulum.SerialConncet:_run:176 - [接收] L43.282597
2025-09-02 14:49:58.516 | INFO     | Pendulum.SerialConncet:_run:176 - [接收] L43.257076
2025-09-02 14:49:58.531 | INFO     | Pendulum.PendulumAPP:_processSerialData:120 - 📏 串口长度数据已更新: L43.257076 -> physical_length=43.257076
2025-09-02 14:49:58.532 | INFO     | Pendulum.PendulumAPP:_processSerialData:121 - 🔄 数据来源: 串口接收 -> PendulumState.physical_length
2025-09-02 14:49:58.537 | INFO     | Pendulum.SerialConncet:_run:176 - [接收] L43.231556
2025-09-02 14:49:58.559 | INFO     | Pendulum.SerialConncet:_run:176 - [接收] L43.206032
2025-09-02 14:49:58.578 | INFO     | Pendulum.PendulumAPP:_processSerialData:120 - 📏 串口长度数据已更新: L43.206032 -> physical_length=43.206032
2025-09-02 14:49:58.579 | INFO     | Pendulum.PendulumAPP:_processSerialData:121 - 🔄 数据来源: 串口接收 -> PendulumState.physical_length
2025-09-02 14:49:58.584 | INFO     | Pendulum.SerialConncet:_run:176 - [接收] L43.180511
2025-09-02 14:49:58.600 | INFO     | Pendulum.SerialConncet:_run:176 - [接收] L43.154991
2025-09-02 14:49:58.621 | INFO     | Pendulum.SerialConncet:_run:176 - [接收] L43.129467
2025-09-02 14:49:58.625 | INFO     | Pendulum.PendulumAPP:_processSerialData:120 - 📏 串口长度数据已更新: L43.129467 -> physical_length=43.129467
2025-09-02 14:49:58.626 | INFO     | Pendulum.PendulumAPP:_processSerialData:121 - 🔄 数据来源: 串口接收 -> PendulumState.physical_length
2025-09-02 14:49:58.642 | INFO     | Pendulum.SerialConncet:_run:176 - [接收] L43.103951
2025-09-02 14:49:58.663 | INFO     | Pendulum.SerialConncet:_run:176 - [接收] L43.078430
2025-09-02 14:49:58.670 | INFO     | Pendulum.PendulumAPP:_processSerialData:120 - 📏 串口长度数据已更新: L43.078430 -> physical_length=43.078430
2025-09-02 14:49:58.671 | INFO     | Pendulum.PendulumAPP:_processSerialData:121 - 🔄 数据来源: 串口接收 -> PendulumState.physical_length
2025-09-02 14:49:58.683 | INFO     | Pendulum.SerialConncet:_run:176 - [接收] L43.052906
2025-09-02 14:49:58.709 | INFO     | Pendulum.SerialConncet:_run:176 - [接收] L43.027386
2025-09-02 14:49:58.715 | INFO     | Pendulum.PendulumAPP:_processSerialData:120 - 📏 串口长度数据已更新: L43.027386 -> physical_length=43.027386
2025-09-02 14:49:58.716 | INFO     | Pendulum.PendulumAPP:_processSerialData:121 - 🔄 数据来源: 串口接收 -> PendulumState.physical_length
2025-09-02 14:49:58.725 | INFO     | Pendulum.SerialConncet:_run:176 - [接收] L43.001865
2025-09-02 14:49:58.746 | INFO     | Pendulum.SerialConncet:_run:176 - [接收] L42.976341
2025-09-02 14:49:58.761 | INFO     | Pendulum.PendulumAPP:_processSerialData:120 - 📏 串口长度数据已更新: L42.976341 -> physical_length=42.976341
2025-09-02 14:49:58.765 | INFO     | Pendulum.PendulumAPP:_processSerialData:121 - 🔄 数据来源: 串口接收 -> PendulumState.physical_length
2025-09-02 14:49:58.769 | INFO     | Pendulum.SerialConncet:_run:176 - [接收] L42.950821
2025-09-02 14:49:58.791 | INFO     | Pendulum.SerialConncet:_run:176 - [接收] L42.925301
2025-09-02 14:49:58.808 | INFO     | Pendulum.PendulumAPP:_processSerialData:120 - 📏 串口长度数据已更新: L42.925301 -> physical_length=42.925301
2025-09-02 14:49:58.809 | INFO     | Pendulum.PendulumAPP:_processSerialData:121 - 🔄 数据来源: 串口接收 -> PendulumState.physical_length
2025-09-02 14:49:58.812 | INFO     | Pendulum.SerialConncet:_run:176 - [接收] L42.899784
2025-09-02 14:49:58.831 | INFO     | Pendulum.SerialConncet:_run:176 - [接收] L42.874260
2025-09-02 14:49:58.851 | INFO     | Pendulum.SerialConncet:_run:176 - [接收] L42.848740
2025-09-02 14:49:58.854 | INFO     | Pendulum.PendulumAPP:_processSerialData:120 - 📏 串口长度数据已更新: L42.848740 -> physical_length=42.848740
2025-09-02 14:49:58.855 | INFO     | Pendulum.PendulumAPP:_processSerialData:121 - 🔄 数据来源: 串口接收 -> PendulumState.physical_length
2025-09-02 14:49:58.871 | INFO     | Pendulum.SerialConncet:_run:176 - [接收] L42.823219
2025-09-02 14:49:58.893 | INFO     | Pendulum.SerialConncet:_run:176 - [接收] L42.797695
2025-09-02 14:49:58.900 | INFO     | Pendulum.PendulumAPP:_processSerialData:120 - 📏 串口长度数据已更新: L42.797695 -> physical_length=42.797695
2025-09-02 14:49:58.900 | INFO     | Pendulum.PendulumAPP:_processSerialData:121 - 🔄 数据来源: 串口接收 -> PendulumState.physical_length
2025-09-02 14:49:58.913 | INFO     | Pendulum.SerialConncet:_run:176 - [接收] L42.772175
2025-09-02 14:49:58.935 | INFO     | Pendulum.SerialConncet:_run:176 - [接收] L42.746655
2025-09-02 14:49:58.946 | INFO     | Pendulum.PendulumAPP:_processSerialData:120 - 📏 串口长度数据已更新: L42.746655 -> physical_length=42.746655
2025-09-02 14:49:58.948 | INFO     | Pendulum.PendulumAPP:_processSerialData:121 - 🔄 数据来源: 串口接收 -> PendulumState.physical_length
2025-09-02 14:49:58.956 | INFO     | Pendulum.SerialConncet:_run:176 - [接收] L42.721134
2025-09-02 14:49:58.977 | INFO     | Pendulum.SerialConncet:_run:176 - [接收] L42.695614
2025-09-02 14:49:58.990 | INFO     | Pendulum.PendulumAPP:_processSerialData:120 - 📏 串口长度数据已更新: L42.695614 -> physical_length=42.695614
2025-09-02 14:49:58.991 | INFO     | Pendulum.PendulumAPP:_processSerialData:121 - 🔄 数据来源: 串口接收 -> PendulumState.physical_length
2025-09-02 14:49:58.998 | INFO     | Pendulum.SerialConncet:_run:176 - [接收] L42.670094
2025-09-02 14:49:59.018 | INFO     | Pendulum.SerialConncet:_run:176 - [接收] L42.644569
2025-09-02 14:49:59.031 | INFO     | Pendulum.PendulumAPP:_keyEventWeb:280 - n1
2025-09-02 14:49:59.032 | INFO     | Pendulum.SerialConncet:send:199 - sendn1
2025-09-02 14:49:59.033 | INFO     | Pendulum.SerialConncet:send:201 - [发送] n1
2025-09-02 14:49:59.036 | INFO     | Pendulum.PendulumAPP:_processSerialData:120 - 📏 串口长度数据已更新: L42.644569 -> physical_length=42.644569
2025-09-02 14:49:59.037 | INFO     | Pendulum.PendulumAPP:_processSerialData:121 - 🔄 数据来源: 串口接收 -> PendulumState.physical_length
2025-09-02 14:49:59.039 | INFO     | Pendulum.SerialConncet:_run:176 - [接收] L42.619049
2025-09-02 14:49:59.060 | INFO     | Pendulum.SerialConncet:_run:176 - [接收] L42.593529
2025-09-02 14:49:59.081 | INFO     | Pendulum.SerialConncet:_run:176 - [接收] L42.568005
2025-09-02 14:49:59.083 | INFO     | Pendulum.PendulumAPP:_processSerialData:120 - 📏 串口长度数据已更新: L42.568005 -> physical_length=42.568005
2025-09-02 14:49:59.083 | INFO     | Pendulum.PendulumAPP:_processSerialData:121 - 🔄 数据来源: 串口接收 -> PendulumState.physical_length
2025-09-02 14:49:59.101 | INFO     | Pendulum.SerialConncet:_run:176 - [接收] L42.542488
2025-09-02 14:49:59.122 | INFO     | Pendulum.SerialConncet:_run:176 - [接收] L42.516968
2025-09-02 14:49:59.129 | INFO     | Pendulum.PendulumAPP:_processSerialData:120 - 📏 串口长度数据已更新: L42.516968 -> physical_length=42.516968
2025-09-02 14:49:59.130 | INFO     | Pendulum.PendulumAPP:_processSerialData:121 - 🔄 数据来源: 串口接收 -> PendulumState.physical_length
2025-09-02 14:49:59.143 | INFO     | Pendulum.SerialConncet:_run:176 - [接收] L42.491444
2025-09-02 14:49:59.166 | INFO     | Pendulum.SerialConncet:_run:176 - [接收] L42.465923
2025-09-02 14:49:59.175 | INFO     | Pendulum.PendulumAPP:_processSerialData:120 - 📏 串口长度数据已更新: L42.465923 -> physical_length=42.465923
2025-09-02 14:49:59.175 | INFO     | Pendulum.PendulumAPP:_processSerialData:121 - 🔄 数据来源: 串口接收 -> PendulumState.physical_length
2025-09-02 14:49:59.186 | INFO     | Pendulum.SerialConncet:_run:176 - [接收] L42.440403
2025-09-02 14:49:59.207 | INFO     | Pendulum.SerialConncet:_run:176 - [接收] L42.414883
2025-09-02 14:49:59.223 | INFO     | Pendulum.PendulumAPP:_processSerialData:120 - 📏 串口长度数据已更新: L42.414883 -> physical_length=42.414883
2025-09-02 14:49:59.223 | INFO     | Pendulum.PendulumAPP:_processSerialData:121 - 🔄 数据来源: 串口接收 -> PendulumState.physical_length
2025-09-02 14:49:59.228 | INFO     | Pendulum.SerialConncet:_run:176 - [接收] L42.389359
2025-09-02 14:49:59.248 | INFO     | Pendulum.SerialConncet:_run:176 - [接收] L42.363838
2025-09-02 14:49:59.269 | INFO     | Pendulum.SerialConncet:_run:176 - [接收] L42.338322
2025-09-02 14:49:59.271 | INFO     | Pendulum.PendulumAPP:_processSerialData:120 - 📏 串口长度数据已更新: L42.338322 -> physical_length=42.338322
2025-09-02 14:49:59.271 | INFO     | Pendulum.PendulumAPP:_processSerialData:121 - 🔄 数据来源: 串口接收 -> PendulumState.physical_length
2025-09-02 14:49:59.290 | INFO     | Pendulum.SerialConncet:_run:176 - [接收] L42.312798
2025-09-02 14:49:59.311 | INFO     | Pendulum.SerialConncet:_run:176 - [接收] L42.287277
2025-09-02 14:49:59.318 | INFO     | Pendulum.PendulumAPP:_processSerialData:120 - 📏 串口长度数据已更新: L42.287277 -> physical_length=42.287277
2025-09-02 14:49:59.319 | INFO     | Pendulum.PendulumAPP:_processSerialData:121 - 🔄 数据来源: 串口接收 -> PendulumState.physical_length
2025-09-02 14:49:59.335 | INFO     | Pendulum.SerialConncet:_run:176 - [接收] L42.261757
2025-09-02 14:49:59.353 | INFO     | Pendulum.SerialConncet:_run:176 - [接收] L42.236233
2025-09-02 14:49:59.364 | INFO     | Pendulum.PendulumAPP:_processSerialData:120 - 📏 串口长度数据已更新: L42.236233 -> physical_length=42.236233
2025-09-02 14:49:59.365 | INFO     | Pendulum.PendulumAPP:_processSerialData:121 - 🔄 数据来源: 串口接收 -> PendulumState.physical_length
2025-09-02 14:49:59.373 | INFO     | Pendulum.SerialConncet:_run:176 - [接收] L42.210712
2025-09-02 14:49:59.395 | INFO     | Pendulum.SerialConncet:_run:176 - [接收] L42.185192
2025-09-02 14:49:59.411 | INFO     | Pendulum.PendulumAPP:_processSerialData:120 - 📏 串口长度数据已更新: L42.185192 -> physical_length=42.185192
2025-09-02 14:49:59.412 | INFO     | Pendulum.PendulumAPP:_processSerialData:121 - 🔄 数据来源: 串口接收 -> PendulumState.physical_length
2025-09-02 14:49:59.415 | INFO     | Pendulum.SerialConncet:_run:176 - [接收] L42.159672
2025-09-02 14:49:59.438 | INFO     | Pendulum.SerialConncet:_run:176 - [接收] L42.134151
2025-09-02 14:49:59.455 | INFO     | Pendulum.PendulumAPP:_processSerialData:120 - 📏 串口长度数据已更新: L42.134151 -> physical_length=42.134151
2025-09-02 14:49:59.458 | INFO     | Pendulum.PendulumAPP:_processSerialData:121 - 🔄 数据来源: 串口接收 -> PendulumState.physical_length
2025-09-02 14:49:59.461 | INFO     | Pendulum.SerialConncet:_run:176 - [接收] L42.108631
2025-09-02 14:49:59.478 | INFO     | Pendulum.SerialConncet:_run:176 - [接收] L42.083111
2025-09-02 14:49:59.502 | INFO     | Pendulum.PendulumAPP:_processSerialData:120 - 📏 串口长度数据已更新: L42.083111 -> physical_length=42.083111
2025-09-02 14:49:59.502 | INFO     | Pendulum.SerialConncet:_run:176 - [接收] L42.057587
2025-09-02 14:49:59.503 | INFO     | Pendulum.PendulumAPP:_processSerialData:121 - 🔄 数据来源: 串口接收 -> PendulumState.physical_length
2025-09-02 14:49:59.520 | INFO     | Pendulum.SerialConncet:_run:176 - [接收] L42.032066
2025-09-02 14:49:59.541 | INFO     | Pendulum.SerialConncet:_run:176 - [接收] L42.006546
2025-09-02 14:49:59.548 | INFO     | Pendulum.PendulumAPP:_processSerialData:120 - 📏 串口长度数据已更新: L42.006546 -> physical_length=42.006546
2025-09-02 14:49:59.552 | INFO     | Pendulum.PendulumAPP:_processSerialData:121 - 🔄 数据来源: 串口接收 -> PendulumState.physical_length
2025-09-02 14:49:59.561 | INFO     | Pendulum.SerialConncet:_run:176 - [接收] L41.981026
2025-09-02 14:49:59.585 | INFO     | Pendulum.SerialConncet:_run:176 - [接收] L41.955505
2025-09-02 14:49:59.597 | INFO     | Pendulum.PendulumAPP:_processSerialData:120 - 📏 串口长度数据已更新: L41.955505 -> physical_length=41.955505
2025-09-02 14:49:59.599 | INFO     | Pendulum.PendulumAPP:_processSerialData:121 - 🔄 数据来源: 串口接收 -> PendulumState.physical_length
2025-09-02 14:49:59.604 | INFO     | Pendulum.SerialConncet:_run:176 - [接收] L41.929985
2025-09-02 14:49:59.625 | INFO     | Pendulum.SerialConncet:_run:176 - [接收] L41.904461
2025-09-02 14:49:59.642 | INFO     | Pendulum.PendulumAPP:_processSerialData:120 - 📏 串口长度数据已更新: L41.904461 -> physical_length=41.904461
2025-09-02 14:49:59.644 | INFO     | Pendulum.PendulumAPP:_processSerialData:121 - 🔄 数据来源: 串口接收 -> PendulumState.physical_length
2025-09-02 14:49:59.648 | INFO     | Pendulum.SerialConncet:_run:176 - [接收] L41.878941
2025-09-02 14:49:59.667 | INFO     | Pendulum.SerialConncet:_run:176 - [接收] L41.853420
2025-09-02 14:49:59.688 | INFO     | Pendulum.PendulumAPP:_processSerialData:120 - 📏 串口长度数据已更新: L41.853420 -> physical_length=41.853420
2025-09-02 14:49:59.688 | INFO     | Pendulum.PendulumAPP:_processSerialData:121 - 🔄 数据来源: 串口接收 -> PendulumState.physical_length
2025-09-02 14:49:59.695 | INFO     | Pendulum.SerialConncet:_run:176 - [接收] L41.827896
2025-09-02 14:49:59.710 | INFO     | Pendulum.SerialConncet:_run:176 - [接收] L41.802376
2025-09-02 14:49:59.729 | INFO     | Pendulum.SerialConncet:_run:176 - [接收] L41.776859
2025-09-02 14:49:59.734 | INFO     | Pendulum.PendulumAPP:_processSerialData:120 - 📏 串口长度数据已更新: L41.776859 -> physical_length=41.776859
2025-09-02 14:49:59.735 | INFO     | Pendulum.PendulumAPP:_processSerialData:121 - 🔄 数据来源: 串口接收 -> PendulumState.physical_length
2025-09-02 14:49:59.750 | INFO     | Pendulum.SerialConncet:_run:176 - [接收] L41.751335
2025-09-02 14:49:59.772 | INFO     | Pendulum.SerialConncet:_run:176 - [接收] L41.725815
2025-09-02 14:49:59.782 | INFO     | Pendulum.PendulumAPP:_processSerialData:120 - 📏 串口长度数据已更新: L41.725815 -> physical_length=41.725815
2025-09-02 14:49:59.783 | INFO     | Pendulum.PendulumAPP:_processSerialData:121 - 🔄 数据来源: 串口接收 -> PendulumState.physical_length
2025-09-02 14:49:59.793 | INFO     | Pendulum.SerialConncet:_run:176 - [接收] L41.700294
2025-09-02 14:49:59.813 | INFO     | Pendulum.SerialConncet:_run:176 - [接收] L41.674770
2025-09-02 14:49:59.828 | INFO     | Pendulum.PendulumAPP:_processSerialData:120 - 📏 串口长度数据已更新: L41.674770 -> physical_length=41.674770
2025-09-02 14:49:59.828 | INFO     | Pendulum.PendulumAPP:_processSerialData:121 - 🔄 数据来源: 串口接收 -> PendulumState.physical_length
2025-09-02 14:49:59.834 | INFO     | Pendulum.SerialConncet:_run:176 - [接收] L41.649250
2025-09-02 14:49:59.854 | INFO     | Pendulum.SerialConncet:_run:176 - [接收] L41.623730
2025-09-02 14:49:59.876 | INFO     | Pendulum.PendulumAPP:_processSerialData:120 - 📏 串口长度数据已更新: L41.623730 -> physical_length=41.623730
2025-09-02 14:49:59.877 | INFO     | Pendulum.PendulumAPP:_processSerialData:121 - 🔄 数据来源: 串口接收 -> PendulumState.physical_length
2025-09-02 14:49:59.879 | INFO     | Pendulum.SerialConncet:_run:176 - [接收] L41.598209
2025-09-02 14:49:59.896 | INFO     | Pendulum.SerialConncet:_run:176 - [接收] L41.572689
2025-09-02 14:49:59.918 | INFO     | Pendulum.SerialConncet:_run:176 - [接收] L41.547169
2025-09-02 14:49:59.922 | INFO     | Pendulum.PendulumAPP:_processSerialData:120 - 📏 串口长度数据已更新: L41.547169 -> physical_length=41.547169
2025-09-02 14:49:59.924 | INFO     | Pendulum.PendulumAPP:_processSerialData:121 - 🔄 数据来源: 串口接收 -> PendulumState.physical_length
2025-09-02 14:49:59.941 | INFO     | Pendulum.SerialConncet:_run:176 - [接收] L41.521648
2025-09-02 14:49:59.959 | INFO     | Pendulum.SerialConncet:_run:176 - [接收] L41.496124
2025-09-02 14:49:59.969 | INFO     | Pendulum.PendulumAPP:_processSerialData:120 - 📏 串口长度数据已更新: L41.496124 -> physical_length=41.496124
2025-09-02 14:49:59.970 | INFO     | Pendulum.PendulumAPP:_processSerialData:121 - 🔄 数据来源: 串口接收 -> PendulumState.physical_length
2025-09-02 14:49:59.979 | INFO     | Pendulum.SerialConncet:_run:176 - [接收] L41.470604
2025-09-02 14:50:00.002 | INFO     | Pendulum.SerialConncet:_run:176 - [接收] L41.445084
2025-09-02 14:50:00.017 | INFO     | Pendulum.PendulumAPP:_processSerialData:120 - 📏 串口长度数据已更新: L41.445084 -> physical_length=41.445084
2025-09-02 14:50:00.021 | INFO     | Pendulum.PendulumAPP:_processSerialData:121 - 🔄 数据来源: 串口接收 -> PendulumState.physical_length
2025-09-02 14:50:00.025 | INFO     | Pendulum.SerialConncet:_run:176 - [接收] L41.419563
2025-09-02 14:50:00.043 | INFO     | Pendulum.SerialConncet:_run:176 - [接收] L41.394043
2025-09-02 14:50:00.061 | INFO     | Pendulum.PendulumAPP:_processSerialData:120 - 📏 串口长度数据已更新: L41.394043 -> physical_length=41.394043
2025-09-02 14:50:00.062 | INFO     | Pendulum.PendulumAPP:_processSerialData:121 - 🔄 数据来源: 串口接收 -> PendulumState.physical_length
2025-09-02 14:50:00.065 | INFO     | Pendulum.SerialConncet:_run:176 - [接收] L41.368523
2025-09-02 14:50:00.086 | INFO     | Pendulum.SerialConncet:_run:176 - [接收] L41.342999
2025-09-02 14:50:00.106 | INFO     | Pendulum.SerialConncet:_run:176 - [接收] L41.317478
2025-09-02 14:50:00.121 | INFO     | Pendulum.PendulumAPP:_processSerialData:120 - 📏 串口长度数据已更新: L41.317478 -> physical_length=41.317478
2025-09-02 14:50:00.121 | INFO     | Pendulum.PendulumAPP:_processSerialData:121 - 🔄 数据来源: 串口接收 -> PendulumState.physical_length
2025-09-02 14:50:00.127 | INFO     | Pendulum.SerialConncet:_run:176 - [接收] L41.291958
2025-09-02 14:50:00.147 | INFO     | Pendulum.SerialConncet:_run:176 - [接收] L41.266438
2025-09-02 14:50:00.167 | INFO     | Pendulum.PendulumAPP:_processSerialData:120 - 📏 串口长度数据已更新: L41.266438 -> physical_length=41.266438
2025-09-02 14:50:00.167 | INFO     | Pendulum.PendulumAPP:_processSerialData:121 - 🔄 数据来源: 串口接收 -> PendulumState.physical_length
2025-09-02 14:50:00.174 | INFO     | Pendulum.SerialConncet:_run:176 - [接收] L41.240913
2025-09-02 14:50:00.192 | INFO     | Pendulum.SerialConncet:_run:176 - [接收] L41.215397
2025-09-02 14:50:00.211 | INFO     | Pendulum.SerialConncet:_run:176 - [接收] L41.189877
2025-09-02 14:50:00.214 | INFO     | Pendulum.PendulumAPP:_processSerialData:120 - 📏 串口长度数据已更新: L41.189877 -> physical_length=41.189877
2025-09-02 14:50:00.215 | INFO     | Pendulum.PendulumAPP:_processSerialData:121 - 🔄 数据来源: 串口接收 -> PendulumState.physical_length
2025-09-02 14:50:00.232 | INFO     | Pendulum.SerialConncet:_run:176 - [接收] L41.164352
2025-09-02 14:50:00.258 | INFO     | Pendulum.SerialConncet:_run:176 - [接收] L41.138832
2025-09-02 14:50:00.263 | INFO     | Pendulum.PendulumAPP:_processSerialData:120 - 📏 串口长度数据已更新: L41.138832 -> physical_length=41.138832
2025-09-02 14:50:00.265 | INFO     | Pendulum.PendulumAPP:_processSerialData:121 - 🔄 数据来源: 串口接收 -> PendulumState.physical_length
2025-09-02 14:50:00.273 | INFO     | Pendulum.SerialConncet:_run:176 - [接收] L41.113312
2025-09-02 14:50:00.294 | INFO     | Pendulum.SerialConncet:_run:176 - [接收] L41.087788
2025-09-02 14:50:00.309 | INFO     | Pendulum.PendulumAPP:_processSerialData:120 - 📏 串口长度数据已更新: L41.087788 -> physical_length=41.087788
2025-09-02 14:50:00.310 | INFO     | Pendulum.PendulumAPP:_processSerialData:121 - 🔄 数据来源: 串口接收 -> PendulumState.physical_length
2025-09-02 14:50:00.314 | INFO     | Pendulum.SerialConncet:_run:176 - [接收] L41.062267
2025-09-02 14:50:00.337 | INFO     | Pendulum.SerialConncet:_run:176 - [接收] L41.036747
2025-09-02 14:50:00.357 | INFO     | Pendulum.PendulumAPP:_processSerialData:120 - 📏 串口长度数据已更新: L41.036747 -> physical_length=41.036747
2025-09-02 14:50:00.358 | INFO     | Pendulum.PendulumAPP:_processSerialData:121 - 🔄 数据来源: 串口接收 -> PendulumState.physical_length
2025-09-02 14:50:00.360 | INFO     | Pendulum.SerialConncet:_run:176 - [接收] L41.011227
2025-09-02 14:50:00.378 | INFO     | Pendulum.SerialConncet:_run:176 - [接收] L40.985706
2025-09-02 14:50:00.401 | INFO     | Pendulum.SerialConncet:_run:176 - [接收] L40.960186
2025-09-02 14:50:00.417 | INFO     | Pendulum.PendulumAPP:_processSerialData:120 - 📏 串口长度数据已更新: L40.960186 -> physical_length=40.960186
2025-09-02 14:50:00.418 | INFO     | Pendulum.PendulumAPP:_processSerialData:121 - 🔄 数据来源: 串口接收 -> PendulumState.physical_length
2025-09-02 14:50:00.421 | INFO     | Pendulum.SerialConncet:_run:176 - [接收] L40.934662
2025-09-02 14:50:00.441 | INFO     | Pendulum.SerialConncet:_run:176 - [接收] L40.909142
2025-09-02 14:50:00.464 | INFO     | Pendulum.PendulumAPP:_processSerialData:120 - 📏 串口长度数据已更新: L40.909142 -> physical_length=40.909142
2025-09-02 14:50:00.464 | INFO     | Pendulum.PendulumAPP:_processSerialData:121 - 🔄 数据来源: 串口接收 -> PendulumState.physical_length
2025-09-02 14:50:00.464 | INFO     | Pendulum.SerialConncet:_run:176 - [接收] L40.883621
2025-09-02 14:50:00.483 | INFO     | Pendulum.SerialConncet:_run:176 - [接收] L40.858101
2025-09-02 14:50:00.503 | INFO     | Pendulum.SerialConncet:_run:176 - [接收] L40.832581
2025-09-02 14:50:00.510 | INFO     | Pendulum.PendulumAPP:_processSerialData:120 - 📏 串口长度数据已更新: L40.832581 -> physical_length=40.832581
2025-09-02 14:50:00.512 | INFO     | Pendulum.PendulumAPP:_processSerialData:121 - 🔄 数据来源: 串口接收 -> PendulumState.physical_length
2025-09-02 14:50:00.527 | INFO     | Pendulum.SerialConncet:_run:176 - [接收] L40.807060
2025-09-02 14:50:00.545 | INFO     | Pendulum.SerialConncet:_run:176 - [接收] L40.781540
2025-09-02 14:50:00.558 | INFO     | Pendulum.PendulumAPP:_processSerialData:120 - 📏 串口长度数据已更新: L40.781540 -> physical_length=40.781540
2025-09-02 14:50:00.560 | INFO     | Pendulum.PendulumAPP:_processSerialData:121 - 🔄 数据来源: 串口接收 -> PendulumState.physical_length
2025-09-02 14:50:00.566 | INFO     | Pendulum.SerialConncet:_run:176 - [接收] L40.756016
2025-09-02 14:50:00.587 | INFO     | Pendulum.SerialConncet:_run:176 - [接收] L40.730495
2025-09-02 14:50:00.604 | INFO     | Pendulum.PendulumAPP:_processSerialData:120 - 📏 串口长度数据已更新: L40.730495 -> physical_length=40.730495
2025-09-02 14:50:00.605 | INFO     | Pendulum.PendulumAPP:_processSerialData:121 - 🔄 数据来源: 串口接收 -> PendulumState.physical_length
2025-09-02 14:50:00.609 | INFO     | Pendulum.SerialConncet:_run:176 - [接收] L40.704975
2025-09-02 14:50:00.628 | INFO     | Pendulum.SerialConncet:_run:176 - [接收] L40.679451
2025-09-02 14:50:00.650 | INFO     | Pendulum.SerialConncet:_run:176 - [接收] L40.653934
2025-09-02 14:50:00.651 | INFO     | Pendulum.PendulumAPP:_processSerialData:120 - 📏 串口长度数据已更新: L40.653934 -> physical_length=40.653934
2025-09-02 14:50:00.652 | INFO     | Pendulum.PendulumAPP:_processSerialData:121 - 🔄 数据来源: 串口接收 -> PendulumState.physical_length
2025-09-02 14:50:00.672 | INFO     | Pendulum.SerialConncet:_run:176 - [接收] L40.628414
2025-09-02 14:50:00.691 | INFO     | Pendulum.SerialConncet:_run:176 - [接收] L40.602890
2025-09-02 14:50:00.696 | INFO     | Pendulum.PendulumAPP:_processSerialData:120 - 📏 串口长度数据已更新: L40.602890 -> physical_length=40.602890
2025-09-02 14:50:00.697 | INFO     | Pendulum.PendulumAPP:_processSerialData:121 - 🔄 数据来源: 串口接收 -> PendulumState.physical_length
2025-09-02 14:50:00.713 | INFO     | Pendulum.SerialConncet:_run:176 - [接收] L40.577370
2025-09-02 14:50:00.735 | INFO     | Pendulum.SerialConncet:_run:176 - [接收] L40.551849
2025-09-02 14:50:00.743 | INFO     | Pendulum.PendulumAPP:_processSerialData:120 - 📏 串口长度数据已更新: L40.551849 -> physical_length=40.551849
2025-09-02 14:50:00.744 | INFO     | Pendulum.PendulumAPP:_processSerialData:121 - 🔄 数据来源: 串口接收 -> PendulumState.physical_length
2025-09-02 14:50:00.754 | INFO     | Pendulum.SerialConncet:_run:176 - [接收] L40.526325
2025-09-02 14:50:00.775 | INFO     | Pendulum.SerialConncet:_run:176 - [接收] L40.500805
2025-09-02 14:50:00.790 | INFO     | Pendulum.PendulumAPP:_processSerialData:120 - 📏 串口长度数据已更新: L40.500805 -> physical_length=40.500805
2025-09-02 14:50:00.791 | INFO     | Pendulum.PendulumAPP:_processSerialData:121 - 🔄 数据来源: 串口接收 -> PendulumState.physical_length
2025-09-02 14:50:00.796 | INFO     | Pendulum.SerialConncet:_run:176 - [接收] L40.475285
2025-09-02 14:50:00.817 | INFO     | Pendulum.SerialConncet:_run:176 - [接收] L40.449768
2025-09-02 14:50:00.837 | INFO     | Pendulum.PendulumAPP:_processSerialData:120 - 📏 串口长度数据已更新: L40.449768 -> physical_length=40.449768
2025-09-02 14:50:00.838 | INFO     | Pendulum.PendulumAPP:_processSerialData:121 - 🔄 数据来源: 串口接收 -> PendulumState.physical_length
2025-09-02 14:50:00.839 | INFO     | Pendulum.SerialConncet:_run:176 - [接收] L40.424244
2025-09-02 14:50:00.859 | INFO     | Pendulum.SerialConncet:_run:176 - [接收] L40.398724
2025-09-02 14:50:00.882 | INFO     | Pendulum.SerialConncet:_run:176 - [接收] L40.373203
2025-09-02 14:50:00.888 | INFO     | Pendulum.PendulumAPP:_processSerialData:120 - 📏 串口长度数据已更新: L40.398724 -> physical_length=40.398724
2025-09-02 14:50:00.890 | INFO     | Pendulum.PendulumAPP:_processSerialData:121 - 🔄 数据来源: 串口接收 -> PendulumState.physical_length
2025-09-02 14:50:00.900 | INFO     | Pendulum.SerialConncet:_run:176 - [接收] L40.347679
2025-09-02 14:50:00.921 | INFO     | Pendulum.SerialConncet:_run:176 - [接收] L40.322159
2025-09-02 14:50:00.929 | INFO     | Pendulum.PendulumAPP:_processSerialData:120 - 📏 串口长度数据已更新: L40.322159 -> physical_length=40.322159
2025-09-02 14:50:00.933 | INFO     | Pendulum.PendulumAPP:_processSerialData:121 - 🔄 数据来源: 串口接收 -> PendulumState.physical_length
2025-09-02 14:50:00.943 | INFO     | Pendulum.SerialConncet:_run:176 - [接收] L40.296638
2025-09-02 14:50:00.963 | INFO     | Pendulum.SerialConncet:_run:176 - [接收] L40.271118
2025-09-02 14:50:00.975 | INFO     | Pendulum.PendulumAPP:_processSerialData:120 - 📏 串口长度数据已更新: L40.271118 -> physical_length=40.271118
2025-09-02 14:50:00.976 | INFO     | Pendulum.PendulumAPP:_processSerialData:121 - 🔄 数据来源: 串口接收 -> PendulumState.physical_length
2025-09-02 14:50:00.984 | INFO     | Pendulum.SerialConncet:_run:176 - [接收] L40.245598
2025-09-02 14:50:01.010 | INFO     | Pendulum.SerialConncet:_run:176 - [接收] L40.220078
2025-09-02 14:50:01.022 | INFO     | Pendulum.PendulumAPP:_processSerialData:120 - 📏 串口长度数据已更新: L40.220078 -> physical_length=40.220078
2025-09-02 14:50:01.024 | INFO     | Pendulum.PendulumAPP:_processSerialData:121 - 🔄 数据来源: 串口接收 -> PendulumState.physical_length
2025-09-02 14:50:01.026 | INFO     | Pendulum.SerialConncet:_run:176 - [接收] L40.194553
2025-09-02 14:50:01.047 | INFO     | Pendulum.SerialConncet:_run:176 - [接收] L40.169033
2025-09-02 14:50:01.069 | INFO     | Pendulum.PendulumAPP:_processSerialData:120 - 📏 串口长度数据已更新: L40.169033 -> physical_length=40.169033
2025-09-02 14:50:01.072 | INFO     | Pendulum.PendulumAPP:_processSerialData:121 - 🔄 数据来源: 串口接收 -> PendulumState.physical_length
2025-09-02 14:50:01.078 | INFO     | Pendulum.SerialConncet:_run:176 - [接收] L40.143513
2025-09-02 14:50:01.091 | INFO     | Pendulum.SerialConncet:_run:176 - [接收] L40.117989
2025-09-02 14:50:01.110 | INFO     | Pendulum.SerialConncet:_run:176 - [接收] L40.092472
2025-09-02 14:50:01.114 | INFO     | Pendulum.PendulumAPP:_processSerialData:120 - 📏 串口长度数据已更新: L40.092472 -> physical_length=40.092472
2025-09-02 14:50:01.119 | INFO     | Pendulum.PendulumAPP:_processSerialData:121 - 🔄 数据来源: 串口接收 -> PendulumState.physical_length
2025-09-02 14:50:01.135 | INFO     | Pendulum.SerialConncet:_run:176 - [接收] L40.066952
2025-09-02 14:50:01.153 | INFO     | Pendulum.SerialConncet:_run:176 - [接收] L40.041428
2025-09-02 14:50:01.161 | INFO     | Pendulum.PendulumAPP:_processSerialData:120 - 📏 串口长度数据已更新: L40.041428 -> physical_length=40.041428
2025-09-02 14:50:01.163 | INFO     | Pendulum.PendulumAPP:_processSerialData:121 - 🔄 数据来源: 串口接收 -> PendulumState.physical_length
2025-09-02 14:50:01.172 | INFO     | Pendulum.SerialConncet:_run:176 - [接收] L40.015907
2025-09-02 14:50:01.195 | INFO     | Pendulum.SerialConncet:_run:176 - [接收] L39.990387
2025-09-02 14:50:01.208 | INFO     | Pendulum.PendulumAPP:_processSerialData:120 - 📏 串口长度数据已更新: L39.990387 -> physical_length=39.990387
2025-09-02 14:50:01.209 | INFO     | Pendulum.PendulumAPP:_processSerialData:121 - 🔄 数据来源: 串口接收 -> PendulumState.physical_length
2025-09-02 14:50:01.216 | INFO     | Pendulum.SerialConncet:_run:176 - [接收] L39.964867
2025-09-02 14:50:01.236 | INFO     | Pendulum.SerialConncet:_run:176 - [接收] L39.939342
2025-09-02 14:50:01.254 | INFO     | Pendulum.PendulumAPP:_processSerialData:120 - 📏 串口长度数据已更新: L39.939342 -> physical_length=39.939342
2025-09-02 14:50:01.255 | INFO     | Pendulum.PendulumAPP:_processSerialData:121 - 🔄 数据来源: 串口接收 -> PendulumState.physical_length
2025-09-02 14:50:01.257 | INFO     | Pendulum.SerialConncet:_run:176 - [接收] L39.913822
2025-09-02 14:50:01.277 | INFO     | Pendulum.SerialConncet:_run:176 - [接收] L39.888306
2025-09-02 14:50:01.299 | INFO     | Pendulum.SerialConncet:_run:176 - [接收] L39.862782
2025-09-02 14:50:01.303 | INFO     | Pendulum.PendulumAPP:_processSerialData:120 - 📏 串口长度数据已更新: L39.862782 -> physical_length=39.862782
2025-09-02 14:50:01.304 | INFO     | Pendulum.PendulumAPP:_processSerialData:121 - 🔄 数据来源: 串口接收 -> PendulumState.physical_length
2025-09-02 14:50:01.320 | INFO     | Pendulum.SerialConncet:_run:176 - [接收] L39.837261
2025-09-02 14:50:01.343 | INFO     | Pendulum.SerialConncet:_run:176 - [接收] L39.811741
2025-09-02 14:50:01.349 | INFO     | Pendulum.PendulumAPP:_processSerialData:120 - 📏 串口长度数据已更新: L39.811741 -> physical_length=39.811741
2025-09-02 14:50:01.350 | INFO     | Pendulum.PendulumAPP:_processSerialData:121 - 🔄 数据来源: 串口接收 -> PendulumState.physical_length
2025-09-02 14:50:01.360 | INFO     | Pendulum.SerialConncet:_run:176 - [接收] L39.786217
2025-09-02 14:50:01.382 | INFO     | Pendulum.SerialConncet:_run:176 - [接收] L39.760696
2025-09-02 14:50:01.396 | INFO     | Pendulum.PendulumAPP:_processSerialData:120 - 📏 串口长度数据已更新: L39.760696 -> physical_length=39.760696
2025-09-02 14:50:01.397 | INFO     | Pendulum.PendulumAPP:_processSerialData:121 - 🔄 数据来源: 串口接收 -> PendulumState.physical_length
2025-09-02 14:50:01.405 | INFO     | Pendulum.SerialConncet:_run:176 - [接收] L39.735176
2025-09-02 14:50:01.423 | INFO     | Pendulum.SerialConncet:_run:176 - [接收] L39.709656
2025-09-02 14:50:01.443 | INFO     | Pendulum.PendulumAPP:_processSerialData:120 - 📏 串口长度数据已更新: L39.709656 -> physical_length=39.709656
2025-09-02 14:50:01.443 | INFO     | Pendulum.PendulumAPP:_processSerialData:121 - 🔄 数据来源: 串口接收 -> PendulumState.physical_length
2025-09-02 14:50:01.445 | INFO     | Pendulum.SerialConncet:_run:176 - [接收] L39.684135
2025-09-02 14:50:01.466 | INFO     | Pendulum.SerialConncet:_run:176 - [接收] L39.658615
2025-09-02 14:50:01.487 | INFO     | Pendulum.SerialConncet:_run:176 - [接收] L39.633095
2025-09-02 14:50:01.490 | INFO     | Pendulum.PendulumAPP:_processSerialData:120 - 📏 串口长度数据已更新: L39.633095 -> physical_length=39.633095
2025-09-02 14:50:01.494 | INFO     | Pendulum.PendulumAPP:_processSerialData:121 - 🔄 数据来源: 串口接收 -> PendulumState.physical_length
2025-09-02 14:50:01.507 | INFO     | Pendulum.SerialConncet:_run:176 - [接收] L39.607571
2025-09-02 14:50:01.528 | INFO     | Pendulum.SerialConncet:_run:176 - [接收] L39.582050
2025-09-02 14:50:01.536 | INFO     | Pendulum.PendulumAPP:_processSerialData:120 - 📏 串口长度数据已更新: L39.582050 -> physical_length=39.582050
2025-09-02 14:50:01.537 | INFO     | Pendulum.PendulumAPP:_processSerialData:121 - 🔄 数据来源: 串口接收 -> PendulumState.physical_length
2025-09-02 14:50:01.552 | INFO     | Pendulum.SerialConncet:_run:176 - [接收] L39.556530
2025-09-02 14:50:01.571 | INFO     | Pendulum.SerialConncet:_run:176 - [接收] L39.531010
2025-09-02 14:50:01.582 | INFO     | Pendulum.PendulumAPP:_processSerialData:120 - 📏 串口长度数据已更新: L39.531010 -> physical_length=39.531010
2025-09-02 14:50:01.583 | INFO     | Pendulum.PendulumAPP:_processSerialData:121 - 🔄 数据来源: 串口接收 -> PendulumState.physical_length
2025-09-02 14:50:01.591 | INFO     | Pendulum.SerialConncet:_run:176 - [接收] L39.505489
2025-09-02 14:50:01.617 | INFO     | Pendulum.SerialConncet:_run:176 - [接收] L39.479969
2025-09-02 14:50:01.628 | INFO     | Pendulum.PendulumAPP:_processSerialData:120 - 📏 串口长度数据已更新: L39.479969 -> physical_length=39.479969
2025-09-02 14:50:01.632 | INFO     | Pendulum.PendulumAPP:_processSerialData:121 - 🔄 数据来源: 串口接收 -> PendulumState.physical_length
2025-09-02 14:50:01.637 | INFO     | Pendulum.SerialConncet:_run:176 - [接收] L39.454445
2025-09-02 14:50:01.654 | INFO     | Pendulum.SerialConncet:_run:176 - [接收] L39.428925
2025-09-02 14:50:01.675 | INFO     | Pendulum.PendulumAPP:_processSerialData:120 - 📏 串口长度数据已更新: L39.428925 -> physical_length=39.428925
2025-09-02 14:50:01.677 | INFO     | Pendulum.PendulumAPP:_processSerialData:121 - 🔄 数据来源: 串口接收 -> PendulumState.physical_length
2025-09-02 14:50:01.683 | INFO     | Pendulum.SerialConncet:_run:176 - [接收] L39.403404
2025-09-02 14:50:01.696 | INFO     | Pendulum.SerialConncet:_run:176 - [接收] L39.377880
2025-09-02 14:50:01.716 | INFO     | Pendulum.SerialConncet:_run:176 - [接收] L39.352360
2025-09-02 14:50:01.720 | INFO     | Pendulum.PendulumAPP:_processSerialData:120 - 📏 串口长度数据已更新: L39.352360 -> physical_length=39.352360
2025-09-02 14:50:01.721 | INFO     | Pendulum.PendulumAPP:_processSerialData:121 - 🔄 数据来源: 串口接收 -> PendulumState.physical_length
2025-09-02 14:50:01.738 | INFO     | Pendulum.SerialConncet:_run:176 - [接收] L39.326843
2025-09-02 14:50:01.762 | INFO     | Pendulum.SerialConncet:_run:176 - [接收] L39.301319
2025-09-02 14:50:01.767 | INFO     | Pendulum.PendulumAPP:_processSerialData:120 - 📏 串口长度数据已更新: L39.301319 -> physical_length=39.301319
2025-09-02 14:50:01.767 | INFO     | Pendulum.PendulumAPP:_processSerialData:121 - 🔄 数据来源: 串口接收 -> PendulumState.physical_length
2025-09-02 14:50:01.783 | INFO     | Pendulum.SerialConncet:_run:176 - [接收] L39.275799
2025-09-02 14:50:01.800 | INFO     | Pendulum.SerialConncet:_run:176 - [接收] L39.250278
2025-09-02 14:50:01.813 | INFO     | Pendulum.PendulumAPP:_processSerialData:120 - 📏 串口长度数据已更新: L39.250278 -> physical_length=39.250278
2025-09-02 14:50:01.814 | INFO     | Pendulum.PendulumAPP:_processSerialData:121 - 🔄 数据来源: 串口接收 -> PendulumState.physical_length
2025-09-02 14:50:01.824 | INFO     | Pendulum.SerialConncet:_run:176 - [接收] L39.224754
2025-09-02 14:50:01.843 | INFO     | Pendulum.SerialConncet:_run:176 - [接收] L39.199234
2025-09-02 14:50:01.860 | INFO     | Pendulum.PendulumAPP:_processSerialData:120 - 📏 串口长度数据已更新: L39.199234 -> physical_length=39.199234
2025-09-02 14:50:01.862 | INFO     | Pendulum.PendulumAPP:_processSerialData:121 - 🔄 数据来源: 串口接收 -> PendulumState.physical_length
2025-09-02 14:50:01.863 | INFO     | Pendulum.SerialConncet:_run:176 - [接收] L39.173714
2025-09-02 14:50:01.891 | INFO     | Pendulum.SerialConncet:_run:176 - [接收] L39.148193
2025-09-02 14:50:01.907 | INFO     | Pendulum.PendulumAPP:_processSerialData:120 - 📏 串口长度数据已更新: L39.148193 -> physical_length=39.148193
2025-09-02 14:50:01.907 | INFO     | Pendulum.SerialConncet:_run:176 - [接收] L39.122673
2025-09-02 14:50:01.908 | INFO     | Pendulum.PendulumAPP:_processSerialData:121 - 🔄 数据来源: 串口接收 -> PendulumState.physical_length
2025-09-02 14:50:01.926 | INFO     | Pendulum.SerialConncet:_run:176 - [接收] L39.097153
2025-09-02 14:50:01.949 | INFO     | Pendulum.SerialConncet:_run:176 - [接收] L39.071632
2025-09-02 14:50:01.954 | INFO     | Pendulum.PendulumAPP:_processSerialData:120 - 📏 串口长度数据已更新: L39.071632 -> physical_length=39.071632
2025-09-02 14:50:01.954 | INFO     | Pendulum.PendulumAPP:_processSerialData:121 - 🔄 数据来源: 串口接收 -> PendulumState.physical_length
2025-09-02 14:50:01.968 | INFO     | Pendulum.SerialConncet:_run:176 - [接收] L39.046108
2025-09-02 14:50:01.988 | INFO     | Pendulum.SerialConncet:_run:176 - [接收] L39.020588
2025-09-02 14:50:02.001 | INFO     | Pendulum.PendulumAPP:_processSerialData:120 - 📏 串口长度数据已更新: L39.020588 -> physical_length=39.020588
2025-09-02 14:50:02.002 | INFO     | Pendulum.PendulumAPP:_processSerialData:121 - 🔄 数据来源: 串口接收 -> PendulumState.physical_length
2025-09-02 14:50:02.009 | INFO     | Pendulum.SerialConncet:_run:176 - [接收] L38.995068
2025-09-02 14:50:02.033 | INFO     | Pendulum.SerialConncet:_run:176 - [接收] L38.969547
2025-09-02 14:50:02.046 | INFO     | Pendulum.PendulumAPP:_processSerialData:120 - 📏 串口长度数据已更新: L38.969547 -> physical_length=38.969547
2025-09-02 14:50:02.048 | INFO     | Pendulum.PendulumAPP:_processSerialData:121 - 🔄 数据来源: 串口接收 -> PendulumState.physical_length
2025-09-02 14:50:02.051 | INFO     | Pendulum.SerialConncet:_run:176 - [接收] L38.944027
2025-09-02 14:50:02.073 | INFO     | Pendulum.SerialConncet:_run:176 - [接收] L38.918507
2025-09-02 14:50:02.093 | INFO     | Pendulum.PendulumAPP:_processSerialData:120 - 📏 串口长度数据已更新: L38.918507 -> physical_length=38.918507
2025-09-02 14:50:02.094 | INFO     | Pendulum.PendulumAPP:_processSerialData:121 - 🔄 数据来源: 串口接收 -> PendulumState.physical_length
2025-09-02 14:50:02.096 | INFO     | Pendulum.SerialConncet:_run:176 - [接收] L38.892982
2025-09-02 14:50:02.113 | INFO     | Pendulum.SerialConncet:_run:176 - [接收] L38.867462
2025-09-02 14:50:02.134 | INFO     | Pendulum.SerialConncet:_run:176 - [接收] L38.841942
2025-09-02 14:50:02.141 | INFO     | Pendulum.PendulumAPP:_processSerialData:120 - 📏 串口长度数据已更新: L38.841942 -> physical_length=38.841942
2025-09-02 14:50:02.142 | INFO     | Pendulum.PendulumAPP:_processSerialData:121 - 🔄 数据来源: 串口接收 -> PendulumState.physical_length
2025-09-02 14:50:02.162 | INFO     | Pendulum.SerialConncet:_run:176 - [接收] L38.816422
2025-09-02 14:50:02.177 | INFO     | Pendulum.SerialConncet:_run:176 - [接收] L38.790897
2025-09-02 14:50:02.186 | INFO     | Pendulum.PendulumAPP:_processSerialData:120 - 📏 串口长度数据已更新: L38.790897 -> physical_length=38.790897
2025-09-02 14:50:02.187 | INFO     | Pendulum.PendulumAPP:_processSerialData:121 - 🔄 数据来源: 串口接收 -> PendulumState.physical_length
2025-09-02 14:50:02.197 | INFO     | Pendulum.SerialConncet:_run:176 - [接收] L38.765381
2025-09-02 14:50:02.218 | INFO     | Pendulum.SerialConncet:_run:176 - [接收] L38.739861
2025-09-02 14:50:02.231 | INFO     | Pendulum.PendulumAPP:_processSerialData:120 - 📏 串口长度数据已更新: L38.739861 -> physical_length=38.739861
2025-09-02 14:50:02.232 | INFO     | Pendulum.PendulumAPP:_processSerialData:121 - 🔄 数据来源: 串口接收 -> PendulumState.physical_length
2025-09-02 14:50:02.239 | INFO     | Pendulum.SerialConncet:_run:176 - [接收] L38.714336
2025-09-02 14:50:02.260 | INFO     | Pendulum.SerialConncet:_run:176 - [接收] L38.688816
2025-09-02 14:50:02.277 | INFO     | Pendulum.PendulumAPP:_processSerialData:120 - 📏 串口长度数据已更新: L38.688816 -> physical_length=38.688816
2025-09-02 14:50:02.278 | INFO     | Pendulum.PendulumAPP:_processSerialData:121 - 🔄 数据来源: 串口接收 -> PendulumState.physical_length
2025-09-02 14:50:02.280 | INFO     | Pendulum.SerialConncet:_run:176 - [接收] L38.663296
2025-09-02 14:50:02.303 | INFO     | Pendulum.SerialConncet:_run:176 - [接收] L38.637772
2025-09-02 14:50:02.323 | INFO     | Pendulum.SerialConncet:_run:176 - [接收] L38.612251
2025-09-02 14:50:02.326 | INFO     | Pendulum.PendulumAPP:_processSerialData:120 - 📏 串口长度数据已更新: L38.612251 -> physical_length=38.612251
2025-09-02 14:50:02.327 | INFO     | Pendulum.PendulumAPP:_processSerialData:121 - 🔄 数据来源: 串口接收 -> PendulumState.physical_length
2025-09-02 14:50:02.343 | INFO     | Pendulum.SerialConncet:_run:176 - [接收] L38.586731
2025-09-02 14:50:02.365 | INFO     | Pendulum.SerialConncet:_run:176 - [接收] L38.561211
2025-09-02 14:50:02.372 | INFO     | Pendulum.PendulumAPP:_processSerialData:120 - 📏 串口长度数据已更新: L38.561211 -> physical_length=38.561211
2025-09-02 14:50:02.372 | INFO     | Pendulum.PendulumAPP:_processSerialData:121 - 🔄 数据来源: 串口接收 -> PendulumState.physical_length
2025-09-02 14:50:02.389 | INFO     | Pendulum.SerialConncet:_run:176 - [接收] L38.535690
2025-09-02 14:50:02.407 | INFO     | Pendulum.SerialConncet:_run:176 - [接收] L38.510170
2025-09-02 14:50:02.418 | INFO     | Pendulum.PendulumAPP:_processSerialData:120 - 📏 串口长度数据已更新: L38.510170 -> physical_length=38.510170
2025-09-02 14:50:02.420 | INFO     | Pendulum.PendulumAPP:_processSerialData:121 - 🔄 数据来源: 串口接收 -> PendulumState.physical_length
2025-09-02 14:50:02.428 | INFO     | Pendulum.SerialConncet:_run:176 - [接收] L38.484646
2025-09-02 14:50:02.449 | INFO     | Pendulum.SerialConncet:_run:176 - [接收] L38.459126
2025-09-02 14:50:02.464 | INFO     | Pendulum.PendulumAPP:_processSerialData:120 - 📏 串口长度数据已更新: L38.459126 -> physical_length=38.459126
2025-09-02 14:50:02.465 | INFO     | Pendulum.PendulumAPP:_processSerialData:121 - 🔄 数据来源: 串口接收 -> PendulumState.physical_length
2025-09-02 14:50:02.470 | INFO     | Pendulum.SerialConncet:_run:176 - [接收] L38.433605
2025-09-02 14:50:02.490 | INFO     | Pendulum.SerialConncet:_run:176 - [接收] L38.408085
2025-09-02 14:50:02.512 | INFO     | Pendulum.PendulumAPP:_processSerialData:120 - 📏 串口长度数据已更新: L38.408085 -> physical_length=38.408085
2025-09-02 14:50:02.513 | INFO     | Pendulum.PendulumAPP:_processSerialData:121 - 🔄 数据来源: 串口接收 -> PendulumState.physical_length
2025-09-02 14:50:02.517 | INFO     | Pendulum.SerialConncet:_run:176 - [接收] L38.382565
2025-09-02 14:50:02.532 | INFO     | Pendulum.SerialConncet:_run:176 - [接收] L38.357044
2025-09-02 14:50:02.553 | INFO     | Pendulum.SerialConncet:_run:176 - [接收] L38.331524
2025-09-02 14:50:02.557 | INFO     | Pendulum.PendulumAPP:_processSerialData:120 - 📏 串口长度数据已更新: L38.331524 -> physical_length=38.331524
2025-09-02 14:50:02.560 | INFO     | Pendulum.PendulumAPP:_processSerialData:121 - 🔄 数据来源: 串口接收 -> PendulumState.physical_length
2025-09-02 14:50:02.577 | INFO     | Pendulum.SerialConncet:_run:176 - [接收] L38.306000
2025-09-02 14:50:02.595 | INFO     | Pendulum.SerialConncet:_run:176 - [接收] L38.280479
2025-09-02 14:50:02.604 | INFO     | Pendulum.PendulumAPP:_processSerialData:120 - 📏 串口长度数据已更新: L38.280479 -> physical_length=38.280479
2025-09-02 14:50:02.605 | INFO     | Pendulum.PendulumAPP:_processSerialData:121 - 🔄 数据来源: 串口接收 -> PendulumState.physical_length
2025-09-02 14:50:02.616 | INFO     | Pendulum.SerialConncet:_run:176 - [接收] L38.254959
2025-09-02 14:50:02.636 | INFO     | Pendulum.SerialConncet:_run:176 - [接收] L38.229435
2025-09-02 14:50:02.651 | INFO     | Pendulum.PendulumAPP:_processSerialData:120 - 📏 串口长度数据已更新: L38.229435 -> physical_length=38.229435
2025-09-02 14:50:02.651 | INFO     | Pendulum.PendulumAPP:_processSerialData:121 - 🔄 数据来源: 串口接收 -> PendulumState.physical_length
2025-09-02 14:50:02.657 | INFO     | Pendulum.SerialConncet:_run:176 - [接收] L38.203918
2025-09-02 14:50:02.678 | INFO     | Pendulum.SerialConncet:_run:176 - [接收] L38.178398
2025-09-02 14:50:02.699 | INFO     | Pendulum.PendulumAPP:_processSerialData:120 - 📏 串口长度数据已更新: L38.178398 -> physical_length=38.178398
2025-09-02 14:50:02.700 | INFO     | Pendulum.PendulumAPP:_processSerialData:121 - 🔄 数据来源: 串口接收 -> PendulumState.physical_length
2025-09-02 14:50:02.704 | INFO     | Pendulum.SerialConncet:_run:176 - [接收] L38.152874
2025-09-02 14:50:02.721 | INFO     | Pendulum.SerialConncet:_run:176 - [接收] L38.127354
2025-09-02 14:50:02.741 | INFO     | Pendulum.SerialConncet:_run:176 - [接收] L38.101833
2025-09-02 14:50:02.745 | INFO     | Pendulum.PendulumAPP:_processSerialData:120 - 📏 串口长度数据已更新: L38.101833 -> physical_length=38.101833
2025-09-02 14:50:02.745 | INFO     | Pendulum.PendulumAPP:_processSerialData:121 - 🔄 数据来源: 串口接收 -> PendulumState.physical_length
2025-09-02 14:50:02.766 | INFO     | Pendulum.SerialConncet:_run:176 - [接收] L38.076309
2025-09-02 14:50:02.790 | INFO     | Pendulum.PendulumAPP:_processSerialData:120 - 📏 串口长度数据已更新: L38.076309 -> physical_length=38.076309
2025-09-02 14:50:02.791 | INFO     | Pendulum.PendulumAPP:_processSerialData:121 - 🔄 数据来源: 串口接收 -> PendulumState.physical_length
2025-09-02 14:50:02.793 | INFO     | Pendulum.SerialConncet:_run:176 - [接收] L38.050789
2025-09-02 14:50:02.804 | INFO     | Pendulum.SerialConncet:_run:176 - [接收] L38.025269
2025-09-02 14:50:02.829 | INFO     | Pendulum.SerialConncet:_run:176 - [接收] L37.999752
2025-09-02 14:50:02.838 | INFO     | Pendulum.PendulumAPP:_processSerialData:120 - 📏 串口长度数据已更新: L37.999752 -> physical_length=37.999752
2025-09-02 14:50:02.839 | INFO     | Pendulum.PendulumAPP:_processSerialData:121 - 🔄 数据来源: 串口接收 -> PendulumState.physical_length
2025-09-02 14:50:02.846 | INFO     | Pendulum.SerialConncet:_run:176 - [接收] L37.974228
2025-09-02 14:50:02.868 | INFO     | Pendulum.SerialConncet:_run:176 - [接收] L37.948708
2025-09-02 14:50:02.885 | INFO     | Pendulum.PendulumAPP:_processSerialData:120 - 📏 串口长度数据已更新: L37.948708 -> physical_length=37.948708
2025-09-02 14:50:02.886 | INFO     | Pendulum.PendulumAPP:_processSerialData:121 - 🔄 数据来源: 串口接收 -> PendulumState.physical_length
2025-09-02 14:50:02.888 | INFO     | Pendulum.SerialConncet:_run:176 - [接收] L37.923187
2025-09-02 14:50:02.909 | INFO     | Pendulum.SerialConncet:_run:176 - [接收] L37.897663
2025-09-02 14:50:02.932 | INFO     | Pendulum.SerialConncet:_run:176 - [接收] L37.872143
2025-09-02 14:50:02.933 | INFO     | Pendulum.PendulumAPP:_processSerialData:120 - 📏 串口长度数据已更新: L37.897663 -> physical_length=37.897663
2025-09-02 14:50:02.936 | INFO     | Pendulum.PendulumAPP:_processSerialData:121 - 🔄 数据来源: 串口接收 -> PendulumState.physical_length
2025-09-02 14:50:02.950 | INFO     | Pendulum.SerialConncet:_run:176 - [接收] L37.846622
2025-09-02 14:50:02.974 | INFO     | Pendulum.SerialConncet:_run:176 - [接收] L37.821102
2025-09-02 14:50:02.979 | INFO     | Pendulum.PendulumAPP:_processSerialData:120 - 📏 串口长度数据已更新: L37.821102 -> physical_length=37.821102
2025-09-02 14:50:02.981 | INFO     | Pendulum.PendulumAPP:_processSerialData:121 - 🔄 数据来源: 串口接收 -> PendulumState.physical_length
2025-09-02 14:50:02.992 | INFO     | Pendulum.SerialConncet:_run:176 - [接收] L37.795582
2025-09-02 14:50:03.013 | INFO     | Pendulum.SerialConncet:_run:176 - [接收] L37.770061
2025-09-02 14:50:03.025 | INFO     | Pendulum.PendulumAPP:_processSerialData:120 - 📏 串口长度数据已更新: L37.770061 -> physical_length=37.770061
2025-09-02 14:50:03.026 | INFO     | Pendulum.PendulumAPP:_processSerialData:121 - 🔄 数据来源: 串口接收 -> PendulumState.physical_length
2025-09-02 14:50:03.034 | INFO     | Pendulum.SerialConncet:_run:176 - [接收] L37.744537
2025-09-02 14:50:03.055 | INFO     | Pendulum.SerialConncet:_run:176 - [接收] L37.719017
2025-09-02 14:50:03.073 | INFO     | Pendulum.PendulumAPP:_processSerialData:120 - 📏 串口长度数据已更新: L37.719017 -> physical_length=37.719017
2025-09-02 14:50:03.075 | INFO     | Pendulum.PendulumAPP:_processSerialData:121 - 🔄 数据来源: 串口接收 -> PendulumState.physical_length
2025-09-02 14:50:03.079 | INFO     | Pendulum.SerialConncet:_run:176 - [接收] L37.693497
2025-09-02 14:50:03.098 | INFO     | Pendulum.SerialConncet:_run:176 - [接收] L37.667973
2025-09-02 14:50:03.118 | INFO     | Pendulum.SerialConncet:_run:176 - [接收] L37.642456
2025-09-02 14:50:03.119 | INFO     | Pendulum.PendulumAPP:_processSerialData:120 - 📏 串口长度数据已更新: L37.667973 -> physical_length=37.667973
2025-09-02 14:50:03.121 | INFO     | Pendulum.PendulumAPP:_processSerialData:121 - 🔄 数据来源: 串口接收 -> PendulumState.physical_length
2025-09-02 14:50:03.140 | INFO     | Pendulum.SerialConncet:_run:176 - [接收] L37.616936
2025-09-02 14:50:03.160 | INFO     | Pendulum.SerialConncet:_run:176 - [接收] L37.591412
2025-09-02 14:50:03.165 | INFO     | Pendulum.PendulumAPP:_processSerialData:120 - 📏 串口长度数据已更新: L37.591412 -> physical_length=37.591412
2025-09-02 14:50:03.167 | INFO     | Pendulum.PendulumAPP:_processSerialData:121 - 🔄 数据来源: 串口接收 -> PendulumState.physical_length
2025-09-02 14:50:03.182 | INFO     | Pendulum.SerialConncet:_run:176 - [接收] L37.565891
2025-09-02 14:50:03.202 | INFO     | Pendulum.SerialConncet:_run:176 - [接收] L37.540371
2025-09-02 14:50:03.210 | INFO     | Pendulum.PendulumAPP:_processSerialData:120 - 📏 串口长度数据已更新: L37.540371 -> physical_length=37.540371
2025-09-02 14:50:03.210 | INFO     | Pendulum.PendulumAPP:_processSerialData:121 - 🔄 数据来源: 串口接收 -> PendulumState.physical_length
2025-09-02 14:50:03.222 | INFO     | Pendulum.SerialConncet:_run:176 - [接收] L37.514851
2025-09-02 14:50:03.245 | INFO     | Pendulum.SerialConncet:_run:176 - [接收] L37.489326
2025-09-02 14:50:03.257 | INFO     | Pendulum.PendulumAPP:_processSerialData:120 - 📏 串口长度数据已更新: L37.489326 -> physical_length=37.489326
2025-09-02 14:50:03.259 | INFO     | Pendulum.PendulumAPP:_processSerialData:121 - 🔄 数据来源: 串口接收 -> PendulumState.physical_length
2025-09-02 14:50:03.266 | INFO     | Pendulum.SerialConncet:_run:176 - [接收] L37.463806
2025-09-02 14:50:03.286 | INFO     | Pendulum.SerialConncet:_run:176 - [接收] L37.438290
2025-09-02 14:50:03.304 | INFO     | Pendulum.PendulumAPP:_processSerialData:120 - 📏 串口长度数据已更新: L37.438290 -> physical_length=37.438290
2025-09-02 14:50:03.305 | INFO     | Pendulum.PendulumAPP:_processSerialData:121 - 🔄 数据来源: 串口接收 -> PendulumState.physical_length
2025-09-02 14:50:03.310 | INFO     | Pendulum.SerialConncet:_run:176 - [接收] L37.412766
2025-09-02 14:50:03.331 | INFO     | Pendulum.SerialConncet:_run:176 - [接收] L37.387245
2025-09-02 14:50:03.350 | INFO     | Pendulum.SerialConncet:_run:176 - [接收] L37.361725
2025-09-02 14:50:03.353 | INFO     | Pendulum.PendulumAPP:_processSerialData:120 - 📏 串口长度数据已更新: L37.361725 -> physical_length=37.361725
2025-09-02 14:50:03.354 | INFO     | Pendulum.PendulumAPP:_processSerialData:121 - 🔄 数据来源: 串口接收 -> PendulumState.physical_length
2025-09-02 14:50:03.369 | INFO     | Pendulum.SerialConncet:_run:176 - [接收] L37.336201
2025-09-02 14:50:03.390 | INFO     | Pendulum.SerialConncet:_run:176 - [接收] L37.310680
2025-09-02 14:50:03.399 | INFO     | Pendulum.PendulumAPP:_processSerialData:120 - 📏 串口长度数据已更新: L37.310680 -> physical_length=37.310680
2025-09-02 14:50:03.401 | INFO     | Pendulum.PendulumAPP:_processSerialData:121 - 🔄 数据来源: 串口接收 -> PendulumState.physical_length
2025-09-02 14:50:03.411 | INFO     | Pendulum.SerialConncet:_run:176 - [接收] L37.285160
2025-09-02 14:50:03.433 | INFO     | Pendulum.SerialConncet:_run:176 - [接收] L37.259640
2025-09-02 14:50:03.445 | INFO     | Pendulum.PendulumAPP:_processSerialData:120 - 📏 串口长度数据已更新: L37.259640 -> physical_length=37.259640
2025-09-02 14:50:03.446 | INFO     | Pendulum.PendulumAPP:_processSerialData:121 - 🔄 数据来源: 串口接收 -> PendulumState.physical_length
2025-09-02 14:50:03.454 | INFO     | Pendulum.SerialConncet:_run:176 - [接收] L37.234119
2025-09-02 14:50:03.477 | INFO     | Pendulum.SerialConncet:_run:176 - [接收] L37.208599
2025-09-02 14:50:03.491 | INFO     | Pendulum.PendulumAPP:_processSerialData:120 - 📏 串口长度数据已更新: L37.208599 -> physical_length=37.208599
2025-09-02 14:50:03.493 | INFO     | Pendulum.PendulumAPP:_processSerialData:121 - 🔄 数据来源: 串口接收 -> PendulumState.physical_length
2025-09-02 14:50:03.497 | INFO     | Pendulum.SerialConncet:_run:176 - [接收] L37.183079
2025-09-02 14:50:03.520 | INFO     | Pendulum.SerialConncet:_run:176 - [接收] L37.157555
2025-09-02 14:50:03.538 | INFO     | Pendulum.SerialConncet:_run:176 - [接收] L37.132034
2025-09-02 14:50:03.538 | INFO     | Pendulum.PendulumAPP:_processSerialData:120 - 📏 串口长度数据已更新: L37.157555 -> physical_length=37.157555
2025-09-02 14:50:03.540 | INFO     | Pendulum.PendulumAPP:_processSerialData:121 - 🔄 数据来源: 串口接收 -> PendulumState.physical_length
2025-09-02 14:50:03.557 | INFO     | Pendulum.SerialConncet:_run:176 - [接收] L37.106514
2025-09-02 14:50:03.581 | INFO     | Pendulum.SerialConncet:_run:176 - [接收] L37.080994
2025-09-02 14:50:03.584 | INFO     | Pendulum.PendulumAPP:_processSerialData:120 - 📏 串口长度数据已更新: L37.080994 -> physical_length=37.080994
2025-09-02 14:50:03.587 | INFO     | Pendulum.PendulumAPP:_processSerialData:121 - 🔄 数据来源: 串口接收 -> PendulumState.physical_length
2025-09-02 14:50:03.599 | INFO     | Pendulum.SerialConncet:_run:176 - [接收] L37.055473
2025-09-02 14:50:03.620 | INFO     | Pendulum.SerialConncet:_run:176 - [接收] L37.029953
2025-09-02 14:50:03.631 | INFO     | Pendulum.PendulumAPP:_processSerialData:120 - 📏 串口长度数据已更新: L37.029953 -> physical_length=37.029953
2025-09-02 14:50:03.632 | INFO     | Pendulum.PendulumAPP:_processSerialData:121 - 🔄 数据来源: 串口接收 -> PendulumState.physical_length
2025-09-02 14:50:03.640 | INFO     | Pendulum.SerialConncet:_run:176 - [接收] L37.004429
2025-09-02 14:50:03.663 | INFO     | Pendulum.SerialConncet:_run:176 - [接收] L36.978909
2025-09-02 14:50:03.677 | INFO     | Pendulum.PendulumAPP:_processSerialData:120 - 📏 串口长度数据已更新: L36.978909 -> physical_length=36.978909
2025-09-02 14:50:03.678 | INFO     | Pendulum.PendulumAPP:_processSerialData:121 - 🔄 数据来源: 串口接收 -> PendulumState.physical_length
2025-09-02 14:50:03.685 | INFO     | Pendulum.SerialConncet:_run:176 - [接收] L36.953388
2025-09-02 14:50:03.704 | INFO     | Pendulum.SerialConncet:_run:176 - [接收] L36.927864
2025-09-02 14:50:03.724 | INFO     | Pendulum.PendulumAPP:_processSerialData:120 - 📏 串口长度数据已更新: L36.927864 -> physical_length=36.927864
2025-09-02 14:50:03.725 | INFO     | Pendulum.PendulumAPP:_processSerialData:121 - 🔄 数据来源: 串口接收 -> PendulumState.physical_length
2025-09-02 14:50:03.729 | INFO     | Pendulum.SerialConncet:_run:176 - [接收] L36.902344
2025-09-02 14:50:03.746 | INFO     | Pendulum.SerialConncet:_run:176 - [接收] L36.876827
2025-09-02 14:50:03.767 | INFO     | Pendulum.SerialConncet:_run:176 - [接收] L36.851303
2025-09-02 14:50:03.770 | INFO     | Pendulum.PendulumAPP:_processSerialData:120 - 📏 串口长度数据已更新: L36.851303 -> physical_length=36.851303
2025-09-02 14:50:03.770 | INFO     | Pendulum.PendulumAPP:_processSerialData:121 - 🔄 数据来源: 串口接收 -> PendulumState.physical_length
2025-09-02 14:50:03.787 | INFO     | Pendulum.SerialConncet:_run:176 - [接收] L36.825783
2025-09-02 14:50:03.809 | INFO     | Pendulum.SerialConncet:_run:176 - [接收] L36.800262
2025-09-02 14:50:03.816 | INFO     | Pendulum.PendulumAPP:_processSerialData:120 - 📏 串口长度数据已更新: L36.800262 -> physical_length=36.800262
2025-09-02 14:50:03.817 | INFO     | Pendulum.PendulumAPP:_processSerialData:121 - 🔄 数据来源: 串口接收 -> PendulumState.physical_length
2025-09-02 14:50:03.830 | INFO     | Pendulum.SerialConncet:_run:176 - [接收] L36.774738
2025-09-02 14:50:03.853 | INFO     | Pendulum.SerialConncet:_run:176 - [接收] L36.749218
2025-09-02 14:50:03.863 | INFO     | Pendulum.PendulumAPP:_processSerialData:120 - 📏 串口长度数据已更新: L36.749218 -> physical_length=36.749218
2025-09-02 14:50:03.864 | INFO     | Pendulum.PendulumAPP:_processSerialData:121 - 🔄 数据来源: 串口接收 -> PendulumState.physical_length
2025-09-02 14:50:03.872 | INFO     | Pendulum.SerialConncet:_run:176 - [接收] L36.723698
2025-09-02 14:50:03.896 | INFO     | Pendulum.SerialConncet:_run:176 - [接收] L36.698177
2025-09-02 14:50:03.910 | INFO     | Pendulum.PendulumAPP:_processSerialData:120 - 📏 串口长度数据已更新: L36.698177 -> physical_length=36.698177
2025-09-02 14:50:03.911 | INFO     | Pendulum.PendulumAPP:_processSerialData:121 - 🔄 数据来源: 串口接收 -> PendulumState.physical_length
2025-09-02 14:50:03.913 | INFO     | Pendulum.SerialConncet:_run:176 - [接收] L36.672657
2025-09-02 14:50:03.935 | INFO     | Pendulum.SerialConncet:_run:176 - [接收] L36.647137
2025-09-02 14:50:03.955 | INFO     | Pendulum.SerialConncet:_run:176 - [接收] L36.621616
2025-09-02 14:50:03.958 | INFO     | Pendulum.PendulumAPP:_processSerialData:120 - 📏 串口长度数据已更新: L36.621616 -> physical_length=36.621616
2025-09-02 14:50:03.959 | INFO     | Pendulum.PendulumAPP:_processSerialData:121 - 🔄 数据来源: 串口接收 -> PendulumState.physical_length
2025-09-02 14:50:03.976 | INFO     | Pendulum.SerialConncet:_run:176 - [接收] L36.596092
2025-09-02 14:50:03.996 | INFO     | Pendulum.SerialConncet:_run:176 - [接收] L36.570572
2025-09-02 14:50:04.005 | INFO     | Pendulum.PendulumAPP:_processSerialData:120 - 📏 串口长度数据已更新: L36.570572 -> physical_length=36.570572
2025-09-02 14:50:04.008 | INFO     | Pendulum.PendulumAPP:_processSerialData:121 - 🔄 数据来源: 串口接收 -> PendulumState.physical_length
2025-09-02 14:50:04.018 | INFO     | Pendulum.SerialConncet:_run:176 - [接收] L36.545052
2025-09-02 14:50:04.039 | INFO     | Pendulum.SerialConncet:_run:176 - [接收] L36.519531
2025-09-02 14:50:04.051 | INFO     | Pendulum.PendulumAPP:_processSerialData:120 - 📏 串口长度数据已更新: L36.519531 -> physical_length=36.519531
2025-09-02 14:50:04.052 | INFO     | Pendulum.PendulumAPP:_processSerialData:121 - 🔄 数据来源: 串口接收 -> PendulumState.physical_length
2025-09-02 14:50:04.060 | INFO     | Pendulum.SerialConncet:_run:176 - [接收] L36.494011
2025-09-02 14:50:04.086 | INFO     | Pendulum.SerialConncet:_run:176 - [接收] L36.468491
2025-09-02 14:50:04.098 | INFO     | Pendulum.PendulumAPP:_processSerialData:120 - 📏 串口长度数据已更新: L36.468491 -> physical_length=36.468491
2025-09-02 14:50:04.099 | INFO     | Pendulum.PendulumAPP:_processSerialData:121 - 🔄 数据来源: 串口接收 -> PendulumState.physical_length
2025-09-02 14:50:04.102 | INFO     | Pendulum.SerialConncet:_run:176 - [接收] L36.442966
2025-09-02 14:50:04.122 | INFO     | Pendulum.SerialConncet:_run:176 - [接收] L36.417446
2025-09-02 14:50:04.144 | INFO     | Pendulum.SerialConncet:_run:176 - [接收] L36.391926
2025-09-02 14:50:04.144 | INFO     | Pendulum.PendulumAPP:_processSerialData:120 - 📏 串口长度数据已更新: L36.417446 -> physical_length=36.417446
2025-09-02 14:50:04.147 | INFO     | Pendulum.PendulumAPP:_processSerialData:121 - 🔄 数据来源: 串口接收 -> PendulumState.physical_length
2025-09-02 14:50:04.164 | INFO     | Pendulum.SerialConncet:_run:176 - [接收] L36.366405
2025-09-02 14:50:04.186 | INFO     | Pendulum.SerialConncet:_run:176 - [接收] L36.340881
2025-09-02 14:50:04.191 | INFO     | Pendulum.PendulumAPP:_processSerialData:120 - 📏 串口长度数据已更新: L36.340881 -> physical_length=36.340881
2025-09-02 14:50:04.193 | INFO     | Pendulum.PendulumAPP:_processSerialData:121 - 🔄 数据来源: 串口接收 -> PendulumState.physical_length
2025-09-02 14:50:04.209 | INFO     | Pendulum.SerialConncet:_run:176 - [接收] L36.315365
2025-09-02 14:50:04.226 | INFO     | Pendulum.SerialConncet:_run:176 - [接收] L36.289845
2025-09-02 14:50:04.238 | INFO     | Pendulum.PendulumAPP:_processSerialData:120 - 📏 串口长度数据已更新: L36.289845 -> physical_length=36.289845
2025-09-02 14:50:04.239 | INFO     | Pendulum.PendulumAPP:_processSerialData:121 - 🔄 数据来源: 串口接收 -> PendulumState.physical_length
2025-09-02 14:50:04.248 | INFO     | Pendulum.SerialConncet:_run:176 - [接收] L36.264320
2025-09-02 14:50:04.269 | INFO     | Pendulum.SerialConncet:_run:176 - [接收] L36.238800
2025-09-02 14:50:04.285 | INFO     | Pendulum.PendulumAPP:_processSerialData:120 - 📏 串口长度数据已更新: L36.238800 -> physical_length=36.238800
2025-09-02 14:50:04.287 | INFO     | Pendulum.PendulumAPP:_processSerialData:121 - 🔄 数据来源: 串口接收 -> PendulumState.physical_length
2025-09-02 14:50:04.293 | INFO     | Pendulum.SerialConncet:_run:176 - [接收] L36.213280
2025-09-02 14:50:04.311 | INFO     | Pendulum.SerialConncet:_run:176 - [接收] L36.187756
2025-09-02 14:50:04.333 | INFO     | Pendulum.PendulumAPP:_processSerialData:120 - 📏 串口长度数据已更新: L36.187756 -> physical_length=36.187756
2025-09-02 14:50:04.335 | INFO     | Pendulum.PendulumAPP:_processSerialData:121 - 🔄 数据来源: 串口接收 -> PendulumState.physical_length
2025-09-02 14:50:04.337 | INFO     | Pendulum.SerialConncet:_run:176 - [接收] L36.162235
2025-09-02 14:50:04.355 | INFO     | Pendulum.SerialConncet:_run:176 - [接收] L36.136715
2025-09-02 14:50:04.373 | INFO     | Pendulum.SerialConncet:_run:176 - [接收] L36.111195
2025-09-02 14:50:04.377 | INFO     | Pendulum.PendulumAPP:_processSerialData:120 - 📏 串口长度数据已更新: L36.111195 -> physical_length=36.111195
2025-09-02 14:50:04.377 | INFO     | Pendulum.PendulumAPP:_processSerialData:121 - 🔄 数据来源: 串口接收 -> PendulumState.physical_length
2025-09-02 14:50:04.394 | INFO     | Pendulum.SerialConncet:_run:176 - [接收] L36.085674
2025-09-02 14:50:04.417 | INFO     | Pendulum.SerialConncet:_run:176 - [接收] L36.060154
2025-09-02 14:50:04.424 | INFO     | Pendulum.PendulumAPP:_processSerialData:120 - 📏 串口长度数据已更新: L36.060154 -> physical_length=36.060154
2025-09-02 14:50:04.426 | INFO     | Pendulum.PendulumAPP:_processSerialData:121 - 🔄 数据来源: 串口接收 -> PendulumState.physical_length
2025-09-02 14:50:04.436 | INFO     | Pendulum.SerialConncet:_run:176 - [接收] L36.034630
2025-09-02 14:50:04.458 | INFO     | Pendulum.SerialConncet:_run:176 - [接收] L36.009109
2025-09-02 14:50:04.469 | INFO     | Pendulum.PendulumAPP:_processSerialData:120 - 📏 串口长度数据已更新: L36.009109 -> physical_length=36.009109
2025-09-02 14:50:04.469 | INFO     | Pendulum.PendulumAPP:_processSerialData:121 - 🔄 数据来源: 串口接收 -> PendulumState.physical_length
2025-09-02 14:50:04.482 | INFO     | Pendulum.SerialConncet:_run:176 - [接收] L35.983589
2025-09-02 14:50:04.499 | INFO     | Pendulum.SerialConncet:_run:176 - [接收] L35.958069
2025-09-02 14:50:04.515 | INFO     | Pendulum.PendulumAPP:_processSerialData:120 - 📏 串口长度数据已更新: L35.958069 -> physical_length=35.958069
2025-09-02 14:50:04.517 | INFO     | Pendulum.PendulumAPP:_processSerialData:121 - 🔄 数据来源: 串口接收 -> PendulumState.physical_length
2025-09-02 14:50:04.520 | INFO     | Pendulum.SerialConncet:_run:176 - [接收] L35.932549
2025-09-02 14:50:04.549 | INFO     | Pendulum.SerialConncet:_run:176 - [接收] L35.907028
2025-09-02 14:50:04.561 | INFO     | Pendulum.PendulumAPP:_processSerialData:120 - 📏 串口长度数据已更新: L35.907028 -> physical_length=35.907028
2025-09-02 14:50:04.562 | INFO     | Pendulum.PendulumAPP:_processSerialData:121 - 🔄 数据来源: 串口接收 -> PendulumState.physical_length
2025-09-02 14:50:04.564 | INFO     | Pendulum.SerialConncet:_run:176 - [接收] L35.881508
2025-09-02 14:50:04.583 | INFO     | Pendulum.SerialConncet:_run:176 - [接收] L35.855984
2025-09-02 14:50:04.608 | INFO     | Pendulum.PendulumAPP:_processSerialData:120 - 📏 串口长度数据已更新: L35.855984 -> physical_length=35.855984
2025-09-02 14:50:04.608 | INFO     | Pendulum.SerialConncet:_run:176 - [接收] L35.830463
2025-09-02 14:50:04.612 | INFO     | Pendulum.PendulumAPP:_processSerialData:121 - 🔄 数据来源: 串口接收 -> PendulumState.physical_length
2025-09-02 14:50:04.625 | INFO     | Pendulum.SerialConncet:_run:176 - [接收] L35.804943
2025-09-02 14:50:04.645 | INFO     | Pendulum.SerialConncet:_run:176 - [接收] L35.779419
2025-09-02 14:50:04.653 | INFO     | Pendulum.PendulumAPP:_processSerialData:120 - 📏 串口长度数据已更新: L35.779419 -> physical_length=35.779419
2025-09-02 14:50:04.654 | INFO     | Pendulum.PendulumAPP:_processSerialData:121 - 🔄 数据来源: 串口接收 -> PendulumState.physical_length
2025-09-02 14:50:04.667 | INFO     | Pendulum.SerialConncet:_run:176 - [接收] L35.753902
2025-09-02 14:50:04.697 | INFO     | Pendulum.SerialConncet:_run:176 - [接收] L35.728382
2025-09-02 14:50:04.700 | INFO     | Pendulum.PendulumAPP:_processSerialData:120 - 📏 串口长度数据已更新: L35.728382 -> physical_length=35.728382
2025-09-02 14:50:04.703 | INFO     | Pendulum.PendulumAPP:_processSerialData:121 - 🔄 数据来源: 串口接收 -> PendulumState.physical_length
2025-09-02 14:50:04.709 | INFO     | Pendulum.SerialConncet:_run:176 - [接收] L35.702858
2025-09-02 14:50:04.729 | INFO     | Pendulum.SerialConncet:_run:176 - [接收] L35.677338
2025-09-02 14:50:04.746 | INFO     | Pendulum.PendulumAPP:_processSerialData:120 - 📏 串口长度数据已更新: L35.677338 -> physical_length=35.677338
2025-09-02 14:50:04.748 | INFO     | Pendulum.PendulumAPP:_processSerialData:121 - 🔄 数据来源: 串口接收 -> PendulumState.physical_length
2025-09-02 14:50:04.752 | INFO     | Pendulum.SerialConncet:_run:176 - [接收] L35.651817
2025-09-02 14:50:04.771 | INFO     | Pendulum.SerialConncet:_run:176 - [接收] L35.626293
2025-09-02 14:50:04.791 | INFO     | Pendulum.SerialConncet:_run:176 - [接收] L35.600773
2025-09-02 14:50:04.792 | INFO     | Pendulum.PendulumAPP:_processSerialData:120 - 📏 串口长度数据已更新: L35.626293 -> physical_length=35.626293
2025-09-02 14:50:04.796 | INFO     | Pendulum.PendulumAPP:_processSerialData:121 - 🔄 数据来源: 串口接收 -> PendulumState.physical_length
2025-09-02 14:50:04.814 | INFO     | Pendulum.SerialConncet:_run:176 - [接收] L35.575253
2025-09-02 14:50:04.833 | INFO     | Pendulum.SerialConncet:_run:176 - [接收] L35.549736
2025-09-02 14:50:04.839 | INFO     | Pendulum.PendulumAPP:_processSerialData:120 - 📏 串口长度数据已更新: L35.549736 -> physical_length=35.549736
2025-09-02 14:50:04.840 | INFO     | Pendulum.PendulumAPP:_processSerialData:121 - 🔄 数据来源: 串口接收 -> PendulumState.physical_length
2025-09-02 14:50:04.855 | INFO     | Pendulum.SerialConncet:_run:176 - [接收] L35.524212
2025-09-02 14:50:04.876 | INFO     | Pendulum.SerialConncet:_run:176 - [接收] L35.498692
2025-09-02 14:50:04.886 | INFO     | Pendulum.PendulumAPP:_processSerialData:120 - 📏 串口长度数据已更新: L35.498692 -> physical_length=35.498692
2025-09-02 14:50:04.886 | INFO     | Pendulum.PendulumAPP:_processSerialData:121 - 🔄 数据来源: 串口接收 -> PendulumState.physical_length
2025-09-02 14:50:04.897 | INFO     | Pendulum.SerialConncet:_run:176 - [接收] L35.473171
2025-09-02 14:50:04.917 | INFO     | Pendulum.SerialConncet:_run:176 - [接收] L35.447647
2025-09-02 14:50:04.933 | INFO     | Pendulum.PendulumAPP:_processSerialData:120 - 📏 串口长度数据已更新: L35.447647 -> physical_length=35.447647
2025-09-02 14:50:04.933 | INFO     | Pendulum.PendulumAPP:_processSerialData:121 - 🔄 数据来源: 串口接收 -> PendulumState.physical_length
2025-09-02 14:50:04.938 | INFO     | Pendulum.SerialConncet:_run:176 - [接收] L35.422127
2025-09-02 14:50:04.960 | INFO     | Pendulum.SerialConncet:_run:176 - [接收] L35.396606
2025-09-02 14:50:04.980 | INFO     | Pendulum.PendulumAPP:_processSerialData:120 - 📏 串口长度数据已更新: L35.396606 -> physical_length=35.396606
2025-09-02 14:50:04.982 | INFO     | Pendulum.PendulumAPP:_processSerialData:121 - 🔄 数据来源: 串口接收 -> PendulumState.physical_length
2025-09-02 14:50:04.984 | INFO     | Pendulum.SerialConncet:_run:176 - [接收] L35.371086
2025-09-02 14:50:05.001 | INFO     | Pendulum.SerialConncet:_run:176 - [接收] L35.345566
2025-09-02 14:50:05.022 | INFO     | Pendulum.SerialConncet:_run:176 - [接收] L35.320045
2025-09-02 14:50:05.026 | INFO     | Pendulum.PendulumAPP:_processSerialData:120 - 📏 串口长度数据已更新: L35.320045 -> physical_length=35.320045
2025-09-02 14:50:05.027 | INFO     | Pendulum.PendulumAPP:_processSerialData:121 - 🔄 数据来源: 串口接收 -> PendulumState.physical_length
2025-09-02 14:50:05.044 | INFO     | Pendulum.SerialConncet:_run:176 - [接收] L35.294521
2025-09-02 14:50:05.063 | INFO     | Pendulum.SerialConncet:_run:176 - [接收] L35.269001
2025-09-02 14:50:05.071 | INFO     | Pendulum.PendulumAPP:_processSerialData:120 - 📏 串口长度数据已更新: L35.269001 -> physical_length=35.269001
2025-09-02 14:50:05.072 | INFO     | Pendulum.PendulumAPP:_processSerialData:121 - 🔄 数据来源: 串口接收 -> PendulumState.physical_length
2025-09-02 14:50:05.092 | INFO     | Pendulum.SerialConncet:_run:176 - [接收] L35.243481
2025-09-02 14:50:05.109 | INFO     | Pendulum.SerialConncet:_run:176 - [接收] L35.217957
2025-09-02 14:50:05.117 | INFO     | Pendulum.PendulumAPP:_processSerialData:120 - 📏 串口长度数据已更新: L35.217957 -> physical_length=35.217957
2025-09-02 14:50:05.118 | INFO     | Pendulum.PendulumAPP:_processSerialData:121 - 🔄 数据来源: 串口接收 -> PendulumState.physical_length
2025-09-02 14:50:05.127 | INFO     | Pendulum.SerialConncet:_run:176 - [接收] L35.192440
2025-09-02 14:50:05.149 | INFO     | Pendulum.SerialConncet:_run:176 - [接收] L35.166920
2025-09-02 14:50:05.163 | INFO     | Pendulum.PendulumAPP:_processSerialData:120 - 📏 串口长度数据已更新: L35.166920 -> physical_length=35.166920
2025-09-02 14:50:05.166 | INFO     | Pendulum.PendulumAPP:_processSerialData:121 - 🔄 数据来源: 串口接收 -> PendulumState.physical_length
2025-09-02 14:50:05.171 | INFO     | Pendulum.SerialConncet:_run:176 - [接收] L35.141396
2025-09-02 14:50:05.191 | INFO     | Pendulum.SerialConncet:_run:176 - [接收] L35.115875
2025-09-02 14:50:05.210 | INFO     | Pendulum.PendulumAPP:_processSerialData:120 - 📏 串口长度数据已更新: L35.115875 -> physical_length=35.115875
2025-09-02 14:50:05.215 | INFO     | Pendulum.PendulumAPP:_processSerialData:121 - 🔄 数据来源: 串口接收 -> PendulumState.physical_length
2025-09-02 14:50:05.220 | INFO     | Pendulum.SerialConncet:_run:176 - [接收] L35.090355
2025-09-02 14:50:05.232 | INFO     | Pendulum.SerialConncet:_run:176 - [接收] L35.064835
2025-09-02 14:50:05.252 | INFO     | Pendulum.SerialConncet:_run:176 - [接收] L35.039310
2025-09-02 14:50:05.256 | INFO     | Pendulum.PendulumAPP:_processSerialData:120 - 📏 串口长度数据已更新: L35.039310 -> physical_length=35.039310
2025-09-02 14:50:05.256 | INFO     | Pendulum.PendulumAPP:_processSerialData:121 - 🔄 数据来源: 串口接收 -> PendulumState.physical_length
2025-09-02 14:50:05.273 | INFO     | Pendulum.SerialConncet:_run:176 - [接收] L35.013790
2025-09-02 14:50:05.294 | INFO     | Pendulum.SerialConncet:_run:176 - [接收] L34.988274
2025-09-02 14:50:05.302 | INFO     | Pendulum.PendulumAPP:_processSerialData:120 - 📏 串口长度数据已更新: L34.988274 -> physical_length=34.988274
2025-09-02 14:50:05.304 | INFO     | Pendulum.PendulumAPP:_processSerialData:121 - 🔄 数据来源: 串口接收 -> PendulumState.physical_length
2025-09-02 14:50:05.315 | INFO     | Pendulum.SerialConncet:_run:176 - [接收] L34.962749
2025-09-02 14:50:05.336 | INFO     | Pendulum.SerialConncet:_run:176 - [接收] L34.937229
2025-09-02 14:50:05.349 | INFO     | Pendulum.PendulumAPP:_processSerialData:120 - 📏 串口长度数据已更新: L34.937229 -> physical_length=34.937229
2025-09-02 14:50:05.350 | INFO     | Pendulum.PendulumAPP:_processSerialData:121 - 🔄 数据来源: 串口接收 -> PendulumState.physical_length
2025-09-02 14:50:05.359 | INFO     | Pendulum.SerialConncet:_run:176 - [接收] L34.911709
2025-09-02 14:50:05.378 | INFO     | Pendulum.SerialConncet:_run:176 - [接收] L34.886185
2025-09-02 14:50:05.396 | INFO     | Pendulum.PendulumAPP:_processSerialData:120 - 📏 串口长度数据已更新: L34.886185 -> physical_length=34.886185
2025-09-02 14:50:05.397 | INFO     | Pendulum.PendulumAPP:_processSerialData:121 - 🔄 数据来源: 串口接收 -> PendulumState.physical_length
2025-09-02 14:50:05.399 | INFO     | Pendulum.SerialConncet:_run:176 - [接收] L34.860664
2025-09-02 14:50:05.422 | INFO     | Pendulum.SerialConncet:_run:176 - [接收] L34.835144
2025-09-02 14:50:05.440 | INFO     | Pendulum.SerialConncet:_run:176 - [接收] L34.809624
2025-09-02 14:50:05.441 | INFO     | Pendulum.PendulumAPP:_processSerialData:120 - 📏 串口长度数据已更新: L34.835144 -> physical_length=34.835144
2025-09-02 14:50:05.442 | INFO     | Pendulum.PendulumAPP:_processSerialData:121 - 🔄 数据来源: 串口接收 -> PendulumState.physical_length
2025-09-02 14:50:05.462 | INFO     | Pendulum.SerialConncet:_run:176 - [接收] L34.784103
2025-09-02 14:50:05.483 | INFO     | Pendulum.SerialConncet:_run:176 - [接收] L34.758583
2025-09-02 14:50:05.488 | INFO     | Pendulum.PendulumAPP:_processSerialData:120 - 📏 串口长度数据已更新: L34.758583 -> physical_length=34.758583
2025-09-02 14:50:05.490 | INFO     | Pendulum.PendulumAPP:_processSerialData:121 - 🔄 数据来源: 串口接收 -> PendulumState.physical_length
2025-09-02 14:50:05.507 | INFO     | Pendulum.SerialConncet:_run:176 - [接收] L34.733063
2025-09-02 14:50:05.524 | INFO     | Pendulum.SerialConncet:_run:176 - [接收] L34.707539
2025-09-02 14:50:05.534 | INFO     | Pendulum.PendulumAPP:_processSerialData:120 - 📏 串口长度数据已更新: L34.707539 -> physical_length=34.707539
2025-09-02 14:50:05.536 | INFO     | Pendulum.PendulumAPP:_processSerialData:121 - 🔄 数据来源: 串口接收 -> PendulumState.physical_length
2025-09-02 14:50:05.546 | INFO     | Pendulum.SerialConncet:_run:176 - [接收] L34.682018
2025-09-02 14:50:05.567 | INFO     | Pendulum.SerialConncet:_run:176 - [接收] L34.656498
2025-09-02 14:50:05.580 | INFO     | Pendulum.PendulumAPP:_processSerialData:120 - 📏 串口长度数据已更新: L34.656498 -> physical_length=34.656498
2025-09-02 14:50:05.581 | INFO     | Pendulum.PendulumAPP:_processSerialData:121 - 🔄 数据来源: 串口接收 -> PendulumState.physical_length
2025-09-02 14:50:05.587 | INFO     | Pendulum.SerialConncet:_run:176 - [接收] L34.630978
2025-09-02 14:50:05.609 | INFO     | Pendulum.SerialConncet:_run:176 - [接收] L34.605457
2025-09-02 14:50:05.627 | INFO     | Pendulum.PendulumAPP:_processSerialData:120 - 📏 串口长度数据已更新: L34.605457 -> physical_length=34.605457
2025-09-02 14:50:05.630 | INFO     | Pendulum.PendulumAPP:_processSerialData:121 - 🔄 数据来源: 串口接收 -> PendulumState.physical_length
2025-09-02 14:50:05.632 | INFO     | Pendulum.SerialConncet:_run:176 - [接收] L34.579937
2025-09-02 14:50:05.649 | INFO     | Pendulum.SerialConncet:_run:176 - [接收] L34.554413
2025-09-02 14:50:05.670 | INFO     | Pendulum.SerialConncet:_run:176 - [接收] L34.528893
2025-09-02 14:50:05.673 | INFO     | Pendulum.PendulumAPP:_processSerialData:120 - 📏 串口长度数据已更新: L34.528893 -> physical_length=34.528893
2025-09-02 14:50:05.674 | INFO     | Pendulum.PendulumAPP:_processSerialData:121 - 🔄 数据来源: 串口接收 -> PendulumState.physical_length
2025-09-02 14:50:05.693 | INFO     | Pendulum.SerialConncet:_run:176 - [接收] L34.503372
2025-09-02 14:50:05.713 | INFO     | Pendulum.SerialConncet:_run:176 - [接收] L34.477848
2025-09-02 14:50:05.719 | INFO     | Pendulum.PendulumAPP:_processSerialData:120 - 📏 串口长度数据已更新: L34.477848 -> physical_length=34.477848
2025-09-02 14:50:05.720 | INFO     | Pendulum.PendulumAPP:_processSerialData:121 - 🔄 数据来源: 串口接收 -> PendulumState.physical_length
2025-09-02 14:50:05.734 | INFO     | Pendulum.SerialConncet:_run:176 - [接收] L34.452328
2025-09-02 14:50:05.754 | INFO     | Pendulum.SerialConncet:_run:176 - [接收] L34.426811
2025-09-02 14:50:05.765 | INFO     | Pendulum.PendulumAPP:_processSerialData:120 - 📏 串口长度数据已更新: L34.426811 -> physical_length=34.426811
2025-09-02 14:50:05.766 | INFO     | Pendulum.PendulumAPP:_processSerialData:121 - 🔄 数据来源: 串口接收 -> PendulumState.physical_length
2025-09-02 14:50:05.775 | INFO     | Pendulum.SerialConncet:_run:176 - [接收] L34.401287
2025-09-02 14:50:05.798 | INFO     | Pendulum.SerialConncet:_run:176 - [接收] L34.375767
2025-09-02 14:50:05.812 | INFO     | Pendulum.PendulumAPP:_processSerialData:120 - 📏 串口长度数据已更新: L34.375767 -> physical_length=34.375767
2025-09-02 14:50:05.813 | INFO     | Pendulum.PendulumAPP:_processSerialData:121 - 🔄 数据来源: 串口接收 -> PendulumState.physical_length
2025-09-02 14:50:05.817 | INFO     | Pendulum.SerialConncet:_run:176 - [接收] L34.350246
2025-09-02 14:50:05.838 | INFO     | Pendulum.SerialConncet:_run:176 - [接收] L34.324722
2025-09-02 14:50:05.859 | INFO     | Pendulum.PendulumAPP:_processSerialData:120 - 📏 串口长度数据已更新: L34.324722 -> physical_length=34.324722
2025-09-02 14:50:05.860 | INFO     | Pendulum.PendulumAPP:_processSerialData:121 - 🔄 数据来源: 串口接收 -> PendulumState.physical_length
2025-09-02 14:50:05.862 | INFO     | Pendulum.SerialConncet:_run:176 - [接收] L34.299202
2025-09-02 14:50:05.880 | INFO     | Pendulum.SerialConncet:_run:176 - [接收] L34.273682
2025-09-02 14:50:05.900 | INFO     | Pendulum.SerialConncet:_run:176 - [接收] L34.248161
2025-09-02 14:50:05.907 | INFO     | Pendulum.PendulumAPP:_processSerialData:120 - 📏 串口长度数据已更新: L34.248161 -> physical_length=34.248161
2025-09-02 14:50:05.907 | INFO     | Pendulum.PendulumAPP:_processSerialData:121 - 🔄 数据来源: 串口接收 -> PendulumState.physical_length
2025-09-02 14:50:05.922 | INFO     | Pendulum.SerialConncet:_run:176 - [接收] L34.222641
2025-09-02 14:50:05.942 | INFO     | Pendulum.SerialConncet:_run:176 - [接收] L34.197121
2025-09-02 14:50:05.953 | INFO     | Pendulum.PendulumAPP:_processSerialData:120 - 📏 串口长度数据已更新: L34.197121 -> physical_length=34.197121
2025-09-02 14:50:05.954 | INFO     | Pendulum.PendulumAPP:_processSerialData:121 - 🔄 数据来源: 串口接收 -> PendulumState.physical_length
2025-09-02 14:50:05.965 | INFO     | Pendulum.SerialConncet:_run:176 - [接收] L34.171600
2025-09-02 14:50:05.984 | INFO     | Pendulum.SerialConncet:_run:176 - [接收] L34.146076
2025-09-02 14:50:06.000 | INFO     | Pendulum.PendulumAPP:_processSerialData:120 - 📏 串口长度数据已更新: L34.146076 -> physical_length=34.146076
2025-09-02 14:50:06.003 | INFO     | Pendulum.PendulumAPP:_processSerialData:121 - 🔄 数据来源: 串口接收 -> PendulumState.physical_length
2025-09-02 14:50:06.007 | INFO     | Pendulum.SerialConncet:_run:176 - [接收] L34.120556
2025-09-02 14:50:06.028 | INFO     | Pendulum.SerialConncet:_run:176 - [接收] L34.095036
2025-09-02 14:50:06.046 | INFO     | Pendulum.PendulumAPP:_processSerialData:120 - 📏 串口长度数据已更新: L34.095036 -> physical_length=34.095036
2025-09-02 14:50:06.046 | INFO     | Pendulum.PendulumAPP:_processSerialData:121 - 🔄 数据来源: 串口接收 -> PendulumState.physical_length
2025-09-02 14:50:06.048 | INFO     | Pendulum.SerialConncet:_run:176 - [接收] L34.069515
2025-09-02 14:50:06.068 | INFO     | Pendulum.SerialConncet:_run:176 - [接收] L34.043995
2025-09-02 14:50:06.090 | INFO     | Pendulum.SerialConncet:_run:176 - [接收] L34.018475
2025-09-02 14:50:06.091 | INFO     | Pendulum.PendulumAPP:_processSerialData:120 - 📏 串口长度数据已更新: L34.043995 -> physical_length=34.043995
2025-09-02 14:50:06.093 | INFO     | Pendulum.PendulumAPP:_processSerialData:121 - 🔄 数据来源: 串口接收 -> PendulumState.physical_length
2025-09-02 14:50:06.110 | INFO     | Pendulum.SerialConncet:_run:176 - [接收] L33.992950
2025-09-02 14:50:06.131 | INFO     | Pendulum.SerialConncet:_run:176 - [接收] L33.967430
2025-09-02 14:50:06.136 | INFO     | Pendulum.PendulumAPP:_processSerialData:120 - 📏 串口长度数据已更新: L33.967430 -> physical_length=33.967430
2025-09-02 14:50:06.137 | INFO     | Pendulum.PendulumAPP:_processSerialData:121 - 🔄 数据来源: 串口接收 -> PendulumState.physical_length
2025-09-02 14:50:06.152 | INFO     | Pendulum.SerialConncet:_run:176 - [接收] L33.941910
2025-09-02 14:50:06.174 | INFO     | Pendulum.SerialConncet:_run:176 - [接收] L33.916389
2025-09-02 14:50:06.184 | INFO     | Pendulum.PendulumAPP:_processSerialData:120 - 📏 串口长度数据已更新: L33.916389 -> physical_length=33.916389
2025-09-02 14:50:06.185 | INFO     | Pendulum.PendulumAPP:_processSerialData:121 - 🔄 数据来源: 串口接收 -> PendulumState.physical_length
2025-09-02 14:50:06.194 | INFO     | Pendulum.SerialConncet:_run:176 - [接收] L33.890865
2025-09-02 14:50:06.215 | INFO     | Pendulum.SerialConncet:_run:176 - [接收] L33.865349
2025-09-02 14:50:06.230 | INFO     | Pendulum.PendulumAPP:_processSerialData:120 - 📏 串口长度数据已更新: L33.865349 -> physical_length=33.865349
2025-09-02 14:50:06.231 | INFO     | Pendulum.PendulumAPP:_processSerialData:121 - 🔄 数据来源: 串口接收 -> PendulumState.physical_length
2025-09-02 14:50:06.235 | INFO     | Pendulum.SerialConncet:_run:176 - [接收] L33.839828
2025-09-02 14:50:06.257 | INFO     | Pendulum.SerialConncet:_run:176 - [接收] L33.814304
2025-09-02 14:50:06.277 | INFO     | Pendulum.PendulumAPP:_processSerialData:120 - 📏 串口长度数据已更新: L33.814304 -> physical_length=33.814304
2025-09-02 14:50:06.278 | INFO     | Pendulum.PendulumAPP:_processSerialData:121 - 🔄 数据来源: 串口接收 -> PendulumState.physical_length
2025-09-02 14:50:06.280 | INFO     | Pendulum.SerialConncet:_run:176 - [接收] L33.788784
2025-09-02 14:50:06.304 | INFO     | Pendulum.SerialConncet:_run:176 - [接收] L33.763264
2025-09-02 14:50:06.320 | INFO     | Pendulum.SerialConncet:_run:176 - [接收] L33.737740
2025-09-02 14:50:06.322 | INFO     | Pendulum.PendulumAPP:_processSerialData:120 - 📏 串口长度数据已更新: L33.737740 -> physical_length=33.737740
2025-09-02 14:50:06.322 | INFO     | Pendulum.PendulumAPP:_processSerialData:121 - 🔄 数据来源: 串口接收 -> PendulumState.physical_length
2025-09-02 14:50:06.340 | INFO     | Pendulum.SerialConncet:_run:176 - [接收] L33.712219
2025-09-02 14:50:06.361 | INFO     | Pendulum.SerialConncet:_run:176 - [接收] L33.686699
2025-09-02 14:50:06.369 | INFO     | Pendulum.PendulumAPP:_processSerialData:120 - 📏 串口长度数据已更新: L33.686699 -> physical_length=33.686699
2025-09-02 14:50:06.370 | INFO     | Pendulum.PendulumAPP:_processSerialData:121 - 🔄 数据来源: 串口接收 -> PendulumState.physical_length
2025-09-02 14:50:06.384 | INFO     | Pendulum.SerialConncet:_run:176 - [接收] L33.661179
2025-09-02 14:50:06.404 | INFO     | Pendulum.SerialConncet:_run:176 - [接收] L33.635658
2025-09-02 14:50:06.415 | INFO     | Pendulum.PendulumAPP:_processSerialData:120 - 📏 串口长度数据已更新: L33.635658 -> physical_length=33.635658
2025-09-02 14:50:06.415 | INFO     | Pendulum.PendulumAPP:_processSerialData:121 - 🔄 数据来源: 串口接收 -> PendulumState.physical_length
2025-09-02 14:50:06.423 | INFO     | Pendulum.SerialConncet:_run:176 - [接收] L33.610138
2025-09-02 14:50:06.447 | INFO     | Pendulum.SerialConncet:_run:176 - [接收] L33.584614
2025-09-02 14:50:06.461 | INFO     | Pendulum.PendulumAPP:_processSerialData:120 - 📏 串口长度数据已更新: L33.584614 -> physical_length=33.584614
2025-09-02 14:50:06.462 | INFO     | Pendulum.PendulumAPP:_processSerialData:121 - 🔄 数据来源: 串口接收 -> PendulumState.physical_length
2025-09-02 14:50:06.468 | INFO     | Pendulum.SerialConncet:_run:176 - [接收] L33.559093
2025-09-02 14:50:06.487 | INFO     | Pendulum.SerialConncet:_run:176 - [接收] L33.533573
2025-09-02 14:50:06.507 | INFO     | Pendulum.PendulumAPP:_processSerialData:120 - 📏 串口长度数据已更新: L33.533573 -> physical_length=33.533573
2025-09-02 14:50:06.507 | INFO     | Pendulum.PendulumAPP:_processSerialData:121 - 🔄 数据来源: 串口接收 -> PendulumState.physical_length
2025-09-02 14:50:06.513 | INFO     | Pendulum.SerialConncet:_run:176 - [接收] L33.508053
2025-09-02 14:50:06.528 | INFO     | Pendulum.SerialConncet:_run:176 - [接收] L33.482533
2025-09-02 14:50:06.550 | INFO     | Pendulum.SerialConncet:_run:176 - [接收] L33.457012
2025-09-02 14:50:06.553 | INFO     | Pendulum.PendulumAPP:_processSerialData:120 - 📏 串口长度数据已更新: L33.457012 -> physical_length=33.457012
2025-09-02 14:50:06.555 | INFO     | Pendulum.PendulumAPP:_processSerialData:121 - 🔄 数据来源: 串口接收 -> PendulumState.physical_length
2025-09-02 14:50:06.571 | INFO     | Pendulum.SerialConncet:_run:176 - [接收] L33.431492
2025-09-02 14:50:06.592 | INFO     | Pendulum.SerialConncet:_run:176 - [接收] L33.405968
2025-09-02 14:50:06.599 | INFO     | Pendulum.PendulumAPP:_processSerialData:120 - 📏 串口长度数据已更新: L33.405968 -> physical_length=33.405968
2025-09-02 14:50:06.600 | INFO     | Pendulum.PendulumAPP:_processSerialData:121 - 🔄 数据来源: 串口接收 -> PendulumState.physical_length
2025-09-02 14:50:06.612 | INFO     | Pendulum.SerialConncet:_run:176 - [接收] L33.380447
2025-09-02 14:50:06.634 | INFO     | Pendulum.SerialConncet:_run:176 - [接收] L33.354927
2025-09-02 14:50:06.644 | INFO     | Pendulum.PendulumAPP:_processSerialData:120 - 📏 串口长度数据已更新: L33.354927 -> physical_length=33.354927
2025-09-02 14:50:06.645 | INFO     | Pendulum.PendulumAPP:_processSerialData:121 - 🔄 数据来源: 串口接收 -> PendulumState.physical_length
2025-09-02 14:50:06.654 | INFO     | Pendulum.SerialConncet:_run:176 - [接收] L33.329403
2025-09-02 14:50:06.675 | INFO     | Pendulum.SerialConncet:_run:176 - [接收] L33.303886
2025-09-02 14:50:06.690 | INFO     | Pendulum.PendulumAPP:_processSerialData:120 - 📏 串口长度数据已更新: L33.303886 -> physical_length=33.303886
2025-09-02 14:50:06.691 | INFO     | Pendulum.PendulumAPP:_processSerialData:121 - 🔄 数据来源: 串口接收 -> PendulumState.physical_length
2025-09-02 14:50:06.695 | INFO     | Pendulum.SerialConncet:_run:176 - [接收] L33.278366
2025-09-02 14:50:06.717 | INFO     | Pendulum.SerialConncet:_run:176 - [接收] L33.252842
2025-09-02 14:50:06.736 | INFO     | Pendulum.PendulumAPP:_processSerialData:120 - 📏 串口长度数据已更新: L33.252842 -> physical_length=33.252842
2025-09-02 14:50:06.737 | INFO     | Pendulum.PendulumAPP:_processSerialData:121 - 🔄 数据来源: 串口接收 -> PendulumState.physical_length
2025-09-02 14:50:06.740 | INFO     | Pendulum.SerialConncet:_run:176 - [接收] L33.227322
2025-09-02 14:50:06.759 | INFO     | Pendulum.SerialConncet:_run:176 - [接收] L33.201801
2025-09-02 14:50:06.781 | INFO     | Pendulum.SerialConncet:_run:176 - [接收] L33.176277
2025-09-02 14:50:06.782 | INFO     | Pendulum.PendulumAPP:_processSerialData:120 - 📏 串口长度数据已更新: L33.201801 -> physical_length=33.201801
2025-09-02 14:50:06.784 | INFO     | Pendulum.PendulumAPP:_processSerialData:121 - 🔄 数据来源: 串口接收 -> PendulumState.physical_length
2025-09-02 14:50:06.801 | INFO     | Pendulum.SerialConncet:_run:176 - [接收] L33.150757
2025-09-02 14:50:06.822 | INFO     | Pendulum.SerialConncet:_run:176 - [接收] L33.125237
2025-09-02 14:50:06.828 | INFO     | Pendulum.PendulumAPP:_processSerialData:120 - 📏 串口长度数据已更新: L33.125237 -> physical_length=33.125237
2025-09-02 14:50:06.831 | INFO     | Pendulum.PendulumAPP:_processSerialData:121 - 🔄 数据来源: 串口接收 -> PendulumState.physical_length
2025-09-02 14:50:06.846 | INFO     | Pendulum.SerialConncet:_run:176 - [接收] L33.099720
2025-09-02 14:50:06.865 | INFO     | Pendulum.SerialConncet:_run:176 - [接收] L33.074196
2025-09-02 14:50:06.874 | INFO     | Pendulum.PendulumAPP:_processSerialData:120 - 📏 串口长度数据已更新: L33.074196 -> physical_length=33.074196
2025-09-02 14:50:06.875 | INFO     | Pendulum.PendulumAPP:_processSerialData:121 - 🔄 数据来源: 串口接收 -> PendulumState.physical_length
2025-09-02 14:50:06.887 | INFO     | Pendulum.SerialConncet:_run:176 - [接收] L33.048676
2025-09-02 14:50:06.905 | INFO     | Pendulum.SerialConncet:_run:176 - [接收] L33.023155
2025-09-02 14:50:06.919 | INFO     | Pendulum.PendulumAPP:_processSerialData:120 - 📏 串口长度数据已更新: L33.023155 -> physical_length=33.023155
2025-09-02 14:50:06.919 | INFO     | Pendulum.PendulumAPP:_processSerialData:121 - 🔄 数据来源: 串口接收 -> PendulumState.physical_length
2025-09-02 14:50:06.926 | INFO     | Pendulum.SerialConncet:_run:176 - [接收] L32.997631
2025-09-02 14:50:06.952 | INFO     | Pendulum.SerialConncet:_run:176 - [接收] L32.972111
2025-09-02 14:50:06.966 | INFO     | Pendulum.PendulumAPP:_processSerialData:120 - 📏 串口长度数据已更新: L32.972111 -> physical_length=32.972111
2025-09-02 14:50:06.967 | INFO     | Pendulum.PendulumAPP:_processSerialData:121 - 🔄 数据来源: 串口接收 -> PendulumState.physical_length
2025-09-02 14:50:06.970 | INFO     | Pendulum.SerialConncet:_run:176 - [接收] L32.946590
2025-09-02 14:50:06.989 | INFO     | Pendulum.SerialConncet:_run:176 - [接收] L32.921070
2025-09-02 14:50:07.013 | INFO     | Pendulum.PendulumAPP:_processSerialData:120 - 📏 串口长度数据已更新: L32.921070 -> physical_length=32.921070
2025-09-02 14:50:07.014 | INFO     | Pendulum.PendulumAPP:_processSerialData:121 - 🔄 数据来源: 串口接收 -> PendulumState.physical_length
2025-09-02 14:50:07.018 | INFO     | Pendulum.SerialConncet:_run:176 - [接收] L32.895550
2025-09-02 14:50:07.031 | INFO     | Pendulum.SerialConncet:_run:176 - [接收] L32.870029
2025-09-02 14:50:07.055 | INFO     | Pendulum.SerialConncet:_run:176 - [接收] L32.844505
2025-09-02 14:50:07.059 | INFO     | Pendulum.PendulumAPP:_processSerialData:120 - 📏 串口长度数据已更新: L32.844505 -> physical_length=32.844505
2025-09-02 14:50:07.060 | INFO     | Pendulum.PendulumAPP:_processSerialData:121 - 🔄 数据来源: 串口接收 -> PendulumState.physical_length
2025-09-02 14:50:07.076 | INFO     | Pendulum.SerialConncet:_run:176 - [接收] L32.818985
2025-09-02 14:50:07.095 | INFO     | Pendulum.SerialConncet:_run:176 - [接收] L32.793465
2025-09-02 14:50:07.105 | INFO     | Pendulum.PendulumAPP:_processSerialData:120 - 📏 串口长度数据已更新: L32.793465 -> physical_length=32.793465
2025-09-02 14:50:07.106 | INFO     | Pendulum.PendulumAPP:_processSerialData:121 - 🔄 数据来源: 串口接收 -> PendulumState.physical_length
2025-09-02 14:50:07.116 | INFO     | Pendulum.SerialConncet:_run:176 - [接收] L32.767941
2025-09-02 14:50:07.137 | INFO     | Pendulum.SerialConncet:_run:176 - [接收] L32.742424
2025-09-02 14:50:07.151 | INFO     | Pendulum.PendulumAPP:_processSerialData:120 - 📏 串口长度数据已更新: L32.742424 -> physical_length=32.742424
2025-09-02 14:50:07.152 | INFO     | Pendulum.PendulumAPP:_processSerialData:121 - 🔄 数据来源: 串口接收 -> PendulumState.physical_length
2025-09-02 14:50:07.156 | INFO     | Pendulum.SerialConncet:_run:176 - [接收] L32.716904
2025-09-02 14:50:07.178 | INFO     | Pendulum.SerialConncet:_run:176 - [接收] L32.691380
2025-09-02 14:50:07.199 | INFO     | Pendulum.PendulumAPP:_processSerialData:120 - 📏 串口长度数据已更新: L32.691380 -> physical_length=32.691380
2025-09-02 14:50:07.200 | INFO     | Pendulum.PendulumAPP:_processSerialData:121 - 🔄 数据来源: 串口接收 -> PendulumState.physical_length
2025-09-02 14:50:07.203 | INFO     | Pendulum.SerialConncet:_run:176 - [接收] L32.665859
2025-09-02 14:50:07.219 | INFO     | Pendulum.SerialConncet:_run:176 - [接收] L32.640339
2025-09-02 14:50:07.241 | INFO     | Pendulum.SerialConncet:_run:176 - [接收] L32.614819
2025-09-02 14:50:07.245 | INFO     | Pendulum.PendulumAPP:_processSerialData:120 - 📏 串口长度数据已更新: L32.614819 -> physical_length=32.614819
2025-09-02 14:50:07.246 | INFO     | Pendulum.PendulumAPP:_processSerialData:121 - 🔄 数据来源: 串口接收 -> PendulumState.physical_length
2025-09-02 14:50:07.266 | INFO     | Pendulum.SerialConncet:_run:176 - [接收] L32.589294
2025-09-02 14:50:07.283 | INFO     | Pendulum.SerialConncet:_run:176 - [接收] L32.563774
2025-09-02 14:50:07.292 | INFO     | Pendulum.PendulumAPP:_processSerialData:120 - 📏 串口长度数据已更新: L32.563774 -> physical_length=32.563774
2025-09-02 14:50:07.295 | INFO     | Pendulum.PendulumAPP:_processSerialData:121 - 🔄 数据来源: 串口接收 -> PendulumState.physical_length
2025-09-02 14:50:07.303 | INFO     | Pendulum.SerialConncet:_run:176 - [接收] L32.538258
2025-09-02 14:50:07.331 | INFO     | Pendulum.SerialConncet:_run:176 - [接收] L32.512733
2025-09-02 14:50:07.341 | INFO     | Pendulum.PendulumAPP:_processSerialData:120 - 📏 串口长度数据已更新: L32.512733 -> physical_length=32.512733
2025-09-02 14:50:07.341 | INFO     | Pendulum.PendulumAPP:_processSerialData:121 - 🔄 数据来源: 串口接收 -> PendulumState.physical_length
2025-09-02 14:50:07.347 | INFO     | Pendulum.SerialConncet:_run:176 - [接收] L32.487213
2025-09-02 14:50:07.367 | INFO     | Pendulum.SerialConncet:_run:176 - [接收] L32.461693
2025-09-02 14:50:07.384 | INFO     | Pendulum.PendulumAPP:_processSerialData:120 - 📏 串口长度数据已更新: L32.461693 -> physical_length=32.461693
2025-09-02 14:50:07.385 | INFO     | Pendulum.PendulumAPP:_processSerialData:121 - 🔄 数据来源: 串口接收 -> PendulumState.physical_length
2025-09-02 14:50:07.396 | INFO     | Pendulum.SerialConncet:_run:176 - [接收] L32.436169
2025-09-02 14:50:07.409 | INFO     | Pendulum.SerialConncet:_run:176 - [接收] L32.410648
2025-09-02 14:50:07.428 | INFO     | Pendulum.SerialConncet:_run:176 - [接收] L32.385128
2025-09-02 14:50:07.431 | INFO     | Pendulum.PendulumAPP:_processSerialData:120 - 📏 串口长度数据已更新: L32.385128 -> physical_length=32.385128
2025-09-02 14:50:07.432 | INFO     | Pendulum.PendulumAPP:_processSerialData:121 - 🔄 数据来源: 串口接收 -> PendulumState.physical_length
2025-09-02 14:50:07.450 | INFO     | Pendulum.SerialConncet:_run:176 - [接收] L32.359608
2025-09-02 14:50:07.475 | INFO     | Pendulum.SerialConncet:_run:176 - [接收] L32.334087
2025-09-02 14:50:07.478 | INFO     | Pendulum.PendulumAPP:_processSerialData:120 - 📏 串口长度数据已更新: L32.334087 -> physical_length=32.334087
2025-09-02 14:50:07.479 | INFO     | Pendulum.PendulumAPP:_processSerialData:121 - 🔄 数据来源: 串口接收 -> PendulumState.physical_length
2025-09-02 14:50:07.492 | INFO     | Pendulum.SerialConncet:_run:176 - [接收] L32.308567
2025-09-02 14:50:07.512 | INFO     | Pendulum.SerialConncet:_run:176 - [接收] L32.283047
2025-09-02 14:50:07.524 | INFO     | Pendulum.PendulumAPP:_processSerialData:120 - 📏 串口长度数据已更新: L32.283047 -> physical_length=32.283047
2025-09-02 14:50:07.525 | INFO     | Pendulum.PendulumAPP:_processSerialData:121 - 🔄 数据来源: 串口接收 -> PendulumState.physical_length
2025-09-02 14:50:07.534 | INFO     | Pendulum.SerialConncet:_run:176 - [接收] L32.257523
2025-09-02 14:50:07.556 | INFO     | Pendulum.SerialConncet:_run:176 - [接收] L32.232002
2025-09-02 14:50:07.570 | INFO     | Pendulum.PendulumAPP:_processSerialData:120 - 📏 串口长度数据已更新: L32.232002 -> physical_length=32.232002
2025-09-02 14:50:07.571 | INFO     | Pendulum.PendulumAPP:_processSerialData:121 - 🔄 数据来源: 串口接收 -> PendulumState.physical_length
2025-09-02 14:50:07.575 | INFO     | Pendulum.SerialConncet:_run:176 - [接收] L32.206482
2025-09-02 14:50:07.597 | INFO     | Pendulum.SerialConncet:_run:176 - [接收] L32.180962
2025-09-02 14:50:07.616 | INFO     | Pendulum.PendulumAPP:_processSerialData:120 - 📏 串口长度数据已更新: L32.180962 -> physical_length=32.180962
2025-09-02 14:50:07.617 | INFO     | Pendulum.PendulumAPP:_processSerialData:121 - 🔄 数据来源: 串口接收 -> PendulumState.physical_length
2025-09-02 14:50:07.620 | INFO     | Pendulum.SerialConncet:_run:176 - [接收] L32.155441
2025-09-02 14:50:07.638 | INFO     | Pendulum.SerialConncet:_run:176 - [接收] L32.129921
2025-09-02 14:50:07.661 | INFO     | Pendulum.SerialConncet:_run:176 - [接收] L32.104397
2025-09-02 14:50:07.663 | INFO     | Pendulum.PendulumAPP:_processSerialData:120 - 📏 串口长度数据已更新: L32.129921 -> physical_length=32.129921
2025-09-02 14:50:07.665 | INFO     | Pendulum.PendulumAPP:_processSerialData:121 - 🔄 数据来源: 串口接收 -> PendulumState.physical_length
2025-09-02 14:50:07.682 | INFO     | Pendulum.SerialConncet:_run:176 - [接收] L32.078876
2025-09-02 14:50:07.701 | INFO     | Pendulum.SerialConncet:_run:176 - [接收] L32.053356
2025-09-02 14:50:07.711 | INFO     | Pendulum.PendulumAPP:_processSerialData:120 - 📏 串口长度数据已更新: L32.053356 -> physical_length=32.053356
2025-09-02 14:50:07.711 | INFO     | Pendulum.PendulumAPP:_processSerialData:121 - 🔄 数据来源: 串口接收 -> PendulumState.physical_length
2025-09-02 14:50:07.722 | INFO     | Pendulum.SerialConncet:_run:176 - [接收] L32.027832
2025-09-02 14:50:07.742 | INFO     | Pendulum.SerialConncet:_run:176 - [接收] L32.002312
2025-09-02 14:50:07.758 | INFO     | Pendulum.PendulumAPP:_processSerialData:120 - 📏 串口长度数据已更新: L32.002312 -> physical_length=32.002312
2025-09-02 14:50:07.760 | INFO     | Pendulum.PendulumAPP:_processSerialData:121 - 🔄 数据来源: 串口接收 -> PendulumState.physical_length
2025-09-02 14:50:07.763 | INFO     | Pendulum.SerialConncet:_run:176 - [接收] L31.976793
2025-09-02 14:50:07.785 | INFO     | Pendulum.SerialConncet:_run:176 - [接收] L31.951271
2025-09-02 14:50:07.805 | INFO     | Pendulum.PendulumAPP:_processSerialData:120 - 📏 串口长度数据已更新: L31.951271 -> physical_length=31.951271
2025-09-02 14:50:07.806 | INFO     | Pendulum.PendulumAPP:_processSerialData:121 - 🔄 数据来源: 串口接收 -> PendulumState.physical_length
2025-09-02 14:50:07.809 | INFO     | Pendulum.SerialConncet:_run:176 - [接收] L31.925751
2025-09-02 14:50:07.827 | INFO     | Pendulum.SerialConncet:_run:176 - [接收] L31.900230
2025-09-02 14:50:07.847 | INFO     | Pendulum.SerialConncet:_run:176 - [接收] L31.874706
2025-09-02 14:50:07.850 | INFO     | Pendulum.PendulumAPP:_processSerialData:120 - 📏 串口长度数据已更新: L31.874706 -> physical_length=31.874706
2025-09-02 14:50:07.853 | INFO     | Pendulum.PendulumAPP:_processSerialData:121 - 🔄 数据来源: 串口接收 -> PendulumState.physical_length
2025-09-02 14:50:07.868 | INFO     | Pendulum.SerialConncet:_run:176 - [接收] L31.849188
2025-09-02 14:50:07.891 | INFO     | Pendulum.SerialConncet:_run:176 - [接收] L31.823668
2025-09-02 14:50:07.897 | INFO     | Pendulum.PendulumAPP:_processSerialData:120 - 📏 串口长度数据已更新: L31.823668 -> physical_length=31.823668
2025-09-02 14:50:07.899 | INFO     | Pendulum.PendulumAPP:_processSerialData:121 - 🔄 数据来源: 串口接收 -> PendulumState.physical_length
2025-09-02 14:50:07.910 | INFO     | Pendulum.SerialConncet:_run:176 - [接收] L31.798147
2025-09-02 14:50:07.933 | INFO     | Pendulum.SerialConncet:_run:176 - [接收] L31.772623
2025-09-02 14:50:07.944 | INFO     | Pendulum.PendulumAPP:_processSerialData:120 - 📏 串口长度数据已更新: L31.772623 -> physical_length=31.772623
2025-09-02 14:50:07.945 | INFO     | Pendulum.PendulumAPP:_processSerialData:121 - 🔄 数据来源: 串口接收 -> PendulumState.physical_length
2025-09-02 14:50:07.952 | INFO     | Pendulum.SerialConncet:_run:176 - [接收] L31.747105
2025-09-02 14:50:07.973 | INFO     | Pendulum.SerialConncet:_run:176 - [接收] L31.721584
2025-09-02 14:50:07.990 | INFO     | Pendulum.PendulumAPP:_processSerialData:120 - 📏 串口长度数据已更新: L31.721584 -> physical_length=31.721584
2025-09-02 14:50:07.990 | INFO     | Pendulum.PendulumAPP:_processSerialData:121 - 🔄 数据来源: 串口接收 -> PendulumState.physical_length
2025-09-02 14:50:07.994 | INFO     | Pendulum.SerialConncet:_run:176 - [接收] L31.696060
2025-09-02 14:50:08.014 | INFO     | Pendulum.SerialConncet:_run:176 - [接收] L31.670540
2025-09-02 14:50:08.035 | INFO     | Pendulum.SerialConncet:_run:176 - [接收] L31.645021
2025-09-02 14:50:08.036 | INFO     | Pendulum.PendulumAPP:_processSerialData:120 - 📏 串口长度数据已更新: L31.670540 -> physical_length=31.670540
2025-09-02 14:50:08.039 | INFO     | Pendulum.PendulumAPP:_processSerialData:121 - 🔄 数据来源: 串口接收 -> PendulumState.physical_length
2025-09-02 14:50:08.057 | INFO     | Pendulum.SerialConncet:_run:176 - [接收] L31.619497
2025-09-02 14:50:08.079 | INFO     | Pendulum.SerialConncet:_run:176 - [接收] L31.593977
2025-09-02 14:50:08.084 | INFO     | Pendulum.PendulumAPP:_processSerialData:120 - 📏 串口长度数据已更新: L31.593977 -> physical_length=31.593977
2025-09-02 14:50:08.085 | INFO     | Pendulum.PendulumAPP:_processSerialData:121 - 🔄 数据来源: 串口接收 -> PendulumState.physical_length
2025-09-02 14:50:08.099 | INFO     | Pendulum.SerialConncet:_run:176 - [接收] L31.568457
2025-09-02 14:50:08.119 | INFO     | Pendulum.SerialConncet:_run:176 - [接收] L31.542934
2025-09-02 14:50:08.130 | INFO     | Pendulum.PendulumAPP:_processSerialData:120 - 📏 串口长度数据已更新: L31.542934 -> physical_length=31.542934
2025-09-02 14:50:08.130 | INFO     | Pendulum.PendulumAPP:_processSerialData:121 - 🔄 数据来源: 串口接收 -> PendulumState.physical_length
2025-09-02 14:50:08.142 | INFO     | Pendulum.SerialConncet:_run:176 - [接收] L31.517414
2025-09-02 14:50:08.161 | INFO     | Pendulum.SerialConncet:_run:176 - [接收] L31.491894
2025-09-02 14:50:08.177 | INFO     | Pendulum.PendulumAPP:_processSerialData:120 - 📏 串口长度数据已更新: L31.491894 -> physical_length=31.491894
2025-09-02 14:50:08.181 | INFO     | Pendulum.PendulumAPP:_processSerialData:121 - 🔄 数据来源: 串口接收 -> PendulumState.physical_length
2025-09-02 14:50:08.185 | INFO     | Pendulum.SerialConncet:_run:176 - [接收] L31.466375
2025-09-02 14:50:08.207 | INFO     | Pendulum.SerialConncet:_run:176 - [接收] L31.440851
2025-09-02 14:50:08.224 | INFO     | Pendulum.PendulumAPP:_processSerialData:120 - 📏 串口长度数据已更新: L31.440851 -> physical_length=31.440851
2025-09-02 14:50:08.225 | INFO     | Pendulum.PendulumAPP:_processSerialData:121 - 🔄 数据来源: 串口接收 -> PendulumState.physical_length
2025-09-02 14:50:08.227 | INFO     | Pendulum.SerialConncet:_run:176 - [接收] L31.415331
2025-09-02 14:50:08.245 | INFO     | Pendulum.SerialConncet:_run:176 - [接收] L31.389811
2025-09-02 14:50:08.265 | INFO     | Pendulum.SerialConncet:_run:176 - [接收] L31.364288
2025-09-02 14:50:08.269 | INFO     | Pendulum.PendulumAPP:_processSerialData:120 - 📏 串口长度数据已更新: L31.364288 -> physical_length=31.364288
2025-09-02 14:50:08.270 | INFO     | Pendulum.PendulumAPP:_processSerialData:121 - 🔄 数据来源: 串口接收 -> PendulumState.physical_length
2025-09-02 14:50:08.289 | INFO     | Pendulum.SerialConncet:_run:176 - [接收] L31.338768
2025-09-02 14:50:08.307 | INFO     | Pendulum.SerialConncet:_run:176 - [接收] L31.313248
2025-09-02 14:50:08.316 | INFO     | Pendulum.PendulumAPP:_processSerialData:120 - 📏 串口长度数据已更新: L31.313248 -> physical_length=31.313248
2025-09-02 14:50:08.319 | INFO     | Pendulum.PendulumAPP:_processSerialData:121 - 🔄 数据来源: 串口接收 -> PendulumState.physical_length
2025-09-02 14:50:08.328 | INFO     | Pendulum.SerialConncet:_run:176 - [接收] L31.287725
2025-09-02 14:50:08.352 | INFO     | Pendulum.SerialConncet:_run:176 - [接收] L31.262205
2025-09-02 14:50:08.363 | INFO     | Pendulum.PendulumAPP:_processSerialData:120 - 📏 串口长度数据已更新: L31.262205 -> physical_length=31.262205
2025-09-02 14:50:08.363 | INFO     | Pendulum.PendulumAPP:_processSerialData:121 - 🔄 数据来源: 串口接收 -> PendulumState.physical_length
2025-09-02 14:50:08.371 | INFO     | Pendulum.SerialConncet:_run:176 - [接收] L31.236685
2025-09-02 14:50:08.392 | INFO     | Pendulum.SerialConncet:_run:176 - [接收] L31.211161
2025-09-02 14:50:08.410 | INFO     | Pendulum.PendulumAPP:_processSerialData:120 - 📏 串口长度数据已更新: L31.211161 -> physical_length=31.211161
2025-09-02 14:50:08.410 | INFO     | Pendulum.PendulumAPP:_processSerialData:121 - 🔄 数据来源: 串口接收 -> PendulumState.physical_length
2025-09-02 14:50:08.416 | INFO     | Pendulum.SerialConncet:_run:176 - [接收] L31.185642
2025-09-02 14:50:08.434 | INFO     | Pendulum.SerialConncet:_run:176 - [接收] L31.160122
2025-09-02 14:50:08.454 | INFO     | Pendulum.SerialConncet:_run:176 - [接收] L31.134598
2025-09-02 14:50:08.456 | INFO     | Pendulum.PendulumAPP:_processSerialData:120 - 📏 串口长度数据已更新: L31.134598 -> physical_length=31.134598
2025-09-02 14:50:08.457 | INFO     | Pendulum.PendulumAPP:_processSerialData:121 - 🔄 数据来源: 串口接收 -> PendulumState.physical_length
2025-09-02 14:50:08.475 | INFO     | Pendulum.SerialConncet:_run:176 - [接收] L31.109077
2025-09-02 14:50:08.495 | INFO     | Pendulum.SerialConncet:_run:176 - [接收] L31.083559
2025-09-02 14:50:08.503 | INFO     | Pendulum.PendulumAPP:_processSerialData:120 - 📏 串口长度数据已更新: L31.083559 -> physical_length=31.083559
2025-09-02 14:50:08.504 | INFO     | Pendulum.PendulumAPP:_processSerialData:121 - 🔄 数据来源: 串口接收 -> PendulumState.physical_length
2025-09-02 14:50:08.517 | INFO     | Pendulum.SerialConncet:_run:176 - [接收] L31.058035
2025-09-02 14:50:08.538 | INFO     | Pendulum.SerialConncet:_run:176 - [接收] L31.032515
2025-09-02 14:50:08.550 | INFO     | Pendulum.PendulumAPP:_processSerialData:120 - 📏 串口长度数据已更新: L31.032515 -> physical_length=31.032515
2025-09-02 14:50:08.553 | INFO     | Pendulum.PendulumAPP:_processSerialData:121 - 🔄 数据来源: 串口接收 -> PendulumState.physical_length
2025-09-02 14:50:08.558 | INFO     | Pendulum.SerialConncet:_run:176 - [接收] L31.006994
2025-09-02 14:50:08.580 | INFO     | Pendulum.SerialConncet:_run:176 - [接收] L30.981476
2025-09-02 14:50:08.598 | INFO     | Pendulum.PendulumAPP:_processSerialData:120 - 📏 串口长度数据已更新: L30.981476 -> physical_length=30.981476
2025-09-02 14:50:08.598 | INFO     | Pendulum.PendulumAPP:_processSerialData:121 - 🔄 数据来源: 串口接收 -> PendulumState.physical_length
2025-09-02 14:50:08.600 | INFO     | Pendulum.SerialConncet:_run:176 - [接收] L30.955952
2025-09-02 14:50:08.622 | INFO     | Pendulum.SerialConncet:_run:176 - [接收] L30.930431
2025-09-02 14:50:08.643 | INFO     | Pendulum.SerialConncet:_run:176 - [接收] L30.904913
2025-09-02 14:50:08.645 | INFO     | Pendulum.PendulumAPP:_processSerialData:120 - 📏 串口长度数据已更新: L30.904913 -> physical_length=30.904913
2025-09-02 14:50:08.646 | INFO     | Pendulum.PendulumAPP:_processSerialData:121 - 🔄 数据来源: 串口接收 -> PendulumState.physical_length
2025-09-02 14:50:08.663 | INFO     | Pendulum.SerialConncet:_run:176 - [接收] L30.879389
2025-09-02 14:50:08.689 | INFO     | Pendulum.SerialConncet:_run:176 - [接收] L30.853868
2025-09-02 14:50:08.692 | INFO     | Pendulum.PendulumAPP:_processSerialData:120 - 📏 串口长度数据已更新: L30.853868 -> physical_length=30.853868
2025-09-02 14:50:08.692 | INFO     | Pendulum.PendulumAPP:_processSerialData:121 - 🔄 数据来源: 串口接收 -> PendulumState.physical_length
2025-09-02 14:50:08.706 | INFO     | Pendulum.SerialConncet:_run:176 - [接收] L30.828348
2025-09-02 14:50:08.726 | INFO     | Pendulum.SerialConncet:_run:176 - [接收] L30.802826
2025-09-02 14:50:08.738 | INFO     | Pendulum.PendulumAPP:_processSerialData:120 - 📏 串口长度数据已更新: L30.802826 -> physical_length=30.802826
2025-09-02 14:50:08.739 | INFO     | Pendulum.PendulumAPP:_processSerialData:121 - 🔄 数据来源: 串口接收 -> PendulumState.physical_length
2025-09-02 14:50:08.750 | INFO     | Pendulum.SerialConncet:_run:176 - [接收] L30.777306
2025-09-02 14:50:08.768 | INFO     | Pendulum.SerialConncet:_run:176 - [接收] L30.751785
2025-09-02 14:50:08.785 | INFO     | Pendulum.PendulumAPP:_processSerialData:120 - 📏 串口长度数据已更新: L30.751785 -> physical_length=30.751785
2025-09-02 14:50:08.786 | INFO     | Pendulum.PendulumAPP:_processSerialData:121 - 🔄 数据来源: 串口接收 -> PendulumState.physical_length
2025-09-02 14:50:08.789 | INFO     | Pendulum.SerialConncet:_run:176 - [接收] L30.726263
2025-09-02 14:50:08.810 | INFO     | Pendulum.SerialConncet:_run:176 - [接收] L30.700743
2025-09-02 14:50:08.831 | INFO     | Pendulum.SerialConncet:_run:176 - [接收] L30.675222
2025-09-02 14:50:08.832 | INFO     | Pendulum.PendulumAPP:_processSerialData:120 - 📏 串口长度数据已更新: L30.700743 -> physical_length=30.700743
2025-09-02 14:50:08.833 | INFO     | Pendulum.PendulumAPP:_processSerialData:121 - 🔄 数据来源: 串口接收 -> PendulumState.physical_length
2025-09-02 14:50:08.852 | INFO     | Pendulum.SerialConncet:_run:176 - [接收] L30.649702
2025-09-02 14:50:08.872 | INFO     | Pendulum.SerialConncet:_run:176 - [接收] L30.624180
2025-09-02 14:50:08.881 | INFO     | Pendulum.PendulumAPP:_processSerialData:120 - 📏 串口长度数据已更新: L30.624180 -> physical_length=30.624180
2025-09-02 14:50:08.882 | INFO     | Pendulum.PendulumAPP:_processSerialData:121 - 🔄 数据来源: 串口接收 -> PendulumState.physical_length
2025-09-02 14:50:08.895 | INFO     | Pendulum.SerialConncet:_run:176 - [接收] L30.598660
2025-09-02 14:50:08.915 | INFO     | Pendulum.SerialConncet:_run:176 - [接收] L30.573139
2025-09-02 14:50:08.926 | INFO     | Pendulum.PendulumAPP:_processSerialData:120 - 📏 串口长度数据已更新: L30.573139 -> physical_length=30.573139
2025-09-02 14:50:08.929 | INFO     | Pendulum.PendulumAPP:_processSerialData:121 - 🔄 数据来源: 串口接收 -> PendulumState.physical_length
2025-09-02 14:50:08.935 | INFO     | Pendulum.SerialConncet:_run:176 - [接收] L30.547615
2025-09-02 14:50:08.958 | INFO     | Pendulum.SerialConncet:_run:176 - [接收] L30.522097
2025-09-02 14:50:08.970 | INFO     | Pendulum.PendulumAPP:_processSerialData:120 - 📏 串口长度数据已更新: L30.522097 -> physical_length=30.522097
2025-09-02 14:50:08.973 | INFO     | Pendulum.PendulumAPP:_processSerialData:121 - 🔄 数据来源: 串口接收 -> PendulumState.physical_length
2025-09-02 14:50:08.979 | INFO     | Pendulum.SerialConncet:_run:176 - [接收] L30.496576
2025-09-02 14:50:08.998 | INFO     | Pendulum.SerialConncet:_run:176 - [接收] L30.471052
2025-09-02 14:50:09.017 | INFO     | Pendulum.PendulumAPP:_processSerialData:120 - 📏 串口长度数据已更新: L30.471052 -> physical_length=30.471052
2025-09-02 14:50:09.017 | INFO     | Pendulum.PendulumAPP:_processSerialData:121 - 🔄 数据来源: 串口接收 -> PendulumState.physical_length
2025-09-02 14:50:09.020 | INFO     | Pendulum.SerialConncet:_run:176 - [接收] L30.445534
2025-09-02 14:50:09.041 | INFO     | Pendulum.SerialConncet:_run:176 - [接收] L30.420013
2025-09-02 14:50:09.061 | INFO     | Pendulum.SerialConncet:_run:176 - [接收] L30.394489
2025-09-02 14:50:09.063 | INFO     | Pendulum.PendulumAPP:_processSerialData:120 - 📏 串口长度数据已更新: L30.394489 -> physical_length=30.394489
2025-09-02 14:50:09.064 | INFO     | Pendulum.PendulumAPP:_processSerialData:121 - 🔄 数据来源: 串口接收 -> PendulumState.physical_length
2025-09-02 14:50:09.082 | INFO     | Pendulum.SerialConncet:_run:176 - [接收] L30.368969
2025-09-02 14:50:09.103 | INFO     | Pendulum.SerialConncet:_run:176 - [接收] L30.343451
2025-09-02 14:50:09.110 | INFO     | Pendulum.PendulumAPP:_processSerialData:120 - 📏 串口长度数据已更新: L30.343451 -> physical_length=30.343451
2025-09-02 14:50:09.112 | INFO     | Pendulum.PendulumAPP:_processSerialData:121 - 🔄 数据来源: 串口接收 -> PendulumState.physical_length
2025-09-02 14:50:09.124 | INFO     | Pendulum.SerialConncet:_run:176 - [接收] L30.317926
2025-09-02 14:50:09.145 | INFO     | Pendulum.SerialConncet:_run:176 - [接收] L30.292406
2025-09-02 14:50:09.157 | INFO     | Pendulum.PendulumAPP:_processSerialData:120 - 📏 串口长度数据已更新: L30.292406 -> physical_length=30.292406
2025-09-02 14:50:09.158 | INFO     | Pendulum.PendulumAPP:_processSerialData:121 - 🔄 数据来源: 串口接收 -> PendulumState.physical_length
2025-09-02 14:50:09.166 | INFO     | Pendulum.SerialConncet:_run:176 - [接收] L30.266886
2025-09-02 14:50:09.188 | INFO     | Pendulum.SerialConncet:_run:176 - [接收] L30.241364
2025-09-02 14:50:09.203 | INFO     | Pendulum.PendulumAPP:_processSerialData:120 - 📏 串口长度数据已更新: L30.241364 -> physical_length=30.241364
2025-09-02 14:50:09.204 | INFO     | Pendulum.PendulumAPP:_processSerialData:121 - 🔄 数据来源: 串口接收 -> PendulumState.physical_length
2025-09-02 14:50:09.207 | INFO     | Pendulum.SerialConncet:_run:176 - [接收] L30.215843
2025-09-02 14:50:09.231 | INFO     | Pendulum.SerialConncet:_run:176 - [接收] L30.190323
2025-09-02 14:50:09.250 | INFO     | Pendulum.PendulumAPP:_processSerialData:120 - 📏 串口长度数据已更新: L30.190323 -> physical_length=30.190323
2025-09-02 14:50:09.251 | INFO     | Pendulum.PendulumAPP:_processSerialData:121 - 🔄 数据来源: 串口接收 -> PendulumState.physical_length
2025-09-02 14:50:09.253 | INFO     | Pendulum.SerialConncet:_run:176 - [接收] L30.164803
2025-09-02 14:50:09.270 | INFO     | Pendulum.SerialConncet:_run:176 - [接收] L30.139280
2025-09-02 14:50:09.293 | INFO     | Pendulum.SerialConncet:_run:176 - [接收] L30.113760
2025-09-02 14:50:09.296 | INFO     | Pendulum.PendulumAPP:_processSerialData:120 - 📏 串口长度数据已更新: L30.113760 -> physical_length=30.113760
2025-09-02 14:50:09.297 | INFO     | Pendulum.PendulumAPP:_processSerialData:121 - 🔄 数据来源: 串口接收 -> PendulumState.physical_length
2025-09-02 14:50:09.313 | INFO     | Pendulum.SerialConncet:_run:176 - [接收] L30.088240
2025-09-02 14:50:09.333 | INFO     | Pendulum.SerialConncet:_run:176 - [接收] L30.062717
2025-09-02 14:50:09.344 | INFO     | Pendulum.PendulumAPP:_processSerialData:120 - 📏 串口长度数据已更新: L30.062717 -> physical_length=30.062717
2025-09-02 14:50:09.345 | INFO     | Pendulum.PendulumAPP:_processSerialData:121 - 🔄 数据来源: 串口接收 -> PendulumState.physical_length
2025-09-02 14:50:09.354 | INFO     | Pendulum.SerialConncet:_run:176 - [接收] L30.037197
2025-09-02 14:50:09.377 | INFO     | Pendulum.SerialConncet:_run:176 - [接收] L30.011677
2025-09-02 14:50:09.390 | INFO     | Pendulum.PendulumAPP:_processSerialData:120 - 📏 串口长度数据已更新: L30.011677 -> physical_length=30.011677
2025-09-02 14:50:09.391 | INFO     | Pendulum.PendulumAPP:_processSerialData:121 - 🔄 数据来源: 串口接收 -> PendulumState.physical_length
2025-09-02 14:50:09.395 | INFO     | Pendulum.SerialConncet:_run:176 - [接收] L29.986153
2025-09-02 14:50:09.416 | INFO     | Pendulum.SerialConncet:_run:176 - [接收] L29.960634
2025-09-02 14:50:09.436 | INFO     | Pendulum.PendulumAPP:_processSerialData:120 - 📏 串口长度数据已更新: L29.960634 -> physical_length=29.960634
2025-09-02 14:50:09.436 | INFO     | Pendulum.PendulumAPP:_processSerialData:121 - 🔄 数据来源: 串口接收 -> PendulumState.physical_length
2025-09-02 14:50:09.439 | INFO     | Pendulum.SerialConncet:_run:176 - [接收] L29.935114
2025-09-02 14:50:09.459 | INFO     | Pendulum.SerialConncet:_run:176 - [接收] L29.909590
2025-09-02 14:50:09.480 | INFO     | Pendulum.SerialConncet:_run:176 - [接收] L29.884071
2025-09-02 14:50:09.482 | INFO     | Pendulum.PendulumAPP:_processSerialData:120 - 📏 串口长度数据已更新: L29.884071 -> physical_length=29.884071
2025-09-02 14:50:09.483 | INFO     | Pendulum.PendulumAPP:_processSerialData:121 - 🔄 数据来源: 串口接收 -> PendulumState.physical_length
2025-09-02 14:50:09.502 | INFO     | Pendulum.SerialConncet:_run:176 - [接收] L29.858551
2025-09-02 14:50:09.522 | INFO     | Pendulum.SerialConncet:_run:176 - [接收] L29.833031
2025-09-02 14:50:09.530 | INFO     | Pendulum.PendulumAPP:_processSerialData:120 - 📏 串口长度数据已更新: L29.833031 -> physical_length=29.833031
2025-09-02 14:50:09.532 | INFO     | Pendulum.PendulumAPP:_processSerialData:121 - 🔄 数据来源: 串口接收 -> PendulumState.physical_length
2025-09-02 14:50:09.543 | INFO     | Pendulum.SerialConncet:_run:176 - [接收] L29.807507
2025-09-02 14:50:09.563 | INFO     | Pendulum.SerialConncet:_run:176 - [接收] L29.781988
2025-09-02 14:50:09.576 | INFO     | Pendulum.PendulumAPP:_processSerialData:120 - 📏 串口长度数据已更新: L29.781988 -> physical_length=29.781988
2025-09-02 14:50:09.577 | INFO     | Pendulum.PendulumAPP:_processSerialData:121 - 🔄 数据来源: 串口接收 -> PendulumState.physical_length
2025-09-02 14:50:09.584 | INFO     | Pendulum.SerialConncet:_run:176 - [接收] L29.756468
2025-09-02 14:50:09.605 | INFO     | Pendulum.SerialConncet:_run:176 - [接收] L29.730944
2025-09-02 14:50:09.623 | INFO     | Pendulum.PendulumAPP:_processSerialData:120 - 📏 串口长度数据已更新: L29.730944 -> physical_length=29.730944
2025-09-02 14:50:09.624 | INFO     | Pendulum.PendulumAPP:_processSerialData:121 - 🔄 数据来源: 串口接收 -> PendulumState.physical_length
2025-09-02 14:50:09.626 | INFO     | Pendulum.SerialConncet:_run:176 - [接收] L29.705423
2025-09-02 14:50:09.647 | INFO     | Pendulum.SerialConncet:_run:176 - [接收] L29.679905
2025-09-02 14:50:09.667 | INFO     | Pendulum.SerialConncet:_run:176 - [接收] L29.654381
2025-09-02 14:50:09.669 | INFO     | Pendulum.PendulumAPP:_processSerialData:120 - 📏 串口长度数据已更新: L29.654381 -> physical_length=29.654381
2025-09-02 14:50:09.671 | INFO     | Pendulum.PendulumAPP:_processSerialData:121 - 🔄 数据来源: 串口接收 -> PendulumState.physical_length
2025-09-02 14:50:09.688 | INFO     | Pendulum.SerialConncet:_run:176 - [接收] L29.628860
2025-09-02 14:50:09.710 | INFO     | Pendulum.SerialConncet:_run:176 - [接收] L29.603340
2025-09-02 14:50:09.716 | INFO     | Pendulum.PendulumAPP:_processSerialData:120 - 📏 串口长度数据已更新: L29.603340 -> physical_length=29.603340
2025-09-02 14:50:09.717 | INFO     | Pendulum.PendulumAPP:_processSerialData:121 - 🔄 数据来源: 串口接收 -> PendulumState.physical_length
2025-09-02 14:50:09.731 | INFO     | Pendulum.SerialConncet:_run:176 - [接收] L29.577818
2025-09-02 14:50:09.752 | INFO     | Pendulum.SerialConncet:_run:176 - [接收] L29.552298
2025-09-02 14:50:09.761 | INFO     | Pendulum.PendulumAPP:_processSerialData:120 - 📏 串口长度数据已更新: L29.552298 -> physical_length=29.552298
2025-09-02 14:50:09.762 | INFO     | Pendulum.PendulumAPP:_processSerialData:121 - 🔄 数据来源: 串口接收 -> PendulumState.physical_length
2025-09-02 14:50:09.775 | INFO     | Pendulum.SerialConncet:_run:176 - [接收] L29.526777
2025-09-02 14:50:09.793 | INFO     | Pendulum.SerialConncet:_run:176 - [接收] L29.501255
2025-09-02 14:50:09.808 | INFO     | Pendulum.PendulumAPP:_processSerialData:120 - 📏 串口长度数据已更新: L29.501255 -> physical_length=29.501255
2025-09-02 14:50:09.810 | INFO     | Pendulum.PendulumAPP:_processSerialData:121 - 🔄 数据来源: 串口接收 -> PendulumState.physical_length
2025-09-02 14:50:09.814 | INFO     | Pendulum.SerialConncet:_run:176 - [接收] L29.475735
2025-09-02 14:50:09.839 | INFO     | Pendulum.SerialConncet:_run:176 - [接收] L29.450214
2025-09-02 14:50:09.854 | INFO     | Pendulum.PendulumAPP:_processSerialData:120 - 📏 串口长度数据已更新: L29.450214 -> physical_length=29.450214
2025-09-02 14:50:09.857 | INFO     | Pendulum.PendulumAPP:_processSerialData:121 - 🔄 数据来源: 串口接收 -> PendulumState.physical_length
2025-09-02 14:50:09.858 | INFO     | Pendulum.SerialConncet:_run:176 - [接收] L29.424690
2025-09-02 14:50:09.877 | INFO     | Pendulum.SerialConncet:_run:176 - [接收] L29.399172
2025-09-02 14:50:09.901 | INFO     | Pendulum.PendulumAPP:_processSerialData:120 - 📏 串口长度数据已更新: L29.399172 -> physical_length=29.399172
2025-09-02 14:50:09.903 | INFO     | Pendulum.PendulumAPP:_processSerialData:121 - 🔄 数据来源: 串口接收 -> PendulumState.physical_length
2025-09-02 14:50:09.904 | INFO     | Pendulum.SerialConncet:_run:176 - [接收] L29.373652
2025-09-02 14:50:09.919 | INFO     | Pendulum.SerialConncet:_run:176 - [接收] L29.348131
2025-09-02 14:50:09.941 | INFO     | Pendulum.SerialConncet:_run:176 - [接收] L29.322609
2025-09-02 14:50:09.946 | INFO     | Pendulum.PendulumAPP:_processSerialData:120 - 📏 串口长度数据已更新: L29.322609 -> physical_length=29.322609
2025-09-02 14:50:09.947 | INFO     | Pendulum.PendulumAPP:_processSerialData:121 - 🔄 数据来源: 串口接收 -> PendulumState.physical_length
2025-09-02 14:50:09.960 | INFO     | Pendulum.SerialConncet:_run:176 - [接收] L29.297089
2025-09-02 14:50:09.981 | INFO     | Pendulum.SerialConncet:_run:176 - [接收] L29.271568
2025-09-02 14:50:09.992 | INFO     | Pendulum.PendulumAPP:_processSerialData:120 - 📏 串口长度数据已更新: L29.271568 -> physical_length=29.271568
2025-09-02 14:50:09.993 | INFO     | Pendulum.PendulumAPP:_processSerialData:121 - 🔄 数据来源: 串口接收 -> PendulumState.physical_length
2025-09-02 14:50:10.004 | INFO     | Pendulum.SerialConncet:_run:176 - [接收] L29.246044
2025-09-02 14:50:10.022 | INFO     | Pendulum.SerialConncet:_run:176 - [接收] L29.220526
2025-09-02 14:50:10.039 | INFO     | Pendulum.PendulumAPP:_processSerialData:120 - 📏 串口长度数据已更新: L29.220526 -> physical_length=29.220526
2025-09-02 14:50:10.040 | INFO     | Pendulum.PendulumAPP:_processSerialData:121 - 🔄 数据来源: 串口接收 -> PendulumState.physical_length
2025-09-02 14:50:10.044 | INFO     | Pendulum.SerialConncet:_run:176 - [接收] L29.195005
2025-09-02 14:50:10.068 | INFO     | Pendulum.SerialConncet:_run:176 - [接收] L29.169481
2025-09-02 14:50:10.086 | INFO     | Pendulum.PendulumAPP:_processSerialData:120 - 📏 串口长度数据已更新: L29.169481 -> physical_length=29.169481
2025-09-02 14:50:10.089 | INFO     | Pendulum.PendulumAPP:_processSerialData:121 - 🔄 数据来源: 串口接收 -> PendulumState.physical_length
2025-09-02 14:50:10.090 | INFO     | Pendulum.SerialConncet:_run:176 - [接收] L29.143961
2025-09-02 14:50:10.109 | INFO     | Pendulum.SerialConncet:_run:176 - [接收] L29.118443
2025-09-02 14:50:10.128 | INFO     | Pendulum.SerialConncet:_run:176 - [接收] L29.092918
2025-09-02 14:50:10.134 | INFO     | Pendulum.PendulumAPP:_processSerialData:120 - 📏 串口长度数据已更新: L29.092918 -> physical_length=29.092918
2025-09-02 14:50:10.134 | INFO     | Pendulum.PendulumAPP:_processSerialData:121 - 🔄 数据来源: 串口接收 -> PendulumState.physical_length
2025-09-02 14:50:10.149 | INFO     | Pendulum.SerialConncet:_run:176 - [接收] L29.067398
2025-09-02 14:50:10.169 | INFO     | Pendulum.SerialConncet:_run:176 - [接收] L29.041878
2025-09-02 14:50:10.180 | INFO     | Pendulum.PendulumAPP:_processSerialData:120 - 📏 串口长度数据已更新: L29.041878 -> physical_length=29.041878
2025-09-02 14:50:10.180 | INFO     | Pendulum.PendulumAPP:_processSerialData:121 - 🔄 数据来源: 串口接收 -> PendulumState.physical_length
2025-09-02 14:50:10.191 | INFO     | Pendulum.SerialConncet:_run:176 - [接收] L29.016359
2025-09-02 14:50:10.214 | INFO     | Pendulum.SerialConncet:_run:176 - [接收] L28.990835
2025-09-02 14:50:10.226 | INFO     | Pendulum.PendulumAPP:_processSerialData:120 - 📏 串口长度数据已更新: L28.990835 -> physical_length=28.990835
2025-09-02 14:50:10.228 | INFO     | Pendulum.PendulumAPP:_processSerialData:121 - 🔄 数据来源: 串口接收 -> PendulumState.physical_length
2025-09-02 14:50:10.232 | INFO     | Pendulum.SerialConncet:_run:176 - [接收] L28.965315
2025-09-02 14:50:10.254 | INFO     | Pendulum.SerialConncet:_run:176 - [接收] L28.939795
2025-09-02 14:50:10.273 | INFO     | Pendulum.PendulumAPP:_processSerialData:120 - 📏 串口长度数据已更新: L28.939795 -> physical_length=28.939795
2025-09-02 14:50:10.273 | INFO     | Pendulum.PendulumAPP:_processSerialData:121 - 🔄 数据来源: 串口接收 -> PendulumState.physical_length
2025-09-02 14:50:10.275 | INFO     | Pendulum.SerialConncet:_run:176 - [接收] L28.914272
2025-09-02 14:50:10.296 | INFO     | Pendulum.SerialConncet:_run:176 - [接收] L28.888752
2025-09-02 14:50:10.318 | INFO     | Pendulum.SerialConncet:_run:176 - [接收] L28.863232
2025-09-02 14:50:10.319 | INFO     | Pendulum.PendulumAPP:_processSerialData:120 - 📏 串口长度数据已更新: L28.888752 -> physical_length=28.888752
2025-09-02 14:50:10.321 | INFO     | Pendulum.PendulumAPP:_processSerialData:121 - 🔄 数据来源: 串口接收 -> PendulumState.physical_length
2025-09-02 14:50:10.338 | INFO     | Pendulum.SerialConncet:_run:176 - [接收] L28.837709
2025-09-02 14:50:10.359 | INFO     | Pendulum.SerialConncet:_run:176 - [接收] L28.812189
2025-09-02 14:50:10.367 | INFO     | Pendulum.PendulumAPP:_processSerialData:120 - 📏 串口长度数据已更新: L28.812189 -> physical_length=28.812189
2025-09-02 14:50:10.370 | INFO     | Pendulum.PendulumAPP:_processSerialData:121 - 🔄 数据来源: 串口接收 -> PendulumState.physical_length
2025-09-02 14:50:10.379 | INFO     | Pendulum.SerialConncet:_run:176 - [接收] L28.786669
2025-09-02 14:50:10.401 | INFO     | Pendulum.SerialConncet:_run:176 - [接收] L28.761147
2025-09-02 14:50:10.414 | INFO     | Pendulum.PendulumAPP:_processSerialData:120 - 📏 串口长度数据已更新: L28.761147 -> physical_length=28.761147
2025-09-02 14:50:10.417 | INFO     | Pendulum.PendulumAPP:_processSerialData:121 - 🔄 数据来源: 串口接收 -> PendulumState.physical_length
2025-09-02 14:50:10.421 | INFO     | Pendulum.SerialConncet:_run:176 - [接收] L28.735626
2025-09-02 14:50:10.442 | INFO     | Pendulum.SerialConncet:_run:176 - [接收] L28.710106
2025-09-02 14:50:10.460 | INFO     | Pendulum.PendulumAPP:_processSerialData:120 - 📏 串口长度数据已更新: L28.710106 -> physical_length=28.710106
2025-09-02 14:50:10.461 | INFO     | Pendulum.PendulumAPP:_processSerialData:121 - 🔄 数据来源: 串口接收 -> PendulumState.physical_length
2025-09-02 14:50:10.465 | INFO     | Pendulum.SerialConncet:_run:176 - [接收] L28.684582
2025-09-02 14:50:10.487 | INFO     | Pendulum.SerialConncet:_run:176 - [接收] L28.659063
2025-09-02 14:50:10.504 | INFO     | Pendulum.SerialConncet:_run:176 - [接收] L28.633543
2025-09-02 14:50:10.507 | INFO     | Pendulum.PendulumAPP:_processSerialData:120 - 📏 串口长度数据已更新: L28.633543 -> physical_length=28.633543
2025-09-02 14:50:10.508 | INFO     | Pendulum.PendulumAPP:_processSerialData:121 - 🔄 数据来源: 串口接收 -> PendulumState.physical_length
2025-09-02 14:50:10.527 | INFO     | Pendulum.SerialConncet:_run:176 - [接收] L28.608019
2025-09-02 14:50:10.551 | INFO     | Pendulum.SerialConncet:_run:176 - [接收] L28.582499
2025-09-02 14:50:10.553 | INFO     | Pendulum.PendulumAPP:_processSerialData:120 - 📏 串口长度数据已更新: L28.582499 -> physical_length=28.582499
2025-09-02 14:50:10.553 | INFO     | Pendulum.PendulumAPP:_processSerialData:121 - 🔄 数据来源: 串口接收 -> PendulumState.physical_length
2025-09-02 14:50:10.567 | INFO     | Pendulum.SerialConncet:_run:176 - [接收] L28.556980
2025-09-02 14:50:10.593 | INFO     | Pendulum.SerialConncet:_run:176 - [接收] L28.531460
2025-09-02 14:50:10.601 | INFO     | Pendulum.PendulumAPP:_processSerialData:120 - 📏 串口长度数据已更新: L28.531460 -> physical_length=28.531460
2025-09-02 14:50:10.602 | INFO     | Pendulum.PendulumAPP:_processSerialData:121 - 🔄 数据来源: 串口接收 -> PendulumState.physical_length
2025-09-02 14:50:10.611 | INFO     | Pendulum.SerialConncet:_run:176 - [接收] L28.505936
2025-09-02 14:50:10.630 | INFO     | Pendulum.SerialConncet:_run:176 - [接收] L28.480415
2025-09-02 14:50:10.647 | INFO     | Pendulum.PendulumAPP:_processSerialData:120 - 📏 串口长度数据已更新: L28.480415 -> physical_length=28.480415
2025-09-02 14:50:10.648 | INFO     | Pendulum.PendulumAPP:_processSerialData:121 - 🔄 数据来源: 串口接收 -> PendulumState.physical_length
2025-09-02 14:50:10.655 | INFO     | Pendulum.SerialConncet:_run:176 - [接收] L28.454897
2025-09-02 14:50:10.672 | INFO     | Pendulum.SerialConncet:_run:176 - [接收] L28.429373
2025-09-02 14:50:10.695 | INFO     | Pendulum.PendulumAPP:_processSerialData:120 - 📏 串口长度数据已更新: L28.429373 -> physical_length=28.429373
2025-09-02 14:50:10.696 | INFO     | Pendulum.SerialConncet:_run:176 - [接收] L28.403852
2025-09-02 14:50:10.697 | INFO     | Pendulum.PendulumAPP:_processSerialData:121 - 🔄 数据来源: 串口接收 -> PendulumState.physical_length
2025-09-02 14:50:10.714 | INFO     | Pendulum.SerialConncet:_run:176 - [接收] L28.378332
2025-09-02 14:50:10.735 | INFO     | Pendulum.SerialConncet:_run:176 - [接收] L28.352810
2025-09-02 14:50:10.741 | INFO     | Pendulum.PendulumAPP:_processSerialData:120 - 📏 串口长度数据已更新: L28.352810 -> physical_length=28.352810
2025-09-02 14:50:10.743 | INFO     | Pendulum.PendulumAPP:_processSerialData:121 - 🔄 数据来源: 串口接收 -> PendulumState.physical_length
2025-09-02 14:50:10.760 | INFO     | Pendulum.SerialConncet:_run:176 - [接收] L28.327290
2025-09-02 14:50:10.777 | INFO     | Pendulum.SerialConncet:_run:176 - [接收] L28.301769
2025-09-02 14:50:10.782 | INFO     | Pendulum.PendulumAPP:_keyEventWeb:246 - ↓
2025-09-02 14:50:10.783 | INFO     | Pendulum.SerialConncet:send:199 - sendm1
2025-09-02 14:50:10.784 | INFO     | Pendulum.SerialConncet:send:201 - [发送] m1
2025-09-02 14:50:10.798 | INFO     | Pendulum.SerialConncet:_run:176 - [接收] L28.276247
2025-09-02 14:50:10.803 | INFO     | Pendulum.PendulumAPP:_processSerialData:120 - 📏 串口长度数据已更新: L28.276247 -> physical_length=28.276247
2025-09-02 14:50:10.803 | INFO     | Pendulum.PendulumAPP:_processSerialData:121 - 🔄 数据来源: 串口接收 -> PendulumState.physical_length
2025-09-02 14:50:10.818 | INFO     | Pendulum.SerialConncet:_run:176 - [接收] L28.301769
2025-09-02 14:50:10.840 | INFO     | Pendulum.SerialConncet:_run:176 - [接收] L28.327290
2025-09-02 14:50:10.850 | INFO     | Pendulum.PendulumAPP:_processSerialData:120 - 📏 串口长度数据已更新: L28.327290 -> physical_length=28.327290
2025-09-02 14:50:10.851 | INFO     | Pendulum.PendulumAPP:_processSerialData:121 - 🔄 数据来源: 串口接收 -> PendulumState.physical_length
2025-09-02 14:50:10.860 | INFO     | Pendulum.SerialConncet:_run:176 - [接收] L28.352810
2025-09-02 14:50:10.881 | INFO     | Pendulum.SerialConncet:_run:176 - [接收] L28.378332
2025-09-02 14:50:10.896 | INFO     | Pendulum.PendulumAPP:_processSerialData:120 - 📏 串口长度数据已更新: L28.378332 -> physical_length=28.378332
2025-09-02 14:50:10.897 | INFO     | Pendulum.PendulumAPP:_processSerialData:121 - 🔄 数据来源: 串口接收 -> PendulumState.physical_length
2025-09-02 14:50:10.902 | INFO     | Pendulum.SerialConncet:_run:176 - [接收] L28.403852
2025-09-02 14:50:10.923 | INFO     | Pendulum.SerialConncet:_run:176 - [接收] L28.429373
2025-09-02 14:50:10.943 | INFO     | Pendulum.PendulumAPP:_processSerialData:120 - 📏 串口长度数据已更新: L28.429373 -> physical_length=28.429373
2025-09-02 14:50:10.943 | INFO     | Pendulum.PendulumAPP:_processSerialData:121 - 🔄 数据来源: 串口接收 -> PendulumState.physical_length
2025-09-02 14:50:10.946 | INFO     | Pendulum.SerialConncet:_run:176 - [接收] L28.454897
2025-09-02 14:50:10.965 | INFO     | Pendulum.SerialConncet:_run:176 - [接收] L28.480415
2025-09-02 14:50:10.986 | INFO     | Pendulum.SerialConncet:_run:176 - [接收] L28.505936
2025-09-02 14:50:10.989 | INFO     | Pendulum.PendulumAPP:_processSerialData:120 - 📏 串口长度数据已更新: L28.505936 -> physical_length=28.505936
2025-09-02 14:50:10.990 | INFO     | Pendulum.PendulumAPP:_processSerialData:121 - 🔄 数据来源: 串口接收 -> PendulumState.physical_length
2025-09-02 14:50:11.008 | INFO     | Pendulum.SerialConncet:_run:176 - [接收] L28.531460
2025-09-02 14:50:11.024 | INFO     | Pendulum.PendulumAPP:_keyEventWeb:249 - stop
2025-09-02 14:50:11.025 | INFO     | Pendulum.SerialConncet:send:199 - sendm0
2025-09-02 14:50:11.030 | INFO     | Pendulum.SerialConncet:send:201 - [发送] m0
2025-09-02 14:50:11.032 | INFO     | Pendulum.SerialConncet:_run:176 - [接收] L28.556980
2025-09-02 14:50:11.036 | INFO     | Pendulum.PendulumAPP:_processSerialData:120 - 📏 串口长度数据已更新: L28.556980 -> physical_length=28.556980
2025-09-02 14:50:11.036 | INFO     | Pendulum.PendulumAPP:_processSerialData:121 - 🔄 数据来源: 串口接收 -> PendulumState.physical_length
2025-09-02 14:50:11.048 | INFO     | Pendulum.SerialConncet:_run:176 - [接收] L28.582499
2025-09-02 14:50:11.084 | INFO     | Pendulum.PendulumAPP:_processSerialData:120 - 📏 串口长度数据已更新: L28.582499 -> physical_length=28.582499
2025-09-02 14:50:11.086 | INFO     | Pendulum.PendulumAPP:_processSerialData:121 - 🔄 数据来源: 串口接收 -> PendulumState.physical_length
2025-09-02 14:50:11.131 | INFO     | Pendulum.PendulumAPP:_processSerialData:120 - 📏 串口长度数据已更新: L28.582499 -> physical_length=28.582499
2025-09-02 14:50:11.133 | INFO     | Pendulum.PendulumAPP:_processSerialData:121 - 🔄 数据来源: 串口接收 -> PendulumState.physical_length
2025-09-02 14:50:11.176 | INFO     | Pendulum.PendulumAPP:_processSerialData:120 - 📏 串口长度数据已更新: L28.582499 -> physical_length=28.582499
2025-09-02 14:50:11.179 | INFO     | Pendulum.PendulumAPP:_processSerialData:121 - 🔄 数据来源: 串口接收 -> PendulumState.physical_length
2025-09-02 14:50:11.223 | INFO     | Pendulum.PendulumAPP:_processSerialData:120 - 📏 串口长度数据已更新: L28.582499 -> physical_length=28.582499
2025-09-02 14:50:11.224 | INFO     | Pendulum.PendulumAPP:_processSerialData:121 - 🔄 数据来源: 串口接收 -> PendulumState.physical_length
2025-09-02 14:50:11.269 | INFO     | Pendulum.PendulumAPP:_processSerialData:120 - 📏 串口长度数据已更新: L28.582499 -> physical_length=28.582499
2025-09-02 14:50:11.270 | INFO     | Pendulum.PendulumAPP:_processSerialData:121 - 🔄 数据来源: 串口接收 -> PendulumState.physical_length
2025-09-02 14:50:11.316 | INFO     | Pendulum.PendulumAPP:_processSerialData:120 - 📏 串口长度数据已更新: L28.582499 -> physical_length=28.582499
2025-09-02 14:50:11.317 | INFO     | Pendulum.PendulumAPP:_processSerialData:121 - 🔄 数据来源: 串口接收 -> PendulumState.physical_length
2025-09-02 14:50:11.361 | INFO     | Pendulum.PendulumAPP:_processSerialData:120 - 📏 串口长度数据已更新: L28.582499 -> physical_length=28.582499
2025-09-02 14:50:11.362 | INFO     | Pendulum.PendulumAPP:_processSerialData:121 - 🔄 数据来源: 串口接收 -> PendulumState.physical_length
2025-09-02 14:50:11.407 | INFO     | Pendulum.PendulumAPP:_processSerialData:120 - 📏 串口长度数据已更新: L28.582499 -> physical_length=28.582499
2025-09-02 14:50:11.407 | INFO     | Pendulum.PendulumAPP:_processSerialData:121 - 🔄 数据来源: 串口接收 -> PendulumState.physical_length
2025-09-02 14:50:11.453 | INFO     | Pendulum.PendulumAPP:_processSerialData:120 - 📏 串口长度数据已更新: L28.582499 -> physical_length=28.582499
2025-09-02 14:50:11.455 | INFO     | Pendulum.PendulumAPP:_processSerialData:121 - 🔄 数据来源: 串口接收 -> PendulumState.physical_length
2025-09-02 14:50:11.501 | INFO     | Pendulum.PendulumAPP:_processSerialData:120 - 📏 串口长度数据已更新: L28.582499 -> physical_length=28.582499
2025-09-02 14:50:11.501 | INFO     | Pendulum.PendulumAPP:_processSerialData:121 - 🔄 数据来源: 串口接收 -> PendulumState.physical_length
2025-09-02 14:50:11.547 | INFO     | Pendulum.PendulumAPP:_processSerialData:120 - 📏 串口长度数据已更新: L28.582499 -> physical_length=28.582499
2025-09-02 14:50:11.550 | INFO     | Pendulum.PendulumAPP:_processSerialData:121 - 🔄 数据来源: 串口接收 -> PendulumState.physical_length
2025-09-02 14:50:11.594 | INFO     | Pendulum.PendulumAPP:_processSerialData:120 - 📏 串口长度数据已更新: L28.582499 -> physical_length=28.582499
2025-09-02 14:50:11.597 | INFO     | Pendulum.PendulumAPP:_processSerialData:121 - 🔄 数据来源: 串口接收 -> PendulumState.physical_length
2025-09-02 14:50:11.641 | INFO     | Pendulum.PendulumAPP:_processSerialData:120 - 📏 串口长度数据已更新: L28.582499 -> physical_length=28.582499
2025-09-02 14:50:11.642 | INFO     | Pendulum.PendulumAPP:_processSerialData:121 - 🔄 数据来源: 串口接收 -> PendulumState.physical_length
2025-09-02 14:50:11.687 | INFO     | Pendulum.PendulumAPP:_processSerialData:120 - 📏 串口长度数据已更新: L28.582499 -> physical_length=28.582499
2025-09-02 14:50:11.688 | INFO     | Pendulum.PendulumAPP:_processSerialData:121 - 🔄 数据来源: 串口接收 -> PendulumState.physical_length
2025-09-02 14:50:11.734 | INFO     | Pendulum.PendulumAPP:_processSerialData:120 - 📏 串口长度数据已更新: L28.582499 -> physical_length=28.582499
2025-09-02 14:50:11.735 | INFO     | Pendulum.PendulumAPP:_processSerialData:121 - 🔄 数据来源: 串口接收 -> PendulumState.physical_length
2025-09-02 14:50:11.780 | INFO     | Pendulum.PendulumAPP:_processSerialData:120 - 📏 串口长度数据已更新: L28.582499 -> physical_length=28.582499
2025-09-02 14:50:11.781 | INFO     | Pendulum.PendulumAPP:_processSerialData:121 - 🔄 数据来源: 串口接收 -> PendulumState.physical_length
2025-09-02 14:50:11.827 | INFO     | Pendulum.PendulumAPP:_processSerialData:120 - 📏 串口长度数据已更新: L28.582499 -> physical_length=28.582499
2025-09-02 14:50:11.829 | INFO     | Pendulum.PendulumAPP:_processSerialData:121 - 🔄 数据来源: 串口接收 -> PendulumState.physical_length
2025-09-02 14:50:11.874 | INFO     | Pendulum.PendulumAPP:_processSerialData:120 - 📏 串口长度数据已更新: L28.582499 -> physical_length=28.582499
2025-09-02 14:50:11.875 | INFO     | Pendulum.PendulumAPP:_processSerialData:121 - 🔄 数据来源: 串口接收 -> PendulumState.physical_length
2025-09-02 14:50:11.921 | INFO     | Pendulum.PendulumAPP:_processSerialData:120 - 📏 串口长度数据已更新: L28.582499 -> physical_length=28.582499
2025-09-02 14:50:11.923 | INFO     | Pendulum.PendulumAPP:_processSerialData:121 - 🔄 数据来源: 串口接收 -> PendulumState.physical_length
2025-09-02 14:50:11.968 | INFO     | Pendulum.PendulumAPP:_processSerialData:120 - 📏 串口长度数据已更新: L28.582499 -> physical_length=28.582499
2025-09-02 14:50:11.969 | INFO     | Pendulum.PendulumAPP:_processSerialData:121 - 🔄 数据来源: 串口接收 -> PendulumState.physical_length
2025-09-02 14:50:12.014 | INFO     | Pendulum.PendulumAPP:_processSerialData:120 - 📏 串口长度数据已更新: L28.582499 -> physical_length=28.582499
2025-09-02 14:50:12.016 | INFO     | Pendulum.PendulumAPP:_processSerialData:121 - 🔄 数据来源: 串口接收 -> PendulumState.physical_length
2025-09-02 14:50:12.061 | INFO     | Pendulum.PendulumAPP:_processSerialData:120 - 📏 串口长度数据已更新: L28.582499 -> physical_length=28.582499
2025-09-02 14:50:12.062 | INFO     | Pendulum.PendulumAPP:_processSerialData:121 - 🔄 数据来源: 串口接收 -> PendulumState.physical_length
2025-09-02 14:50:12.109 | INFO     | Pendulum.PendulumAPP:_processSerialData:120 - 📏 串口长度数据已更新: L28.582499 -> physical_length=28.582499
2025-09-02 14:50:12.111 | INFO     | Pendulum.PendulumAPP:_processSerialData:121 - 🔄 数据来源: 串口接收 -> PendulumState.physical_length
2025-09-02 14:50:12.156 | INFO     | Pendulum.PendulumAPP:_processSerialData:120 - 📏 串口长度数据已更新: L28.582499 -> physical_length=28.582499
2025-09-02 14:50:12.158 | INFO     | Pendulum.PendulumAPP:_processSerialData:121 - 🔄 数据来源: 串口接收 -> PendulumState.physical_length
2025-09-02 14:50:12.202 | INFO     | Pendulum.PendulumAPP:_processSerialData:120 - 📏 串口长度数据已更新: L28.582499 -> physical_length=28.582499
2025-09-02 14:50:12.207 | INFO     | Pendulum.PendulumAPP:_processSerialData:121 - 🔄 数据来源: 串口接收 -> PendulumState.physical_length
2025-09-02 14:50:12.247 | INFO     | Pendulum.PendulumAPP:_processSerialData:120 - 📏 串口长度数据已更新: L28.582499 -> physical_length=28.582499
2025-09-02 14:50:12.248 | INFO     | Pendulum.PendulumAPP:_processSerialData:121 - 🔄 数据来源: 串口接收 -> PendulumState.physical_length
2025-09-02 14:50:12.292 | INFO     | Pendulum.PendulumAPP:_processSerialData:120 - 📏 串口长度数据已更新: L28.582499 -> physical_length=28.582499
2025-09-02 14:50:12.292 | INFO     | Pendulum.PendulumAPP:_processSerialData:121 - 🔄 数据来源: 串口接收 -> PendulumState.physical_length
2025-09-02 14:50:12.343 | INFO     | Pendulum.PendulumAPP:_processSerialData:120 - 📏 串口长度数据已更新: L28.582499 -> physical_length=28.582499
2025-09-02 14:50:12.344 | INFO     | Pendulum.PendulumAPP:_processSerialData:121 - 🔄 数据来源: 串口接收 -> PendulumState.physical_length
2025-09-02 14:50:12.387 | INFO     | Pendulum.PendulumAPP:_processSerialData:120 - 📏 串口长度数据已更新: L28.582499 -> physical_length=28.582499
2025-09-02 14:50:12.388 | INFO     | Pendulum.PendulumAPP:_processSerialData:121 - 🔄 数据来源: 串口接收 -> PendulumState.physical_length
2025-09-02 14:50:12.434 | INFO     | Pendulum.PendulumAPP:_processSerialData:120 - 📏 串口长度数据已更新: L28.582499 -> physical_length=28.582499
2025-09-02 14:50:12.434 | INFO     | Pendulum.PendulumAPP:_processSerialData:121 - 🔄 数据来源: 串口接收 -> PendulumState.physical_length
2025-09-02 14:50:12.481 | INFO     | Pendulum.PendulumAPP:_processSerialData:120 - 📏 串口长度数据已更新: L28.582499 -> physical_length=28.582499
2025-09-02 14:50:12.482 | INFO     | Pendulum.PendulumAPP:_processSerialData:121 - 🔄 数据来源: 串口接收 -> PendulumState.physical_length
2025-09-02 14:50:12.526 | INFO     | Pendulum.PendulumAPP:_processSerialData:120 - 📏 串口长度数据已更新: L28.582499 -> physical_length=28.582499
2025-09-02 14:50:12.527 | INFO     | Pendulum.PendulumAPP:_processSerialData:121 - 🔄 数据来源: 串口接收 -> PendulumState.physical_length
2025-09-02 14:50:12.573 | INFO     | Pendulum.PendulumAPP:_processSerialData:120 - 📏 串口长度数据已更新: L28.582499 -> physical_length=28.582499
2025-09-02 14:50:12.574 | INFO     | Pendulum.PendulumAPP:_processSerialData:121 - 🔄 数据来源: 串口接收 -> PendulumState.physical_length
2025-09-02 14:50:12.622 | INFO     | Pendulum.PendulumAPP:_processSerialData:120 - 📏 串口长度数据已更新: L28.582499 -> physical_length=28.582499
2025-09-02 14:50:12.623 | INFO     | Pendulum.PendulumAPP:_processSerialData:121 - 🔄 数据来源: 串口接收 -> PendulumState.physical_length
2025-09-02 14:50:12.669 | INFO     | Pendulum.PendulumAPP:_processSerialData:120 - 📏 串口长度数据已更新: L28.582499 -> physical_length=28.582499
2025-09-02 14:50:12.670 | INFO     | Pendulum.PendulumAPP:_processSerialData:121 - 🔄 数据来源: 串口接收 -> PendulumState.physical_length
2025-09-02 14:50:12.718 | INFO     | Pendulum.PendulumAPP:_processSerialData:120 - 📏 串口长度数据已更新: L28.582499 -> physical_length=28.582499
2025-09-02 14:50:12.719 | INFO     | Pendulum.PendulumAPP:_processSerialData:121 - 🔄 数据来源: 串口接收 -> PendulumState.physical_length
2025-09-02 14:50:12.764 | INFO     | Pendulum.PendulumAPP:_processSerialData:120 - 📏 串口长度数据已更新: L28.582499 -> physical_length=28.582499
2025-09-02 14:50:12.766 | INFO     | Pendulum.PendulumAPP:_processSerialData:121 - 🔄 数据来源: 串口接收 -> PendulumState.physical_length
2025-09-02 14:50:12.810 | INFO     | Pendulum.PendulumAPP:_processSerialData:120 - 📏 串口长度数据已更新: L28.582499 -> physical_length=28.582499
2025-09-02 14:50:12.811 | INFO     | Pendulum.PendulumAPP:_processSerialData:121 - 🔄 数据来源: 串口接收 -> PendulumState.physical_length
2025-09-02 14:50:12.857 | INFO     | Pendulum.PendulumAPP:_processSerialData:120 - 📏 串口长度数据已更新: L28.582499 -> physical_length=28.582499
2025-09-02 14:50:12.860 | INFO     | Pendulum.PendulumAPP:_processSerialData:121 - 🔄 数据来源: 串口接收 -> PendulumState.physical_length
2025-09-02 14:50:12.904 | INFO     | Pendulum.PendulumAPP:_processSerialData:120 - 📏 串口长度数据已更新: L28.582499 -> physical_length=28.582499
2025-09-02 14:50:12.906 | INFO     | Pendulum.PendulumAPP:_processSerialData:121 - 🔄 数据来源: 串口接收 -> PendulumState.physical_length
2025-09-02 14:50:12.951 | INFO     | Pendulum.PendulumAPP:_processSerialData:120 - 📏 串口长度数据已更新: L28.582499 -> physical_length=28.582499
2025-09-02 14:50:12.951 | INFO     | Pendulum.PendulumAPP:_processSerialData:121 - 🔄 数据来源: 串口接收 -> PendulumState.physical_length
2025-09-02 14:50:12.997 | INFO     | Pendulum.PendulumAPP:_processSerialData:120 - 📏 串口长度数据已更新: L28.582499 -> physical_length=28.582499
2025-09-02 14:50:12.998 | INFO     | Pendulum.PendulumAPP:_processSerialData:121 - 🔄 数据来源: 串口接收 -> PendulumState.physical_length
2025-09-02 14:50:13.042 | INFO     | Pendulum.PendulumAPP:_processSerialData:120 - 📏 串口长度数据已更新: L28.582499 -> physical_length=28.582499
2025-09-02 14:50:13.044 | INFO     | Pendulum.PendulumAPP:_processSerialData:121 - 🔄 数据来源: 串口接收 -> PendulumState.physical_length
2025-09-02 14:50:13.089 | INFO     | Pendulum.PendulumAPP:_processSerialData:120 - 📏 串口长度数据已更新: L28.582499 -> physical_length=28.582499
2025-09-02 14:50:13.090 | INFO     | Pendulum.PendulumAPP:_processSerialData:121 - 🔄 数据来源: 串口接收 -> PendulumState.physical_length
2025-09-02 14:50:13.136 | INFO     | Pendulum.PendulumAPP:_processSerialData:120 - 📏 串口长度数据已更新: L28.582499 -> physical_length=28.582499
2025-09-02 14:50:13.137 | INFO     | Pendulum.PendulumAPP:_processSerialData:121 - 🔄 数据来源: 串口接收 -> PendulumState.physical_length
2025-09-02 14:50:13.184 | INFO     | Pendulum.PendulumAPP:_processSerialData:120 - 📏 串口长度数据已更新: L28.582499 -> physical_length=28.582499
2025-09-02 14:50:13.184 | INFO     | Pendulum.PendulumAPP:_processSerialData:121 - 🔄 数据来源: 串口接收 -> PendulumState.physical_length
2025-09-02 14:50:13.230 | INFO     | Pendulum.PendulumAPP:_processSerialData:120 - 📏 串口长度数据已更新: L28.582499 -> physical_length=28.582499
2025-09-02 14:50:13.232 | INFO     | Pendulum.PendulumAPP:_processSerialData:121 - 🔄 数据来源: 串口接收 -> PendulumState.physical_length
2025-09-02 14:50:13.278 | INFO     | Pendulum.PendulumAPP:_processSerialData:120 - 📏 串口长度数据已更新: L28.582499 -> physical_length=28.582499
2025-09-02 14:50:13.281 | INFO     | Pendulum.PendulumAPP:_processSerialData:121 - 🔄 数据来源: 串口接收 -> PendulumState.physical_length
2025-09-02 14:50:13.322 | INFO     | Pendulum.PendulumAPP:_processSerialData:120 - 📏 串口长度数据已更新: L28.582499 -> physical_length=28.582499
2025-09-02 14:50:13.323 | INFO     | Pendulum.PendulumAPP:_processSerialData:121 - 🔄 数据来源: 串口接收 -> PendulumState.physical_length
2025-09-02 14:50:13.375 | INFO     | Pendulum.PendulumAPP:_processSerialData:120 - 📏 串口长度数据已更新: L28.582499 -> physical_length=28.582499
2025-09-02 14:50:13.376 | INFO     | Pendulum.PendulumAPP:_processSerialData:121 - 🔄 数据来源: 串口接收 -> PendulumState.physical_length
2025-09-02 14:50:13.422 | INFO     | Pendulum.PendulumAPP:_processSerialData:120 - 📏 串口长度数据已更新: L28.582499 -> physical_length=28.582499
2025-09-02 14:50:13.425 | INFO     | Pendulum.PendulumAPP:_processSerialData:121 - 🔄 数据来源: 串口接收 -> PendulumState.physical_length
2025-09-02 14:50:13.453 | INFO     | Pendulum.PendulumAPP:_processSerialData:120 - 📏 串口长度数据已更新: L28.582499 -> physical_length=28.582499
2025-09-02 14:50:13.454 | INFO     | Pendulum.PendulumAPP:_processSerialData:121 - 🔄 数据来源: 串口接收 -> PendulumState.physical_length
2025-09-02 14:50:13.500 | INFO     | Pendulum.PendulumAPP:_processSerialData:120 - 📏 串口长度数据已更新: L28.582499 -> physical_length=28.582499
2025-09-02 14:50:13.503 | INFO     | Pendulum.PendulumAPP:_processSerialData:121 - 🔄 数据来源: 串口接收 -> PendulumState.physical_length
2025-09-02 14:50:13.548 | INFO     | Pendulum.PendulumAPP:_processSerialData:120 - 📏 串口长度数据已更新: L28.582499 -> physical_length=28.582499
2025-09-02 14:50:13.549 | INFO     | Pendulum.PendulumAPP:_processSerialData:121 - 🔄 数据来源: 串口接收 -> PendulumState.physical_length
2025-09-02 14:50:13.594 | INFO     | Pendulum.PendulumAPP:_processSerialData:120 - 📏 串口长度数据已更新: L28.582499 -> physical_length=28.582499
2025-09-02 14:50:13.598 | INFO     | Pendulum.PendulumAPP:_processSerialData:121 - 🔄 数据来源: 串口接收 -> PendulumState.physical_length
2025-09-02 14:50:13.641 | INFO     | Pendulum.PendulumAPP:_processSerialData:120 - 📏 串口长度数据已更新: L28.582499 -> physical_length=28.582499
2025-09-02 14:50:13.642 | INFO     | Pendulum.PendulumAPP:_processSerialData:121 - 🔄 数据来源: 串口接收 -> PendulumState.physical_length
2025-09-02 14:50:13.687 | INFO     | Pendulum.PendulumAPP:_processSerialData:120 - 📏 串口长度数据已更新: L28.582499 -> physical_length=28.582499
2025-09-02 14:50:13.687 | INFO     | Pendulum.PendulumAPP:_processSerialData:121 - 🔄 数据来源: 串口接收 -> PendulumState.physical_length
2025-09-02 14:50:13.735 | INFO     | Pendulum.PendulumAPP:_processSerialData:120 - 📏 串口长度数据已更新: L28.582499 -> physical_length=28.582499
2025-09-02 14:50:13.736 | INFO     | Pendulum.PendulumAPP:_processSerialData:121 - 🔄 数据来源: 串口接收 -> PendulumState.physical_length
2025-09-02 14:50:13.781 | INFO     | Pendulum.PendulumAPP:_processSerialData:120 - 📏 串口长度数据已更新: L28.582499 -> physical_length=28.582499
2025-09-02 14:50:13.782 | INFO     | Pendulum.PendulumAPP:_processSerialData:121 - 🔄 数据来源: 串口接收 -> PendulumState.physical_length
2025-09-02 14:50:13.828 | INFO     | Pendulum.PendulumAPP:_processSerialData:120 - 📏 串口长度数据已更新: L28.582499 -> physical_length=28.582499
2025-09-02 14:50:13.829 | INFO     | Pendulum.PendulumAPP:_processSerialData:121 - 🔄 数据来源: 串口接收 -> PendulumState.physical_length
2025-09-02 14:50:13.873 | INFO     | Pendulum.PendulumAPP:_processSerialData:120 - 📏 串口长度数据已更新: L28.582499 -> physical_length=28.582499
2025-09-02 14:50:13.874 | INFO     | Pendulum.PendulumAPP:_processSerialData:121 - 🔄 数据来源: 串口接收 -> PendulumState.physical_length
2025-09-02 14:50:13.921 | INFO     | Pendulum.PendulumAPP:_processSerialData:120 - 📏 串口长度数据已更新: L28.582499 -> physical_length=28.582499
2025-09-02 14:50:13.923 | INFO     | Pendulum.PendulumAPP:_processSerialData:121 - 🔄 数据来源: 串口接收 -> PendulumState.physical_length
2025-09-02 14:50:13.967 | INFO     | Pendulum.PendulumAPP:_processSerialData:120 - 📏 串口长度数据已更新: L28.582499 -> physical_length=28.582499
2025-09-02 14:50:13.971 | INFO     | Pendulum.PendulumAPP:_processSerialData:121 - 🔄 数据来源: 串口接收 -> PendulumState.physical_length
2025-09-02 14:50:14.012 | INFO     | Pendulum.PendulumAPP:_processSerialData:120 - 📏 串口长度数据已更新: L28.582499 -> physical_length=28.582499
2025-09-02 14:50:14.013 | INFO     | Pendulum.PendulumAPP:_processSerialData:121 - 🔄 数据来源: 串口接收 -> PendulumState.physical_length
2025-09-02 14:50:14.060 | INFO     | Pendulum.PendulumAPP:_processSerialData:120 - 📏 串口长度数据已更新: L28.582499 -> physical_length=28.582499
2025-09-02 14:50:14.062 | INFO     | Pendulum.PendulumAPP:_processSerialData:121 - 🔄 数据来源: 串口接收 -> PendulumState.physical_length
2025-09-02 14:50:14.108 | INFO     | Pendulum.PendulumAPP:_processSerialData:120 - 📏 串口长度数据已更新: L28.582499 -> physical_length=28.582499
2025-09-02 14:50:14.108 | INFO     | Pendulum.PendulumAPP:_processSerialData:121 - 🔄 数据来源: 串口接收 -> PendulumState.physical_length
2025-09-02 14:50:14.154 | INFO     | Pendulum.PendulumAPP:_processSerialData:120 - 📏 串口长度数据已更新: L28.582499 -> physical_length=28.582499
2025-09-02 14:50:14.157 | INFO     | Pendulum.PendulumAPP:_processSerialData:121 - 🔄 数据来源: 串口接收 -> PendulumState.physical_length
2025-09-02 14:50:14.201 | INFO     | Pendulum.PendulumAPP:_processSerialData:120 - 📏 串口长度数据已更新: L28.582499 -> physical_length=28.582499
2025-09-02 14:50:14.202 | INFO     | Pendulum.PendulumAPP:_processSerialData:121 - 🔄 数据来源: 串口接收 -> PendulumState.physical_length
2025-09-02 14:50:14.247 | INFO     | Pendulum.PendulumAPP:_processSerialData:120 - 📏 串口长度数据已更新: L28.582499 -> physical_length=28.582499
2025-09-02 14:50:14.248 | INFO     | Pendulum.PendulumAPP:_processSerialData:121 - 🔄 数据来源: 串口接收 -> PendulumState.physical_length
2025-09-02 14:50:14.294 | INFO     | Pendulum.PendulumAPP:_processSerialData:120 - 📏 串口长度数据已更新: L28.582499 -> physical_length=28.582499
2025-09-02 14:50:14.295 | INFO     | Pendulum.PendulumAPP:_processSerialData:121 - 🔄 数据来源: 串口接收 -> PendulumState.physical_length
2025-09-02 14:50:14.341 | INFO     | Pendulum.PendulumAPP:_processSerialData:120 - 📏 串口长度数据已更新: L28.582499 -> physical_length=28.582499
2025-09-02 14:50:14.343 | INFO     | Pendulum.PendulumAPP:_processSerialData:121 - 🔄 数据来源: 串口接收 -> PendulumState.physical_length
2025-09-02 14:50:14.387 | INFO     | Pendulum.PendulumAPP:_processSerialData:120 - 📏 串口长度数据已更新: L28.582499 -> physical_length=28.582499
2025-09-02 14:50:14.388 | INFO     | Pendulum.PendulumAPP:_processSerialData:121 - 🔄 数据来源: 串口接收 -> PendulumState.physical_length
2025-09-02 14:50:14.433 | INFO     | Pendulum.PendulumAPP:_processSerialData:120 - 📏 串口长度数据已更新: L28.582499 -> physical_length=28.582499
2025-09-02 14:50:14.435 | INFO     | Pendulum.PendulumAPP:_processSerialData:121 - 🔄 数据来源: 串口接收 -> PendulumState.physical_length
2025-09-02 14:50:14.480 | INFO     | Pendulum.PendulumAPP:_processSerialData:120 - 📏 串口长度数据已更新: L28.582499 -> physical_length=28.582499
2025-09-02 14:50:14.481 | INFO     | Pendulum.PendulumAPP:_processSerialData:121 - 🔄 数据来源: 串口接收 -> PendulumState.physical_length
2025-09-02 14:50:14.528 | INFO     | Pendulum.PendulumAPP:_processSerialData:120 - 📏 串口长度数据已更新: L28.582499 -> physical_length=28.582499
2025-09-02 14:50:14.529 | INFO     | Pendulum.PendulumAPP:_processSerialData:121 - 🔄 数据来源: 串口接收 -> PendulumState.physical_length
2025-09-02 14:50:14.573 | INFO     | Pendulum.PendulumAPP:_processSerialData:120 - 📏 串口长度数据已更新: L28.582499 -> physical_length=28.582499
2025-09-02 14:50:14.578 | INFO     | Pendulum.PendulumAPP:_processSerialData:121 - 🔄 数据来源: 串口接收 -> PendulumState.physical_length
2025-09-02 14:50:14.619 | INFO     | Pendulum.PendulumAPP:_processSerialData:120 - 📏 串口长度数据已更新: L28.582499 -> physical_length=28.582499
2025-09-02 14:50:14.621 | INFO     | Pendulum.PendulumAPP:_processSerialData:121 - 🔄 数据来源: 串口接收 -> PendulumState.physical_length
2025-09-02 14:50:14.666 | INFO     | Pendulum.PendulumAPP:_processSerialData:120 - 📏 串口长度数据已更新: L28.582499 -> physical_length=28.582499
2025-09-02 14:50:14.668 | INFO     | Pendulum.PendulumAPP:_processSerialData:121 - 🔄 数据来源: 串口接收 -> PendulumState.physical_length
2025-09-02 14:50:14.713 | INFO     | Pendulum.PendulumAPP:_processSerialData:120 - 📏 串口长度数据已更新: L28.582499 -> physical_length=28.582499
2025-09-02 14:50:14.714 | INFO     | Pendulum.PendulumAPP:_processSerialData:121 - 🔄 数据来源: 串口接收 -> PendulumState.physical_length
2025-09-02 14:50:14.760 | INFO     | Pendulum.PendulumAPP:_processSerialData:120 - 📏 串口长度数据已更新: L28.582499 -> physical_length=28.582499
2025-09-02 14:50:14.761 | INFO     | Pendulum.PendulumAPP:_processSerialData:121 - 🔄 数据来源: 串口接收 -> PendulumState.physical_length
2025-09-02 14:50:14.806 | INFO     | Pendulum.PendulumAPP:_processSerialData:120 - 📏 串口长度数据已更新: L28.582499 -> physical_length=28.582499
2025-09-02 14:50:14.809 | INFO     | Pendulum.PendulumAPP:_processSerialData:121 - 🔄 数据来源: 串口接收 -> PendulumState.physical_length
2025-09-02 14:50:14.852 | INFO     | Pendulum.PendulumAPP:_processSerialData:120 - 📏 串口长度数据已更新: L28.582499 -> physical_length=28.582499
2025-09-02 14:50:14.852 | INFO     | Pendulum.PendulumAPP:_processSerialData:121 - 🔄 数据来源: 串口接收 -> PendulumState.physical_length
2025-09-02 14:50:14.898 | INFO     | Pendulum.PendulumAPP:_processSerialData:120 - 📏 串口长度数据已更新: L28.582499 -> physical_length=28.582499
2025-09-02 14:50:14.900 | INFO     | Pendulum.PendulumAPP:_processSerialData:121 - 🔄 数据来源: 串口接收 -> PendulumState.physical_length
2025-09-02 14:50:14.944 | INFO     | Pendulum.PendulumAPP:_processSerialData:120 - 📏 串口长度数据已更新: L28.582499 -> physical_length=28.582499
2025-09-02 14:50:14.945 | INFO     | Pendulum.PendulumAPP:_processSerialData:121 - 🔄 数据来源: 串口接收 -> PendulumState.physical_length
2025-09-02 14:50:14.989 | INFO     | Pendulum.PendulumAPP:_processSerialData:120 - 📏 串口长度数据已更新: L28.582499 -> physical_length=28.582499
2025-09-02 14:50:14.990 | INFO     | Pendulum.PendulumAPP:_processSerialData:121 - 🔄 数据来源: 串口接收 -> PendulumState.physical_length
2025-09-02 14:50:15.038 | INFO     | Pendulum.PendulumAPP:_processSerialData:120 - 📏 串口长度数据已更新: L28.582499 -> physical_length=28.582499
2025-09-02 14:50:15.039 | INFO     | Pendulum.PendulumAPP:_processSerialData:121 - 🔄 数据来源: 串口接收 -> PendulumState.physical_length
2025-09-02 14:50:15.083 | INFO     | Pendulum.PendulumAPP:_processSerialData:120 - 📏 串口长度数据已更新: L28.582499 -> physical_length=28.582499
2025-09-02 14:50:15.085 | INFO     | Pendulum.PendulumAPP:_processSerialData:121 - 🔄 数据来源: 串口接收 -> PendulumState.physical_length
2025-09-02 14:50:15.129 | INFO     | Pendulum.PendulumAPP:_processSerialData:120 - 📏 串口长度数据已更新: L28.582499 -> physical_length=28.582499
2025-09-02 14:50:15.129 | INFO     | Pendulum.PendulumAPP:_processSerialData:121 - 🔄 数据来源: 串口接收 -> PendulumState.physical_length
2025-09-02 14:50:15.176 | INFO     | Pendulum.PendulumAPP:_processSerialData:120 - 📏 串口长度数据已更新: L28.582499 -> physical_length=28.582499
2025-09-02 14:50:15.177 | INFO     | Pendulum.PendulumAPP:_processSerialData:121 - 🔄 数据来源: 串口接收 -> PendulumState.physical_length
2025-09-02 14:50:15.223 | INFO     | Pendulum.PendulumAPP:_processSerialData:120 - 📏 串口长度数据已更新: L28.582499 -> physical_length=28.582499
2025-09-02 14:50:15.223 | INFO     | Pendulum.PendulumAPP:_processSerialData:121 - 🔄 数据来源: 串口接收 -> PendulumState.physical_length
2025-09-02 14:50:15.270 | INFO     | Pendulum.PendulumAPP:_processSerialData:120 - 📏 串口长度数据已更新: L28.582499 -> physical_length=28.582499
2025-09-02 14:50:15.271 | INFO     | Pendulum.PendulumAPP:_processSerialData:121 - 🔄 数据来源: 串口接收 -> PendulumState.physical_length
2025-09-02 14:50:15.317 | INFO     | Pendulum.PendulumAPP:_processSerialData:120 - 📏 串口长度数据已更新: L28.582499 -> physical_length=28.582499
2025-09-02 14:50:15.317 | INFO     | Pendulum.PendulumAPP:_processSerialData:121 - 🔄 数据来源: 串口接收 -> PendulumState.physical_length
2025-09-02 14:50:15.363 | INFO     | Pendulum.PendulumAPP:_processSerialData:120 - 📏 串口长度数据已更新: L28.582499 -> physical_length=28.582499
2025-09-02 14:50:15.367 | INFO     | Pendulum.PendulumAPP:_processSerialData:121 - 🔄 数据来源: 串口接收 -> PendulumState.physical_length
2025-09-02 14:50:15.409 | INFO     | Pendulum.PendulumAPP:_processSerialData:120 - 📏 串口长度数据已更新: L28.582499 -> physical_length=28.582499
2025-09-02 14:50:15.411 | INFO     | Pendulum.PendulumAPP:_processSerialData:121 - 🔄 数据来源: 串口接收 -> PendulumState.physical_length
2025-09-02 14:50:15.471 | INFO     | Pendulum.PendulumAPP:_processSerialData:120 - 📏 串口长度数据已更新: L28.582499 -> physical_length=28.582499
2025-09-02 14:50:15.473 | INFO     | Pendulum.PendulumAPP:_processSerialData:121 - 🔄 数据来源: 串口接收 -> PendulumState.physical_length
2025-09-02 14:50:15.518 | INFO     | Pendulum.PendulumAPP:_processSerialData:120 - 📏 串口长度数据已更新: L28.582499 -> physical_length=28.582499
2025-09-02 14:50:15.519 | INFO     | Pendulum.PendulumAPP:_processSerialData:121 - 🔄 数据来源: 串口接收 -> PendulumState.physical_length
2025-09-02 14:50:15.565 | INFO     | Pendulum.PendulumAPP:_processSerialData:120 - 📏 串口长度数据已更新: L28.582499 -> physical_length=28.582499
2025-09-02 14:50:15.566 | INFO     | Pendulum.PendulumAPP:_processSerialData:121 - 🔄 数据来源: 串口接收 -> PendulumState.physical_length
2025-09-02 14:50:15.613 | INFO     | Pendulum.PendulumAPP:_processSerialData:120 - 📏 串口长度数据已更新: L28.582499 -> physical_length=28.582499
2025-09-02 14:50:15.616 | INFO     | Pendulum.PendulumAPP:_processSerialData:121 - 🔄 数据来源: 串口接收 -> PendulumState.physical_length
2025-09-02 14:50:15.658 | INFO     | Pendulum.PendulumAPP:_processSerialData:120 - 📏 串口长度数据已更新: L28.582499 -> physical_length=28.582499
2025-09-02 14:50:15.659 | INFO     | Pendulum.PendulumAPP:_processSerialData:121 - 🔄 数据来源: 串口接收 -> PendulumState.physical_length
2025-09-02 14:50:15.705 | INFO     | Pendulum.PendulumAPP:_processSerialData:120 - 📏 串口长度数据已更新: L28.582499 -> physical_length=28.582499
2025-09-02 14:50:15.706 | INFO     | Pendulum.PendulumAPP:_processSerialData:121 - 🔄 数据来源: 串口接收 -> PendulumState.physical_length
2025-09-02 14:50:15.752 | INFO     | Pendulum.PendulumAPP:_processSerialData:120 - 📏 串口长度数据已更新: L28.582499 -> physical_length=28.582499
2025-09-02 14:50:15.752 | INFO     | Pendulum.PendulumAPP:_processSerialData:121 - 🔄 数据来源: 串口接收 -> PendulumState.physical_length
2025-09-02 14:50:15.799 | INFO     | Pendulum.PendulumAPP:_processSerialData:120 - 📏 串口长度数据已更新: L28.582499 -> physical_length=28.582499
2025-09-02 14:50:15.800 | INFO     | Pendulum.PendulumAPP:_processSerialData:121 - 🔄 数据来源: 串口接收 -> PendulumState.physical_length
2025-09-02 14:50:15.844 | INFO     | Pendulum.PendulumAPP:_processSerialData:120 - 📏 串口长度数据已更新: L28.582499 -> physical_length=28.582499
2025-09-02 14:50:15.845 | INFO     | Pendulum.PendulumAPP:_processSerialData:121 - 🔄 数据来源: 串口接收 -> PendulumState.physical_length
2025-09-02 14:50:15.889 | INFO     | Pendulum.PendulumAPP:_processSerialData:120 - 📏 串口长度数据已更新: L28.582499 -> physical_length=28.582499
2025-09-02 14:50:15.890 | INFO     | Pendulum.PendulumAPP:_processSerialData:121 - 🔄 数据来源: 串口接收 -> PendulumState.physical_length
2025-09-02 14:50:15.936 | INFO     | Pendulum.PendulumAPP:_processSerialData:120 - 📏 串口长度数据已更新: L28.582499 -> physical_length=28.582499
2025-09-02 14:50:15.937 | INFO     | Pendulum.PendulumAPP:_processSerialData:121 - 🔄 数据来源: 串口接收 -> PendulumState.physical_length
2025-09-02 14:50:15.983 | INFO     | Pendulum.PendulumAPP:_processSerialData:120 - 📏 串口长度数据已更新: L28.582499 -> physical_length=28.582499
2025-09-02 14:50:15.985 | INFO     | Pendulum.PendulumAPP:_processSerialData:121 - 🔄 数据来源: 串口接收 -> PendulumState.physical_length
2025-09-02 14:50:16.029 | INFO     | Pendulum.PendulumAPP:_processSerialData:120 - 📏 串口长度数据已更新: L28.582499 -> physical_length=28.582499
2025-09-02 14:50:16.030 | INFO     | Pendulum.PendulumAPP:_processSerialData:121 - 🔄 数据来源: 串口接收 -> PendulumState.physical_length
2025-09-02 14:50:16.075 | INFO     | Pendulum.PendulumAPP:_processSerialData:120 - 📏 串口长度数据已更新: L28.582499 -> physical_length=28.582499
2025-09-02 14:50:16.076 | INFO     | Pendulum.PendulumAPP:_processSerialData:121 - 🔄 数据来源: 串口接收 -> PendulumState.physical_length
2025-09-02 14:50:16.123 | INFO     | Pendulum.PendulumAPP:_processSerialData:120 - 📏 串口长度数据已更新: L28.582499 -> physical_length=28.582499
2025-09-02 14:50:16.126 | INFO     | Pendulum.PendulumAPP:_processSerialData:121 - 🔄 数据来源: 串口接收 -> PendulumState.physical_length
2025-09-02 14:50:16.170 | INFO     | Pendulum.PendulumAPP:_processSerialData:120 - 📏 串口长度数据已更新: L28.582499 -> physical_length=28.582499
2025-09-02 14:50:16.172 | INFO     | Pendulum.PendulumAPP:_processSerialData:121 - 🔄 数据来源: 串口接收 -> PendulumState.physical_length
2025-09-02 14:50:16.216 | INFO     | Pendulum.PendulumAPP:_processSerialData:120 - 📏 串口长度数据已更新: L28.582499 -> physical_length=28.582499
2025-09-02 14:50:16.216 | INFO     | Pendulum.PendulumAPP:_processSerialData:121 - 🔄 数据来源: 串口接收 -> PendulumState.physical_length
2025-09-02 14:50:16.264 | INFO     | Pendulum.PendulumAPP:_processSerialData:120 - 📏 串口长度数据已更新: L28.582499 -> physical_length=28.582499
2025-09-02 14:50:16.265 | INFO     | Pendulum.PendulumAPP:_processSerialData:121 - 🔄 数据来源: 串口接收 -> PendulumState.physical_length
2025-09-02 14:50:16.309 | INFO     | Pendulum.PendulumAPP:_processSerialData:120 - 📏 串口长度数据已更新: L28.582499 -> physical_length=28.582499
2025-09-02 14:50:16.310 | INFO     | Pendulum.PendulumAPP:_processSerialData:121 - 🔄 数据来源: 串口接收 -> PendulumState.physical_length
2025-09-02 14:50:16.355 | INFO     | Pendulum.PendulumAPP:_processSerialData:120 - 📏 串口长度数据已更新: L28.582499 -> physical_length=28.582499
2025-09-02 14:50:16.357 | INFO     | Pendulum.PendulumAPP:_processSerialData:121 - 🔄 数据来源: 串口接收 -> PendulumState.physical_length
2025-09-02 14:50:16.402 | INFO     | Pendulum.PendulumAPP:_processSerialData:120 - 📏 串口长度数据已更新: L28.582499 -> physical_length=28.582499
2025-09-02 14:50:16.403 | INFO     | Pendulum.PendulumAPP:_processSerialData:121 - 🔄 数据来源: 串口接收 -> PendulumState.physical_length
2025-09-02 14:50:16.449 | INFO     | Pendulum.PendulumAPP:_processSerialData:120 - 📏 串口长度数据已更新: L28.582499 -> physical_length=28.582499
2025-09-02 14:50:16.449 | INFO     | Pendulum.PendulumAPP:_processSerialData:121 - 🔄 数据来源: 串口接收 -> PendulumState.physical_length
2025-09-02 14:50:16.498 | INFO     | Pendulum.PendulumAPP:_processSerialData:120 - 📏 串口长度数据已更新: L28.582499 -> physical_length=28.582499
2025-09-02 14:50:16.499 | INFO     | Pendulum.PendulumAPP:_processSerialData:121 - 🔄 数据来源: 串口接收 -> PendulumState.physical_length
2025-09-02 14:50:16.541 | INFO     | Pendulum.PendulumAPP:_processSerialData:120 - 📏 串口长度数据已更新: L28.582499 -> physical_length=28.582499
2025-09-02 14:50:16.542 | INFO     | Pendulum.PendulumAPP:_processSerialData:121 - 🔄 数据来源: 串口接收 -> PendulumState.physical_length
2025-09-02 14:50:16.586 | INFO     | Pendulum.PendulumAPP:_processSerialData:120 - 📏 串口长度数据已更新: L28.582499 -> physical_length=28.582499
2025-09-02 14:50:16.586 | INFO     | Pendulum.PendulumAPP:_processSerialData:121 - 🔄 数据来源: 串口接收 -> PendulumState.physical_length
2025-09-02 14:50:16.632 | INFO     | Pendulum.PendulumAPP:_processSerialData:120 - 📏 串口长度数据已更新: L28.582499 -> physical_length=28.582499
2025-09-02 14:50:16.633 | INFO     | Pendulum.PendulumAPP:_processSerialData:121 - 🔄 数据来源: 串口接收 -> PendulumState.physical_length
2025-09-02 14:50:16.678 | INFO     | Pendulum.PendulumAPP:_processSerialData:120 - 📏 串口长度数据已更新: L28.582499 -> physical_length=28.582499
2025-09-02 14:50:16.679 | INFO     | Pendulum.PendulumAPP:_processSerialData:121 - 🔄 数据来源: 串口接收 -> PendulumState.physical_length
2025-09-02 14:50:16.726 | INFO     | Pendulum.PendulumAPP:_processSerialData:120 - 📏 串口长度数据已更新: L28.582499 -> physical_length=28.582499
2025-09-02 14:50:16.727 | INFO     | Pendulum.PendulumAPP:_processSerialData:121 - 🔄 数据来源: 串口接收 -> PendulumState.physical_length
2025-09-02 14:50:16.771 | INFO     | Pendulum.PendulumAPP:_processSerialData:120 - 📏 串口长度数据已更新: L28.582499 -> physical_length=28.582499
2025-09-02 14:50:16.771 | INFO     | Pendulum.PendulumAPP:_processSerialData:121 - 🔄 数据来源: 串口接收 -> PendulumState.physical_length
2025-09-02 14:50:16.819 | INFO     | Pendulum.PendulumAPP:_processSerialData:120 - 📏 串口长度数据已更新: L28.582499 -> physical_length=28.582499
2025-09-02 14:50:16.820 | INFO     | Pendulum.PendulumAPP:_processSerialData:121 - 🔄 数据来源: 串口接收 -> PendulumState.physical_length
2025-09-02 14:50:16.868 | INFO     | Pendulum.PendulumAPP:_processSerialData:120 - 📏 串口长度数据已更新: L28.582499 -> physical_length=28.582499
2025-09-02 14:50:16.868 | INFO     | Pendulum.PendulumAPP:_processSerialData:121 - 🔄 数据来源: 串口接收 -> PendulumState.physical_length
2025-09-02 14:50:16.912 | INFO     | Pendulum.PendulumAPP:_processSerialData:120 - 📏 串口长度数据已更新: L28.582499 -> physical_length=28.582499
2025-09-02 14:50:16.913 | INFO     | Pendulum.PendulumAPP:_processSerialData:121 - 🔄 数据来源: 串口接收 -> PendulumState.physical_length
2025-09-02 14:50:16.960 | INFO     | Pendulum.PendulumAPP:_processSerialData:120 - 📏 串口长度数据已更新: L28.582499 -> physical_length=28.582499
2025-09-02 14:50:16.962 | INFO     | Pendulum.PendulumAPP:_processSerialData:121 - 🔄 数据来源: 串口接收 -> PendulumState.physical_length
2025-09-02 14:50:17.007 | INFO     | Pendulum.PendulumAPP:_processSerialData:120 - 📏 串口长度数据已更新: L28.582499 -> physical_length=28.582499
2025-09-02 14:50:17.008 | INFO     | Pendulum.PendulumAPP:_processSerialData:121 - 🔄 数据来源: 串口接收 -> PendulumState.physical_length
2025-09-02 14:50:17.053 | INFO     | Pendulum.PendulumAPP:_processSerialData:120 - 📏 串口长度数据已更新: L28.582499 -> physical_length=28.582499
2025-09-02 14:50:17.055 | INFO     | Pendulum.PendulumAPP:_processSerialData:121 - 🔄 数据来源: 串口接收 -> PendulumState.physical_length
2025-09-02 14:50:17.099 | INFO     | Pendulum.PendulumAPP:_processSerialData:120 - 📏 串口长度数据已更新: L28.582499 -> physical_length=28.582499
2025-09-02 14:50:17.100 | INFO     | Pendulum.PendulumAPP:_processSerialData:121 - 🔄 数据来源: 串口接收 -> PendulumState.physical_length
2025-09-02 14:50:17.146 | INFO     | Pendulum.PendulumAPP:_processSerialData:120 - 📏 串口长度数据已更新: L28.582499 -> physical_length=28.582499
2025-09-02 14:50:17.147 | INFO     | Pendulum.PendulumAPP:_processSerialData:121 - 🔄 数据来源: 串口接收 -> PendulumState.physical_length
2025-09-02 14:50:17.193 | INFO     | Pendulum.PendulumAPP:_processSerialData:120 - 📏 串口长度数据已更新: L28.582499 -> physical_length=28.582499
2025-09-02 14:50:17.194 | INFO     | Pendulum.PendulumAPP:_processSerialData:121 - 🔄 数据来源: 串口接收 -> PendulumState.physical_length
2025-09-02 14:50:17.239 | INFO     | Pendulum.PendulumAPP:_processSerialData:120 - 📏 串口长度数据已更新: L28.582499 -> physical_length=28.582499
2025-09-02 14:50:17.239 | INFO     | Pendulum.PendulumAPP:_processSerialData:121 - 🔄 数据来源: 串口接收 -> PendulumState.physical_length
2025-09-02 14:50:17.287 | INFO     | Pendulum.PendulumAPP:_processSerialData:120 - 📏 串口长度数据已更新: L28.582499 -> physical_length=28.582499
2025-09-02 14:50:17.288 | INFO     | Pendulum.PendulumAPP:_processSerialData:121 - 🔄 数据来源: 串口接收 -> PendulumState.physical_length
2025-09-02 14:50:17.338 | INFO     | Pendulum.PendulumAPP:_processSerialData:120 - 📏 串口长度数据已更新: L28.582499 -> physical_length=28.582499
2025-09-02 14:50:17.338 | INFO     | Pendulum.PendulumAPP:_processSerialData:121 - 🔄 数据来源: 串口接收 -> PendulumState.physical_length
2025-09-02 14:50:17.381 | INFO     | Pendulum.PendulumAPP:_processSerialData:120 - 📏 串口长度数据已更新: L28.582499 -> physical_length=28.582499
2025-09-02 14:50:17.382 | INFO     | Pendulum.PendulumAPP:_processSerialData:121 - 🔄 数据来源: 串口接收 -> PendulumState.physical_length
2025-09-02 14:50:17.427 | INFO     | Pendulum.PendulumAPP:_processSerialData:120 - 📏 串口长度数据已更新: L28.582499 -> physical_length=28.582499
2025-09-02 14:50:17.428 | INFO     | Pendulum.PendulumAPP:_processSerialData:121 - 🔄 数据来源: 串口接收 -> PendulumState.physical_length
2025-09-02 14:50:17.474 | INFO     | Pendulum.PendulumAPP:_processSerialData:120 - 📏 串口长度数据已更新: L28.582499 -> physical_length=28.582499
2025-09-02 14:50:17.475 | INFO     | Pendulum.PendulumAPP:_processSerialData:121 - 🔄 数据来源: 串口接收 -> PendulumState.physical_length
2025-09-02 14:50:17.519 | INFO     | Pendulum.PendulumAPP:_processSerialData:120 - 📏 串口长度数据已更新: L28.582499 -> physical_length=28.582499
2025-09-02 14:50:17.521 | INFO     | Pendulum.PendulumAPP:_processSerialData:121 - 🔄 数据来源: 串口接收 -> PendulumState.physical_length
2025-09-02 14:50:17.581 | INFO     | Pendulum.PendulumAPP:_processSerialData:120 - 📏 串口长度数据已更新: L28.582499 -> physical_length=28.582499
2025-09-02 14:50:17.583 | INFO     | Pendulum.PendulumAPP:_processSerialData:121 - 🔄 数据来源: 串口接收 -> PendulumState.physical_length
2025-09-02 14:50:17.626 | INFO     | Pendulum.PendulumAPP:_processSerialData:120 - 📏 串口长度数据已更新: L28.582499 -> physical_length=28.582499
2025-09-02 14:50:17.627 | INFO     | Pendulum.PendulumAPP:_processSerialData:121 - 🔄 数据来源: 串口接收 -> PendulumState.physical_length
2025-09-02 14:50:17.674 | INFO     | Pendulum.PendulumAPP:_processSerialData:120 - 📏 串口长度数据已更新: L28.582499 -> physical_length=28.582499
2025-09-02 14:50:17.675 | INFO     | Pendulum.PendulumAPP:_processSerialData:121 - 🔄 数据来源: 串口接收 -> PendulumState.physical_length
2025-09-02 14:50:17.719 | INFO     | Pendulum.PendulumAPP:_processSerialData:120 - 📏 串口长度数据已更新: L28.582499 -> physical_length=28.582499
2025-09-02 14:50:17.720 | INFO     | Pendulum.PendulumAPP:_processSerialData:121 - 🔄 数据来源: 串口接收 -> PendulumState.physical_length
2025-09-02 14:50:17.764 | INFO     | Pendulum.PendulumAPP:_processSerialData:120 - 📏 串口长度数据已更新: L28.582499 -> physical_length=28.582499
2025-09-02 14:50:17.764 | INFO     | Pendulum.PendulumAPP:_processSerialData:121 - 🔄 数据来源: 串口接收 -> PendulumState.physical_length
2025-09-02 14:50:17.810 | INFO     | Pendulum.PendulumAPP:_processSerialData:120 - 📏 串口长度数据已更新: L28.582499 -> physical_length=28.582499
2025-09-02 14:50:17.811 | INFO     | Pendulum.PendulumAPP:_processSerialData:121 - 🔄 数据来源: 串口接收 -> PendulumState.physical_length
2025-09-02 14:50:17.857 | INFO     | Pendulum.PendulumAPP:_processSerialData:120 - 📏 串口长度数据已更新: L28.582499 -> physical_length=28.582499
2025-09-02 14:50:17.859 | INFO     | Pendulum.PendulumAPP:_processSerialData:121 - 🔄 数据来源: 串口接收 -> PendulumState.physical_length
2025-09-02 14:50:17.905 | INFO     | Pendulum.PendulumAPP:_processSerialData:120 - 📏 串口长度数据已更新: L28.582499 -> physical_length=28.582499
2025-09-02 14:50:17.906 | INFO     | Pendulum.PendulumAPP:_processSerialData:121 - 🔄 数据来源: 串口接收 -> PendulumState.physical_length
2025-09-02 14:50:17.951 | INFO     | Pendulum.PendulumAPP:_processSerialData:120 - 📏 串口长度数据已更新: L28.582499 -> physical_length=28.582499
2025-09-02 14:50:17.954 | INFO     | Pendulum.PendulumAPP:_processSerialData:121 - 🔄 数据来源: 串口接收 -> PendulumState.physical_length
2025-09-02 14:50:17.996 | INFO     | Pendulum.PendulumAPP:_processSerialData:120 - 📏 串口长度数据已更新: L28.582499 -> physical_length=28.582499
2025-09-02 14:50:17.997 | INFO     | Pendulum.PendulumAPP:_processSerialData:121 - 🔄 数据来源: 串口接收 -> PendulumState.physical_length
2025-09-02 14:50:18.045 | INFO     | Pendulum.PendulumAPP:_processSerialData:120 - 📏 串口长度数据已更新: L28.582499 -> physical_length=28.582499
2025-09-02 14:50:18.047 | INFO     | Pendulum.PendulumAPP:_processSerialData:121 - 🔄 数据来源: 串口接收 -> PendulumState.physical_length
2025-09-02 14:50:18.091 | INFO     | Pendulum.PendulumAPP:_processSerialData:120 - 📏 串口长度数据已更新: L28.582499 -> physical_length=28.582499
2025-09-02 14:50:18.093 | INFO     | Pendulum.PendulumAPP:_processSerialData:121 - 🔄 数据来源: 串口接收 -> PendulumState.physical_length
2025-09-02 14:50:18.138 | INFO     | Pendulum.PendulumAPP:_processSerialData:120 - 📏 串口长度数据已更新: L28.582499 -> physical_length=28.582499
2025-09-02 14:50:18.139 | INFO     | Pendulum.PendulumAPP:_processSerialData:121 - 🔄 数据来源: 串口接收 -> PendulumState.physical_length
2025-09-02 14:50:18.185 | INFO     | Pendulum.PendulumAPP:_processSerialData:120 - 📏 串口长度数据已更新: L28.582499 -> physical_length=28.582499
2025-09-02 14:50:18.186 | INFO     | Pendulum.PendulumAPP:_processSerialData:121 - 🔄 数据来源: 串口接收 -> PendulumState.physical_length
2025-09-02 14:50:18.232 | INFO     | Pendulum.PendulumAPP:_processSerialData:120 - 📏 串口长度数据已更新: L28.582499 -> physical_length=28.582499
2025-09-02 14:50:18.233 | INFO     | Pendulum.PendulumAPP:_processSerialData:121 - 🔄 数据来源: 串口接收 -> PendulumState.physical_length
2025-09-02 14:50:18.279 | INFO     | Pendulum.PendulumAPP:_processSerialData:120 - 📏 串口长度数据已更新: L28.582499 -> physical_length=28.582499
2025-09-02 14:50:18.279 | INFO     | Pendulum.PendulumAPP:_processSerialData:121 - 🔄 数据来源: 串口接收 -> PendulumState.physical_length
2025-09-02 14:50:18.323 | INFO     | Pendulum.PendulumAPP:_processSerialData:120 - 📏 串口长度数据已更新: L28.582499 -> physical_length=28.582499
2025-09-02 14:50:18.325 | INFO     | Pendulum.PendulumAPP:_processSerialData:121 - 🔄 数据来源: 串口接收 -> PendulumState.physical_length
2025-09-02 14:50:18.372 | INFO     | Pendulum.PendulumAPP:_processSerialData:120 - 📏 串口长度数据已更新: L28.582499 -> physical_length=28.582499
2025-09-02 14:50:18.375 | INFO     | Pendulum.PendulumAPP:_processSerialData:121 - 🔄 数据来源: 串口接收 -> PendulumState.physical_length
2025-09-02 14:50:18.417 | INFO     | Pendulum.PendulumAPP:_processSerialData:120 - 📏 串口长度数据已更新: L28.582499 -> physical_length=28.582499
2025-09-02 14:50:18.418 | INFO     | Pendulum.PendulumAPP:_processSerialData:121 - 🔄 数据来源: 串口接收 -> PendulumState.physical_length
2025-09-02 14:50:18.462 | INFO     | Pendulum.PendulumAPP:_processSerialData:120 - 📏 串口长度数据已更新: L28.582499 -> physical_length=28.582499
2025-09-02 14:50:18.463 | INFO     | Pendulum.PendulumAPP:_processSerialData:121 - 🔄 数据来源: 串口接收 -> PendulumState.physical_length
2025-09-02 14:50:18.509 | INFO     | Pendulum.PendulumAPP:_processSerialData:120 - 📏 串口长度数据已更新: L28.582499 -> physical_length=28.582499
2025-09-02 14:50:18.511 | INFO     | Pendulum.PendulumAPP:_processSerialData:121 - 🔄 数据来源: 串口接收 -> PendulumState.physical_length
2025-09-02 14:50:18.556 | INFO     | Pendulum.PendulumAPP:_processSerialData:120 - 📏 串口长度数据已更新: L28.582499 -> physical_length=28.582499
2025-09-02 14:50:18.559 | INFO     | Pendulum.PendulumAPP:_processSerialData:121 - 🔄 数据来源: 串口接收 -> PendulumState.physical_length
2025-09-02 14:50:18.602 | INFO     | Pendulum.PendulumAPP:_processSerialData:120 - 📏 串口长度数据已更新: L28.582499 -> physical_length=28.582499
2025-09-02 14:50:18.602 | INFO     | Pendulum.PendulumAPP:_processSerialData:121 - 🔄 数据来源: 串口接收 -> PendulumState.physical_length
2025-09-02 14:50:18.647 | INFO     | Pendulum.PendulumAPP:_processSerialData:120 - 📏 串口长度数据已更新: L28.582499 -> physical_length=28.582499
2025-09-02 14:50:18.647 | INFO     | Pendulum.PendulumAPP:_processSerialData:121 - 🔄 数据来源: 串口接收 -> PendulumState.physical_length
2025-09-02 14:50:18.695 | INFO     | Pendulum.PendulumAPP:_processSerialData:120 - 📏 串口长度数据已更新: L28.582499 -> physical_length=28.582499
2025-09-02 14:50:18.696 | INFO     | Pendulum.PendulumAPP:_processSerialData:121 - 🔄 数据来源: 串口接收 -> PendulumState.physical_length
2025-09-02 14:50:18.742 | INFO     | Pendulum.PendulumAPP:_processSerialData:120 - 📏 串口长度数据已更新: L28.582499 -> physical_length=28.582499
2025-09-02 14:50:18.743 | INFO     | Pendulum.PendulumAPP:_processSerialData:121 - 🔄 数据来源: 串口接收 -> PendulumState.physical_length
2025-09-02 14:50:18.789 | INFO     | Pendulum.PendulumAPP:_processSerialData:120 - 📏 串口长度数据已更新: L28.582499 -> physical_length=28.582499
2025-09-02 14:50:18.791 | INFO     | Pendulum.PendulumAPP:_processSerialData:121 - 🔄 数据来源: 串口接收 -> PendulumState.physical_length
2025-09-02 14:50:18.835 | INFO     | Pendulum.PendulumAPP:_processSerialData:120 - 📏 串口长度数据已更新: L28.582499 -> physical_length=28.582499
2025-09-02 14:50:18.836 | INFO     | Pendulum.PendulumAPP:_processSerialData:121 - 🔄 数据来源: 串口接收 -> PendulumState.physical_length
2025-09-02 14:50:18.882 | INFO     | Pendulum.PendulumAPP:_processSerialData:120 - 📏 串口长度数据已更新: L28.582499 -> physical_length=28.582499
2025-09-02 14:50:18.883 | INFO     | Pendulum.PendulumAPP:_processSerialData:121 - 🔄 数据来源: 串口接收 -> PendulumState.physical_length
2025-09-02 14:50:18.930 | INFO     | Pendulum.PendulumAPP:_processSerialData:120 - 📏 串口长度数据已更新: L28.582499 -> physical_length=28.582499
2025-09-02 14:50:18.932 | INFO     | Pendulum.PendulumAPP:_processSerialData:121 - 🔄 数据来源: 串口接收 -> PendulumState.physical_length
2025-09-02 14:50:18.976 | INFO     | Pendulum.PendulumAPP:_processSerialData:120 - 📏 串口长度数据已更新: L28.582499 -> physical_length=28.582499
2025-09-02 14:50:18.978 | INFO     | Pendulum.PendulumAPP:_processSerialData:121 - 🔄 数据来源: 串口接收 -> PendulumState.physical_length
2025-09-02 14:50:19.021 | INFO     | Pendulum.PendulumAPP:_processSerialData:120 - 📏 串口长度数据已更新: L28.582499 -> physical_length=28.582499
2025-09-02 14:50:19.022 | INFO     | Pendulum.PendulumAPP:_processSerialData:121 - 🔄 数据来源: 串口接收 -> PendulumState.physical_length
2025-09-02 14:50:19.067 | INFO     | Pendulum.PendulumAPP:_processSerialData:120 - 📏 串口长度数据已更新: L28.582499 -> physical_length=28.582499
2025-09-02 14:50:19.068 | INFO     | Pendulum.PendulumAPP:_processSerialData:121 - 🔄 数据来源: 串口接收 -> PendulumState.physical_length
2025-09-02 14:50:19.113 | INFO     | Pendulum.PendulumAPP:_processSerialData:120 - 📏 串口长度数据已更新: L28.582499 -> physical_length=28.582499
2025-09-02 14:50:19.114 | INFO     | Pendulum.PendulumAPP:_processSerialData:121 - 🔄 数据来源: 串口接收 -> PendulumState.physical_length
2025-09-02 14:50:19.159 | INFO     | Pendulum.PendulumAPP:_processSerialData:120 - 📏 串口长度数据已更新: L28.582499 -> physical_length=28.582499
2025-09-02 14:50:19.160 | INFO     | Pendulum.PendulumAPP:_processSerialData:121 - 🔄 数据来源: 串口接收 -> PendulumState.physical_length
2025-09-02 14:50:19.206 | INFO     | Pendulum.PendulumAPP:_processSerialData:120 - 📏 串口长度数据已更新: L28.582499 -> physical_length=28.582499
2025-09-02 14:50:19.207 | INFO     | Pendulum.PendulumAPP:_processSerialData:121 - 🔄 数据来源: 串口接收 -> PendulumState.physical_length
2025-09-02 14:50:19.251 | INFO     | Pendulum.PendulumAPP:_processSerialData:120 - 📏 串口长度数据已更新: L28.582499 -> physical_length=28.582499
2025-09-02 14:50:19.252 | INFO     | Pendulum.PendulumAPP:_processSerialData:121 - 🔄 数据来源: 串口接收 -> PendulumState.physical_length
2025-09-02 14:50:19.298 | INFO     | Pendulum.PendulumAPP:_processSerialData:120 - 📏 串口长度数据已更新: L28.582499 -> physical_length=28.582499
2025-09-02 14:50:19.299 | INFO     | Pendulum.PendulumAPP:_processSerialData:121 - 🔄 数据来源: 串口接收 -> PendulumState.physical_length
2025-09-02 14:50:19.345 | INFO     | Pendulum.PendulumAPP:_processSerialData:120 - 📏 串口长度数据已更新: L28.582499 -> physical_length=28.582499
2025-09-02 14:50:19.345 | INFO     | Pendulum.PendulumAPP:_processSerialData:121 - 🔄 数据来源: 串口接收 -> PendulumState.physical_length
2025-09-02 14:50:19.394 | INFO     | Pendulum.PendulumAPP:_processSerialData:120 - 📏 串口长度数据已更新: L28.582499 -> physical_length=28.582499
2025-09-02 14:50:19.395 | INFO     | Pendulum.PendulumAPP:_processSerialData:121 - 🔄 数据来源: 串口接收 -> PendulumState.physical_length
2025-09-02 14:50:19.439 | INFO     | Pendulum.PendulumAPP:_processSerialData:120 - 📏 串口长度数据已更新: L28.582499 -> physical_length=28.582499
2025-09-02 14:50:19.440 | INFO     | Pendulum.PendulumAPP:_processSerialData:121 - 🔄 数据来源: 串口接收 -> PendulumState.physical_length
2025-09-02 14:50:19.487 | INFO     | Pendulum.PendulumAPP:_processSerialData:120 - 📏 串口长度数据已更新: L28.582499 -> physical_length=28.582499
2025-09-02 14:50:19.489 | INFO     | Pendulum.PendulumAPP:_processSerialData:121 - 🔄 数据来源: 串口接收 -> PendulumState.physical_length
2025-09-02 14:50:19.532 | INFO     | Pendulum.PendulumAPP:_processSerialData:120 - 📏 串口长度数据已更新: L28.582499 -> physical_length=28.582499
2025-09-02 14:50:19.534 | INFO     | Pendulum.PendulumAPP:_processSerialData:121 - 🔄 数据来源: 串口接收 -> PendulumState.physical_length
2025-09-02 14:50:19.578 | INFO     | Pendulum.PendulumAPP:_processSerialData:120 - 📏 串口长度数据已更新: L28.582499 -> physical_length=28.582499
2025-09-02 14:50:19.582 | INFO     | Pendulum.PendulumAPP:_processSerialData:121 - 🔄 数据来源: 串口接收 -> PendulumState.physical_length
2025-09-02 14:50:19.624 | INFO     | Pendulum.PendulumAPP:_processSerialData:120 - 📏 串口长度数据已更新: L28.582499 -> physical_length=28.582499
2025-09-02 14:50:19.625 | INFO     | Pendulum.PendulumAPP:_processSerialData:121 - 🔄 数据来源: 串口接收 -> PendulumState.physical_length
2025-09-02 14:50:19.670 | INFO     | Pendulum.PendulumAPP:_processSerialData:120 - 📏 串口长度数据已更新: L28.582499 -> physical_length=28.582499
2025-09-02 14:50:19.671 | INFO     | Pendulum.PendulumAPP:_processSerialData:121 - 🔄 数据来源: 串口接收 -> PendulumState.physical_length
2025-09-02 14:50:19.717 | INFO     | Pendulum.PendulumAPP:_processSerialData:120 - 📏 串口长度数据已更新: L28.582499 -> physical_length=28.582499
2025-09-02 14:50:19.718 | INFO     | Pendulum.PendulumAPP:_processSerialData:121 - 🔄 数据来源: 串口接收 -> PendulumState.physical_length
2025-09-02 14:50:19.763 | INFO     | Pendulum.PendulumAPP:_processSerialData:120 - 📏 串口长度数据已更新: L28.582499 -> physical_length=28.582499
2025-09-02 14:50:19.765 | INFO     | Pendulum.PendulumAPP:_processSerialData:121 - 🔄 数据来源: 串口接收 -> PendulumState.physical_length
2025-09-02 14:50:19.811 | INFO     | Pendulum.PendulumAPP:_processSerialData:120 - 📏 串口长度数据已更新: L28.582499 -> physical_length=28.582499
2025-09-02 14:50:19.812 | INFO     | Pendulum.PendulumAPP:_processSerialData:121 - 🔄 数据来源: 串口接收 -> PendulumState.physical_length
2025-09-02 14:50:19.858 | INFO     | Pendulum.PendulumAPP:_processSerialData:120 - 📏 串口长度数据已更新: L28.582499 -> physical_length=28.582499
2025-09-02 14:50:19.859 | INFO     | Pendulum.PendulumAPP:_processSerialData:121 - 🔄 数据来源: 串口接收 -> PendulumState.physical_length
2025-09-02 14:50:19.905 | INFO     | Pendulum.PendulumAPP:_processSerialData:120 - 📏 串口长度数据已更新: L28.582499 -> physical_length=28.582499
2025-09-02 14:50:19.906 | INFO     | Pendulum.PendulumAPP:_processSerialData:121 - 🔄 数据来源: 串口接收 -> PendulumState.physical_length
2025-09-02 14:50:19.951 | INFO     | Pendulum.PendulumAPP:_processSerialData:120 - 📏 串口长度数据已更新: L28.582499 -> physical_length=28.582499
2025-09-02 14:50:19.952 | INFO     | Pendulum.PendulumAPP:_processSerialData:121 - 🔄 数据来源: 串口接收 -> PendulumState.physical_length
2025-09-02 14:50:19.997 | INFO     | Pendulum.PendulumAPP:_processSerialData:120 - 📏 串口长度数据已更新: L28.582499 -> physical_length=28.582499
2025-09-02 14:50:19.998 | INFO     | Pendulum.PendulumAPP:_processSerialData:121 - 🔄 数据来源: 串口接收 -> PendulumState.physical_length
2025-09-02 14:50:20.044 | INFO     | Pendulum.PendulumAPP:_processSerialData:120 - 📏 串口长度数据已更新: L28.582499 -> physical_length=28.582499
2025-09-02 14:50:20.048 | INFO     | Pendulum.PendulumAPP:_processSerialData:121 - 🔄 数据来源: 串口接收 -> PendulumState.physical_length
2025-09-02 14:50:20.091 | INFO     | Pendulum.PendulumAPP:_processSerialData:120 - 📏 串口长度数据已更新: L28.582499 -> physical_length=28.582499
2025-09-02 14:50:20.093 | INFO     | Pendulum.PendulumAPP:_processSerialData:121 - 🔄 数据来源: 串口接收 -> PendulumState.physical_length
2025-09-02 14:50:20.137 | INFO     | Pendulum.PendulumAPP:_processSerialData:120 - 📏 串口长度数据已更新: L28.582499 -> physical_length=28.582499
2025-09-02 14:50:20.138 | INFO     | Pendulum.PendulumAPP:_processSerialData:121 - 🔄 数据来源: 串口接收 -> PendulumState.physical_length
2025-09-02 14:50:20.184 | INFO     | Pendulum.PendulumAPP:_processSerialData:120 - 📏 串口长度数据已更新: L28.582499 -> physical_length=28.582499
2025-09-02 14:50:20.184 | INFO     | Pendulum.PendulumAPP:_processSerialData:121 - 🔄 数据来源: 串口接收 -> PendulumState.physical_length
2025-09-02 14:50:20.230 | INFO     | Pendulum.PendulumAPP:_processSerialData:120 - 📏 串口长度数据已更新: L28.582499 -> physical_length=28.582499
2025-09-02 14:50:20.231 | INFO     | Pendulum.PendulumAPP:_processSerialData:121 - 🔄 数据来源: 串口接收 -> PendulumState.physical_length
2025-09-02 14:50:20.276 | INFO     | Pendulum.PendulumAPP:_processSerialData:120 - 📏 串口长度数据已更新: L28.582499 -> physical_length=28.582499
2025-09-02 14:50:20.277 | INFO     | Pendulum.PendulumAPP:_processSerialData:121 - 🔄 数据来源: 串口接收 -> PendulumState.physical_length
2025-09-02 14:50:20.323 | INFO     | Pendulum.PendulumAPP:_processSerialData:120 - 📏 串口长度数据已更新: L28.582499 -> physical_length=28.582499
2025-09-02 14:50:20.324 | INFO     | Pendulum.PendulumAPP:_processSerialData:121 - 🔄 数据来源: 串口接收 -> PendulumState.physical_length
2025-09-02 14:50:20.369 | INFO     | Pendulum.PendulumAPP:_processSerialData:120 - 📏 串口长度数据已更新: L28.582499 -> physical_length=28.582499
2025-09-02 14:50:20.370 | INFO     | Pendulum.PendulumAPP:_processSerialData:121 - 🔄 数据来源: 串口接收 -> PendulumState.physical_length
2025-09-02 14:50:20.417 | INFO     | Pendulum.PendulumAPP:_processSerialData:120 - 📏 串口长度数据已更新: L28.582499 -> physical_length=28.582499
2025-09-02 14:50:20.418 | INFO     | Pendulum.PendulumAPP:_processSerialData:121 - 🔄 数据来源: 串口接收 -> PendulumState.physical_length
2025-09-02 14:50:20.463 | INFO     | Pendulum.PendulumAPP:_processSerialData:120 - 📏 串口长度数据已更新: L28.582499 -> physical_length=28.582499
2025-09-02 14:50:20.463 | INFO     | Pendulum.PendulumAPP:_processSerialData:121 - 🔄 数据来源: 串口接收 -> PendulumState.physical_length
2025-09-02 14:50:20.510 | INFO     | Pendulum.PendulumAPP:_processSerialData:120 - 📏 串口长度数据已更新: L28.582499 -> physical_length=28.582499
2025-09-02 14:50:20.512 | INFO     | Pendulum.PendulumAPP:_processSerialData:121 - 🔄 数据来源: 串口接收 -> PendulumState.physical_length
2025-09-02 14:50:20.559 | INFO     | Pendulum.PendulumAPP:_processSerialData:120 - 📏 串口长度数据已更新: L28.582499 -> physical_length=28.582499
2025-09-02 14:50:20.559 | INFO     | Pendulum.PendulumAPP:_processSerialData:121 - 🔄 数据来源: 串口接收 -> PendulumState.physical_length
2025-09-02 14:50:20.604 | INFO     | Pendulum.PendulumAPP:_processSerialData:120 - 📏 串口长度数据已更新: L28.582499 -> physical_length=28.582499
2025-09-02 14:50:20.606 | INFO     | Pendulum.PendulumAPP:_processSerialData:121 - 🔄 数据来源: 串口接收 -> PendulumState.physical_length
2025-09-02 14:50:20.650 | INFO     | Pendulum.PendulumAPP:_processSerialData:120 - 📏 串口长度数据已更新: L28.582499 -> physical_length=28.582499
2025-09-02 14:50:20.654 | INFO     | Pendulum.PendulumAPP:_processSerialData:121 - 🔄 数据来源: 串口接收 -> PendulumState.physical_length
2025-09-02 14:50:20.697 | INFO     | Pendulum.PendulumAPP:_processSerialData:120 - 📏 串口长度数据已更新: L28.582499 -> physical_length=28.582499
2025-09-02 14:50:20.698 | INFO     | Pendulum.PendulumAPP:_processSerialData:121 - 🔄 数据来源: 串口接收 -> PendulumState.physical_length
2025-09-02 14:50:20.743 | INFO     | Pendulum.PendulumAPP:_processSerialData:120 - 📏 串口长度数据已更新: L28.582499 -> physical_length=28.582499
2025-09-02 14:50:20.744 | INFO     | Pendulum.PendulumAPP:_processSerialData:121 - 🔄 数据来源: 串口接收 -> PendulumState.physical_length
2025-09-02 14:50:20.790 | INFO     | Pendulum.PendulumAPP:_processSerialData:120 - 📏 串口长度数据已更新: L28.582499 -> physical_length=28.582499
2025-09-02 14:50:20.790 | INFO     | Pendulum.PendulumAPP:_processSerialData:121 - 🔄 数据来源: 串口接收 -> PendulumState.physical_length
2025-09-02 14:50:20.835 | INFO     | Pendulum.PendulumAPP:_processSerialData:120 - 📏 串口长度数据已更新: L28.582499 -> physical_length=28.582499
2025-09-02 14:50:20.835 | INFO     | Pendulum.PendulumAPP:_processSerialData:121 - 🔄 数据来源: 串口接收 -> PendulumState.physical_length
2025-09-02 14:50:20.882 | INFO     | Pendulum.PendulumAPP:_processSerialData:120 - 📏 串口长度数据已更新: L28.582499 -> physical_length=28.582499
2025-09-02 14:50:20.885 | INFO     | Pendulum.PendulumAPP:_processSerialData:121 - 🔄 数据来源: 串口接收 -> PendulumState.physical_length
2025-09-02 14:50:20.929 | INFO     | Pendulum.PendulumAPP:_processSerialData:120 - 📏 串口长度数据已更新: L28.582499 -> physical_length=28.582499
2025-09-02 14:50:20.930 | INFO     | Pendulum.PendulumAPP:_processSerialData:121 - 🔄 数据来源: 串口接收 -> PendulumState.physical_length
2025-09-02 14:50:20.974 | INFO     | Pendulum.PendulumAPP:_processSerialData:120 - 📏 串口长度数据已更新: L28.582499 -> physical_length=28.582499
2025-09-02 14:50:20.977 | INFO     | Pendulum.PendulumAPP:_processSerialData:121 - 🔄 数据来源: 串口接收 -> PendulumState.physical_length
2025-09-02 14:50:21.022 | INFO     | Pendulum.PendulumAPP:_processSerialData:120 - 📏 串口长度数据已更新: L28.582499 -> physical_length=28.582499
2025-09-02 14:50:21.022 | INFO     | Pendulum.PendulumAPP:_processSerialData:121 - 🔄 数据来源: 串口接收 -> PendulumState.physical_length
2025-09-02 14:50:21.067 | INFO     | Pendulum.PendulumAPP:_processSerialData:120 - 📏 串口长度数据已更新: L28.582499 -> physical_length=28.582499
2025-09-02 14:50:21.069 | INFO     | Pendulum.PendulumAPP:_processSerialData:121 - 🔄 数据来源: 串口接收 -> PendulumState.physical_length
2025-09-02 14:50:21.113 | INFO     | Pendulum.PendulumAPP:_processSerialData:120 - 📏 串口长度数据已更新: L28.582499 -> physical_length=28.582499
2025-09-02 14:50:21.114 | INFO     | Pendulum.PendulumAPP:_processSerialData:121 - 🔄 数据来源: 串口接收 -> PendulumState.physical_length
2025-09-02 14:50:21.160 | INFO     | Pendulum.PendulumAPP:_processSerialData:120 - 📏 串口长度数据已更新: L28.582499 -> physical_length=28.582499
2025-09-02 14:50:21.161 | INFO     | Pendulum.PendulumAPP:_processSerialData:121 - 🔄 数据来源: 串口接收 -> PendulumState.physical_length
2025-09-02 14:50:21.207 | INFO     | Pendulum.PendulumAPP:_processSerialData:120 - 📏 串口长度数据已更新: L28.582499 -> physical_length=28.582499
2025-09-02 14:50:21.208 | INFO     | Pendulum.PendulumAPP:_processSerialData:121 - 🔄 数据来源: 串口接收 -> PendulumState.physical_length
2025-09-02 14:50:21.253 | INFO     | Pendulum.PendulumAPP:_processSerialData:120 - 📏 串口长度数据已更新: L28.582499 -> physical_length=28.582499
2025-09-02 14:50:21.254 | INFO     | Pendulum.PendulumAPP:_processSerialData:121 - 🔄 数据来源: 串口接收 -> PendulumState.physical_length
2025-09-02 14:50:21.299 | INFO     | Pendulum.PendulumAPP:_processSerialData:120 - 📏 串口长度数据已更新: L28.582499 -> physical_length=28.582499
2025-09-02 14:50:21.301 | INFO     | Pendulum.PendulumAPP:_processSerialData:121 - 🔄 数据来源: 串口接收 -> PendulumState.physical_length
2025-09-02 14:50:21.346 | INFO     | Pendulum.PendulumAPP:_processSerialData:120 - 📏 串口长度数据已更新: L28.582499 -> physical_length=28.582499
2025-09-02 14:50:21.347 | INFO     | Pendulum.PendulumAPP:_processSerialData:121 - 🔄 数据来源: 串口接收 -> PendulumState.physical_length
2025-09-02 14:50:21.394 | INFO     | Pendulum.PendulumAPP:_processSerialData:120 - 📏 串口长度数据已更新: L28.582499 -> physical_length=28.582499
2025-09-02 14:50:21.396 | INFO     | Pendulum.PendulumAPP:_processSerialData:121 - 🔄 数据来源: 串口接收 -> PendulumState.physical_length
2025-09-02 14:50:21.441 | INFO     | Pendulum.PendulumAPP:_processSerialData:120 - 📏 串口长度数据已更新: L28.582499 -> physical_length=28.582499
2025-09-02 14:50:21.442 | INFO     | Pendulum.PendulumAPP:_processSerialData:121 - 🔄 数据来源: 串口接收 -> PendulumState.physical_length
2025-09-02 14:50:21.487 | INFO     | Pendulum.PendulumAPP:_processSerialData:120 - 📏 串口长度数据已更新: L28.582499 -> physical_length=28.582499
2025-09-02 14:50:21.488 | INFO     | Pendulum.PendulumAPP:_processSerialData:121 - 🔄 数据来源: 串口接收 -> PendulumState.physical_length
2025-09-02 14:50:21.532 | INFO     | Pendulum.PendulumAPP:_processSerialData:120 - 📏 串口长度数据已更新: L28.582499 -> physical_length=28.582499
2025-09-02 14:50:21.534 | INFO     | Pendulum.PendulumAPP:_processSerialData:121 - 🔄 数据来源: 串口接收 -> PendulumState.physical_length
2025-09-02 14:50:21.578 | INFO     | Pendulum.PendulumAPP:_processSerialData:120 - 📏 串口长度数据已更新: L28.582499 -> physical_length=28.582499
2025-09-02 14:50:21.581 | INFO     | Pendulum.PendulumAPP:_processSerialData:121 - 🔄 数据来源: 串口接收 -> PendulumState.physical_length
2025-09-02 14:50:21.623 | INFO     | Pendulum.PendulumAPP:_processSerialData:120 - 📏 串口长度数据已更新: L28.582499 -> physical_length=28.582499
2025-09-02 14:50:21.623 | INFO     | Pendulum.PendulumAPP:_processSerialData:121 - 🔄 数据来源: 串口接收 -> PendulumState.physical_length
2025-09-02 14:50:21.671 | INFO     | Pendulum.PendulumAPP:_processSerialData:120 - 📏 串口长度数据已更新: L28.582499 -> physical_length=28.582499
2025-09-02 14:50:21.672 | INFO     | Pendulum.PendulumAPP:_processSerialData:121 - 🔄 数据来源: 串口接收 -> PendulumState.physical_length
2025-09-02 14:50:21.717 | INFO     | Pendulum.PendulumAPP:_processSerialData:120 - 📏 串口长度数据已更新: L28.582499 -> physical_length=28.582499
2025-09-02 14:50:21.717 | INFO     | Pendulum.PendulumAPP:_processSerialData:121 - 🔄 数据来源: 串口接收 -> PendulumState.physical_length
2025-09-02 14:50:21.763 | INFO     | Pendulum.PendulumAPP:_processSerialData:120 - 📏 串口长度数据已更新: L28.582499 -> physical_length=28.582499
2025-09-02 14:50:21.764 | INFO     | Pendulum.PendulumAPP:_processSerialData:121 - 🔄 数据来源: 串口接收 -> PendulumState.physical_length
2025-09-02 14:50:21.810 | INFO     | Pendulum.PendulumAPP:_processSerialData:120 - 📏 串口长度数据已更新: L28.582499 -> physical_length=28.582499
2025-09-02 14:50:21.810 | INFO     | Pendulum.PendulumAPP:_processSerialData:121 - 🔄 数据来源: 串口接收 -> PendulumState.physical_length
2025-09-02 14:50:21.857 | INFO     | Pendulum.PendulumAPP:_processSerialData:120 - 📏 串口长度数据已更新: L28.582499 -> physical_length=28.582499
2025-09-02 14:50:21.858 | INFO     | Pendulum.PendulumAPP:_processSerialData:121 - 🔄 数据来源: 串口接收 -> PendulumState.physical_length
2025-09-02 14:50:21.903 | INFO     | Pendulum.PendulumAPP:_processSerialData:120 - 📏 串口长度数据已更新: L28.582499 -> physical_length=28.582499
2025-09-02 14:50:21.906 | INFO     | Pendulum.PendulumAPP:_processSerialData:121 - 🔄 数据来源: 串口接收 -> PendulumState.physical_length
2025-09-02 14:50:21.947 | INFO     | Pendulum.PendulumAPP:_keyEventWeb:280 - n1
2025-09-02 14:50:21.947 | INFO     | Pendulum.SerialConncet:send:199 - sendn1
2025-09-02 14:50:21.951 | INFO     | Pendulum.SerialConncet:send:201 - [发送] n1
2025-09-02 14:50:21.964 | INFO     | Pendulum.PendulumAPP:_processSerialData:120 - 📏 串口长度数据已更新: L28.582499 -> physical_length=28.582499
2025-09-02 14:50:21.968 | INFO     | Pendulum.PendulumAPP:_processSerialData:121 - 🔄 数据来源: 串口接收 -> PendulumState.physical_length
2025-09-02 14:50:22.011 | INFO     | Pendulum.PendulumAPP:_processSerialData:120 - 📏 串口长度数据已更新: L28.582499 -> physical_length=28.582499
2025-09-02 14:50:22.013 | INFO     | Pendulum.PendulumAPP:_processSerialData:121 - 🔄 数据来源: 串口接收 -> PendulumState.physical_length
2025-09-02 14:50:22.056 | INFO     | Pendulum.PendulumAPP:_processSerialData:120 - 📏 串口长度数据已更新: L28.582499 -> physical_length=28.582499
2025-09-02 14:50:22.057 | INFO     | Pendulum.PendulumAPP:_processSerialData:121 - 🔄 数据来源: 串口接收 -> PendulumState.physical_length
2025-09-02 14:50:22.102 | INFO     | Pendulum.PendulumAPP:_processSerialData:120 - 📏 串口长度数据已更新: L28.582499 -> physical_length=28.582499
2025-09-02 14:50:22.103 | INFO     | Pendulum.PendulumAPP:_processSerialData:121 - 🔄 数据来源: 串口接收 -> PendulumState.physical_length
2025-09-02 14:50:22.142 | INFO     | Pendulum.PendulumAPP:_keyEventWeb:283 - n0
2025-09-02 14:50:22.147 | INFO     | Pendulum.SerialConncet:send:199 - sendn0
2025-09-02 14:50:22.148 | INFO     | Pendulum.SerialConncet:send:201 - [发送] n0
2025-09-02 14:50:22.164 | INFO     | Pendulum.PendulumAPP:_processSerialData:120 - 📏 串口长度数据已更新: L28.582499 -> physical_length=28.582499
2025-09-02 14:50:22.165 | INFO     | Pendulum.PendulumAPP:_processSerialData:121 - 🔄 数据来源: 串口接收 -> PendulumState.physical_length
2025-09-02 14:50:22.226 | INFO     | Pendulum.PendulumAPP:_processSerialData:120 - 📏 串口长度数据已更新: L28.582499 -> physical_length=28.582499
2025-09-02 14:50:22.229 | INFO     | Pendulum.PendulumAPP:_processSerialData:121 - 🔄 数据来源: 串口接收 -> PendulumState.physical_length
2025-09-02 14:50:22.273 | INFO     | Pendulum.PendulumAPP:_processSerialData:120 - 📏 串口长度数据已更新: L28.582499 -> physical_length=28.582499
2025-09-02 14:50:22.274 | INFO     | Pendulum.PendulumAPP:_processSerialData:121 - 🔄 数据来源: 串口接收 -> PendulumState.physical_length
2025-09-02 14:50:22.319 | INFO     | Pendulum.PendulumAPP:_processSerialData:120 - 📏 串口长度数据已更新: L28.582499 -> physical_length=28.582499
2025-09-02 14:50:22.319 | INFO     | Pendulum.PendulumAPP:_processSerialData:121 - 🔄 数据来源: 串口接收 -> PendulumState.physical_length
2025-09-02 14:50:22.365 | INFO     | Pendulum.PendulumAPP:_processSerialData:120 - 📏 串口长度数据已更新: L28.582499 -> physical_length=28.582499
2025-09-02 14:50:22.368 | INFO     | Pendulum.PendulumAPP:_processSerialData:121 - 🔄 数据来源: 串口接收 -> PendulumState.physical_length
2025-09-02 14:50:22.414 | INFO     | Pendulum.PendulumAPP:_processSerialData:120 - 📏 串口长度数据已更新: L28.582499 -> physical_length=28.582499
2025-09-02 14:50:22.417 | INFO     | Pendulum.PendulumAPP:_processSerialData:121 - 🔄 数据来源: 串口接收 -> PendulumState.physical_length
2025-09-02 14:50:22.461 | INFO     | Pendulum.PendulumAPP:_processSerialData:120 - 📏 串口长度数据已更新: L28.582499 -> physical_length=28.582499
2025-09-02 14:50:22.462 | INFO     | Pendulum.PendulumAPP:_processSerialData:121 - 🔄 数据来源: 串口接收 -> PendulumState.physical_length
2025-09-02 14:50:22.506 | INFO     | Pendulum.PendulumAPP:_processSerialData:120 - 📏 串口长度数据已更新: L28.582499 -> physical_length=28.582499
2025-09-02 14:50:22.508 | INFO     | Pendulum.PendulumAPP:_processSerialData:121 - 🔄 数据来源: 串口接收 -> PendulumState.physical_length
2025-09-02 14:50:22.552 | INFO     | Pendulum.PendulumAPP:_processSerialData:120 - 📏 串口长度数据已更新: L28.582499 -> physical_length=28.582499
2025-09-02 14:50:22.553 | INFO     | Pendulum.PendulumAPP:_processSerialData:121 - 🔄 数据来源: 串口接收 -> PendulumState.physical_length
2025-09-02 14:50:22.598 | INFO     | Pendulum.PendulumAPP:_processSerialData:120 - 📏 串口长度数据已更新: L28.582499 -> physical_length=28.582499
2025-09-02 14:50:22.598 | INFO     | Pendulum.PendulumAPP:_processSerialData:121 - 🔄 数据来源: 串口接收 -> PendulumState.physical_length
2025-09-02 14:50:22.645 | INFO     | Pendulum.PendulumAPP:_processSerialData:120 - 📏 串口长度数据已更新: L28.582499 -> physical_length=28.582499
2025-09-02 14:50:22.646 | INFO     | Pendulum.PendulumAPP:_processSerialData:121 - 🔄 数据来源: 串口接收 -> PendulumState.physical_length
2025-09-02 14:50:22.691 | INFO     | Pendulum.PendulumAPP:_processSerialData:120 - 📏 串口长度数据已更新: L28.582499 -> physical_length=28.582499
2025-09-02 14:50:22.692 | INFO     | Pendulum.PendulumAPP:_processSerialData:121 - 🔄 数据来源: 串口接收 -> PendulumState.physical_length
2025-09-02 14:50:22.736 | INFO     | Pendulum.PendulumAPP:_processSerialData:120 - 📏 串口长度数据已更新: L28.582499 -> physical_length=28.582499
2025-09-02 14:50:22.737 | INFO     | Pendulum.PendulumAPP:_processSerialData:121 - 🔄 数据来源: 串口接收 -> PendulumState.physical_length
2025-09-02 14:50:22.784 | INFO     | Pendulum.PendulumAPP:_processSerialData:120 - 📏 串口长度数据已更新: L28.582499 -> physical_length=28.582499
2025-09-02 14:50:22.786 | INFO     | Pendulum.PendulumAPP:_processSerialData:121 - 🔄 数据来源: 串口接收 -> PendulumState.physical_length
2025-09-02 14:50:22.830 | INFO     | Pendulum.PendulumAPP:_processSerialData:120 - 📏 串口长度数据已更新: L28.582499 -> physical_length=28.582499
2025-09-02 14:50:22.830 | INFO     | Pendulum.PendulumAPP:_processSerialData:121 - 🔄 数据来源: 串口接收 -> PendulumState.physical_length
2025-09-02 14:50:22.877 | INFO     | Pendulum.PendulumAPP:_processSerialData:120 - 📏 串口长度数据已更新: L28.582499 -> physical_length=28.582499
2025-09-02 14:50:22.878 | INFO     | Pendulum.PendulumAPP:_processSerialData:121 - 🔄 数据来源: 串口接收 -> PendulumState.physical_length
2025-09-02 14:50:22.925 | INFO     | Pendulum.PendulumAPP:_processSerialData:120 - 📏 串口长度数据已更新: L28.582499 -> physical_length=28.582499
2025-09-02 14:50:22.927 | INFO     | Pendulum.PendulumAPP:_processSerialData:121 - 🔄 数据来源: 串口接收 -> PendulumState.physical_length
2025-09-02 14:50:22.971 | INFO     | Pendulum.PendulumAPP:_processSerialData:120 - 📏 串口长度数据已更新: L28.582499 -> physical_length=28.582499
2025-09-02 14:50:22.972 | INFO     | Pendulum.PendulumAPP:_processSerialData:121 - 🔄 数据来源: 串口接收 -> PendulumState.physical_length
2025-09-02 14:50:23.018 | INFO     | Pendulum.PendulumAPP:_processSerialData:120 - 📏 串口长度数据已更新: L28.582499 -> physical_length=28.582499
2025-09-02 14:50:23.020 | INFO     | Pendulum.PendulumAPP:_processSerialData:121 - 🔄 数据来源: 串口接收 -> PendulumState.physical_length
2025-09-02 14:50:23.064 | INFO     | Pendulum.PendulumAPP:_processSerialData:120 - 📏 串口长度数据已更新: L28.582499 -> physical_length=28.582499
2025-09-02 14:50:23.065 | INFO     | Pendulum.PendulumAPP:_processSerialData:121 - 🔄 数据来源: 串口接收 -> PendulumState.physical_length
2025-09-02 14:50:23.111 | INFO     | Pendulum.PendulumAPP:_processSerialData:120 - 📏 串口长度数据已更新: L28.582499 -> physical_length=28.582499
2025-09-02 14:50:23.113 | INFO     | Pendulum.PendulumAPP:_processSerialData:121 - 🔄 数据来源: 串口接收 -> PendulumState.physical_length
2025-09-02 14:50:23.158 | INFO     | Pendulum.PendulumAPP:_processSerialData:120 - 📏 串口长度数据已更新: L28.582499 -> physical_length=28.582499
2025-09-02 14:50:23.158 | INFO     | Pendulum.PendulumAPP:_processSerialData:121 - 🔄 数据来源: 串口接收 -> PendulumState.physical_length
2025-09-02 14:50:23.204 | INFO     | Pendulum.PendulumAPP:_processSerialData:120 - 📏 串口长度数据已更新: L28.582499 -> physical_length=28.582499
2025-09-02 14:50:23.205 | INFO     | Pendulum.PendulumAPP:_processSerialData:121 - 🔄 数据来源: 串口接收 -> PendulumState.physical_length
2025-09-02 14:50:23.251 | INFO     | Pendulum.PendulumAPP:_processSerialData:120 - 📏 串口长度数据已更新: L28.582499 -> physical_length=28.582499
2025-09-02 14:50:23.252 | INFO     | Pendulum.PendulumAPP:_processSerialData:121 - 🔄 数据来源: 串口接收 -> PendulumState.physical_length
2025-09-02 14:50:23.296 | INFO     | Pendulum.PendulumAPP:_processSerialData:120 - 📏 串口长度数据已更新: L28.582499 -> physical_length=28.582499
2025-09-02 14:50:23.296 | INFO     | Pendulum.PendulumAPP:_processSerialData:121 - 🔄 数据来源: 串口接收 -> PendulumState.physical_length
2025-09-02 14:50:23.347 | INFO     | Pendulum.PendulumAPP:_processSerialData:120 - 📏 串口长度数据已更新: L28.582499 -> physical_length=28.582499
2025-09-02 14:50:23.351 | INFO     | Pendulum.PendulumAPP:_processSerialData:121 - 🔄 数据来源: 串口接收 -> PendulumState.physical_length
2025-09-02 14:50:23.390 | INFO     | Pendulum.PendulumAPP:_processSerialData:120 - 📏 串口长度数据已更新: L28.582499 -> physical_length=28.582499
2025-09-02 14:50:23.391 | INFO     | Pendulum.PendulumAPP:_processSerialData:121 - 🔄 数据来源: 串口接收 -> PendulumState.physical_length
2025-09-02 14:50:23.438 | INFO     | Pendulum.PendulumAPP:_processSerialData:120 - 📏 串口长度数据已更新: L28.582499 -> physical_length=28.582499
2025-09-02 14:50:23.438 | INFO     | Pendulum.PendulumAPP:_processSerialData:121 - 🔄 数据来源: 串口接收 -> PendulumState.physical_length
2025-09-02 14:50:23.485 | INFO     | Pendulum.PendulumAPP:_processSerialData:120 - 📏 串口长度数据已更新: L28.582499 -> physical_length=28.582499
2025-09-02 14:50:23.487 | INFO     | Pendulum.PendulumAPP:_processSerialData:121 - 🔄 数据来源: 串口接收 -> PendulumState.physical_length
2025-09-02 14:50:23.532 | INFO     | Pendulum.PendulumAPP:_processSerialData:120 - 📏 串口长度数据已更新: L28.582499 -> physical_length=28.582499
2025-09-02 14:50:23.533 | INFO     | Pendulum.PendulumAPP:_processSerialData:121 - 🔄 数据来源: 串口接收 -> PendulumState.physical_length
2025-09-02 14:50:23.577 | INFO     | Pendulum.PendulumAPP:_processSerialData:120 - 📏 串口长度数据已更新: L28.582499 -> physical_length=28.582499
2025-09-02 14:50:23.578 | INFO     | Pendulum.PendulumAPP:_processSerialData:121 - 🔄 数据来源: 串口接收 -> PendulumState.physical_length
2025-09-02 14:50:23.624 | INFO     | Pendulum.PendulumAPP:_processSerialData:120 - 📏 串口长度数据已更新: L28.582499 -> physical_length=28.582499
2025-09-02 14:50:23.625 | INFO     | Pendulum.PendulumAPP:_processSerialData:121 - 🔄 数据来源: 串口接收 -> PendulumState.physical_length
2025-09-02 14:50:23.670 | INFO     | Pendulum.PendulumAPP:_processSerialData:120 - 📏 串口长度数据已更新: L28.582499 -> physical_length=28.582499
2025-09-02 14:50:23.671 | INFO     | Pendulum.PendulumAPP:_processSerialData:121 - 🔄 数据来源: 串口接收 -> PendulumState.physical_length
2025-09-02 14:50:23.716 | INFO     | Pendulum.PendulumAPP:_processSerialData:120 - 📏 串口长度数据已更新: L28.582499 -> physical_length=28.582499
2025-09-02 14:50:23.717 | INFO     | Pendulum.PendulumAPP:_processSerialData:121 - 🔄 数据来源: 串口接收 -> PendulumState.physical_length
2025-09-02 14:50:23.762 | INFO     | Pendulum.PendulumAPP:_processSerialData:120 - 📏 串口长度数据已更新: L28.582499 -> physical_length=28.582499
2025-09-02 14:50:23.763 | INFO     | Pendulum.PendulumAPP:_processSerialData:121 - 🔄 数据来源: 串口接收 -> PendulumState.physical_length
2025-09-02 14:50:23.809 | INFO     | Pendulum.PendulumAPP:_processSerialData:120 - 📏 串口长度数据已更新: L28.582499 -> physical_length=28.582499
2025-09-02 14:50:23.811 | INFO     | Pendulum.PendulumAPP:_processSerialData:121 - 🔄 数据来源: 串口接收 -> PendulumState.physical_length
2025-09-02 14:50:23.855 | INFO     | Pendulum.PendulumAPP:_processSerialData:120 - 📏 串口长度数据已更新: L28.582499 -> physical_length=28.582499
2025-09-02 14:50:23.856 | INFO     | Pendulum.PendulumAPP:_processSerialData:121 - 🔄 数据来源: 串口接收 -> PendulumState.physical_length
2025-09-02 14:50:23.902 | INFO     | Pendulum.PendulumAPP:_processSerialData:120 - 📏 串口长度数据已更新: L28.582499 -> physical_length=28.582499
2025-09-02 14:50:23.903 | INFO     | Pendulum.PendulumAPP:_processSerialData:121 - 🔄 数据来源: 串口接收 -> PendulumState.physical_length
2025-09-02 14:50:23.951 | INFO     | Pendulum.PendulumAPP:_processSerialData:120 - 📏 串口长度数据已更新: L28.582499 -> physical_length=28.582499
2025-09-02 14:50:23.954 | INFO     | Pendulum.PendulumAPP:_processSerialData:121 - 🔄 数据来源: 串口接收 -> PendulumState.physical_length
2025-09-02 14:50:23.996 | INFO     | Pendulum.PendulumAPP:_processSerialData:120 - 📏 串口长度数据已更新: L28.582499 -> physical_length=28.582499
2025-09-02 14:50:23.998 | INFO     | Pendulum.PendulumAPP:_processSerialData:121 - 🔄 数据来源: 串口接收 -> PendulumState.physical_length
2025-09-02 14:50:24.043 | INFO     | Pendulum.PendulumAPP:_processSerialData:120 - 📏 串口长度数据已更新: L28.582499 -> physical_length=28.582499
2025-09-02 14:50:24.047 | INFO     | Pendulum.PendulumAPP:_processSerialData:121 - 🔄 数据来源: 串口接收 -> PendulumState.physical_length
2025-09-02 14:50:24.089 | INFO     | Pendulum.PendulumAPP:_processSerialData:120 - 📏 串口长度数据已更新: L28.582499 -> physical_length=28.582499
2025-09-02 14:50:24.090 | INFO     | Pendulum.PendulumAPP:_processSerialData:121 - 🔄 数据来源: 串口接收 -> PendulumState.physical_length
2025-09-02 14:50:24.137 | INFO     | Pendulum.PendulumAPP:_processSerialData:120 - 📏 串口长度数据已更新: L28.582499 -> physical_length=28.582499
2025-09-02 14:50:24.138 | INFO     | Pendulum.PendulumAPP:_processSerialData:121 - 🔄 数据来源: 串口接收 -> PendulumState.physical_length
2025-09-02 14:50:24.184 | INFO     | Pendulum.PendulumAPP:_processSerialData:120 - 📏 串口长度数据已更新: L28.582499 -> physical_length=28.582499
2025-09-02 14:50:24.184 | INFO     | Pendulum.PendulumAPP:_processSerialData:121 - 🔄 数据来源: 串口接收 -> PendulumState.physical_length
2025-09-02 14:50:24.230 | INFO     | Pendulum.PendulumAPP:_processSerialData:120 - 📏 串口长度数据已更新: L28.582499 -> physical_length=28.582499
2025-09-02 14:50:24.232 | INFO     | Pendulum.PendulumAPP:_processSerialData:121 - 🔄 数据来源: 串口接收 -> PendulumState.physical_length
2025-09-02 14:50:24.276 | INFO     | Pendulum.PendulumAPP:_processSerialData:120 - 📏 串口长度数据已更新: L28.582499 -> physical_length=28.582499
2025-09-02 14:50:24.276 | INFO     | Pendulum.PendulumAPP:_processSerialData:121 - 🔄 数据来源: 串口接收 -> PendulumState.physical_length
2025-09-02 14:50:24.323 | INFO     | Pendulum.PendulumAPP:_processSerialData:120 - 📏 串口长度数据已更新: L28.582499 -> physical_length=28.582499
2025-09-02 14:50:24.324 | INFO     | Pendulum.PendulumAPP:_processSerialData:121 - 🔄 数据来源: 串口接收 -> PendulumState.physical_length
2025-09-02 14:50:24.369 | INFO     | Pendulum.PendulumAPP:_processSerialData:120 - 📏 串口长度数据已更新: L28.582499 -> physical_length=28.582499
2025-09-02 14:50:24.372 | INFO     | Pendulum.PendulumAPP:_processSerialData:121 - 🔄 数据来源: 串口接收 -> PendulumState.physical_length
2025-09-02 14:50:24.415 | INFO     | Pendulum.PendulumAPP:_processSerialData:120 - 📏 串口长度数据已更新: L28.582499 -> physical_length=28.582499
2025-09-02 14:50:24.416 | INFO     | Pendulum.PendulumAPP:_processSerialData:121 - 🔄 数据来源: 串口接收 -> PendulumState.physical_length
2025-09-02 14:50:24.460 | INFO     | Pendulum.PendulumAPP:_processSerialData:120 - 📏 串口长度数据已更新: L28.582499 -> physical_length=28.582499
2025-09-02 14:50:24.464 | INFO     | Pendulum.PendulumAPP:_processSerialData:121 - 🔄 数据来源: 串口接收 -> PendulumState.physical_length
2025-09-02 14:50:24.508 | INFO     | Pendulum.PendulumAPP:_processSerialData:120 - 📏 串口长度数据已更新: L28.582499 -> physical_length=28.582499
2025-09-02 14:50:24.508 | INFO     | Pendulum.PendulumAPP:_processSerialData:121 - 🔄 数据来源: 串口接收 -> PendulumState.physical_length
2025-09-02 14:50:24.554 | INFO     | Pendulum.PendulumAPP:_processSerialData:120 - 📏 串口长度数据已更新: L28.582499 -> physical_length=28.582499
2025-09-02 14:50:24.557 | INFO     | Pendulum.PendulumAPP:_processSerialData:121 - 🔄 数据来源: 串口接收 -> PendulumState.physical_length
2025-09-02 14:50:24.600 | INFO     | Pendulum.PendulumAPP:_processSerialData:120 - 📏 串口长度数据已更新: L28.582499 -> physical_length=28.582499
2025-09-02 14:50:24.601 | INFO     | Pendulum.PendulumAPP:_processSerialData:121 - 🔄 数据来源: 串口接收 -> PendulumState.physical_length
2025-09-02 14:50:24.646 | INFO     | Pendulum.PendulumAPP:_processSerialData:120 - 📏 串口长度数据已更新: L28.582499 -> physical_length=28.582499
2025-09-02 14:50:24.650 | INFO     | Pendulum.PendulumAPP:_processSerialData:121 - 🔄 数据来源: 串口接收 -> PendulumState.physical_length
2025-09-02 14:50:24.692 | INFO     | Pendulum.PendulumAPP:_processSerialData:120 - 📏 串口长度数据已更新: L28.582499 -> physical_length=28.582499
2025-09-02 14:50:24.693 | INFO     | Pendulum.PendulumAPP:_processSerialData:121 - 🔄 数据来源: 串口接收 -> PendulumState.physical_length
2025-09-02 14:50:24.738 | INFO     | Pendulum.PendulumAPP:_processSerialData:120 - 📏 串口长度数据已更新: L28.582499 -> physical_length=28.582499
2025-09-02 14:50:24.740 | INFO     | Pendulum.PendulumAPP:_processSerialData:121 - 🔄 数据来源: 串口接收 -> PendulumState.physical_length
2025-09-02 14:50:24.784 | INFO     | Pendulum.PendulumAPP:_processSerialData:120 - 📏 串口长度数据已更新: L28.582499 -> physical_length=28.582499
2025-09-02 14:50:24.784 | INFO     | Pendulum.PendulumAPP:_processSerialData:121 - 🔄 数据来源: 串口接收 -> PendulumState.physical_length
2025-09-02 14:50:24.829 | INFO     | Pendulum.PendulumAPP:_processSerialData:120 - 📏 串口长度数据已更新: L28.582499 -> physical_length=28.582499
2025-09-02 14:50:24.831 | INFO     | Pendulum.PendulumAPP:_processSerialData:121 - 🔄 数据来源: 串口接收 -> PendulumState.physical_length
2025-09-02 14:50:24.875 | INFO     | Pendulum.PendulumAPP:_processSerialData:120 - 📏 串口长度数据已更新: L28.582499 -> physical_length=28.582499
2025-09-02 14:50:24.878 | INFO     | Pendulum.PendulumAPP:_processSerialData:121 - 🔄 数据来源: 串口接收 -> PendulumState.physical_length
2025-09-02 14:50:24.922 | INFO     | Pendulum.PendulumAPP:_processSerialData:120 - 📏 串口长度数据已更新: L28.582499 -> physical_length=28.582499
2025-09-02 14:50:24.927 | INFO     | Pendulum.PendulumAPP:_processSerialData:121 - 🔄 数据来源: 串口接收 -> PendulumState.physical_length
2025-09-02 14:50:24.968 | INFO     | Pendulum.PendulumAPP:_processSerialData:120 - 📏 串口长度数据已更新: L28.582499 -> physical_length=28.582499
2025-09-02 14:50:24.969 | INFO     | Pendulum.PendulumAPP:_processSerialData:121 - 🔄 数据来源: 串口接收 -> PendulumState.physical_length
2025-09-02 14:50:25.015 | INFO     | Pendulum.PendulumAPP:_processSerialData:120 - 📏 串口长度数据已更新: L28.582499 -> physical_length=28.582499
2025-09-02 14:50:25.016 | INFO     | Pendulum.PendulumAPP:_processSerialData:121 - 🔄 数据来源: 串口接收 -> PendulumState.physical_length
2025-09-02 14:50:25.061 | INFO     | Pendulum.PendulumAPP:_processSerialData:120 - 📏 串口长度数据已更新: L28.582499 -> physical_length=28.582499
2025-09-02 14:50:25.061 | INFO     | Pendulum.PendulumAPP:_processSerialData:121 - 🔄 数据来源: 串口接收 -> PendulumState.physical_length
2025-09-02 14:50:25.108 | INFO     | Pendulum.PendulumAPP:_processSerialData:120 - 📏 串口长度数据已更新: L28.582499 -> physical_length=28.582499
2025-09-02 14:50:25.110 | INFO     | Pendulum.PendulumAPP:_processSerialData:121 - 🔄 数据来源: 串口接收 -> PendulumState.physical_length
2025-09-02 14:50:25.154 | INFO     | Pendulum.PendulumAPP:_processSerialData:120 - 📏 串口长度数据已更新: L28.582499 -> physical_length=28.582499
2025-09-02 14:50:25.155 | INFO     | Pendulum.PendulumAPP:_processSerialData:121 - 🔄 数据来源: 串口接收 -> PendulumState.physical_length
2025-09-02 14:50:25.200 | INFO     | Pendulum.PendulumAPP:_processSerialData:120 - 📏 串口长度数据已更新: L28.582499 -> physical_length=28.582499
2025-09-02 14:50:25.201 | INFO     | Pendulum.PendulumAPP:_processSerialData:121 - 🔄 数据来源: 串口接收 -> PendulumState.physical_length
2025-09-02 14:50:25.248 | INFO     | Pendulum.PendulumAPP:_processSerialData:120 - 📏 串口长度数据已更新: L28.582499 -> physical_length=28.582499
2025-09-02 14:50:25.249 | INFO     | Pendulum.PendulumAPP:_processSerialData:121 - 🔄 数据来源: 串口接收 -> PendulumState.physical_length
2025-09-02 14:50:25.293 | INFO     | Pendulum.PendulumAPP:_processSerialData:120 - 📏 串口长度数据已更新: L28.582499 -> physical_length=28.582499
2025-09-02 14:50:25.294 | INFO     | Pendulum.PendulumAPP:_processSerialData:121 - 🔄 数据来源: 串口接收 -> PendulumState.physical_length
2025-09-02 14:50:25.340 | INFO     | Pendulum.PendulumAPP:_processSerialData:120 - 📏 串口长度数据已更新: L28.582499 -> physical_length=28.582499
2025-09-02 14:50:25.344 | INFO     | Pendulum.PendulumAPP:_processSerialData:121 - 🔄 数据来源: 串口接收 -> PendulumState.physical_length
2025-09-02 14:50:25.387 | INFO     | Pendulum.PendulumAPP:_processSerialData:120 - 📏 串口长度数据已更新: L28.582499 -> physical_length=28.582499
2025-09-02 14:50:25.388 | INFO     | Pendulum.PendulumAPP:_processSerialData:121 - 🔄 数据来源: 串口接收 -> PendulumState.physical_length
2025-09-02 14:50:25.433 | INFO     | Pendulum.PendulumAPP:_processSerialData:120 - 📏 串口长度数据已更新: L28.582499 -> physical_length=28.582499
2025-09-02 14:50:25.434 | INFO     | Pendulum.PendulumAPP:_processSerialData:121 - 🔄 数据来源: 串口接收 -> PendulumState.physical_length
2025-09-02 14:50:25.479 | INFO     | Pendulum.PendulumAPP:_processSerialData:120 - 📏 串口长度数据已更新: L28.582499 -> physical_length=28.582499
2025-09-02 14:50:25.480 | INFO     | Pendulum.PendulumAPP:_processSerialData:121 - 🔄 数据来源: 串口接收 -> PendulumState.physical_length
2025-09-02 14:50:25.526 | INFO     | Pendulum.PendulumAPP:_processSerialData:120 - 📏 串口长度数据已更新: L28.582499 -> physical_length=28.582499
2025-09-02 14:50:25.526 | INFO     | Pendulum.PendulumAPP:_processSerialData:121 - 🔄 数据来源: 串口接收 -> PendulumState.physical_length
2025-09-02 14:50:25.573 | INFO     | Pendulum.PendulumAPP:_processSerialData:120 - 📏 串口长度数据已更新: L28.582499 -> physical_length=28.582499
2025-09-02 14:50:25.574 | INFO     | Pendulum.PendulumAPP:_processSerialData:121 - 🔄 数据来源: 串口接收 -> PendulumState.physical_length
2025-09-02 14:50:25.620 | INFO     | Pendulum.PendulumAPP:_processSerialData:120 - 📏 串口长度数据已更新: L28.582499 -> physical_length=28.582499
2025-09-02 14:50:25.621 | INFO     | Pendulum.PendulumAPP:_processSerialData:121 - 🔄 数据来源: 串口接收 -> PendulumState.physical_length
2025-09-02 14:50:25.665 | INFO     | Pendulum.PendulumAPP:_processSerialData:120 - 📏 串口长度数据已更新: L28.582499 -> physical_length=28.582499
2025-09-02 14:50:25.666 | INFO     | Pendulum.PendulumAPP:_processSerialData:121 - 🔄 数据来源: 串口接收 -> PendulumState.physical_length
2025-09-02 14:50:25.713 | INFO     | Pendulum.PendulumAPP:_processSerialData:120 - 📏 串口长度数据已更新: L28.582499 -> physical_length=28.582499
2025-09-02 14:50:25.714 | INFO     | Pendulum.PendulumAPP:_processSerialData:121 - 🔄 数据来源: 串口接收 -> PendulumState.physical_length
2025-09-02 14:50:25.759 | INFO     | Pendulum.PendulumAPP:_processSerialData:120 - 📏 串口长度数据已更新: L28.582499 -> physical_length=28.582499
2025-09-02 14:50:25.760 | INFO     | Pendulum.PendulumAPP:_processSerialData:121 - 🔄 数据来源: 串口接收 -> PendulumState.physical_length
2025-09-02 14:50:25.805 | INFO     | Pendulum.PendulumAPP:_processSerialData:120 - 📏 串口长度数据已更新: L28.582499 -> physical_length=28.582499
2025-09-02 14:50:25.808 | INFO     | Pendulum.PendulumAPP:_processSerialData:121 - 🔄 数据来源: 串口接收 -> PendulumState.physical_length
2025-09-02 14:50:25.850 | INFO     | Pendulum.PendulumAPP:_processSerialData:120 - 📏 串口长度数据已更新: L28.582499 -> physical_length=28.582499
2025-09-02 14:50:25.854 | INFO     | Pendulum.PendulumAPP:_processSerialData:121 - 🔄 数据来源: 串口接收 -> PendulumState.physical_length
2025-09-02 14:50:25.897 | INFO     | Pendulum.PendulumAPP:_processSerialData:120 - 📏 串口长度数据已更新: L28.582499 -> physical_length=28.582499
2025-09-02 14:50:25.897 | INFO     | Pendulum.PendulumAPP:_processSerialData:121 - 🔄 数据来源: 串口接收 -> PendulumState.physical_length
2025-09-02 14:50:25.944 | INFO     | Pendulum.PendulumAPP:_processSerialData:120 - 📏 串口长度数据已更新: L28.582499 -> physical_length=28.582499
2025-09-02 14:50:25.945 | INFO     | Pendulum.PendulumAPP:_processSerialData:121 - 🔄 数据来源: 串口接收 -> PendulumState.physical_length
2025-09-02 14:50:25.989 | INFO     | Pendulum.PendulumAPP:_processSerialData:120 - 📏 串口长度数据已更新: L28.582499 -> physical_length=28.582499
2025-09-02 14:50:25.993 | INFO     | Pendulum.PendulumAPP:_processSerialData:121 - 🔄 数据来源: 串口接收 -> PendulumState.physical_length
2025-09-02 14:50:26.036 | INFO     | Pendulum.PendulumAPP:_processSerialData:120 - 📏 串口长度数据已更新: L28.582499 -> physical_length=28.582499
2025-09-02 14:50:26.037 | INFO     | Pendulum.PendulumAPP:_processSerialData:121 - 🔄 数据来源: 串口接收 -> PendulumState.physical_length
2025-09-02 14:50:26.082 | INFO     | Pendulum.PendulumAPP:_processSerialData:120 - 📏 串口长度数据已更新: L28.582499 -> physical_length=28.582499
2025-09-02 14:50:26.083 | INFO     | Pendulum.PendulumAPP:_processSerialData:121 - 🔄 数据来源: 串口接收 -> PendulumState.physical_length
2025-09-02 14:50:26.129 | INFO     | Pendulum.PendulumAPP:_processSerialData:120 - 📏 串口长度数据已更新: L28.582499 -> physical_length=28.582499
2025-09-02 14:50:26.129 | INFO     | Pendulum.PendulumAPP:_processSerialData:121 - 🔄 数据来源: 串口接收 -> PendulumState.physical_length
2025-09-02 14:50:26.176 | INFO     | Pendulum.PendulumAPP:_processSerialData:120 - 📏 串口长度数据已更新: L28.582499 -> physical_length=28.582499
2025-09-02 14:50:26.179 | INFO     | Pendulum.PendulumAPP:_processSerialData:121 - 🔄 数据来源: 串口接收 -> PendulumState.physical_length
2025-09-02 14:50:26.222 | INFO     | Pendulum.PendulumAPP:_processSerialData:120 - 📏 串口长度数据已更新: L28.582499 -> physical_length=28.582499
2025-09-02 14:50:26.223 | INFO     | Pendulum.PendulumAPP:_processSerialData:121 - 🔄 数据来源: 串口接收 -> PendulumState.physical_length
2025-09-02 14:50:26.267 | INFO     | Pendulum.PendulumAPP:_processSerialData:120 - 📏 串口长度数据已更新: L28.582499 -> physical_length=28.582499
2025-09-02 14:50:26.270 | INFO     | Pendulum.PendulumAPP:_processSerialData:121 - 🔄 数据来源: 串口接收 -> PendulumState.physical_length
2025-09-02 14:50:26.315 | INFO     | Pendulum.PendulumAPP:_processSerialData:120 - 📏 串口长度数据已更新: L28.582499 -> physical_length=28.582499
2025-09-02 14:50:26.317 | INFO     | Pendulum.PendulumAPP:_processSerialData:121 - 🔄 数据来源: 串口接收 -> PendulumState.physical_length
2025-09-02 14:50:26.362 | INFO     | Pendulum.PendulumAPP:_processSerialData:120 - 📏 串口长度数据已更新: L28.582499 -> physical_length=28.582499
2025-09-02 14:50:26.363 | INFO     | Pendulum.PendulumAPP:_processSerialData:121 - 🔄 数据来源: 串口接收 -> PendulumState.physical_length
2025-09-02 14:50:26.409 | INFO     | Pendulum.PendulumAPP:_processSerialData:120 - 📏 串口长度数据已更新: L28.582499 -> physical_length=28.582499
2025-09-02 14:50:26.410 | INFO     | Pendulum.PendulumAPP:_processSerialData:121 - 🔄 数据来源: 串口接收 -> PendulumState.physical_length
2025-09-02 14:50:26.455 | INFO     | Pendulum.PendulumAPP:_processSerialData:120 - 📏 串口长度数据已更新: L28.582499 -> physical_length=28.582499
2025-09-02 14:50:26.456 | INFO     | Pendulum.PendulumAPP:_processSerialData:121 - 🔄 数据来源: 串口接收 -> PendulumState.physical_length
2025-09-02 14:50:26.502 | INFO     | Pendulum.PendulumAPP:_processSerialData:120 - 📏 串口长度数据已更新: L28.582499 -> physical_length=28.582499
2025-09-02 14:50:26.504 | INFO     | Pendulum.PendulumAPP:_processSerialData:121 - 🔄 数据来源: 串口接收 -> PendulumState.physical_length
2025-09-02 14:50:26.550 | INFO     | Pendulum.PendulumAPP:_processSerialData:120 - 📏 串口长度数据已更新: L28.582499 -> physical_length=28.582499
2025-09-02 14:50:26.552 | INFO     | Pendulum.PendulumAPP:_processSerialData:121 - 🔄 数据来源: 串口接收 -> PendulumState.physical_length
2025-09-02 14:50:26.587 | INFO     | Pendulum.PendulumAPP:_keyEventWeb:280 - n1
2025-09-02 14:50:26.587 | INFO     | Pendulum.SerialConncet:send:199 - sendn1
2025-09-02 14:50:26.589 | INFO     | Pendulum.SerialConncet:send:201 - [发送] n1
2025-09-02 14:50:26.596 | INFO     | Pendulum.PendulumAPP:_processSerialData:120 - 📏 串口长度数据已更新: L28.582499 -> physical_length=28.582499
2025-09-02 14:50:26.597 | INFO     | Pendulum.PendulumAPP:_processSerialData:121 - 🔄 数据来源: 串口接收 -> PendulumState.physical_length
2025-09-02 14:50:26.642 | INFO     | Pendulum.PendulumAPP:_processSerialData:120 - 📏 串口长度数据已更新: L28.582499 -> physical_length=28.582499
2025-09-02 14:50:26.643 | INFO     | Pendulum.PendulumAPP:_processSerialData:121 - 🔄 数据来源: 串口接收 -> PendulumState.physical_length
2025-09-02 14:50:26.689 | INFO     | Pendulum.PendulumAPP:_processSerialData:120 - 📏 串口长度数据已更新: L28.582499 -> physical_length=28.582499
2025-09-02 14:50:26.690 | INFO     | Pendulum.PendulumAPP:_processSerialData:121 - 🔄 数据来源: 串口接收 -> PendulumState.physical_length
2025-09-02 14:50:26.735 | INFO     | Pendulum.PendulumAPP:_processSerialData:120 - 📏 串口长度数据已更新: L28.582499 -> physical_length=28.582499
2025-09-02 14:50:26.736 | INFO     | Pendulum.PendulumAPP:_processSerialData:121 - 🔄 数据来源: 串口接收 -> PendulumState.physical_length
2025-09-02 14:50:26.783 | INFO     | Pendulum.PendulumAPP:_processSerialData:120 - 📏 串口长度数据已更新: L28.582499 -> physical_length=28.582499
2025-09-02 14:50:26.785 | INFO     | Pendulum.PendulumAPP:_processSerialData:121 - 🔄 数据来源: 串口接收 -> PendulumState.physical_length
2025-09-02 14:50:26.826 | INFO     | Pendulum.PendulumAPP:_processSerialData:120 - 📏 串口长度数据已更新: L28.582499 -> physical_length=28.582499
2025-09-02 14:50:26.829 | INFO     | Pendulum.PendulumAPP:_processSerialData:121 - 🔄 数据来源: 串口接收 -> PendulumState.physical_length
2025-09-02 14:50:26.873 | INFO     | Pendulum.PendulumAPP:_processSerialData:120 - 📏 串口长度数据已更新: L28.582499 -> physical_length=28.582499
2025-09-02 14:50:26.875 | INFO     | Pendulum.PendulumAPP:_processSerialData:121 - 🔄 数据来源: 串口接收 -> PendulumState.physical_length
2025-09-02 14:50:26.920 | INFO     | Pendulum.PendulumAPP:_processSerialData:120 - 📏 串口长度数据已更新: L28.582499 -> physical_length=28.582499
2025-09-02 14:50:26.921 | INFO     | Pendulum.PendulumAPP:_processSerialData:121 - 🔄 数据来源: 串口接收 -> PendulumState.physical_length
2025-09-02 14:50:26.968 | INFO     | Pendulum.PendulumAPP:_processSerialData:120 - 📏 串口长度数据已更新: L28.582499 -> physical_length=28.582499
2025-09-02 14:50:26.969 | INFO     | Pendulum.PendulumAPP:_processSerialData:121 - 🔄 数据来源: 串口接收 -> PendulumState.physical_length
2025-09-02 14:50:27.015 | INFO     | Pendulum.PendulumAPP:_processSerialData:120 - 📏 串口长度数据已更新: L28.582499 -> physical_length=28.582499
2025-09-02 14:50:27.015 | INFO     | Pendulum.PendulumAPP:_processSerialData:121 - 🔄 数据来源: 串口接收 -> PendulumState.physical_length
2025-09-02 14:50:27.061 | INFO     | Pendulum.PendulumAPP:_processSerialData:120 - 📏 串口长度数据已更新: L28.582499 -> physical_length=28.582499
2025-09-02 14:50:27.062 | INFO     | Pendulum.PendulumAPP:_processSerialData:121 - 🔄 数据来源: 串口接收 -> PendulumState.physical_length
2025-09-02 14:50:27.108 | INFO     | Pendulum.PendulumAPP:_processSerialData:120 - 📏 串口长度数据已更新: L28.582499 -> physical_length=28.582499
2025-09-02 14:50:27.109 | INFO     | Pendulum.PendulumAPP:_processSerialData:121 - 🔄 数据来源: 串口接收 -> PendulumState.physical_length
2025-09-02 14:50:27.155 | INFO     | Pendulum.PendulumAPP:_processSerialData:120 - 📏 串口长度数据已更新: L28.582499 -> physical_length=28.582499
2025-09-02 14:50:27.155 | INFO     | Pendulum.PendulumAPP:_processSerialData:121 - 🔄 数据来源: 串口接收 -> PendulumState.physical_length
2025-09-02 14:50:27.200 | INFO     | Pendulum.PendulumAPP:_processSerialData:120 - 📏 串口长度数据已更新: L28.582499 -> physical_length=28.582499
2025-09-02 14:50:27.201 | INFO     | Pendulum.PendulumAPP:_processSerialData:121 - 🔄 数据来源: 串口接收 -> PendulumState.physical_length
2025-09-02 14:50:27.246 | INFO     | Pendulum.PendulumAPP:_processSerialData:120 - 📏 串口长度数据已更新: L28.582499 -> physical_length=28.582499
2025-09-02 14:50:27.248 | INFO     | Pendulum.PendulumAPP:_processSerialData:121 - 🔄 数据来源: 串口接收 -> PendulumState.physical_length
2025-09-02 14:50:27.294 | INFO     | Pendulum.PendulumAPP:_processSerialData:120 - 📏 串口长度数据已更新: L28.582499 -> physical_length=28.582499
2025-09-02 14:50:27.295 | INFO     | Pendulum.PendulumAPP:_processSerialData:121 - 🔄 数据来源: 串口接收 -> PendulumState.physical_length
2025-09-02 14:50:27.342 | INFO     | Pendulum.PendulumAPP:_processSerialData:120 - 📏 串口长度数据已更新: L28.582499 -> physical_length=28.582499
2025-09-02 14:50:27.343 | INFO     | Pendulum.PendulumAPP:_processSerialData:121 - 🔄 数据来源: 串口接收 -> PendulumState.physical_length
2025-09-02 14:50:27.386 | INFO     | Pendulum.PendulumAPP:_processSerialData:120 - 📏 串口长度数据已更新: L28.582499 -> physical_length=28.582499
2025-09-02 14:50:27.389 | INFO     | Pendulum.PendulumAPP:_processSerialData:121 - 🔄 数据来源: 串口接收 -> PendulumState.physical_length
2025-09-02 14:50:27.432 | INFO     | Pendulum.PendulumAPP:_processSerialData:120 - 📏 串口长度数据已更新: L28.582499 -> physical_length=28.582499
2025-09-02 14:50:27.434 | INFO     | Pendulum.PendulumAPP:_processSerialData:121 - 🔄 数据来源: 串口接收 -> PendulumState.physical_length
2025-09-02 14:50:27.479 | INFO     | Pendulum.PendulumAPP:_processSerialData:120 - 📏 串口长度数据已更新: L28.582499 -> physical_length=28.582499
2025-09-02 14:50:27.480 | INFO     | Pendulum.PendulumAPP:_processSerialData:121 - 🔄 数据来源: 串口接收 -> PendulumState.physical_length
2025-09-02 14:50:27.526 | INFO     | Pendulum.PendulumAPP:_processSerialData:120 - 📏 串口长度数据已更新: L28.582499 -> physical_length=28.582499
2025-09-02 14:50:27.526 | INFO     | Pendulum.PendulumAPP:_processSerialData:121 - 🔄 数据来源: 串口接收 -> PendulumState.physical_length
2025-09-02 14:50:27.572 | INFO     | Pendulum.PendulumAPP:_processSerialData:120 - 📏 串口长度数据已更新: L28.582499 -> physical_length=28.582499
2025-09-02 14:50:27.573 | INFO     | Pendulum.PendulumAPP:_processSerialData:121 - 🔄 数据来源: 串口接收 -> PendulumState.physical_length
2025-09-02 14:50:27.618 | INFO     | Pendulum.PendulumAPP:_processSerialData:120 - 📏 串口长度数据已更新: L28.582499 -> physical_length=28.582499
2025-09-02 14:50:27.619 | INFO     | Pendulum.PendulumAPP:_processSerialData:121 - 🔄 数据来源: 串口接收 -> PendulumState.physical_length
2025-09-02 14:50:27.664 | INFO     | Pendulum.PendulumAPP:_processSerialData:120 - 📏 串口长度数据已更新: L28.582499 -> physical_length=28.582499
2025-09-02 14:50:27.664 | INFO     | Pendulum.PendulumAPP:_processSerialData:121 - 🔄 数据来源: 串口接收 -> PendulumState.physical_length
2025-09-02 14:50:27.711 | INFO     | Pendulum.PendulumAPP:_processSerialData:120 - 📏 串口长度数据已更新: L28.582499 -> physical_length=28.582499
2025-09-02 14:50:27.712 | INFO     | Pendulum.PendulumAPP:_processSerialData:121 - 🔄 数据来源: 串口接收 -> PendulumState.physical_length
2025-09-02 14:50:27.755 | INFO     | Pendulum.PendulumAPP:_processSerialData:120 - 📏 串口长度数据已更新: L28.582499 -> physical_length=28.582499
2025-09-02 14:50:27.760 | INFO     | Pendulum.PendulumAPP:_processSerialData:121 - 🔄 数据来源: 串口接收 -> PendulumState.physical_length
2025-09-02 14:50:27.803 | INFO     | Pendulum.PendulumAPP:_processSerialData:120 - 📏 串口长度数据已更新: L28.582499 -> physical_length=28.582499
2025-09-02 14:50:27.804 | INFO     | Pendulum.PendulumAPP:_processSerialData:121 - 🔄 数据来源: 串口接收 -> PendulumState.physical_length
2025-09-02 14:50:27.848 | INFO     | Pendulum.PendulumAPP:_processSerialData:120 - 📏 串口长度数据已更新: L28.582499 -> physical_length=28.582499
2025-09-02 14:50:27.849 | INFO     | Pendulum.PendulumAPP:_processSerialData:121 - 🔄 数据来源: 串口接收 -> PendulumState.physical_length
2025-09-02 14:50:27.894 | INFO     | Pendulum.PendulumAPP:_processSerialData:120 - 📏 串口长度数据已更新: L28.582499 -> physical_length=28.582499
2025-09-02 14:50:27.895 | INFO     | Pendulum.PendulumAPP:_processSerialData:121 - 🔄 数据来源: 串口接收 -> PendulumState.physical_length
2025-09-02 14:50:27.940 | INFO     | Pendulum.PendulumAPP:_processSerialData:120 - 📏 串口长度数据已更新: L28.582499 -> physical_length=28.582499
2025-09-02 14:50:27.941 | INFO     | Pendulum.PendulumAPP:_processSerialData:121 - 🔄 数据来源: 串口接收 -> PendulumState.physical_length
2025-09-02 14:50:27.986 | INFO     | Pendulum.PendulumAPP:_processSerialData:120 - 📏 串口长度数据已更新: L28.582499 -> physical_length=28.582499
2025-09-02 14:50:27.987 | INFO     | Pendulum.PendulumAPP:_processSerialData:121 - 🔄 数据来源: 串口接收 -> PendulumState.physical_length
2025-09-02 14:50:28.033 | INFO     | Pendulum.PendulumAPP:_processSerialData:120 - 📏 串口长度数据已更新: L28.582499 -> physical_length=28.582499
2025-09-02 14:50:28.034 | INFO     | Pendulum.PendulumAPP:_processSerialData:121 - 🔄 数据来源: 串口接收 -> PendulumState.physical_length
2025-09-02 14:50:28.080 | INFO     | Pendulum.PendulumAPP:_processSerialData:120 - 📏 串口长度数据已更新: L28.582499 -> physical_length=28.582499
2025-09-02 14:50:28.082 | INFO     | Pendulum.PendulumAPP:_processSerialData:121 - 🔄 数据来源: 串口接收 -> PendulumState.physical_length
2025-09-02 14:50:28.127 | INFO     | Pendulum.PendulumAPP:_processSerialData:120 - 📏 串口长度数据已更新: L28.582499 -> physical_length=28.582499
2025-09-02 14:50:28.128 | INFO     | Pendulum.PendulumAPP:_processSerialData:121 - 🔄 数据来源: 串口接收 -> PendulumState.physical_length
2025-09-02 14:50:28.173 | INFO     | Pendulum.PendulumAPP:_processSerialData:120 - 📏 串口长度数据已更新: L28.582499 -> physical_length=28.582499
2025-09-02 14:50:28.176 | INFO     | Pendulum.PendulumAPP:_processSerialData:121 - 🔄 数据来源: 串口接收 -> PendulumState.physical_length
2025-09-02 14:50:28.219 | INFO     | Pendulum.PendulumAPP:_processSerialData:120 - 📏 串口长度数据已更新: L28.582499 -> physical_length=28.582499
2025-09-02 14:50:28.222 | INFO     | Pendulum.PendulumAPP:_processSerialData:121 - 🔄 数据来源: 串口接收 -> PendulumState.physical_length
2025-09-02 14:50:28.266 | INFO     | Pendulum.PendulumAPP:_processSerialData:120 - 📏 串口长度数据已更新: L28.582499 -> physical_length=28.582499
2025-09-02 14:50:28.266 | INFO     | Pendulum.PendulumAPP:_processSerialData:121 - 🔄 数据来源: 串口接收 -> PendulumState.physical_length
2025-09-02 14:50:28.313 | INFO     | Pendulum.PendulumAPP:_processSerialData:120 - 📏 串口长度数据已更新: L28.582499 -> physical_length=28.582499
2025-09-02 14:50:28.315 | INFO     | Pendulum.PendulumAPP:_processSerialData:121 - 🔄 数据来源: 串口接收 -> PendulumState.physical_length
2025-09-02 14:50:28.359 | INFO     | Pendulum.PendulumAPP:_processSerialData:120 - 📏 串口长度数据已更新: L28.582499 -> physical_length=28.582499
2025-09-02 14:50:28.361 | INFO     | Pendulum.PendulumAPP:_processSerialData:121 - 🔄 数据来源: 串口接收 -> PendulumState.physical_length
2025-09-02 14:50:28.405 | INFO     | Pendulum.PendulumAPP:_processSerialData:120 - 📏 串口长度数据已更新: L28.582499 -> physical_length=28.582499
2025-09-02 14:50:28.406 | INFO     | Pendulum.PendulumAPP:_processSerialData:121 - 🔄 数据来源: 串口接收 -> PendulumState.physical_length
2025-09-02 14:50:28.452 | INFO     | Pendulum.PendulumAPP:_processSerialData:120 - 📏 串口长度数据已更新: L28.582499 -> physical_length=28.582499
2025-09-02 14:50:28.453 | INFO     | Pendulum.PendulumAPP:_processSerialData:121 - 🔄 数据来源: 串口接收 -> PendulumState.physical_length
2025-09-02 14:50:28.498 | INFO     | Pendulum.PendulumAPP:_processSerialData:120 - 📏 串口长度数据已更新: L28.582499 -> physical_length=28.582499
2025-09-02 14:50:28.499 | INFO     | Pendulum.PendulumAPP:_processSerialData:121 - 🔄 数据来源: 串口接收 -> PendulumState.physical_length
2025-09-02 14:50:28.545 | INFO     | Pendulum.PendulumAPP:_processSerialData:120 - 📏 串口长度数据已更新: L28.582499 -> physical_length=28.582499
2025-09-02 14:50:28.546 | INFO     | Pendulum.PendulumAPP:_processSerialData:121 - 🔄 数据来源: 串口接收 -> PendulumState.physical_length
2025-09-02 14:50:28.593 | INFO     | Pendulum.PendulumAPP:_processSerialData:120 - 📏 串口长度数据已更新: L28.582499 -> physical_length=28.582499
2025-09-02 14:50:28.594 | INFO     | Pendulum.PendulumAPP:_processSerialData:121 - 🔄 数据来源: 串口接收 -> PendulumState.physical_length
2025-09-02 14:50:28.638 | INFO     | Pendulum.PendulumAPP:_processSerialData:120 - 📏 串口长度数据已更新: L28.582499 -> physical_length=28.582499
2025-09-02 14:50:28.639 | INFO     | Pendulum.PendulumAPP:_processSerialData:121 - 🔄 数据来源: 串口接收 -> PendulumState.physical_length
2025-09-02 14:50:28.685 | INFO     | Pendulum.PendulumAPP:_processSerialData:120 - 📏 串口长度数据已更新: L28.582499 -> physical_length=28.582499
2025-09-02 14:50:28.686 | INFO     | Pendulum.PendulumAPP:_processSerialData:121 - 🔄 数据来源: 串口接收 -> PendulumState.physical_length
2025-09-02 14:50:28.731 | INFO     | Pendulum.PendulumAPP:_processSerialData:120 - 📏 串口长度数据已更新: L28.582499 -> physical_length=28.582499
2025-09-02 14:50:28.734 | INFO     | Pendulum.PendulumAPP:_processSerialData:121 - 🔄 数据来源: 串口接收 -> PendulumState.physical_length
2025-09-02 14:50:28.779 | INFO     | Pendulum.PendulumAPP:_processSerialData:120 - 📏 串口长度数据已更新: L28.582499 -> physical_length=28.582499
2025-09-02 14:50:28.779 | INFO     | Pendulum.PendulumAPP:_processSerialData:121 - 🔄 数据来源: 串口接收 -> PendulumState.physical_length
2025-09-02 14:50:28.826 | INFO     | Pendulum.PendulumAPP:_processSerialData:120 - 📏 串口长度数据已更新: L28.582499 -> physical_length=28.582499
2025-09-02 14:50:28.829 | INFO     | Pendulum.PendulumAPP:_processSerialData:121 - 🔄 数据来源: 串口接收 -> PendulumState.physical_length
2025-09-02 14:50:28.873 | INFO     | Pendulum.PendulumAPP:_processSerialData:120 - 📏 串口长度数据已更新: L28.582499 -> physical_length=28.582499
2025-09-02 14:50:28.874 | INFO     | Pendulum.PendulumAPP:_processSerialData:121 - 🔄 数据来源: 串口接收 -> PendulumState.physical_length
2025-09-02 14:50:28.919 | INFO     | Pendulum.PendulumAPP:_processSerialData:120 - 📏 串口长度数据已更新: L28.582499 -> physical_length=28.582499
2025-09-02 14:50:28.920 | INFO     | Pendulum.PendulumAPP:_processSerialData:121 - 🔄 数据来源: 串口接收 -> PendulumState.physical_length
2025-09-02 14:50:28.967 | INFO     | Pendulum.PendulumAPP:_processSerialData:120 - 📏 串口长度数据已更新: L28.582499 -> physical_length=28.582499
2025-09-02 14:50:28.968 | INFO     | Pendulum.PendulumAPP:_processSerialData:121 - 🔄 数据来源: 串口接收 -> PendulumState.physical_length
2025-09-02 14:50:29.014 | INFO     | Pendulum.PendulumAPP:_processSerialData:120 - 📏 串口长度数据已更新: L28.582499 -> physical_length=28.582499
2025-09-02 14:50:29.016 | INFO     | Pendulum.PendulumAPP:_processSerialData:121 - 🔄 数据来源: 串口接收 -> PendulumState.physical_length
2025-09-02 14:50:29.060 | INFO     | Pendulum.PendulumAPP:_processSerialData:120 - 📏 串口长度数据已更新: L28.582499 -> physical_length=28.582499
2025-09-02 14:50:29.061 | INFO     | Pendulum.PendulumAPP:_processSerialData:121 - 🔄 数据来源: 串口接收 -> PendulumState.physical_length
2025-09-02 14:50:29.105 | INFO     | Pendulum.PendulumAPP:_processSerialData:120 - 📏 串口长度数据已更新: L28.582499 -> physical_length=28.582499
2025-09-02 14:50:29.106 | INFO     | Pendulum.PendulumAPP:_processSerialData:121 - 🔄 数据来源: 串口接收 -> PendulumState.physical_length
2025-09-02 14:50:29.150 | INFO     | Pendulum.PendulumAPP:_processSerialData:120 - 📏 串口长度数据已更新: L28.582499 -> physical_length=28.582499
2025-09-02 14:50:29.153 | INFO     | Pendulum.PendulumAPP:_processSerialData:121 - 🔄 数据来源: 串口接收 -> PendulumState.physical_length
2025-09-02 14:50:29.197 | INFO     | Pendulum.PendulumAPP:_processSerialData:120 - 📏 串口长度数据已更新: L28.582499 -> physical_length=28.582499
2025-09-02 14:50:29.199 | INFO     | Pendulum.PendulumAPP:_processSerialData:121 - 🔄 数据来源: 串口接收 -> PendulumState.physical_length
2025-09-02 14:50:29.242 | INFO     | Pendulum.PendulumAPP:_processSerialData:120 - 📏 串口长度数据已更新: L28.582499 -> physical_length=28.582499
2025-09-02 14:50:29.243 | INFO     | Pendulum.PendulumAPP:_processSerialData:121 - 🔄 数据来源: 串口接收 -> PendulumState.physical_length
2025-09-02 14:50:29.289 | INFO     | Pendulum.PendulumAPP:_processSerialData:120 - 📏 串口长度数据已更新: L28.582499 -> physical_length=28.582499
2025-09-02 14:50:29.290 | INFO     | Pendulum.PendulumAPP:_processSerialData:121 - 🔄 数据来源: 串口接收 -> PendulumState.physical_length
2025-09-02 14:50:29.336 | INFO     | Pendulum.PendulumAPP:_processSerialData:120 - 📏 串口长度数据已更新: L28.582499 -> physical_length=28.582499
2025-09-02 14:50:29.340 | INFO     | Pendulum.PendulumAPP:_processSerialData:121 - 🔄 数据来源: 串口接收 -> PendulumState.physical_length
2025-09-02 14:50:29.382 | INFO     | Pendulum.PendulumAPP:_processSerialData:120 - 📏 串口长度数据已更新: L28.582499 -> physical_length=28.582499
2025-09-02 14:50:29.383 | INFO     | Pendulum.PendulumAPP:_processSerialData:121 - 🔄 数据来源: 串口接收 -> PendulumState.physical_length
2025-09-02 14:50:29.428 | INFO     | Pendulum.PendulumAPP:_processSerialData:120 - 📏 串口长度数据已更新: L28.582499 -> physical_length=28.582499
2025-09-02 14:50:29.429 | INFO     | Pendulum.PendulumAPP:_processSerialData:121 - 🔄 数据来源: 串口接收 -> PendulumState.physical_length
2025-09-02 14:50:29.473 | INFO     | Pendulum.PendulumAPP:_processSerialData:120 - 📏 串口长度数据已更新: L28.582499 -> physical_length=28.582499
2025-09-02 14:50:29.474 | INFO     | Pendulum.PendulumAPP:_processSerialData:121 - 🔄 数据来源: 串口接收 -> PendulumState.physical_length
2025-09-02 14:50:29.519 | INFO     | Pendulum.PendulumAPP:_processSerialData:120 - 📏 串口长度数据已更新: L28.582499 -> physical_length=28.582499
2025-09-02 14:50:29.520 | INFO     | Pendulum.PendulumAPP:_processSerialData:121 - 🔄 数据来源: 串口接收 -> PendulumState.physical_length
2025-09-02 14:50:29.568 | INFO     | Pendulum.PendulumAPP:_processSerialData:120 - 📏 串口长度数据已更新: L28.582499 -> physical_length=28.582499
2025-09-02 14:50:29.571 | INFO     | Pendulum.PendulumAPP:_processSerialData:121 - 🔄 数据来源: 串口接收 -> PendulumState.physical_length
2025-09-02 14:50:29.613 | INFO     | Pendulum.PendulumAPP:_processSerialData:120 - 📏 串口长度数据已更新: L28.582499 -> physical_length=28.582499
2025-09-02 14:50:29.615 | INFO     | Pendulum.PendulumAPP:_processSerialData:121 - 🔄 数据来源: 串口接收 -> PendulumState.physical_length
2025-09-02 14:50:29.659 | INFO     | Pendulum.PendulumAPP:_processSerialData:120 - 📏 串口长度数据已更新: L28.582499 -> physical_length=28.582499
2025-09-02 14:50:29.660 | INFO     | Pendulum.PendulumAPP:_processSerialData:121 - 🔄 数据来源: 串口接收 -> PendulumState.physical_length
2025-09-02 14:50:29.705 | INFO     | Pendulum.PendulumAPP:_processSerialData:120 - 📏 串口长度数据已更新: L28.582499 -> physical_length=28.582499
2025-09-02 14:50:29.706 | INFO     | Pendulum.PendulumAPP:_processSerialData:121 - 🔄 数据来源: 串口接收 -> PendulumState.physical_length
2025-09-02 14:50:29.751 | INFO     | Pendulum.PendulumAPP:_processSerialData:120 - 📏 串口长度数据已更新: L28.582499 -> physical_length=28.582499
2025-09-02 14:50:29.752 | INFO     | Pendulum.PendulumAPP:_processSerialData:121 - 🔄 数据来源: 串口接收 -> PendulumState.physical_length
2025-09-02 14:50:29.798 | INFO     | Pendulum.PendulumAPP:_processSerialData:120 - 📏 串口长度数据已更新: L28.582499 -> physical_length=28.582499
2025-09-02 14:50:29.799 | INFO     | Pendulum.PendulumAPP:_processSerialData:121 - 🔄 数据来源: 串口接收 -> PendulumState.physical_length
2025-09-02 14:50:29.845 | INFO     | Pendulum.PendulumAPP:_processSerialData:120 - 📏 串口长度数据已更新: L28.582499 -> physical_length=28.582499
2025-09-02 14:50:29.846 | INFO     | Pendulum.PendulumAPP:_processSerialData:121 - 🔄 数据来源: 串口接收 -> PendulumState.physical_length
2025-09-02 14:50:29.891 | INFO     | Pendulum.PendulumAPP:_processSerialData:120 - 📏 串口长度数据已更新: L28.582499 -> physical_length=28.582499
2025-09-02 14:50:29.891 | INFO     | Pendulum.PendulumAPP:_processSerialData:121 - 🔄 数据来源: 串口接收 -> PendulumState.physical_length
2025-09-02 14:50:29.937 | INFO     | Pendulum.PendulumAPP:_processSerialData:120 - 📏 串口长度数据已更新: L28.582499 -> physical_length=28.582499
2025-09-02 14:50:29.938 | INFO     | Pendulum.PendulumAPP:_processSerialData:121 - 🔄 数据来源: 串口接收 -> PendulumState.physical_length
2025-09-02 14:50:29.984 | INFO     | Pendulum.PendulumAPP:_processSerialData:120 - 📏 串口长度数据已更新: L28.582499 -> physical_length=28.582499
2025-09-02 14:50:29.985 | INFO     | Pendulum.PendulumAPP:_processSerialData:121 - 🔄 数据来源: 串口接收 -> PendulumState.physical_length
2025-09-02 14:50:30.030 | INFO     | Pendulum.PendulumAPP:_processSerialData:120 - 📏 串口长度数据已更新: L28.582499 -> physical_length=28.582499
2025-09-02 14:50:30.031 | INFO     | Pendulum.PendulumAPP:_processSerialData:121 - 🔄 数据来源: 串口接收 -> PendulumState.physical_length
2025-09-02 14:50:30.077 | INFO     | Pendulum.PendulumAPP:_processSerialData:120 - 📏 串口长度数据已更新: L28.582499 -> physical_length=28.582499
2025-09-02 14:50:30.079 | INFO     | Pendulum.PendulumAPP:_processSerialData:121 - 🔄 数据来源: 串口接收 -> PendulumState.physical_length
2025-09-02 14:50:30.127 | INFO     | Pendulum.PendulumAPP:_processSerialData:120 - 📏 串口长度数据已更新: L28.582499 -> physical_length=28.582499
2025-09-02 14:50:30.129 | INFO     | Pendulum.PendulumAPP:_processSerialData:121 - 🔄 数据来源: 串口接收 -> PendulumState.physical_length
2025-09-02 14:50:30.169 | INFO     | Pendulum.PendulumAPP:_processSerialData:120 - 📏 串口长度数据已更新: L28.582499 -> physical_length=28.582499
2025-09-02 14:50:30.170 | INFO     | Pendulum.PendulumAPP:_processSerialData:121 - 🔄 数据来源: 串口接收 -> PendulumState.physical_length
2025-09-02 14:50:30.216 | INFO     | Pendulum.PendulumAPP:_processSerialData:120 - 📏 串口长度数据已更新: L28.582499 -> physical_length=28.582499
2025-09-02 14:50:30.216 | INFO     | Pendulum.PendulumAPP:_processSerialData:121 - 🔄 数据来源: 串口接收 -> PendulumState.physical_length
2025-09-02 14:50:30.263 | INFO     | Pendulum.PendulumAPP:_processSerialData:120 - 📏 串口长度数据已更新: L28.582499 -> physical_length=28.582499
2025-09-02 14:50:30.264 | INFO     | Pendulum.PendulumAPP:_processSerialData:121 - 🔄 数据来源: 串口接收 -> PendulumState.physical_length
2025-09-02 14:50:30.309 | INFO     | Pendulum.PendulumAPP:_processSerialData:120 - 📏 串口长度数据已更新: L28.582499 -> physical_length=28.582499
2025-09-02 14:50:30.310 | INFO     | Pendulum.PendulumAPP:_processSerialData:121 - 🔄 数据来源: 串口接收 -> PendulumState.physical_length
2025-09-02 14:50:30.356 | INFO     | Pendulum.PendulumAPP:_processSerialData:120 - 📏 串口长度数据已更新: L28.582499 -> physical_length=28.582499
2025-09-02 14:50:30.357 | INFO     | Pendulum.PendulumAPP:_processSerialData:121 - 🔄 数据来源: 串口接收 -> PendulumState.physical_length
2025-09-02 14:50:30.403 | INFO     | Pendulum.PendulumAPP:_processSerialData:120 - 📏 串口长度数据已更新: L28.582499 -> physical_length=28.582499
2025-09-02 14:50:30.403 | INFO     | Pendulum.PendulumAPP:_processSerialData:121 - 🔄 数据来源: 串口接收 -> PendulumState.physical_length
2025-09-02 14:50:30.449 | INFO     | Pendulum.PendulumAPP:_processSerialData:120 - 📏 串口长度数据已更新: L28.582499 -> physical_length=28.582499
2025-09-02 14:50:30.450 | INFO     | Pendulum.PendulumAPP:_processSerialData:121 - 🔄 数据来源: 串口接收 -> PendulumState.physical_length
2025-09-02 14:50:30.495 | INFO     | Pendulum.PendulumAPP:_processSerialData:120 - 📏 串口长度数据已更新: L28.582499 -> physical_length=28.582499
2025-09-02 14:50:30.496 | INFO     | Pendulum.PendulumAPP:_processSerialData:121 - 🔄 数据来源: 串口接收 -> PendulumState.physical_length
2025-09-02 14:50:30.542 | INFO     | Pendulum.PendulumAPP:_processSerialData:120 - 📏 串口长度数据已更新: L28.582499 -> physical_length=28.582499
2025-09-02 14:50:30.543 | INFO     | Pendulum.PendulumAPP:_processSerialData:121 - 🔄 数据来源: 串口接收 -> PendulumState.physical_length
2025-09-02 14:50:30.590 | INFO     | Pendulum.PendulumAPP:_processSerialData:120 - 📏 串口长度数据已更新: L28.582499 -> physical_length=28.582499
2025-09-02 14:50:30.591 | INFO     | Pendulum.PendulumAPP:_processSerialData:121 - 🔄 数据来源: 串口接收 -> PendulumState.physical_length
2025-09-02 14:50:30.635 | INFO     | Pendulum.PendulumAPP:_processSerialData:120 - 📏 串口长度数据已更新: L28.582499 -> physical_length=28.582499
2025-09-02 14:50:30.637 | INFO     | Pendulum.PendulumAPP:_processSerialData:121 - 🔄 数据来源: 串口接收 -> PendulumState.physical_length
2025-09-02 14:50:30.683 | INFO     | Pendulum.PendulumAPP:_processSerialData:120 - 📏 串口长度数据已更新: L28.582499 -> physical_length=28.582499
2025-09-02 14:50:30.684 | INFO     | Pendulum.PendulumAPP:_processSerialData:121 - 🔄 数据来源: 串口接收 -> PendulumState.physical_length
2025-09-02 14:50:30.729 | INFO     | Pendulum.PendulumAPP:_processSerialData:120 - 📏 串口长度数据已更新: L28.582499 -> physical_length=28.582499
2025-09-02 14:50:30.729 | INFO     | Pendulum.PendulumAPP:_processSerialData:121 - 🔄 数据来源: 串口接收 -> PendulumState.physical_length
2025-09-02 14:50:30.775 | INFO     | Pendulum.PendulumAPP:_processSerialData:120 - 📏 串口长度数据已更新: L28.582499 -> physical_length=28.582499
2025-09-02 14:50:30.776 | INFO     | Pendulum.PendulumAPP:_processSerialData:121 - 🔄 数据来源: 串口接收 -> PendulumState.physical_length
2025-09-02 14:50:30.821 | INFO     | Pendulum.PendulumAPP:_processSerialData:120 - 📏 串口长度数据已更新: L28.582499 -> physical_length=28.582499
2025-09-02 14:50:30.822 | INFO     | Pendulum.PendulumAPP:_processSerialData:121 - 🔄 数据来源: 串口接收 -> PendulumState.physical_length
2025-09-02 14:50:30.869 | INFO     | Pendulum.PendulumAPP:_processSerialData:120 - 📏 串口长度数据已更新: L28.582499 -> physical_length=28.582499
2025-09-02 14:50:30.870 | INFO     | Pendulum.PendulumAPP:_processSerialData:121 - 🔄 数据来源: 串口接收 -> PendulumState.physical_length
2025-09-02 14:50:30.916 | INFO     | Pendulum.PendulumAPP:_processSerialData:120 - 📏 串口长度数据已更新: L28.582499 -> physical_length=28.582499
2025-09-02 14:50:30.916 | INFO     | Pendulum.PendulumAPP:_processSerialData:121 - 🔄 数据来源: 串口接收 -> PendulumState.physical_length
2025-09-02 14:50:30.962 | INFO     | Pendulum.PendulumAPP:_processSerialData:120 - 📏 串口长度数据已更新: L28.582499 -> physical_length=28.582499
2025-09-02 14:50:30.963 | INFO     | Pendulum.PendulumAPP:_processSerialData:121 - 🔄 数据来源: 串口接收 -> PendulumState.physical_length
2025-09-02 14:50:31.008 | INFO     | Pendulum.PendulumAPP:_processSerialData:120 - 📏 串口长度数据已更新: L28.582499 -> physical_length=28.582499
2025-09-02 14:50:31.010 | INFO     | Pendulum.PendulumAPP:_processSerialData:121 - 🔄 数据来源: 串口接收 -> PendulumState.physical_length
2025-09-02 14:50:31.054 | INFO     | Pendulum.PendulumAPP:_processSerialData:120 - 📏 串口长度数据已更新: L28.582499 -> physical_length=28.582499
2025-09-02 14:50:31.055 | INFO     | Pendulum.PendulumAPP:_processSerialData:121 - 🔄 数据来源: 串口接收 -> PendulumState.physical_length
2025-09-02 14:50:31.100 | INFO     | Pendulum.PendulumAPP:_processSerialData:120 - 📏 串口长度数据已更新: L28.582499 -> physical_length=28.582499
2025-09-02 14:50:31.102 | INFO     | Pendulum.PendulumAPP:_processSerialData:121 - 🔄 数据来源: 串口接收 -> PendulumState.physical_length
2025-09-02 14:50:31.148 | INFO     | Pendulum.PendulumAPP:_processSerialData:120 - 📏 串口长度数据已更新: L28.582499 -> physical_length=28.582499
2025-09-02 14:50:31.150 | INFO     | Pendulum.PendulumAPP:_processSerialData:121 - 🔄 数据来源: 串口接收 -> PendulumState.physical_length
2025-09-02 14:50:31.194 | INFO     | Pendulum.PendulumAPP:_processSerialData:120 - 📏 串口长度数据已更新: L28.582499 -> physical_length=28.582499
2025-09-02 14:50:31.195 | INFO     | Pendulum.PendulumAPP:_processSerialData:121 - 🔄 数据来源: 串口接收 -> PendulumState.physical_length
2025-09-02 14:50:31.241 | INFO     | Pendulum.PendulumAPP:_processSerialData:120 - 📏 串口长度数据已更新: L28.582499 -> physical_length=28.582499
2025-09-02 14:50:31.242 | INFO     | Pendulum.PendulumAPP:_processSerialData:121 - 🔄 数据来源: 串口接收 -> PendulumState.physical_length
2025-09-02 14:50:31.288 | INFO     | Pendulum.PendulumAPP:_processSerialData:120 - 📏 串口长度数据已更新: L28.582499 -> physical_length=28.582499
2025-09-02 14:50:31.289 | INFO     | Pendulum.PendulumAPP:_processSerialData:121 - 🔄 数据来源: 串口接收 -> PendulumState.physical_length
2025-09-02 14:50:31.339 | INFO     | Pendulum.PendulumAPP:_processSerialData:120 - 📏 串口长度数据已更新: L28.582499 -> physical_length=28.582499
2025-09-02 14:50:31.341 | INFO     | Pendulum.PendulumAPP:_processSerialData:121 - 🔄 数据来源: 串口接收 -> PendulumState.physical_length
2025-09-02 14:50:31.381 | INFO     | Pendulum.PendulumAPP:_processSerialData:120 - 📏 串口长度数据已更新: L28.582499 -> physical_length=28.582499
2025-09-02 14:50:31.382 | INFO     | Pendulum.PendulumAPP:_processSerialData:121 - 🔄 数据来源: 串口接收 -> PendulumState.physical_length
2025-09-02 14:50:31.428 | INFO     | Pendulum.PendulumAPP:_processSerialData:120 - 📏 串口长度数据已更新: L28.582499 -> physical_length=28.582499
2025-09-02 14:50:31.430 | INFO     | Pendulum.PendulumAPP:_processSerialData:121 - 🔄 数据来源: 串口接收 -> PendulumState.physical_length
2025-09-02 14:50:31.475 | INFO     | Pendulum.PendulumAPP:_processSerialData:120 - 📏 串口长度数据已更新: L28.582499 -> physical_length=28.582499
2025-09-02 14:50:31.476 | INFO     | Pendulum.PendulumAPP:_processSerialData:121 - 🔄 数据来源: 串口接收 -> PendulumState.physical_length
2025-09-02 14:50:31.521 | INFO     | Pendulum.PendulumAPP:_processSerialData:120 - 📏 串口长度数据已更新: L28.582499 -> physical_length=28.582499
2025-09-02 14:50:31.524 | INFO     | Pendulum.PendulumAPP:_processSerialData:121 - 🔄 数据来源: 串口接收 -> PendulumState.physical_length
2025-09-02 14:50:31.568 | INFO     | Pendulum.PendulumAPP:_processSerialData:120 - 📏 串口长度数据已更新: L28.582499 -> physical_length=28.582499
2025-09-02 14:50:31.569 | INFO     | Pendulum.PendulumAPP:_processSerialData:121 - 🔄 数据来源: 串口接收 -> PendulumState.physical_length
2025-09-02 14:50:31.615 | INFO     | Pendulum.PendulumAPP:_processSerialData:120 - 📏 串口长度数据已更新: L28.582499 -> physical_length=28.582499
2025-09-02 14:50:31.615 | INFO     | Pendulum.PendulumAPP:_processSerialData:121 - 🔄 数据来源: 串口接收 -> PendulumState.physical_length
2025-09-02 14:50:31.661 | INFO     | Pendulum.PendulumAPP:_processSerialData:120 - 📏 串口长度数据已更新: L28.582499 -> physical_length=28.582499
2025-09-02 14:50:31.663 | INFO     | Pendulum.PendulumAPP:_processSerialData:121 - 🔄 数据来源: 串口接收 -> PendulumState.physical_length
2025-09-02 14:50:31.709 | INFO     | Pendulum.PendulumAPP:_processSerialData:120 - 📏 串口长度数据已更新: L28.582499 -> physical_length=28.582499
2025-09-02 14:50:31.711 | INFO     | Pendulum.PendulumAPP:_processSerialData:121 - 🔄 数据来源: 串口接收 -> PendulumState.physical_length
2025-09-02 14:50:31.755 | INFO     | Pendulum.PendulumAPP:_processSerialData:120 - 📏 串口长度数据已更新: L28.582499 -> physical_length=28.582499
2025-09-02 14:50:31.759 | INFO     | Pendulum.PendulumAPP:_processSerialData:121 - 🔄 数据来源: 串口接收 -> PendulumState.physical_length
2025-09-02 14:50:31.802 | INFO     | Pendulum.PendulumAPP:_processSerialData:120 - 📏 串口长度数据已更新: L28.582499 -> physical_length=28.582499
2025-09-02 14:50:31.803 | INFO     | Pendulum.PendulumAPP:_processSerialData:121 - 🔄 数据来源: 串口接收 -> PendulumState.physical_length
2025-09-02 14:50:31.849 | INFO     | Pendulum.PendulumAPP:_processSerialData:120 - 📏 串口长度数据已更新: L28.582499 -> physical_length=28.582499
2025-09-02 14:50:31.850 | INFO     | Pendulum.PendulumAPP:_processSerialData:121 - 🔄 数据来源: 串口接收 -> PendulumState.physical_length
2025-09-02 14:50:31.895 | INFO     | Pendulum.PendulumAPP:_processSerialData:120 - 📏 串口长度数据已更新: L28.582499 -> physical_length=28.582499
2025-09-02 14:50:31.896 | INFO     | Pendulum.PendulumAPP:_processSerialData:121 - 🔄 数据来源: 串口接收 -> PendulumState.physical_length
2025-09-02 14:50:31.942 | INFO     | Pendulum.PendulumAPP:_processSerialData:120 - 📏 串口长度数据已更新: L28.582499 -> physical_length=28.582499
2025-09-02 14:50:31.943 | INFO     | Pendulum.PendulumAPP:_processSerialData:121 - 🔄 数据来源: 串口接收 -> PendulumState.physical_length
2025-09-02 14:50:31.989 | INFO     | Pendulum.PendulumAPP:_processSerialData:120 - 📏 串口长度数据已更新: L28.582499 -> physical_length=28.582499
2025-09-02 14:50:31.991 | INFO     | Pendulum.PendulumAPP:_processSerialData:121 - 🔄 数据来源: 串口接收 -> PendulumState.physical_length
2025-09-02 14:50:32.035 | INFO     | Pendulum.PendulumAPP:_processSerialData:120 - 📏 串口长度数据已更新: L28.582499 -> physical_length=28.582499
2025-09-02 14:50:32.038 | INFO     | Pendulum.PendulumAPP:_processSerialData:121 - 🔄 数据来源: 串口接收 -> PendulumState.physical_length
2025-09-02 14:50:32.083 | INFO     | Pendulum.PendulumAPP:_processSerialData:120 - 📏 串口长度数据已更新: L28.582499 -> physical_length=28.582499
2025-09-02 14:50:32.086 | INFO     | Pendulum.PendulumAPP:_processSerialData:121 - 🔄 数据来源: 串口接收 -> PendulumState.physical_length
2025-09-02 14:50:32.128 | INFO     | Pendulum.PendulumAPP:_processSerialData:120 - 📏 串口长度数据已更新: L28.582499 -> physical_length=28.582499
2025-09-02 14:50:32.128 | INFO     | Pendulum.PendulumAPP:_processSerialData:121 - 🔄 数据来源: 串口接收 -> PendulumState.physical_length
2025-09-02 14:50:32.175 | INFO     | Pendulum.PendulumAPP:_processSerialData:120 - 📏 串口长度数据已更新: L28.582499 -> physical_length=28.582499
2025-09-02 14:50:32.176 | INFO     | Pendulum.PendulumAPP:_processSerialData:121 - 🔄 数据来源: 串口接收 -> PendulumState.physical_length
2025-09-02 14:50:32.223 | INFO     | Pendulum.PendulumAPP:_processSerialData:120 - 📏 串口长度数据已更新: L28.582499 -> physical_length=28.582499
2025-09-02 14:50:32.224 | INFO     | Pendulum.PendulumAPP:_processSerialData:121 - 🔄 数据来源: 串口接收 -> PendulumState.physical_length
2025-09-02 14:50:32.268 | INFO     | Pendulum.PendulumAPP:_processSerialData:120 - 📏 串口长度数据已更新: L28.582499 -> physical_length=28.582499
2025-09-02 14:50:32.271 | INFO     | Pendulum.PendulumAPP:_processSerialData:121 - 🔄 数据来源: 串口接收 -> PendulumState.physical_length
2025-09-02 14:50:32.314 | INFO     | Pendulum.PendulumAPP:_processSerialData:120 - 📏 串口长度数据已更新: L28.582499 -> physical_length=28.582499
2025-09-02 14:50:32.316 | INFO     | Pendulum.PendulumAPP:_processSerialData:121 - 🔄 数据来源: 串口接收 -> PendulumState.physical_length
2025-09-02 14:50:32.361 | INFO     | Pendulum.PendulumAPP:_processSerialData:120 - 📏 串口长度数据已更新: L28.582499 -> physical_length=28.582499
2025-09-02 14:50:32.362 | INFO     | Pendulum.PendulumAPP:_processSerialData:121 - 🔄 数据来源: 串口接收 -> PendulumState.physical_length
2025-09-02 14:50:32.407 | INFO     | Pendulum.PendulumAPP:_processSerialData:120 - 📏 串口长度数据已更新: L28.582499 -> physical_length=28.582499
2025-09-02 14:50:32.408 | INFO     | Pendulum.PendulumAPP:_processSerialData:121 - 🔄 数据来源: 串口接收 -> PendulumState.physical_length
2025-09-02 14:50:32.452 | INFO     | Pendulum.PendulumAPP:_processSerialData:120 - 📏 串口长度数据已更新: L28.582499 -> physical_length=28.582499
2025-09-02 14:50:32.453 | INFO     | Pendulum.PendulumAPP:_processSerialData:121 - 🔄 数据来源: 串口接收 -> PendulumState.physical_length
2025-09-02 14:50:32.498 | INFO     | Pendulum.PendulumAPP:_processSerialData:120 - 📏 串口长度数据已更新: L28.582499 -> physical_length=28.582499
2025-09-02 14:50:32.498 | INFO     | Pendulum.PendulumAPP:_processSerialData:121 - 🔄 数据来源: 串口接收 -> PendulumState.physical_length
2025-09-02 14:50:32.546 | INFO     | Pendulum.PendulumAPP:_processSerialData:120 - 📏 串口长度数据已更新: L28.582499 -> physical_length=28.582499
2025-09-02 14:50:32.549 | INFO     | Pendulum.PendulumAPP:_processSerialData:121 - 🔄 数据来源: 串口接收 -> PendulumState.physical_length
2025-09-02 14:50:32.592 | INFO     | Pendulum.PendulumAPP:_processSerialData:120 - 📏 串口长度数据已更新: L28.582499 -> physical_length=28.582499
2025-09-02 14:50:32.593 | INFO     | Pendulum.PendulumAPP:_processSerialData:121 - 🔄 数据来源: 串口接收 -> PendulumState.physical_length
2025-09-02 14:50:32.636 | INFO     | Pendulum.PendulumAPP:_processSerialData:120 - 📏 串口长度数据已更新: L28.582499 -> physical_length=28.582499
2025-09-02 14:50:32.637 | INFO     | Pendulum.PendulumAPP:_processSerialData:121 - 🔄 数据来源: 串口接收 -> PendulumState.physical_length
2025-09-02 14:50:32.685 | INFO     | Pendulum.PendulumAPP:_processSerialData:120 - 📏 串口长度数据已更新: L28.582499 -> physical_length=28.582499
2025-09-02 14:50:32.688 | INFO     | Pendulum.PendulumAPP:_processSerialData:121 - 🔄 数据来源: 串口接收 -> PendulumState.physical_length
2025-09-02 14:50:32.730 | INFO     | Pendulum.PendulumAPP:_processSerialData:120 - 📏 串口长度数据已更新: L28.582499 -> physical_length=28.582499
2025-09-02 14:50:32.734 | INFO     | Pendulum.PendulumAPP:_processSerialData:121 - 🔄 数据来源: 串口接收 -> PendulumState.physical_length
2025-09-02 14:50:32.779 | INFO     | Pendulum.PendulumAPP:_processSerialData:120 - 📏 串口长度数据已更新: L28.582499 -> physical_length=28.582499
2025-09-02 14:50:32.781 | INFO     | Pendulum.PendulumAPP:_processSerialData:121 - 🔄 数据来源: 串口接收 -> PendulumState.physical_length
2025-09-02 14:50:32.825 | INFO     | Pendulum.PendulumAPP:_processSerialData:120 - 📏 串口长度数据已更新: L28.582499 -> physical_length=28.582499
2025-09-02 14:50:32.826 | INFO     | Pendulum.PendulumAPP:_processSerialData:121 - 🔄 数据来源: 串口接收 -> PendulumState.physical_length
2025-09-02 14:50:32.871 | INFO     | Pendulum.PendulumAPP:_processSerialData:120 - 📏 串口长度数据已更新: L28.582499 -> physical_length=28.582499
2025-09-02 14:50:32.873 | INFO     | Pendulum.PendulumAPP:_processSerialData:121 - 🔄 数据来源: 串口接收 -> PendulumState.physical_length
2025-09-02 14:50:32.917 | INFO     | Pendulum.PendulumAPP:_processSerialData:120 - 📏 串口长度数据已更新: L28.582499 -> physical_length=28.582499
2025-09-02 14:50:32.918 | INFO     | Pendulum.PendulumAPP:_processSerialData:121 - 🔄 数据来源: 串口接收 -> PendulumState.physical_length
2025-09-02 14:50:32.963 | INFO     | Pendulum.PendulumAPP:_processSerialData:120 - 📏 串口长度数据已更新: L28.582499 -> physical_length=28.582499
2025-09-02 14:50:32.964 | INFO     | Pendulum.PendulumAPP:_processSerialData:121 - 🔄 数据来源: 串口接收 -> PendulumState.physical_length
2025-09-02 14:50:33.008 | INFO     | Pendulum.PendulumAPP:_processSerialData:120 - 📏 串口长度数据已更新: L28.582499 -> physical_length=28.582499
2025-09-02 14:50:33.009 | INFO     | Pendulum.PendulumAPP:_processSerialData:121 - 🔄 数据来源: 串口接收 -> PendulumState.physical_length
2025-09-02 14:50:33.055 | INFO     | Pendulum.PendulumAPP:_processSerialData:120 - 📏 串口长度数据已更新: L28.582499 -> physical_length=28.582499
2025-09-02 14:50:33.060 | INFO     | Pendulum.PendulumAPP:_processSerialData:121 - 🔄 数据来源: 串口接收 -> PendulumState.physical_length
2025-09-02 14:50:33.102 | INFO     | Pendulum.PendulumAPP:_processSerialData:120 - 📏 串口长度数据已更新: L28.582499 -> physical_length=28.582499
2025-09-02 14:50:33.104 | INFO     | Pendulum.PendulumAPP:_processSerialData:121 - 🔄 数据来源: 串口接收 -> PendulumState.physical_length
2025-09-02 14:50:33.148 | INFO     | Pendulum.PendulumAPP:_processSerialData:120 - 📏 串口长度数据已更新: L28.582499 -> physical_length=28.582499
2025-09-02 14:50:33.149 | INFO     | Pendulum.PendulumAPP:_processSerialData:121 - 🔄 数据来源: 串口接收 -> PendulumState.physical_length
2025-09-02 14:50:33.194 | INFO     | Pendulum.PendulumAPP:_processSerialData:120 - 📏 串口长度数据已更新: L28.582499 -> physical_length=28.582499
2025-09-02 14:50:33.196 | INFO     | Pendulum.PendulumAPP:_processSerialData:121 - 🔄 数据来源: 串口接收 -> PendulumState.physical_length
2025-09-02 14:50:33.240 | INFO     | Pendulum.PendulumAPP:_processSerialData:120 - 📏 串口长度数据已更新: L28.582499 -> physical_length=28.582499
2025-09-02 14:50:33.240 | INFO     | Pendulum.PendulumAPP:_processSerialData:121 - 🔄 数据来源: 串口接收 -> PendulumState.physical_length
2025-09-02 14:50:33.288 | INFO     | Pendulum.PendulumAPP:_processSerialData:120 - 📏 串口长度数据已更新: L28.582499 -> physical_length=28.582499
2025-09-02 14:50:33.289 | INFO     | Pendulum.PendulumAPP:_processSerialData:121 - 🔄 数据来源: 串口接收 -> PendulumState.physical_length
2025-09-02 14:50:33.339 | INFO     | Pendulum.PendulumAPP:_processSerialData:120 - 📏 串口长度数据已更新: L28.582499 -> physical_length=28.582499
2025-09-02 14:50:33.340 | INFO     | Pendulum.PendulumAPP:_processSerialData:121 - 🔄 数据来源: 串口接收 -> PendulumState.physical_length
2025-09-02 14:50:33.382 | INFO     | Pendulum.PendulumAPP:_processSerialData:120 - 📏 串口长度数据已更新: L28.582499 -> physical_length=28.582499
2025-09-02 14:50:33.383 | INFO     | Pendulum.PendulumAPP:_processSerialData:121 - 🔄 数据来源: 串口接收 -> PendulumState.physical_length
2025-09-02 14:50:33.428 | INFO     | Pendulum.PendulumAPP:_processSerialData:120 - 📏 串口长度数据已更新: L28.582499 -> physical_length=28.582499
2025-09-02 14:50:33.429 | INFO     | Pendulum.PendulumAPP:_processSerialData:121 - 🔄 数据来源: 串口接收 -> PendulumState.physical_length
2025-09-02 14:50:33.476 | INFO     | Pendulum.PendulumAPP:_processSerialData:120 - 📏 串口长度数据已更新: L28.582499 -> physical_length=28.582499
2025-09-02 14:50:33.477 | INFO     | Pendulum.PendulumAPP:_processSerialData:121 - 🔄 数据来源: 串口接收 -> PendulumState.physical_length
2025-09-02 14:50:33.522 | INFO     | Pendulum.PendulumAPP:_processSerialData:120 - 📏 串口长度数据已更新: L28.582499 -> physical_length=28.582499
2025-09-02 14:50:33.524 | INFO     | Pendulum.PendulumAPP:_processSerialData:121 - 🔄 数据来源: 串口接收 -> PendulumState.physical_length
2025-09-02 14:50:33.568 | INFO     | Pendulum.PendulumAPP:_processSerialData:120 - 📏 串口长度数据已更新: L28.582499 -> physical_length=28.582499
2025-09-02 14:50:33.568 | INFO     | Pendulum.PendulumAPP:_processSerialData:121 - 🔄 数据来源: 串口接收 -> PendulumState.physical_length
2025-09-02 14:50:33.614 | INFO     | Pendulum.PendulumAPP:_processSerialData:120 - 📏 串口长度数据已更新: L28.582499 -> physical_length=28.582499
2025-09-02 14:50:33.617 | INFO     | Pendulum.PendulumAPP:_processSerialData:121 - 🔄 数据来源: 串口接收 -> PendulumState.physical_length
2025-09-02 14:50:33.662 | INFO     | Pendulum.PendulumAPP:_processSerialData:120 - 📏 串口长度数据已更新: L28.582499 -> physical_length=28.582499
2025-09-02 14:50:33.665 | INFO     | Pendulum.PendulumAPP:_processSerialData:121 - 🔄 数据来源: 串口接收 -> PendulumState.physical_length
2025-09-02 14:50:33.707 | INFO     | Pendulum.PendulumAPP:_processSerialData:120 - 📏 串口长度数据已更新: L28.582499 -> physical_length=28.582499
2025-09-02 14:50:33.708 | INFO     | Pendulum.PendulumAPP:_processSerialData:121 - 🔄 数据来源: 串口接收 -> PendulumState.physical_length
2025-09-02 14:50:33.752 | INFO     | Pendulum.PendulumAPP:_processSerialData:120 - 📏 串口长度数据已更新: L28.582499 -> physical_length=28.582499
2025-09-02 14:50:33.753 | INFO     | Pendulum.PendulumAPP:_processSerialData:121 - 🔄 数据来源: 串口接收 -> PendulumState.physical_length
2025-09-02 14:50:33.798 | INFO     | Pendulum.PendulumAPP:_processSerialData:120 - 📏 串口长度数据已更新: L28.582499 -> physical_length=28.582499
2025-09-02 14:50:33.799 | INFO     | Pendulum.PendulumAPP:_processSerialData:121 - 🔄 数据来源: 串口接收 -> PendulumState.physical_length
2025-09-02 14:50:33.844 | INFO     | Pendulum.PendulumAPP:_processSerialData:120 - 📏 串口长度数据已更新: L28.582499 -> physical_length=28.582499
2025-09-02 14:50:33.845 | INFO     | Pendulum.PendulumAPP:_processSerialData:121 - 🔄 数据来源: 串口接收 -> PendulumState.physical_length
2025-09-02 14:50:33.891 | INFO     | Pendulum.PendulumAPP:_processSerialData:120 - 📏 串口长度数据已更新: L28.582499 -> physical_length=28.582499
2025-09-02 14:50:33.892 | INFO     | Pendulum.PendulumAPP:_processSerialData:121 - 🔄 数据来源: 串口接收 -> PendulumState.physical_length
2025-09-02 14:50:33.937 | INFO     | Pendulum.PendulumAPP:_processSerialData:120 - 📏 串口长度数据已更新: L28.582499 -> physical_length=28.582499
2025-09-02 14:50:33.938 | INFO     | Pendulum.PendulumAPP:_processSerialData:121 - 🔄 数据来源: 串口接收 -> PendulumState.physical_length
2025-09-02 14:50:33.983 | INFO     | Pendulum.PendulumAPP:_processSerialData:120 - 📏 串口长度数据已更新: L28.582499 -> physical_length=28.582499
2025-09-02 14:50:33.984 | INFO     | Pendulum.PendulumAPP:_processSerialData:121 - 🔄 数据来源: 串口接收 -> PendulumState.physical_length
2025-09-02 14:50:34.029 | INFO     | Pendulum.PendulumAPP:_processSerialData:120 - 📏 串口长度数据已更新: L28.582499 -> physical_length=28.582499
2025-09-02 14:50:34.030 | INFO     | Pendulum.PendulumAPP:_processSerialData:121 - 🔄 数据来源: 串口接收 -> PendulumState.physical_length
2025-09-02 14:50:34.077 | INFO     | Pendulum.PendulumAPP:_processSerialData:120 - 📏 串口长度数据已更新: L28.582499 -> physical_length=28.582499
2025-09-02 14:50:34.082 | INFO     | Pendulum.PendulumAPP:_processSerialData:121 - 🔄 数据来源: 串口接收 -> PendulumState.physical_length
2025-09-02 14:50:34.124 | INFO     | Pendulum.PendulumAPP:_processSerialData:120 - 📏 串口长度数据已更新: L28.582499 -> physical_length=28.582499
2025-09-02 14:50:34.126 | INFO     | Pendulum.PendulumAPP:_processSerialData:121 - 🔄 数据来源: 串口接收 -> PendulumState.physical_length
2025-09-02 14:50:34.169 | INFO     | Pendulum.PendulumAPP:_processSerialData:120 - 📏 串口长度数据已更新: L28.582499 -> physical_length=28.582499
2025-09-02 14:50:34.170 | INFO     | Pendulum.PendulumAPP:_processSerialData:121 - 🔄 数据来源: 串口接收 -> PendulumState.physical_length
2025-09-02 14:50:34.217 | INFO     | Pendulum.PendulumAPP:_processSerialData:120 - 📏 串口长度数据已更新: L28.582499 -> physical_length=28.582499
2025-09-02 14:50:34.217 | INFO     | Pendulum.PendulumAPP:_processSerialData:121 - 🔄 数据来源: 串口接收 -> PendulumState.physical_length
2025-09-02 14:50:34.263 | INFO     | Pendulum.PendulumAPP:_processSerialData:120 - 📏 串口长度数据已更新: L28.582499 -> physical_length=28.582499
2025-09-02 14:50:34.264 | INFO     | Pendulum.PendulumAPP:_processSerialData:121 - 🔄 数据来源: 串口接收 -> PendulumState.physical_length
2025-09-02 14:50:34.310 | INFO     | Pendulum.PendulumAPP:_processSerialData:120 - 📏 串口长度数据已更新: L28.582499 -> physical_length=28.582499
2025-09-02 14:50:34.312 | INFO     | Pendulum.PendulumAPP:_processSerialData:121 - 🔄 数据来源: 串口接收 -> PendulumState.physical_length
2025-09-02 14:50:34.357 | INFO     | Pendulum.PendulumAPP:_processSerialData:120 - 📏 串口长度数据已更新: L28.582499 -> physical_length=28.582499
2025-09-02 14:50:34.358 | INFO     | Pendulum.PendulumAPP:_processSerialData:121 - 🔄 数据来源: 串口接收 -> PendulumState.physical_length
2025-09-02 14:50:34.403 | INFO     | Pendulum.PendulumAPP:_processSerialData:120 - 📏 串口长度数据已更新: L28.582499 -> physical_length=28.582499
2025-09-02 14:50:34.404 | INFO     | Pendulum.PendulumAPP:_processSerialData:121 - 🔄 数据来源: 串口接收 -> PendulumState.physical_length
2025-09-02 14:50:34.451 | INFO     | Pendulum.PendulumAPP:_processSerialData:120 - 📏 串口长度数据已更新: L28.582499 -> physical_length=28.582499
2025-09-02 14:50:34.453 | INFO     | Pendulum.PendulumAPP:_processSerialData:121 - 🔄 数据来源: 串口接收 -> PendulumState.physical_length
2025-09-02 14:50:34.497 | INFO     | Pendulum.PendulumAPP:_processSerialData:120 - 📏 串口长度数据已更新: L28.582499 -> physical_length=28.582499
2025-09-02 14:50:34.498 | INFO     | Pendulum.PendulumAPP:_processSerialData:121 - 🔄 数据来源: 串口接收 -> PendulumState.physical_length
2025-09-02 14:50:34.543 | INFO     | Pendulum.PendulumAPP:_processSerialData:120 - 📏 串口长度数据已更新: L28.582499 -> physical_length=28.582499
2025-09-02 14:50:34.544 | INFO     | Pendulum.PendulumAPP:_processSerialData:121 - 🔄 数据来源: 串口接收 -> PendulumState.physical_length
2025-09-02 14:50:34.589 | INFO     | Pendulum.PendulumAPP:_processSerialData:120 - 📏 串口长度数据已更新: L28.582499 -> physical_length=28.582499
2025-09-02 14:50:34.590 | INFO     | Pendulum.PendulumAPP:_processSerialData:121 - 🔄 数据来源: 串口接收 -> PendulumState.physical_length
2025-09-02 14:50:34.635 | INFO     | Pendulum.PendulumAPP:_processSerialData:120 - 📏 串口长度数据已更新: L28.582499 -> physical_length=28.582499
2025-09-02 14:50:34.637 | INFO     | Pendulum.PendulumAPP:_processSerialData:121 - 🔄 数据来源: 串口接收 -> PendulumState.physical_length
2025-09-02 14:50:34.682 | INFO     | Pendulum.PendulumAPP:_processSerialData:120 - 📏 串口长度数据已更新: L28.582499 -> physical_length=28.582499
2025-09-02 14:50:34.687 | INFO     | Pendulum.PendulumAPP:_processSerialData:121 - 🔄 数据来源: 串口接收 -> PendulumState.physical_length
2025-09-02 14:50:34.729 | INFO     | Pendulum.PendulumAPP:_processSerialData:120 - 📏 串口长度数据已更新: L28.582499 -> physical_length=28.582499
2025-09-02 14:50:34.730 | INFO     | Pendulum.PendulumAPP:_processSerialData:121 - 🔄 数据来源: 串口接收 -> PendulumState.physical_length
2025-09-02 14:50:34.776 | INFO     | Pendulum.PendulumAPP:_processSerialData:120 - 📏 串口长度数据已更新: L28.582499 -> physical_length=28.582499
2025-09-02 14:50:34.777 | INFO     | Pendulum.PendulumAPP:_processSerialData:121 - 🔄 数据来源: 串口接收 -> PendulumState.physical_length
2025-09-02 14:50:34.813 | INFO     | Pendulum.PendulumAPP:_keyEventWeb:280 - n1
2025-09-02 14:50:34.814 | INFO     | Pendulum.SerialConncet:send:199 - sendn1
2025-09-02 14:50:34.816 | INFO     | Pendulum.SerialConncet:send:201 - [发送] n1
2025-09-02 14:50:34.823 | INFO     | Pendulum.PendulumAPP:_processSerialData:120 - 📏 串口长度数据已更新: L28.582499 -> physical_length=28.582499
2025-09-02 14:50:34.824 | INFO     | Pendulum.PendulumAPP:_processSerialData:121 - 🔄 数据来源: 串口接收 -> PendulumState.physical_length
2025-09-02 14:50:34.870 | INFO     | Pendulum.PendulumAPP:_processSerialData:120 - 📏 串口长度数据已更新: L28.582499 -> physical_length=28.582499
2025-09-02 14:50:34.871 | INFO     | Pendulum.PendulumAPP:_processSerialData:121 - 🔄 数据来源: 串口接收 -> PendulumState.physical_length
2025-09-02 14:50:34.917 | INFO     | Pendulum.PendulumAPP:_processSerialData:120 - 📏 串口长度数据已更新: L28.582499 -> physical_length=28.582499
2025-09-02 14:50:34.918 | INFO     | Pendulum.PendulumAPP:_processSerialData:121 - 🔄 数据来源: 串口接收 -> PendulumState.physical_length
2025-09-02 14:50:34.963 | INFO     | Pendulum.PendulumAPP:_processSerialData:120 - 📏 串口长度数据已更新: L28.582499 -> physical_length=28.582499
2025-09-02 14:50:34.964 | INFO     | Pendulum.PendulumAPP:_processSerialData:121 - 🔄 数据来源: 串口接收 -> PendulumState.physical_length
2025-09-02 14:50:35.009 | INFO     | Pendulum.PendulumAPP:_processSerialData:120 - 📏 串口长度数据已更新: L28.582499 -> physical_length=28.582499
2025-09-02 14:50:35.010 | INFO     | Pendulum.PendulumAPP:_processSerialData:121 - 🔄 数据来源: 串口接收 -> PendulumState.physical_length
2025-09-02 14:50:35.043 | INFO     | Pendulum.PendulumAPP:_keyEventWeb:283 - n0
2025-09-02 14:50:35.046 | INFO     | Pendulum.SerialConncet:send:199 - sendn0
2025-09-02 14:50:35.048 | INFO     | Pendulum.SerialConncet:send:201 - [发送] n0
2025-09-02 14:50:35.055 | INFO     | Pendulum.PendulumAPP:_processSerialData:120 - 📏 串口长度数据已更新: L28.582499 -> physical_length=28.582499
2025-09-02 14:50:35.055 | INFO     | Pendulum.PendulumAPP:_processSerialData:121 - 🔄 数据来源: 串口接收 -> PendulumState.physical_length
2025-09-02 14:50:35.101 | INFO     | Pendulum.PendulumAPP:_processSerialData:120 - 📏 串口长度数据已更新: L28.582499 -> physical_length=28.582499
2025-09-02 14:50:35.105 | INFO     | Pendulum.PendulumAPP:_processSerialData:121 - 🔄 数据来源: 串口接收 -> PendulumState.physical_length
2025-09-02 14:50:35.148 | INFO     | Pendulum.PendulumAPP:_processSerialData:120 - 📏 串口长度数据已更新: L28.582499 -> physical_length=28.582499
2025-09-02 14:50:35.152 | INFO     | Pendulum.PendulumAPP:_processSerialData:121 - 🔄 数据来源: 串口接收 -> PendulumState.physical_length
2025-09-02 14:50:35.194 | INFO     | Pendulum.PendulumAPP:_processSerialData:120 - 📏 串口长度数据已更新: L28.582499 -> physical_length=28.582499
2025-09-02 14:50:35.195 | INFO     | Pendulum.PendulumAPP:_processSerialData:121 - 🔄 数据来源: 串口接收 -> PendulumState.physical_length
2025-09-02 14:50:35.241 | INFO     | Pendulum.PendulumAPP:_processSerialData:120 - 📏 串口长度数据已更新: L28.582499 -> physical_length=28.582499
2025-09-02 14:50:35.242 | INFO     | Pendulum.PendulumAPP:_processSerialData:121 - 🔄 数据来源: 串口接收 -> PendulumState.physical_length
2025-09-02 14:50:35.288 | INFO     | Pendulum.PendulumAPP:_processSerialData:120 - 📏 串口长度数据已更新: L28.582499 -> physical_length=28.582499
2025-09-02 14:50:35.288 | INFO     | Pendulum.PendulumAPP:_processSerialData:121 - 🔄 数据来源: 串口接收 -> PendulumState.physical_length
2025-09-02 14:50:35.337 | INFO     | Pendulum.PendulumAPP:_processSerialData:120 - 📏 串口长度数据已更新: L28.582499 -> physical_length=28.582499
2025-09-02 14:50:35.338 | INFO     | Pendulum.PendulumAPP:_processSerialData:121 - 🔄 数据来源: 串口接收 -> PendulumState.physical_length
2025-09-02 14:50:35.379 | INFO     | Pendulum.PendulumAPP:_processSerialData:120 - 📏 串口长度数据已更新: L28.582499 -> physical_length=28.582499
2025-09-02 14:50:35.379 | INFO     | Pendulum.PendulumAPP:_processSerialData:121 - 🔄 数据来源: 串口接收 -> PendulumState.physical_length
2025-09-02 14:50:35.425 | INFO     | Pendulum.PendulumAPP:_processSerialData:120 - 📏 串口长度数据已更新: L28.582499 -> physical_length=28.582499
2025-09-02 14:50:35.430 | INFO     | Pendulum.PendulumAPP:_processSerialData:121 - 🔄 数据来源: 串口接收 -> PendulumState.physical_length
2025-09-02 14:50:35.472 | INFO     | Pendulum.PendulumAPP:_processSerialData:120 - 📏 串口长度数据已更新: L28.582499 -> physical_length=28.582499
2025-09-02 14:50:35.474 | INFO     | Pendulum.PendulumAPP:_processSerialData:121 - 🔄 数据来源: 串口接收 -> PendulumState.physical_length
2025-09-02 14:50:35.519 | INFO     | Pendulum.PendulumAPP:_processSerialData:120 - 📏 串口长度数据已更新: L28.582499 -> physical_length=28.582499
2025-09-02 14:50:35.520 | INFO     | Pendulum.PendulumAPP:_processSerialData:121 - 🔄 数据来源: 串口接收 -> PendulumState.physical_length
2025-09-02 14:50:35.567 | INFO     | Pendulum.PendulumAPP:_processSerialData:120 - 📏 串口长度数据已更新: L28.582499 -> physical_length=28.582499
2025-09-02 14:50:35.571 | INFO     | Pendulum.PendulumAPP:_processSerialData:121 - 🔄 数据来源: 串口接收 -> PendulumState.physical_length
2025-09-02 14:50:35.613 | INFO     | Pendulum.PendulumAPP:_processSerialData:120 - 📏 串口长度数据已更新: L28.582499 -> physical_length=28.582499
2025-09-02 14:50:35.615 | INFO     | Pendulum.PendulumAPP:_processSerialData:121 - 🔄 数据来源: 串口接收 -> PendulumState.physical_length
2025-09-02 14:50:35.689 | INFO     | Pendulum.PendulumAPP:_processSerialData:120 - 📏 串口长度数据已更新: L28.582499 -> physical_length=28.582499
2025-09-02 14:50:35.690 | INFO     | Pendulum.PendulumAPP:_processSerialData:121 - 🔄 数据来源: 串口接收 -> PendulumState.physical_length
2025-09-02 14:50:35.736 | INFO     | Pendulum.PendulumAPP:_processSerialData:120 - 📏 串口长度数据已更新: L28.582499 -> physical_length=28.582499
2025-09-02 14:50:35.740 | INFO     | Pendulum.PendulumAPP:_processSerialData:121 - 🔄 数据来源: 串口接收 -> PendulumState.physical_length
2025-09-02 14:50:35.782 | INFO     | Pendulum.PendulumAPP:_processSerialData:120 - 📏 串口长度数据已更新: L28.582499 -> physical_length=28.582499
2025-09-02 14:50:35.784 | INFO     | Pendulum.PendulumAPP:_processSerialData:121 - 🔄 数据来源: 串口接收 -> PendulumState.physical_length
2025-09-02 14:50:35.828 | INFO     | Pendulum.PendulumAPP:_processSerialData:120 - 📏 串口长度数据已更新: L28.582499 -> physical_length=28.582499
2025-09-02 14:50:35.829 | INFO     | Pendulum.PendulumAPP:_processSerialData:121 - 🔄 数据来源: 串口接收 -> PendulumState.physical_length
2025-09-02 14:50:35.875 | INFO     | Pendulum.PendulumAPP:_processSerialData:120 - 📏 串口长度数据已更新: L28.582499 -> physical_length=28.582499
2025-09-02 14:50:35.877 | INFO     | Pendulum.PendulumAPP:_processSerialData:121 - 🔄 数据来源: 串口接收 -> PendulumState.physical_length
2025-09-02 14:50:35.921 | INFO     | Pendulum.PendulumAPP:_processSerialData:120 - 📏 串口长度数据已更新: L28.582499 -> physical_length=28.582499
2025-09-02 14:50:35.922 | INFO     | Pendulum.PendulumAPP:_processSerialData:121 - 🔄 数据来源: 串口接收 -> PendulumState.physical_length
2025-09-02 14:50:35.968 | INFO     | Pendulum.PendulumAPP:_processSerialData:120 - 📏 串口长度数据已更新: L28.582499 -> physical_length=28.582499
2025-09-02 14:50:35.969 | INFO     | Pendulum.PendulumAPP:_processSerialData:121 - 🔄 数据来源: 串口接收 -> PendulumState.physical_length
2025-09-02 14:50:36.014 | INFO     | Pendulum.PendulumAPP:_processSerialData:120 - 📏 串口长度数据已更新: L28.582499 -> physical_length=28.582499
2025-09-02 14:50:36.014 | INFO     | Pendulum.PendulumAPP:_processSerialData:121 - 🔄 数据来源: 串口接收 -> PendulumState.physical_length
2025-09-02 14:50:36.060 | INFO     | Pendulum.PendulumAPP:_processSerialData:120 - 📏 串口长度数据已更新: L28.582499 -> physical_length=28.582499
2025-09-02 14:50:36.065 | INFO     | Pendulum.PendulumAPP:_processSerialData:121 - 🔄 数据来源: 串口接收 -> PendulumState.physical_length
2025-09-02 14:50:36.108 | INFO     | Pendulum.PendulumAPP:_processSerialData:120 - 📏 串口长度数据已更新: L28.582499 -> physical_length=28.582499
2025-09-02 14:50:36.111 | INFO     | Pendulum.PendulumAPP:_processSerialData:121 - 🔄 数据来源: 串口接收 -> PendulumState.physical_length
2025-09-02 14:50:36.153 | INFO     | Pendulum.PendulumAPP:_processSerialData:120 - 📏 串口长度数据已更新: L28.582499 -> physical_length=28.582499
2025-09-02 14:50:36.154 | INFO     | Pendulum.PendulumAPP:_processSerialData:121 - 🔄 数据来源: 串口接收 -> PendulumState.physical_length
2025-09-02 14:50:36.199 | INFO     | Pendulum.PendulumAPP:_processSerialData:120 - 📏 串口长度数据已更新: L28.582499 -> physical_length=28.582499
2025-09-02 14:50:36.200 | INFO     | Pendulum.PendulumAPP:_processSerialData:121 - 🔄 数据来源: 串口接收 -> PendulumState.physical_length
2025-09-02 14:50:36.244 | INFO     | Pendulum.PendulumAPP:_processSerialData:120 - 📏 串口长度数据已更新: L28.582499 -> physical_length=28.582499
2025-09-02 14:50:36.250 | INFO     | Pendulum.PendulumAPP:_processSerialData:121 - 🔄 数据来源: 串口接收 -> PendulumState.physical_length
2025-09-02 14:50:36.281 | INFO     | Pendulum.PendulumAPP:_keyEventWeb:280 - n1
2025-09-02 14:50:36.282 | INFO     | Pendulum.SerialConncet:send:199 - sendn1
2025-09-02 14:50:36.285 | INFO     | Pendulum.SerialConncet:send:201 - [发送] n1
2025-09-02 14:50:36.291 | INFO     | Pendulum.PendulumAPP:_processSerialData:120 - 📏 串口长度数据已更新: L28.582499 -> physical_length=28.582499
2025-09-02 14:50:36.292 | INFO     | Pendulum.PendulumAPP:_processSerialData:121 - 🔄 数据来源: 串口接收 -> PendulumState.physical_length
2025-09-02 14:50:36.339 | INFO     | Pendulum.PendulumAPP:_processSerialData:120 - 📏 串口长度数据已更新: L28.582499 -> physical_length=28.582499
2025-09-02 14:50:36.344 | INFO     | Pendulum.PendulumAPP:_processSerialData:121 - 🔄 数据来源: 串口接收 -> PendulumState.physical_length
2025-09-02 14:50:36.386 | INFO     | Pendulum.PendulumAPP:_processSerialData:120 - 📏 串口长度数据已更新: L28.582499 -> physical_length=28.582499
2025-09-02 14:50:36.389 | INFO     | Pendulum.PendulumAPP:_processSerialData:121 - 🔄 数据来源: 串口接收 -> PendulumState.physical_length
2025-09-02 14:50:36.431 | INFO     | Pendulum.PendulumAPP:_processSerialData:120 - 📏 串口长度数据已更新: L28.582499 -> physical_length=28.582499
2025-09-02 14:50:36.432 | INFO     | Pendulum.PendulumAPP:_processSerialData:121 - 🔄 数据来源: 串口接收 -> PendulumState.physical_length
2025-09-02 14:50:36.477 | INFO     | Pendulum.PendulumAPP:_processSerialData:120 - 📏 串口长度数据已更新: L28.582499 -> physical_length=28.582499
2025-09-02 14:50:36.479 | INFO     | Pendulum.PendulumAPP:_processSerialData:121 - 🔄 数据来源: 串口接收 -> PendulumState.physical_length
2025-09-02 14:50:36.523 | INFO     | Pendulum.PendulumAPP:_keyEventWeb:283 - n0
2025-09-02 14:50:36.524 | INFO     | Pendulum.SerialConncet:send:199 - sendn0
2025-09-02 14:50:36.526 | INFO     | Pendulum.SerialConncet:send:201 - [发送] n0
2025-09-02 14:50:36.540 | INFO     | Pendulum.PendulumAPP:_processSerialData:120 - 📏 串口长度数据已更新: L28.582499 -> physical_length=28.582499
2025-09-02 14:50:36.543 | INFO     | Pendulum.PendulumAPP:_processSerialData:121 - 🔄 数据来源: 串口接收 -> PendulumState.physical_length
2025-09-02 14:50:36.585 | INFO     | Pendulum.PendulumAPP:_processSerialData:120 - 📏 串口长度数据已更新: L28.582499 -> physical_length=28.582499
2025-09-02 14:50:36.586 | INFO     | Pendulum.PendulumAPP:_processSerialData:121 - 🔄 数据来源: 串口接收 -> PendulumState.physical_length
2025-09-02 14:50:36.632 | INFO     | Pendulum.PendulumAPP:_processSerialData:120 - 📏 串口长度数据已更新: L28.582499 -> physical_length=28.582499
2025-09-02 14:50:36.633 | INFO     | Pendulum.PendulumAPP:_processSerialData:121 - 🔄 数据来源: 串口接收 -> PendulumState.physical_length
2025-09-02 14:50:36.678 | INFO     | Pendulum.PendulumAPP:_processSerialData:120 - 📏 串口长度数据已更新: L28.582499 -> physical_length=28.582499
2025-09-02 14:50:36.678 | INFO     | Pendulum.PendulumAPP:_processSerialData:121 - 🔄 数据来源: 串口接收 -> PendulumState.physical_length
2025-09-02 14:50:36.724 | INFO     | Pendulum.PendulumAPP:_processSerialData:120 - 📏 串口长度数据已更新: L28.582499 -> physical_length=28.582499
2025-09-02 14:50:36.724 | INFO     | Pendulum.PendulumAPP:_processSerialData:121 - 🔄 数据来源: 串口接收 -> PendulumState.physical_length
2025-09-02 14:50:36.771 | INFO     | Pendulum.PendulumAPP:_processSerialData:120 - 📏 串口长度数据已更新: L28.582499 -> physical_length=28.582499
2025-09-02 14:50:36.774 | INFO     | Pendulum.PendulumAPP:_processSerialData:121 - 🔄 数据来源: 串口接收 -> PendulumState.physical_length
2025-09-02 14:50:36.818 | INFO     | Pendulum.PendulumAPP:_processSerialData:120 - 📏 串口长度数据已更新: L28.582499 -> physical_length=28.582499
2025-09-02 14:50:36.820 | INFO     | Pendulum.PendulumAPP:_processSerialData:121 - 🔄 数据来源: 串口接收 -> PendulumState.physical_length
2025-09-02 14:50:36.864 | INFO     | Pendulum.PendulumAPP:_processSerialData:120 - 📏 串口长度数据已更新: L28.582499 -> physical_length=28.582499
2025-09-02 14:50:36.867 | INFO     | Pendulum.PendulumAPP:_processSerialData:121 - 🔄 数据来源: 串口接收 -> PendulumState.physical_length
2025-09-02 14:50:36.911 | INFO     | Pendulum.PendulumAPP:_processSerialData:120 - 📏 串口长度数据已更新: L28.582499 -> physical_length=28.582499
2025-09-02 14:50:36.912 | INFO     | Pendulum.PendulumAPP:_processSerialData:121 - 🔄 数据来源: 串口接收 -> PendulumState.physical_length
2025-09-02 14:50:36.959 | INFO     | Pendulum.PendulumAPP:_processSerialData:120 - 📏 串口长度数据已更新: L28.582499 -> physical_length=28.582499
2025-09-02 14:50:36.962 | INFO     | Pendulum.PendulumAPP:_processSerialData:121 - 🔄 数据来源: 串口接收 -> PendulumState.physical_length
2025-09-02 14:50:37.004 | INFO     | Pendulum.PendulumAPP:_processSerialData:120 - 📏 串口长度数据已更新: L28.582499 -> physical_length=28.582499
2025-09-02 14:50:37.005 | INFO     | Pendulum.PendulumAPP:_processSerialData:121 - 🔄 数据来源: 串口接收 -> PendulumState.physical_length
2025-09-02 14:50:37.052 | INFO     | Pendulum.PendulumAPP:_processSerialData:120 - 📏 串口长度数据已更新: L28.582499 -> physical_length=28.582499
2025-09-02 14:50:37.053 | INFO     | Pendulum.PendulumAPP:_processSerialData:121 - 🔄 数据来源: 串口接收 -> PendulumState.physical_length
2025-09-02 14:50:37.097 | INFO     | Pendulum.PendulumAPP:_processSerialData:120 - 📏 串口长度数据已更新: L28.582499 -> physical_length=28.582499
2025-09-02 14:50:37.098 | INFO     | Pendulum.PendulumAPP:_processSerialData:121 - 🔄 数据来源: 串口接收 -> PendulumState.physical_length
2025-09-02 14:50:37.143 | INFO     | Pendulum.PendulumAPP:_processSerialData:120 - 📏 串口长度数据已更新: L28.582499 -> physical_length=28.582499
2025-09-02 14:50:37.144 | INFO     | Pendulum.PendulumAPP:_processSerialData:121 - 🔄 数据来源: 串口接收 -> PendulumState.physical_length
2025-09-02 14:50:37.189 | INFO     | Pendulum.PendulumAPP:_processSerialData:120 - 📏 串口长度数据已更新: L28.582499 -> physical_length=28.582499
2025-09-02 14:50:37.191 | INFO     | Pendulum.PendulumAPP:_processSerialData:121 - 🔄 数据来源: 串口接收 -> PendulumState.physical_length
2025-09-02 14:50:37.237 | INFO     | Pendulum.PendulumAPP:_processSerialData:120 - 📏 串口长度数据已更新: L28.582499 -> physical_length=28.582499
2025-09-02 14:50:37.239 | INFO     | Pendulum.PendulumAPP:_processSerialData:121 - 🔄 数据来源: 串口接收 -> PendulumState.physical_length
2025-09-02 14:50:37.274 | INFO     | Pendulum.PendulumAPP:_keyEventWeb:280 - n1
2025-09-02 14:50:37.277 | INFO     | Pendulum.SerialConncet:send:199 - sendn1
2025-09-02 14:50:37.283 | INFO     | Pendulum.SerialConncet:send:201 - [发送] n1
2025-09-02 14:50:37.297 | INFO     | Pendulum.PendulumAPP:_processSerialData:120 - 📏 串口长度数据已更新: L28.582499 -> physical_length=28.582499
2025-09-02 14:50:37.298 | INFO     | Pendulum.PendulumAPP:_processSerialData:121 - 🔄 数据来源: 串口接收 -> PendulumState.physical_length
2025-09-02 14:50:37.343 | INFO     | Pendulum.PendulumAPP:_processSerialData:120 - 📏 串口长度数据已更新: L28.582499 -> physical_length=28.582499
2025-09-02 14:50:37.346 | INFO     | Pendulum.PendulumAPP:_processSerialData:121 - 🔄 数据来源: 串口接收 -> PendulumState.physical_length
2025-09-02 14:50:37.391 | INFO     | Pendulum.PendulumAPP:_processSerialData:120 - 📏 串口长度数据已更新: L28.582499 -> physical_length=28.582499
2025-09-02 14:50:37.392 | INFO     | Pendulum.PendulumAPP:_processSerialData:121 - 🔄 数据来源: 串口接收 -> PendulumState.physical_length
2025-09-02 14:50:37.437 | INFO     | Pendulum.PendulumAPP:_processSerialData:120 - 📏 串口长度数据已更新: L28.582499 -> physical_length=28.582499
2025-09-02 14:50:37.438 | INFO     | Pendulum.PendulumAPP:_processSerialData:121 - 🔄 数据来源: 串口接收 -> PendulumState.physical_length
2025-09-02 14:50:37.483 | INFO     | Pendulum.PendulumAPP:_processSerialData:120 - 📏 串口长度数据已更新: L28.582499 -> physical_length=28.582499
2025-09-02 14:50:37.485 | INFO     | Pendulum.PendulumAPP:_processSerialData:121 - 🔄 数据来源: 串口接收 -> PendulumState.physical_length
2025-09-02 14:50:37.530 | INFO     | Pendulum.PendulumAPP:_processSerialData:120 - 📏 串口长度数据已更新: L28.582499 -> physical_length=28.582499
2025-09-02 14:50:37.531 | INFO     | Pendulum.PendulumAPP:_processSerialData:121 - 🔄 数据来源: 串口接收 -> PendulumState.physical_length
2025-09-02 14:50:37.576 | INFO     | Pendulum.PendulumAPP:_processSerialData:120 - 📏 串口长度数据已更新: L28.582499 -> physical_length=28.582499
2025-09-02 14:50:37.577 | INFO     | Pendulum.PendulumAPP:_processSerialData:121 - 🔄 数据来源: 串口接收 -> PendulumState.physical_length
2025-09-02 14:50:37.624 | INFO     | Pendulum.PendulumAPP:_processSerialData:120 - 📏 串口长度数据已更新: L28.582499 -> physical_length=28.582499
2025-09-02 14:50:37.625 | INFO     | Pendulum.PendulumAPP:_processSerialData:121 - 🔄 数据来源: 串口接收 -> PendulumState.physical_length
2025-09-02 14:50:37.659 | INFO     | Pendulum.PendulumAPP:_keyEventWeb:283 - n0
2025-09-02 14:50:37.663 | INFO     | Pendulum.SerialConncet:send:199 - sendn0
2025-09-02 14:50:37.665 | INFO     | Pendulum.SerialConncet:send:201 - [发送] n0
2025-09-02 14:50:37.686 | INFO     | Pendulum.PendulumAPP:_processSerialData:120 - 📏 串口长度数据已更新: L28.582499 -> physical_length=28.582499
2025-09-02 14:50:37.686 | INFO     | Pendulum.PendulumAPP:_processSerialData:121 - 🔄 数据来源: 串口接收 -> PendulumState.physical_length
2025-09-02 14:50:37.731 | INFO     | Pendulum.PendulumAPP:_processSerialData:120 - 📏 串口长度数据已更新: L28.582499 -> physical_length=28.582499
2025-09-02 14:50:37.733 | INFO     | Pendulum.PendulumAPP:_processSerialData:121 - 🔄 数据来源: 串口接收 -> PendulumState.physical_length
2025-09-02 14:50:37.779 | INFO     | Pendulum.PendulumAPP:_processSerialData:120 - 📏 串口长度数据已更新: L28.582499 -> physical_length=28.582499
2025-09-02 14:50:37.780 | INFO     | Pendulum.PendulumAPP:_processSerialData:121 - 🔄 数据来源: 串口接收 -> PendulumState.physical_length
2025-09-02 14:50:37.824 | INFO     | Pendulum.PendulumAPP:_processSerialData:120 - 📏 串口长度数据已更新: L28.582499 -> physical_length=28.582499
2025-09-02 14:50:37.827 | INFO     | Pendulum.PendulumAPP:_processSerialData:121 - 🔄 数据来源: 串口接收 -> PendulumState.physical_length
2025-09-02 14:50:37.873 | INFO     | Pendulum.PendulumAPP:_processSerialData:120 - 📏 串口长度数据已更新: L28.582499 -> physical_length=28.582499
2025-09-02 14:50:37.875 | INFO     | Pendulum.PendulumAPP:_processSerialData:121 - 🔄 数据来源: 串口接收 -> PendulumState.physical_length
2025-09-02 14:50:37.918 | INFO     | Pendulum.PendulumAPP:_processSerialData:120 - 📏 串口长度数据已更新: L28.582499 -> physical_length=28.582499
2025-09-02 14:50:37.923 | INFO     | Pendulum.PendulumAPP:_processSerialData:121 - 🔄 数据来源: 串口接收 -> PendulumState.physical_length
2025-09-02 14:50:37.965 | INFO     | Pendulum.PendulumAPP:_processSerialData:120 - 📏 串口长度数据已更新: L28.582499 -> physical_length=28.582499
2025-09-02 14:50:37.967 | INFO     | Pendulum.PendulumAPP:_processSerialData:121 - 🔄 数据来源: 串口接收 -> PendulumState.physical_length
2025-09-02 14:50:38.011 | INFO     | Pendulum.PendulumAPP:_processSerialData:120 - 📏 串口长度数据已更新: L28.582499 -> physical_length=28.582499
2025-09-02 14:50:38.012 | INFO     | Pendulum.PendulumAPP:_processSerialData:121 - 🔄 数据来源: 串口接收 -> PendulumState.physical_length
2025-09-02 14:50:38.058 | INFO     | Pendulum.PendulumAPP:_processSerialData:120 - 📏 串口长度数据已更新: L28.582499 -> physical_length=28.582499
2025-09-02 14:50:38.062 | INFO     | Pendulum.PendulumAPP:_processSerialData:121 - 🔄 数据来源: 串口接收 -> PendulumState.physical_length
2025-09-02 14:50:38.104 | INFO     | Pendulum.PendulumAPP:_processSerialData:120 - 📏 串口长度数据已更新: L28.582499 -> physical_length=28.582499
2025-09-02 14:50:38.105 | INFO     | Pendulum.PendulumAPP:_processSerialData:121 - 🔄 数据来源: 串口接收 -> PendulumState.physical_length
2025-09-02 14:50:38.150 | INFO     | Pendulum.PendulumAPP:_processSerialData:120 - 📏 串口长度数据已更新: L28.582499 -> physical_length=28.582499
2025-09-02 14:50:38.151 | INFO     | Pendulum.PendulumAPP:_processSerialData:121 - 🔄 数据来源: 串口接收 -> PendulumState.physical_length
2025-09-02 14:50:38.196 | INFO     | Pendulum.PendulumAPP:_processSerialData:120 - 📏 串口长度数据已更新: L28.582499 -> physical_length=28.582499
2025-09-02 14:50:38.197 | INFO     | Pendulum.PendulumAPP:_processSerialData:121 - 🔄 数据来源: 串口接收 -> PendulumState.physical_length
2025-09-02 14:50:38.243 | INFO     | Pendulum.PendulumAPP:_processSerialData:120 - 📏 串口长度数据已更新: L28.582499 -> physical_length=28.582499
2025-09-02 14:50:38.245 | INFO     | Pendulum.PendulumAPP:_processSerialData:121 - 🔄 数据来源: 串口接收 -> PendulumState.physical_length
2025-09-02 14:50:38.291 | INFO     | Pendulum.PendulumAPP:_processSerialData:120 - 📏 串口长度数据已更新: L28.582499 -> physical_length=28.582499
2025-09-02 14:50:38.293 | INFO     | Pendulum.PendulumAPP:_processSerialData:121 - 🔄 数据来源: 串口接收 -> PendulumState.physical_length
2025-09-02 14:50:38.342 | INFO     | Pendulum.PendulumAPP:_processSerialData:120 - 📏 串口长度数据已更新: L28.582499 -> physical_length=28.582499
2025-09-02 14:50:38.345 | INFO     | Pendulum.PendulumAPP:_processSerialData:121 - 🔄 数据来源: 串口接收 -> PendulumState.physical_length
2025-09-02 14:50:38.385 | INFO     | Pendulum.PendulumAPP:_processSerialData:120 - 📏 串口长度数据已更新: L28.582499 -> physical_length=28.582499
2025-09-02 14:50:38.386 | INFO     | Pendulum.PendulumAPP:_processSerialData:121 - 🔄 数据来源: 串口接收 -> PendulumState.physical_length
2025-09-02 14:50:38.431 | INFO     | Pendulum.PendulumAPP:_processSerialData:120 - 📏 串口长度数据已更新: L28.582499 -> physical_length=28.582499
2025-09-02 14:50:38.432 | INFO     | Pendulum.PendulumAPP:_processSerialData:121 - 🔄 数据来源: 串口接收 -> PendulumState.physical_length
2025-09-02 14:50:38.477 | INFO     | Pendulum.PendulumAPP:_processSerialData:120 - 📏 串口长度数据已更新: L28.582499 -> physical_length=28.582499
2025-09-02 14:50:38.478 | INFO     | Pendulum.PendulumAPP:_processSerialData:121 - 🔄 数据来源: 串口接收 -> PendulumState.physical_length
2025-09-02 14:50:38.525 | INFO     | Pendulum.PendulumAPP:_processSerialData:120 - 📏 串口长度数据已更新: L28.582499 -> physical_length=28.582499
2025-09-02 14:50:38.527 | INFO     | Pendulum.PendulumAPP:_processSerialData:121 - 🔄 数据来源: 串口接收 -> PendulumState.physical_length
2025-09-02 14:50:38.570 | INFO     | Pendulum.PendulumAPP:_processSerialData:120 - 📏 串口长度数据已更新: L28.582499 -> physical_length=28.582499
2025-09-02 14:50:38.571 | INFO     | Pendulum.PendulumAPP:_processSerialData:121 - 🔄 数据来源: 串口接收 -> PendulumState.physical_length
2025-09-02 14:50:38.617 | INFO     | Pendulum.PendulumAPP:_processSerialData:120 - 📏 串口长度数据已更新: L28.582499 -> physical_length=28.582499
2025-09-02 14:50:38.619 | INFO     | Pendulum.PendulumAPP:_processSerialData:121 - 🔄 数据来源: 串口接收 -> PendulumState.physical_length
2025-09-02 14:50:38.664 | INFO     | Pendulum.PendulumAPP:_processSerialData:120 - 📏 串口长度数据已更新: L28.582499 -> physical_length=28.582499
2025-09-02 14:50:38.665 | INFO     | Pendulum.PendulumAPP:_processSerialData:121 - 🔄 数据来源: 串口接收 -> PendulumState.physical_length
2025-09-02 14:50:38.710 | INFO     | Pendulum.PendulumAPP:_processSerialData:120 - 📏 串口长度数据已更新: L28.582499 -> physical_length=28.582499
2025-09-02 14:50:38.711 | INFO     | Pendulum.PendulumAPP:_processSerialData:121 - 🔄 数据来源: 串口接收 -> PendulumState.physical_length
2025-09-02 14:50:38.756 | INFO     | Pendulum.PendulumAPP:_processSerialData:120 - 📏 串口长度数据已更新: L28.582499 -> physical_length=28.582499
2025-09-02 14:50:38.759 | INFO     | Pendulum.PendulumAPP:_processSerialData:121 - 🔄 数据来源: 串口接收 -> PendulumState.physical_length
2025-09-02 14:50:38.802 | INFO     | Pendulum.PendulumAPP:_processSerialData:120 - 📏 串口长度数据已更新: L28.582499 -> physical_length=28.582499
2025-09-02 14:50:38.806 | INFO     | Pendulum.PendulumAPP:_processSerialData:121 - 🔄 数据来源: 串口接收 -> PendulumState.physical_length
2025-09-02 14:50:38.850 | INFO     | Pendulum.PendulumAPP:_processSerialData:120 - 📏 串口长度数据已更新: L28.582499 -> physical_length=28.582499
2025-09-02 14:50:38.851 | INFO     | Pendulum.PendulumAPP:_processSerialData:121 - 🔄 数据来源: 串口接收 -> PendulumState.physical_length
2025-09-02 14:50:38.896 | INFO     | Pendulum.PendulumAPP:_processSerialData:120 - 📏 串口长度数据已更新: L28.582499 -> physical_length=28.582499
2025-09-02 14:50:38.898 | INFO     | Pendulum.PendulumAPP:_processSerialData:121 - 🔄 数据来源: 串口接收 -> PendulumState.physical_length
2025-09-02 14:50:38.944 | INFO     | Pendulum.PendulumAPP:_processSerialData:120 - 📏 串口长度数据已更新: L28.582499 -> physical_length=28.582499
2025-09-02 14:50:38.945 | INFO     | Pendulum.PendulumAPP:_processSerialData:121 - 🔄 数据来源: 串口接收 -> PendulumState.physical_length
2025-09-02 14:50:38.991 | INFO     | Pendulum.PendulumAPP:_processSerialData:120 - 📏 串口长度数据已更新: L28.582499 -> physical_length=28.582499
2025-09-02 14:50:38.992 | INFO     | Pendulum.PendulumAPP:_processSerialData:121 - 🔄 数据来源: 串口接收 -> PendulumState.physical_length
2025-09-02 14:50:39.039 | INFO     | Pendulum.PendulumAPP:_processSerialData:120 - 📏 串口长度数据已更新: L28.582499 -> physical_length=28.582499
2025-09-02 14:50:39.040 | INFO     | Pendulum.PendulumAPP:_processSerialData:121 - 🔄 数据来源: 串口接收 -> PendulumState.physical_length
2025-09-02 14:50:39.085 | INFO     | Pendulum.PendulumAPP:_processSerialData:120 - 📏 串口长度数据已更新: L28.582499 -> physical_length=28.582499
2025-09-02 14:50:39.087 | INFO     | Pendulum.PendulumAPP:_processSerialData:121 - 🔄 数据来源: 串口接收 -> PendulumState.physical_length
2025-09-02 14:50:39.132 | INFO     | Pendulum.PendulumAPP:_processSerialData:120 - 📏 串口长度数据已更新: L28.582499 -> physical_length=28.582499
2025-09-02 14:50:39.133 | INFO     | Pendulum.PendulumAPP:_processSerialData:121 - 🔄 数据来源: 串口接收 -> PendulumState.physical_length
2025-09-02 14:50:39.178 | INFO     | Pendulum.PendulumAPP:_processSerialData:120 - 📏 串口长度数据已更新: L28.582499 -> physical_length=28.582499
2025-09-02 14:50:39.179 | INFO     | Pendulum.PendulumAPP:_processSerialData:121 - 🔄 数据来源: 串口接收 -> PendulumState.physical_length
2025-09-02 14:50:39.225 | INFO     | Pendulum.PendulumAPP:_processSerialData:120 - 📏 串口长度数据已更新: L28.582499 -> physical_length=28.582499
2025-09-02 14:50:39.225 | INFO     | Pendulum.PendulumAPP:_processSerialData:121 - 🔄 数据来源: 串口接收 -> PendulumState.physical_length
2025-09-02 14:50:39.271 | INFO     | Pendulum.PendulumAPP:_processSerialData:120 - 📏 串口长度数据已更新: L28.582499 -> physical_length=28.582499
2025-09-02 14:50:39.272 | INFO     | Pendulum.PendulumAPP:_processSerialData:121 - 🔄 数据来源: 串口接收 -> PendulumState.physical_length
2025-09-02 14:50:39.317 | INFO     | Pendulum.PendulumAPP:_processSerialData:120 - 📏 串口长度数据已更新: L28.582499 -> physical_length=28.582499
2025-09-02 14:50:39.317 | INFO     | Pendulum.PendulumAPP:_processSerialData:121 - 🔄 数据来源: 串口接收 -> PendulumState.physical_length
2025-09-02 14:50:39.364 | INFO     | Pendulum.PendulumAPP:_processSerialData:120 - 📏 串口长度数据已更新: L28.582499 -> physical_length=28.582499
2025-09-02 14:50:39.365 | INFO     | Pendulum.PendulumAPP:_processSerialData:121 - 🔄 数据来源: 串口接收 -> PendulumState.physical_length
2025-09-02 14:50:39.412 | INFO     | Pendulum.PendulumAPP:_processSerialData:120 - 📏 串口长度数据已更新: L28.582499 -> physical_length=28.582499
2025-09-02 14:50:39.413 | INFO     | Pendulum.PendulumAPP:_processSerialData:121 - 🔄 数据来源: 串口接收 -> PendulumState.physical_length
2025-09-02 14:50:39.460 | INFO     | Pendulum.PendulumAPP:_processSerialData:120 - 📏 串口长度数据已更新: L28.582499 -> physical_length=28.582499
2025-09-02 14:50:39.462 | INFO     | Pendulum.PendulumAPP:_processSerialData:121 - 🔄 数据来源: 串口接收 -> PendulumState.physical_length
2025-09-02 14:50:39.506 | INFO     | Pendulum.PendulumAPP:_processSerialData:120 - 📏 串口长度数据已更新: L28.582499 -> physical_length=28.582499
2025-09-02 14:50:39.507 | INFO     | Pendulum.PendulumAPP:_processSerialData:121 - 🔄 数据来源: 串口接收 -> PendulumState.physical_length
2025-09-02 14:50:39.551 | INFO     | Pendulum.PendulumAPP:_processSerialData:120 - 📏 串口长度数据已更新: L28.582499 -> physical_length=28.582499
2025-09-02 14:50:39.552 | INFO     | Pendulum.PendulumAPP:_processSerialData:121 - 🔄 数据来源: 串口接收 -> PendulumState.physical_length
2025-09-02 14:50:39.599 | INFO     | Pendulum.PendulumAPP:_processSerialData:120 - 📏 串口长度数据已更新: L28.582499 -> physical_length=28.582499
2025-09-02 14:50:39.600 | INFO     | Pendulum.PendulumAPP:_processSerialData:121 - 🔄 数据来源: 串口接收 -> PendulumState.physical_length
2025-09-02 14:50:39.645 | INFO     | Pendulum.PendulumAPP:_processSerialData:120 - 📏 串口长度数据已更新: L28.582499 -> physical_length=28.582499
2025-09-02 14:50:39.647 | INFO     | Pendulum.PendulumAPP:_processSerialData:121 - 🔄 数据来源: 串口接收 -> PendulumState.physical_length
2025-09-02 14:50:39.689 | INFO     | Pendulum.PendulumAPP:_processSerialData:120 - 📏 串口长度数据已更新: L28.582499 -> physical_length=28.582499
2025-09-02 14:50:39.690 | INFO     | Pendulum.PendulumAPP:_processSerialData:121 - 🔄 数据来源: 串口接收 -> PendulumState.physical_length
2025-09-02 14:50:39.735 | INFO     | Pendulum.PendulumAPP:_processSerialData:120 - 📏 串口长度数据已更新: L28.582499 -> physical_length=28.582499
2025-09-02 14:50:39.736 | INFO     | Pendulum.PendulumAPP:_processSerialData:121 - 🔄 数据来源: 串口接收 -> PendulumState.physical_length
2025-09-02 14:50:39.781 | INFO     | Pendulum.PendulumAPP:_processSerialData:120 - 📏 串口长度数据已更新: L28.582499 -> physical_length=28.582499
2025-09-02 14:50:39.782 | INFO     | Pendulum.PendulumAPP:_processSerialData:121 - 🔄 数据来源: 串口接收 -> PendulumState.physical_length
2025-09-02 14:50:39.827 | INFO     | Pendulum.PendulumAPP:_processSerialData:120 - 📏 串口长度数据已更新: L28.582499 -> physical_length=28.582499
2025-09-02 14:50:39.828 | INFO     | Pendulum.PendulumAPP:_processSerialData:121 - 🔄 数据来源: 串口接收 -> PendulumState.physical_length
2025-09-02 14:50:39.874 | INFO     | Pendulum.PendulumAPP:_processSerialData:120 - 📏 串口长度数据已更新: L28.582499 -> physical_length=28.582499
2025-09-02 14:50:39.876 | INFO     | Pendulum.PendulumAPP:_processSerialData:121 - 🔄 数据来源: 串口接收 -> PendulumState.physical_length
2025-09-02 14:50:39.920 | INFO     | Pendulum.PendulumAPP:_processSerialData:120 - 📏 串口长度数据已更新: L28.582499 -> physical_length=28.582499
2025-09-02 14:50:39.924 | INFO     | Pendulum.PendulumAPP:_processSerialData:121 - 🔄 数据来源: 串口接收 -> PendulumState.physical_length
2025-09-02 14:50:39.968 | INFO     | Pendulum.PendulumAPP:_processSerialData:120 - 📏 串口长度数据已更新: L28.582499 -> physical_length=28.582499
2025-09-02 14:50:39.969 | INFO     | Pendulum.PendulumAPP:_processSerialData:121 - 🔄 数据来源: 串口接收 -> PendulumState.physical_length
2025-09-02 14:50:40.014 | INFO     | Pendulum.PendulumAPP:_processSerialData:120 - 📏 串口长度数据已更新: L28.582499 -> physical_length=28.582499
2025-09-02 14:50:40.015 | INFO     | Pendulum.PendulumAPP:_processSerialData:121 - 🔄 数据来源: 串口接收 -> PendulumState.physical_length
2025-09-02 14:50:40.061 | INFO     | Pendulum.PendulumAPP:_processSerialData:120 - 📏 串口长度数据已更新: L28.582499 -> physical_length=28.582499
2025-09-02 14:50:40.063 | INFO     | Pendulum.PendulumAPP:_processSerialData:121 - 🔄 数据来源: 串口接收 -> PendulumState.physical_length
2025-09-02 14:50:40.108 | INFO     | Pendulum.PendulumAPP:_processSerialData:120 - 📏 串口长度数据已更新: L28.582499 -> physical_length=28.582499
2025-09-02 14:50:40.109 | INFO     | Pendulum.PendulumAPP:_processSerialData:121 - 🔄 数据来源: 串口接收 -> PendulumState.physical_length
2025-09-02 14:50:40.153 | INFO     | Pendulum.PendulumAPP:_processSerialData:120 - 📏 串口长度数据已更新: L28.582499 -> physical_length=28.582499
2025-09-02 14:50:40.155 | INFO     | Pendulum.PendulumAPP:_processSerialData:121 - 🔄 数据来源: 串口接收 -> PendulumState.physical_length
2025-09-02 14:50:40.200 | INFO     | Pendulum.PendulumAPP:_processSerialData:120 - 📏 串口长度数据已更新: L28.582499 -> physical_length=28.582499
2025-09-02 14:50:40.201 | INFO     | Pendulum.PendulumAPP:_processSerialData:121 - 🔄 数据来源: 串口接收 -> PendulumState.physical_length
2025-09-02 14:50:40.247 | INFO     | Pendulum.PendulumAPP:_processSerialData:120 - 📏 串口长度数据已更新: L28.582499 -> physical_length=28.582499
2025-09-02 14:50:40.248 | INFO     | Pendulum.PendulumAPP:_processSerialData:121 - 🔄 数据来源: 串口接收 -> PendulumState.physical_length
2025-09-02 14:50:40.294 | INFO     | Pendulum.PendulumAPP:_processSerialData:120 - 📏 串口长度数据已更新: L28.582499 -> physical_length=28.582499
2025-09-02 14:50:40.295 | INFO     | Pendulum.PendulumAPP:_processSerialData:121 - 🔄 数据来源: 串口接收 -> PendulumState.physical_length
2025-09-02 14:50:40.346 | INFO     | Pendulum.PendulumAPP:_processSerialData:120 - 📏 串口长度数据已更新: L28.582499 -> physical_length=28.582499
2025-09-02 14:50:40.347 | INFO     | Pendulum.PendulumAPP:_processSerialData:121 - 🔄 数据来源: 串口接收 -> PendulumState.physical_length
2025-09-02 14:50:40.388 | INFO     | Pendulum.PendulumAPP:_processSerialData:120 - 📏 串口长度数据已更新: L28.582499 -> physical_length=28.582499
2025-09-02 14:50:40.388 | INFO     | Pendulum.PendulumAPP:_processSerialData:121 - 🔄 数据来源: 串口接收 -> PendulumState.physical_length
2025-09-02 14:50:40.434 | INFO     | Pendulum.PendulumAPP:_processSerialData:120 - 📏 串口长度数据已更新: L28.582499 -> physical_length=28.582499
2025-09-02 14:50:40.436 | INFO     | Pendulum.PendulumAPP:_processSerialData:121 - 🔄 数据来源: 串口接收 -> PendulumState.physical_length
2025-09-02 14:50:40.480 | INFO     | Pendulum.PendulumAPP:_processSerialData:120 - 📏 串口长度数据已更新: L28.582499 -> physical_length=28.582499
2025-09-02 14:50:40.481 | INFO     | Pendulum.PendulumAPP:_processSerialData:121 - 🔄 数据来源: 串口接收 -> PendulumState.physical_length
2025-09-02 14:50:40.526 | INFO     | Pendulum.PendulumAPP:_processSerialData:120 - 📏 串口长度数据已更新: L28.582499 -> physical_length=28.582499
2025-09-02 14:50:40.527 | INFO     | Pendulum.PendulumAPP:_processSerialData:121 - 🔄 数据来源: 串口接收 -> PendulumState.physical_length
2025-09-02 14:50:40.571 | INFO     | Pendulum.PendulumAPP:_processSerialData:120 - 📏 串口长度数据已更新: L28.582499 -> physical_length=28.582499
2025-09-02 14:50:40.574 | INFO     | Pendulum.PendulumAPP:_processSerialData:121 - 🔄 数据来源: 串口接收 -> PendulumState.physical_length
2025-09-02 14:50:40.619 | INFO     | Pendulum.PendulumAPP:_processSerialData:120 - 📏 串口长度数据已更新: L28.582499 -> physical_length=28.582499
2025-09-02 14:50:40.625 | INFO     | Pendulum.PendulumAPP:_processSerialData:121 - 🔄 数据来源: 串口接收 -> PendulumState.physical_length
2025-09-02 14:50:40.665 | INFO     | Pendulum.PendulumAPP:_processSerialData:120 - 📏 串口长度数据已更新: L28.582499 -> physical_length=28.582499
2025-09-02 14:50:40.665 | INFO     | Pendulum.PendulumAPP:_processSerialData:121 - 🔄 数据来源: 串口接收 -> PendulumState.physical_length
2025-09-02 14:50:40.711 | INFO     | Pendulum.PendulumAPP:_processSerialData:120 - 📏 串口长度数据已更新: L28.582499 -> physical_length=28.582499
2025-09-02 14:50:40.712 | INFO     | Pendulum.PendulumAPP:_processSerialData:121 - 🔄 数据来源: 串口接收 -> PendulumState.physical_length
2025-09-02 14:50:40.759 | INFO     | Pendulum.PendulumAPP:_processSerialData:120 - 📏 串口长度数据已更新: L28.582499 -> physical_length=28.582499
2025-09-02 14:50:40.759 | INFO     | Pendulum.PendulumAPP:_processSerialData:121 - 🔄 数据来源: 串口接收 -> PendulumState.physical_length
2025-09-02 14:50:40.806 | INFO     | Pendulum.PendulumAPP:_processSerialData:120 - 📏 串口长度数据已更新: L28.582499 -> physical_length=28.582499
2025-09-02 14:50:40.807 | INFO     | Pendulum.PendulumAPP:_processSerialData:121 - 🔄 数据来源: 串口接收 -> PendulumState.physical_length
2025-09-02 14:50:40.853 | INFO     | Pendulum.PendulumAPP:_processSerialData:120 - 📏 串口长度数据已更新: L28.582499 -> physical_length=28.582499
2025-09-02 14:50:40.854 | INFO     | Pendulum.PendulumAPP:_processSerialData:121 - 🔄 数据来源: 串口接收 -> PendulumState.physical_length
2025-09-02 14:50:40.900 | INFO     | Pendulum.PendulumAPP:_processSerialData:120 - 📏 串口长度数据已更新: L28.582499 -> physical_length=28.582499
2025-09-02 14:50:40.901 | INFO     | Pendulum.PendulumAPP:_processSerialData:121 - 🔄 数据来源: 串口接收 -> PendulumState.physical_length
2025-09-02 14:50:40.946 | INFO     | Pendulum.PendulumAPP:_processSerialData:120 - 📏 串口长度数据已更新: L28.582499 -> physical_length=28.582499
2025-09-02 14:50:40.946 | INFO     | Pendulum.PendulumAPP:_processSerialData:121 - 🔄 数据来源: 串口接收 -> PendulumState.physical_length
2025-09-02 14:50:40.993 | INFO     | Pendulum.PendulumAPP:_processSerialData:120 - 📏 串口长度数据已更新: L28.582499 -> physical_length=28.582499
2025-09-02 14:50:40.994 | INFO     | Pendulum.PendulumAPP:_processSerialData:121 - 🔄 数据来源: 串口接收 -> PendulumState.physical_length
2025-09-02 14:50:41.039 | INFO     | Pendulum.PendulumAPP:_processSerialData:120 - 📏 串口长度数据已更新: L28.582499 -> physical_length=28.582499
2025-09-02 14:50:41.040 | INFO     | Pendulum.PendulumAPP:_processSerialData:121 - 🔄 数据来源: 串口接收 -> PendulumState.physical_length
2025-09-02 14:50:41.102 | INFO     | Pendulum.PendulumAPP:_processSerialData:120 - 📏 串口长度数据已更新: L28.582499 -> physical_length=28.582499
2025-09-02 14:50:41.103 | INFO     | Pendulum.PendulumAPP:_processSerialData:121 - 🔄 数据来源: 串口接收 -> PendulumState.physical_length
2025-09-02 14:50:41.150 | INFO     | Pendulum.PendulumAPP:_processSerialData:120 - 📏 串口长度数据已更新: L28.582499 -> physical_length=28.582499
2025-09-02 14:50:41.151 | INFO     | Pendulum.PendulumAPP:_processSerialData:121 - 🔄 数据来源: 串口接收 -> PendulumState.physical_length
2025-09-02 14:50:41.197 | INFO     | Pendulum.PendulumAPP:_processSerialData:120 - 📏 串口长度数据已更新: L28.582499 -> physical_length=28.582499
2025-09-02 14:50:41.198 | INFO     | Pendulum.PendulumAPP:_processSerialData:121 - 🔄 数据来源: 串口接收 -> PendulumState.physical_length
2025-09-02 14:50:41.243 | INFO     | Pendulum.PendulumAPP:_processSerialData:120 - 📏 串口长度数据已更新: L28.582499 -> physical_length=28.582499
2025-09-02 14:50:41.244 | INFO     | Pendulum.PendulumAPP:_processSerialData:121 - 🔄 数据来源: 串口接收 -> PendulumState.physical_length
2025-09-02 14:50:41.306 | INFO     | Pendulum.PendulumAPP:_processSerialData:120 - 📏 串口长度数据已更新: L28.582499 -> physical_length=28.582499
2025-09-02 14:50:41.307 | INFO     | Pendulum.PendulumAPP:_processSerialData:121 - 🔄 数据来源: 串口接收 -> PendulumState.physical_length
2025-09-02 14:50:41.369 | INFO     | Pendulum.PendulumAPP:_processSerialData:120 - 📏 串口长度数据已更新: L28.582499 -> physical_length=28.582499
2025-09-02 14:50:41.369 | INFO     | Pendulum.PendulumAPP:_processSerialData:121 - 🔄 数据来源: 串口接收 -> PendulumState.physical_length
2025-09-02 14:50:41.415 | INFO     | Pendulum.PendulumAPP:_processSerialData:120 - 📏 串口长度数据已更新: L28.582499 -> physical_length=28.582499
2025-09-02 14:50:41.416 | INFO     | Pendulum.PendulumAPP:_processSerialData:121 - 🔄 数据来源: 串口接收 -> PendulumState.physical_length
2025-09-02 14:50:41.462 | INFO     | Pendulum.PendulumAPP:_processSerialData:120 - 📏 串口长度数据已更新: L28.582499 -> physical_length=28.582499
2025-09-02 14:50:41.463 | INFO     | Pendulum.PendulumAPP:_processSerialData:121 - 🔄 数据来源: 串口接收 -> PendulumState.physical_length
2025-09-02 14:50:41.508 | INFO     | Pendulum.PendulumAPP:_processSerialData:120 - 📏 串口长度数据已更新: L28.582499 -> physical_length=28.582499
2025-09-02 14:50:41.509 | INFO     | Pendulum.PendulumAPP:_processSerialData:121 - 🔄 数据来源: 串口接收 -> PendulumState.physical_length
2025-09-02 14:50:41.554 | INFO     | Pendulum.PendulumAPP:_processSerialData:120 - 📏 串口长度数据已更新: L28.582499 -> physical_length=28.582499
2025-09-02 14:50:41.554 | INFO     | Pendulum.PendulumAPP:_processSerialData:121 - 🔄 数据来源: 串口接收 -> PendulumState.physical_length
2025-09-02 14:50:41.601 | INFO     | Pendulum.PendulumAPP:_processSerialData:120 - 📏 串口长度数据已更新: L28.582499 -> physical_length=28.582499
2025-09-02 14:50:41.603 | INFO     | Pendulum.PendulumAPP:_processSerialData:121 - 🔄 数据来源: 串口接收 -> PendulumState.physical_length
2025-09-02 14:50:41.647 | INFO     | Pendulum.PendulumAPP:_processSerialData:120 - 📏 串口长度数据已更新: L28.582499 -> physical_length=28.582499
2025-09-02 14:50:41.649 | INFO     | Pendulum.PendulumAPP:_processSerialData:121 - 🔄 数据来源: 串口接收 -> PendulumState.physical_length
2025-09-02 14:50:41.694 | INFO     | Pendulum.PendulumAPP:_processSerialData:120 - 📏 串口长度数据已更新: L28.582499 -> physical_length=28.582499
2025-09-02 14:50:41.698 | INFO     | Pendulum.PendulumAPP:_processSerialData:121 - 🔄 数据来源: 串口接收 -> PendulumState.physical_length
2025-09-02 14:50:41.740 | INFO     | Pendulum.PendulumAPP:_processSerialData:120 - 📏 串口长度数据已更新: L28.582499 -> physical_length=28.582499
2025-09-02 14:50:41.743 | INFO     | Pendulum.PendulumAPP:_processSerialData:121 - 🔄 数据来源: 串口接收 -> PendulumState.physical_length
2025-09-02 14:50:41.787 | INFO     | Pendulum.PendulumAPP:_processSerialData:120 - 📏 串口长度数据已更新: L28.582499 -> physical_length=28.582499
2025-09-02 14:50:41.788 | INFO     | Pendulum.PendulumAPP:_processSerialData:121 - 🔄 数据来源: 串口接收 -> PendulumState.physical_length
2025-09-02 14:50:41.834 | INFO     | Pendulum.PendulumAPP:_processSerialData:120 - 📏 串口长度数据已更新: L28.582499 -> physical_length=28.582499
2025-09-02 14:50:41.834 | INFO     | Pendulum.PendulumAPP:_processSerialData:121 - 🔄 数据来源: 串口接收 -> PendulumState.physical_length
2025-09-02 14:50:41.881 | INFO     | Pendulum.PendulumAPP:_processSerialData:120 - 📏 串口长度数据已更新: L28.582499 -> physical_length=28.582499
2025-09-02 14:50:41.882 | INFO     | Pendulum.PendulumAPP:_processSerialData:121 - 🔄 数据来源: 串口接收 -> PendulumState.physical_length
2025-09-02 14:50:41.928 | INFO     | Pendulum.PendulumAPP:_processSerialData:120 - 📏 串口长度数据已更新: L28.582499 -> physical_length=28.582499
2025-09-02 14:50:41.929 | INFO     | Pendulum.PendulumAPP:_processSerialData:121 - 🔄 数据来源: 串口接收 -> PendulumState.physical_length
2025-09-02 14:50:41.974 | INFO     | Pendulum.PendulumAPP:_processSerialData:120 - 📏 串口长度数据已更新: L28.582499 -> physical_length=28.582499
2025-09-02 14:50:41.976 | INFO     | Pendulum.PendulumAPP:_processSerialData:121 - 🔄 数据来源: 串口接收 -> PendulumState.physical_length
2025-09-02 14:50:42.020 | INFO     | Pendulum.PendulumAPP:_processSerialData:120 - 📏 串口长度数据已更新: L28.582499 -> physical_length=28.582499
2025-09-02 14:50:42.021 | INFO     | Pendulum.PendulumAPP:_processSerialData:121 - 🔄 数据来源: 串口接收 -> PendulumState.physical_length
2025-09-02 14:50:42.066 | INFO     | Pendulum.PendulumAPP:_processSerialData:120 - 📏 串口长度数据已更新: L28.582499 -> physical_length=28.582499
2025-09-02 14:50:42.066 | INFO     | Pendulum.PendulumAPP:_processSerialData:121 - 🔄 数据来源: 串口接收 -> PendulumState.physical_length
2025-09-02 14:50:42.113 | INFO     | Pendulum.PendulumAPP:_processSerialData:120 - 📏 串口长度数据已更新: L28.582499 -> physical_length=28.582499
2025-09-02 14:50:42.114 | INFO     | Pendulum.PendulumAPP:_processSerialData:121 - 🔄 数据来源: 串口接收 -> PendulumState.physical_length
2025-09-02 14:50:42.158 | INFO     | Pendulum.PendulumAPP:_processSerialData:120 - 📏 串口长度数据已更新: L28.582499 -> physical_length=28.582499
2025-09-02 14:50:42.158 | INFO     | Pendulum.PendulumAPP:_processSerialData:121 - 🔄 数据来源: 串口接收 -> PendulumState.physical_length
2025-09-02 14:50:42.203 | INFO     | Pendulum.PendulumAPP:_processSerialData:120 - 📏 串口长度数据已更新: L28.582499 -> physical_length=28.582499
2025-09-02 14:50:42.204 | INFO     | Pendulum.PendulumAPP:_processSerialData:121 - 🔄 数据来源: 串口接收 -> PendulumState.physical_length
2025-09-02 14:50:42.249 | INFO     | Pendulum.PendulumAPP:_processSerialData:120 - 📏 串口长度数据已更新: L28.582499 -> physical_length=28.582499
2025-09-02 14:50:42.250 | INFO     | Pendulum.PendulumAPP:_processSerialData:121 - 🔄 数据来源: 串口接收 -> PendulumState.physical_length
2025-09-02 14:50:42.295 | INFO     | Pendulum.PendulumAPP:_processSerialData:120 - 📏 串口长度数据已更新: L28.582499 -> physical_length=28.582499
2025-09-02 14:50:42.297 | INFO     | Pendulum.PendulumAPP:_processSerialData:121 - 🔄 数据来源: 串口接收 -> PendulumState.physical_length
2025-09-02 14:50:42.345 | INFO     | Pendulum.PendulumAPP:_processSerialData:120 - 📏 串口长度数据已更新: L28.582499 -> physical_length=28.582499
2025-09-02 14:50:42.345 | INFO     | Pendulum.PendulumAPP:_processSerialData:121 - 🔄 数据来源: 串口接收 -> PendulumState.physical_length
2025-09-02 14:50:42.387 | INFO     | Pendulum.PendulumAPP:_processSerialData:120 - 📏 串口长度数据已更新: L28.582499 -> physical_length=28.582499
2025-09-02 14:50:42.388 | INFO     | Pendulum.PendulumAPP:_processSerialData:121 - 🔄 数据来源: 串口接收 -> PendulumState.physical_length
2025-09-02 14:50:42.432 | INFO     | Pendulum.PendulumAPP:_processSerialData:120 - 📏 串口长度数据已更新: L28.582499 -> physical_length=28.582499
2025-09-02 14:50:42.433 | INFO     | Pendulum.PendulumAPP:_processSerialData:121 - 🔄 数据来源: 串口接收 -> PendulumState.physical_length
2025-09-02 14:50:42.480 | INFO     | Pendulum.PendulumAPP:_processSerialData:120 - 📏 串口长度数据已更新: L28.582499 -> physical_length=28.582499
2025-09-02 14:50:42.481 | INFO     | Pendulum.PendulumAPP:_processSerialData:121 - 🔄 数据来源: 串口接收 -> PendulumState.physical_length
2025-09-02 14:50:42.528 | INFO     | Pendulum.PendulumAPP:_processSerialData:120 - 📏 串口长度数据已更新: L28.582499 -> physical_length=28.582499
2025-09-02 14:50:42.530 | INFO     | Pendulum.PendulumAPP:_processSerialData:121 - 🔄 数据来源: 串口接收 -> PendulumState.physical_length
2025-09-02 14:50:42.575 | INFO     | Pendulum.PendulumAPP:_processSerialData:120 - 📏 串口长度数据已更新: L28.582499 -> physical_length=28.582499
2025-09-02 14:50:42.578 | INFO     | Pendulum.PendulumAPP:_processSerialData:121 - 🔄 数据来源: 串口接收 -> PendulumState.physical_length
2025-09-02 14:50:42.619 | INFO     | Pendulum.PendulumAPP:_processSerialData:120 - 📏 串口长度数据已更新: L28.582499 -> physical_length=28.582499
2025-09-02 14:50:42.623 | INFO     | Pendulum.PendulumAPP:_processSerialData:121 - 🔄 数据来源: 串口接收 -> PendulumState.physical_length
2025-09-02 14:50:42.667 | INFO     | Pendulum.PendulumAPP:_processSerialData:120 - 📏 串口长度数据已更新: L28.582499 -> physical_length=28.582499
2025-09-02 14:50:42.668 | INFO     | Pendulum.PendulumAPP:_processSerialData:121 - 🔄 数据来源: 串口接收 -> PendulumState.physical_length
2025-09-02 14:50:42.713 | INFO     | Pendulum.PendulumAPP:_processSerialData:120 - 📏 串口长度数据已更新: L28.582499 -> physical_length=28.582499
2025-09-02 14:50:42.714 | INFO     | Pendulum.PendulumAPP:_processSerialData:121 - 🔄 数据来源: 串口接收 -> PendulumState.physical_length
2025-09-02 14:50:42.759 | INFO     | Pendulum.PendulumAPP:_processSerialData:120 - 📏 串口长度数据已更新: L28.582499 -> physical_length=28.582499
2025-09-02 14:50:42.760 | INFO     | Pendulum.PendulumAPP:_processSerialData:121 - 🔄 数据来源: 串口接收 -> PendulumState.physical_length
2025-09-02 14:50:42.804 | INFO     | Pendulum.PendulumAPP:_processSerialData:120 - 📏 串口长度数据已更新: L28.582499 -> physical_length=28.582499
2025-09-02 14:50:42.807 | INFO     | Pendulum.PendulumAPP:_processSerialData:121 - 🔄 数据来源: 串口接收 -> PendulumState.physical_length
2025-09-02 14:50:42.850 | INFO     | Pendulum.PendulumAPP:_processSerialData:120 - 📏 串口长度数据已更新: L28.582499 -> physical_length=28.582499
2025-09-02 14:50:42.851 | INFO     | Pendulum.PendulumAPP:_processSerialData:121 - 🔄 数据来源: 串口接收 -> PendulumState.physical_length
2025-09-02 14:50:42.896 | INFO     | Pendulum.PendulumAPP:_processSerialData:120 - 📏 串口长度数据已更新: L28.582499 -> physical_length=28.582499
2025-09-02 14:50:42.897 | INFO     | Pendulum.PendulumAPP:_processSerialData:121 - 🔄 数据来源: 串口接收 -> PendulumState.physical_length
2025-09-02 14:50:42.944 | INFO     | Pendulum.PendulumAPP:_processSerialData:120 - 📏 串口长度数据已更新: L28.582499 -> physical_length=28.582499
2025-09-02 14:50:42.946 | INFO     | Pendulum.PendulumAPP:_processSerialData:121 - 🔄 数据来源: 串口接收 -> PendulumState.physical_length
2025-09-02 14:50:42.991 | INFO     | Pendulum.PendulumAPP:_processSerialData:120 - 📏 串口长度数据已更新: L28.582499 -> physical_length=28.582499
2025-09-02 14:50:42.992 | INFO     | Pendulum.PendulumAPP:_processSerialData:121 - 🔄 数据来源: 串口接收 -> PendulumState.physical_length
2025-09-02 14:50:43.038 | INFO     | Pendulum.PendulumAPP:_processSerialData:120 - 📏 串口长度数据已更新: L28.582499 -> physical_length=28.582499
2025-09-02 14:50:43.039 | INFO     | Pendulum.PendulumAPP:_processSerialData:121 - 🔄 数据来源: 串口接收 -> PendulumState.physical_length
2025-09-02 14:50:43.086 | INFO     | Pendulum.PendulumAPP:_processSerialData:120 - 📏 串口长度数据已更新: L28.582499 -> physical_length=28.582499
2025-09-02 14:50:43.089 | INFO     | Pendulum.PendulumAPP:_processSerialData:121 - 🔄 数据来源: 串口接收 -> PendulumState.physical_length
2025-09-02 14:50:43.130 | INFO     | Pendulum.PendulumAPP:_processSerialData:120 - 📏 串口长度数据已更新: L28.582499 -> physical_length=28.582499
2025-09-02 14:50:43.131 | INFO     | Pendulum.PendulumAPP:_processSerialData:121 - 🔄 数据来源: 串口接收 -> PendulumState.physical_length
2025-09-02 14:50:43.177 | INFO     | Pendulum.PendulumAPP:_processSerialData:120 - 📏 串口长度数据已更新: L28.582499 -> physical_length=28.582499
2025-09-02 14:50:43.178 | INFO     | Pendulum.PendulumAPP:_processSerialData:121 - 🔄 数据来源: 串口接收 -> PendulumState.physical_length
2025-09-02 14:50:43.224 | INFO     | Pendulum.PendulumAPP:_processSerialData:120 - 📏 串口长度数据已更新: L28.582499 -> physical_length=28.582499
2025-09-02 14:50:43.225 | INFO     | Pendulum.PendulumAPP:_processSerialData:121 - 🔄 数据来源: 串口接收 -> PendulumState.physical_length
2025-09-02 14:50:43.270 | INFO     | Pendulum.PendulumAPP:_processSerialData:120 - 📏 串口长度数据已更新: L28.582499 -> physical_length=28.582499
2025-09-02 14:50:43.271 | INFO     | Pendulum.PendulumAPP:_processSerialData:121 - 🔄 数据来源: 串口接收 -> PendulumState.physical_length
2025-09-02 14:50:43.317 | INFO     | Pendulum.PendulumAPP:_processSerialData:120 - 📏 串口长度数据已更新: L28.582499 -> physical_length=28.582499
2025-09-02 14:50:43.318 | INFO     | Pendulum.PendulumAPP:_processSerialData:121 - 🔄 数据来源: 串口接收 -> PendulumState.physical_length
2025-09-02 14:50:43.364 | INFO     | Pendulum.PendulumAPP:_processSerialData:120 - 📏 串口长度数据已更新: L28.582499 -> physical_length=28.582499
2025-09-02 14:50:43.366 | INFO     | Pendulum.PendulumAPP:_processSerialData:121 - 🔄 数据来源: 串口接收 -> PendulumState.physical_length
2025-09-02 14:50:43.411 | INFO     | Pendulum.PendulumAPP:_processSerialData:120 - 📏 串口长度数据已更新: L28.582499 -> physical_length=28.582499
2025-09-02 14:50:43.412 | INFO     | Pendulum.PendulumAPP:_processSerialData:121 - 🔄 数据来源: 串口接收 -> PendulumState.physical_length
2025-09-02 14:50:43.458 | INFO     | Pendulum.PendulumAPP:_processSerialData:120 - 📏 串口长度数据已更新: L28.582499 -> physical_length=28.582499
2025-09-02 14:50:43.458 | INFO     | Pendulum.PendulumAPP:_processSerialData:121 - 🔄 数据来源: 串口接收 -> PendulumState.physical_length
2025-09-02 14:50:43.504 | INFO     | Pendulum.PendulumAPP:_processSerialData:120 - 📏 串口长度数据已更新: L28.582499 -> physical_length=28.582499
2025-09-02 14:50:43.506 | INFO     | Pendulum.PendulumAPP:_processSerialData:121 - 🔄 数据来源: 串口接收 -> PendulumState.physical_length
2025-09-02 14:50:43.551 | INFO     | Pendulum.PendulumAPP:_processSerialData:120 - 📏 串口长度数据已更新: L28.582499 -> physical_length=28.582499
2025-09-02 14:50:43.552 | INFO     | Pendulum.PendulumAPP:_processSerialData:121 - 🔄 数据来源: 串口接收 -> PendulumState.physical_length
2025-09-02 14:50:43.598 | INFO     | Pendulum.PendulumAPP:_processSerialData:120 - 📏 串口长度数据已更新: L28.582499 -> physical_length=28.582499
2025-09-02 14:50:43.601 | INFO     | Pendulum.PendulumAPP:_processSerialData:121 - 🔄 数据来源: 串口接收 -> PendulumState.physical_length
2025-09-02 14:50:43.642 | INFO     | Pendulum.PendulumAPP:_processSerialData:120 - 📏 串口长度数据已更新: L28.582499 -> physical_length=28.582499
2025-09-02 14:50:43.646 | INFO     | Pendulum.PendulumAPP:_processSerialData:121 - 🔄 数据来源: 串口接收 -> PendulumState.physical_length
2025-09-02 14:50:43.689 | INFO     | Pendulum.PendulumAPP:_processSerialData:120 - 📏 串口长度数据已更新: L28.582499 -> physical_length=28.582499
2025-09-02 14:50:43.690 | INFO     | Pendulum.PendulumAPP:_processSerialData:121 - 🔄 数据来源: 串口接收 -> PendulumState.physical_length
2025-09-02 14:50:43.735 | INFO     | Pendulum.PendulumAPP:_processSerialData:120 - 📏 串口长度数据已更新: L28.582499 -> physical_length=28.582499
2025-09-02 14:50:43.737 | INFO     | Pendulum.PendulumAPP:_processSerialData:121 - 🔄 数据来源: 串口接收 -> PendulumState.physical_length
2025-09-02 14:50:43.782 | INFO     | Pendulum.PendulumAPP:_processSerialData:120 - 📏 串口长度数据已更新: L28.582499 -> physical_length=28.582499
2025-09-02 14:50:43.783 | INFO     | Pendulum.PendulumAPP:_processSerialData:121 - 🔄 数据来源: 串口接收 -> PendulumState.physical_length
2025-09-02 14:50:43.829 | INFO     | Pendulum.PendulumAPP:_processSerialData:120 - 📏 串口长度数据已更新: L28.582499 -> physical_length=28.582499
2025-09-02 14:50:43.830 | INFO     | Pendulum.PendulumAPP:_processSerialData:121 - 🔄 数据来源: 串口接收 -> PendulumState.physical_length
2025-09-02 14:50:43.875 | INFO     | Pendulum.PendulumAPP:_processSerialData:120 - 📏 串口长度数据已更新: L28.582499 -> physical_length=28.582499
2025-09-02 14:50:43.877 | INFO     | Pendulum.PendulumAPP:_processSerialData:121 - 🔄 数据来源: 串口接收 -> PendulumState.physical_length
2025-09-02 14:50:43.924 | INFO     | Pendulum.PendulumAPP:_processSerialData:120 - 📏 串口长度数据已更新: L28.582499 -> physical_length=28.582499
2025-09-02 14:50:43.926 | INFO     | Pendulum.PendulumAPP:_processSerialData:121 - 🔄 数据来源: 串口接收 -> PendulumState.physical_length
2025-09-02 14:50:43.971 | INFO     | Pendulum.PendulumAPP:_processSerialData:120 - 📏 串口长度数据已更新: L28.582499 -> physical_length=28.582499
2025-09-02 14:50:43.972 | INFO     | Pendulum.PendulumAPP:_processSerialData:121 - 🔄 数据来源: 串口接收 -> PendulumState.physical_length
2025-09-02 14:50:44.018 | INFO     | Pendulum.PendulumAPP:_processSerialData:120 - 📏 串口长度数据已更新: L28.582499 -> physical_length=28.582499
2025-09-02 14:50:44.018 | INFO     | Pendulum.PendulumAPP:_processSerialData:121 - 🔄 数据来源: 串口接收 -> PendulumState.physical_length
2025-09-02 14:50:44.066 | INFO     | Pendulum.PendulumAPP:_processSerialData:120 - 📏 串口长度数据已更新: L28.582499 -> physical_length=28.582499
2025-09-02 14:50:44.067 | INFO     | Pendulum.PendulumAPP:_processSerialData:121 - 🔄 数据来源: 串口接收 -> PendulumState.physical_length
2025-09-02 14:50:44.111 | INFO     | Pendulum.PendulumAPP:_processSerialData:120 - 📏 串口长度数据已更新: L28.582499 -> physical_length=28.582499
2025-09-02 14:50:44.114 | INFO     | Pendulum.PendulumAPP:_processSerialData:121 - 🔄 数据来源: 串口接收 -> PendulumState.physical_length
2025-09-02 14:50:44.156 | INFO     | Pendulum.PendulumAPP:_processSerialData:120 - 📏 串口长度数据已更新: L28.582499 -> physical_length=28.582499
2025-09-02 14:50:44.157 | INFO     | Pendulum.PendulumAPP:_processSerialData:121 - 🔄 数据来源: 串口接收 -> PendulumState.physical_length
2025-09-02 14:50:44.203 | INFO     | Pendulum.PendulumAPP:_processSerialData:120 - 📏 串口长度数据已更新: L28.582499 -> physical_length=28.582499
2025-09-02 14:50:44.204 | INFO     | Pendulum.PendulumAPP:_processSerialData:121 - 🔄 数据来源: 串口接收 -> PendulumState.physical_length
2025-09-02 14:50:44.251 | INFO     | Pendulum.PendulumAPP:_processSerialData:120 - 📏 串口长度数据已更新: L28.582499 -> physical_length=28.582499
2025-09-02 14:50:44.255 | INFO     | Pendulum.PendulumAPP:_processSerialData:121 - 🔄 数据来源: 串口接收 -> PendulumState.physical_length
2025-09-02 14:50:44.298 | INFO     | Pendulum.PendulumAPP:_processSerialData:120 - 📏 串口长度数据已更新: L28.582499 -> physical_length=28.582499
2025-09-02 14:50:44.300 | INFO     | Pendulum.PendulumAPP:_processSerialData:121 - 🔄 数据来源: 串口接收 -> PendulumState.physical_length
2025-09-02 14:50:44.344 | INFO     | Pendulum.PendulumAPP:_processSerialData:120 - 📏 串口长度数据已更新: L28.582499 -> physical_length=28.582499
2025-09-02 14:50:44.345 | INFO     | Pendulum.PendulumAPP:_processSerialData:121 - 🔄 数据来源: 串口接收 -> PendulumState.physical_length
2025-09-02 14:50:44.391 | INFO     | Pendulum.PendulumAPP:_processSerialData:120 - 📏 串口长度数据已更新: L28.582499 -> physical_length=28.582499
2025-09-02 14:50:44.392 | INFO     | Pendulum.PendulumAPP:_processSerialData:121 - 🔄 数据来源: 串口接收 -> PendulumState.physical_length
2025-09-02 14:50:44.438 | INFO     | Pendulum.PendulumAPP:_processSerialData:120 - 📏 串口长度数据已更新: L28.582499 -> physical_length=28.582499
2025-09-02 14:50:44.440 | INFO     | Pendulum.PendulumAPP:_processSerialData:121 - 🔄 数据来源: 串口接收 -> PendulumState.physical_length
2025-09-02 14:50:44.484 | INFO     | Pendulum.PendulumAPP:_processSerialData:120 - 📏 串口长度数据已更新: L28.582499 -> physical_length=28.582499
2025-09-02 14:50:44.484 | INFO     | Pendulum.PendulumAPP:_processSerialData:121 - 🔄 数据来源: 串口接收 -> PendulumState.physical_length
2025-09-02 14:50:44.531 | INFO     | Pendulum.PendulumAPP:_processSerialData:120 - 📏 串口长度数据已更新: L28.582499 -> physical_length=28.582499
2025-09-02 14:50:44.532 | INFO     | Pendulum.PendulumAPP:_processSerialData:121 - 🔄 数据来源: 串口接收 -> PendulumState.physical_length
2025-09-02 14:50:44.576 | INFO     | Pendulum.PendulumAPP:_processSerialData:120 - 📏 串口长度数据已更新: L28.582499 -> physical_length=28.582499
2025-09-02 14:50:44.577 | INFO     | Pendulum.PendulumAPP:_processSerialData:121 - 🔄 数据来源: 串口接收 -> PendulumState.physical_length
2025-09-02 14:50:44.622 | INFO     | Pendulum.PendulumAPP:_processSerialData:120 - 📏 串口长度数据已更新: L28.582499 -> physical_length=28.582499
2025-09-02 14:50:44.623 | INFO     | Pendulum.PendulumAPP:_processSerialData:121 - 🔄 数据来源: 串口接收 -> PendulumState.physical_length
2025-09-02 14:50:44.669 | INFO     | Pendulum.PendulumAPP:_processSerialData:120 - 📏 串口长度数据已更新: L28.582499 -> physical_length=28.582499
2025-09-02 14:50:44.672 | INFO     | Pendulum.PendulumAPP:_processSerialData:121 - 🔄 数据来源: 串口接收 -> PendulumState.physical_length
2025-09-02 14:50:44.716 | INFO     | Pendulum.PendulumAPP:_processSerialData:120 - 📏 串口长度数据已更新: L28.582499 -> physical_length=28.582499
2025-09-02 14:50:44.717 | INFO     | Pendulum.PendulumAPP:_processSerialData:121 - 🔄 数据来源: 串口接收 -> PendulumState.physical_length
2025-09-02 14:50:44.763 | INFO     | Pendulum.PendulumAPP:_processSerialData:120 - 📏 串口长度数据已更新: L28.582499 -> physical_length=28.582499
2025-09-02 14:50:44.764 | INFO     | Pendulum.PendulumAPP:_processSerialData:121 - 🔄 数据来源: 串口接收 -> PendulumState.physical_length
2025-09-02 14:50:44.810 | INFO     | Pendulum.PendulumAPP:_processSerialData:120 - 📏 串口长度数据已更新: L28.582499 -> physical_length=28.582499
2025-09-02 14:50:44.811 | INFO     | Pendulum.PendulumAPP:_processSerialData:121 - 🔄 数据来源: 串口接收 -> PendulumState.physical_length
2025-09-02 14:50:44.857 | INFO     | Pendulum.PendulumAPP:_processSerialData:120 - 📏 串口长度数据已更新: L28.582499 -> physical_length=28.582499
2025-09-02 14:50:44.859 | INFO     | Pendulum.PendulumAPP:_processSerialData:121 - 🔄 数据来源: 串口接收 -> PendulumState.physical_length
2025-09-02 14:50:44.903 | INFO     | Pendulum.PendulumAPP:_processSerialData:120 - 📏 串口长度数据已更新: L28.582499 -> physical_length=28.582499
2025-09-02 14:50:44.904 | INFO     | Pendulum.PendulumAPP:_processSerialData:121 - 🔄 数据来源: 串口接收 -> PendulumState.physical_length
2025-09-02 14:50:44.949 | INFO     | Pendulum.PendulumAPP:_processSerialData:120 - 📏 串口长度数据已更新: L28.582499 -> physical_length=28.582499
2025-09-02 14:50:44.950 | INFO     | Pendulum.PendulumAPP:_processSerialData:121 - 🔄 数据来源: 串口接收 -> PendulumState.physical_length
2025-09-02 14:50:44.996 | INFO     | Pendulum.PendulumAPP:_processSerialData:120 - 📏 串口长度数据已更新: L28.582499 -> physical_length=28.582499
2025-09-02 14:50:44.997 | INFO     | Pendulum.PendulumAPP:_processSerialData:121 - 🔄 数据来源: 串口接收 -> PendulumState.physical_length
2025-09-02 14:50:45.044 | INFO     | Pendulum.PendulumAPP:_processSerialData:120 - 📏 串口长度数据已更新: L28.582499 -> physical_length=28.582499
2025-09-02 14:50:45.044 | INFO     | Pendulum.PendulumAPP:_processSerialData:121 - 🔄 数据来源: 串口接收 -> PendulumState.physical_length
2025-09-02 14:50:45.091 | INFO     | Pendulum.PendulumAPP:_processSerialData:120 - 📏 串口长度数据已更新: L28.582499 -> physical_length=28.582499
2025-09-02 14:50:45.092 | INFO     | Pendulum.PendulumAPP:_processSerialData:121 - 🔄 数据来源: 串口接收 -> PendulumState.physical_length
2025-09-02 14:50:45.138 | INFO     | Pendulum.PendulumAPP:_processSerialData:120 - 📏 串口长度数据已更新: L28.582499 -> physical_length=28.582499
2025-09-02 14:50:45.139 | INFO     | Pendulum.PendulumAPP:_processSerialData:121 - 🔄 数据来源: 串口接收 -> PendulumState.physical_length
2025-09-02 14:50:45.183 | INFO     | Pendulum.PendulumAPP:_processSerialData:120 - 📏 串口长度数据已更新: L28.582499 -> physical_length=28.582499
2025-09-02 14:50:45.187 | INFO     | Pendulum.PendulumAPP:_processSerialData:121 - 🔄 数据来源: 串口接收 -> PendulumState.physical_length
2025-09-02 14:50:45.230 | INFO     | Pendulum.PendulumAPP:_processSerialData:120 - 📏 串口长度数据已更新: L28.582499 -> physical_length=28.582499
2025-09-02 14:50:45.233 | INFO     | Pendulum.PendulumAPP:_processSerialData:121 - 🔄 数据来源: 串口接收 -> PendulumState.physical_length
2025-09-02 14:50:45.277 | INFO     | Pendulum.PendulumAPP:_processSerialData:120 - 📏 串口长度数据已更新: L28.582499 -> physical_length=28.582499
2025-09-02 14:50:45.278 | INFO     | Pendulum.PendulumAPP:_processSerialData:121 - 🔄 数据来源: 串口接收 -> PendulumState.physical_length
2025-09-02 14:50:45.324 | INFO     | Pendulum.PendulumAPP:_processSerialData:120 - 📏 串口长度数据已更新: L28.582499 -> physical_length=28.582499
2025-09-02 14:50:45.326 | INFO     | Pendulum.PendulumAPP:_processSerialData:121 - 🔄 数据来源: 串口接收 -> PendulumState.physical_length
2025-09-02 14:50:45.370 | INFO     | Pendulum.PendulumAPP:_processSerialData:120 - 📏 串口长度数据已更新: L28.582499 -> physical_length=28.582499
2025-09-02 14:50:45.371 | INFO     | Pendulum.PendulumAPP:_processSerialData:121 - 🔄 数据来源: 串口接收 -> PendulumState.physical_length
2025-09-02 14:50:45.417 | INFO     | Pendulum.PendulumAPP:_processSerialData:120 - 📏 串口长度数据已更新: L28.582499 -> physical_length=28.582499
2025-09-02 14:50:45.418 | INFO     | Pendulum.PendulumAPP:_processSerialData:121 - 🔄 数据来源: 串口接收 -> PendulumState.physical_length
2025-09-02 14:50:45.465 | INFO     | Pendulum.PendulumAPP:_processSerialData:120 - 📏 串口长度数据已更新: L28.582499 -> physical_length=28.582499
2025-09-02 14:50:45.467 | INFO     | Pendulum.PendulumAPP:_processSerialData:121 - 🔄 数据来源: 串口接收 -> PendulumState.physical_length
2025-09-02 14:50:45.511 | INFO     | Pendulum.PendulumAPP:_processSerialData:120 - 📏 串口长度数据已更新: L28.582499 -> physical_length=28.582499
2025-09-02 14:50:45.511 | INFO     | Pendulum.PendulumAPP:_processSerialData:121 - 🔄 数据来源: 串口接收 -> PendulumState.physical_length
2025-09-02 14:50:45.558 | INFO     | Pendulum.PendulumAPP:_processSerialData:120 - 📏 串口长度数据已更新: L28.582499 -> physical_length=28.582499
2025-09-02 14:50:45.559 | INFO     | Pendulum.PendulumAPP:_processSerialData:121 - 🔄 数据来源: 串口接收 -> PendulumState.physical_length
2025-09-02 14:50:45.605 | INFO     | Pendulum.PendulumAPP:_processSerialData:120 - 📏 串口长度数据已更新: L28.582499 -> physical_length=28.582499
2025-09-02 14:50:45.607 | INFO     | Pendulum.PendulumAPP:_processSerialData:121 - 🔄 数据来源: 串口接收 -> PendulumState.physical_length
2025-09-02 14:50:45.650 | INFO     | Pendulum.PendulumAPP:_processSerialData:120 - 📏 串口长度数据已更新: L28.582499 -> physical_length=28.582499
2025-09-02 14:50:45.651 | INFO     | Pendulum.PendulumAPP:_processSerialData:121 - 🔄 数据来源: 串口接收 -> PendulumState.physical_length
2025-09-02 14:50:45.697 | INFO     | Pendulum.PendulumAPP:_processSerialData:120 - 📏 串口长度数据已更新: L28.582499 -> physical_length=28.582499
2025-09-02 14:50:45.698 | INFO     | Pendulum.PendulumAPP:_processSerialData:121 - 🔄 数据来源: 串口接收 -> PendulumState.physical_length
2025-09-02 14:50:45.743 | INFO     | Pendulum.PendulumAPP:_processSerialData:120 - 📏 串口长度数据已更新: L28.582499 -> physical_length=28.582499
2025-09-02 14:50:45.744 | INFO     | Pendulum.PendulumAPP:_processSerialData:121 - 🔄 数据来源: 串口接收 -> PendulumState.physical_length
2025-09-02 14:50:45.789 | INFO     | Pendulum.PendulumAPP:_processSerialData:120 - 📏 串口长度数据已更新: L28.582499 -> physical_length=28.582499
2025-09-02 14:50:45.791 | INFO     | Pendulum.PendulumAPP:_processSerialData:121 - 🔄 数据来源: 串口接收 -> PendulumState.physical_length
2025-09-02 14:50:45.835 | INFO     | Pendulum.PendulumAPP:_processSerialData:120 - 📏 串口长度数据已更新: L28.582499 -> physical_length=28.582499
2025-09-02 14:50:45.837 | INFO     | Pendulum.PendulumAPP:_processSerialData:121 - 🔄 数据来源: 串口接收 -> PendulumState.physical_length
2025-09-02 14:50:45.882 | INFO     | Pendulum.PendulumAPP:_processSerialData:120 - 📏 串口长度数据已更新: L28.582499 -> physical_length=28.582499
2025-09-02 14:50:45.884 | INFO     | Pendulum.PendulumAPP:_processSerialData:121 - 🔄 数据来源: 串口接收 -> PendulumState.physical_length
2025-09-02 14:50:45.929 | INFO     | Pendulum.PendulumAPP:_processSerialData:120 - 📏 串口长度数据已更新: L28.582499 -> physical_length=28.582499
2025-09-02 14:50:45.929 | INFO     | Pendulum.PendulumAPP:_processSerialData:121 - 🔄 数据来源: 串口接收 -> PendulumState.physical_length
2025-09-02 14:50:45.977 | INFO     | Pendulum.PendulumAPP:_processSerialData:120 - 📏 串口长度数据已更新: L28.582499 -> physical_length=28.582499
2025-09-02 14:50:45.978 | INFO     | Pendulum.PendulumAPP:_processSerialData:121 - 🔄 数据来源: 串口接收 -> PendulumState.physical_length
2025-09-02 14:50:46.025 | INFO     | Pendulum.PendulumAPP:_processSerialData:120 - 📏 串口长度数据已更新: L28.582499 -> physical_length=28.582499
2025-09-02 14:50:46.025 | INFO     | Pendulum.PendulumAPP:_processSerialData:121 - 🔄 数据来源: 串口接收 -> PendulumState.physical_length
2025-09-02 14:50:46.072 | INFO     | Pendulum.PendulumAPP:_processSerialData:120 - 📏 串口长度数据已更新: L28.582499 -> physical_length=28.582499
2025-09-02 14:50:46.073 | INFO     | Pendulum.PendulumAPP:_processSerialData:121 - 🔄 数据来源: 串口接收 -> PendulumState.physical_length
2025-09-02 14:50:46.118 | INFO     | Pendulum.PendulumAPP:_processSerialData:120 - 📏 串口长度数据已更新: L28.582499 -> physical_length=28.582499
2025-09-02 14:50:46.119 | INFO     | Pendulum.PendulumAPP:_processSerialData:121 - 🔄 数据来源: 串口接收 -> PendulumState.physical_length
2025-09-02 14:50:46.164 | INFO     | Pendulum.PendulumAPP:_processSerialData:120 - 📏 串口长度数据已更新: L28.582499 -> physical_length=28.582499
2025-09-02 14:50:46.165 | INFO     | Pendulum.PendulumAPP:_processSerialData:121 - 🔄 数据来源: 串口接收 -> PendulumState.physical_length
2025-09-02 14:50:46.211 | INFO     | Pendulum.PendulumAPP:_processSerialData:120 - 📏 串口长度数据已更新: L28.582499 -> physical_length=28.582499
2025-09-02 14:50:46.212 | INFO     | Pendulum.PendulumAPP:_processSerialData:121 - 🔄 数据来源: 串口接收 -> PendulumState.physical_length
2025-09-02 14:50:46.258 | INFO     | Pendulum.PendulumAPP:_processSerialData:120 - 📏 串口长度数据已更新: L28.582499 -> physical_length=28.582499
2025-09-02 14:50:46.259 | INFO     | Pendulum.PendulumAPP:_processSerialData:121 - 🔄 数据来源: 串口接收 -> PendulumState.physical_length
2025-09-02 14:50:46.305 | INFO     | Pendulum.PendulumAPP:_processSerialData:120 - 📏 串口长度数据已更新: L28.582499 -> physical_length=28.582499
2025-09-02 14:50:46.306 | INFO     | Pendulum.PendulumAPP:_processSerialData:121 - 🔄 数据来源: 串口接收 -> PendulumState.physical_length
2025-09-02 14:50:46.350 | INFO     | Pendulum.PendulumAPP:_processSerialData:120 - 📏 串口长度数据已更新: L28.582499 -> physical_length=28.582499
2025-09-02 14:50:46.351 | INFO     | Pendulum.PendulumAPP:_processSerialData:121 - 🔄 数据来源: 串口接收 -> PendulumState.physical_length
2025-09-02 14:50:46.397 | INFO     | Pendulum.PendulumAPP:_processSerialData:120 - 📏 串口长度数据已更新: L28.582499 -> physical_length=28.582499
2025-09-02 14:50:46.398 | INFO     | Pendulum.PendulumAPP:_processSerialData:121 - 🔄 数据来源: 串口接收 -> PendulumState.physical_length
2025-09-02 14:50:46.445 | INFO     | Pendulum.PendulumAPP:_processSerialData:120 - 📏 串口长度数据已更新: L28.582499 -> physical_length=28.582499
2025-09-02 14:50:46.448 | INFO     | Pendulum.PendulumAPP:_processSerialData:121 - 🔄 数据来源: 串口接收 -> PendulumState.physical_length
2025-09-02 14:50:46.490 | INFO     | Pendulum.PendulumAPP:_processSerialData:120 - 📏 串口长度数据已更新: L28.582499 -> physical_length=28.582499
2025-09-02 14:50:46.495 | INFO     | Pendulum.PendulumAPP:_processSerialData:121 - 🔄 数据来源: 串口接收 -> PendulumState.physical_length
2025-09-02 14:50:46.537 | INFO     | Pendulum.PendulumAPP:_processSerialData:120 - 📏 串口长度数据已更新: L28.582499 -> physical_length=28.582499
2025-09-02 14:50:46.538 | INFO     | Pendulum.PendulumAPP:_processSerialData:121 - 🔄 数据来源: 串口接收 -> PendulumState.physical_length
2025-09-02 14:50:46.585 | INFO     | Pendulum.PendulumAPP:_processSerialData:120 - 📏 串口长度数据已更新: L28.582499 -> physical_length=28.582499
2025-09-02 14:50:46.585 | INFO     | Pendulum.PendulumAPP:_processSerialData:121 - 🔄 数据来源: 串口接收 -> PendulumState.physical_length
2025-09-02 14:50:46.630 | INFO     | Pendulum.PendulumAPP:_processSerialData:120 - 📏 串口长度数据已更新: L28.582499 -> physical_length=28.582499
2025-09-02 14:50:46.631 | INFO     | Pendulum.PendulumAPP:_processSerialData:121 - 🔄 数据来源: 串口接收 -> PendulumState.physical_length
2025-09-02 14:50:46.676 | INFO     | Pendulum.PendulumAPP:_processSerialData:120 - 📏 串口长度数据已更新: L28.582499 -> physical_length=28.582499
2025-09-02 14:50:46.678 | INFO     | Pendulum.PendulumAPP:_processSerialData:121 - 🔄 数据来源: 串口接收 -> PendulumState.physical_length
2025-09-02 14:50:46.708 | INFO     | Pendulum.PendulumAPP:_processSerialData:120 - 📏 串口长度数据已更新: L28.582499 -> physical_length=28.582499
2025-09-02 14:50:46.708 | INFO     | Pendulum.PendulumAPP:_processSerialData:121 - 🔄 数据来源: 串口接收 -> PendulumState.physical_length
2025-09-02 14:50:46.753 | INFO     | Pendulum.PendulumAPP:_processSerialData:120 - 📏 串口长度数据已更新: L28.582499 -> physical_length=28.582499
2025-09-02 14:50:46.754 | INFO     | Pendulum.PendulumAPP:_processSerialData:121 - 🔄 数据来源: 串口接收 -> PendulumState.physical_length
2025-09-02 14:50:46.784 | INFO     | Pendulum.PendulumAPP:_processSerialData:120 - 📏 串口长度数据已更新: L28.582499 -> physical_length=28.582499
2025-09-02 14:50:46.784 | INFO     | Pendulum.PendulumAPP:_processSerialData:121 - 🔄 数据来源: 串口接收 -> PendulumState.physical_length
2025-09-02 14:50:46.816 | INFO     | Pendulum.PendulumAPP:_processSerialData:120 - 📏 串口长度数据已更新: L28.582499 -> physical_length=28.582499
2025-09-02 14:50:46.816 | INFO     | Pendulum.PendulumAPP:_processSerialData:121 - 🔄 数据来源: 串口接收 -> PendulumState.physical_length
2025-09-02 14:50:46.863 | INFO     | Pendulum.PendulumAPP:_processSerialData:120 - 📏 串口长度数据已更新: L28.582499 -> physical_length=28.582499
2025-09-02 14:50:46.864 | INFO     | Pendulum.PendulumAPP:_processSerialData:121 - 🔄 数据来源: 串口接收 -> PendulumState.physical_length
2025-09-02 14:50:46.911 | INFO     | Pendulum.PendulumAPP:_processSerialData:120 - 📏 串口长度数据已更新: L28.582499 -> physical_length=28.582499
2025-09-02 14:50:46.912 | INFO     | Pendulum.PendulumAPP:_processSerialData:121 - 🔄 数据来源: 串口接收 -> PendulumState.physical_length
2025-09-02 14:50:46.957 | INFO     | Pendulum.PendulumAPP:_processSerialData:120 - 📏 串口长度数据已更新: L28.582499 -> physical_length=28.582499
2025-09-02 14:50:46.958 | INFO     | Pendulum.PendulumAPP:_processSerialData:121 - 🔄 数据来源: 串口接收 -> PendulumState.physical_length
2025-09-02 14:50:47.006 | INFO     | Pendulum.PendulumAPP:_processSerialData:120 - 📏 串口长度数据已更新: L28.582499 -> physical_length=28.582499
2025-09-02 14:50:47.006 | INFO     | Pendulum.PendulumAPP:_processSerialData:121 - 🔄 数据来源: 串口接收 -> PendulumState.physical_length
2025-09-02 14:50:47.050 | INFO     | Pendulum.PendulumAPP:_processSerialData:120 - 📏 串口长度数据已更新: L28.582499 -> physical_length=28.582499
2025-09-02 14:50:47.052 | INFO     | Pendulum.PendulumAPP:_processSerialData:121 - 🔄 数据来源: 串口接收 -> PendulumState.physical_length
2025-09-02 14:50:47.096 | INFO     | Pendulum.PendulumAPP:_processSerialData:120 - 📏 串口长度数据已更新: L28.582499 -> physical_length=28.582499
2025-09-02 14:50:47.097 | INFO     | Pendulum.PendulumAPP:_processSerialData:121 - 🔄 数据来源: 串口接收 -> PendulumState.physical_length
2025-09-02 14:50:47.143 | INFO     | Pendulum.PendulumAPP:_processSerialData:120 - 📏 串口长度数据已更新: L28.582499 -> physical_length=28.582499
2025-09-02 14:50:47.144 | INFO     | Pendulum.PendulumAPP:_processSerialData:121 - 🔄 数据来源: 串口接收 -> PendulumState.physical_length
2025-09-02 14:50:47.190 | INFO     | Pendulum.PendulumAPP:_processSerialData:120 - 📏 串口长度数据已更新: L28.582499 -> physical_length=28.582499
2025-09-02 14:50:47.190 | INFO     | Pendulum.PendulumAPP:_processSerialData:121 - 🔄 数据来源: 串口接收 -> PendulumState.physical_length
2025-09-02 14:50:47.236 | INFO     | Pendulum.PendulumAPP:_processSerialData:120 - 📏 串口长度数据已更新: L28.582499 -> physical_length=28.582499
2025-09-02 14:50:47.238 | INFO     | Pendulum.PendulumAPP:_processSerialData:121 - 🔄 数据来源: 串口接收 -> PendulumState.physical_length
2025-09-02 14:50:47.268 | INFO     | Pendulum.PendulumAPP:_processSerialData:120 - 📏 串口长度数据已更新: L28.582499 -> physical_length=28.582499
2025-09-02 14:50:47.269 | INFO     | Pendulum.PendulumAPP:_processSerialData:121 - 🔄 数据来源: 串口接收 -> PendulumState.physical_length
2025-09-02 14:50:47.314 | INFO     | Pendulum.PendulumAPP:_processSerialData:120 - 📏 串口长度数据已更新: L28.582499 -> physical_length=28.582499
2025-09-02 14:50:47.315 | INFO     | Pendulum.PendulumAPP:_processSerialData:121 - 🔄 数据来源: 串口接收 -> PendulumState.physical_length
2025-09-02 14:50:47.376 | INFO     | Pendulum.PendulumAPP:_processSerialData:120 - 📏 串口长度数据已更新: L28.582499 -> physical_length=28.582499
2025-09-02 14:50:47.378 | INFO     | Pendulum.PendulumAPP:_processSerialData:121 - 🔄 数据来源: 串口接收 -> PendulumState.physical_length
2025-09-02 14:50:47.423 | INFO     | Pendulum.PendulumAPP:_processSerialData:120 - 📏 串口长度数据已更新: L28.582499 -> physical_length=28.582499
2025-09-02 14:50:47.424 | INFO     | Pendulum.PendulumAPP:_processSerialData:121 - 🔄 数据来源: 串口接收 -> PendulumState.physical_length
2025-09-02 14:50:47.471 | INFO     | Pendulum.PendulumAPP:_processSerialData:120 - 📏 串口长度数据已更新: L28.582499 -> physical_length=28.582499
2025-09-02 14:50:47.474 | INFO     | Pendulum.PendulumAPP:_processSerialData:121 - 🔄 数据来源: 串口接收 -> PendulumState.physical_length
2025-09-02 14:50:47.517 | INFO     | Pendulum.PendulumAPP:_processSerialData:120 - 📏 串口长度数据已更新: L28.582499 -> physical_length=28.582499
2025-09-02 14:50:47.518 | INFO     | Pendulum.PendulumAPP:_processSerialData:121 - 🔄 数据来源: 串口接收 -> PendulumState.physical_length
2025-09-02 14:50:47.547 | INFO     | Pendulum.PendulumAPP:_processSerialData:120 - 📏 串口长度数据已更新: L28.582499 -> physical_length=28.582499
2025-09-02 14:50:47.547 | INFO     | Pendulum.PendulumAPP:_processSerialData:121 - 🔄 数据来源: 串口接收 -> PendulumState.physical_length
2025-09-02 14:50:47.593 | INFO     | Pendulum.PendulumAPP:_processSerialData:120 - 📏 串口长度数据已更新: L28.582499 -> physical_length=28.582499
2025-09-02 14:50:47.594 | INFO     | Pendulum.PendulumAPP:_processSerialData:121 - 🔄 数据来源: 串口接收 -> PendulumState.physical_length
2025-09-02 14:50:47.624 | INFO     | Pendulum.PendulumAPP:_processSerialData:120 - 📏 串口长度数据已更新: L28.582499 -> physical_length=28.582499
2025-09-02 14:50:47.624 | INFO     | Pendulum.PendulumAPP:_processSerialData:121 - 🔄 数据来源: 串口接收 -> PendulumState.physical_length
2025-09-02 14:50:47.655 | INFO     | Pendulum.PendulumAPP:_processSerialData:120 - 📏 串口长度数据已更新: L28.582499 -> physical_length=28.582499
2025-09-02 14:50:47.657 | INFO     | Pendulum.PendulumAPP:_processSerialData:121 - 🔄 数据来源: 串口接收 -> PendulumState.physical_length
2025-09-02 14:50:47.717 | INFO     | Pendulum.PendulumAPP:_processSerialData:120 - 📏 串口长度数据已更新: L28.582499 -> physical_length=28.582499
2025-09-02 14:50:47.719 | INFO     | Pendulum.PendulumAPP:_processSerialData:121 - 🔄 数据来源: 串口接收 -> PendulumState.physical_length
2025-09-02 14:50:47.762 | INFO     | Pendulum.PendulumAPP:_processSerialData:120 - 📏 串口长度数据已更新: L28.582499 -> physical_length=28.582499
2025-09-02 14:50:47.762 | INFO     | Pendulum.PendulumAPP:_processSerialData:121 - 🔄 数据来源: 串口接收 -> PendulumState.physical_length
2025-09-02 14:50:47.809 | INFO     | Pendulum.PendulumAPP:_processSerialData:120 - 📏 串口长度数据已更新: L28.582499 -> physical_length=28.582499
2025-09-02 14:50:47.810 | INFO     | Pendulum.PendulumAPP:_processSerialData:121 - 🔄 数据来源: 串口接收 -> PendulumState.physical_length
2025-09-02 14:50:47.840 | INFO     | Pendulum.PendulumAPP:_processSerialData:120 - 📏 串口长度数据已更新: L28.582499 -> physical_length=28.582499
2025-09-02 14:50:47.841 | INFO     | Pendulum.PendulumAPP:_processSerialData:121 - 🔄 数据来源: 串口接收 -> PendulumState.physical_length
2025-09-02 14:50:47.887 | INFO     | Pendulum.PendulumAPP:_processSerialData:120 - 📏 串口长度数据已更新: L28.582499 -> physical_length=28.582499
2025-09-02 14:50:47.888 | INFO     | Pendulum.PendulumAPP:_processSerialData:121 - 🔄 数据来源: 串口接收 -> PendulumState.physical_length
2025-09-02 14:50:47.917 | INFO     | Pendulum.PendulumAPP:_processSerialData:120 - 📏 串口长度数据已更新: L28.582499 -> physical_length=28.582499
2025-09-02 14:50:47.917 | INFO     | Pendulum.PendulumAPP:_processSerialData:121 - 🔄 数据来源: 串口接收 -> PendulumState.physical_length
2025-09-02 14:50:47.947 | INFO     | Pendulum.PendulumAPP:_processSerialData:120 - 📏 串口长度数据已更新: L28.582499 -> physical_length=28.582499
2025-09-02 14:50:47.947 | INFO     | Pendulum.PendulumAPP:_processSerialData:121 - 🔄 数据来源: 串口接收 -> PendulumState.physical_length
2025-09-02 14:50:47.993 | INFO     | Pendulum.PendulumAPP:_processSerialData:120 - 📏 串口长度数据已更新: L28.582499 -> physical_length=28.582499
2025-09-02 14:50:47.993 | INFO     | Pendulum.PendulumAPP:_processSerialData:121 - 🔄 数据来源: 串口接收 -> PendulumState.physical_length
2025-09-02 14:50:48.040 | INFO     | Pendulum.PendulumAPP:_processSerialData:120 - 📏 串口长度数据已更新: L28.582499 -> physical_length=28.582499
2025-09-02 14:50:48.040 | INFO     | Pendulum.PendulumAPP:_processSerialData:121 - 🔄 数据来源: 串口接收 -> PendulumState.physical_length
2025-09-02 14:50:48.071 | INFO     | Pendulum.PendulumAPP:_processSerialData:120 - 📏 串口长度数据已更新: L28.582499 -> physical_length=28.582499
2025-09-02 14:50:48.072 | INFO     | Pendulum.PendulumAPP:_processSerialData:121 - 🔄 数据来源: 串口接收 -> PendulumState.physical_length
2025-09-02 14:50:48.116 | INFO     | Pendulum.PendulumAPP:_processSerialData:120 - 📏 串口长度数据已更新: L28.582499 -> physical_length=28.582499
2025-09-02 14:50:48.117 | INFO     | Pendulum.PendulumAPP:_processSerialData:121 - 🔄 数据来源: 串口接收 -> PendulumState.physical_length
2025-09-02 14:50:48.148 | INFO     | Pendulum.PendulumAPP:_processSerialData:120 - 📏 串口长度数据已更新: L28.582499 -> physical_length=28.582499
2025-09-02 14:50:48.151 | INFO     | Pendulum.PendulumAPP:_processSerialData:121 - 🔄 数据来源: 串口接收 -> PendulumState.physical_length
2025-09-02 14:50:48.180 | INFO     | Pendulum.PendulumAPP:_processSerialData:120 - 📏 串口长度数据已更新: L28.582499 -> physical_length=28.582499
2025-09-02 14:50:48.180 | INFO     | Pendulum.PendulumAPP:_processSerialData:121 - 🔄 数据来源: 串口接收 -> PendulumState.physical_length
2025-09-02 14:50:48.227 | INFO     | Pendulum.PendulumAPP:_processSerialData:120 - 📏 串口长度数据已更新: L28.582499 -> physical_length=28.582499
2025-09-02 14:50:48.228 | INFO     | Pendulum.PendulumAPP:_processSerialData:121 - 🔄 数据来源: 串口接收 -> PendulumState.physical_length
2025-09-02 14:50:48.273 | INFO     | Pendulum.PendulumAPP:_processSerialData:120 - 📏 串口长度数据已更新: L28.582499 -> physical_length=28.582499
2025-09-02 14:50:48.274 | INFO     | Pendulum.PendulumAPP:_processSerialData:121 - 🔄 数据来源: 串口接收 -> PendulumState.physical_length
2025-09-02 14:50:48.320 | INFO     | Pendulum.PendulumAPP:_processSerialData:120 - 📏 串口长度数据已更新: L28.582499 -> physical_length=28.582499
2025-09-02 14:50:48.321 | INFO     | Pendulum.PendulumAPP:_processSerialData:121 - 🔄 数据来源: 串口接收 -> PendulumState.physical_length
2025-09-02 14:50:48.367 | INFO     | Pendulum.PendulumAPP:_processSerialData:120 - 📏 串口长度数据已更新: L28.582499 -> physical_length=28.582499
2025-09-02 14:50:48.370 | INFO     | Pendulum.PendulumAPP:_processSerialData:121 - 🔄 数据来源: 串口接收 -> PendulumState.physical_length
2025-09-02 14:50:48.413 | INFO     | Pendulum.PendulumAPP:_processSerialData:120 - 📏 串口长度数据已更新: L28.582499 -> physical_length=28.582499
2025-09-02 14:50:48.414 | INFO     | Pendulum.PendulumAPP:_processSerialData:121 - 🔄 数据来源: 串口接收 -> PendulumState.physical_length
2025-09-02 14:50:48.445 | INFO     | Pendulum.PendulumAPP:_processSerialData:120 - 📏 串口长度数据已更新: L28.582499 -> physical_length=28.582499
2025-09-02 14:50:48.445 | INFO     | Pendulum.PendulumAPP:_processSerialData:121 - 🔄 数据来源: 串口接收 -> PendulumState.physical_length
2025-09-02 14:50:48.477 | INFO     | Pendulum.PendulumAPP:_processSerialData:120 - 📏 串口长度数据已更新: L28.582499 -> physical_length=28.582499
2025-09-02 14:50:48.478 | INFO     | Pendulum.PendulumAPP:_processSerialData:121 - 🔄 数据来源: 串口接收 -> PendulumState.physical_length
2025-09-02 14:50:48.523 | INFO     | Pendulum.PendulumAPP:_processSerialData:120 - 📏 串口长度数据已更新: L28.582499 -> physical_length=28.582499
2025-09-02 14:50:48.524 | INFO     | Pendulum.PendulumAPP:_processSerialData:121 - 🔄 数据来源: 串口接收 -> PendulumState.physical_length
2025-09-02 14:50:48.570 | INFO     | Pendulum.PendulumAPP:_processSerialData:120 - 📏 串口长度数据已更新: L28.582499 -> physical_length=28.582499
2025-09-02 14:50:48.570 | INFO     | Pendulum.PendulumAPP:_processSerialData:121 - 🔄 数据来源: 串口接收 -> PendulumState.physical_length
2025-09-02 14:50:48.616 | INFO     | Pendulum.PendulumAPP:_processSerialData:120 - 📏 串口长度数据已更新: L28.582499 -> physical_length=28.582499
2025-09-02 14:50:48.618 | INFO     | Pendulum.PendulumAPP:_processSerialData:121 - 🔄 数据来源: 串口接收 -> PendulumState.physical_length
2025-09-02 14:50:48.647 | INFO     | Pendulum.PendulumAPP:_processSerialData:120 - 📏 串口长度数据已更新: L28.582499 -> physical_length=28.582499
2025-09-02 14:50:48.648 | INFO     | Pendulum.PendulumAPP:_processSerialData:121 - 🔄 数据来源: 串口接收 -> PendulumState.physical_length
2025-09-02 14:50:48.679 | INFO     | Pendulum.PendulumAPP:_processSerialData:120 - 📏 串口长度数据已更新: L28.582499 -> physical_length=28.582499
2025-09-02 14:50:48.680 | INFO     | Pendulum.PendulumAPP:_processSerialData:121 - 🔄 数据来源: 串口接收 -> PendulumState.physical_length
2025-09-02 14:50:48.727 | INFO     | Pendulum.PendulumAPP:_processSerialData:120 - 📏 串口长度数据已更新: L28.582499 -> physical_length=28.582499
2025-09-02 14:50:48.729 | INFO     | Pendulum.PendulumAPP:_processSerialData:121 - 🔄 数据来源: 串口接收 -> PendulumState.physical_length
2025-09-02 14:50:48.775 | INFO     | Pendulum.PendulumAPP:_processSerialData:120 - 📏 串口长度数据已更新: L28.582499 -> physical_length=28.582499
2025-09-02 14:50:48.776 | INFO     | Pendulum.PendulumAPP:_processSerialData:121 - 🔄 数据来源: 串口接收 -> PendulumState.physical_length
2025-09-02 14:50:48.804 | INFO     | Pendulum.PendulumAPP:_processSerialData:120 - 📏 串口长度数据已更新: L28.582499 -> physical_length=28.582499
2025-09-02 14:50:48.805 | INFO     | Pendulum.PendulumAPP:_processSerialData:121 - 🔄 数据来源: 串口接收 -> PendulumState.physical_length
2025-09-02 14:50:48.851 | INFO     | Pendulum.PendulumAPP:_processSerialData:120 - 📏 串口长度数据已更新: L28.582499 -> physical_length=28.582499
2025-09-02 14:50:48.852 | INFO     | Pendulum.PendulumAPP:_processSerialData:121 - 🔄 数据来源: 串口接收 -> PendulumState.physical_length
2025-09-02 14:50:48.897 | INFO     | Pendulum.PendulumAPP:_processSerialData:120 - 📏 串口长度数据已更新: L28.582499 -> physical_length=28.582499
2025-09-02 14:50:48.898 | INFO     | Pendulum.PendulumAPP:_processSerialData:121 - 🔄 数据来源: 串口接收 -> PendulumState.physical_length
2025-09-02 14:50:48.943 | INFO     | Pendulum.PendulumAPP:_processSerialData:120 - 📏 串口长度数据已更新: L28.582499 -> physical_length=28.582499
2025-09-02 14:50:48.944 | INFO     | Pendulum.PendulumAPP:_processSerialData:121 - 🔄 数据来源: 串口接收 -> PendulumState.physical_length
2025-09-02 14:50:48.989 | INFO     | Pendulum.PendulumAPP:_processSerialData:120 - 📏 串口长度数据已更新: L28.582499 -> physical_length=28.582499
2025-09-02 14:50:48.991 | INFO     | Pendulum.PendulumAPP:_processSerialData:121 - 🔄 数据来源: 串口接收 -> PendulumState.physical_length
2025-09-02 14:50:49.037 | INFO     | Pendulum.PendulumAPP:_processSerialData:120 - 📏 串口长度数据已更新: L28.582499 -> physical_length=28.582499
2025-09-02 14:50:49.038 | INFO     | Pendulum.PendulumAPP:_processSerialData:121 - 🔄 数据来源: 串口接收 -> PendulumState.physical_length
2025-09-02 14:50:49.084 | INFO     | Pendulum.PendulumAPP:_processSerialData:120 - 📏 串口长度数据已更新: L28.582499 -> physical_length=28.582499
2025-09-02 14:50:49.085 | INFO     | Pendulum.PendulumAPP:_processSerialData:121 - 🔄 数据来源: 串口接收 -> PendulumState.physical_length
2025-09-02 14:50:49.116 | INFO     | Pendulum.PendulumAPP:_processSerialData:120 - 📏 串口长度数据已更新: L28.582499 -> physical_length=28.582499
2025-09-02 14:50:49.117 | INFO     | Pendulum.PendulumAPP:_processSerialData:121 - 🔄 数据来源: 串口接收 -> PendulumState.physical_length
2025-09-02 14:50:49.147 | INFO     | Pendulum.PendulumAPP:_processSerialData:120 - 📏 串口长度数据已更新: L28.582499 -> physical_length=28.582499
2025-09-02 14:50:49.149 | INFO     | Pendulum.PendulumAPP:_processSerialData:121 - 🔄 数据来源: 串口接收 -> PendulumState.physical_length
2025-09-02 14:50:49.178 | INFO     | Pendulum.PendulumAPP:_processSerialData:120 - 📏 串口长度数据已更新: L28.582499 -> physical_length=28.582499
2025-09-02 14:50:49.180 | INFO     | Pendulum.PendulumAPP:_processSerialData:121 - 🔄 数据来源: 串口接收 -> PendulumState.physical_length
2025-09-02 14:50:49.208 | INFO     | Pendulum.PendulumAPP:_processSerialData:120 - 📏 串口长度数据已更新: L28.582499 -> physical_length=28.582499
2025-09-02 14:50:49.209 | INFO     | Pendulum.PendulumAPP:_processSerialData:121 - 🔄 数据来源: 串口接收 -> PendulumState.physical_length
2025-09-02 14:50:49.239 | INFO     | Pendulum.PendulumAPP:_processSerialData:120 - 📏 串口长度数据已更新: L28.582499 -> physical_length=28.582499
2025-09-02 14:50:49.241 | INFO     | Pendulum.PendulumAPP:_processSerialData:121 - 🔄 数据来源: 串口接收 -> PendulumState.physical_length
2025-09-02 14:50:49.271 | INFO     | Pendulum.PendulumAPP:_processSerialData:120 - 📏 串口长度数据已更新: L28.582499 -> physical_length=28.582499
2025-09-02 14:50:49.272 | INFO     | Pendulum.PendulumAPP:_processSerialData:121 - 🔄 数据来源: 串口接收 -> PendulumState.physical_length
2025-09-02 14:50:49.302 | INFO     | Pendulum.PendulumAPP:_processSerialData:120 - 📏 串口长度数据已更新: L28.582499 -> physical_length=28.582499
2025-09-02 14:50:49.303 | INFO     | Pendulum.PendulumAPP:_processSerialData:121 - 🔄 数据来源: 串口接收 -> PendulumState.physical_length
2025-09-02 14:50:49.348 | INFO     | Pendulum.PendulumAPP:_processSerialData:120 - 📏 串口长度数据已更新: L28.582499 -> physical_length=28.582499
2025-09-02 14:50:49.350 | INFO     | Pendulum.PendulumAPP:_processSerialData:121 - 🔄 数据来源: 串口接收 -> PendulumState.physical_length
2025-09-02 14:50:49.380 | INFO     | Pendulum.PendulumAPP:_processSerialData:120 - 📏 串口长度数据已更新: L28.582499 -> physical_length=28.582499
2025-09-02 14:50:49.381 | INFO     | Pendulum.PendulumAPP:_processSerialData:121 - 🔄 数据来源: 串口接收 -> PendulumState.physical_length
2025-09-02 14:50:49.410 | INFO     | Pendulum.PendulumAPP:_processSerialData:120 - 📏 串口长度数据已更新: L28.582499 -> physical_length=28.582499
2025-09-02 14:50:49.412 | INFO     | Pendulum.PendulumAPP:_processSerialData:121 - 🔄 数据来源: 串口接收 -> PendulumState.physical_length
2025-09-02 14:50:49.473 | INFO     | Pendulum.PendulumAPP:_processSerialData:120 - 📏 串口长度数据已更新: L28.582499 -> physical_length=28.582499
2025-09-02 14:50:49.473 | INFO     | Pendulum.PendulumAPP:_processSerialData:121 - 🔄 数据来源: 串口接收 -> PendulumState.physical_length
2025-09-02 14:50:49.519 | INFO     | Pendulum.PendulumAPP:_processSerialData:120 - 📏 串口长度数据已更新: L28.582499 -> physical_length=28.582499
2025-09-02 14:50:49.520 | INFO     | Pendulum.PendulumAPP:_processSerialData:121 - 🔄 数据来源: 串口接收 -> PendulumState.physical_length
2025-09-02 14:50:49.567 | INFO     | Pendulum.PendulumAPP:_processSerialData:120 - 📏 串口长度数据已更新: L28.582499 -> physical_length=28.582499
2025-09-02 14:50:49.568 | INFO     | Pendulum.PendulumAPP:_processSerialData:121 - 🔄 数据来源: 串口接收 -> PendulumState.physical_length
2025-09-02 14:50:49.599 | INFO     | Pendulum.PendulumAPP:_processSerialData:120 - 📏 串口长度数据已更新: L28.582499 -> physical_length=28.582499
2025-09-02 14:50:49.601 | INFO     | Pendulum.PendulumAPP:_processSerialData:121 - 🔄 数据来源: 串口接收 -> PendulumState.physical_length
2025-09-02 14:50:49.630 | INFO     | Pendulum.PendulumAPP:_processSerialData:120 - 📏 串口长度数据已更新: L28.582499 -> physical_length=28.582499
2025-09-02 14:50:49.631 | INFO     | Pendulum.PendulumAPP:_processSerialData:121 - 🔄 数据来源: 串口接收 -> PendulumState.physical_length
2025-09-02 14:50:49.676 | INFO     | Pendulum.PendulumAPP:_processSerialData:120 - 📏 串口长度数据已更新: L28.582499 -> physical_length=28.582499
2025-09-02 14:50:49.677 | INFO     | Pendulum.PendulumAPP:_processSerialData:121 - 🔄 数据来源: 串口接收 -> PendulumState.physical_length
2025-09-02 14:50:49.722 | INFO     | Pendulum.PendulumAPP:_processSerialData:120 - 📏 串口长度数据已更新: L28.582499 -> physical_length=28.582499
2025-09-02 14:50:49.724 | INFO     | Pendulum.PendulumAPP:_processSerialData:121 - 🔄 数据来源: 串口接收 -> PendulumState.physical_length
2025-09-02 14:50:49.768 | INFO     | Pendulum.PendulumAPP:_processSerialData:120 - 📏 串口长度数据已更新: L28.582499 -> physical_length=28.582499
2025-09-02 14:50:49.769 | INFO     | Pendulum.PendulumAPP:_processSerialData:121 - 🔄 数据来源: 串口接收 -> PendulumState.physical_length
2025-09-02 14:50:49.816 | INFO     | Pendulum.PendulumAPP:_processSerialData:120 - 📏 串口长度数据已更新: L28.582499 -> physical_length=28.582499
2025-09-02 14:50:49.817 | INFO     | Pendulum.PendulumAPP:_processSerialData:121 - 🔄 数据来源: 串口接收 -> PendulumState.physical_length
2025-09-02 14:50:49.850 | INFO     | Pendulum.PendulumAPP:_processSerialData:120 - 📏 串口长度数据已更新: L28.582499 -> physical_length=28.582499
2025-09-02 14:50:49.851 | INFO     | Pendulum.PendulumAPP:_processSerialData:121 - 🔄 数据来源: 串口接收 -> PendulumState.physical_length
2025-09-02 14:50:49.881 | INFO     | Pendulum.PendulumAPP:_processSerialData:120 - 📏 串口长度数据已更新: L28.582499 -> physical_length=28.582499
2025-09-02 14:50:49.882 | INFO     | Pendulum.PendulumAPP:_processSerialData:121 - 🔄 数据来源: 串口接收 -> PendulumState.physical_length
2025-09-02 14:50:49.927 | INFO     | Pendulum.PendulumAPP:_processSerialData:120 - 📏 串口长度数据已更新: L28.582499 -> physical_length=28.582499
2025-09-02 14:50:49.928 | INFO     | Pendulum.PendulumAPP:_processSerialData:121 - 🔄 数据来源: 串口接收 -> PendulumState.physical_length
2025-09-02 14:50:49.958 | INFO     | Pendulum.PendulumAPP:_processSerialData:120 - 📏 串口长度数据已更新: L28.582499 -> physical_length=28.582499
2025-09-02 14:50:49.959 | INFO     | Pendulum.PendulumAPP:_processSerialData:121 - 🔄 数据来源: 串口接收 -> PendulumState.physical_length
2025-09-02 14:50:50.004 | INFO     | Pendulum.PendulumAPP:_processSerialData:120 - 📏 串口长度数据已更新: L28.582499 -> physical_length=28.582499
2025-09-02 14:50:50.005 | INFO     | Pendulum.PendulumAPP:_processSerialData:121 - 🔄 数据来源: 串口接收 -> PendulumState.physical_length
2025-09-02 14:50:50.034 | INFO     | Pendulum.PendulumAPP:_processSerialData:120 - 📏 串口长度数据已更新: L28.582499 -> physical_length=28.582499
2025-09-02 14:50:50.034 | INFO     | Pendulum.PendulumAPP:_processSerialData:121 - 🔄 数据来源: 串口接收 -> PendulumState.physical_length
2025-09-02 14:50:50.066 | INFO     | Pendulum.PendulumAPP:_processSerialData:120 - 📏 串口长度数据已更新: L28.582499 -> physical_length=28.582499
2025-09-02 14:50:50.068 | INFO     | Pendulum.PendulumAPP:_processSerialData:121 - 🔄 数据来源: 串口接收 -> PendulumState.physical_length
2025-09-02 14:50:50.096 | INFO     | Pendulum.PendulumAPP:_processSerialData:120 - 📏 串口长度数据已更新: L28.582499 -> physical_length=28.582499
2025-09-02 14:50:50.097 | INFO     | Pendulum.PendulumAPP:_processSerialData:121 - 🔄 数据来源: 串口接收 -> PendulumState.physical_length
2025-09-02 14:50:50.142 | INFO     | Pendulum.PendulumAPP:_processSerialData:120 - 📏 串口长度数据已更新: L28.582499 -> physical_length=28.582499
2025-09-02 14:50:50.142 | INFO     | Pendulum.PendulumAPP:_processSerialData:121 - 🔄 数据来源: 串口接收 -> PendulumState.physical_length
2025-09-02 14:50:50.188 | INFO     | Pendulum.PendulumAPP:_processSerialData:120 - 📏 串口长度数据已更新: L28.582499 -> physical_length=28.582499
2025-09-02 14:50:50.189 | INFO     | Pendulum.PendulumAPP:_processSerialData:121 - 🔄 数据来源: 串口接收 -> PendulumState.physical_length
2025-09-02 14:50:50.218 | INFO     | Pendulum.PendulumAPP:_processSerialData:120 - 📏 串口长度数据已更新: L28.582499 -> physical_length=28.582499
2025-09-02 14:50:50.219 | INFO     | Pendulum.PendulumAPP:_processSerialData:121 - 🔄 数据来源: 串口接收 -> PendulumState.physical_length
2025-09-02 14:50:50.249 | INFO     | Pendulum.PendulumAPP:_processSerialData:120 - 📏 串口长度数据已更新: L28.582499 -> physical_length=28.582499
2025-09-02 14:50:50.249 | INFO     | Pendulum.PendulumAPP:_processSerialData:121 - 🔄 数据来源: 串口接收 -> PendulumState.physical_length
2025-09-02 14:50:50.279 | INFO     | Pendulum.PendulumAPP:_processSerialData:120 - 📏 串口长度数据已更新: L28.582499 -> physical_length=28.582499
2025-09-02 14:50:50.280 | INFO     | Pendulum.PendulumAPP:_processSerialData:121 - 🔄 数据来源: 串口接收 -> PendulumState.physical_length
2025-09-02 14:50:50.362 | INFO     | Pendulum.PendulumAPP:_processSerialData:120 - 📏 串口长度数据已更新: L28.582499 -> physical_length=28.582499
2025-09-02 14:50:50.364 | INFO     | Pendulum.PendulumAPP:_processSerialData:121 - 🔄 数据来源: 串口接收 -> PendulumState.physical_length
2025-09-02 14:50:50.403 | INFO     | Pendulum.PendulumAPP:_processSerialData:120 - 📏 串口长度数据已更新: L28.582499 -> physical_length=28.582499
2025-09-02 14:50:50.404 | INFO     | Pendulum.PendulumAPP:_processSerialData:121 - 🔄 数据来源: 串口接收 -> PendulumState.physical_length
2025-09-02 14:50:50.449 | INFO     | Pendulum.PendulumAPP:_processSerialData:120 - 📏 串口长度数据已更新: L28.582499 -> physical_length=28.582499
2025-09-02 14:50:50.450 | INFO     | Pendulum.PendulumAPP:_processSerialData:121 - 🔄 数据来源: 串口接收 -> PendulumState.physical_length
2025-09-02 14:50:50.494 | INFO     | Pendulum.PendulumAPP:_processSerialData:120 - 📏 串口长度数据已更新: L28.582499 -> physical_length=28.582499
2025-09-02 14:50:50.496 | INFO     | Pendulum.PendulumAPP:_processSerialData:121 - 🔄 数据来源: 串口接收 -> PendulumState.physical_length
2025-09-02 14:50:50.540 | INFO     | Pendulum.PendulumAPP:_processSerialData:120 - 📏 串口长度数据已更新: L28.582499 -> physical_length=28.582499
2025-09-02 14:50:50.541 | INFO     | Pendulum.PendulumAPP:_processSerialData:121 - 🔄 数据来源: 串口接收 -> PendulumState.physical_length
2025-09-02 14:50:50.586 | INFO     | Pendulum.PendulumAPP:_processSerialData:120 - 📏 串口长度数据已更新: L28.582499 -> physical_length=28.582499
2025-09-02 14:50:50.586 | INFO     | Pendulum.PendulumAPP:_processSerialData:121 - 🔄 数据来源: 串口接收 -> PendulumState.physical_length
2025-09-02 14:50:50.617 | INFO     | Pendulum.PendulumAPP:_processSerialData:120 - 📏 串口长度数据已更新: L28.582499 -> physical_length=28.582499
2025-09-02 14:50:50.618 | INFO     | Pendulum.PendulumAPP:_processSerialData:121 - 🔄 数据来源: 串口接收 -> PendulumState.physical_length
2025-09-02 14:50:50.648 | INFO     | Pendulum.PendulumAPP:_processSerialData:120 - 📏 串口长度数据已更新: L28.582499 -> physical_length=28.582499
2025-09-02 14:50:50.649 | INFO     | Pendulum.PendulumAPP:_processSerialData:121 - 🔄 数据来源: 串口接收 -> PendulumState.physical_length
2025-09-02 14:50:50.679 | INFO     | Pendulum.PendulumAPP:_processSerialData:120 - 📏 串口长度数据已更新: L28.582499 -> physical_length=28.582499
2025-09-02 14:50:50.680 | INFO     | Pendulum.PendulumAPP:_processSerialData:121 - 🔄 数据来源: 串口接收 -> PendulumState.physical_length
2025-09-02 14:50:50.726 | INFO     | Pendulum.PendulumAPP:_processSerialData:120 - 📏 串口长度数据已更新: L28.582499 -> physical_length=28.582499
2025-09-02 14:50:50.727 | INFO     | Pendulum.PendulumAPP:_processSerialData:121 - 🔄 数据来源: 串口接收 -> PendulumState.physical_length
2025-09-02 14:50:50.771 | INFO     | Pendulum.PendulumAPP:_processSerialData:120 - 📏 串口长度数据已更新: L28.582499 -> physical_length=28.582499
2025-09-02 14:50:50.772 | INFO     | Pendulum.PendulumAPP:_processSerialData:121 - 🔄 数据来源: 串口接收 -> PendulumState.physical_length
2025-09-02 14:50:50.818 | INFO     | Pendulum.PendulumAPP:_processSerialData:120 - 📏 串口长度数据已更新: L28.582499 -> physical_length=28.582499
2025-09-02 14:50:50.819 | INFO     | Pendulum.PendulumAPP:_processSerialData:121 - 🔄 数据来源: 串口接收 -> PendulumState.physical_length
2025-09-02 14:50:50.864 | INFO     | Pendulum.PendulumAPP:_processSerialData:120 - 📏 串口长度数据已更新: L28.582499 -> physical_length=28.582499
2025-09-02 14:50:50.864 | INFO     | Pendulum.PendulumAPP:_processSerialData:121 - 🔄 数据来源: 串口接收 -> PendulumState.physical_length
2025-09-02 14:50:50.911 | INFO     | Pendulum.PendulumAPP:_processSerialData:120 - 📏 串口长度数据已更新: L28.582499 -> physical_length=28.582499
2025-09-02 14:50:50.912 | INFO     | Pendulum.PendulumAPP:_processSerialData:121 - 🔄 数据来源: 串口接收 -> PendulumState.physical_length
2025-09-02 14:50:50.957 | INFO     | Pendulum.PendulumAPP:_processSerialData:120 - 📏 串口长度数据已更新: L28.582499 -> physical_length=28.582499
2025-09-02 14:50:50.958 | INFO     | Pendulum.PendulumAPP:_processSerialData:121 - 🔄 数据来源: 串口接收 -> PendulumState.physical_length
2025-09-02 14:50:50.990 | INFO     | Pendulum.PendulumAPP:_processSerialData:120 - 📏 串口长度数据已更新: L28.582499 -> physical_length=28.582499
2025-09-02 14:50:50.991 | INFO     | Pendulum.PendulumAPP:_processSerialData:121 - 🔄 数据来源: 串口接收 -> PendulumState.physical_length
2025-09-02 14:50:51.036 | INFO     | Pendulum.PendulumAPP:_processSerialData:120 - 📏 串口长度数据已更新: L28.582499 -> physical_length=28.582499
2025-09-02 14:50:51.037 | INFO     | Pendulum.PendulumAPP:_processSerialData:121 - 🔄 数据来源: 串口接收 -> PendulumState.physical_length
2025-09-02 14:50:51.083 | INFO     | Pendulum.PendulumAPP:_processSerialData:120 - 📏 串口长度数据已更新: L28.582499 -> physical_length=28.582499
2025-09-02 14:50:51.085 | INFO     | Pendulum.PendulumAPP:_processSerialData:121 - 🔄 数据来源: 串口接收 -> PendulumState.physical_length
2025-09-02 14:50:51.128 | INFO     | Pendulum.PendulumAPP:_processSerialData:120 - 📏 串口长度数据已更新: L28.582499 -> physical_length=28.582499
2025-09-02 14:50:51.128 | INFO     | Pendulum.PendulumAPP:_processSerialData:121 - 🔄 数据来源: 串口接收 -> PendulumState.physical_length
2025-09-02 14:50:51.177 | INFO     | Pendulum.PendulumAPP:_processSerialData:120 - 📏 串口长度数据已更新: L28.582499 -> physical_length=28.582499
2025-09-02 14:50:51.178 | INFO     | Pendulum.PendulumAPP:_processSerialData:121 - 🔄 数据来源: 串口接收 -> PendulumState.physical_length
2025-09-02 14:50:51.207 | INFO     | Pendulum.PendulumAPP:_processSerialData:120 - 📏 串口长度数据已更新: L28.582499 -> physical_length=28.582499
2025-09-02 14:50:51.208 | INFO     | Pendulum.PendulumAPP:_processSerialData:121 - 🔄 数据来源: 串口接收 -> PendulumState.physical_length
2025-09-02 14:50:51.239 | INFO     | Pendulum.PendulumAPP:_processSerialData:120 - 📏 串口长度数据已更新: L28.582499 -> physical_length=28.582499
2025-09-02 14:50:51.240 | INFO     | Pendulum.PendulumAPP:_processSerialData:121 - 🔄 数据来源: 串口接收 -> PendulumState.physical_length
2025-09-02 14:50:51.287 | INFO     | Pendulum.PendulumAPP:_processSerialData:120 - 📏 串口长度数据已更新: L28.582499 -> physical_length=28.582499
2025-09-02 14:50:51.288 | INFO     | Pendulum.PendulumAPP:_processSerialData:121 - 🔄 数据来源: 串口接收 -> PendulumState.physical_length
2025-09-02 14:50:51.347 | INFO     | Pendulum.PendulumAPP:_processSerialData:120 - 📏 串口长度数据已更新: L28.582499 -> physical_length=28.582499
2025-09-02 14:50:51.347 | INFO     | Pendulum.PendulumAPP:_processSerialData:121 - 🔄 数据来源: 串口接收 -> PendulumState.physical_length
2025-09-02 14:50:51.395 | INFO     | Pendulum.PendulumAPP:_processSerialData:120 - 📏 串口长度数据已更新: L28.582499 -> physical_length=28.582499
2025-09-02 14:50:51.396 | INFO     | Pendulum.PendulumAPP:_processSerialData:121 - 🔄 数据来源: 串口接收 -> PendulumState.physical_length
2025-09-02 14:50:51.426 | INFO     | Pendulum.PendulumAPP:_processSerialData:120 - 📏 串口长度数据已更新: L28.582499 -> physical_length=28.582499
2025-09-02 14:50:51.427 | INFO     | Pendulum.PendulumAPP:_processSerialData:121 - 🔄 数据来源: 串口接收 -> PendulumState.physical_length
2025-09-02 14:50:51.473 | INFO     | Pendulum.PendulumAPP:_processSerialData:120 - 📏 串口长度数据已更新: L28.582499 -> physical_length=28.582499
2025-09-02 14:50:51.474 | INFO     | Pendulum.PendulumAPP:_processSerialData:121 - 🔄 数据来源: 串口接收 -> PendulumState.physical_length
2025-09-02 14:50:51.520 | INFO     | Pendulum.PendulumAPP:_processSerialData:120 - 📏 串口长度数据已更新: L28.582499 -> physical_length=28.582499
2025-09-02 14:50:51.521 | INFO     | Pendulum.PendulumAPP:_processSerialData:121 - 🔄 数据来源: 串口接收 -> PendulumState.physical_length
2025-09-02 14:50:51.565 | INFO     | Pendulum.PendulumAPP:_processSerialData:120 - 📏 串口长度数据已更新: L28.582499 -> physical_length=28.582499
2025-09-02 14:50:51.565 | INFO     | Pendulum.PendulumAPP:_processSerialData:121 - 🔄 数据来源: 串口接收 -> PendulumState.physical_length
2025-09-02 14:50:51.612 | INFO     | Pendulum.PendulumAPP:_processSerialData:120 - 📏 串口长度数据已更新: L28.582499 -> physical_length=28.582499
2025-09-02 14:50:51.612 | INFO     | Pendulum.PendulumAPP:_processSerialData:121 - 🔄 数据来源: 串口接收 -> PendulumState.physical_length
2025-09-02 14:50:51.644 | INFO     | Pendulum.PendulumAPP:_processSerialData:120 - 📏 串口长度数据已更新: L28.582499 -> physical_length=28.582499
2025-09-02 14:50:51.645 | INFO     | Pendulum.PendulumAPP:_processSerialData:121 - 🔄 数据来源: 串口接收 -> PendulumState.physical_length
2025-09-02 14:50:51.690 | INFO     | Pendulum.PendulumAPP:_processSerialData:120 - 📏 串口长度数据已更新: L28.582499 -> physical_length=28.582499
2025-09-02 14:50:51.690 | INFO     | Pendulum.PendulumAPP:_processSerialData:121 - 🔄 数据来源: 串口接收 -> PendulumState.physical_length
2025-09-02 14:50:51.737 | INFO     | Pendulum.PendulumAPP:_processSerialData:120 - 📏 串口长度数据已更新: L28.582499 -> physical_length=28.582499
2025-09-02 14:50:51.738 | INFO     | Pendulum.PendulumAPP:_processSerialData:121 - 🔄 数据来源: 串口接收 -> PendulumState.physical_length
2025-09-02 14:50:51.783 | INFO     | Pendulum.PendulumAPP:_processSerialData:120 - 📏 串口长度数据已更新: L28.582499 -> physical_length=28.582499
2025-09-02 14:50:51.784 | INFO     | Pendulum.PendulumAPP:_processSerialData:121 - 🔄 数据来源: 串口接收 -> PendulumState.physical_length
2025-09-02 14:50:51.830 | INFO     | Pendulum.PendulumAPP:_processSerialData:120 - 📏 串口长度数据已更新: L28.582499 -> physical_length=28.582499
2025-09-02 14:50:51.831 | INFO     | Pendulum.PendulumAPP:_processSerialData:121 - 🔄 数据来源: 串口接收 -> PendulumState.physical_length
2025-09-02 14:50:51.876 | INFO     | Pendulum.PendulumAPP:_processSerialData:120 - 📏 串口长度数据已更新: L28.582499 -> physical_length=28.582499
2025-09-02 14:50:51.877 | INFO     | Pendulum.PendulumAPP:_processSerialData:121 - 🔄 数据来源: 串口接收 -> PendulumState.physical_length
2025-09-02 14:50:51.924 | INFO     | Pendulum.PendulumAPP:_processSerialData:120 - 📏 串口长度数据已更新: L28.582499 -> physical_length=28.582499
2025-09-02 14:50:51.926 | INFO     | Pendulum.PendulumAPP:_processSerialData:121 - 🔄 数据来源: 串口接收 -> PendulumState.physical_length
2025-09-02 14:50:51.968 | INFO     | Pendulum.PendulumAPP:_processSerialData:120 - 📏 串口长度数据已更新: L28.582499 -> physical_length=28.582499
2025-09-02 14:50:51.969 | INFO     | Pendulum.PendulumAPP:_processSerialData:121 - 🔄 数据来源: 串口接收 -> PendulumState.physical_length
2025-09-02 14:50:52.016 | INFO     | Pendulum.PendulumAPP:_processSerialData:120 - 📏 串口长度数据已更新: L28.582499 -> physical_length=28.582499
2025-09-02 14:50:52.018 | INFO     | Pendulum.PendulumAPP:_processSerialData:121 - 🔄 数据来源: 串口接收 -> PendulumState.physical_length
2025-09-02 14:50:52.062 | INFO     | Pendulum.PendulumAPP:_processSerialData:120 - 📏 串口长度数据已更新: L28.582499 -> physical_length=28.582499
2025-09-02 14:50:52.063 | INFO     | Pendulum.PendulumAPP:_processSerialData:121 - 🔄 数据来源: 串口接收 -> PendulumState.physical_length
2025-09-02 14:50:52.109 | INFO     | Pendulum.PendulumAPP:_processSerialData:120 - 📏 串口长度数据已更新: L28.582499 -> physical_length=28.582499
2025-09-02 14:50:52.110 | INFO     | Pendulum.PendulumAPP:_processSerialData:121 - 🔄 数据来源: 串口接收 -> PendulumState.physical_length
2025-09-02 14:50:52.154 | INFO     | Pendulum.PendulumAPP:_processSerialData:120 - 📏 串口长度数据已更新: L28.582499 -> physical_length=28.582499
2025-09-02 14:50:52.155 | INFO     | Pendulum.PendulumAPP:_processSerialData:121 - 🔄 数据来源: 串口接收 -> PendulumState.physical_length
2025-09-02 14:50:52.201 | INFO     | Pendulum.PendulumAPP:_processSerialData:120 - 📏 串口长度数据已更新: L28.582499 -> physical_length=28.582499
2025-09-02 14:50:52.202 | INFO     | Pendulum.PendulumAPP:_processSerialData:121 - 🔄 数据来源: 串口接收 -> PendulumState.physical_length
2025-09-02 14:50:52.247 | INFO     | Pendulum.PendulumAPP:_processSerialData:120 - 📏 串口长度数据已更新: L28.582499 -> physical_length=28.582499
2025-09-02 14:50:52.248 | INFO     | Pendulum.PendulumAPP:_processSerialData:121 - 🔄 数据来源: 串口接收 -> PendulumState.physical_length
2025-09-02 14:50:52.278 | INFO     | Pendulum.PendulumAPP:_processSerialData:120 - 📏 串口长度数据已更新: L28.582499 -> physical_length=28.582499
2025-09-02 14:50:52.279 | INFO     | Pendulum.PendulumAPP:_processSerialData:121 - 🔄 数据来源: 串口接收 -> PendulumState.physical_length
2025-09-02 14:50:52.324 | INFO     | Pendulum.PendulumAPP:_processSerialData:120 - 📏 串口长度数据已更新: L28.582499 -> physical_length=28.582499
2025-09-02 14:50:52.325 | INFO     | Pendulum.PendulumAPP:_processSerialData:121 - 🔄 数据来源: 串口接收 -> PendulumState.physical_length
2025-09-02 14:50:52.370 | INFO     | Pendulum.PendulumAPP:_processSerialData:120 - 📏 串口长度数据已更新: L28.582499 -> physical_length=28.582499
2025-09-02 14:50:52.372 | INFO     | Pendulum.PendulumAPP:_processSerialData:121 - 🔄 数据来源: 串口接收 -> PendulumState.physical_length
2025-09-02 14:50:52.402 | INFO     | Pendulum.PendulumAPP:_processSerialData:120 - 📏 串口长度数据已更新: L28.582499 -> physical_length=28.582499
2025-09-02 14:50:52.403 | INFO     | Pendulum.PendulumAPP:_processSerialData:121 - 🔄 数据来源: 串口接收 -> PendulumState.physical_length
2025-09-02 14:50:52.433 | INFO     | Pendulum.PendulumAPP:_processSerialData:120 - 📏 串口长度数据已更新: L28.582499 -> physical_length=28.582499
2025-09-02 14:50:52.434 | INFO     | Pendulum.PendulumAPP:_processSerialData:121 - 🔄 数据来源: 串口接收 -> PendulumState.physical_length
2025-09-02 14:50:52.480 | INFO     | Pendulum.PendulumAPP:_processSerialData:120 - 📏 串口长度数据已更新: L28.582499 -> physical_length=28.582499
2025-09-02 14:50:52.481 | INFO     | Pendulum.PendulumAPP:_processSerialData:121 - 🔄 数据来源: 串口接收 -> PendulumState.physical_length
2025-09-02 14:50:52.527 | INFO     | Pendulum.PendulumAPP:_processSerialData:120 - 📏 串口长度数据已更新: L28.582499 -> physical_length=28.582499
2025-09-02 14:50:52.528 | INFO     | Pendulum.PendulumAPP:_processSerialData:121 - 🔄 数据来源: 串口接收 -> PendulumState.physical_length
2025-09-02 14:50:52.573 | INFO     | Pendulum.PendulumAPP:_processSerialData:120 - 📏 串口长度数据已更新: L28.582499 -> physical_length=28.582499
2025-09-02 14:50:52.574 | INFO     | Pendulum.PendulumAPP:_processSerialData:121 - 🔄 数据来源: 串口接收 -> PendulumState.physical_length
2025-09-02 14:50:52.619 | INFO     | Pendulum.PendulumAPP:_processSerialData:120 - 📏 串口长度数据已更新: L28.582499 -> physical_length=28.582499
2025-09-02 14:50:52.620 | INFO     | Pendulum.PendulumAPP:_processSerialData:121 - 🔄 数据来源: 串口接收 -> PendulumState.physical_length
2025-09-02 14:50:52.666 | INFO     | Pendulum.PendulumAPP:_processSerialData:120 - 📏 串口长度数据已更新: L28.582499 -> physical_length=28.582499
2025-09-02 14:50:52.667 | INFO     | Pendulum.PendulumAPP:_processSerialData:121 - 🔄 数据来源: 串口接收 -> PendulumState.physical_length
2025-09-02 14:50:52.713 | INFO     | Pendulum.PendulumAPP:_processSerialData:120 - 📏 串口长度数据已更新: L28.582499 -> physical_length=28.582499
2025-09-02 14:50:52.714 | INFO     | Pendulum.PendulumAPP:_processSerialData:121 - 🔄 数据来源: 串口接收 -> PendulumState.physical_length
2025-09-02 14:50:52.759 | INFO     | Pendulum.PendulumAPP:_processSerialData:120 - 📏 串口长度数据已更新: L28.582499 -> physical_length=28.582499
2025-09-02 14:50:52.760 | INFO     | Pendulum.PendulumAPP:_processSerialData:121 - 🔄 数据来源: 串口接收 -> PendulumState.physical_length
2025-09-02 14:50:52.806 | INFO     | Pendulum.PendulumAPP:_processSerialData:120 - 📏 串口长度数据已更新: L28.582499 -> physical_length=28.582499
2025-09-02 14:50:52.807 | INFO     | Pendulum.PendulumAPP:_processSerialData:121 - 🔄 数据来源: 串口接收 -> PendulumState.physical_length
2025-09-02 14:50:52.836 | INFO     | Pendulum.PendulumAPP:_processSerialData:120 - 📏 串口长度数据已更新: L28.582499 -> physical_length=28.582499
2025-09-02 14:50:52.838 | INFO     | Pendulum.PendulumAPP:_processSerialData:121 - 🔄 数据来源: 串口接收 -> PendulumState.physical_length
2025-09-02 14:50:52.883 | INFO     | Pendulum.PendulumAPP:_processSerialData:120 - 📏 串口长度数据已更新: L28.582499 -> physical_length=28.582499
2025-09-02 14:50:52.883 | INFO     | Pendulum.PendulumAPP:_processSerialData:121 - 🔄 数据来源: 串口接收 -> PendulumState.physical_length
2025-09-02 14:50:52.930 | INFO     | Pendulum.PendulumAPP:_processSerialData:120 - 📏 串口长度数据已更新: L28.582499 -> physical_length=28.582499
2025-09-02 14:50:52.931 | INFO     | Pendulum.PendulumAPP:_processSerialData:121 - 🔄 数据来源: 串口接收 -> PendulumState.physical_length
2025-09-02 14:50:52.977 | INFO     | Pendulum.PendulumAPP:_processSerialData:120 - 📏 串口长度数据已更新: L28.582499 -> physical_length=28.582499
2025-09-02 14:50:52.978 | INFO     | Pendulum.PendulumAPP:_processSerialData:121 - 🔄 数据来源: 串口接收 -> PendulumState.physical_length
2025-09-02 14:50:53.024 | INFO     | Pendulum.PendulumAPP:_processSerialData:120 - 📏 串口长度数据已更新: L28.582499 -> physical_length=28.582499
2025-09-02 14:50:53.025 | INFO     | Pendulum.PendulumAPP:_processSerialData:121 - 🔄 数据来源: 串口接收 -> PendulumState.physical_length
2025-09-02 14:50:53.054 | INFO     | Pendulum.PendulumAPP:_processSerialData:120 - 📏 串口长度数据已更新: L28.582499 -> physical_length=28.582499
2025-09-02 14:50:53.056 | INFO     | Pendulum.PendulumAPP:_processSerialData:121 - 🔄 数据来源: 串口接收 -> PendulumState.physical_length
2025-09-02 14:50:53.085 | INFO     | Pendulum.PendulumAPP:_processSerialData:120 - 📏 串口长度数据已更新: L28.582499 -> physical_length=28.582499
2025-09-02 14:50:53.086 | INFO     | Pendulum.PendulumAPP:_processSerialData:121 - 🔄 数据来源: 串口接收 -> PendulumState.physical_length
2025-09-02 14:50:53.131 | INFO     | Pendulum.PendulumAPP:_processSerialData:120 - 📏 串口长度数据已更新: L28.582499 -> physical_length=28.582499
2025-09-02 14:50:53.131 | INFO     | Pendulum.PendulumAPP:_processSerialData:121 - 🔄 数据来源: 串口接收 -> PendulumState.physical_length
2025-09-02 14:50:53.163 | INFO     | Pendulum.PendulumAPP:_processSerialData:120 - 📏 串口长度数据已更新: L28.582499 -> physical_length=28.582499
2025-09-02 14:50:53.164 | INFO     | Pendulum.PendulumAPP:_processSerialData:121 - 🔄 数据来源: 串口接收 -> PendulumState.physical_length
2025-09-02 14:50:53.208 | INFO     | Pendulum.PendulumAPP:_processSerialData:120 - 📏 串口长度数据已更新: L28.582499 -> physical_length=28.582499
2025-09-02 14:50:53.211 | INFO     | Pendulum.PendulumAPP:_processSerialData:121 - 🔄 数据来源: 串口接收 -> PendulumState.physical_length
2025-09-02 14:50:53.239 | INFO     | Pendulum.PendulumAPP:_processSerialData:120 - 📏 串口长度数据已更新: L28.582499 -> physical_length=28.582499
2025-09-02 14:50:53.240 | INFO     | Pendulum.PendulumAPP:_processSerialData:121 - 🔄 数据来源: 串口接收 -> PendulumState.physical_length
2025-09-02 14:50:53.286 | INFO     | Pendulum.PendulumAPP:_processSerialData:120 - 📏 串口长度数据已更新: L28.582499 -> physical_length=28.582499
2025-09-02 14:50:53.287 | INFO     | Pendulum.PendulumAPP:_processSerialData:121 - 🔄 数据来源: 串口接收 -> PendulumState.physical_length
2025-09-02 14:50:53.348 | INFO     | Pendulum.PendulumAPP:_processSerialData:120 - 📏 串口长度数据已更新: L28.582499 -> physical_length=28.582499
2025-09-02 14:50:53.350 | INFO     | Pendulum.PendulumAPP:_processSerialData:121 - 🔄 数据来源: 串口接收 -> PendulumState.physical_length
2025-09-02 14:50:53.393 | INFO     | Pendulum.PendulumAPP:_processSerialData:120 - 📏 串口长度数据已更新: L28.582499 -> physical_length=28.582499
2025-09-02 14:50:53.394 | INFO     | Pendulum.PendulumAPP:_processSerialData:121 - 🔄 数据来源: 串口接收 -> PendulumState.physical_length
2025-09-02 14:50:53.441 | INFO     | Pendulum.PendulumAPP:_processSerialData:120 - 📏 串口长度数据已更新: L28.582499 -> physical_length=28.582499
2025-09-02 14:50:53.443 | INFO     | Pendulum.PendulumAPP:_processSerialData:121 - 🔄 数据来源: 串口接收 -> PendulumState.physical_length
2025-09-02 14:50:53.488 | INFO     | Pendulum.PendulumAPP:_processSerialData:120 - 📏 串口长度数据已更新: L28.582499 -> physical_length=28.582499
2025-09-02 14:50:53.489 | INFO     | Pendulum.PendulumAPP:_processSerialData:121 - 🔄 数据来源: 串口接收 -> PendulumState.physical_length
2025-09-02 14:50:53.535 | INFO     | Pendulum.PendulumAPP:_processSerialData:120 - 📏 串口长度数据已更新: L28.582499 -> physical_length=28.582499
2025-09-02 14:50:53.535 | INFO     | Pendulum.PendulumAPP:_processSerialData:121 - 🔄 数据来源: 串口接收 -> PendulumState.physical_length
2025-09-02 14:50:53.580 | INFO     | Pendulum.PendulumAPP:_processSerialData:120 - 📏 串口长度数据已更新: L28.582499 -> physical_length=28.582499
2025-09-02 14:50:53.581 | INFO     | Pendulum.PendulumAPP:_processSerialData:121 - 🔄 数据来源: 串口接收 -> PendulumState.physical_length
2025-09-02 14:50:53.626 | INFO     | Pendulum.PendulumAPP:_processSerialData:120 - 📏 串口长度数据已更新: L28.582499 -> physical_length=28.582499
2025-09-02 14:50:53.627 | INFO     | Pendulum.PendulumAPP:_processSerialData:121 - 🔄 数据来源: 串口接收 -> PendulumState.physical_length
2025-09-02 14:50:53.673 | INFO     | Pendulum.PendulumAPP:_processSerialData:120 - 📏 串口长度数据已更新: L28.582499 -> physical_length=28.582499
2025-09-02 14:50:53.674 | INFO     | Pendulum.PendulumAPP:_processSerialData:121 - 🔄 数据来源: 串口接收 -> PendulumState.physical_length
2025-09-02 14:50:53.719 | INFO     | Pendulum.PendulumAPP:_processSerialData:120 - 📏 串口长度数据已更新: L28.582499 -> physical_length=28.582499
2025-09-02 14:50:53.721 | INFO     | Pendulum.PendulumAPP:_processSerialData:121 - 🔄 数据来源: 串口接收 -> PendulumState.physical_length
2025-09-02 14:50:53.767 | INFO     | Pendulum.PendulumAPP:_processSerialData:120 - 📏 串口长度数据已更新: L28.582499 -> physical_length=28.582499
2025-09-02 14:50:53.768 | INFO     | Pendulum.PendulumAPP:_processSerialData:121 - 🔄 数据来源: 串口接收 -> PendulumState.physical_length
2025-09-02 14:50:53.813 | INFO     | Pendulum.PendulumAPP:_processSerialData:120 - 📏 串口长度数据已更新: L28.582499 -> physical_length=28.582499
2025-09-02 14:50:53.814 | INFO     | Pendulum.PendulumAPP:_processSerialData:121 - 🔄 数据来源: 串口接收 -> PendulumState.physical_length
2025-09-02 14:50:53.860 | INFO     | Pendulum.PendulumAPP:_processSerialData:120 - 📏 串口长度数据已更新: L28.582499 -> physical_length=28.582499
2025-09-02 14:50:53.860 | INFO     | Pendulum.PendulumAPP:_processSerialData:121 - 🔄 数据来源: 串口接收 -> PendulumState.physical_length
2025-09-02 14:50:53.891 | INFO     | Pendulum.PendulumAPP:_processSerialData:120 - 📏 串口长度数据已更新: L28.582499 -> physical_length=28.582499
2025-09-02 14:50:53.892 | INFO     | Pendulum.PendulumAPP:_processSerialData:121 - 🔄 数据来源: 串口接收 -> PendulumState.physical_length
2025-09-02 14:50:53.938 | INFO     | Pendulum.PendulumAPP:_processSerialData:120 - 📏 串口长度数据已更新: L28.582499 -> physical_length=28.582499
2025-09-02 14:50:53.939 | INFO     | Pendulum.PendulumAPP:_processSerialData:121 - 🔄 数据来源: 串口接收 -> PendulumState.physical_length
2025-09-02 14:50:53.983 | INFO     | Pendulum.PendulumAPP:_processSerialData:120 - 📏 串口长度数据已更新: L28.582499 -> physical_length=28.582499
2025-09-02 14:50:53.984 | INFO     | Pendulum.PendulumAPP:_processSerialData:121 - 🔄 数据来源: 串口接收 -> PendulumState.physical_length
2025-09-02 14:50:54.029 | INFO     | Pendulum.PendulumAPP:_processSerialData:120 - 📏 串口长度数据已更新: L28.582499 -> physical_length=28.582499
2025-09-02 14:50:54.031 | INFO     | Pendulum.PendulumAPP:_processSerialData:121 - 🔄 数据来源: 串口接收 -> PendulumState.physical_length
2025-09-02 14:50:54.075 | INFO     | Pendulum.PendulumAPP:_processSerialData:120 - 📏 串口长度数据已更新: L28.582499 -> physical_length=28.582499
2025-09-02 14:50:54.076 | INFO     | Pendulum.PendulumAPP:_processSerialData:121 - 🔄 数据来源: 串口接收 -> PendulumState.physical_length
2025-09-02 14:50:54.121 | INFO     | Pendulum.PendulumAPP:_processSerialData:120 - 📏 串口长度数据已更新: L28.582499 -> physical_length=28.582499
2025-09-02 14:50:54.122 | INFO     | Pendulum.PendulumAPP:_processSerialData:121 - 🔄 数据来源: 串口接收 -> PendulumState.physical_length
2025-09-02 14:50:54.168 | INFO     | Pendulum.PendulumAPP:_processSerialData:120 - 📏 串口长度数据已更新: L28.582499 -> physical_length=28.582499
2025-09-02 14:50:54.169 | INFO     | Pendulum.PendulumAPP:_processSerialData:121 - 🔄 数据来源: 串口接收 -> PendulumState.physical_length
2025-09-02 14:50:54.215 | INFO     | Pendulum.PendulumAPP:_processSerialData:120 - 📏 串口长度数据已更新: L28.582499 -> physical_length=28.582499
2025-09-02 14:50:54.217 | INFO     | Pendulum.PendulumAPP:_processSerialData:121 - 🔄 数据来源: 串口接收 -> PendulumState.physical_length
2025-09-02 14:50:54.263 | INFO     | Pendulum.PendulumAPP:_processSerialData:120 - 📏 串口长度数据已更新: L28.582499 -> physical_length=28.582499
2025-09-02 14:50:54.264 | INFO     | Pendulum.PendulumAPP:_processSerialData:121 - 🔄 数据来源: 串口接收 -> PendulumState.physical_length
2025-09-02 14:50:54.309 | INFO     | Pendulum.PendulumAPP:_processSerialData:120 - 📏 串口长度数据已更新: L28.582499 -> physical_length=28.582499
2025-09-02 14:50:54.310 | INFO     | Pendulum.PendulumAPP:_processSerialData:121 - 🔄 数据来源: 串口接收 -> PendulumState.physical_length
2025-09-02 14:50:54.356 | INFO     | Pendulum.PendulumAPP:_processSerialData:120 - 📏 串口长度数据已更新: L28.582499 -> physical_length=28.582499
2025-09-02 14:50:54.360 | INFO     | Pendulum.PendulumAPP:_processSerialData:121 - 🔄 数据来源: 串口接收 -> PendulumState.physical_length
2025-09-02 14:50:54.402 | INFO     | Pendulum.PendulumAPP:_processSerialData:120 - 📏 串口长度数据已更新: L28.582499 -> physical_length=28.582499
2025-09-02 14:50:54.403 | INFO     | Pendulum.PendulumAPP:_processSerialData:121 - 🔄 数据来源: 串口接收 -> PendulumState.physical_length
2025-09-02 14:50:54.447 | INFO     | Pendulum.PendulumAPP:_processSerialData:120 - 📏 串口长度数据已更新: L28.582499 -> physical_length=28.582499
2025-09-02 14:50:54.448 | INFO     | Pendulum.PendulumAPP:_processSerialData:121 - 🔄 数据来源: 串口接收 -> PendulumState.physical_length
2025-09-02 14:50:54.494 | INFO     | Pendulum.PendulumAPP:_processSerialData:120 - 📏 串口长度数据已更新: L28.582499 -> physical_length=28.582499
2025-09-02 14:50:54.496 | INFO     | Pendulum.PendulumAPP:_processSerialData:121 - 🔄 数据来源: 串口接收 -> PendulumState.physical_length
2025-09-02 14:50:54.539 | INFO     | Pendulum.PendulumAPP:_processSerialData:120 - 📏 串口长度数据已更新: L28.582499 -> physical_length=28.582499
2025-09-02 14:50:54.540 | INFO     | Pendulum.PendulumAPP:_processSerialData:121 - 🔄 数据来源: 串口接收 -> PendulumState.physical_length
2025-09-02 14:50:54.584 | INFO     | Pendulum.PendulumAPP:_processSerialData:120 - 📏 串口长度数据已更新: L28.582499 -> physical_length=28.582499
2025-09-02 14:50:54.586 | INFO     | Pendulum.PendulumAPP:_processSerialData:121 - 🔄 数据来源: 串口接收 -> PendulumState.physical_length
2025-09-02 14:50:54.631 | INFO     | Pendulum.PendulumAPP:_processSerialData:120 - 📏 串口长度数据已更新: L28.582499 -> physical_length=28.582499
2025-09-02 14:50:54.632 | INFO     | Pendulum.PendulumAPP:_processSerialData:121 - 🔄 数据来源: 串口接收 -> PendulumState.physical_length
2025-09-02 14:50:54.677 | INFO     | Pendulum.PendulumAPP:_processSerialData:120 - 📏 串口长度数据已更新: L28.582499 -> physical_length=28.582499
2025-09-02 14:50:54.679 | INFO     | Pendulum.PendulumAPP:_processSerialData:121 - 🔄 数据来源: 串口接收 -> PendulumState.physical_length
2025-09-02 14:50:54.723 | INFO     | Pendulum.PendulumAPP:_processSerialData:120 - 📏 串口长度数据已更新: L28.582499 -> physical_length=28.582499
2025-09-02 14:50:54.724 | INFO     | Pendulum.PendulumAPP:_processSerialData:121 - 🔄 数据来源: 串口接收 -> PendulumState.physical_length
2025-09-02 14:50:54.771 | INFO     | Pendulum.PendulumAPP:_processSerialData:120 - 📏 串口长度数据已更新: L28.582499 -> physical_length=28.582499
2025-09-02 14:50:54.771 | INFO     | Pendulum.PendulumAPP:_processSerialData:121 - 🔄 数据来源: 串口接收 -> PendulumState.physical_length
2025-09-02 14:50:54.819 | INFO     | Pendulum.PendulumAPP:_processSerialData:120 - 📏 串口长度数据已更新: L28.582499 -> physical_length=28.582499
2025-09-02 14:50:54.820 | INFO     | Pendulum.PendulumAPP:_processSerialData:121 - 🔄 数据来源: 串口接收 -> PendulumState.physical_length
2025-09-02 14:50:54.864 | INFO     | Pendulum.PendulumAPP:_processSerialData:120 - 📏 串口长度数据已更新: L28.582499 -> physical_length=28.582499
2025-09-02 14:50:54.865 | INFO     | Pendulum.PendulumAPP:_processSerialData:121 - 🔄 数据来源: 串口接收 -> PendulumState.physical_length
2025-09-02 14:50:54.911 | INFO     | Pendulum.PendulumAPP:_processSerialData:120 - 📏 串口长度数据已更新: L28.582499 -> physical_length=28.582499
2025-09-02 14:50:54.913 | INFO     | Pendulum.PendulumAPP:_processSerialData:121 - 🔄 数据来源: 串口接收 -> PendulumState.physical_length
2025-09-02 14:50:54.958 | INFO     | Pendulum.PendulumAPP:_processSerialData:120 - 📏 串口长度数据已更新: L28.582499 -> physical_length=28.582499
2025-09-02 14:50:54.959 | INFO     | Pendulum.PendulumAPP:_processSerialData:121 - 🔄 数据来源: 串口接收 -> PendulumState.physical_length
2025-09-02 14:50:55.003 | INFO     | Pendulum.PendulumAPP:_processSerialData:120 - 📏 串口长度数据已更新: L28.582499 -> physical_length=28.582499
2025-09-02 14:50:55.004 | INFO     | Pendulum.PendulumAPP:_processSerialData:121 - 🔄 数据来源: 串口接收 -> PendulumState.physical_length
2025-09-02 14:50:55.049 | INFO     | Pendulum.PendulumAPP:_processSerialData:120 - 📏 串口长度数据已更新: L28.582499 -> physical_length=28.582499
2025-09-02 14:50:55.050 | INFO     | Pendulum.PendulumAPP:_processSerialData:121 - 🔄 数据来源: 串口接收 -> PendulumState.physical_length
2025-09-02 14:50:55.095 | INFO     | Pendulum.PendulumAPP:_processSerialData:120 - 📏 串口长度数据已更新: L28.582499 -> physical_length=28.582499
2025-09-02 14:50:55.097 | INFO     | Pendulum.PendulumAPP:_processSerialData:121 - 🔄 数据来源: 串口接收 -> PendulumState.physical_length
2025-09-02 14:50:55.141 | INFO     | Pendulum.PendulumAPP:_processSerialData:120 - 📏 串口长度数据已更新: L28.582499 -> physical_length=28.582499
2025-09-02 14:50:55.142 | INFO     | Pendulum.PendulumAPP:_processSerialData:121 - 🔄 数据来源: 串口接收 -> PendulumState.physical_length
2025-09-02 14:50:55.187 | INFO     | Pendulum.PendulumAPP:_processSerialData:120 - 📏 串口长度数据已更新: L28.582499 -> physical_length=28.582499
2025-09-02 14:50:55.188 | INFO     | Pendulum.PendulumAPP:_processSerialData:121 - 🔄 数据来源: 串口接收 -> PendulumState.physical_length
2025-09-02 14:50:55.235 | INFO     | Pendulum.PendulumAPP:_processSerialData:120 - 📏 串口长度数据已更新: L28.582499 -> physical_length=28.582499
2025-09-02 14:50:55.237 | INFO     | Pendulum.PendulumAPP:_processSerialData:121 - 🔄 数据来源: 串口接收 -> PendulumState.physical_length
2025-09-02 14:50:55.281 | INFO     | Pendulum.PendulumAPP:_processSerialData:120 - 📏 串口长度数据已更新: L28.582499 -> physical_length=28.582499
2025-09-02 14:50:55.282 | INFO     | Pendulum.PendulumAPP:_processSerialData:121 - 🔄 数据来源: 串口接收 -> PendulumState.physical_length
2025-09-02 14:50:55.333 | INFO     | Pendulum.PendulumAPP:_processSerialData:120 - 📏 串口长度数据已更新: L28.582499 -> physical_length=28.582499
2025-09-02 14:50:55.334 | INFO     | Pendulum.PendulumAPP:_processSerialData:121 - 🔄 数据来源: 串口接收 -> PendulumState.physical_length
2025-09-02 14:50:55.374 | INFO     | Pendulum.PendulumAPP:_processSerialData:120 - 📏 串口长度数据已更新: L28.582499 -> physical_length=28.582499
2025-09-02 14:50:55.375 | INFO     | Pendulum.PendulumAPP:_processSerialData:121 - 🔄 数据来源: 串口接收 -> PendulumState.physical_length
2025-09-02 14:50:55.423 | INFO     | Pendulum.PendulumAPP:_processSerialData:120 - 📏 串口长度数据已更新: L28.582499 -> physical_length=28.582499
2025-09-02 14:50:55.425 | INFO     | Pendulum.PendulumAPP:_processSerialData:121 - 🔄 数据来源: 串口接收 -> PendulumState.physical_length
2025-09-02 14:50:55.471 | INFO     | Pendulum.PendulumAPP:_processSerialData:120 - 📏 串口长度数据已更新: L28.582499 -> physical_length=28.582499
2025-09-02 14:50:55.472 | INFO     | Pendulum.PendulumAPP:_processSerialData:121 - 🔄 数据来源: 串口接收 -> PendulumState.physical_length
2025-09-02 14:50:55.516 | INFO     | Pendulum.PendulumAPP:_processSerialData:120 - 📏 串口长度数据已更新: L28.582499 -> physical_length=28.582499
2025-09-02 14:50:55.519 | INFO     | Pendulum.PendulumAPP:_processSerialData:121 - 🔄 数据来源: 串口接收 -> PendulumState.physical_length
2025-09-02 14:50:55.563 | INFO     | Pendulum.PendulumAPP:_processSerialData:120 - 📏 串口长度数据已更新: L28.582499 -> physical_length=28.582499
2025-09-02 14:50:55.564 | INFO     | Pendulum.PendulumAPP:_processSerialData:121 - 🔄 数据来源: 串口接收 -> PendulumState.physical_length
2025-09-02 14:50:55.610 | INFO     | Pendulum.PendulumAPP:_processSerialData:120 - 📏 串口长度数据已更新: L28.582499 -> physical_length=28.582499
2025-09-02 14:50:55.611 | INFO     | Pendulum.PendulumAPP:_processSerialData:121 - 🔄 数据来源: 串口接收 -> PendulumState.physical_length
2025-09-02 14:50:55.656 | INFO     | Pendulum.PendulumAPP:_processSerialData:120 - 📏 串口长度数据已更新: L28.582499 -> physical_length=28.582499
2025-09-02 14:50:55.656 | INFO     | Pendulum.PendulumAPP:_processSerialData:121 - 🔄 数据来源: 串口接收 -> PendulumState.physical_length
2025-09-02 14:50:55.702 | INFO     | Pendulum.PendulumAPP:_processSerialData:120 - 📏 串口长度数据已更新: L28.582499 -> physical_length=28.582499
2025-09-02 14:50:55.704 | INFO     | Pendulum.PendulumAPP:_processSerialData:121 - 🔄 数据来源: 串口接收 -> PendulumState.physical_length
2025-09-02 14:50:55.748 | INFO     | Pendulum.PendulumAPP:_processSerialData:120 - 📏 串口长度数据已更新: L28.582499 -> physical_length=28.582499
2025-09-02 14:50:55.749 | INFO     | Pendulum.PendulumAPP:_processSerialData:121 - 🔄 数据来源: 串口接收 -> PendulumState.physical_length
2025-09-02 14:50:55.794 | INFO     | Pendulum.PendulumAPP:_processSerialData:120 - 📏 串口长度数据已更新: L28.582499 -> physical_length=28.582499
2025-09-02 14:50:55.795 | INFO     | Pendulum.PendulumAPP:_processSerialData:121 - 🔄 数据来源: 串口接收 -> PendulumState.physical_length
2025-09-02 14:50:55.840 | INFO     | Pendulum.PendulumAPP:_processSerialData:120 - 📏 串口长度数据已更新: L28.582499 -> physical_length=28.582499
2025-09-02 14:50:55.840 | INFO     | Pendulum.PendulumAPP:_processSerialData:121 - 🔄 数据来源: 串口接收 -> PendulumState.physical_length
2025-09-02 14:50:55.886 | INFO     | Pendulum.PendulumAPP:_processSerialData:120 - 📏 串口长度数据已更新: L28.582499 -> physical_length=28.582499
2025-09-02 14:50:55.887 | INFO     | Pendulum.PendulumAPP:_processSerialData:121 - 🔄 数据来源: 串口接收 -> PendulumState.physical_length
2025-09-02 14:50:55.933 | INFO     | Pendulum.PendulumAPP:_processSerialData:120 - 📏 串口长度数据已更新: L28.582499 -> physical_length=28.582499
2025-09-02 14:50:55.934 | INFO     | Pendulum.PendulumAPP:_processSerialData:121 - 🔄 数据来源: 串口接收 -> PendulumState.physical_length
2025-09-02 14:50:55.980 | INFO     | Pendulum.PendulumAPP:_processSerialData:120 - 📏 串口长度数据已更新: L28.582499 -> physical_length=28.582499
2025-09-02 14:50:55.981 | INFO     | Pendulum.PendulumAPP:_processSerialData:121 - 🔄 数据来源: 串口接收 -> PendulumState.physical_length
2025-09-02 14:50:56.026 | INFO     | Pendulum.PendulumAPP:_processSerialData:120 - 📏 串口长度数据已更新: L28.582499 -> physical_length=28.582499
2025-09-02 14:50:56.026 | INFO     | Pendulum.PendulumAPP:_processSerialData:121 - 🔄 数据来源: 串口接收 -> PendulumState.physical_length
2025-09-02 14:50:56.073 | INFO     | Pendulum.PendulumAPP:_processSerialData:120 - 📏 串口长度数据已更新: L28.582499 -> physical_length=28.582499
2025-09-02 14:50:56.074 | INFO     | Pendulum.PendulumAPP:_processSerialData:121 - 🔄 数据来源: 串口接收 -> PendulumState.physical_length
2025-09-02 14:50:56.119 | INFO     | Pendulum.PendulumAPP:_processSerialData:120 - 📏 串口长度数据已更新: L28.582499 -> physical_length=28.582499
2025-09-02 14:50:56.120 | INFO     | Pendulum.PendulumAPP:_processSerialData:121 - 🔄 数据来源: 串口接收 -> PendulumState.physical_length
2025-09-02 14:50:56.164 | INFO     | Pendulum.PendulumAPP:_processSerialData:120 - 📏 串口长度数据已更新: L28.582499 -> physical_length=28.582499
2025-09-02 14:50:56.165 | INFO     | Pendulum.PendulumAPP:_processSerialData:121 - 🔄 数据来源: 串口接收 -> PendulumState.physical_length
2025-09-02 14:50:56.211 | INFO     | Pendulum.PendulumAPP:_processSerialData:120 - 📏 串口长度数据已更新: L28.582499 -> physical_length=28.582499
2025-09-02 14:50:56.212 | INFO     | Pendulum.PendulumAPP:_processSerialData:121 - 🔄 数据来源: 串口接收 -> PendulumState.physical_length
2025-09-02 14:50:56.258 | INFO     | Pendulum.PendulumAPP:_processSerialData:120 - 📏 串口长度数据已更新: L28.582499 -> physical_length=28.582499
2025-09-02 14:50:56.259 | INFO     | Pendulum.PendulumAPP:_processSerialData:121 - 🔄 数据来源: 串口接收 -> PendulumState.physical_length
2025-09-02 14:50:56.304 | INFO     | Pendulum.PendulumAPP:_processSerialData:120 - 📏 串口长度数据已更新: L28.582499 -> physical_length=28.582499
2025-09-02 14:50:56.305 | INFO     | Pendulum.PendulumAPP:_processSerialData:121 - 🔄 数据来源: 串口接收 -> PendulumState.physical_length
2025-09-02 14:50:56.366 | INFO     | Pendulum.PendulumAPP:_processSerialData:120 - 📏 串口长度数据已更新: L28.582499 -> physical_length=28.582499
2025-09-02 14:50:56.367 | INFO     | Pendulum.PendulumAPP:_processSerialData:121 - 🔄 数据来源: 串口接收 -> PendulumState.physical_length
2025-09-02 14:50:56.410 | INFO     | Pendulum.PendulumAPP:_processSerialData:120 - 📏 串口长度数据已更新: L28.582499 -> physical_length=28.582499
2025-09-02 14:50:56.413 | INFO     | Pendulum.PendulumAPP:_processSerialData:121 - 🔄 数据来源: 串口接收 -> PendulumState.physical_length
2025-09-02 14:50:56.458 | INFO     | Pendulum.PendulumAPP:_processSerialData:120 - 📏 串口长度数据已更新: L28.582499 -> physical_length=28.582499
2025-09-02 14:50:56.459 | INFO     | Pendulum.PendulumAPP:_processSerialData:121 - 🔄 数据来源: 串口接收 -> PendulumState.physical_length
2025-09-02 14:50:56.505 | INFO     | Pendulum.PendulumAPP:_processSerialData:120 - 📏 串口长度数据已更新: L28.582499 -> physical_length=28.582499
2025-09-02 14:50:56.506 | INFO     | Pendulum.PendulumAPP:_processSerialData:121 - 🔄 数据来源: 串口接收 -> PendulumState.physical_length
2025-09-02 14:50:56.551 | INFO     | Pendulum.PendulumAPP:_processSerialData:120 - 📏 串口长度数据已更新: L28.582499 -> physical_length=28.582499
2025-09-02 14:50:56.553 | INFO     | Pendulum.PendulumAPP:_processSerialData:121 - 🔄 数据来源: 串口接收 -> PendulumState.physical_length
2025-09-02 14:50:56.599 | INFO     | Pendulum.PendulumAPP:_processSerialData:120 - 📏 串口长度数据已更新: L28.582499 -> physical_length=28.582499
2025-09-02 14:50:56.600 | INFO     | Pendulum.PendulumAPP:_processSerialData:121 - 🔄 数据来源: 串口接收 -> PendulumState.physical_length
2025-09-02 14:50:56.645 | INFO     | Pendulum.PendulumAPP:_processSerialData:120 - 📏 串口长度数据已更新: L28.582499 -> physical_length=28.582499
2025-09-02 14:50:56.646 | INFO     | Pendulum.PendulumAPP:_processSerialData:121 - 🔄 数据来源: 串口接收 -> PendulumState.physical_length
2025-09-02 14:50:56.691 | INFO     | Pendulum.PendulumAPP:_processSerialData:120 - 📏 串口长度数据已更新: L28.582499 -> physical_length=28.582499
2025-09-02 14:50:56.691 | INFO     | Pendulum.PendulumAPP:_processSerialData:121 - 🔄 数据来源: 串口接收 -> PendulumState.physical_length
2025-09-02 14:50:56.738 | INFO     | Pendulum.PendulumAPP:_processSerialData:120 - 📏 串口长度数据已更新: L28.582499 -> physical_length=28.582499
2025-09-02 14:50:56.739 | INFO     | Pendulum.PendulumAPP:_processSerialData:121 - 🔄 数据来源: 串口接收 -> PendulumState.physical_length
2025-09-02 14:50:56.784 | INFO     | Pendulum.PendulumAPP:_processSerialData:120 - 📏 串口长度数据已更新: L28.582499 -> physical_length=28.582499
2025-09-02 14:50:56.786 | INFO     | Pendulum.PendulumAPP:_processSerialData:121 - 🔄 数据来源: 串口接收 -> PendulumState.physical_length
2025-09-02 14:50:56.830 | INFO     | Pendulum.PendulumAPP:_processSerialData:120 - 📏 串口长度数据已更新: L28.582499 -> physical_length=28.582499
2025-09-02 14:50:56.833 | INFO     | Pendulum.PendulumAPP:_processSerialData:121 - 🔄 数据来源: 串口接收 -> PendulumState.physical_length
2025-09-02 14:50:56.892 | INFO     | Pendulum.PendulumAPP:_processSerialData:120 - 📏 串口长度数据已更新: L28.582499 -> physical_length=28.582499
2025-09-02 14:50:56.892 | INFO     | Pendulum.PendulumAPP:_processSerialData:121 - 🔄 数据来源: 串口接收 -> PendulumState.physical_length
2025-09-02 14:50:56.939 | INFO     | Pendulum.PendulumAPP:_processSerialData:120 - 📏 串口长度数据已更新: L28.582499 -> physical_length=28.582499
2025-09-02 14:50:56.939 | INFO     | Pendulum.PendulumAPP:_processSerialData:121 - 🔄 数据来源: 串口接收 -> PendulumState.physical_length
2025-09-02 14:50:56.986 | INFO     | Pendulum.PendulumAPP:_processSerialData:120 - 📏 串口长度数据已更新: L28.582499 -> physical_length=28.582499
2025-09-02 14:50:56.987 | INFO     | Pendulum.PendulumAPP:_processSerialData:121 - 🔄 数据来源: 串口接收 -> PendulumState.physical_length
2025-09-02 14:50:57.033 | INFO     | Pendulum.PendulumAPP:_processSerialData:120 - 📏 串口长度数据已更新: L28.582499 -> physical_length=28.582499
2025-09-02 14:50:57.034 | INFO     | Pendulum.PendulumAPP:_processSerialData:121 - 🔄 数据来源: 串口接收 -> PendulumState.physical_length
2025-09-02 14:50:57.080 | INFO     | Pendulum.PendulumAPP:_processSerialData:120 - 📏 串口长度数据已更新: L28.582499 -> physical_length=28.582499
2025-09-02 14:50:57.080 | INFO     | Pendulum.PendulumAPP:_processSerialData:121 - 🔄 数据来源: 串口接收 -> PendulumState.physical_length
2025-09-02 14:50:57.125 | INFO     | Pendulum.PendulumAPP:_processSerialData:120 - 📏 串口长度数据已更新: L28.582499 -> physical_length=28.582499
2025-09-02 14:50:57.126 | INFO     | Pendulum.PendulumAPP:_processSerialData:121 - 🔄 数据来源: 串口接收 -> PendulumState.physical_length
2025-09-02 14:50:57.171 | INFO     | Pendulum.PendulumAPP:_processSerialData:120 - 📏 串口长度数据已更新: L28.582499 -> physical_length=28.582499
2025-09-02 14:50:57.173 | INFO     | Pendulum.PendulumAPP:_processSerialData:121 - 🔄 数据来源: 串口接收 -> PendulumState.physical_length
2025-09-02 14:50:57.218 | INFO     | Pendulum.PendulumAPP:_processSerialData:120 - 📏 串口长度数据已更新: L28.582499 -> physical_length=28.582499
2025-09-02 14:50:57.219 | INFO     | Pendulum.PendulumAPP:_processSerialData:121 - 🔄 数据来源: 串口接收 -> PendulumState.physical_length
2025-09-02 14:50:57.264 | INFO     | Pendulum.PendulumAPP:_processSerialData:120 - 📏 串口长度数据已更新: L28.582499 -> physical_length=28.582499
2025-09-02 14:50:57.267 | INFO     | Pendulum.PendulumAPP:_processSerialData:121 - 🔄 数据来源: 串口接收 -> PendulumState.physical_length
2025-09-02 14:50:57.311 | INFO     | Pendulum.PendulumAPP:_processSerialData:120 - 📏 串口长度数据已更新: L28.582499 -> physical_length=28.582499
2025-09-02 14:50:57.312 | INFO     | Pendulum.PendulumAPP:_processSerialData:121 - 🔄 数据来源: 串口接收 -> PendulumState.physical_length
2025-09-02 14:50:57.360 | INFO     | Pendulum.PendulumAPP:_processSerialData:120 - 📏 串口长度数据已更新: L28.582499 -> physical_length=28.582499
2025-09-02 14:50:57.362 | INFO     | Pendulum.PendulumAPP:_processSerialData:121 - 🔄 数据来源: 串口接收 -> PendulumState.physical_length
2025-09-02 14:50:57.407 | INFO     | Pendulum.PendulumAPP:_processSerialData:120 - 📏 串口长度数据已更新: L28.582499 -> physical_length=28.582499
2025-09-02 14:50:57.409 | INFO     | Pendulum.PendulumAPP:_processSerialData:121 - 🔄 数据来源: 串口接收 -> PendulumState.physical_length
2025-09-02 14:50:57.452 | INFO     | Pendulum.PendulumAPP:_processSerialData:120 - 📏 串口长度数据已更新: L28.582499 -> physical_length=28.582499
2025-09-02 14:50:57.453 | INFO     | Pendulum.PendulumAPP:_processSerialData:121 - 🔄 数据来源: 串口接收 -> PendulumState.physical_length
2025-09-02 14:50:57.499 | INFO     | Pendulum.PendulumAPP:_processSerialData:120 - 📏 串口长度数据已更新: L28.582499 -> physical_length=28.582499
2025-09-02 14:50:57.501 | INFO     | Pendulum.PendulumAPP:_processSerialData:121 - 🔄 数据来源: 串口接收 -> PendulumState.physical_length
2025-09-02 14:50:57.544 | INFO     | Pendulum.PendulumAPP:_processSerialData:120 - 📏 串口长度数据已更新: L28.582499 -> physical_length=28.582499
2025-09-02 14:50:57.545 | INFO     | Pendulum.PendulumAPP:_processSerialData:121 - 🔄 数据来源: 串口接收 -> PendulumState.physical_length
2025-09-02 14:50:57.591 | INFO     | Pendulum.PendulumAPP:_processSerialData:120 - 📏 串口长度数据已更新: L28.582499 -> physical_length=28.582499
2025-09-02 14:50:57.592 | INFO     | Pendulum.PendulumAPP:_processSerialData:121 - 🔄 数据来源: 串口接收 -> PendulumState.physical_length
2025-09-02 14:50:57.637 | INFO     | Pendulum.PendulumAPP:_processSerialData:120 - 📏 串口长度数据已更新: L28.582499 -> physical_length=28.582499
2025-09-02 14:50:57.638 | INFO     | Pendulum.PendulumAPP:_processSerialData:121 - 🔄 数据来源: 串口接收 -> PendulumState.physical_length
2025-09-02 14:50:57.684 | INFO     | Pendulum.PendulumAPP:_processSerialData:120 - 📏 串口长度数据已更新: L28.582499 -> physical_length=28.582499
2025-09-02 14:50:57.685 | INFO     | Pendulum.PendulumAPP:_processSerialData:121 - 🔄 数据来源: 串口接收 -> PendulumState.physical_length
2025-09-02 14:50:57.730 | INFO     | Pendulum.PendulumAPP:_processSerialData:120 - 📏 串口长度数据已更新: L28.582499 -> physical_length=28.582499
2025-09-02 14:50:57.730 | INFO     | Pendulum.PendulumAPP:_processSerialData:121 - 🔄 数据来源: 串口接收 -> PendulumState.physical_length
2025-09-02 14:50:57.776 | INFO     | Pendulum.PendulumAPP:_processSerialData:120 - 📏 串口长度数据已更新: L28.582499 -> physical_length=28.582499
2025-09-02 14:50:57.778 | INFO     | Pendulum.PendulumAPP:_processSerialData:121 - 🔄 数据来源: 串口接收 -> PendulumState.physical_length
2025-09-02 14:50:57.825 | INFO     | Pendulum.PendulumAPP:_processSerialData:120 - 📏 串口长度数据已更新: L28.582499 -> physical_length=28.582499
2025-09-02 14:50:57.827 | INFO     | Pendulum.PendulumAPP:_processSerialData:121 - 🔄 数据来源: 串口接收 -> PendulumState.physical_length
2025-09-02 14:50:57.870 | INFO     | Pendulum.PendulumAPP:_processSerialData:120 - 📏 串口长度数据已更新: L28.582499 -> physical_length=28.582499
2025-09-02 14:50:57.870 | INFO     | Pendulum.PendulumAPP:_processSerialData:121 - 🔄 数据来源: 串口接收 -> PendulumState.physical_length
2025-09-02 14:50:57.918 | INFO     | Pendulum.PendulumAPP:_processSerialData:120 - 📏 串口长度数据已更新: L28.582499 -> physical_length=28.582499
2025-09-02 14:50:57.919 | INFO     | Pendulum.PendulumAPP:_processSerialData:121 - 🔄 数据来源: 串口接收 -> PendulumState.physical_length
2025-09-02 14:50:57.963 | INFO     | Pendulum.PendulumAPP:_processSerialData:120 - 📏 串口长度数据已更新: L28.582499 -> physical_length=28.582499
2025-09-02 14:50:57.963 | INFO     | Pendulum.PendulumAPP:_processSerialData:121 - 🔄 数据来源: 串口接收 -> PendulumState.physical_length
2025-09-02 14:50:58.009 | INFO     | Pendulum.PendulumAPP:_processSerialData:120 - 📏 串口长度数据已更新: L28.582499 -> physical_length=28.582499
2025-09-02 14:50:58.010 | INFO     | Pendulum.PendulumAPP:_processSerialData:121 - 🔄 数据来源: 串口接收 -> PendulumState.physical_length
2025-09-02 14:50:58.055 | INFO     | Pendulum.PendulumAPP:_processSerialData:120 - 📏 串口长度数据已更新: L28.582499 -> physical_length=28.582499
2025-09-02 14:50:58.056 | INFO     | Pendulum.PendulumAPP:_processSerialData:121 - 🔄 数据来源: 串口接收 -> PendulumState.physical_length
2025-09-02 14:50:58.101 | INFO     | Pendulum.PendulumAPP:_processSerialData:120 - 📏 串口长度数据已更新: L28.582499 -> physical_length=28.582499
2025-09-02 14:50:58.103 | INFO     | Pendulum.PendulumAPP:_processSerialData:121 - 🔄 数据来源: 串口接收 -> PendulumState.physical_length
2025-09-02 14:50:58.148 | INFO     | Pendulum.PendulumAPP:_processSerialData:120 - 📏 串口长度数据已更新: L28.582499 -> physical_length=28.582499
2025-09-02 14:50:58.149 | INFO     | Pendulum.PendulumAPP:_processSerialData:121 - 🔄 数据来源: 串口接收 -> PendulumState.physical_length
2025-09-02 14:50:58.194 | INFO     | Pendulum.PendulumAPP:_processSerialData:120 - 📏 串口长度数据已更新: L28.582499 -> physical_length=28.582499
2025-09-02 14:50:58.194 | INFO     | Pendulum.PendulumAPP:_processSerialData:121 - 🔄 数据来源: 串口接收 -> PendulumState.physical_length
2025-09-02 14:50:58.240 | INFO     | Pendulum.PendulumAPP:_processSerialData:120 - 📏 串口长度数据已更新: L28.582499 -> physical_length=28.582499
2025-09-02 14:50:58.242 | INFO     | Pendulum.PendulumAPP:_processSerialData:121 - 🔄 数据来源: 串口接收 -> PendulumState.physical_length
2025-09-02 14:50:58.287 | INFO     | Pendulum.PendulumAPP:_processSerialData:120 - 📏 串口长度数据已更新: L28.582499 -> physical_length=28.582499
2025-09-02 14:50:58.288 | INFO     | Pendulum.PendulumAPP:_processSerialData:121 - 🔄 数据来源: 串口接收 -> PendulumState.physical_length
2025-09-02 14:50:58.340 | INFO     | Pendulum.PendulumAPP:_processSerialData:120 - 📏 串口长度数据已更新: L28.582499 -> physical_length=28.582499
2025-09-02 14:50:58.341 | INFO     | Pendulum.PendulumAPP:_processSerialData:121 - 🔄 数据来源: 串口接收 -> PendulumState.physical_length
2025-09-02 14:50:58.380 | INFO     | Pendulum.PendulumAPP:_processSerialData:120 - 📏 串口长度数据已更新: L28.582499 -> physical_length=28.582499
2025-09-02 14:50:58.383 | INFO     | Pendulum.PendulumAPP:_processSerialData:121 - 🔄 数据来源: 串口接收 -> PendulumState.physical_length
2025-09-02 14:50:58.426 | INFO     | Pendulum.PendulumAPP:_processSerialData:120 - 📏 串口长度数据已更新: L28.582499 -> physical_length=28.582499
2025-09-02 14:50:58.430 | INFO     | Pendulum.PendulumAPP:_processSerialData:121 - 🔄 数据来源: 串口接收 -> PendulumState.physical_length
2025-09-02 14:50:58.471 | INFO     | Pendulum.PendulumAPP:_processSerialData:120 - 📏 串口长度数据已更新: L28.582499 -> physical_length=28.582499
2025-09-02 14:50:58.473 | INFO     | Pendulum.PendulumAPP:_processSerialData:121 - 🔄 数据来源: 串口接收 -> PendulumState.physical_length
2025-09-02 14:50:58.518 | INFO     | Pendulum.PendulumAPP:_processSerialData:120 - 📏 串口长度数据已更新: L28.582499 -> physical_length=28.582499
2025-09-02 14:50:58.519 | INFO     | Pendulum.PendulumAPP:_processSerialData:121 - 🔄 数据来源: 串口接收 -> PendulumState.physical_length
2025-09-02 14:50:58.564 | INFO     | Pendulum.PendulumAPP:_processSerialData:120 - 📏 串口长度数据已更新: L28.582499 -> physical_length=28.582499
2025-09-02 14:50:58.565 | INFO     | Pendulum.PendulumAPP:_processSerialData:121 - 🔄 数据来源: 串口接收 -> PendulumState.physical_length
2025-09-02 14:50:58.610 | INFO     | Pendulum.PendulumAPP:_processSerialData:120 - 📏 串口长度数据已更新: L28.582499 -> physical_length=28.582499
2025-09-02 14:50:58.611 | INFO     | Pendulum.PendulumAPP:_processSerialData:121 - 🔄 数据来源: 串口接收 -> PendulumState.physical_length
2025-09-02 14:50:58.657 | INFO     | Pendulum.PendulumAPP:_processSerialData:120 - 📏 串口长度数据已更新: L28.582499 -> physical_length=28.582499
2025-09-02 14:50:58.658 | INFO     | Pendulum.PendulumAPP:_processSerialData:121 - 🔄 数据来源: 串口接收 -> PendulumState.physical_length
2025-09-02 14:50:58.704 | INFO     | Pendulum.PendulumAPP:_processSerialData:120 - 📏 串口长度数据已更新: L28.582499 -> physical_length=28.582499
2025-09-02 14:50:58.705 | INFO     | Pendulum.PendulumAPP:_processSerialData:121 - 🔄 数据来源: 串口接收 -> PendulumState.physical_length
2025-09-02 14:50:58.750 | INFO     | Pendulum.PendulumAPP:_processSerialData:120 - 📏 串口长度数据已更新: L28.582499 -> physical_length=28.582499
2025-09-02 14:50:58.751 | INFO     | Pendulum.PendulumAPP:_processSerialData:121 - 🔄 数据来源: 串口接收 -> PendulumState.physical_length
2025-09-02 14:50:58.797 | INFO     | Pendulum.PendulumAPP:_processSerialData:120 - 📏 串口长度数据已更新: L28.582499 -> physical_length=28.582499
2025-09-02 14:50:58.800 | INFO     | Pendulum.PendulumAPP:_processSerialData:121 - 🔄 数据来源: 串口接收 -> PendulumState.physical_length
2025-09-02 14:50:58.842 | INFO     | Pendulum.PendulumAPP:_processSerialData:120 - 📏 串口长度数据已更新: L28.582499 -> physical_length=28.582499
2025-09-02 14:50:58.845 | INFO     | Pendulum.PendulumAPP:_processSerialData:121 - 🔄 数据来源: 串口接收 -> PendulumState.physical_length
2025-09-02 14:50:58.888 | INFO     | Pendulum.PendulumAPP:_processSerialData:120 - 📏 串口长度数据已更新: L28.582499 -> physical_length=28.582499
2025-09-02 14:50:58.888 | INFO     | Pendulum.PendulumAPP:_processSerialData:121 - 🔄 数据来源: 串口接收 -> PendulumState.physical_length
2025-09-02 14:50:58.935 | INFO     | Pendulum.PendulumAPP:_processSerialData:120 - 📏 串口长度数据已更新: L28.582499 -> physical_length=28.582499
2025-09-02 14:50:58.936 | INFO     | Pendulum.PendulumAPP:_processSerialData:121 - 🔄 数据来源: 串口接收 -> PendulumState.physical_length
2025-09-02 14:50:58.981 | INFO     | Pendulum.PendulumAPP:_processSerialData:120 - 📏 串口长度数据已更新: L28.582499 -> physical_length=28.582499
2025-09-02 14:50:58.982 | INFO     | Pendulum.PendulumAPP:_processSerialData:121 - 🔄 数据来源: 串口接收 -> PendulumState.physical_length
2025-09-02 14:50:59.030 | INFO     | Pendulum.PendulumAPP:_processSerialData:120 - 📏 串口长度数据已更新: L28.582499 -> physical_length=28.582499
2025-09-02 14:50:59.031 | INFO     | Pendulum.PendulumAPP:_processSerialData:121 - 🔄 数据来源: 串口接收 -> PendulumState.physical_length
2025-09-02 14:50:59.076 | INFO     | Pendulum.PendulumAPP:_processSerialData:120 - 📏 串口长度数据已更新: L28.582499 -> physical_length=28.582499
2025-09-02 14:50:59.077 | INFO     | Pendulum.PendulumAPP:_processSerialData:121 - 🔄 数据来源: 串口接收 -> PendulumState.physical_length
2025-09-02 14:50:59.122 | INFO     | Pendulum.PendulumAPP:_processSerialData:120 - 📏 串口长度数据已更新: L28.582499 -> physical_length=28.582499
2025-09-02 14:50:59.123 | INFO     | Pendulum.PendulumAPP:_processSerialData:121 - 🔄 数据来源: 串口接收 -> PendulumState.physical_length
2025-09-02 14:50:59.168 | INFO     | Pendulum.PendulumAPP:_processSerialData:120 - 📏 串口长度数据已更新: L28.582499 -> physical_length=28.582499
2025-09-02 14:50:59.169 | INFO     | Pendulum.PendulumAPP:_processSerialData:121 - 🔄 数据来源: 串口接收 -> PendulumState.physical_length
2025-09-02 14:50:59.216 | INFO     | Pendulum.PendulumAPP:_processSerialData:120 - 📏 串口长度数据已更新: L28.582499 -> physical_length=28.582499
2025-09-02 14:50:59.216 | INFO     | Pendulum.PendulumAPP:_processSerialData:121 - 🔄 数据来源: 串口接收 -> PendulumState.physical_length
2025-09-02 14:50:59.263 | INFO     | Pendulum.PendulumAPP:_processSerialData:120 - 📏 串口长度数据已更新: L28.582499 -> physical_length=28.582499
2025-09-02 14:50:59.265 | INFO     | Pendulum.PendulumAPP:_processSerialData:121 - 🔄 数据来源: 串口接收 -> PendulumState.physical_length
2025-09-02 14:50:59.309 | INFO     | Pendulum.PendulumAPP:_processSerialData:120 - 📏 串口长度数据已更新: L28.582499 -> physical_length=28.582499
2025-09-02 14:50:59.310 | INFO     | Pendulum.PendulumAPP:_processSerialData:121 - 🔄 数据来源: 串口接收 -> PendulumState.physical_length
2025-09-02 14:50:59.355 | INFO     | Pendulum.PendulumAPP:_processSerialData:120 - 📏 串口长度数据已更新: L28.582499 -> physical_length=28.582499
2025-09-02 14:50:59.356 | INFO     | Pendulum.PendulumAPP:_processSerialData:121 - 🔄 数据来源: 串口接收 -> PendulumState.physical_length
2025-09-02 14:50:59.402 | INFO     | Pendulum.PendulumAPP:_processSerialData:120 - 📏 串口长度数据已更新: L28.582499 -> physical_length=28.582499
2025-09-02 14:50:59.402 | INFO     | Pendulum.PendulumAPP:_processSerialData:121 - 🔄 数据来源: 串口接收 -> PendulumState.physical_length
2025-09-02 14:50:59.448 | INFO     | Pendulum.PendulumAPP:_processSerialData:120 - 📏 串口长度数据已更新: L28.582499 -> physical_length=28.582499
2025-09-02 14:50:59.449 | INFO     | Pendulum.PendulumAPP:_processSerialData:121 - 🔄 数据来源: 串口接收 -> PendulumState.physical_length
2025-09-02 14:50:59.494 | INFO     | Pendulum.PendulumAPP:_processSerialData:120 - 📏 串口长度数据已更新: L28.582499 -> physical_length=28.582499
2025-09-02 14:50:59.495 | INFO     | Pendulum.PendulumAPP:_processSerialData:121 - 🔄 数据来源: 串口接收 -> PendulumState.physical_length
2025-09-02 14:50:59.542 | INFO     | Pendulum.PendulumAPP:_processSerialData:120 - 📏 串口长度数据已更新: L28.582499 -> physical_length=28.582499
2025-09-02 14:50:59.543 | INFO     | Pendulum.PendulumAPP:_processSerialData:121 - 🔄 数据来源: 串口接收 -> PendulumState.physical_length
2025-09-02 14:50:59.589 | INFO     | Pendulum.PendulumAPP:_processSerialData:120 - 📏 串口长度数据已更新: L28.582499 -> physical_length=28.582499
2025-09-02 14:50:59.590 | INFO     | Pendulum.PendulumAPP:_processSerialData:121 - 🔄 数据来源: 串口接收 -> PendulumState.physical_length
2025-09-02 14:50:59.635 | INFO     | Pendulum.PendulumAPP:_processSerialData:120 - 📏 串口长度数据已更新: L28.582499 -> physical_length=28.582499
2025-09-02 14:50:59.636 | INFO     | Pendulum.PendulumAPP:_processSerialData:121 - 🔄 数据来源: 串口接收 -> PendulumState.physical_length
2025-09-02 14:50:59.666 | INFO     | Pendulum.PendulumAPP:_processSerialData:120 - 📏 串口长度数据已更新: L28.582499 -> physical_length=28.582499
2025-09-02 14:50:59.667 | INFO     | Pendulum.PendulumAPP:_processSerialData:121 - 🔄 数据来源: 串口接收 -> PendulumState.physical_length
2025-09-02 14:50:59.711 | INFO     | Pendulum.PendulumAPP:_processSerialData:120 - 📏 串口长度数据已更新: L28.582499 -> physical_length=28.582499
2025-09-02 14:50:59.712 | INFO     | Pendulum.PendulumAPP:_processSerialData:121 - 🔄 数据来源: 串口接收 -> PendulumState.physical_length
2025-09-02 14:50:59.759 | INFO     | Pendulum.PendulumAPP:_processSerialData:120 - 📏 串口长度数据已更新: L28.582499 -> physical_length=28.582499
2025-09-02 14:50:59.761 | INFO     | Pendulum.PendulumAPP:_processSerialData:121 - 🔄 数据来源: 串口接收 -> PendulumState.physical_length
2025-09-02 14:50:59.805 | INFO     | Pendulum.PendulumAPP:_processSerialData:120 - 📏 串口长度数据已更新: L28.582499 -> physical_length=28.582499
2025-09-02 14:50:59.806 | INFO     | Pendulum.PendulumAPP:_processSerialData:121 - 🔄 数据来源: 串口接收 -> PendulumState.physical_length
2025-09-02 14:50:59.851 | INFO     | Pendulum.PendulumAPP:_processSerialData:120 - 📏 串口长度数据已更新: L28.582499 -> physical_length=28.582499
2025-09-02 14:50:59.854 | INFO     | Pendulum.PendulumAPP:_processSerialData:121 - 🔄 数据来源: 串口接收 -> PendulumState.physical_length
2025-09-02 14:50:59.897 | INFO     | Pendulum.PendulumAPP:_processSerialData:120 - 📏 串口长度数据已更新: L28.582499 -> physical_length=28.582499
2025-09-02 14:50:59.897 | INFO     | Pendulum.PendulumAPP:_processSerialData:121 - 🔄 数据来源: 串口接收 -> PendulumState.physical_length
2025-09-02 14:50:59.945 | INFO     | Pendulum.PendulumAPP:_processSerialData:120 - 📏 串口长度数据已更新: L28.582499 -> physical_length=28.582499
2025-09-02 14:50:59.946 | INFO     | Pendulum.PendulumAPP:_processSerialData:121 - 🔄 数据来源: 串口接收 -> PendulumState.physical_length
2025-09-02 14:50:59.990 | INFO     | Pendulum.PendulumAPP:_processSerialData:120 - 📏 串口长度数据已更新: L28.582499 -> physical_length=28.582499
2025-09-02 14:50:59.993 | INFO     | Pendulum.PendulumAPP:_processSerialData:121 - 🔄 数据来源: 串口接收 -> PendulumState.physical_length
2025-09-02 14:51:00.036 | INFO     | Pendulum.PendulumAPP:_processSerialData:120 - 📏 串口长度数据已更新: L28.582499 -> physical_length=28.582499
2025-09-02 14:51:00.037 | INFO     | Pendulum.PendulumAPP:_processSerialData:121 - 🔄 数据来源: 串口接收 -> PendulumState.physical_length
2025-09-02 14:51:00.086 | INFO     | Pendulum.PendulumAPP:_processSerialData:120 - 📏 串口长度数据已更新: L28.582499 -> physical_length=28.582499
2025-09-02 14:51:00.087 | INFO     | Pendulum.PendulumAPP:_processSerialData:121 - 🔄 数据来源: 串口接收 -> PendulumState.physical_length
2025-09-02 14:51:00.132 | INFO     | Pendulum.PendulumAPP:_processSerialData:120 - 📏 串口长度数据已更新: L28.582499 -> physical_length=28.582499
2025-09-02 14:51:00.132 | INFO     | Pendulum.PendulumAPP:_processSerialData:121 - 🔄 数据来源: 串口接收 -> PendulumState.physical_length
2025-09-02 14:51:00.178 | INFO     | Pendulum.PendulumAPP:_processSerialData:120 - 📏 串口长度数据已更新: L28.582499 -> physical_length=28.582499
2025-09-02 14:51:00.179 | INFO     | Pendulum.PendulumAPP:_processSerialData:121 - 🔄 数据来源: 串口接收 -> PendulumState.physical_length
2025-09-02 14:51:00.225 | INFO     | Pendulum.PendulumAPP:_processSerialData:120 - 📏 串口长度数据已更新: L28.582499 -> physical_length=28.582499
2025-09-02 14:51:00.225 | INFO     | Pendulum.PendulumAPP:_processSerialData:121 - 🔄 数据来源: 串口接收 -> PendulumState.physical_length
2025-09-02 14:51:00.271 | INFO     | Pendulum.PendulumAPP:_processSerialData:120 - 📏 串口长度数据已更新: L28.582499 -> physical_length=28.582499
2025-09-02 14:51:00.273 | INFO     | Pendulum.PendulumAPP:_processSerialData:121 - 🔄 数据来源: 串口接收 -> PendulumState.physical_length
2025-09-02 14:51:00.318 | INFO     | Pendulum.PendulumAPP:_processSerialData:120 - 📏 串口长度数据已更新: L28.582499 -> physical_length=28.582499
2025-09-02 14:51:00.319 | INFO     | Pendulum.PendulumAPP:_processSerialData:121 - 🔄 数据来源: 串口接收 -> PendulumState.physical_length
2025-09-02 14:51:00.366 | INFO     | Pendulum.PendulumAPP:_processSerialData:120 - 📏 串口长度数据已更新: L28.582499 -> physical_length=28.582499
2025-09-02 14:51:00.372 | INFO     | Pendulum.PendulumAPP:_processSerialData:121 - 🔄 数据来源: 串口接收 -> PendulumState.physical_length
2025-09-02 14:51:00.412 | INFO     | Pendulum.PendulumAPP:_processSerialData:120 - 📏 串口长度数据已更新: L28.582499 -> physical_length=28.582499
2025-09-02 14:51:00.417 | INFO     | Pendulum.PendulumAPP:_processSerialData:121 - 🔄 数据来源: 串口接收 -> PendulumState.physical_length
2025-09-02 14:51:00.457 | INFO     | Pendulum.PendulumAPP:_processSerialData:120 - 📏 串口长度数据已更新: L28.582499 -> physical_length=28.582499
2025-09-02 14:51:00.459 | INFO     | Pendulum.PendulumAPP:_processSerialData:121 - 🔄 数据来源: 串口接收 -> PendulumState.physical_length
2025-09-02 14:51:00.504 | INFO     | Pendulum.PendulumAPP:_processSerialData:120 - 📏 串口长度数据已更新: L28.582499 -> physical_length=28.582499
2025-09-02 14:51:00.505 | INFO     | Pendulum.PendulumAPP:_processSerialData:121 - 🔄 数据来源: 串口接收 -> PendulumState.physical_length
2025-09-02 14:51:00.550 | INFO     | Pendulum.PendulumAPP:_processSerialData:120 - 📏 串口长度数据已更新: L28.582499 -> physical_length=28.582499
2025-09-02 14:51:00.551 | INFO     | Pendulum.PendulumAPP:_processSerialData:121 - 🔄 数据来源: 串口接收 -> PendulumState.physical_length
2025-09-02 14:51:00.598 | INFO     | Pendulum.PendulumAPP:_processSerialData:120 - 📏 串口长度数据已更新: L28.582499 -> physical_length=28.582499
2025-09-02 14:51:00.599 | INFO     | Pendulum.PendulumAPP:_processSerialData:121 - 🔄 数据来源: 串口接收 -> PendulumState.physical_length
2025-09-02 14:51:00.645 | INFO     | Pendulum.PendulumAPP:_processSerialData:120 - 📏 串口长度数据已更新: L28.582499 -> physical_length=28.582499
2025-09-02 14:51:00.646 | INFO     | Pendulum.PendulumAPP:_processSerialData:121 - 🔄 数据来源: 串口接收 -> PendulumState.physical_length
2025-09-02 14:51:00.691 | INFO     | Pendulum.PendulumAPP:_processSerialData:120 - 📏 串口长度数据已更新: L28.582499 -> physical_length=28.582499
2025-09-02 14:51:00.692 | INFO     | Pendulum.PendulumAPP:_processSerialData:121 - 🔄 数据来源: 串口接收 -> PendulumState.physical_length
2025-09-02 14:51:00.739 | INFO     | Pendulum.PendulumAPP:_processSerialData:120 - 📏 串口长度数据已更新: L28.582499 -> physical_length=28.582499
2025-09-02 14:51:00.741 | INFO     | Pendulum.PendulumAPP:_processSerialData:121 - 🔄 数据来源: 串口接收 -> PendulumState.physical_length
2025-09-02 14:51:00.784 | INFO     | Pendulum.PendulumAPP:_processSerialData:120 - 📏 串口长度数据已更新: L28.582499 -> physical_length=28.582499
2025-09-02 14:51:00.786 | INFO     | Pendulum.PendulumAPP:_processSerialData:121 - 🔄 数据来源: 串口接收 -> PendulumState.physical_length
2025-09-02 14:51:00.831 | INFO     | Pendulum.PendulumAPP:_processSerialData:120 - 📏 串口长度数据已更新: L28.582499 -> physical_length=28.582499
2025-09-02 14:51:00.831 | INFO     | Pendulum.PendulumAPP:_processSerialData:121 - 🔄 数据来源: 串口接收 -> PendulumState.physical_length
2025-09-02 14:51:00.877 | INFO     | Pendulum.PendulumAPP:_processSerialData:120 - 📏 串口长度数据已更新: L28.582499 -> physical_length=28.582499
2025-09-02 14:51:00.878 | INFO     | Pendulum.PendulumAPP:_processSerialData:121 - 🔄 数据来源: 串口接收 -> PendulumState.physical_length
2025-09-02 14:51:00.925 | INFO     | Pendulum.PendulumAPP:_processSerialData:120 - 📏 串口长度数据已更新: L28.582499 -> physical_length=28.582499
2025-09-02 14:51:00.926 | INFO     | Pendulum.PendulumAPP:_processSerialData:121 - 🔄 数据来源: 串口接收 -> PendulumState.physical_length
2025-09-02 14:51:00.970 | INFO     | Pendulum.PendulumAPP:_processSerialData:120 - 📏 串口长度数据已更新: L28.582499 -> physical_length=28.582499
2025-09-02 14:51:00.971 | INFO     | Pendulum.PendulumAPP:_processSerialData:121 - 🔄 数据来源: 串口接收 -> PendulumState.physical_length
2025-09-02 14:51:01.016 | INFO     | Pendulum.PendulumAPP:_processSerialData:120 - 📏 串口长度数据已更新: L28.582499 -> physical_length=28.582499
2025-09-02 14:51:01.017 | INFO     | Pendulum.PendulumAPP:_processSerialData:121 - 🔄 数据来源: 串口接收 -> PendulumState.physical_length
2025-09-02 14:51:01.063 | INFO     | Pendulum.PendulumAPP:_processSerialData:120 - 📏 串口长度数据已更新: L28.582499 -> physical_length=28.582499
2025-09-02 14:51:01.065 | INFO     | Pendulum.PendulumAPP:_processSerialData:121 - 🔄 数据来源: 串口接收 -> PendulumState.physical_length
2025-09-02 14:51:01.108 | INFO     | Pendulum.PendulumAPP:_processSerialData:120 - 📏 串口长度数据已更新: L28.582499 -> physical_length=28.582499
2025-09-02 14:51:01.110 | INFO     | Pendulum.PendulumAPP:_processSerialData:121 - 🔄 数据来源: 串口接收 -> PendulumState.physical_length
2025-09-02 14:51:01.155 | INFO     | Pendulum.PendulumAPP:_processSerialData:120 - 📏 串口长度数据已更新: L28.582499 -> physical_length=28.582499
2025-09-02 14:51:01.156 | INFO     | Pendulum.PendulumAPP:_processSerialData:121 - 🔄 数据来源: 串口接收 -> PendulumState.physical_length
2025-09-02 14:51:01.201 | INFO     | Pendulum.PendulumAPP:_processSerialData:120 - 📏 串口长度数据已更新: L28.582499 -> physical_length=28.582499
2025-09-02 14:51:01.201 | INFO     | Pendulum.PendulumAPP:_processSerialData:121 - 🔄 数据来源: 串口接收 -> PendulumState.physical_length
2025-09-02 14:51:01.248 | INFO     | Pendulum.PendulumAPP:_processSerialData:120 - 📏 串口长度数据已更新: L28.582499 -> physical_length=28.582499
2025-09-02 14:51:01.250 | INFO     | Pendulum.PendulumAPP:_processSerialData:121 - 🔄 数据来源: 串口接收 -> PendulumState.physical_length
2025-09-02 14:51:01.295 | INFO     | Pendulum.PendulumAPP:_processSerialData:120 - 📏 串口长度数据已更新: L28.582499 -> physical_length=28.582499
2025-09-02 14:51:01.297 | INFO     | Pendulum.PendulumAPP:_processSerialData:121 - 🔄 数据来源: 串口接收 -> PendulumState.physical_length
2025-09-02 14:51:01.346 | INFO     | Pendulum.PendulumAPP:_processSerialData:120 - 📏 串口长度数据已更新: L28.582499 -> physical_length=28.582499
2025-09-02 14:51:01.347 | INFO     | Pendulum.PendulumAPP:_processSerialData:121 - 🔄 数据来源: 串口接收 -> PendulumState.physical_length
2025-09-02 14:51:01.388 | INFO     | Pendulum.PendulumAPP:_processSerialData:120 - 📏 串口长度数据已更新: L28.582499 -> physical_length=28.582499
2025-09-02 14:51:01.390 | INFO     | Pendulum.PendulumAPP:_processSerialData:121 - 🔄 数据来源: 串口接收 -> PendulumState.physical_length
2025-09-02 14:51:01.434 | INFO     | Pendulum.PendulumAPP:_processSerialData:120 - 📏 串口长度数据已更新: L28.582499 -> physical_length=28.582499
2025-09-02 14:51:01.437 | INFO     | Pendulum.PendulumAPP:_processSerialData:121 - 🔄 数据来源: 串口接收 -> PendulumState.physical_length
2025-09-02 14:51:01.480 | INFO     | Pendulum.PendulumAPP:_processSerialData:120 - 📏 串口长度数据已更新: L28.582499 -> physical_length=28.582499
2025-09-02 14:51:01.481 | INFO     | Pendulum.PendulumAPP:_processSerialData:121 - 🔄 数据来源: 串口接收 -> PendulumState.physical_length
2025-09-02 14:51:01.527 | INFO     | Pendulum.PendulumAPP:_processSerialData:120 - 📏 串口长度数据已更新: L28.582499 -> physical_length=28.582499
2025-09-02 14:51:01.528 | INFO     | Pendulum.PendulumAPP:_processSerialData:121 - 🔄 数据来源: 串口接收 -> PendulumState.physical_length
2025-09-02 14:51:01.576 | INFO     | Pendulum.PendulumAPP:_processSerialData:120 - 📏 串口长度数据已更新: L28.582499 -> physical_length=28.582499
2025-09-02 14:51:01.578 | INFO     | Pendulum.PendulumAPP:_processSerialData:121 - 🔄 数据来源: 串口接收 -> PendulumState.physical_length
2025-09-02 14:51:01.620 | INFO     | Pendulum.PendulumAPP:_processSerialData:120 - 📏 串口长度数据已更新: L28.582499 -> physical_length=28.582499
2025-09-02 14:51:01.621 | INFO     | Pendulum.PendulumAPP:_processSerialData:121 - 🔄 数据来源: 串口接收 -> PendulumState.physical_length
2025-09-02 14:51:01.668 | INFO     | Pendulum.PendulumAPP:_processSerialData:120 - 📏 串口长度数据已更新: L28.582499 -> physical_length=28.582499
2025-09-02 14:51:01.669 | INFO     | Pendulum.PendulumAPP:_processSerialData:121 - 🔄 数据来源: 串口接收 -> PendulumState.physical_length
2025-09-02 14:51:01.714 | INFO     | Pendulum.PendulumAPP:_processSerialData:120 - 📏 串口长度数据已更新: L28.582499 -> physical_length=28.582499
2025-09-02 14:51:01.715 | INFO     | Pendulum.PendulumAPP:_processSerialData:121 - 🔄 数据来源: 串口接收 -> PendulumState.physical_length
2025-09-02 14:51:01.762 | INFO     | Pendulum.PendulumAPP:_processSerialData:120 - 📏 串口长度数据已更新: L28.582499 -> physical_length=28.582499
2025-09-02 14:51:01.762 | INFO     | Pendulum.PendulumAPP:_processSerialData:121 - 🔄 数据来源: 串口接收 -> PendulumState.physical_length
2025-09-02 14:51:01.808 | INFO     | Pendulum.PendulumAPP:_processSerialData:120 - 📏 串口长度数据已更新: L28.582499 -> physical_length=28.582499
2025-09-02 14:51:01.808 | INFO     | Pendulum.PendulumAPP:_processSerialData:121 - 🔄 数据来源: 串口接收 -> PendulumState.physical_length
2025-09-02 14:51:01.856 | INFO     | Pendulum.PendulumAPP:_processSerialData:120 - 📏 串口长度数据已更新: L28.582499 -> physical_length=28.582499
2025-09-02 14:51:01.858 | INFO     | Pendulum.PendulumAPP:_processSerialData:121 - 🔄 数据来源: 串口接收 -> PendulumState.physical_length
2025-09-02 14:51:01.901 | INFO     | Pendulum.PendulumAPP:_processSerialData:120 - 📏 串口长度数据已更新: L28.582499 -> physical_length=28.582499
2025-09-02 14:51:01.903 | INFO     | Pendulum.PendulumAPP:_processSerialData:121 - 🔄 数据来源: 串口接收 -> PendulumState.physical_length
2025-09-02 14:51:01.947 | INFO     | Pendulum.PendulumAPP:_processSerialData:120 - 📏 串口长度数据已更新: L28.582499 -> physical_length=28.582499
2025-09-02 14:51:01.950 | INFO     | Pendulum.PendulumAPP:_processSerialData:121 - 🔄 数据来源: 串口接收 -> PendulumState.physical_length
2025-09-02 14:51:01.992 | INFO     | Pendulum.PendulumAPP:_processSerialData:120 - 📏 串口长度数据已更新: L28.582499 -> physical_length=28.582499
2025-09-02 14:51:01.995 | INFO     | Pendulum.PendulumAPP:_processSerialData:121 - 🔄 数据来源: 串口接收 -> PendulumState.physical_length
2025-09-02 14:51:02.040 | INFO     | Pendulum.PendulumAPP:_processSerialData:120 - 📏 串口长度数据已更新: L28.582499 -> physical_length=28.582499
2025-09-02 14:51:02.041 | INFO     | Pendulum.PendulumAPP:_processSerialData:121 - 🔄 数据来源: 串口接收 -> PendulumState.physical_length
2025-09-02 14:51:02.088 | INFO     | Pendulum.PendulumAPP:_processSerialData:120 - 📏 串口长度数据已更新: L28.582499 -> physical_length=28.582499
2025-09-02 14:51:02.089 | INFO     | Pendulum.PendulumAPP:_processSerialData:121 - 🔄 数据来源: 串口接收 -> PendulumState.physical_length
2025-09-02 14:51:02.131 | INFO     | Pendulum.PendulumAPP:_processSerialData:120 - 📏 串口长度数据已更新: L28.582499 -> physical_length=28.582499
2025-09-02 14:51:02.131 | INFO     | Pendulum.PendulumAPP:_processSerialData:121 - 🔄 数据来源: 串口接收 -> PendulumState.physical_length
2025-09-02 14:51:02.177 | INFO     | Pendulum.PendulumAPP:_processSerialData:120 - 📏 串口长度数据已更新: L28.582499 -> physical_length=28.582499
2025-09-02 14:51:02.178 | INFO     | Pendulum.PendulumAPP:_processSerialData:121 - 🔄 数据来源: 串口接收 -> PendulumState.physical_length
2025-09-02 14:51:02.223 | INFO     | Pendulum.PendulumAPP:_processSerialData:120 - 📏 串口长度数据已更新: L28.582499 -> physical_length=28.582499
2025-09-02 14:51:02.226 | INFO     | Pendulum.PendulumAPP:_processSerialData:121 - 🔄 数据来源: 串口接收 -> PendulumState.physical_length
2025-09-02 14:51:02.270 | INFO     | Pendulum.PendulumAPP:_processSerialData:120 - 📏 串口长度数据已更新: L28.582499 -> physical_length=28.582499
2025-09-02 14:51:02.270 | INFO     | Pendulum.PendulumAPP:_processSerialData:121 - 🔄 数据来源: 串口接收 -> PendulumState.physical_length
2025-09-02 14:51:02.318 | INFO     | Pendulum.PendulumAPP:_processSerialData:120 - 📏 串口长度数据已更新: L28.582499 -> physical_length=28.582499
2025-09-02 14:51:02.319 | INFO     | Pendulum.PendulumAPP:_processSerialData:121 - 🔄 数据来源: 串口接收 -> PendulumState.physical_length
2025-09-02 14:51:02.363 | INFO     | Pendulum.PendulumAPP:_processSerialData:120 - 📏 串口长度数据已更新: L28.582499 -> physical_length=28.582499
2025-09-02 14:51:02.366 | INFO     | Pendulum.PendulumAPP:_processSerialData:121 - 🔄 数据来源: 串口接收 -> PendulumState.physical_length
2025-09-02 14:51:02.409 | INFO     | Pendulum.PendulumAPP:_processSerialData:120 - 📏 串口长度数据已更新: L28.582499 -> physical_length=28.582499
2025-09-02 14:51:02.410 | INFO     | Pendulum.PendulumAPP:_processSerialData:121 - 🔄 数据来源: 串口接收 -> PendulumState.physical_length
2025-09-02 14:51:02.456 | INFO     | Pendulum.PendulumAPP:_processSerialData:120 - 📏 串口长度数据已更新: L28.582499 -> physical_length=28.582499
2025-09-02 14:51:02.458 | INFO     | Pendulum.PendulumAPP:_processSerialData:121 - 🔄 数据来源: 串口接收 -> PendulumState.physical_length
2025-09-02 14:51:02.502 | INFO     | Pendulum.PendulumAPP:_processSerialData:120 - 📏 串口长度数据已更新: L28.582499 -> physical_length=28.582499
2025-09-02 14:51:02.503 | INFO     | Pendulum.PendulumAPP:_processSerialData:121 - 🔄 数据来源: 串口接收 -> PendulumState.physical_length
2025-09-02 14:51:02.548 | INFO     | Pendulum.PendulumAPP:_processSerialData:120 - 📏 串口长度数据已更新: L28.582499 -> physical_length=28.582499
2025-09-02 14:51:02.550 | INFO     | Pendulum.PendulumAPP:_processSerialData:121 - 🔄 数据来源: 串口接收 -> PendulumState.physical_length
2025-09-02 14:51:02.594 | INFO     | Pendulum.PendulumAPP:_processSerialData:120 - 📏 串口长度数据已更新: L28.582499 -> physical_length=28.582499
2025-09-02 14:51:02.595 | INFO     | Pendulum.PendulumAPP:_processSerialData:121 - 🔄 数据来源: 串口接收 -> PendulumState.physical_length
2025-09-02 14:51:02.641 | INFO     | Pendulum.PendulumAPP:_processSerialData:120 - 📏 串口长度数据已更新: L28.582499 -> physical_length=28.582499
2025-09-02 14:51:02.642 | INFO     | Pendulum.PendulumAPP:_processSerialData:121 - 🔄 数据来源: 串口接收 -> PendulumState.physical_length
2025-09-02 14:51:02.686 | INFO     | Pendulum.PendulumAPP:_processSerialData:120 - 📏 串口长度数据已更新: L28.582499 -> physical_length=28.582499
2025-09-02 14:51:02.687 | INFO     | Pendulum.PendulumAPP:_processSerialData:121 - 🔄 数据来源: 串口接收 -> PendulumState.physical_length
2025-09-02 14:51:02.733 | INFO     | Pendulum.PendulumAPP:_processSerialData:120 - 📏 串口长度数据已更新: L28.582499 -> physical_length=28.582499
2025-09-02 14:51:02.734 | INFO     | Pendulum.PendulumAPP:_processSerialData:121 - 🔄 数据来源: 串口接收 -> PendulumState.physical_length
2025-09-02 14:51:02.778 | INFO     | Pendulum.PendulumAPP:_processSerialData:120 - 📏 串口长度数据已更新: L28.582499 -> physical_length=28.582499
2025-09-02 14:51:02.780 | INFO     | Pendulum.PendulumAPP:_processSerialData:121 - 🔄 数据来源: 串口接收 -> PendulumState.physical_length
2025-09-02 14:51:02.826 | INFO     | Pendulum.PendulumAPP:_processSerialData:120 - 📏 串口长度数据已更新: L28.582499 -> physical_length=28.582499
2025-09-02 14:51:02.827 | INFO     | Pendulum.PendulumAPP:_processSerialData:121 - 🔄 数据来源: 串口接收 -> PendulumState.physical_length
2025-09-02 14:51:02.872 | INFO     | Pendulum.PendulumAPP:_processSerialData:120 - 📏 串口长度数据已更新: L28.582499 -> physical_length=28.582499
2025-09-02 14:51:02.876 | INFO     | Pendulum.PendulumAPP:_processSerialData:121 - 🔄 数据来源: 串口接收 -> PendulumState.physical_length
2025-09-02 14:51:02.918 | INFO     | Pendulum.PendulumAPP:_processSerialData:120 - 📏 串口长度数据已更新: L28.582499 -> physical_length=28.582499
2025-09-02 14:51:02.918 | INFO     | Pendulum.PendulumAPP:_processSerialData:121 - 🔄 数据来源: 串口接收 -> PendulumState.physical_length
2025-09-02 14:51:02.963 | INFO     | Pendulum.PendulumAPP:_processSerialData:120 - 📏 串口长度数据已更新: L28.582499 -> physical_length=28.582499
2025-09-02 14:51:02.964 | INFO     | Pendulum.PendulumAPP:_processSerialData:121 - 🔄 数据来源: 串口接收 -> PendulumState.physical_length
2025-09-02 14:51:03.010 | INFO     | Pendulum.PendulumAPP:_processSerialData:120 - 📏 串口长度数据已更新: L28.582499 -> physical_length=28.582499
2025-09-02 14:51:03.011 | INFO     | Pendulum.PendulumAPP:_processSerialData:121 - 🔄 数据来源: 串口接收 -> PendulumState.physical_length
2025-09-02 14:51:03.056 | INFO     | Pendulum.PendulumAPP:_processSerialData:120 - 📏 串口长度数据已更新: L28.582499 -> physical_length=28.582499
2025-09-02 14:51:03.059 | INFO     | Pendulum.PendulumAPP:_processSerialData:121 - 🔄 数据来源: 串口接收 -> PendulumState.physical_length
2025-09-02 14:51:03.101 | INFO     | Pendulum.PendulumAPP:_processSerialData:120 - 📏 串口长度数据已更新: L28.582499 -> physical_length=28.582499
2025-09-02 14:51:03.101 | INFO     | Pendulum.PendulumAPP:_processSerialData:121 - 🔄 数据来源: 串口接收 -> PendulumState.physical_length
2025-09-02 14:51:03.148 | INFO     | Pendulum.PendulumAPP:_processSerialData:120 - 📏 串口长度数据已更新: L28.582499 -> physical_length=28.582499
2025-09-02 14:51:03.151 | INFO     | Pendulum.PendulumAPP:_processSerialData:121 - 🔄 数据来源: 串口接收 -> PendulumState.physical_length
2025-09-02 14:51:03.196 | INFO     | Pendulum.PendulumAPP:_processSerialData:120 - 📏 串口长度数据已更新: L28.582499 -> physical_length=28.582499
2025-09-02 14:51:03.197 | INFO     | Pendulum.PendulumAPP:_processSerialData:121 - 🔄 数据来源: 串口接收 -> PendulumState.physical_length
2025-09-02 14:51:03.242 | INFO     | Pendulum.PendulumAPP:_processSerialData:120 - 📏 串口长度数据已更新: L28.582499 -> physical_length=28.582499
2025-09-02 14:51:03.243 | INFO     | Pendulum.PendulumAPP:_processSerialData:121 - 🔄 数据来源: 串口接收 -> PendulumState.physical_length
2025-09-02 14:51:03.290 | INFO     | Pendulum.PendulumAPP:_processSerialData:120 - 📏 串口长度数据已更新: L28.582499 -> physical_length=28.582499
2025-09-02 14:51:03.291 | INFO     | Pendulum.PendulumAPP:_processSerialData:121 - 🔄 数据来源: 串口接收 -> PendulumState.physical_length
2025-09-02 14:51:03.336 | INFO     | Pendulum.PendulumAPP:_processSerialData:120 - 📏 串口长度数据已更新: L28.582499 -> physical_length=28.582499
2025-09-02 14:51:03.337 | INFO     | Pendulum.PendulumAPP:_processSerialData:121 - 🔄 数据来源: 串口接收 -> PendulumState.physical_length
2025-09-02 14:51:03.382 | INFO     | Pendulum.PendulumAPP:_processSerialData:120 - 📏 串口长度数据已更新: L28.582499 -> physical_length=28.582499
2025-09-02 14:51:03.383 | INFO     | Pendulum.PendulumAPP:_processSerialData:121 - 🔄 数据来源: 串口接收 -> PendulumState.physical_length
2025-09-02 14:51:03.428 | INFO     | Pendulum.PendulumAPP:_processSerialData:120 - 📏 串口长度数据已更新: L28.582499 -> physical_length=28.582499
2025-09-02 14:51:03.429 | INFO     | Pendulum.PendulumAPP:_processSerialData:121 - 🔄 数据来源: 串口接收 -> PendulumState.physical_length
2025-09-02 14:51:03.476 | INFO     | Pendulum.PendulumAPP:_processSerialData:120 - 📏 串口长度数据已更新: L28.582499 -> physical_length=28.582499
2025-09-02 14:51:03.476 | INFO     | Pendulum.PendulumAPP:_processSerialData:121 - 🔄 数据来源: 串口接收 -> PendulumState.physical_length
2025-09-02 14:51:03.522 | INFO     | Pendulum.PendulumAPP:_processSerialData:120 - 📏 串口长度数据已更新: L28.582499 -> physical_length=28.582499
2025-09-02 14:51:03.524 | INFO     | Pendulum.PendulumAPP:_processSerialData:121 - 🔄 数据来源: 串口接收 -> PendulumState.physical_length
2025-09-02 14:51:03.568 | INFO     | Pendulum.PendulumAPP:_processSerialData:120 - 📏 串口长度数据已更新: L28.582499 -> physical_length=28.582499
2025-09-02 14:51:03.569 | INFO     | Pendulum.PendulumAPP:_processSerialData:121 - 🔄 数据来源: 串口接收 -> PendulumState.physical_length
2025-09-02 14:51:03.615 | INFO     | Pendulum.PendulumAPP:_processSerialData:120 - 📏 串口长度数据已更新: L28.582499 -> physical_length=28.582499
2025-09-02 14:51:03.619 | INFO     | Pendulum.PendulumAPP:_processSerialData:121 - 🔄 数据来源: 串口接收 -> PendulumState.physical_length
2025-09-02 14:51:03.664 | INFO     | Pendulum.PendulumAPP:_processSerialData:120 - 📏 串口长度数据已更新: L28.582499 -> physical_length=28.582499
2025-09-02 14:51:03.665 | INFO     | Pendulum.PendulumAPP:_processSerialData:121 - 🔄 数据来源: 串口接收 -> PendulumState.physical_length
2025-09-02 14:51:03.708 | INFO     | Pendulum.PendulumAPP:_processSerialData:120 - 📏 串口长度数据已更新: L28.582499 -> physical_length=28.582499
2025-09-02 14:51:03.709 | INFO     | Pendulum.PendulumAPP:_processSerialData:121 - 🔄 数据来源: 串口接收 -> PendulumState.physical_length
2025-09-02 14:51:03.754 | INFO     | Pendulum.PendulumAPP:_processSerialData:120 - 📏 串口长度数据已更新: L28.582499 -> physical_length=28.582499
2025-09-02 14:51:03.755 | INFO     | Pendulum.PendulumAPP:_processSerialData:121 - 🔄 数据来源: 串口接收 -> PendulumState.physical_length
2025-09-02 14:51:03.801 | INFO     | Pendulum.PendulumAPP:_processSerialData:120 - 📏 串口长度数据已更新: L28.582499 -> physical_length=28.582499
2025-09-02 14:51:03.801 | INFO     | Pendulum.PendulumAPP:_processSerialData:121 - 🔄 数据来源: 串口接收 -> PendulumState.physical_length
2025-09-02 14:51:03.846 | INFO     | Pendulum.PendulumAPP:_processSerialData:120 - 📏 串口长度数据已更新: L28.582499 -> physical_length=28.582499
2025-09-02 14:51:03.847 | INFO     | Pendulum.PendulumAPP:_processSerialData:121 - 🔄 数据来源: 串口接收 -> PendulumState.physical_length
2025-09-02 14:51:03.892 | INFO     | Pendulum.PendulumAPP:_processSerialData:120 - 📏 串口长度数据已更新: L28.582499 -> physical_length=28.582499
2025-09-02 14:51:03.894 | INFO     | Pendulum.PendulumAPP:_processSerialData:121 - 🔄 数据来源: 串口接收 -> PendulumState.physical_length
2025-09-02 14:51:03.938 | INFO     | Pendulum.PendulumAPP:_processSerialData:120 - 📏 串口长度数据已更新: L28.582499 -> physical_length=28.582499
2025-09-02 14:51:03.939 | INFO     | Pendulum.PendulumAPP:_processSerialData:121 - 🔄 数据来源: 串口接收 -> PendulumState.physical_length
2025-09-02 14:51:03.985 | INFO     | Pendulum.PendulumAPP:_processSerialData:120 - 📏 串口长度数据已更新: L28.582499 -> physical_length=28.582499
2025-09-02 14:51:03.986 | INFO     | Pendulum.PendulumAPP:_processSerialData:121 - 🔄 数据来源: 串口接收 -> PendulumState.physical_length
2025-09-02 14:51:04.030 | INFO     | Pendulum.PendulumAPP:_processSerialData:120 - 📏 串口长度数据已更新: L28.582499 -> physical_length=28.582499
2025-09-02 14:51:04.032 | INFO     | Pendulum.PendulumAPP:_processSerialData:121 - 🔄 数据来源: 串口接收 -> PendulumState.physical_length
2025-09-02 14:51:04.077 | INFO     | Pendulum.PendulumAPP:_processSerialData:120 - 📏 串口长度数据已更新: L28.582499 -> physical_length=28.582499
2025-09-02 14:51:04.079 | INFO     | Pendulum.PendulumAPP:_processSerialData:121 - 🔄 数据来源: 串口接收 -> PendulumState.physical_length
2025-09-02 14:51:04.122 | INFO     | Pendulum.PendulumAPP:_processSerialData:120 - 📏 串口长度数据已更新: L28.582499 -> physical_length=28.582499
2025-09-02 14:51:04.122 | INFO     | Pendulum.PendulumAPP:_processSerialData:121 - 🔄 数据来源: 串口接收 -> PendulumState.physical_length
2025-09-02 14:51:04.170 | INFO     | Pendulum.PendulumAPP:_processSerialData:120 - 📏 串口长度数据已更新: L28.582499 -> physical_length=28.582499
2025-09-02 14:51:04.171 | INFO     | Pendulum.PendulumAPP:_processSerialData:121 - 🔄 数据来源: 串口接收 -> PendulumState.physical_length
2025-09-02 14:51:04.215 | INFO     | Pendulum.PendulumAPP:_processSerialData:120 - 📏 串口长度数据已更新: L28.582499 -> physical_length=28.582499
2025-09-02 14:51:04.216 | INFO     | Pendulum.PendulumAPP:_processSerialData:121 - 🔄 数据来源: 串口接收 -> PendulumState.physical_length
2025-09-02 14:51:04.262 | INFO     | Pendulum.PendulumAPP:_processSerialData:120 - 📏 串口长度数据已更新: L28.582499 -> physical_length=28.582499
2025-09-02 14:51:04.262 | INFO     | Pendulum.PendulumAPP:_processSerialData:121 - 🔄 数据来源: 串口接收 -> PendulumState.physical_length
2025-09-02 14:51:04.309 | INFO     | Pendulum.PendulumAPP:_processSerialData:120 - 📏 串口长度数据已更新: L28.582499 -> physical_length=28.582499
2025-09-02 14:51:04.310 | INFO     | Pendulum.PendulumAPP:_processSerialData:121 - 🔄 数据来源: 串口接收 -> PendulumState.physical_length
2025-09-02 14:51:04.355 | INFO     | Pendulum.PendulumAPP:_processSerialData:120 - 📏 串口长度数据已更新: L28.582499 -> physical_length=28.582499
2025-09-02 14:51:04.357 | INFO     | Pendulum.PendulumAPP:_processSerialData:121 - 🔄 数据来源: 串口接收 -> PendulumState.physical_length
2025-09-02 14:51:04.402 | INFO     | Pendulum.PendulumAPP:_processSerialData:120 - 📏 串口长度数据已更新: L28.582499 -> physical_length=28.582499
2025-09-02 14:51:04.403 | INFO     | Pendulum.PendulumAPP:_processSerialData:121 - 🔄 数据来源: 串口接收 -> PendulumState.physical_length
2025-09-02 14:51:04.449 | INFO     | Pendulum.PendulumAPP:_processSerialData:120 - 📏 串口长度数据已更新: L28.582499 -> physical_length=28.582499
2025-09-02 14:51:04.449 | INFO     | Pendulum.PendulumAPP:_processSerialData:121 - 🔄 数据来源: 串口接收 -> PendulumState.physical_length
2025-09-02 14:51:04.494 | INFO     | Pendulum.PendulumAPP:_processSerialData:120 - 📏 串口长度数据已更新: L28.582499 -> physical_length=28.582499
2025-09-02 14:51:04.496 | INFO     | Pendulum.PendulumAPP:_processSerialData:121 - 🔄 数据来源: 串口接收 -> PendulumState.physical_length
2025-09-02 14:51:04.540 | INFO     | Pendulum.PendulumAPP:_processSerialData:120 - 📏 串口长度数据已更新: L28.582499 -> physical_length=28.582499
2025-09-02 14:51:04.542 | INFO     | Pendulum.PendulumAPP:_processSerialData:121 - 🔄 数据来源: 串口接收 -> PendulumState.physical_length
2025-09-02 14:51:04.588 | INFO     | Pendulum.PendulumAPP:_processSerialData:120 - 📏 串口长度数据已更新: L28.582499 -> physical_length=28.582499
2025-09-02 14:51:04.589 | INFO     | Pendulum.PendulumAPP:_processSerialData:121 - 🔄 数据来源: 串口接收 -> PendulumState.physical_length
2025-09-02 14:51:04.635 | INFO     | Pendulum.PendulumAPP:_processSerialData:120 - 📏 串口长度数据已更新: L28.582499 -> physical_length=28.582499
2025-09-02 14:51:04.636 | INFO     | Pendulum.PendulumAPP:_processSerialData:121 - 🔄 数据来源: 串口接收 -> PendulumState.physical_length
2025-09-02 14:51:04.681 | INFO     | Pendulum.PendulumAPP:_processSerialData:120 - 📏 串口长度数据已更新: L28.582499 -> physical_length=28.582499
2025-09-02 14:51:04.684 | INFO     | Pendulum.PendulumAPP:_processSerialData:121 - 🔄 数据来源: 串口接收 -> PendulumState.physical_length
2025-09-02 14:51:04.727 | INFO     | Pendulum.PendulumAPP:_processSerialData:120 - 📏 串口长度数据已更新: L28.582499 -> physical_length=28.582499
2025-09-02 14:51:04.728 | INFO     | Pendulum.PendulumAPP:_processSerialData:121 - 🔄 数据来源: 串口接收 -> PendulumState.physical_length
2025-09-02 14:51:04.774 | INFO     | Pendulum.PendulumAPP:_processSerialData:120 - 📏 串口长度数据已更新: L28.582499 -> physical_length=28.582499
2025-09-02 14:51:04.775 | INFO     | Pendulum.PendulumAPP:_processSerialData:121 - 🔄 数据来源: 串口接收 -> PendulumState.physical_length
2025-09-02 14:51:04.820 | INFO     | Pendulum.PendulumAPP:_processSerialData:120 - 📏 串口长度数据已更新: L28.582499 -> physical_length=28.582499
2025-09-02 14:51:04.820 | INFO     | Pendulum.PendulumAPP:_processSerialData:121 - 🔄 数据来源: 串口接收 -> PendulumState.physical_length
2025-09-02 14:51:04.869 | INFO     | Pendulum.PendulumAPP:_processSerialData:120 - 📏 串口长度数据已更新: L28.582499 -> physical_length=28.582499
2025-09-02 14:51:04.871 | INFO     | Pendulum.PendulumAPP:_processSerialData:121 - 🔄 数据来源: 串口接收 -> PendulumState.physical_length
2025-09-02 14:51:04.912 | INFO     | Pendulum.PendulumAPP:_processSerialData:120 - 📏 串口长度数据已更新: L28.582499 -> physical_length=28.582499
2025-09-02 14:51:04.913 | INFO     | Pendulum.PendulumAPP:_processSerialData:121 - 🔄 数据来源: 串口接收 -> PendulumState.physical_length
2025-09-02 14:51:04.958 | INFO     | Pendulum.PendulumAPP:_processSerialData:120 - 📏 串口长度数据已更新: L28.582499 -> physical_length=28.582499
2025-09-02 14:51:04.960 | INFO     | Pendulum.PendulumAPP:_processSerialData:121 - 🔄 数据来源: 串口接收 -> PendulumState.physical_length
2025-09-02 14:51:05.004 | INFO     | Pendulum.PendulumAPP:_processSerialData:120 - 📏 串口长度数据已更新: L28.582499 -> physical_length=28.582499
2025-09-02 14:51:05.004 | INFO     | Pendulum.PendulumAPP:_processSerialData:121 - 🔄 数据来源: 串口接收 -> PendulumState.physical_length
2025-09-02 14:51:05.051 | INFO     | Pendulum.PendulumAPP:_processSerialData:120 - 📏 串口长度数据已更新: L28.582499 -> physical_length=28.582499
2025-09-02 14:51:05.054 | INFO     | Pendulum.PendulumAPP:_processSerialData:121 - 🔄 数据来源: 串口接收 -> PendulumState.physical_length
2025-09-02 14:51:05.099 | INFO     | Pendulum.PendulumAPP:_processSerialData:120 - 📏 串口长度数据已更新: L28.582499 -> physical_length=28.582499
2025-09-02 14:51:05.099 | INFO     | Pendulum.PendulumAPP:_processSerialData:121 - 🔄 数据来源: 串口接收 -> PendulumState.physical_length
2025-09-02 14:51:05.145 | INFO     | Pendulum.PendulumAPP:_processSerialData:120 - 📏 串口长度数据已更新: L28.582499 -> physical_length=28.582499
2025-09-02 14:51:05.146 | INFO     | Pendulum.PendulumAPP:_processSerialData:121 - 🔄 数据来源: 串口接收 -> PendulumState.physical_length
2025-09-02 14:51:05.192 | INFO     | Pendulum.PendulumAPP:_processSerialData:120 - 📏 串口长度数据已更新: L28.582499 -> physical_length=28.582499
2025-09-02 14:51:05.194 | INFO     | Pendulum.PendulumAPP:_processSerialData:121 - 🔄 数据来源: 串口接收 -> PendulumState.physical_length
2025-09-02 14:51:05.238 | INFO     | Pendulum.PendulumAPP:_processSerialData:120 - 📏 串口长度数据已更新: L28.582499 -> physical_length=28.582499
2025-09-02 14:51:05.240 | INFO     | Pendulum.PendulumAPP:_processSerialData:121 - 🔄 数据来源: 串口接收 -> PendulumState.physical_length
2025-09-02 14:51:05.285 | INFO     | Pendulum.PendulumAPP:_processSerialData:120 - 📏 串口长度数据已更新: L28.582499 -> physical_length=28.582499
2025-09-02 14:51:05.286 | INFO     | Pendulum.PendulumAPP:_processSerialData:121 - 🔄 数据来源: 串口接收 -> PendulumState.physical_length
2025-09-02 14:51:05.317 | INFO     | Pendulum.PendulumAPP:_keyEventWeb:271 - u1
2025-09-02 14:51:05.318 | INFO     | Pendulum.SerialConncet:send:199 - sendu1
2025-09-02 14:51:05.319 | INFO     | Pendulum.SerialConncet:send:201 - [发送] u1
2025-09-02 14:51:05.330 | INFO     | Pendulum.PendulumAPP:_processSerialData:120 - 📏 串口长度数据已更新: L28.582499 -> physical_length=28.582499
2025-09-02 14:51:05.330 | INFO     | Pendulum.PendulumAPP:_processSerialData:121 - 🔄 数据来源: 串口接收 -> PendulumState.physical_length
2025-09-02 14:51:05.376 | INFO     | Pendulum.PendulumAPP:_processSerialData:120 - 📏 串口长度数据已更新: L28.582499 -> physical_length=28.582499
2025-09-02 14:51:05.377 | INFO     | Pendulum.PendulumAPP:_processSerialData:121 - 🔄 数据来源: 串口接收 -> PendulumState.physical_length
2025-09-02 14:51:05.423 | INFO     | Pendulum.PendulumAPP:_processSerialData:120 - 📏 串口长度数据已更新: L28.582499 -> physical_length=28.582499
2025-09-02 14:51:05.423 | INFO     | Pendulum.PendulumAPP:_processSerialData:121 - 🔄 数据来源: 串口接收 -> PendulumState.physical_length
2025-09-02 14:51:05.470 | INFO     | Pendulum.PendulumAPP:_processSerialData:120 - 📏 串口长度数据已更新: L28.582499 -> physical_length=28.582499
2025-09-02 14:51:05.471 | INFO     | Pendulum.PendulumAPP:_processSerialData:121 - 🔄 数据来源: 串口接收 -> PendulumState.physical_length
2025-09-02 14:51:05.515 | INFO     | Pendulum.PendulumAPP:_processSerialData:120 - 📏 串口长度数据已更新: L28.582499 -> physical_length=28.582499
2025-09-02 14:51:05.518 | INFO     | Pendulum.PendulumAPP:_processSerialData:121 - 🔄 数据来源: 串口接收 -> PendulumState.physical_length
2025-09-02 14:51:05.561 | INFO     | Pendulum.PendulumAPP:_processSerialData:120 - 📏 串口长度数据已更新: L28.582499 -> physical_length=28.582499
2025-09-02 14:51:05.561 | INFO     | Pendulum.PendulumAPP:_processSerialData:121 - 🔄 数据来源: 串口接收 -> PendulumState.physical_length
2025-09-02 14:51:05.608 | INFO     | Pendulum.PendulumAPP:_processSerialData:120 - 📏 串口长度数据已更新: L28.582499 -> physical_length=28.582499
2025-09-02 14:51:05.609 | INFO     | Pendulum.PendulumAPP:_processSerialData:121 - 🔄 数据来源: 串口接收 -> PendulumState.physical_length
2025-09-02 14:51:05.654 | INFO     | Pendulum.PendulumAPP:_processSerialData:120 - 📏 串口长度数据已更新: L28.582499 -> physical_length=28.582499
2025-09-02 14:51:05.655 | INFO     | Pendulum.PendulumAPP:_processSerialData:121 - 🔄 数据来源: 串口接收 -> PendulumState.physical_length
2025-09-02 14:51:05.701 | INFO     | Pendulum.PendulumAPP:_processSerialData:120 - 📏 串口长度数据已更新: L28.582499 -> physical_length=28.582499
2025-09-02 14:51:05.702 | INFO     | Pendulum.PendulumAPP:_processSerialData:121 - 🔄 数据来源: 串口接收 -> PendulumState.physical_length
2025-09-02 14:51:05.748 | INFO     | Pendulum.PendulumAPP:_processSerialData:120 - 📏 串口长度数据已更新: L28.582499 -> physical_length=28.582499
2025-09-02 14:51:05.748 | INFO     | Pendulum.PendulumAPP:_processSerialData:121 - 🔄 数据来源: 串口接收 -> PendulumState.physical_length
2025-09-02 14:51:05.794 | INFO     | Pendulum.PendulumAPP:_processSerialData:120 - 📏 串口长度数据已更新: L28.582499 -> physical_length=28.582499
2025-09-02 14:51:05.795 | INFO     | Pendulum.PendulumAPP:_processSerialData:121 - 🔄 数据来源: 串口接收 -> PendulumState.physical_length
2025-09-02 14:51:05.840 | INFO     | Pendulum.PendulumAPP:_processSerialData:120 - 📏 串口长度数据已更新: L28.582499 -> physical_length=28.582499
2025-09-02 14:51:05.841 | INFO     | Pendulum.PendulumAPP:_processSerialData:121 - 🔄 数据来源: 串口接收 -> PendulumState.physical_length
2025-09-02 14:51:05.887 | INFO     | Pendulum.PendulumAPP:_processSerialData:120 - 📏 串口长度数据已更新: L28.582499 -> physical_length=28.582499
2025-09-02 14:51:05.890 | INFO     | Pendulum.PendulumAPP:_processSerialData:121 - 🔄 数据来源: 串口接收 -> PendulumState.physical_length
2025-09-02 14:51:05.934 | INFO     | Pendulum.PendulumAPP:_processSerialData:120 - 📏 串口长度数据已更新: L28.582499 -> physical_length=28.582499
2025-09-02 14:51:05.935 | INFO     | Pendulum.PendulumAPP:_processSerialData:121 - 🔄 数据来源: 串口接收 -> PendulumState.physical_length
2025-09-02 14:51:05.981 | INFO     | Pendulum.PendulumAPP:_processSerialData:120 - 📏 串口长度数据已更新: L28.582499 -> physical_length=28.582499
2025-09-02 14:51:05.981 | INFO     | Pendulum.PendulumAPP:_processSerialData:121 - 🔄 数据来源: 串口接收 -> PendulumState.physical_length
2025-09-02 14:51:06.027 | INFO     | Pendulum.PendulumAPP:_processSerialData:120 - 📏 串口长度数据已更新: L28.582499 -> physical_length=28.582499
2025-09-02 14:51:06.028 | INFO     | Pendulum.PendulumAPP:_processSerialData:121 - 🔄 数据来源: 串口接收 -> PendulumState.physical_length
2025-09-02 14:51:06.073 | INFO     | Pendulum.PendulumAPP:_processSerialData:120 - 📏 串口长度数据已更新: L28.582499 -> physical_length=28.582499
2025-09-02 14:51:06.074 | INFO     | Pendulum.PendulumAPP:_processSerialData:121 - 🔄 数据来源: 串口接收 -> PendulumState.physical_length
2025-09-02 14:51:06.120 | INFO     | Pendulum.PendulumAPP:_processSerialData:120 - 📏 串口长度数据已更新: L28.582499 -> physical_length=28.582499
2025-09-02 14:51:06.121 | INFO     | Pendulum.PendulumAPP:_processSerialData:121 - 🔄 数据来源: 串口接收 -> PendulumState.physical_length
2025-09-02 14:51:06.168 | INFO     | Pendulum.PendulumAPP:_processSerialData:120 - 📏 串口长度数据已更新: L28.582499 -> physical_length=28.582499
2025-09-02 14:51:06.169 | INFO     | Pendulum.PendulumAPP:_processSerialData:121 - 🔄 数据来源: 串口接收 -> PendulumState.physical_length
2025-09-02 14:51:06.215 | INFO     | Pendulum.PendulumAPP:_processSerialData:120 - 📏 串口长度数据已更新: L28.582499 -> physical_length=28.582499
2025-09-02 14:51:06.216 | INFO     | Pendulum.PendulumAPP:_processSerialData:121 - 🔄 数据来源: 串口接收 -> PendulumState.physical_length
2025-09-02 14:51:06.261 | INFO     | Pendulum.PendulumAPP:_processSerialData:120 - 📏 串口长度数据已更新: L28.582499 -> physical_length=28.582499
2025-09-02 14:51:06.262 | INFO     | Pendulum.PendulumAPP:_processSerialData:121 - 🔄 数据来源: 串口接收 -> PendulumState.physical_length
2025-09-02 14:51:06.308 | INFO     | Pendulum.PendulumAPP:_processSerialData:120 - 📏 串口长度数据已更新: L28.582499 -> physical_length=28.582499
2025-09-02 14:51:06.309 | INFO     | Pendulum.PendulumAPP:_processSerialData:121 - 🔄 数据来源: 串口接收 -> PendulumState.physical_length
2025-09-02 14:51:06.354 | INFO     | Pendulum.PendulumAPP:_processSerialData:120 - 📏 串口长度数据已更新: L28.582499 -> physical_length=28.582499
2025-09-02 14:51:06.355 | INFO     | Pendulum.PendulumAPP:_processSerialData:121 - 🔄 数据来源: 串口接收 -> PendulumState.physical_length
2025-09-02 14:51:06.401 | INFO     | Pendulum.PendulumAPP:_processSerialData:120 - 📏 串口长度数据已更新: L28.582499 -> physical_length=28.582499
2025-09-02 14:51:06.401 | INFO     | Pendulum.PendulumAPP:_processSerialData:121 - 🔄 数据来源: 串口接收 -> PendulumState.physical_length
2025-09-02 14:51:06.448 | INFO     | Pendulum.PendulumAPP:_processSerialData:120 - 📏 串口长度数据已更新: L28.582499 -> physical_length=28.582499
2025-09-02 14:51:06.451 | INFO     | Pendulum.PendulumAPP:_processSerialData:121 - 🔄 数据来源: 串口接收 -> PendulumState.physical_length
2025-09-02 14:51:06.494 | INFO     | Pendulum.PendulumAPP:_processSerialData:120 - 📏 串口长度数据已更新: L28.582499 -> physical_length=28.582499
2025-09-02 14:51:06.497 | INFO     | Pendulum.PendulumAPP:_processSerialData:121 - 🔄 数据来源: 串口接收 -> PendulumState.physical_length
2025-09-02 14:51:06.541 | INFO     | Pendulum.PendulumAPP:_processSerialData:120 - 📏 串口长度数据已更新: L28.582499 -> physical_length=28.582499
2025-09-02 14:51:06.542 | INFO     | Pendulum.PendulumAPP:_processSerialData:121 - 🔄 数据来源: 串口接收 -> PendulumState.physical_length
2025-09-02 14:51:06.587 | INFO     | Pendulum.PendulumAPP:_processSerialData:120 - 📏 串口长度数据已更新: L28.582499 -> physical_length=28.582499
2025-09-02 14:51:06.588 | INFO     | Pendulum.PendulumAPP:_processSerialData:121 - 🔄 数据来源: 串口接收 -> PendulumState.physical_length
2025-09-02 14:51:06.633 | INFO     | Pendulum.PendulumAPP:_processSerialData:120 - 📏 串口长度数据已更新: L28.582499 -> physical_length=28.582499
2025-09-02 14:51:06.634 | INFO     | Pendulum.PendulumAPP:_processSerialData:121 - 🔄 数据来源: 串口接收 -> PendulumState.physical_length
2025-09-02 14:51:06.679 | INFO     | Pendulum.PendulumAPP:_processSerialData:120 - 📏 串口长度数据已更新: L28.582499 -> physical_length=28.582499
2025-09-02 14:51:06.680 | INFO     | Pendulum.PendulumAPP:_processSerialData:121 - 🔄 数据来源: 串口接收 -> PendulumState.physical_length
2025-09-02 14:51:06.728 | INFO     | Pendulum.PendulumAPP:_processSerialData:120 - 📏 串口长度数据已更新: L28.582499 -> physical_length=28.582499
2025-09-02 14:51:06.729 | INFO     | Pendulum.PendulumAPP:_processSerialData:121 - 🔄 数据来源: 串口接收 -> PendulumState.physical_length
2025-09-02 14:51:06.772 | INFO     | Pendulum.PendulumAPP:_processSerialData:120 - 📏 串口长度数据已更新: L28.582499 -> physical_length=28.582499
2025-09-02 14:51:06.773 | INFO     | Pendulum.PendulumAPP:_processSerialData:121 - 🔄 数据来源: 串口接收 -> PendulumState.physical_length
2025-09-02 14:51:06.818 | INFO     | Pendulum.PendulumAPP:_processSerialData:120 - 📏 串口长度数据已更新: L28.582499 -> physical_length=28.582499
2025-09-02 14:51:06.819 | INFO     | Pendulum.PendulumAPP:_processSerialData:121 - 🔄 数据来源: 串口接收 -> PendulumState.physical_length
2025-09-02 14:51:06.864 | INFO     | Pendulum.PendulumAPP:_processSerialData:120 - 📏 串口长度数据已更新: L28.582499 -> physical_length=28.582499
2025-09-02 14:51:06.866 | INFO     | Pendulum.PendulumAPP:_processSerialData:121 - 🔄 数据来源: 串口接收 -> PendulumState.physical_length
2025-09-02 14:51:06.911 | INFO     | Pendulum.PendulumAPP:_processSerialData:120 - 📏 串口长度数据已更新: L28.582499 -> physical_length=28.582499
2025-09-02 14:51:06.912 | INFO     | Pendulum.PendulumAPP:_processSerialData:121 - 🔄 数据来源: 串口接收 -> PendulumState.physical_length
2025-09-02 14:51:06.956 | INFO     | Pendulum.PendulumAPP:_processSerialData:120 - 📏 串口长度数据已更新: L28.582499 -> physical_length=28.582499
2025-09-02 14:51:06.956 | INFO     | Pendulum.PendulumAPP:_processSerialData:121 - 🔄 数据来源: 串口接收 -> PendulumState.physical_length
2025-09-02 14:51:07.004 | INFO     | Pendulum.PendulumAPP:_processSerialData:120 - 📏 串口长度数据已更新: L28.582499 -> physical_length=28.582499
2025-09-02 14:51:07.005 | INFO     | Pendulum.PendulumAPP:_processSerialData:121 - 🔄 数据来源: 串口接收 -> PendulumState.physical_length
2025-09-02 14:51:07.049 | INFO     | Pendulum.PendulumAPP:_processSerialData:120 - 📏 串口长度数据已更新: L28.582499 -> physical_length=28.582499
2025-09-02 14:51:07.051 | INFO     | Pendulum.PendulumAPP:_processSerialData:121 - 🔄 数据来源: 串口接收 -> PendulumState.physical_length
2025-09-02 14:51:07.096 | INFO     | Pendulum.PendulumAPP:_processSerialData:120 - 📏 串口长度数据已更新: L28.582499 -> physical_length=28.582499
2025-09-02 14:51:07.097 | INFO     | Pendulum.PendulumAPP:_processSerialData:121 - 🔄 数据来源: 串口接收 -> PendulumState.physical_length
2025-09-02 14:51:07.143 | INFO     | Pendulum.PendulumAPP:_processSerialData:120 - 📏 串口长度数据已更新: L28.582499 -> physical_length=28.582499
2025-09-02 14:51:07.144 | INFO     | Pendulum.PendulumAPP:_processSerialData:121 - 🔄 数据来源: 串口接收 -> PendulumState.physical_length
2025-09-02 14:51:07.189 | INFO     | Pendulum.PendulumAPP:_processSerialData:120 - 📏 串口长度数据已更新: L28.582499 -> physical_length=28.582499
2025-09-02 14:51:07.190 | INFO     | Pendulum.PendulumAPP:_processSerialData:121 - 🔄 数据来源: 串口接收 -> PendulumState.physical_length
2025-09-02 14:51:07.236 | INFO     | Pendulum.PendulumAPP:_processSerialData:120 - 📏 串口长度数据已更新: L28.582499 -> physical_length=28.582499
2025-09-02 14:51:07.237 | INFO     | Pendulum.PendulumAPP:_processSerialData:121 - 🔄 数据来源: 串口接收 -> PendulumState.physical_length
2025-09-02 14:51:07.283 | INFO     | Pendulum.PendulumAPP:_processSerialData:120 - 📏 串口长度数据已更新: L28.582499 -> physical_length=28.582499
2025-09-02 14:51:07.284 | INFO     | Pendulum.PendulumAPP:_processSerialData:121 - 🔄 数据来源: 串口接收 -> PendulumState.physical_length
2025-09-02 14:51:07.329 | INFO     | Pendulum.PendulumAPP:_processSerialData:120 - 📏 串口长度数据已更新: L28.582499 -> physical_length=28.582499
2025-09-02 14:51:07.331 | INFO     | Pendulum.PendulumAPP:_processSerialData:121 - 🔄 数据来源: 串口接收 -> PendulumState.physical_length
2025-09-02 14:51:07.376 | INFO     | Pendulum.PendulumAPP:_processSerialData:120 - 📏 串口长度数据已更新: L28.582499 -> physical_length=28.582499
2025-09-02 14:51:07.377 | INFO     | Pendulum.PendulumAPP:_processSerialData:121 - 🔄 数据来源: 串口接收 -> PendulumState.physical_length
2025-09-02 14:51:07.423 | INFO     | Pendulum.PendulumAPP:_processSerialData:120 - 📏 串口长度数据已更新: L28.582499 -> physical_length=28.582499
2025-09-02 14:51:07.425 | INFO     | Pendulum.PendulumAPP:_processSerialData:121 - 🔄 数据来源: 串口接收 -> PendulumState.physical_length
2025-09-02 14:51:07.469 | INFO     | Pendulum.PendulumAPP:_processSerialData:120 - 📏 串口长度数据已更新: L28.582499 -> physical_length=28.582499
2025-09-02 14:51:07.469 | INFO     | Pendulum.PendulumAPP:_processSerialData:121 - 🔄 数据来源: 串口接收 -> PendulumState.physical_length
2025-09-02 14:51:07.516 | INFO     | Pendulum.PendulumAPP:_processSerialData:120 - 📏 串口长度数据已更新: L28.582499 -> physical_length=28.582499
2025-09-02 14:51:07.518 | INFO     | Pendulum.PendulumAPP:_processSerialData:121 - 🔄 数据来源: 串口接收 -> PendulumState.physical_length
2025-09-02 14:51:07.563 | INFO     | Pendulum.PendulumAPP:_processSerialData:120 - 📏 串口长度数据已更新: L28.582499 -> physical_length=28.582499
2025-09-02 14:51:07.564 | INFO     | Pendulum.PendulumAPP:_processSerialData:121 - 🔄 数据来源: 串口接收 -> PendulumState.physical_length
2025-09-02 14:51:07.610 | INFO     | Pendulum.PendulumAPP:_processSerialData:120 - 📏 串口长度数据已更新: L28.582499 -> physical_length=28.582499
2025-09-02 14:51:07.611 | INFO     | Pendulum.PendulumAPP:_processSerialData:121 - 🔄 数据来源: 串口接收 -> PendulumState.physical_length
2025-09-02 14:51:07.655 | INFO     | Pendulum.PendulumAPP:_processSerialData:120 - 📏 串口长度数据已更新: L28.582499 -> physical_length=28.582499
2025-09-02 14:51:07.656 | INFO     | Pendulum.PendulumAPP:_processSerialData:121 - 🔄 数据来源: 串口接收 -> PendulumState.physical_length
2025-09-02 14:51:07.702 | INFO     | Pendulum.PendulumAPP:_processSerialData:120 - 📏 串口长度数据已更新: L28.582499 -> physical_length=28.582499
2025-09-02 14:51:07.703 | INFO     | Pendulum.PendulumAPP:_processSerialData:121 - 🔄 数据来源: 串口接收 -> PendulumState.physical_length
2025-09-02 14:51:07.749 | INFO     | Pendulum.PendulumAPP:_processSerialData:120 - 📏 串口长度数据已更新: L28.582499 -> physical_length=28.582499
2025-09-02 14:51:07.749 | INFO     | Pendulum.PendulumAPP:_processSerialData:121 - 🔄 数据来源: 串口接收 -> PendulumState.physical_length
2025-09-02 14:51:07.797 | INFO     | Pendulum.PendulumAPP:_processSerialData:120 - 📏 串口长度数据已更新: L28.582499 -> physical_length=28.582499
2025-09-02 14:51:07.799 | INFO     | Pendulum.PendulumAPP:_processSerialData:121 - 🔄 数据来源: 串口接收 -> PendulumState.physical_length
2025-09-02 14:51:07.843 | INFO     | Pendulum.PendulumAPP:_processSerialData:120 - 📏 串口长度数据已更新: L28.582499 -> physical_length=28.582499
2025-09-02 14:51:07.844 | INFO     | Pendulum.PendulumAPP:_processSerialData:121 - 🔄 数据来源: 串口接收 -> PendulumState.physical_length
2025-09-02 14:51:07.890 | INFO     | Pendulum.PendulumAPP:_processSerialData:120 - 📏 串口长度数据已更新: L28.582499 -> physical_length=28.582499
2025-09-02 14:51:07.892 | INFO     | Pendulum.PendulumAPP:_processSerialData:121 - 🔄 数据来源: 串口接收 -> PendulumState.physical_length
2025-09-02 14:51:07.934 | INFO     | Pendulum.PendulumAPP:_processSerialData:120 - 📏 串口长度数据已更新: L28.582499 -> physical_length=28.582499
2025-09-02 14:51:07.936 | INFO     | Pendulum.PendulumAPP:_processSerialData:121 - 🔄 数据来源: 串口接收 -> PendulumState.physical_length
2025-09-02 14:51:07.980 | INFO     | Pendulum.PendulumAPP:_processSerialData:120 - 📏 串口长度数据已更新: L28.582499 -> physical_length=28.582499
2025-09-02 14:51:07.981 | INFO     | Pendulum.PendulumAPP:_processSerialData:121 - 🔄 数据来源: 串口接收 -> PendulumState.physical_length
2025-09-02 14:51:08.026 | INFO     | Pendulum.PendulumAPP:_processSerialData:120 - 📏 串口长度数据已更新: L28.582499 -> physical_length=28.582499
2025-09-02 14:51:08.028 | INFO     | Pendulum.PendulumAPP:_processSerialData:121 - 🔄 数据来源: 串口接收 -> PendulumState.physical_length
2025-09-02 14:51:08.073 | INFO     | Pendulum.PendulumAPP:_processSerialData:120 - 📏 串口长度数据已更新: L28.582499 -> physical_length=28.582499
2025-09-02 14:51:08.075 | INFO     | Pendulum.PendulumAPP:_processSerialData:121 - 🔄 数据来源: 串口接收 -> PendulumState.physical_length
2025-09-02 14:51:08.120 | INFO     | Pendulum.PendulumAPP:_processSerialData:120 - 📏 串口长度数据已更新: L28.582499 -> physical_length=28.582499
2025-09-02 14:51:08.121 | INFO     | Pendulum.PendulumAPP:_processSerialData:121 - 🔄 数据来源: 串口接收 -> PendulumState.physical_length
2025-09-02 14:51:08.166 | INFO     | Pendulum.PendulumAPP:_processSerialData:120 - 📏 串口长度数据已更新: L28.582499 -> physical_length=28.582499
2025-09-02 14:51:08.167 | INFO     | Pendulum.PendulumAPP:_processSerialData:121 - 🔄 数据来源: 串口接收 -> PendulumState.physical_length
2025-09-02 14:51:08.212 | INFO     | Pendulum.PendulumAPP:_processSerialData:120 - 📏 串口长度数据已更新: L28.582499 -> physical_length=28.582499
2025-09-02 14:51:08.212 | INFO     | Pendulum.PendulumAPP:_processSerialData:121 - 🔄 数据来源: 串口接收 -> PendulumState.physical_length
2025-09-02 14:51:08.259 | INFO     | Pendulum.PendulumAPP:_processSerialData:120 - 📏 串口长度数据已更新: L28.582499 -> physical_length=28.582499
2025-09-02 14:51:08.259 | INFO     | Pendulum.PendulumAPP:_processSerialData:121 - 🔄 数据来源: 串口接收 -> PendulumState.physical_length
2025-09-02 14:51:08.305 | INFO     | Pendulum.PendulumAPP:_processSerialData:120 - 📏 串口长度数据已更新: L28.582499 -> physical_length=28.582499
2025-09-02 14:51:08.306 | INFO     | Pendulum.PendulumAPP:_processSerialData:121 - 🔄 数据来源: 串口接收 -> PendulumState.physical_length
2025-09-02 14:51:08.352 | INFO     | Pendulum.PendulumAPP:_processSerialData:120 - 📏 串口长度数据已更新: L28.582499 -> physical_length=28.582499
2025-09-02 14:51:08.353 | INFO     | Pendulum.PendulumAPP:_processSerialData:121 - 🔄 数据来源: 串口接收 -> PendulumState.physical_length
2025-09-02 14:51:08.397 | INFO     | Pendulum.PendulumAPP:_processSerialData:120 - 📏 串口长度数据已更新: L28.582499 -> physical_length=28.582499
2025-09-02 14:51:08.398 | INFO     | Pendulum.PendulumAPP:_processSerialData:121 - 🔄 数据来源: 串口接收 -> PendulumState.physical_length
2025-09-02 14:51:08.443 | INFO     | Pendulum.PendulumAPP:_processSerialData:120 - 📏 串口长度数据已更新: L28.582499 -> physical_length=28.582499
2025-09-02 14:51:08.444 | INFO     | Pendulum.PendulumAPP:_processSerialData:121 - 🔄 数据来源: 串口接收 -> PendulumState.physical_length
2025-09-02 14:51:08.491 | INFO     | Pendulum.PendulumAPP:_processSerialData:120 - 📏 串口长度数据已更新: L28.582499 -> physical_length=28.582499
2025-09-02 14:51:08.492 | INFO     | Pendulum.PendulumAPP:_processSerialData:121 - 🔄 数据来源: 串口接收 -> PendulumState.physical_length
2025-09-02 14:51:08.535 | INFO     | Pendulum.PendulumAPP:_processSerialData:120 - 📏 串口长度数据已更新: L28.582499 -> physical_length=28.582499
2025-09-02 14:51:08.537 | INFO     | Pendulum.PendulumAPP:_processSerialData:121 - 🔄 数据来源: 串口接收 -> PendulumState.physical_length
2025-09-02 14:51:08.582 | INFO     | Pendulum.PendulumAPP:_processSerialData:120 - 📏 串口长度数据已更新: L28.582499 -> physical_length=28.582499
2025-09-02 14:51:08.583 | INFO     | Pendulum.PendulumAPP:_processSerialData:121 - 🔄 数据来源: 串口接收 -> PendulumState.physical_length
2025-09-02 14:51:08.628 | INFO     | Pendulum.PendulumAPP:_processSerialData:120 - 📏 串口长度数据已更新: L28.582499 -> physical_length=28.582499
2025-09-02 14:51:08.628 | INFO     | Pendulum.PendulumAPP:_processSerialData:121 - 🔄 数据来源: 串口接收 -> PendulumState.physical_length
2025-09-02 14:51:08.675 | INFO     | Pendulum.PendulumAPP:_processSerialData:120 - 📏 串口长度数据已更新: L28.582499 -> physical_length=28.582499
2025-09-02 14:51:08.676 | INFO     | Pendulum.PendulumAPP:_processSerialData:121 - 🔄 数据来源: 串口接收 -> PendulumState.physical_length
2025-09-02 14:51:08.721 | INFO     | Pendulum.PendulumAPP:_processSerialData:120 - 📏 串口长度数据已更新: L28.582499 -> physical_length=28.582499
2025-09-02 14:51:08.723 | INFO     | Pendulum.PendulumAPP:_processSerialData:121 - 🔄 数据来源: 串口接收 -> PendulumState.physical_length
2025-09-02 14:51:08.767 | INFO     | Pendulum.PendulumAPP:_processSerialData:120 - 📏 串口长度数据已更新: L28.582499 -> physical_length=28.582499
2025-09-02 14:51:08.768 | INFO     | Pendulum.PendulumAPP:_processSerialData:121 - 🔄 数据来源: 串口接收 -> PendulumState.physical_length
2025-09-02 14:51:08.814 | INFO     | Pendulum.PendulumAPP:_processSerialData:120 - 📏 串口长度数据已更新: L28.582499 -> physical_length=28.582499
2025-09-02 14:51:08.815 | INFO     | Pendulum.PendulumAPP:_processSerialData:121 - 🔄 数据来源: 串口接收 -> PendulumState.physical_length
2025-09-02 14:51:08.861 | INFO     | Pendulum.PendulumAPP:_processSerialData:120 - 📏 串口长度数据已更新: L28.582499 -> physical_length=28.582499
2025-09-02 14:51:08.864 | INFO     | Pendulum.PendulumAPP:_processSerialData:121 - 🔄 数据来源: 串口接收 -> PendulumState.physical_length
2025-09-02 14:51:08.906 | INFO     | Pendulum.PendulumAPP:_processSerialData:120 - 📏 串口长度数据已更新: L28.582499 -> physical_length=28.582499
2025-09-02 14:51:08.907 | INFO     | Pendulum.PendulumAPP:_processSerialData:121 - 🔄 数据来源: 串口接收 -> PendulumState.physical_length
2025-09-02 14:51:08.954 | INFO     | Pendulum.PendulumAPP:_processSerialData:120 - 📏 串口长度数据已更新: L28.582499 -> physical_length=28.582499
2025-09-02 14:51:08.960 | INFO     | Pendulum.PendulumAPP:_processSerialData:121 - 🔄 数据来源: 串口接收 -> PendulumState.physical_length
2025-09-02 14:51:09.001 | INFO     | Pendulum.PendulumAPP:_processSerialData:120 - 📏 串口长度数据已更新: L28.582499 -> physical_length=28.582499
2025-09-02 14:51:09.002 | INFO     | Pendulum.PendulumAPP:_processSerialData:121 - 🔄 数据来源: 串口接收 -> PendulumState.physical_length
2025-09-02 14:51:09.048 | INFO     | Pendulum.PendulumAPP:_processSerialData:120 - 📏 串口长度数据已更新: L28.582499 -> physical_length=28.582499
2025-09-02 14:51:09.050 | INFO     | Pendulum.PendulumAPP:_processSerialData:121 - 🔄 数据来源: 串口接收 -> PendulumState.physical_length
2025-09-02 14:51:09.094 | INFO     | Pendulum.PendulumAPP:_processSerialData:120 - 📏 串口长度数据已更新: L28.582499 -> physical_length=28.582499
2025-09-02 14:51:09.095 | INFO     | Pendulum.PendulumAPP:_processSerialData:121 - 🔄 数据来源: 串口接收 -> PendulumState.physical_length
2025-09-02 14:51:09.142 | INFO     | Pendulum.PendulumAPP:_processSerialData:120 - 📏 串口长度数据已更新: L28.582499 -> physical_length=28.582499
2025-09-02 14:51:09.142 | INFO     | Pendulum.PendulumAPP:_processSerialData:121 - 🔄 数据来源: 串口接收 -> PendulumState.physical_length
2025-09-02 14:51:09.189 | INFO     | Pendulum.PendulumAPP:_processSerialData:120 - 📏 串口长度数据已更新: L28.582499 -> physical_length=28.582499
2025-09-02 14:51:09.190 | INFO     | Pendulum.PendulumAPP:_processSerialData:121 - 🔄 数据来源: 串口接收 -> PendulumState.physical_length
2025-09-02 14:51:09.235 | INFO     | Pendulum.PendulumAPP:_processSerialData:120 - 📏 串口长度数据已更新: L28.582499 -> physical_length=28.582499
2025-09-02 14:51:09.235 | INFO     | Pendulum.PendulumAPP:_processSerialData:121 - 🔄 数据来源: 串口接收 -> PendulumState.physical_length
2025-09-02 14:51:09.282 | INFO     | Pendulum.PendulumAPP:_processSerialData:120 - 📏 串口长度数据已更新: L28.582499 -> physical_length=28.582499
2025-09-02 14:51:09.283 | INFO     | Pendulum.PendulumAPP:_processSerialData:121 - 🔄 数据来源: 串口接收 -> PendulumState.physical_length
2025-09-02 14:51:09.330 | INFO     | Pendulum.PendulumAPP:_processSerialData:120 - 📏 串口长度数据已更新: L28.582499 -> physical_length=28.582499
2025-09-02 14:51:09.331 | INFO     | Pendulum.PendulumAPP:_processSerialData:121 - 🔄 数据来源: 串口接收 -> PendulumState.physical_length
2025-09-02 14:51:09.376 | INFO     | Pendulum.PendulumAPP:_processSerialData:120 - 📏 串口长度数据已更新: L28.582499 -> physical_length=28.582499
2025-09-02 14:51:09.378 | INFO     | Pendulum.PendulumAPP:_processSerialData:121 - 🔄 数据来源: 串口接收 -> PendulumState.physical_length
2025-09-02 14:51:09.423 | INFO     | Pendulum.PendulumAPP:_processSerialData:120 - 📏 串口长度数据已更新: L28.582499 -> physical_length=28.582499
2025-09-02 14:51:09.423 | INFO     | Pendulum.PendulumAPP:_processSerialData:121 - 🔄 数据来源: 串口接收 -> PendulumState.physical_length
2025-09-02 14:51:09.468 | INFO     | Pendulum.PendulumAPP:_processSerialData:120 - 📏 串口长度数据已更新: L28.582499 -> physical_length=28.582499
2025-09-02 14:51:09.470 | INFO     | Pendulum.PendulumAPP:_processSerialData:121 - 🔄 数据来源: 串口接收 -> PendulumState.physical_length
2025-09-02 14:51:09.515 | INFO     | Pendulum.PendulumAPP:_processSerialData:120 - 📏 串口长度数据已更新: L28.582499 -> physical_length=28.582499
2025-09-02 14:51:09.517 | INFO     | Pendulum.PendulumAPP:_processSerialData:121 - 🔄 数据来源: 串口接收 -> PendulumState.physical_length
2025-09-02 14:51:09.561 | INFO     | Pendulum.PendulumAPP:_processSerialData:120 - 📏 串口长度数据已更新: L28.582499 -> physical_length=28.582499
2025-09-02 14:51:09.561 | INFO     | Pendulum.PendulumAPP:_processSerialData:121 - 🔄 数据来源: 串口接收 -> PendulumState.physical_length
2025-09-02 14:51:09.607 | INFO     | Pendulum.PendulumAPP:_processSerialData:120 - 📏 串口长度数据已更新: L28.582499 -> physical_length=28.582499
2025-09-02 14:51:09.608 | INFO     | Pendulum.PendulumAPP:_processSerialData:121 - 🔄 数据来源: 串口接收 -> PendulumState.physical_length
2025-09-02 14:51:09.653 | INFO     | Pendulum.PendulumAPP:_processSerialData:120 - 📏 串口长度数据已更新: L28.582499 -> physical_length=28.582499
2025-09-02 14:51:09.654 | INFO     | Pendulum.PendulumAPP:_processSerialData:121 - 🔄 数据来源: 串口接收 -> PendulumState.physical_length
2025-09-02 14:51:09.700 | INFO     | Pendulum.PendulumAPP:_processSerialData:120 - 📏 串口长度数据已更新: L28.582499 -> physical_length=28.582499
2025-09-02 14:51:09.701 | INFO     | Pendulum.PendulumAPP:_processSerialData:121 - 🔄 数据来源: 串口接收 -> PendulumState.physical_length
2025-09-02 14:51:09.747 | INFO     | Pendulum.PendulumAPP:_processSerialData:120 - 📏 串口长度数据已更新: L28.582499 -> physical_length=28.582499
2025-09-02 14:51:09.748 | INFO     | Pendulum.PendulumAPP:_processSerialData:121 - 🔄 数据来源: 串口接收 -> PendulumState.physical_length
2025-09-02 14:51:09.792 | INFO     | Pendulum.PendulumAPP:_processSerialData:120 - 📏 串口长度数据已更新: L28.582499 -> physical_length=28.582499
2025-09-02 14:51:09.793 | INFO     | Pendulum.PendulumAPP:_processSerialData:121 - 🔄 数据来源: 串口接收 -> PendulumState.physical_length
2025-09-02 14:51:09.841 | INFO     | Pendulum.PendulumAPP:_processSerialData:120 - 📏 串口长度数据已更新: L28.582499 -> physical_length=28.582499
2025-09-02 14:51:09.842 | INFO     | Pendulum.PendulumAPP:_processSerialData:121 - 🔄 数据来源: 串口接收 -> PendulumState.physical_length
2025-09-02 14:51:09.885 | INFO     | Pendulum.PendulumAPP:_processSerialData:120 - 📏 串口长度数据已更新: L28.582499 -> physical_length=28.582499
2025-09-02 14:51:09.885 | INFO     | Pendulum.PendulumAPP:_processSerialData:121 - 🔄 数据来源: 串口接收 -> PendulumState.physical_length
2025-09-02 14:51:09.932 | INFO     | Pendulum.PendulumAPP:_processSerialData:120 - 📏 串口长度数据已更新: L28.582499 -> physical_length=28.582499
2025-09-02 14:51:09.932 | INFO     | Pendulum.PendulumAPP:_processSerialData:121 - 🔄 数据来源: 串口接收 -> PendulumState.physical_length
2025-09-02 14:51:09.978 | INFO     | Pendulum.PendulumAPP:_processSerialData:120 - 📏 串口长度数据已更新: L28.582499 -> physical_length=28.582499
2025-09-02 14:51:09.980 | INFO     | Pendulum.PendulumAPP:_processSerialData:121 - 🔄 数据来源: 串口接收 -> PendulumState.physical_length
2025-09-02 14:51:10.024 | INFO     | Pendulum.PendulumAPP:_processSerialData:120 - 📏 串口长度数据已更新: L28.582499 -> physical_length=28.582499
2025-09-02 14:51:10.025 | INFO     | Pendulum.PendulumAPP:_processSerialData:121 - 🔄 数据来源: 串口接收 -> PendulumState.physical_length
2025-09-02 14:51:10.059 | INFO     | Pendulum.PendulumAPP:_keyEventWeb:274 - u0
2025-09-02 14:51:10.060 | INFO     | Pendulum.SerialConncet:send:199 - sendu0
2025-09-02 14:51:10.062 | INFO     | Pendulum.SerialConncet:send:201 - [发送] u0
2025-09-02 14:51:10.070 | INFO     | Pendulum.PendulumAPP:_processSerialData:120 - 📏 串口长度数据已更新: L28.582499 -> physical_length=28.582499
2025-09-02 14:51:10.070 | INFO     | Pendulum.PendulumAPP:_processSerialData:121 - 🔄 数据来源: 串口接收 -> PendulumState.physical_length
2025-09-02 14:51:10.116 | INFO     | Pendulum.PendulumAPP:_processSerialData:120 - 📏 串口长度数据已更新: L28.582499 -> physical_length=28.582499
2025-09-02 14:51:10.117 | INFO     | Pendulum.PendulumAPP:_processSerialData:121 - 🔄 数据来源: 串口接收 -> PendulumState.physical_length
2025-09-02 14:51:10.161 | INFO     | Pendulum.PendulumAPP:_processSerialData:120 - 📏 串口长度数据已更新: L28.582499 -> physical_length=28.582499
2025-09-02 14:51:10.163 | INFO     | Pendulum.PendulumAPP:_processSerialData:121 - 🔄 数据来源: 串口接收 -> PendulumState.physical_length
2025-09-02 14:51:10.208 | INFO     | Pendulum.PendulumAPP:_processSerialData:120 - 📏 串口长度数据已更新: L28.582499 -> physical_length=28.582499
2025-09-02 14:51:10.208 | INFO     | Pendulum.PendulumAPP:_processSerialData:121 - 🔄 数据来源: 串口接收 -> PendulumState.physical_length
2025-09-02 14:51:10.253 | INFO     | Pendulum.PendulumAPP:_processSerialData:120 - 📏 串口长度数据已更新: L28.582499 -> physical_length=28.582499
2025-09-02 14:51:10.254 | INFO     | Pendulum.PendulumAPP:_processSerialData:121 - 🔄 数据来源: 串口接收 -> PendulumState.physical_length
2025-09-02 14:51:10.302 | INFO     | Pendulum.PendulumAPP:_processSerialData:120 - 📏 串口长度数据已更新: L28.582499 -> physical_length=28.582499
2025-09-02 14:51:10.305 | INFO     | Pendulum.PendulumAPP:_processSerialData:121 - 🔄 数据来源: 串口接收 -> PendulumState.physical_length
2025-09-02 14:51:10.346 | INFO     | Pendulum.PendulumAPP:_processSerialData:120 - 📏 串口长度数据已更新: L28.582499 -> physical_length=28.582499
2025-09-02 14:51:10.346 | INFO     | Pendulum.PendulumAPP:_processSerialData:121 - 🔄 数据来源: 串口接收 -> PendulumState.physical_length
2025-09-02 14:51:10.393 | INFO     | Pendulum.PendulumAPP:_processSerialData:120 - 📏 串口长度数据已更新: L28.582499 -> physical_length=28.582499
2025-09-02 14:51:10.393 | INFO     | Pendulum.PendulumAPP:_processSerialData:121 - 🔄 数据来源: 串口接收 -> PendulumState.physical_length
2025-09-02 14:51:10.440 | INFO     | Pendulum.PendulumAPP:_processSerialData:120 - 📏 串口长度数据已更新: L28.582499 -> physical_length=28.582499
2025-09-02 14:51:10.441 | INFO     | Pendulum.PendulumAPP:_processSerialData:121 - 🔄 数据来源: 串口接收 -> PendulumState.physical_length
2025-09-02 14:51:10.486 | INFO     | Pendulum.PendulumAPP:_processSerialData:120 - 📏 串口长度数据已更新: L28.582499 -> physical_length=28.582499
2025-09-02 14:51:10.488 | INFO     | Pendulum.PendulumAPP:_processSerialData:121 - 🔄 数据来源: 串口接收 -> PendulumState.physical_length
2025-09-02 14:51:10.532 | INFO     | Pendulum.PendulumAPP:_processSerialData:120 - 📏 串口长度数据已更新: L28.582499 -> physical_length=28.582499
2025-09-02 14:51:10.533 | INFO     | Pendulum.PendulumAPP:_processSerialData:121 - 🔄 数据来源: 串口接收 -> PendulumState.physical_length
2025-09-02 14:51:10.580 | INFO     | Pendulum.PendulumAPP:_processSerialData:120 - 📏 串口长度数据已更新: L28.582499 -> physical_length=28.582499
2025-09-02 14:51:10.581 | INFO     | Pendulum.PendulumAPP:_processSerialData:121 - 🔄 数据来源: 串口接收 -> PendulumState.physical_length
2025-09-02 14:51:10.625 | INFO     | Pendulum.PendulumAPP:_processSerialData:120 - 📏 串口长度数据已更新: L28.582499 -> physical_length=28.582499
2025-09-02 14:51:10.625 | INFO     | Pendulum.PendulumAPP:_processSerialData:121 - 🔄 数据来源: 串口接收 -> PendulumState.physical_length
2025-09-02 14:51:10.671 | INFO     | Pendulum.PendulumAPP:_processSerialData:120 - 📏 串口长度数据已更新: L28.582499 -> physical_length=28.582499
2025-09-02 14:51:10.674 | INFO     | Pendulum.PendulumAPP:_processSerialData:121 - 🔄 数据来源: 串口接收 -> PendulumState.physical_length
2025-09-02 14:51:10.717 | INFO     | Pendulum.PendulumAPP:_processSerialData:120 - 📏 串口长度数据已更新: L28.582499 -> physical_length=28.582499
2025-09-02 14:51:10.718 | INFO     | Pendulum.PendulumAPP:_processSerialData:121 - 🔄 数据来源: 串口接收 -> PendulumState.physical_length
2025-09-02 14:51:10.764 | INFO     | Pendulum.PendulumAPP:_processSerialData:120 - 📏 串口长度数据已更新: L28.582499 -> physical_length=28.582499
2025-09-02 14:51:10.765 | INFO     | Pendulum.PendulumAPP:_processSerialData:121 - 🔄 数据来源: 串口接收 -> PendulumState.physical_length
2025-09-02 14:51:10.810 | INFO     | Pendulum.PendulumAPP:_processSerialData:120 - 📏 串口长度数据已更新: L28.582499 -> physical_length=28.582499
2025-09-02 14:51:10.811 | INFO     | Pendulum.PendulumAPP:_processSerialData:121 - 🔄 数据来源: 串口接收 -> PendulumState.physical_length
2025-09-02 14:51:10.857 | INFO     | Pendulum.PendulumAPP:_processSerialData:120 - 📏 串口长度数据已更新: L28.582499 -> physical_length=28.582499
2025-09-02 14:51:10.858 | INFO     | Pendulum.PendulumAPP:_processSerialData:121 - 🔄 数据来源: 串口接收 -> PendulumState.physical_length
2025-09-02 14:51:10.903 | INFO     | Pendulum.PendulumAPP:_processSerialData:120 - 📏 串口长度数据已更新: L28.582499 -> physical_length=28.582499
2025-09-02 14:51:10.903 | INFO     | Pendulum.PendulumAPP:_processSerialData:121 - 🔄 数据来源: 串口接收 -> PendulumState.physical_length
2025-09-02 14:51:10.949 | INFO     | Pendulum.PendulumAPP:_processSerialData:120 - 📏 串口长度数据已更新: L28.582499 -> physical_length=28.582499
2025-09-02 14:51:10.950 | INFO     | Pendulum.PendulumAPP:_processSerialData:121 - 🔄 数据来源: 串口接收 -> PendulumState.physical_length
2025-09-02 14:51:10.995 | INFO     | Pendulum.PendulumAPP:_processSerialData:120 - 📏 串口长度数据已更新: L28.582499 -> physical_length=28.582499
2025-09-02 14:51:10.996 | INFO     | Pendulum.PendulumAPP:_processSerialData:121 - 🔄 数据来源: 串口接收 -> PendulumState.physical_length
2025-09-02 14:51:11.041 | INFO     | Pendulum.PendulumAPP:_processSerialData:120 - 📏 串口长度数据已更新: L28.582499 -> physical_length=28.582499
2025-09-02 14:51:11.043 | INFO     | Pendulum.PendulumAPP:_processSerialData:121 - 🔄 数据来源: 串口接收 -> PendulumState.physical_length
2025-09-02 14:51:11.087 | INFO     | Pendulum.PendulumAPP:_processSerialData:120 - 📏 串口长度数据已更新: L28.582499 -> physical_length=28.582499
2025-09-02 14:51:11.091 | INFO     | Pendulum.PendulumAPP:_processSerialData:121 - 🔄 数据来源: 串口接收 -> PendulumState.physical_length
2025-09-02 14:51:11.134 | INFO     | Pendulum.PendulumAPP:_processSerialData:120 - 📏 串口长度数据已更新: L28.582499 -> physical_length=28.582499
2025-09-02 14:51:11.135 | INFO     | Pendulum.PendulumAPP:_processSerialData:121 - 🔄 数据来源: 串口接收 -> PendulumState.physical_length
2025-09-02 14:51:11.180 | INFO     | Pendulum.PendulumAPP:_processSerialData:120 - 📏 串口长度数据已更新: L28.582499 -> physical_length=28.582499
2025-09-02 14:51:11.181 | INFO     | Pendulum.PendulumAPP:_processSerialData:121 - 🔄 数据来源: 串口接收 -> PendulumState.physical_length
2025-09-02 14:51:11.227 | INFO     | Pendulum.PendulumAPP:_processSerialData:120 - 📏 串口长度数据已更新: L28.582499 -> physical_length=28.582499
2025-09-02 14:51:11.228 | INFO     | Pendulum.PendulumAPP:_processSerialData:121 - 🔄 数据来源: 串口接收 -> PendulumState.physical_length
2025-09-02 14:51:11.274 | INFO     | Pendulum.PendulumAPP:_processSerialData:120 - 📏 串口长度数据已更新: L28.582499 -> physical_length=28.582499
2025-09-02 14:51:11.274 | INFO     | Pendulum.PendulumAPP:_processSerialData:121 - 🔄 数据来源: 串口接收 -> PendulumState.physical_length
2025-09-02 14:51:11.321 | INFO     | Pendulum.PendulumAPP:_processSerialData:120 - 📏 串口长度数据已更新: L28.582499 -> physical_length=28.582499
2025-09-02 14:51:11.322 | INFO     | Pendulum.PendulumAPP:_processSerialData:121 - 🔄 数据来源: 串口接收 -> PendulumState.physical_length
2025-09-02 14:51:11.368 | INFO     | Pendulum.PendulumAPP:_processSerialData:120 - 📏 串口长度数据已更新: L28.582499 -> physical_length=28.582499
2025-09-02 14:51:11.369 | INFO     | Pendulum.PendulumAPP:_processSerialData:121 - 🔄 数据来源: 串口接收 -> PendulumState.physical_length
2025-09-02 14:51:11.406 | INFO     | Pendulum.PendulumAPP:_keyEventWeb:289 - d1
2025-09-02 14:51:11.406 | INFO     | Pendulum.SerialConncet:send:199 - sendd1
2025-09-02 14:51:11.412 | INFO     | Pendulum.SerialConncet:send:201 - [发送] d1
2025-09-02 14:51:11.430 | INFO     | Pendulum.PendulumAPP:_processSerialData:120 - 📏 串口长度数据已更新: L28.582499 -> physical_length=28.582499
2025-09-02 14:51:11.432 | INFO     | Pendulum.PendulumAPP:_processSerialData:121 - 🔄 数据来源: 串口接收 -> PendulumState.physical_length
2025-09-02 14:51:11.478 | INFO     | Pendulum.PendulumAPP:_processSerialData:120 - 📏 串口长度数据已更新: L28.582499 -> physical_length=28.582499
2025-09-02 14:51:11.479 | INFO     | Pendulum.PendulumAPP:_processSerialData:121 - 🔄 数据来源: 串口接收 -> PendulumState.physical_length
2025-09-02 14:51:11.524 | INFO     | Pendulum.PendulumAPP:_processSerialData:120 - 📏 串口长度数据已更新: L28.582499 -> physical_length=28.582499
2025-09-02 14:51:11.526 | INFO     | Pendulum.PendulumAPP:_processSerialData:121 - 🔄 数据来源: 串口接收 -> PendulumState.physical_length
2025-09-02 14:51:11.571 | INFO     | Pendulum.PendulumAPP:_processSerialData:120 - 📏 串口长度数据已更新: L28.582499 -> physical_length=28.582499
2025-09-02 14:51:11.572 | INFO     | Pendulum.PendulumAPP:_processSerialData:121 - 🔄 数据来源: 串口接收 -> PendulumState.physical_length
2025-09-02 14:51:11.616 | INFO     | Pendulum.PendulumAPP:_processSerialData:120 - 📏 串口长度数据已更新: L28.582499 -> physical_length=28.582499
2025-09-02 14:51:11.618 | INFO     | Pendulum.PendulumAPP:_processSerialData:121 - 🔄 数据来源: 串口接收 -> PendulumState.physical_length
2025-09-02 14:51:11.662 | INFO     | Pendulum.PendulumAPP:_processSerialData:120 - 📏 串口长度数据已更新: L28.582499 -> physical_length=28.582499
2025-09-02 14:51:11.663 | INFO     | Pendulum.PendulumAPP:_processSerialData:121 - 🔄 数据来源: 串口接收 -> PendulumState.physical_length
2025-09-02 14:51:11.709 | INFO     | Pendulum.PendulumAPP:_processSerialData:120 - 📏 串口长度数据已更新: L28.582499 -> physical_length=28.582499
2025-09-02 14:51:11.710 | INFO     | Pendulum.PendulumAPP:_processSerialData:121 - 🔄 数据来源: 串口接收 -> PendulumState.physical_length
2025-09-02 14:51:11.756 | INFO     | Pendulum.PendulumAPP:_processSerialData:120 - 📏 串口长度数据已更新: L28.582499 -> physical_length=28.582499
2025-09-02 14:51:11.756 | INFO     | Pendulum.PendulumAPP:_processSerialData:121 - 🔄 数据来源: 串口接收 -> PendulumState.physical_length
2025-09-02 14:51:11.803 | INFO     | Pendulum.PendulumAPP:_processSerialData:120 - 📏 串口长度数据已更新: L28.582499 -> physical_length=28.582499
2025-09-02 14:51:11.805 | INFO     | Pendulum.PendulumAPP:_processSerialData:121 - 🔄 数据来源: 串口接收 -> PendulumState.physical_length
2025-09-02 14:51:11.850 | INFO     | Pendulum.PendulumAPP:_processSerialData:120 - 📏 串口长度数据已更新: L28.582499 -> physical_length=28.582499
2025-09-02 14:51:11.851 | INFO     | Pendulum.PendulumAPP:_processSerialData:121 - 🔄 数据来源: 串口接收 -> PendulumState.physical_length
2025-09-02 14:51:11.897 | INFO     | Pendulum.PendulumAPP:_processSerialData:120 - 📏 串口长度数据已更新: L28.582499 -> physical_length=28.582499
2025-09-02 14:51:11.898 | INFO     | Pendulum.PendulumAPP:_processSerialData:121 - 🔄 数据来源: 串口接收 -> PendulumState.physical_length
2025-09-02 14:51:11.945 | INFO     | Pendulum.PendulumAPP:_processSerialData:120 - 📏 串口长度数据已更新: L28.582499 -> physical_length=28.582499
2025-09-02 14:51:11.946 | INFO     | Pendulum.PendulumAPP:_processSerialData:121 - 🔄 数据来源: 串口接收 -> PendulumState.physical_length
2025-09-02 14:51:11.991 | INFO     | Pendulum.PendulumAPP:_processSerialData:120 - 📏 串口长度数据已更新: L28.582499 -> physical_length=28.582499
2025-09-02 14:51:11.991 | INFO     | Pendulum.PendulumAPP:_processSerialData:121 - 🔄 数据来源: 串口接收 -> PendulumState.physical_length
2025-09-02 14:51:12.038 | INFO     | Pendulum.PendulumAPP:_processSerialData:120 - 📏 串口长度数据已更新: L28.582499 -> physical_length=28.582499
2025-09-02 14:51:12.038 | INFO     | Pendulum.PendulumAPP:_processSerialData:121 - 🔄 数据来源: 串口接收 -> PendulumState.physical_length
2025-09-02 14:51:12.084 | INFO     | Pendulum.PendulumAPP:_processSerialData:120 - 📏 串口长度数据已更新: L28.582499 -> physical_length=28.582499
2025-09-02 14:51:12.084 | INFO     | Pendulum.PendulumAPP:_processSerialData:121 - 🔄 数据来源: 串口接收 -> PendulumState.physical_length
2025-09-02 14:51:12.131 | INFO     | Pendulum.PendulumAPP:_processSerialData:120 - 📏 串口长度数据已更新: L28.582499 -> physical_length=28.582499
2025-09-02 14:51:12.131 | INFO     | Pendulum.PendulumAPP:_processSerialData:121 - 🔄 数据来源: 串口接收 -> PendulumState.physical_length
2025-09-02 14:51:12.178 | INFO     | Pendulum.PendulumAPP:_processSerialData:120 - 📏 串口长度数据已更新: L28.582499 -> physical_length=28.582499
2025-09-02 14:51:12.179 | INFO     | Pendulum.PendulumAPP:_processSerialData:121 - 🔄 数据来源: 串口接收 -> PendulumState.physical_length
2025-09-02 14:51:12.224 | INFO     | Pendulum.PendulumAPP:_processSerialData:120 - 📏 串口长度数据已更新: L28.582499 -> physical_length=28.582499
2025-09-02 14:51:12.225 | INFO     | Pendulum.PendulumAPP:_processSerialData:121 - 🔄 数据来源: 串口接收 -> PendulumState.physical_length
2025-09-02 14:51:12.271 | INFO     | Pendulum.PendulumAPP:_processSerialData:120 - 📏 串口长度数据已更新: L28.582499 -> physical_length=28.582499
2025-09-02 14:51:12.271 | INFO     | Pendulum.PendulumAPP:_processSerialData:121 - 🔄 数据来源: 串口接收 -> PendulumState.physical_length
2025-09-02 14:51:12.317 | INFO     | Pendulum.PendulumAPP:_processSerialData:120 - 📏 串口长度数据已更新: L28.582499 -> physical_length=28.582499
2025-09-02 14:51:12.319 | INFO     | Pendulum.PendulumAPP:_processSerialData:121 - 🔄 数据来源: 串口接收 -> PendulumState.physical_length
2025-09-02 14:51:12.363 | INFO     | Pendulum.PendulumAPP:_processSerialData:120 - 📏 串口长度数据已更新: L28.582499 -> physical_length=28.582499
2025-09-02 14:51:12.365 | INFO     | Pendulum.PendulumAPP:_processSerialData:121 - 🔄 数据来源: 串口接收 -> PendulumState.physical_length
2025-09-02 14:51:12.411 | INFO     | Pendulum.PendulumAPP:_processSerialData:120 - 📏 串口长度数据已更新: L28.582499 -> physical_length=28.582499
2025-09-02 14:51:12.412 | INFO     | Pendulum.PendulumAPP:_processSerialData:121 - 🔄 数据来源: 串口接收 -> PendulumState.physical_length
2025-09-02 14:51:12.458 | INFO     | Pendulum.PendulumAPP:_processSerialData:120 - 📏 串口长度数据已更新: L28.582499 -> physical_length=28.582499
2025-09-02 14:51:12.459 | INFO     | Pendulum.PendulumAPP:_processSerialData:121 - 🔄 数据来源: 串口接收 -> PendulumState.physical_length
2025-09-02 14:51:12.504 | INFO     | Pendulum.PendulumAPP:_processSerialData:120 - 📏 串口长度数据已更新: L28.582499 -> physical_length=28.582499
2025-09-02 14:51:12.507 | INFO     | Pendulum.PendulumAPP:_processSerialData:121 - 🔄 数据来源: 串口接收 -> PendulumState.physical_length
2025-09-02 14:51:12.552 | INFO     | Pendulum.PendulumAPP:_processSerialData:120 - 📏 串口长度数据已更新: L28.582499 -> physical_length=28.582499
2025-09-02 14:51:12.553 | INFO     | Pendulum.PendulumAPP:_processSerialData:121 - 🔄 数据来源: 串口接收 -> PendulumState.physical_length
2025-09-02 14:51:12.598 | INFO     | Pendulum.PendulumAPP:_processSerialData:120 - 📏 串口长度数据已更新: L28.582499 -> physical_length=28.582499
2025-09-02 14:51:12.598 | INFO     | Pendulum.PendulumAPP:_processSerialData:121 - 🔄 数据来源: 串口接收 -> PendulumState.physical_length
2025-09-02 14:51:12.645 | INFO     | Pendulum.PendulumAPP:_processSerialData:120 - 📏 串口长度数据已更新: L28.582499 -> physical_length=28.582499
2025-09-02 14:51:12.646 | INFO     | Pendulum.PendulumAPP:_processSerialData:121 - 🔄 数据来源: 串口接收 -> PendulumState.physical_length
2025-09-02 14:51:12.690 | INFO     | Pendulum.PendulumAPP:_processSerialData:120 - 📏 串口长度数据已更新: L28.582499 -> physical_length=28.582499
2025-09-02 14:51:12.691 | INFO     | Pendulum.PendulumAPP:_processSerialData:121 - 🔄 数据来源: 串口接收 -> PendulumState.physical_length
2025-09-02 14:51:12.736 | INFO     | Pendulum.PendulumAPP:_processSerialData:120 - 📏 串口长度数据已更新: L28.582499 -> physical_length=28.582499
2025-09-02 14:51:12.737 | INFO     | Pendulum.PendulumAPP:_processSerialData:121 - 🔄 数据来源: 串口接收 -> PendulumState.physical_length
2025-09-02 14:51:12.783 | INFO     | Pendulum.PendulumAPP:_processSerialData:120 - 📏 串口长度数据已更新: L28.582499 -> physical_length=28.582499
2025-09-02 14:51:12.784 | INFO     | Pendulum.PendulumAPP:_processSerialData:121 - 🔄 数据来源: 串口接收 -> PendulumState.physical_length
2025-09-02 14:51:12.830 | INFO     | Pendulum.PendulumAPP:_processSerialData:120 - 📏 串口长度数据已更新: L28.582499 -> physical_length=28.582499
2025-09-02 14:51:12.832 | INFO     | Pendulum.PendulumAPP:_processSerialData:121 - 🔄 数据来源: 串口接收 -> PendulumState.physical_length
2025-09-02 14:51:12.877 | INFO     | Pendulum.PendulumAPP:_processSerialData:120 - 📏 串口长度数据已更新: L28.582499 -> physical_length=28.582499
2025-09-02 14:51:12.878 | INFO     | Pendulum.PendulumAPP:_processSerialData:121 - 🔄 数据来源: 串口接收 -> PendulumState.physical_length
2025-09-02 14:51:12.921 | INFO     | Pendulum.PendulumAPP:_processSerialData:120 - 📏 串口长度数据已更新: L28.582499 -> physical_length=28.582499
2025-09-02 14:51:12.923 | INFO     | Pendulum.PendulumAPP:_processSerialData:121 - 🔄 数据来源: 串口接收 -> PendulumState.physical_length
2025-09-02 14:51:12.969 | INFO     | Pendulum.PendulumAPP:_processSerialData:120 - 📏 串口长度数据已更新: L28.582499 -> physical_length=28.582499
2025-09-02 14:51:12.969 | INFO     | Pendulum.PendulumAPP:_processSerialData:121 - 🔄 数据来源: 串口接收 -> PendulumState.physical_length
2025-09-02 14:51:13.015 | INFO     | Pendulum.PendulumAPP:_processSerialData:120 - 📏 串口长度数据已更新: L28.582499 -> physical_length=28.582499
2025-09-02 14:51:13.016 | INFO     | Pendulum.PendulumAPP:_processSerialData:121 - 🔄 数据来源: 串口接收 -> PendulumState.physical_length
2025-09-02 14:51:13.062 | INFO     | Pendulum.PendulumAPP:_processSerialData:120 - 📏 串口长度数据已更新: L28.582499 -> physical_length=28.582499
2025-09-02 14:51:13.063 | INFO     | Pendulum.PendulumAPP:_processSerialData:121 - 🔄 数据来源: 串口接收 -> PendulumState.physical_length
2025-09-02 14:51:13.108 | INFO     | Pendulum.PendulumAPP:_processSerialData:120 - 📏 串口长度数据已更新: L28.582499 -> physical_length=28.582499
2025-09-02 14:51:13.109 | INFO     | Pendulum.PendulumAPP:_processSerialData:121 - 🔄 数据来源: 串口接收 -> PendulumState.physical_length
2025-09-02 14:51:13.154 | INFO     | Pendulum.PendulumAPP:_processSerialData:120 - 📏 串口长度数据已更新: L28.582499 -> physical_length=28.582499
2025-09-02 14:51:13.155 | INFO     | Pendulum.PendulumAPP:_processSerialData:121 - 🔄 数据来源: 串口接收 -> PendulumState.physical_length
2025-09-02 14:51:13.201 | INFO     | Pendulum.PendulumAPP:_processSerialData:120 - 📏 串口长度数据已更新: L28.582499 -> physical_length=28.582499
2025-09-02 14:51:13.202 | INFO     | Pendulum.PendulumAPP:_processSerialData:121 - 🔄 数据来源: 串口接收 -> PendulumState.physical_length
2025-09-02 14:51:13.239 | INFO     | Pendulum.PendulumAPP:_keyEventWeb:268 - u2
2025-09-02 14:51:13.241 | INFO     | Pendulum.SerialConncet:send:199 - sendu2
2025-09-02 14:51:13.242 | INFO     | Pendulum.SerialConncet:send:201 - [发送] u2
2025-09-02 14:51:13.247 | INFO     | Pendulum.PendulumAPP:_processSerialData:120 - 📏 串口长度数据已更新: L28.582499 -> physical_length=28.582499
2025-09-02 14:51:13.248 | INFO     | Pendulum.PendulumAPP:_processSerialData:121 - 🔄 数据来源: 串口接收 -> PendulumState.physical_length
2025-09-02 14:51:13.294 | INFO     | Pendulum.PendulumAPP:_processSerialData:120 - 📏 串口长度数据已更新: L28.582499 -> physical_length=28.582499
2025-09-02 14:51:13.297 | INFO     | Pendulum.PendulumAPP:_processSerialData:121 - 🔄 数据来源: 串口接收 -> PendulumState.physical_length
2025-09-02 14:51:13.339 | INFO     | Pendulum.PendulumAPP:_processSerialData:120 - 📏 串口长度数据已更新: L28.582499 -> physical_length=28.582499
2025-09-02 14:51:13.343 | INFO     | Pendulum.PendulumAPP:_processSerialData:121 - 🔄 数据来源: 串口接收 -> PendulumState.physical_length
2025-09-02 14:51:13.384 | INFO     | Pendulum.PendulumAPP:_processSerialData:120 - 📏 串口长度数据已更新: L28.582499 -> physical_length=28.582499
2025-09-02 14:51:13.385 | INFO     | Pendulum.PendulumAPP:_processSerialData:121 - 🔄 数据来源: 串口接收 -> PendulumState.physical_length
2025-09-02 14:51:13.430 | INFO     | Pendulum.PendulumAPP:_processSerialData:120 - 📏 串口长度数据已更新: L28.582499 -> physical_length=28.582499
2025-09-02 14:51:13.431 | INFO     | Pendulum.PendulumAPP:_processSerialData:121 - 🔄 数据来源: 串口接收 -> PendulumState.physical_length
2025-09-02 14:51:13.477 | INFO     | Pendulum.PendulumAPP:_processSerialData:120 - 📏 串口长度数据已更新: L28.582499 -> physical_length=28.582499
2025-09-02 14:51:13.478 | INFO     | Pendulum.PendulumAPP:_processSerialData:121 - 🔄 数据来源: 串口接收 -> PendulumState.physical_length
2025-09-02 14:51:13.523 | INFO     | Pendulum.PendulumAPP:_processSerialData:120 - 📏 串口长度数据已更新: L28.582499 -> physical_length=28.582499
2025-09-02 14:51:13.524 | INFO     | Pendulum.PendulumAPP:_processSerialData:121 - 🔄 数据来源: 串口接收 -> PendulumState.physical_length
2025-09-02 14:51:13.569 | INFO     | Pendulum.PendulumAPP:_processSerialData:120 - 📏 串口长度数据已更新: L28.582499 -> physical_length=28.582499
2025-09-02 14:51:13.570 | INFO     | Pendulum.PendulumAPP:_processSerialData:121 - 🔄 数据来源: 串口接收 -> PendulumState.physical_length
2025-09-02 14:51:13.615 | INFO     | Pendulum.PendulumAPP:_processSerialData:120 - 📏 串口长度数据已更新: L28.582499 -> physical_length=28.582499
2025-09-02 14:51:13.618 | INFO     | Pendulum.PendulumAPP:_processSerialData:121 - 🔄 数据来源: 串口接收 -> PendulumState.physical_length
2025-09-02 14:51:13.662 | INFO     | Pendulum.PendulumAPP:_processSerialData:120 - 📏 串口长度数据已更新: L28.582499 -> physical_length=28.582499
2025-09-02 14:51:13.664 | INFO     | Pendulum.PendulumAPP:_processSerialData:121 - 🔄 数据来源: 串口接收 -> PendulumState.physical_length
2025-09-02 14:51:13.709 | INFO     | Pendulum.PendulumAPP:_processSerialData:120 - 📏 串口长度数据已更新: L28.582499 -> physical_length=28.582499
2025-09-02 14:51:13.710 | INFO     | Pendulum.PendulumAPP:_processSerialData:121 - 🔄 数据来源: 串口接收 -> PendulumState.physical_length
2025-09-02 14:51:13.755 | INFO     | Pendulum.PendulumAPP:_processSerialData:120 - 📏 串口长度数据已更新: L28.582499 -> physical_length=28.582499
2025-09-02 14:51:13.758 | INFO     | Pendulum.PendulumAPP:_processSerialData:121 - 🔄 数据来源: 串口接收 -> PendulumState.physical_length
2025-09-02 14:51:13.802 | INFO     | Pendulum.PendulumAPP:_processSerialData:120 - 📏 串口长度数据已更新: L28.582499 -> physical_length=28.582499
2025-09-02 14:51:13.803 | INFO     | Pendulum.PendulumAPP:_processSerialData:121 - 🔄 数据来源: 串口接收 -> PendulumState.physical_length
2025-09-02 14:51:13.850 | INFO     | Pendulum.PendulumAPP:_processSerialData:120 - 📏 串口长度数据已更新: L28.582499 -> physical_length=28.582499
2025-09-02 14:51:13.851 | INFO     | Pendulum.PendulumAPP:_processSerialData:121 - 🔄 数据来源: 串口接收 -> PendulumState.physical_length
2025-09-02 14:51:13.895 | INFO     | Pendulum.PendulumAPP:_processSerialData:120 - 📏 串口长度数据已更新: L28.582499 -> physical_length=28.582499
2025-09-02 14:51:13.895 | INFO     | Pendulum.PendulumAPP:_processSerialData:121 - 🔄 数据来源: 串口接收 -> PendulumState.physical_length
2025-09-02 14:51:13.942 | INFO     | Pendulum.PendulumAPP:_processSerialData:120 - 📏 串口长度数据已更新: L28.582499 -> physical_length=28.582499
2025-09-02 14:51:13.943 | INFO     | Pendulum.PendulumAPP:_processSerialData:121 - 🔄 数据来源: 串口接收 -> PendulumState.physical_length
2025-09-02 14:51:13.987 | INFO     | Pendulum.PendulumAPP:_processSerialData:120 - 📏 串口长度数据已更新: L28.582499 -> physical_length=28.582499
2025-09-02 14:51:13.988 | INFO     | Pendulum.PendulumAPP:_processSerialData:121 - 🔄 数据来源: 串口接收 -> PendulumState.physical_length
2025-09-02 14:51:14.035 | INFO     | Pendulum.PendulumAPP:_processSerialData:120 - 📏 串口长度数据已更新: L28.582499 -> physical_length=28.582499
2025-09-02 14:51:14.036 | INFO     | Pendulum.PendulumAPP:_processSerialData:121 - 🔄 数据来源: 串口接收 -> PendulumState.physical_length
2025-09-02 14:51:14.069 | INFO     | Pendulum.PendulumAPP:_keyEventWeb:274 - u0
2025-09-02 14:51:14.070 | INFO     | Pendulum.SerialConncet:send:199 - sendu0
2025-09-02 14:51:14.071 | INFO     | Pendulum.SerialConncet:send:201 - [发送] u0
2025-09-02 14:51:14.080 | INFO     | Pendulum.PendulumAPP:_processSerialData:120 - 📏 串口长度数据已更新: L28.582499 -> physical_length=28.582499
2025-09-02 14:51:14.081 | INFO     | Pendulum.PendulumAPP:_processSerialData:121 - 🔄 数据来源: 串口接收 -> PendulumState.physical_length
2025-09-02 14:51:14.126 | INFO     | Pendulum.PendulumAPP:_processSerialData:120 - 📏 串口长度数据已更新: L28.582499 -> physical_length=28.582499
2025-09-02 14:51:14.128 | INFO     | Pendulum.PendulumAPP:_processSerialData:121 - 🔄 数据来源: 串口接收 -> PendulumState.physical_length
2025-09-02 14:51:14.171 | INFO     | Pendulum.PendulumAPP:_processSerialData:120 - 📏 串口长度数据已更新: L28.582499 -> physical_length=28.582499
2025-09-02 14:51:14.174 | INFO     | Pendulum.PendulumAPP:_processSerialData:121 - 🔄 数据来源: 串口接收 -> PendulumState.physical_length
2025-09-02 14:51:14.218 | INFO     | Pendulum.PendulumAPP:_processSerialData:120 - 📏 串口长度数据已更新: L28.582499 -> physical_length=28.582499
2025-09-02 14:51:14.221 | INFO     | Pendulum.PendulumAPP:_processSerialData:121 - 🔄 数据来源: 串口接收 -> PendulumState.physical_length
2025-09-02 14:51:14.264 | INFO     | Pendulum.PendulumAPP:_processSerialData:120 - 📏 串口长度数据已更新: L28.582499 -> physical_length=28.582499
2025-09-02 14:51:14.265 | INFO     | Pendulum.PendulumAPP:_processSerialData:121 - 🔄 数据来源: 串口接收 -> PendulumState.physical_length
2025-09-02 14:51:14.310 | INFO     | Pendulum.PendulumAPP:_processSerialData:120 - 📏 串口长度数据已更新: L28.582499 -> physical_length=28.582499
2025-09-02 14:51:14.311 | INFO     | Pendulum.PendulumAPP:_processSerialData:121 - 🔄 数据来源: 串口接收 -> PendulumState.physical_length
2025-09-02 14:51:14.357 | INFO     | Pendulum.PendulumAPP:_processSerialData:120 - 📏 串口长度数据已更新: L28.582499 -> physical_length=28.582499
2025-09-02 14:51:14.358 | INFO     | Pendulum.PendulumAPP:_processSerialData:121 - 🔄 数据来源: 串口接收 -> PendulumState.physical_length
2025-09-02 14:51:14.404 | INFO     | Pendulum.PendulumAPP:_processSerialData:120 - 📏 串口长度数据已更新: L28.582499 -> physical_length=28.582499
2025-09-02 14:51:14.405 | INFO     | Pendulum.PendulumAPP:_processSerialData:121 - 🔄 数据来源: 串口接收 -> PendulumState.physical_length
2025-09-02 14:51:14.451 | INFO     | Pendulum.PendulumAPP:_processSerialData:120 - 📏 串口长度数据已更新: L28.582499 -> physical_length=28.582499
2025-09-02 14:51:14.451 | INFO     | Pendulum.PendulumAPP:_processSerialData:121 - 🔄 数据来源: 串口接收 -> PendulumState.physical_length
2025-09-02 14:51:14.499 | INFO     | Pendulum.PendulumAPP:_processSerialData:120 - 📏 串口长度数据已更新: L28.582499 -> physical_length=28.582499
2025-09-02 14:51:14.499 | INFO     | Pendulum.PendulumAPP:_processSerialData:121 - 🔄 数据来源: 串口接收 -> PendulumState.physical_length
2025-09-02 14:51:14.544 | INFO     | Pendulum.PendulumAPP:_processSerialData:120 - 📏 串口长度数据已更新: L28.582499 -> physical_length=28.582499
2025-09-02 14:51:14.545 | INFO     | Pendulum.PendulumAPP:_processSerialData:121 - 🔄 数据来源: 串口接收 -> PendulumState.physical_length
2025-09-02 14:51:14.591 | INFO     | Pendulum.PendulumAPP:_processSerialData:120 - 📏 串口长度数据已更新: L28.582499 -> physical_length=28.582499
2025-09-02 14:51:14.593 | INFO     | Pendulum.PendulumAPP:_processSerialData:121 - 🔄 数据来源: 串口接收 -> PendulumState.physical_length
2025-09-02 14:51:14.636 | INFO     | Pendulum.PendulumAPP:_processSerialData:120 - 📏 串口长度数据已更新: L28.582499 -> physical_length=28.582499
2025-09-02 14:51:14.637 | INFO     | Pendulum.PendulumAPP:_processSerialData:121 - 🔄 数据来源: 串口接收 -> PendulumState.physical_length
2025-09-02 14:51:14.673 | INFO     | Pendulum.PendulumAPP:_keyEventWeb:268 - u2
2025-09-02 14:51:14.674 | INFO     | Pendulum.SerialConncet:send:199 - sendu2
2025-09-02 14:51:14.675 | INFO     | Pendulum.SerialConncet:send:201 - [发送] u2
2025-09-02 14:51:14.682 | INFO     | Pendulum.PendulumAPP:_processSerialData:120 - 📏 串口长度数据已更新: L28.582499 -> physical_length=28.582499
2025-09-02 14:51:14.683 | INFO     | Pendulum.PendulumAPP:_processSerialData:121 - 🔄 数据来源: 串口接收 -> PendulumState.physical_length
2025-09-02 14:51:14.729 | INFO     | Pendulum.PendulumAPP:_processSerialData:120 - 📏 串口长度数据已更新: L28.582499 -> physical_length=28.582499
2025-09-02 14:51:14.731 | INFO     | Pendulum.PendulumAPP:_processSerialData:121 - 🔄 数据来源: 串口接收 -> PendulumState.physical_length
2025-09-02 14:51:14.761 | INFO     | Pendulum.PendulumAPP:_keyEventWeb:274 - u0
2025-09-02 14:51:14.762 | INFO     | Pendulum.SerialConncet:send:199 - sendu0
2025-09-02 14:51:14.766 | INFO     | Pendulum.SerialConncet:send:201 - [发送] u0
2025-09-02 14:51:14.775 | INFO     | Pendulum.PendulumAPP:_processSerialData:120 - 📏 串口长度数据已更新: L28.582499 -> physical_length=28.582499
2025-09-02 14:51:14.775 | INFO     | Pendulum.PendulumAPP:_processSerialData:121 - 🔄 数据来源: 串口接收 -> PendulumState.physical_length
2025-09-02 14:51:14.820 | INFO     | Pendulum.PendulumAPP:_processSerialData:120 - 📏 串口长度数据已更新: L28.582499 -> physical_length=28.582499
2025-09-02 14:51:14.823 | INFO     | Pendulum.PendulumAPP:_processSerialData:121 - 🔄 数据来源: 串口接收 -> PendulumState.physical_length
2025-09-02 14:51:14.867 | INFO     | Pendulum.PendulumAPP:_processSerialData:120 - 📏 串口长度数据已更新: L28.582499 -> physical_length=28.582499
2025-09-02 14:51:14.868 | INFO     | Pendulum.PendulumAPP:_processSerialData:121 - 🔄 数据来源: 串口接收 -> PendulumState.physical_length
2025-09-02 14:51:14.915 | INFO     | Pendulum.PendulumAPP:_processSerialData:120 - 📏 串口长度数据已更新: L28.582499 -> physical_length=28.582499
2025-09-02 14:51:14.915 | INFO     | Pendulum.PendulumAPP:_processSerialData:121 - 🔄 数据来源: 串口接收 -> PendulumState.physical_length
2025-09-02 14:51:14.961 | INFO     | Pendulum.PendulumAPP:_processSerialData:120 - 📏 串口长度数据已更新: L28.582499 -> physical_length=28.582499
2025-09-02 14:51:14.963 | INFO     | Pendulum.PendulumAPP:_processSerialData:121 - 🔄 数据来源: 串口接收 -> PendulumState.physical_length
2025-09-02 14:51:15.009 | INFO     | Pendulum.PendulumAPP:_processSerialData:120 - 📏 串口长度数据已更新: L28.582499 -> physical_length=28.582499
2025-09-02 14:51:15.010 | INFO     | Pendulum.PendulumAPP:_processSerialData:121 - 🔄 数据来源: 串口接收 -> PendulumState.physical_length
2025-09-02 14:51:15.054 | INFO     | Pendulum.PendulumAPP:_processSerialData:120 - 📏 串口长度数据已更新: L28.582499 -> physical_length=28.582499
2025-09-02 14:51:15.056 | INFO     | Pendulum.PendulumAPP:_processSerialData:121 - 🔄 数据来源: 串口接收 -> PendulumState.physical_length
2025-09-02 14:51:15.102 | INFO     | Pendulum.PendulumAPP:_processSerialData:120 - 📏 串口长度数据已更新: L28.582499 -> physical_length=28.582499
2025-09-02 14:51:15.102 | INFO     | Pendulum.PendulumAPP:_processSerialData:121 - 🔄 数据来源: 串口接收 -> PendulumState.physical_length
2025-09-02 14:51:15.148 | INFO     | Pendulum.PendulumAPP:_processSerialData:120 - 📏 串口长度数据已更新: L28.582499 -> physical_length=28.582499
2025-09-02 14:51:15.149 | INFO     | Pendulum.PendulumAPP:_processSerialData:121 - 🔄 数据来源: 串口接收 -> PendulumState.physical_length
2025-09-02 14:51:15.193 | INFO     | Pendulum.PendulumAPP:_processSerialData:120 - 📏 串口长度数据已更新: L28.582499 -> physical_length=28.582499
2025-09-02 14:51:15.193 | INFO     | Pendulum.PendulumAPP:_processSerialData:121 - 🔄 数据来源: 串口接收 -> PendulumState.physical_length
2025-09-02 14:51:15.240 | INFO     | Pendulum.PendulumAPP:_processSerialData:120 - 📏 串口长度数据已更新: L28.582499 -> physical_length=28.582499
2025-09-02 14:51:15.240 | INFO     | Pendulum.PendulumAPP:_processSerialData:121 - 🔄 数据来源: 串口接收 -> PendulumState.physical_length
2025-09-02 14:51:15.286 | INFO     | Pendulum.PendulumAPP:_processSerialData:120 - 📏 串口长度数据已更新: L28.582499 -> physical_length=28.582499
2025-09-02 14:51:15.287 | INFO     | Pendulum.PendulumAPP:_processSerialData:121 - 🔄 数据来源: 串口接收 -> PendulumState.physical_length
2025-09-02 14:51:15.331 | INFO     | Pendulum.PendulumAPP:_processSerialData:120 - 📏 串口长度数据已更新: L28.582499 -> physical_length=28.582499
2025-09-02 14:51:15.332 | INFO     | Pendulum.PendulumAPP:_processSerialData:121 - 🔄 数据来源: 串口接收 -> PendulumState.physical_length
2025-09-02 14:51:15.377 | INFO     | Pendulum.PendulumAPP:_processSerialData:120 - 📏 串口长度数据已更新: L28.582499 -> physical_length=28.582499
2025-09-02 14:51:15.378 | INFO     | Pendulum.PendulumAPP:_processSerialData:121 - 🔄 数据来源: 串口接收 -> PendulumState.physical_length
2025-09-02 14:51:15.423 | INFO     | Pendulum.PendulumAPP:_processSerialData:120 - 📏 串口长度数据已更新: L28.582499 -> physical_length=28.582499
2025-09-02 14:51:15.424 | INFO     | Pendulum.PendulumAPP:_processSerialData:121 - 🔄 数据来源: 串口接收 -> PendulumState.physical_length
2025-09-02 14:51:15.471 | INFO     | Pendulum.PendulumAPP:_processSerialData:120 - 📏 串口长度数据已更新: L28.582499 -> physical_length=28.582499
2025-09-02 14:51:15.473 | INFO     | Pendulum.PendulumAPP:_processSerialData:121 - 🔄 数据来源: 串口接收 -> PendulumState.physical_length
2025-09-02 14:51:15.519 | INFO     | Pendulum.PendulumAPP:_processSerialData:120 - 📏 串口长度数据已更新: L28.582499 -> physical_length=28.582499
2025-09-02 14:51:15.520 | INFO     | Pendulum.PendulumAPP:_processSerialData:121 - 🔄 数据来源: 串口接收 -> PendulumState.physical_length
2025-09-02 14:51:15.564 | INFO     | Pendulum.PendulumAPP:_processSerialData:120 - 📏 串口长度数据已更新: L28.582499 -> physical_length=28.582499
2025-09-02 14:51:15.568 | INFO     | Pendulum.PendulumAPP:_processSerialData:121 - 🔄 数据来源: 串口接收 -> PendulumState.physical_length
2025-09-02 14:51:15.611 | INFO     | Pendulum.PendulumAPP:_processSerialData:120 - 📏 串口长度数据已更新: L28.582499 -> physical_length=28.582499
2025-09-02 14:51:15.612 | INFO     | Pendulum.PendulumAPP:_processSerialData:121 - 🔄 数据来源: 串口接收 -> PendulumState.physical_length
2025-09-02 14:51:15.656 | INFO     | Pendulum.PendulumAPP:_processSerialData:120 - 📏 串口长度数据已更新: L28.582499 -> physical_length=28.582499
2025-09-02 14:51:15.657 | INFO     | Pendulum.PendulumAPP:_processSerialData:121 - 🔄 数据来源: 串口接收 -> PendulumState.physical_length
2025-09-02 14:51:15.704 | INFO     | Pendulum.PendulumAPP:_processSerialData:120 - 📏 串口长度数据已更新: L28.582499 -> physical_length=28.582499
2025-09-02 14:51:15.705 | INFO     | Pendulum.PendulumAPP:_processSerialData:121 - 🔄 数据来源: 串口接收 -> PendulumState.physical_length
2025-09-02 14:51:15.750 | INFO     | Pendulum.PendulumAPP:_processSerialData:120 - 📏 串口长度数据已更新: L28.582499 -> physical_length=28.582499
2025-09-02 14:51:15.751 | INFO     | Pendulum.PendulumAPP:_processSerialData:121 - 🔄 数据来源: 串口接收 -> PendulumState.physical_length
2025-09-02 14:51:15.796 | INFO     | Pendulum.PendulumAPP:_processSerialData:120 - 📏 串口长度数据已更新: L28.582499 -> physical_length=28.582499
2025-09-02 14:51:15.797 | INFO     | Pendulum.PendulumAPP:_processSerialData:121 - 🔄 数据来源: 串口接收 -> PendulumState.physical_length
2025-09-02 14:51:15.843 | INFO     | Pendulum.PendulumAPP:_processSerialData:120 - 📏 串口长度数据已更新: L28.582499 -> physical_length=28.582499
2025-09-02 14:51:15.843 | INFO     | Pendulum.PendulumAPP:_processSerialData:121 - 🔄 数据来源: 串口接收 -> PendulumState.physical_length
2025-09-02 14:51:15.889 | INFO     | Pendulum.PendulumAPP:_processSerialData:120 - 📏 串口长度数据已更新: L28.582499 -> physical_length=28.582499
2025-09-02 14:51:15.890 | INFO     | Pendulum.PendulumAPP:_processSerialData:121 - 🔄 数据来源: 串口接收 -> PendulumState.physical_length
2025-09-02 14:51:15.935 | INFO     | Pendulum.PendulumAPP:_processSerialData:120 - 📏 串口长度数据已更新: L28.582499 -> physical_length=28.582499
2025-09-02 14:51:15.937 | INFO     | Pendulum.PendulumAPP:_processSerialData:121 - 🔄 数据来源: 串口接收 -> PendulumState.physical_length
2025-09-02 14:51:15.981 | INFO     | Pendulum.PendulumAPP:_processSerialData:120 - 📏 串口长度数据已更新: L28.582499 -> physical_length=28.582499
2025-09-02 14:51:15.981 | INFO     | Pendulum.PendulumAPP:_processSerialData:121 - 🔄 数据来源: 串口接收 -> PendulumState.physical_length
2025-09-02 14:51:16.017 | INFO     | Pendulum.PendulumAPP:_keyEventWeb:252 - 清除数据
2025-09-02 14:51:16.018 | INFO     | Pendulum.SerialConncet:send:199 - sendr
2025-09-02 14:51:16.019 | INFO     | Pendulum.SerialConncet:send:201 - [发送] r
2025-09-02 14:51:16.024 | INFO     | Pendulum.SerialConncet:_run:176 - [接收] R
2025-09-02 14:51:16.068 | INFO     | Pendulum.PendulumAPP:_keyEventWeb:286 - d0
2025-09-02 14:51:16.069 | INFO     | Pendulum.SerialConncet:send:199 - sendd0
2025-09-02 14:51:16.071 | INFO     | Pendulum.SerialConncet:send:201 - [发送] d0
2025-09-02 14:51:19.406 | INFO     | Pendulum.SerialConncet:_run:176 - [接收] T0.000000,0.000000,0.000000
2025-09-02 14:51:21.572 | INFO     | Pendulum.SerialConncet:_run:176 - [接收] T1.000000,1.089587,1.089587
2025-09-02 14:51:21.574 | INFO     | Pendulum.SerialConncet:_run:176 - [接收] L29.335638
2025-09-02 14:51:21.582 | INFO     | Pendulum.PendulumAPP:_processSerialData:120 - 📏 串口长度数据已更新: L29.335638 -> physical_length=29.335638
2025-09-02 14:51:21.585 | INFO     | Pendulum.PendulumAPP:_processSerialData:121 - 🔄 数据来源: 串口接收 -> PendulumState.physical_length
2025-09-02 14:51:21.629 | INFO     | Pendulum.PendulumAPP:_processSerialData:120 - 📏 串口长度数据已更新: L29.335638 -> physical_length=29.335638
2025-09-02 14:51:21.632 | INFO     | Pendulum.PendulumAPP:_processSerialData:121 - 🔄 数据来源: 串口接收 -> PendulumState.physical_length
2025-09-02 14:51:21.676 | INFO     | Pendulum.PendulumAPP:_processSerialData:120 - 📏 串口长度数据已更新: L29.335638 -> physical_length=29.335638
2025-09-02 14:51:21.676 | INFO     | Pendulum.PendulumAPP:_processSerialData:121 - 🔄 数据来源: 串口接收 -> PendulumState.physical_length
2025-09-02 14:51:21.722 | INFO     | Pendulum.PendulumAPP:_processSerialData:120 - 📏 串口长度数据已更新: L29.335638 -> physical_length=29.335638
2025-09-02 14:51:21.723 | INFO     | Pendulum.PendulumAPP:_processSerialData:121 - 🔄 数据来源: 串口接收 -> PendulumState.physical_length
2025-09-02 14:51:21.768 | INFO     | Pendulum.PendulumAPP:_processSerialData:120 - 📏 串口长度数据已更新: L29.335638 -> physical_length=29.335638
2025-09-02 14:51:21.768 | INFO     | Pendulum.PendulumAPP:_processSerialData:121 - 🔄 数据来源: 串口接收 -> PendulumState.physical_length
2025-09-02 14:51:21.815 | INFO     | Pendulum.PendulumAPP:_processSerialData:120 - 📏 串口长度数据已更新: L29.335638 -> physical_length=29.335638
2025-09-02 14:51:21.816 | INFO     | Pendulum.PendulumAPP:_processSerialData:121 - 🔄 数据来源: 串口接收 -> PendulumState.physical_length
2025-09-02 14:51:21.862 | INFO     | Pendulum.PendulumAPP:_processSerialData:120 - 📏 串口长度数据已更新: L29.335638 -> physical_length=29.335638
2025-09-02 14:51:21.862 | INFO     | Pendulum.PendulumAPP:_processSerialData:121 - 🔄 数据来源: 串口接收 -> PendulumState.physical_length
2025-09-02 14:51:21.908 | INFO     | Pendulum.PendulumAPP:_processSerialData:120 - 📏 串口长度数据已更新: L29.335638 -> physical_length=29.335638
2025-09-02 14:51:21.908 | INFO     | Pendulum.PendulumAPP:_processSerialData:121 - 🔄 数据来源: 串口接收 -> PendulumState.physical_length
2025-09-02 14:51:21.954 | INFO     | Pendulum.PendulumAPP:_processSerialData:120 - 📏 串口长度数据已更新: L29.335638 -> physical_length=29.335638
2025-09-02 14:51:21.955 | INFO     | Pendulum.PendulumAPP:_processSerialData:121 - 🔄 数据来源: 串口接收 -> PendulumState.physical_length
2025-09-02 14:51:22.000 | INFO     | Pendulum.PendulumAPP:_processSerialData:120 - 📏 串口长度数据已更新: L29.335638 -> physical_length=29.335638
2025-09-02 14:51:22.001 | INFO     | Pendulum.PendulumAPP:_processSerialData:121 - 🔄 数据来源: 串口接收 -> PendulumState.physical_length
2025-09-02 14:51:22.047 | INFO     | Pendulum.PendulumAPP:_processSerialData:120 - 📏 串口长度数据已更新: L29.335638 -> physical_length=29.335638
2025-09-02 14:51:22.047 | INFO     | Pendulum.PendulumAPP:_processSerialData:121 - 🔄 数据来源: 串口接收 -> PendulumState.physical_length
2025-09-02 14:51:22.093 | INFO     | Pendulum.PendulumAPP:_processSerialData:120 - 📏 串口长度数据已更新: L29.335638 -> physical_length=29.335638
2025-09-02 14:51:22.094 | INFO     | Pendulum.PendulumAPP:_processSerialData:121 - 🔄 数据来源: 串口接收 -> PendulumState.physical_length
2025-09-02 14:51:22.140 | INFO     | Pendulum.PendulumAPP:_processSerialData:120 - 📏 串口长度数据已更新: L29.335638 -> physical_length=29.335638
2025-09-02 14:51:22.142 | INFO     | Pendulum.PendulumAPP:_processSerialData:121 - 🔄 数据来源: 串口接收 -> PendulumState.physical_length
2025-09-02 14:51:22.187 | INFO     | Pendulum.PendulumAPP:_processSerialData:120 - 📏 串口长度数据已更新: L29.335638 -> physical_length=29.335638
2025-09-02 14:51:22.190 | INFO     | Pendulum.PendulumAPP:_processSerialData:121 - 🔄 数据来源: 串口接收 -> PendulumState.physical_length
2025-09-02 14:51:22.233 | INFO     | Pendulum.PendulumAPP:_processSerialData:120 - 📏 串口长度数据已更新: L29.335638 -> physical_length=29.335638
2025-09-02 14:51:22.234 | INFO     | Pendulum.PendulumAPP:_processSerialData:121 - 🔄 数据来源: 串口接收 -> PendulumState.physical_length
2025-09-02 14:51:22.279 | INFO     | Pendulum.PendulumAPP:_processSerialData:120 - 📏 串口长度数据已更新: L29.335638 -> physical_length=29.335638
2025-09-02 14:51:22.279 | INFO     | Pendulum.PendulumAPP:_processSerialData:121 - 🔄 数据来源: 串口接收 -> PendulumState.physical_length
2025-09-02 14:51:22.325 | INFO     | Pendulum.PendulumAPP:_processSerialData:120 - 📏 串口长度数据已更新: L29.335638 -> physical_length=29.335638
2025-09-02 14:51:22.326 | INFO     | Pendulum.PendulumAPP:_processSerialData:121 - 🔄 数据来源: 串口接收 -> PendulumState.physical_length
2025-09-02 14:51:22.371 | INFO     | Pendulum.PendulumAPP:_processSerialData:120 - 📏 串口长度数据已更新: L29.335638 -> physical_length=29.335638
2025-09-02 14:51:22.374 | INFO     | Pendulum.PendulumAPP:_processSerialData:121 - 🔄 数据来源: 串口接收 -> PendulumState.physical_length
2025-09-02 14:51:22.416 | INFO     | Pendulum.PendulumAPP:_processSerialData:120 - 📏 串口长度数据已更新: L29.335638 -> physical_length=29.335638
2025-09-02 14:51:22.417 | INFO     | Pendulum.PendulumAPP:_processSerialData:121 - 🔄 数据来源: 串口接收 -> PendulumState.physical_length
2025-09-02 14:51:22.462 | INFO     | Pendulum.PendulumAPP:_processSerialData:120 - 📏 串口长度数据已更新: L29.335638 -> physical_length=29.335638
2025-09-02 14:51:22.463 | INFO     | Pendulum.PendulumAPP:_processSerialData:121 - 🔄 数据来源: 串口接收 -> PendulumState.physical_length
2025-09-02 14:51:22.508 | INFO     | Pendulum.PendulumAPP:_processSerialData:120 - 📏 串口长度数据已更新: L29.335638 -> physical_length=29.335638
2025-09-02 14:51:22.509 | INFO     | Pendulum.PendulumAPP:_processSerialData:121 - 🔄 数据来源: 串口接收 -> PendulumState.physical_length
2025-09-02 14:51:22.555 | INFO     | Pendulum.PendulumAPP:_processSerialData:120 - 📏 串口长度数据已更新: L29.335638 -> physical_length=29.335638
2025-09-02 14:51:22.560 | INFO     | Pendulum.PendulumAPP:_processSerialData:121 - 🔄 数据来源: 串口接收 -> PendulumState.physical_length
2025-09-02 14:51:22.601 | INFO     | Pendulum.PendulumAPP:_processSerialData:120 - 📏 串口长度数据已更新: L29.335638 -> physical_length=29.335638
2025-09-02 14:51:22.602 | INFO     | Pendulum.PendulumAPP:_processSerialData:121 - 🔄 数据来源: 串口接收 -> PendulumState.physical_length
2025-09-02 14:51:22.648 | INFO     | Pendulum.PendulumAPP:_processSerialData:120 - 📏 串口长度数据已更新: L29.335638 -> physical_length=29.335638
2025-09-02 14:51:22.649 | INFO     | Pendulum.PendulumAPP:_processSerialData:121 - 🔄 数据来源: 串口接收 -> PendulumState.physical_length
2025-09-02 14:51:22.659 | INFO     | Pendulum.SerialConncet:_run:176 - [接收] T2.000000,1.090377,2.179963
2025-09-02 14:51:23.746 | INFO     | Pendulum.SerialConncet:_run:176 - [接收] T3.000000,1.091178,3.271142
2025-09-02 14:51:24.830 | INFO     | Pendulum.SerialConncet:_run:176 - [接收] T4.000000,1.087168,4.358309
2025-09-02 14:51:25.917 | INFO     | Pendulum.SerialConncet:_run:176 - [接收] T5.000000,1.090819,5.449128
2025-09-02 14:51:27.006 | INFO     | Pendulum.SerialConncet:_run:176 - [接收] T6.000000,1.090579,6.539708
2025-09-02 14:51:28.085 | INFO     | Pendulum.SerialConncet:_run:176 - [接收] T7.000000,1.090710,7.630418
2025-09-02 14:51:29.171 | INFO     | Pendulum.SerialConncet:_run:176 - [接收] T8.000000,1.091250,8.721668
2025-09-02 14:51:30.258 | INFO     | Pendulum.SerialConncet:_run:176 - [接收] T9.000000,1.090377,9.812045
2025-09-02 14:51:31.345 | INFO     | Pendulum.SerialConncet:_run:176 - [接收] T10.000000,1.090700,10.902745
2025-09-02 14:51:32.432 | INFO     | Pendulum.SerialConncet:_run:176 - [接收] T11.000000,1.090588,11.993334
2025-09-02 14:51:33.513 | INFO     | Pendulum.SerialConncet:_run:176 - [接收] T12.000000,1.090597,13.083931
2025-09-02 14:51:34.598 | INFO     | Pendulum.SerialConncet:_run:176 - [接收] T13.000000,1.086601,14.170531
2025-09-02 14:51:35.685 | INFO     | Pendulum.SerialConncet:_run:176 - [接收] T14.000000,1.090646,15.261177
2025-09-02 14:51:36.771 | INFO     | Pendulum.SerialConncet:_run:176 - [接收] T15.000000,1.090729,16.351906
2025-09-02 14:51:37.856 | INFO     | Pendulum.SerialConncet:_run:176 - [接收] T16.000000,1.090167,17.442072
2025-09-02 14:51:38.939 | INFO     | Pendulum.SerialConncet:_run:176 - [接收] T17.000000,1.090728,18.532801
2025-09-02 14:51:40.025 | INFO     | Pendulum.SerialConncet:_run:176 - [接收] T18.000000,1.090187,19.622988
2025-09-02 14:51:41.111 | INFO     | Pendulum.SerialConncet:_run:176 - [接收] T19.000000,1.090597,20.713585
2025-09-02 14:51:42.196 | INFO     | Pendulum.SerialConncet:_run:176 - [接收] T20.000000,1.090688,21.804274
2025-09-02 14:52:20.291 | INFO     | Pendulum.PendulumAPP:_keyEventWeb:277 - n2
2025-09-02 14:52:20.297 | INFO     | Pendulum.SerialConncet:send:199 - sendn2
2025-09-02 14:52:20.299 | INFO     | Pendulum.SerialConncet:send:201 - [发送] n2
2025-09-02 14:52:23.999 | INFO     | Pendulum.PendulumAPP:_keyEventWeb:283 - n0
2025-09-02 14:52:24.000 | INFO     | Pendulum.SerialConncet:send:199 - sendn0
2025-09-02 14:52:24.001 | INFO     | Pendulum.SerialConncet:send:201 - [发送] n0
2025-09-02 14:52:26.295 | INFO     | Pendulum.PendulumAPP:_keyEventWeb:246 - ↓
2025-09-02 14:52:26.298 | INFO     | Pendulum.SerialConncet:send:199 - sendm1
2025-09-02 14:52:26.301 | INFO     | Pendulum.SerialConncet:send:201 - [发送] m1
2025-09-02 14:52:26.323 | INFO     | Pendulum.SerialConncet:_run:176 - [接收] L29.361158
2025-09-02 14:52:26.344 | INFO     | Pendulum.SerialConncet:_run:176 - [接收] L29.386683
2025-09-02 14:52:26.363 | INFO     | Pendulum.PendulumAPP:_processSerialData:120 - 📏 串口长度数据已更新: L29.386683 -> physical_length=29.386683
2025-09-02 14:52:26.364 | INFO     | Pendulum.PendulumAPP:_processSerialData:121 - 🔄 数据来源: 串口接收 -> PendulumState.physical_length
2025-09-02 14:52:26.374 | INFO     | Pendulum.SerialConncet:_run:176 - [接收] L29.412201
2025-09-02 14:52:26.386 | INFO     | Pendulum.SerialConncet:_run:176 - [接收] L29.437721
2025-09-02 14:52:26.407 | INFO     | Pendulum.SerialConncet:_run:176 - [接收] L29.463245
2025-09-02 14:52:26.409 | INFO     | Pendulum.PendulumAPP:_processSerialData:120 - 📏 串口长度数据已更新: L29.463245 -> physical_length=29.463245
2025-09-02 14:52:26.410 | INFO     | Pendulum.PendulumAPP:_processSerialData:121 - 🔄 数据来源: 串口接收 -> PendulumState.physical_length
2025-09-02 14:52:26.433 | INFO     | Pendulum.SerialConncet:_run:176 - [接收] L29.488766
2025-09-02 14:52:26.450 | INFO     | Pendulum.SerialConncet:_run:176 - [接收] L29.514284
2025-09-02 14:52:26.456 | INFO     | Pendulum.PendulumAPP:_processSerialData:120 - 📏 串口长度数据已更新: L29.514284 -> physical_length=29.514284
2025-09-02 14:52:26.457 | INFO     | Pendulum.PendulumAPP:_processSerialData:121 - 🔄 数据来源: 串口接收 -> PendulumState.physical_length
2025-09-02 14:52:26.470 | INFO     | Pendulum.SerialConncet:_run:176 - [接收] L29.539808
2025-09-02 14:52:26.490 | INFO     | Pendulum.SerialConncet:_run:176 - [接收] L29.565329
2025-09-02 14:52:26.505 | INFO     | Pendulum.PendulumAPP:_processSerialData:120 - 📏 串口长度数据已更新: L29.565329 -> physical_length=29.565329
2025-09-02 14:52:26.506 | INFO     | Pendulum.PendulumAPP:_processSerialData:121 - 🔄 数据来源: 串口接收 -> PendulumState.physical_length
2025-09-02 14:52:26.512 | INFO     | Pendulum.SerialConncet:_run:176 - [接收] L29.590849
2025-09-02 14:52:26.533 | INFO     | Pendulum.SerialConncet:_run:176 - [接收] L29.616367
2025-09-02 14:52:26.551 | INFO     | Pendulum.PendulumAPP:_processSerialData:120 - 📏 串口长度数据已更新: L29.616367 -> physical_length=29.616367
2025-09-02 14:52:26.552 | INFO     | Pendulum.PendulumAPP:_processSerialData:121 - 🔄 数据来源: 串口接收 -> PendulumState.physical_length
2025-09-02 14:52:26.554 | INFO     | Pendulum.SerialConncet:_run:176 - [接收] L29.641891
2025-09-02 14:52:26.576 | INFO     | Pendulum.SerialConncet:_run:176 - [接收] L29.667412
2025-09-02 14:52:26.595 | INFO     | Pendulum.SerialConncet:_run:176 - [接收] L29.692932
2025-09-02 14:52:26.596 | INFO     | Pendulum.PendulumAPP:_processSerialData:120 - 📏 串口长度数据已更新: L29.667412 -> physical_length=29.667412
2025-09-02 14:52:26.601 | INFO     | Pendulum.PendulumAPP:_processSerialData:121 - 🔄 数据来源: 串口接收 -> PendulumState.physical_length
2025-09-02 14:52:26.616 | INFO     | Pendulum.SerialConncet:_run:176 - [接收] L29.718454
2025-09-02 14:52:26.641 | INFO     | Pendulum.SerialConncet:_run:176 - [接收] L29.743975
2025-09-02 14:52:26.643 | INFO     | Pendulum.PendulumAPP:_processSerialData:120 - 📏 串口长度数据已更新: L29.718454 -> physical_length=29.718454
2025-09-02 14:52:26.645 | INFO     | Pendulum.PendulumAPP:_processSerialData:121 - 🔄 数据来源: 串口接收 -> PendulumState.physical_length
2025-09-02 14:52:26.660 | INFO     | Pendulum.SerialConncet:_run:176 - [接收] L29.769495
2025-09-02 14:52:26.678 | INFO     | Pendulum.SerialConncet:_run:176 - [接收] L29.795017
2025-09-02 14:52:26.690 | INFO     | Pendulum.PendulumAPP:_processSerialData:120 - 📏 串口长度数据已更新: L29.795017 -> physical_length=29.795017
2025-09-02 14:52:26.692 | INFO     | Pendulum.PendulumAPP:_processSerialData:121 - 🔄 数据来源: 串口接收 -> PendulumState.physical_length
2025-09-02 14:52:26.699 | INFO     | Pendulum.SerialConncet:_run:176 - [接收] L29.820538
2025-09-02 14:52:26.724 | INFO     | Pendulum.SerialConncet:_run:176 - [接收] L29.846058
2025-09-02 14:52:26.741 | INFO     | Pendulum.SerialConncet:_run:176 - [接收] L29.871580
2025-09-02 14:52:26.751 | INFO     | Pendulum.PendulumAPP:_processSerialData:120 - 📏 串口长度数据已更新: L29.871580 -> physical_length=29.871580
2025-09-02 14:52:26.752 | INFO     | Pendulum.PendulumAPP:_processSerialData:121 - 🔄 数据来源: 串口接收 -> PendulumState.physical_length
2025-09-02 14:52:26.761 | INFO     | Pendulum.SerialConncet:_run:176 - [接收] L29.897100
2025-09-02 14:52:26.783 | INFO     | Pendulum.SerialConncet:_run:176 - [接收] L29.922621
2025-09-02 14:52:26.798 | INFO     | Pendulum.PendulumAPP:_processSerialData:120 - 📏 串口长度数据已更新: L29.922621 -> physical_length=29.922621
2025-09-02 14:52:26.801 | INFO     | Pendulum.PendulumAPP:_processSerialData:121 - 🔄 数据来源: 串口接收 -> PendulumState.physical_length
2025-09-02 14:52:26.807 | INFO     | Pendulum.SerialConncet:_run:176 - [接收] L29.948141
2025-09-02 14:52:26.824 | INFO     | Pendulum.SerialConncet:_run:176 - [接收] L29.973663
2025-09-02 14:52:26.846 | INFO     | Pendulum.PendulumAPP:_processSerialData:120 - 📏 串口长度数据已更新: L29.973663 -> physical_length=29.973663
2025-09-02 14:52:26.847 | INFO     | Pendulum.PendulumAPP:_processSerialData:121 - 🔄 数据来源: 串口接收 -> PendulumState.physical_length
2025-09-02 14:52:26.850 | INFO     | Pendulum.SerialConncet:_run:176 - [接收] L29.999184
2025-09-02 14:52:26.875 | INFO     | Pendulum.SerialConncet:_run:176 - [接收] L30.024704
2025-09-02 14:52:26.887 | INFO     | Pendulum.SerialConncet:_run:176 - [接收] L30.050228
2025-09-02 14:52:26.892 | INFO     | Pendulum.PendulumAPP:_processSerialData:120 - 📏 串口长度数据已更新: L30.050228 -> physical_length=30.050228
2025-09-02 14:52:26.896 | INFO     | Pendulum.PendulumAPP:_processSerialData:121 - 🔄 数据来源: 串口接收 -> PendulumState.physical_length
2025-09-02 14:52:26.908 | INFO     | Pendulum.SerialConncet:_run:176 - [接收] L30.075747
2025-09-02 14:52:26.929 | INFO     | Pendulum.SerialConncet:_run:176 - [接收] L30.101267
2025-09-02 14:52:26.937 | INFO     | Pendulum.PendulumAPP:_processSerialData:120 - 📏 串口长度数据已更新: L30.101267 -> physical_length=30.101267
2025-09-02 14:52:26.939 | INFO     | Pendulum.PendulumAPP:_processSerialData:121 - 🔄 数据来源: 串口接收 -> PendulumState.physical_length
2025-09-02 14:52:26.950 | INFO     | Pendulum.SerialConncet:_run:176 - [接收] L30.126791
2025-09-02 14:52:26.978 | INFO     | Pendulum.SerialConncet:_run:176 - [接收] L30.152311
2025-09-02 14:52:26.983 | INFO     | Pendulum.PendulumAPP:_processSerialData:120 - 📏 串口长度数据已更新: L30.152311 -> physical_length=30.152311
2025-09-02 14:52:26.984 | INFO     | Pendulum.PendulumAPP:_processSerialData:121 - 🔄 数据来源: 串口接收 -> PendulumState.physical_length
2025-09-02 14:52:26.992 | INFO     | Pendulum.SerialConncet:_run:176 - [接收] L30.177830
2025-09-02 14:52:27.014 | INFO     | Pendulum.SerialConncet:_run:176 - [接收] L30.203354
2025-09-02 14:52:27.030 | INFO     | Pendulum.PendulumAPP:_processSerialData:120 - 📏 串口长度数据已更新: L30.203354 -> physical_length=30.203354
2025-09-02 14:52:27.030 | INFO     | Pendulum.PendulumAPP:_processSerialData:121 - 🔄 数据来源: 串口接收 -> PendulumState.physical_length
2025-09-02 14:52:27.034 | INFO     | Pendulum.SerialConncet:_run:176 - [接收] L30.228874
2025-09-02 14:52:27.056 | INFO     | Pendulum.SerialConncet:_run:176 - [接收] L30.254395
2025-09-02 14:52:27.060 | INFO     | Pendulum.PendulumAPP:_processSerialData:120 - 📏 串口长度数据已更新: L30.254395 -> physical_length=30.254395
2025-09-02 14:52:27.061 | INFO     | Pendulum.PendulumAPP:_processSerialData:121 - 🔄 数据来源: 串口接收 -> PendulumState.physical_length
2025-09-02 14:52:27.075 | INFO     | Pendulum.SerialConncet:_run:176 - [接收] L30.279917
2025-09-02 14:52:27.096 | INFO     | Pendulum.SerialConncet:_run:176 - [接收] L30.305437
2025-09-02 14:52:27.107 | INFO     | Pendulum.PendulumAPP:_processSerialData:120 - 📏 串口长度数据已更新: L30.305437 -> physical_length=30.305437
2025-09-02 14:52:27.107 | INFO     | Pendulum.PendulumAPP:_processSerialData:121 - 🔄 数据来源: 串口接收 -> PendulumState.physical_length
2025-09-02 14:52:27.118 | INFO     | Pendulum.SerialConncet:_run:176 - [接收] L30.330957
2025-09-02 14:52:27.138 | INFO     | Pendulum.SerialConncet:_run:176 - [接收] L30.356480
2025-09-02 14:52:27.153 | INFO     | Pendulum.PendulumAPP:_processSerialData:120 - 📏 串口长度数据已更新: L30.356480 -> physical_length=30.356480
2025-09-02 14:52:27.156 | INFO     | Pendulum.PendulumAPP:_processSerialData:121 - 🔄 数据来源: 串口接收 -> PendulumState.physical_length
2025-09-02 14:52:27.159 | INFO     | Pendulum.SerialConncet:_run:176 - [接收] L30.382000
2025-09-02 14:52:27.184 | INFO     | Pendulum.SerialConncet:_run:176 - [接收] L30.407520
2025-09-02 14:52:27.199 | INFO     | Pendulum.PendulumAPP:_processSerialData:120 - 📏 串口长度数据已更新: L30.407520 -> physical_length=30.407520
2025-09-02 14:52:27.200 | INFO     | Pendulum.PendulumAPP:_processSerialData:121 - 🔄 数据来源: 串口接收 -> PendulumState.physical_length
2025-09-02 14:52:27.202 | INFO     | Pendulum.SerialConncet:_run:176 - [接收] L30.433041
2025-09-02 14:52:27.222 | INFO     | Pendulum.SerialConncet:_run:176 - [接收] L30.458563
2025-09-02 14:52:27.234 | INFO     | Pendulum.PendulumAPP:_keyEventWeb:249 - stop
2025-09-02 14:52:27.236 | INFO     | Pendulum.SerialConncet:send:199 - sendm0
2025-09-02 14:52:27.238 | INFO     | Pendulum.SerialConncet:send:201 - [发送] m0
2025-09-02 14:52:27.244 | INFO     | Pendulum.SerialConncet:_run:176 - [接收] L30.484083
2025-09-02 14:52:27.246 | INFO     | Pendulum.PendulumAPP:_processSerialData:120 - 📏 串口长度数据已更新: L30.484083 -> physical_length=30.484083
2025-09-02 14:52:27.249 | INFO     | Pendulum.PendulumAPP:_processSerialData:121 - 🔄 数据来源: 串口接收 -> PendulumState.physical_length
2025-09-02 14:52:27.293 | INFO     | Pendulum.PendulumAPP:_processSerialData:120 - 📏 串口长度数据已更新: L30.484083 -> physical_length=30.484083
2025-09-02 14:52:27.294 | INFO     | Pendulum.PendulumAPP:_processSerialData:121 - 🔄 数据来源: 串口接收 -> PendulumState.physical_length
2025-09-02 14:52:27.337 | INFO     | Pendulum.PendulumAPP:_processSerialData:120 - 📏 串口长度数据已更新: L30.484083 -> physical_length=30.484083
2025-09-02 14:52:27.337 | INFO     | Pendulum.PendulumAPP:_processSerialData:121 - 🔄 数据来源: 串口接收 -> PendulumState.physical_length
2025-09-02 14:52:27.383 | INFO     | Pendulum.PendulumAPP:_processSerialData:120 - 📏 串口长度数据已更新: L30.484083 -> physical_length=30.484083
2025-09-02 14:52:27.385 | INFO     | Pendulum.PendulumAPP:_processSerialData:121 - 🔄 数据来源: 串口接收 -> PendulumState.physical_length
2025-09-02 14:52:27.429 | INFO     | Pendulum.PendulumAPP:_processSerialData:120 - 📏 串口长度数据已更新: L30.484083 -> physical_length=30.484083
2025-09-02 14:52:27.429 | INFO     | Pendulum.PendulumAPP:_processSerialData:121 - 🔄 数据来源: 串口接收 -> PendulumState.physical_length
2025-09-02 14:52:27.476 | INFO     | Pendulum.PendulumAPP:_processSerialData:120 - 📏 串口长度数据已更新: L30.484083 -> physical_length=30.484083
2025-09-02 14:52:27.477 | INFO     | Pendulum.PendulumAPP:_processSerialData:121 - 🔄 数据来源: 串口接收 -> PendulumState.physical_length
2025-09-02 14:52:27.525 | INFO     | Pendulum.PendulumAPP:_processSerialData:120 - 📏 串口长度数据已更新: L30.484083 -> physical_length=30.484083
2025-09-02 14:52:27.526 | INFO     | Pendulum.PendulumAPP:_processSerialData:121 - 🔄 数据来源: 串口接收 -> PendulumState.physical_length
2025-09-02 14:52:27.569 | INFO     | Pendulum.PendulumAPP:_processSerialData:120 - 📏 串口长度数据已更新: L30.484083 -> physical_length=30.484083
2025-09-02 14:52:27.570 | INFO     | Pendulum.PendulumAPP:_processSerialData:121 - 🔄 数据来源: 串口接收 -> PendulumState.physical_length
2025-09-02 14:52:27.630 | INFO     | Pendulum.PendulumAPP:_processSerialData:120 - 📏 串口长度数据已更新: L30.484083 -> physical_length=30.484083
2025-09-02 14:52:27.633 | INFO     | Pendulum.PendulumAPP:_processSerialData:121 - 🔄 数据来源: 串口接收 -> PendulumState.physical_length
2025-09-02 14:52:27.679 | INFO     | Pendulum.PendulumAPP:_processSerialData:120 - 📏 串口长度数据已更新: L30.484083 -> physical_length=30.484083
2025-09-02 14:52:27.682 | INFO     | Pendulum.PendulumAPP:_processSerialData:121 - 🔄 数据来源: 串口接收 -> PendulumState.physical_length
2025-09-02 14:52:27.727 | INFO     | Pendulum.PendulumAPP:_processSerialData:120 - 📏 串口长度数据已更新: L30.484083 -> physical_length=30.484083
2025-09-02 14:52:27.730 | INFO     | Pendulum.PendulumAPP:_processSerialData:121 - 🔄 数据来源: 串口接收 -> PendulumState.physical_length
2025-09-02 14:52:27.771 | INFO     | Pendulum.PendulumAPP:_processSerialData:120 - 📏 串口长度数据已更新: L30.484083 -> physical_length=30.484083
2025-09-02 14:52:27.774 | INFO     | Pendulum.PendulumAPP:_processSerialData:121 - 🔄 数据来源: 串口接收 -> PendulumState.physical_length
2025-09-02 14:52:27.817 | INFO     | Pendulum.PendulumAPP:_processSerialData:120 - 📏 串口长度数据已更新: L30.484083 -> physical_length=30.484083
2025-09-02 14:52:27.820 | INFO     | Pendulum.PendulumAPP:_processSerialData:121 - 🔄 数据来源: 串口接收 -> PendulumState.physical_length
2025-09-02 14:52:27.863 | INFO     | Pendulum.PendulumAPP:_processSerialData:120 - 📏 串口长度数据已更新: L30.484083 -> physical_length=30.484083
2025-09-02 14:52:27.864 | INFO     | Pendulum.PendulumAPP:_processSerialData:121 - 🔄 数据来源: 串口接收 -> PendulumState.physical_length
2025-09-02 14:52:27.910 | INFO     | Pendulum.PendulumAPP:_processSerialData:120 - 📏 串口长度数据已更新: L30.484083 -> physical_length=30.484083
2025-09-02 14:52:27.911 | INFO     | Pendulum.PendulumAPP:_processSerialData:121 - 🔄 数据来源: 串口接收 -> PendulumState.physical_length
2025-09-02 14:52:27.957 | INFO     | Pendulum.PendulumAPP:_processSerialData:120 - 📏 串口长度数据已更新: L30.484083 -> physical_length=30.484083
2025-09-02 14:52:27.957 | INFO     | Pendulum.PendulumAPP:_processSerialData:121 - 🔄 数据来源: 串口接收 -> PendulumState.physical_length
2025-09-02 14:52:28.003 | INFO     | Pendulum.PendulumAPP:_processSerialData:120 - 📏 串口长度数据已更新: L30.484083 -> physical_length=30.484083
2025-09-02 14:52:28.003 | INFO     | Pendulum.PendulumAPP:_processSerialData:121 - 🔄 数据来源: 串口接收 -> PendulumState.physical_length
2025-09-02 14:52:28.052 | INFO     | Pendulum.PendulumAPP:_processSerialData:120 - 📏 串口长度数据已更新: L30.484083 -> physical_length=30.484083
2025-09-02 14:52:28.053 | INFO     | Pendulum.PendulumAPP:_processSerialData:121 - 🔄 数据来源: 串口接收 -> PendulumState.physical_length
2025-09-02 14:52:28.098 | INFO     | Pendulum.PendulumAPP:_processSerialData:120 - 📏 串口长度数据已更新: L30.484083 -> physical_length=30.484083
2025-09-02 14:52:28.101 | INFO     | Pendulum.PendulumAPP:_processSerialData:121 - 🔄 数据来源: 串口接收 -> PendulumState.physical_length
2025-09-02 14:52:28.145 | INFO     | Pendulum.PendulumAPP:_processSerialData:120 - 📏 串口长度数据已更新: L30.484083 -> physical_length=30.484083
2025-09-02 14:52:28.146 | INFO     | Pendulum.PendulumAPP:_processSerialData:121 - 🔄 数据来源: 串口接收 -> PendulumState.physical_length
2025-09-02 14:52:28.193 | INFO     | Pendulum.PendulumAPP:_processSerialData:120 - 📏 串口长度数据已更新: L30.484083 -> physical_length=30.484083
2025-09-02 14:52:28.193 | INFO     | Pendulum.PendulumAPP:_processSerialData:121 - 🔄 数据来源: 串口接收 -> PendulumState.physical_length
2025-09-02 14:52:28.239 | INFO     | Pendulum.PendulumAPP:_processSerialData:120 - 📏 串口长度数据已更新: L30.484083 -> physical_length=30.484083
2025-09-02 14:52:28.241 | INFO     | Pendulum.PendulumAPP:_processSerialData:121 - 🔄 数据来源: 串口接收 -> PendulumState.physical_length
2025-09-02 14:52:28.285 | INFO     | Pendulum.PendulumAPP:_processSerialData:120 - 📏 串口长度数据已更新: L30.484083 -> physical_length=30.484083
2025-09-02 14:52:28.287 | INFO     | Pendulum.PendulumAPP:_processSerialData:121 - 🔄 数据来源: 串口接收 -> PendulumState.physical_length
2025-09-02 14:52:28.362 | INFO     | Pendulum.PendulumAPP:_processSerialData:120 - 📏 串口长度数据已更新: L30.484083 -> physical_length=30.484083
2025-09-02 14:52:28.363 | INFO     | Pendulum.PendulumAPP:_processSerialData:121 - 🔄 数据来源: 串口接收 -> PendulumState.physical_length
2025-09-02 14:52:28.408 | INFO     | Pendulum.PendulumAPP:_processSerialData:120 - 📏 串口长度数据已更新: L30.484083 -> physical_length=30.484083
2025-09-02 14:52:28.409 | INFO     | Pendulum.PendulumAPP:_processSerialData:121 - 🔄 数据来源: 串口接收 -> PendulumState.physical_length
2025-09-02 14:52:28.454 | INFO     | Pendulum.PendulumAPP:_processSerialData:120 - 📏 串口长度数据已更新: L30.484083 -> physical_length=30.484083
2025-09-02 14:52:28.455 | INFO     | Pendulum.PendulumAPP:_processSerialData:121 - 🔄 数据来源: 串口接收 -> PendulumState.physical_length
2025-09-02 14:52:28.500 | INFO     | Pendulum.PendulumAPP:_processSerialData:120 - 📏 串口长度数据已更新: L30.484083 -> physical_length=30.484083
2025-09-02 14:52:28.501 | INFO     | Pendulum.PendulumAPP:_processSerialData:121 - 🔄 数据来源: 串口接收 -> PendulumState.physical_length
2025-09-02 14:52:28.546 | INFO     | Pendulum.PendulumAPP:_processSerialData:120 - 📏 串口长度数据已更新: L30.484083 -> physical_length=30.484083
2025-09-02 14:52:28.547 | INFO     | Pendulum.PendulumAPP:_processSerialData:121 - 🔄 数据来源: 串口接收 -> PendulumState.physical_length
2025-09-02 14:52:28.592 | INFO     | Pendulum.PendulumAPP:_processSerialData:120 - 📏 串口长度数据已更新: L30.484083 -> physical_length=30.484083
2025-09-02 14:52:28.593 | INFO     | Pendulum.PendulumAPP:_processSerialData:121 - 🔄 数据来源: 串口接收 -> PendulumState.physical_length
2025-09-02 14:52:28.638 | INFO     | Pendulum.PendulumAPP:_processSerialData:120 - 📏 串口长度数据已更新: L30.484083 -> physical_length=30.484083
2025-09-02 14:52:28.641 | INFO     | Pendulum.PendulumAPP:_processSerialData:121 - 🔄 数据来源: 串口接收 -> PendulumState.physical_length
2025-09-02 14:52:28.685 | INFO     | Pendulum.PendulumAPP:_processSerialData:120 - 📏 串口长度数据已更新: L30.484083 -> physical_length=30.484083
2025-09-02 14:52:28.686 | INFO     | Pendulum.PendulumAPP:_processSerialData:121 - 🔄 数据来源: 串口接收 -> PendulumState.physical_length
2025-09-02 14:52:28.731 | INFO     | Pendulum.PendulumAPP:_processSerialData:120 - 📏 串口长度数据已更新: L30.484083 -> physical_length=30.484083
2025-09-02 14:52:28.732 | INFO     | Pendulum.PendulumAPP:_processSerialData:121 - 🔄 数据来源: 串口接收 -> PendulumState.physical_length
2025-09-02 14:52:28.778 | INFO     | Pendulum.PendulumAPP:_processSerialData:120 - 📏 串口长度数据已更新: L30.484083 -> physical_length=30.484083
2025-09-02 14:52:28.781 | INFO     | Pendulum.PendulumAPP:_processSerialData:121 - 🔄 数据来源: 串口接收 -> PendulumState.physical_length
2025-09-02 14:52:28.824 | INFO     | Pendulum.PendulumAPP:_processSerialData:120 - 📏 串口长度数据已更新: L30.484083 -> physical_length=30.484083
2025-09-02 14:52:28.824 | INFO     | Pendulum.PendulumAPP:_processSerialData:121 - 🔄 数据来源: 串口接收 -> PendulumState.physical_length
2025-09-02 14:52:28.872 | INFO     | Pendulum.PendulumAPP:_processSerialData:120 - 📏 串口长度数据已更新: L30.484083 -> physical_length=30.484083
2025-09-02 14:52:28.873 | INFO     | Pendulum.PendulumAPP:_processSerialData:121 - 🔄 数据来源: 串口接收 -> PendulumState.physical_length
2025-09-02 14:52:28.919 | INFO     | Pendulum.PendulumAPP:_processSerialData:120 - 📏 串口长度数据已更新: L30.484083 -> physical_length=30.484083
2025-09-02 14:52:28.920 | INFO     | Pendulum.PendulumAPP:_processSerialData:121 - 🔄 数据来源: 串口接收 -> PendulumState.physical_length
2025-09-02 14:52:28.966 | INFO     | Pendulum.PendulumAPP:_processSerialData:120 - 📏 串口长度数据已更新: L30.484083 -> physical_length=30.484083
2025-09-02 14:52:28.967 | INFO     | Pendulum.PendulumAPP:_processSerialData:121 - 🔄 数据来源: 串口接收 -> PendulumState.physical_length
2025-09-02 14:52:29.013 | INFO     | Pendulum.PendulumAPP:_processSerialData:120 - 📏 串口长度数据已更新: L30.484083 -> physical_length=30.484083
2025-09-02 14:52:29.013 | INFO     | Pendulum.PendulumAPP:_processSerialData:121 - 🔄 数据来源: 串口接收 -> PendulumState.physical_length
2025-09-02 14:52:29.073 | INFO     | Pendulum.PendulumAPP:_processSerialData:120 - 📏 串口长度数据已更新: L30.484083 -> physical_length=30.484083
2025-09-02 14:52:29.074 | INFO     | Pendulum.PendulumAPP:_processSerialData:121 - 🔄 数据来源: 串口接收 -> PendulumState.physical_length
2025-09-02 14:52:29.121 | INFO     | Pendulum.PendulumAPP:_processSerialData:120 - 📏 串口长度数据已更新: L30.484083 -> physical_length=30.484083
2025-09-02 14:52:29.121 | INFO     | Pendulum.PendulumAPP:_processSerialData:121 - 🔄 数据来源: 串口接收 -> PendulumState.physical_length
2025-09-02 14:52:29.168 | INFO     | Pendulum.PendulumAPP:_processSerialData:120 - 📏 串口长度数据已更新: L30.484083 -> physical_length=30.484083
2025-09-02 14:52:29.169 | INFO     | Pendulum.PendulumAPP:_processSerialData:121 - 🔄 数据来源: 串口接收 -> PendulumState.physical_length
2025-09-02 14:52:29.215 | INFO     | Pendulum.PendulumAPP:_processSerialData:120 - 📏 串口长度数据已更新: L30.484083 -> physical_length=30.484083
2025-09-02 14:52:29.216 | INFO     | Pendulum.PendulumAPP:_processSerialData:121 - 🔄 数据来源: 串口接收 -> PendulumState.physical_length
2025-09-02 14:52:29.261 | INFO     | Pendulum.PendulumAPP:_processSerialData:120 - 📏 串口长度数据已更新: L30.484083 -> physical_length=30.484083
2025-09-02 14:52:29.262 | INFO     | Pendulum.PendulumAPP:_processSerialData:121 - 🔄 数据来源: 串口接收 -> PendulumState.physical_length
2025-09-02 14:52:29.308 | INFO     | Pendulum.PendulumAPP:_processSerialData:120 - 📏 串口长度数据已更新: L30.484083 -> physical_length=30.484083
2025-09-02 14:52:29.309 | INFO     | Pendulum.PendulumAPP:_processSerialData:121 - 🔄 数据来源: 串口接收 -> PendulumState.physical_length
2025-09-02 14:52:29.345 | INFO     | Pendulum.PendulumAPP:_keyEventWeb:283 - n0
2025-09-02 14:52:29.347 | INFO     | Pendulum.SerialConncet:send:199 - sendn0
2025-09-02 14:52:29.349 | INFO     | Pendulum.SerialConncet:send:201 - [发送] n0
2025-09-02 14:52:29.356 | INFO     | Pendulum.PendulumAPP:_processSerialData:120 - 📏 串口长度数据已更新: L30.484083 -> physical_length=30.484083
2025-09-02 14:52:29.359 | INFO     | Pendulum.PendulumAPP:_processSerialData:121 - 🔄 数据来源: 串口接收 -> PendulumState.physical_length
2025-09-02 14:52:29.401 | INFO     | Pendulum.PendulumAPP:_processSerialData:120 - 📏 串口长度数据已更新: L30.484083 -> physical_length=30.484083
2025-09-02 14:52:29.402 | INFO     | Pendulum.PendulumAPP:_processSerialData:121 - 🔄 数据来源: 串口接收 -> PendulumState.physical_length
2025-09-02 14:52:29.448 | INFO     | Pendulum.PendulumAPP:_processSerialData:120 - 📏 串口长度数据已更新: L30.484083 -> physical_length=30.484083
2025-09-02 14:52:29.449 | INFO     | Pendulum.PendulumAPP:_processSerialData:121 - 🔄 数据来源: 串口接收 -> PendulumState.physical_length
2025-09-02 14:52:29.495 | INFO     | Pendulum.PendulumAPP:_processSerialData:120 - 📏 串口长度数据已更新: L30.484083 -> physical_length=30.484083
2025-09-02 14:52:29.496 | INFO     | Pendulum.PendulumAPP:_processSerialData:121 - 🔄 数据来源: 串口接收 -> PendulumState.physical_length
2025-09-02 14:52:29.540 | INFO     | Pendulum.PendulumAPP:_processSerialData:120 - 📏 串口长度数据已更新: L30.484083 -> physical_length=30.484083
2025-09-02 14:52:29.541 | INFO     | Pendulum.PendulumAPP:_processSerialData:121 - 🔄 数据来源: 串口接收 -> PendulumState.physical_length
2025-09-02 14:52:29.576 | INFO     | Pendulum.PendulumAPP:_keyEventWeb:280 - n1
2025-09-02 14:52:29.577 | INFO     | Pendulum.SerialConncet:send:199 - sendn1
2025-09-02 14:52:29.578 | INFO     | Pendulum.SerialConncet:send:201 - [发送] n1
2025-09-02 14:52:29.585 | INFO     | Pendulum.PendulumAPP:_processSerialData:120 - 📏 串口长度数据已更新: L30.484083 -> physical_length=30.484083
2025-09-02 14:52:29.587 | INFO     | Pendulum.PendulumAPP:_processSerialData:121 - 🔄 数据来源: 串口接收 -> PendulumState.physical_length
2025-09-02 14:52:29.632 | INFO     | Pendulum.PendulumAPP:_processSerialData:120 - 📏 串口长度数据已更新: L30.484083 -> physical_length=30.484083
2025-09-02 14:52:29.634 | INFO     | Pendulum.PendulumAPP:_processSerialData:121 - 🔄 数据来源: 串口接收 -> PendulumState.physical_length
2025-09-02 14:52:29.679 | INFO     | Pendulum.PendulumAPP:_processSerialData:120 - 📏 串口长度数据已更新: L30.484083 -> physical_length=30.484083
2025-09-02 14:52:29.679 | INFO     | Pendulum.PendulumAPP:_processSerialData:121 - 🔄 数据来源: 串口接收 -> PendulumState.physical_length
2025-09-02 14:52:29.725 | INFO     | Pendulum.PendulumAPP:_processSerialData:120 - 📏 串口长度数据已更新: L30.484083 -> physical_length=30.484083
2025-09-02 14:52:29.726 | INFO     | Pendulum.PendulumAPP:_processSerialData:121 - 🔄 数据来源: 串口接收 -> PendulumState.physical_length
2025-09-02 14:52:29.801 | INFO     | Pendulum.PendulumAPP:_processSerialData:120 - 📏 串口长度数据已更新: L30.484083 -> physical_length=30.484083
2025-09-02 14:52:29.804 | INFO     | Pendulum.PendulumAPP:_processSerialData:121 - 🔄 数据来源: 串口接收 -> PendulumState.physical_length
2025-09-02 14:52:29.848 | INFO     | Pendulum.PendulumAPP:_processSerialData:120 - 📏 串口长度数据已更新: L30.484083 -> physical_length=30.484083
2025-09-02 14:52:29.849 | INFO     | Pendulum.PendulumAPP:_processSerialData:121 - 🔄 数据来源: 串口接收 -> PendulumState.physical_length
2025-09-02 14:52:29.896 | INFO     | Pendulum.PendulumAPP:_processSerialData:120 - 📏 串口长度数据已更新: L30.484083 -> physical_length=30.484083
2025-09-02 14:52:29.897 | INFO     | Pendulum.PendulumAPP:_processSerialData:121 - 🔄 数据来源: 串口接收 -> PendulumState.physical_length
2025-09-02 14:52:29.942 | INFO     | Pendulum.PendulumAPP:_processSerialData:120 - 📏 串口长度数据已更新: L30.484083 -> physical_length=30.484083
2025-09-02 14:52:29.943 | INFO     | Pendulum.PendulumAPP:_processSerialData:121 - 🔄 数据来源: 串口接收 -> PendulumState.physical_length
2025-09-02 14:52:29.988 | INFO     | Pendulum.PendulumAPP:_processSerialData:120 - 📏 串口长度数据已更新: L30.484083 -> physical_length=30.484083
2025-09-02 14:52:29.988 | INFO     | Pendulum.PendulumAPP:_processSerialData:121 - 🔄 数据来源: 串口接收 -> PendulumState.physical_length
2025-09-02 14:52:30.033 | INFO     | Pendulum.PendulumAPP:_processSerialData:120 - 📏 串口长度数据已更新: L30.484083 -> physical_length=30.484083
2025-09-02 14:52:30.034 | INFO     | Pendulum.PendulumAPP:_processSerialData:121 - 🔄 数据来源: 串口接收 -> PendulumState.physical_length
2025-09-02 14:52:30.080 | INFO     | Pendulum.PendulumAPP:_processSerialData:120 - 📏 串口长度数据已更新: L30.484083 -> physical_length=30.484083
2025-09-02 14:52:30.081 | INFO     | Pendulum.PendulumAPP:_processSerialData:121 - 🔄 数据来源: 串口接收 -> PendulumState.physical_length
2025-09-02 14:52:30.127 | INFO     | Pendulum.PendulumAPP:_processSerialData:120 - 📏 串口长度数据已更新: L30.484083 -> physical_length=30.484083
2025-09-02 14:52:30.129 | INFO     | Pendulum.PendulumAPP:_processSerialData:121 - 🔄 数据来源: 串口接收 -> PendulumState.physical_length
2025-09-02 14:52:30.174 | INFO     | Pendulum.PendulumAPP:_processSerialData:120 - 📏 串口长度数据已更新: L30.484083 -> physical_length=30.484083
2025-09-02 14:52:30.177 | INFO     | Pendulum.PendulumAPP:_processSerialData:121 - 🔄 数据来源: 串口接收 -> PendulumState.physical_length
2025-09-02 14:52:30.221 | INFO     | Pendulum.PendulumAPP:_processSerialData:120 - 📏 串口长度数据已更新: L30.484083 -> physical_length=30.484083
2025-09-02 14:52:30.222 | INFO     | Pendulum.PendulumAPP:_processSerialData:121 - 🔄 数据来源: 串口接收 -> PendulumState.physical_length
2025-09-02 14:52:30.267 | INFO     | Pendulum.PendulumAPP:_processSerialData:120 - 📏 串口长度数据已更新: L30.484083 -> physical_length=30.484083
2025-09-02 14:52:30.270 | INFO     | Pendulum.PendulumAPP:_processSerialData:121 - 🔄 数据来源: 串口接收 -> PendulumState.physical_length
2025-09-02 14:52:30.314 | INFO     | Pendulum.PendulumAPP:_processSerialData:120 - 📏 串口长度数据已更新: L30.484083 -> physical_length=30.484083
2025-09-02 14:52:30.316 | INFO     | Pendulum.PendulumAPP:_processSerialData:121 - 🔄 数据来源: 串口接收 -> PendulumState.physical_length
2025-09-02 14:52:30.360 | INFO     | Pendulum.PendulumAPP:_processSerialData:120 - 📏 串口长度数据已更新: L30.484083 -> physical_length=30.484083
2025-09-02 14:52:30.362 | INFO     | Pendulum.PendulumAPP:_processSerialData:121 - 🔄 数据来源: 串口接收 -> PendulumState.physical_length
2025-09-02 14:52:30.408 | INFO     | Pendulum.PendulumAPP:_processSerialData:120 - 📏 串口长度数据已更新: L30.484083 -> physical_length=30.484083
2025-09-02 14:52:30.409 | INFO     | Pendulum.PendulumAPP:_processSerialData:121 - 🔄 数据来源: 串口接收 -> PendulumState.physical_length
2025-09-02 14:52:30.454 | INFO     | Pendulum.PendulumAPP:_processSerialData:120 - 📏 串口长度数据已更新: L30.484083 -> physical_length=30.484083
2025-09-02 14:52:30.455 | INFO     | Pendulum.PendulumAPP:_processSerialData:121 - 🔄 数据来源: 串口接收 -> PendulumState.physical_length
2025-09-02 14:52:30.516 | INFO     | Pendulum.PendulumAPP:_processSerialData:120 - 📏 串口长度数据已更新: L30.484083 -> physical_length=30.484083
2025-09-02 14:52:30.518 | INFO     | Pendulum.PendulumAPP:_processSerialData:121 - 🔄 数据来源: 串口接收 -> PendulumState.physical_length
2025-09-02 14:52:30.562 | INFO     | Pendulum.PendulumAPP:_processSerialData:120 - 📏 串口长度数据已更新: L30.484083 -> physical_length=30.484083
2025-09-02 14:52:30.562 | INFO     | Pendulum.PendulumAPP:_processSerialData:121 - 🔄 数据来源: 串口接收 -> PendulumState.physical_length
2025-09-02 14:52:30.608 | INFO     | Pendulum.PendulumAPP:_processSerialData:120 - 📏 串口长度数据已更新: L30.484083 -> physical_length=30.484083
2025-09-02 14:52:30.609 | INFO     | Pendulum.PendulumAPP:_processSerialData:121 - 🔄 数据来源: 串口接收 -> PendulumState.physical_length
2025-09-02 14:52:30.655 | INFO     | Pendulum.PendulumAPP:_processSerialData:120 - 📏 串口长度数据已更新: L30.484083 -> physical_length=30.484083
2025-09-02 14:52:30.656 | INFO     | Pendulum.PendulumAPP:_processSerialData:121 - 🔄 数据来源: 串口接收 -> PendulumState.physical_length
2025-09-02 14:52:30.703 | INFO     | Pendulum.PendulumAPP:_processSerialData:120 - 📏 串口长度数据已更新: L30.484083 -> physical_length=30.484083
2025-09-02 14:52:30.705 | INFO     | Pendulum.PendulumAPP:_processSerialData:121 - 🔄 数据来源: 串口接收 -> PendulumState.physical_length
2025-09-02 14:52:30.750 | INFO     | Pendulum.PendulumAPP:_processSerialData:120 - 📏 串口长度数据已更新: L30.484083 -> physical_length=30.484083
2025-09-02 14:52:30.751 | INFO     | Pendulum.PendulumAPP:_processSerialData:121 - 🔄 数据来源: 串口接收 -> PendulumState.physical_length
2025-09-02 14:52:30.798 | INFO     | Pendulum.PendulumAPP:_processSerialData:120 - 📏 串口长度数据已更新: L30.484083 -> physical_length=30.484083
2025-09-02 14:52:30.799 | INFO     | Pendulum.PendulumAPP:_processSerialData:121 - 🔄 数据来源: 串口接收 -> PendulumState.physical_length
2025-09-02 14:52:30.843 | INFO     | Pendulum.PendulumAPP:_processSerialData:120 - 📏 串口长度数据已更新: L30.484083 -> physical_length=30.484083
2025-09-02 14:52:30.847 | INFO     | Pendulum.PendulumAPP:_processSerialData:121 - 🔄 数据来源: 串口接收 -> PendulumState.physical_length
2025-09-02 14:52:30.890 | INFO     | Pendulum.PendulumAPP:_processSerialData:120 - 📏 串口长度数据已更新: L30.484083 -> physical_length=30.484083
2025-09-02 14:52:30.891 | INFO     | Pendulum.PendulumAPP:_processSerialData:121 - 🔄 数据来源: 串口接收 -> PendulumState.physical_length
2025-09-02 14:52:30.936 | INFO     | Pendulum.PendulumAPP:_processSerialData:120 - 📏 串口长度数据已更新: L30.484083 -> physical_length=30.484083
2025-09-02 14:52:30.937 | INFO     | Pendulum.PendulumAPP:_processSerialData:121 - 🔄 数据来源: 串口接收 -> PendulumState.physical_length
2025-09-02 14:52:30.983 | INFO     | Pendulum.PendulumAPP:_processSerialData:120 - 📏 串口长度数据已更新: L30.484083 -> physical_length=30.484083
2025-09-02 14:52:30.984 | INFO     | Pendulum.PendulumAPP:_processSerialData:121 - 🔄 数据来源: 串口接收 -> PendulumState.physical_length
2025-09-02 14:52:31.017 | INFO     | Pendulum.PendulumAPP:_keyEventWeb:249 - stop
2025-09-02 14:52:31.019 | INFO     | Pendulum.SerialConncet:send:199 - sendm0
2025-09-02 14:52:31.021 | INFO     | Pendulum.SerialConncet:send:201 - [发送] m0
2025-09-02 14:52:31.029 | INFO     | Pendulum.PendulumAPP:_processSerialData:120 - 📏 串口长度数据已更新: L30.484083 -> physical_length=30.484083
2025-09-02 14:52:31.029 | INFO     | Pendulum.PendulumAPP:_processSerialData:121 - 🔄 数据来源: 串口接收 -> PendulumState.physical_length
2025-09-02 14:52:31.075 | INFO     | Pendulum.PendulumAPP:_processSerialData:120 - 📏 串口长度数据已更新: L30.484083 -> physical_length=30.484083
2025-09-02 14:52:31.076 | INFO     | Pendulum.PendulumAPP:_processSerialData:121 - 🔄 数据来源: 串口接收 -> PendulumState.physical_length
2025-09-02 14:52:31.123 | INFO     | Pendulum.PendulumAPP:_processSerialData:120 - 📏 串口长度数据已更新: L30.484083 -> physical_length=30.484083
2025-09-02 14:52:31.124 | INFO     | Pendulum.PendulumAPP:_processSerialData:121 - 🔄 数据来源: 串口接收 -> PendulumState.physical_length
2025-09-02 14:52:31.168 | INFO     | Pendulum.PendulumAPP:_processSerialData:120 - 📏 串口长度数据已更新: L30.484083 -> physical_length=30.484083
2025-09-02 14:52:31.168 | INFO     | Pendulum.PendulumAPP:_processSerialData:121 - 🔄 数据来源: 串口接收 -> PendulumState.physical_length
2025-09-02 14:52:31.230 | INFO     | Pendulum.PendulumAPP:_processSerialData:120 - 📏 串口长度数据已更新: L30.484083 -> physical_length=30.484083
2025-09-02 14:52:31.232 | INFO     | Pendulum.PendulumAPP:_processSerialData:121 - 🔄 数据来源: 串口接收 -> PendulumState.physical_length
2025-09-02 14:52:31.278 | INFO     | Pendulum.PendulumAPP:_processSerialData:120 - 📏 串口长度数据已更新: L30.484083 -> physical_length=30.484083
2025-09-02 14:52:31.281 | INFO     | Pendulum.PendulumAPP:_processSerialData:121 - 🔄 数据来源: 串口接收 -> PendulumState.physical_length
2025-09-02 14:52:31.325 | INFO     | Pendulum.PendulumAPP:_processSerialData:120 - 📏 串口长度数据已更新: L30.484083 -> physical_length=30.484083
2025-09-02 14:52:31.326 | INFO     | Pendulum.PendulumAPP:_processSerialData:121 - 🔄 数据来源: 串口接收 -> PendulumState.physical_length
2025-09-02 14:52:31.369 | INFO     | Pendulum.PendulumAPP:_processSerialData:120 - 📏 串口长度数据已更新: L30.484083 -> physical_length=30.484083
2025-09-02 14:52:31.370 | INFO     | Pendulum.PendulumAPP:_processSerialData:121 - 🔄 数据来源: 串口接收 -> PendulumState.physical_length
2025-09-02 14:52:31.418 | INFO     | Pendulum.PendulumAPP:_processSerialData:120 - 📏 串口长度数据已更新: L30.484083 -> physical_length=30.484083
2025-09-02 14:52:31.423 | INFO     | Pendulum.PendulumAPP:_processSerialData:121 - 🔄 数据来源: 串口接收 -> PendulumState.physical_length
2025-09-02 14:52:31.465 | INFO     | Pendulum.PendulumAPP:_processSerialData:120 - 📏 串口长度数据已更新: L30.484083 -> physical_length=30.484083
2025-09-02 14:52:31.466 | INFO     | Pendulum.PendulumAPP:_processSerialData:121 - 🔄 数据来源: 串口接收 -> PendulumState.physical_length
2025-09-02 14:52:31.512 | INFO     | Pendulum.PendulumAPP:_processSerialData:120 - 📏 串口长度数据已更新: L30.484083 -> physical_length=30.484083
2025-09-02 14:52:31.513 | INFO     | Pendulum.PendulumAPP:_processSerialData:121 - 🔄 数据来源: 串口接收 -> PendulumState.physical_length
2025-09-02 14:52:31.559 | INFO     | Pendulum.PendulumAPP:_processSerialData:120 - 📏 串口长度数据已更新: L30.484083 -> physical_length=30.484083
2025-09-02 14:52:31.560 | INFO     | Pendulum.PendulumAPP:_processSerialData:121 - 🔄 数据来源: 串口接收 -> PendulumState.physical_length
2025-09-02 14:52:31.605 | INFO     | Pendulum.PendulumAPP:_processSerialData:120 - 📏 串口长度数据已更新: L30.484083 -> physical_length=30.484083
2025-09-02 14:52:31.606 | INFO     | Pendulum.PendulumAPP:_processSerialData:121 - 🔄 数据来源: 串口接收 -> PendulumState.physical_length
2025-09-02 14:52:31.651 | INFO     | Pendulum.PendulumAPP:_processSerialData:120 - 📏 串口长度数据已更新: L30.484083 -> physical_length=30.484083
2025-09-02 14:52:31.652 | INFO     | Pendulum.PendulumAPP:_processSerialData:121 - 🔄 数据来源: 串口接收 -> PendulumState.physical_length
2025-09-02 14:52:31.690 | INFO     | Pendulum.PendulumAPP:_keyEventWeb:243 - ↑
2025-09-02 14:52:31.695 | INFO     | Pendulum.SerialConncet:send:199 - sendm2
2025-09-02 14:52:31.698 | INFO     | Pendulum.SerialConncet:send:201 - [发送] m2
2025-09-02 14:52:31.713 | INFO     | Pendulum.PendulumAPP:_processSerialData:120 - 📏 串口长度数据已更新: L30.484083 -> physical_length=30.484083
2025-09-02 14:52:31.714 | INFO     | Pendulum.PendulumAPP:_processSerialData:121 - 🔄 数据来源: 串口接收 -> PendulumState.physical_length
2025-09-02 14:52:31.720 | INFO     | Pendulum.SerialConncet:_run:176 - [接收] L30.458563
2025-09-02 14:52:31.741 | INFO     | Pendulum.SerialConncet:_run:176 - [接收] L30.433041
2025-09-02 14:52:31.759 | INFO     | Pendulum.PendulumAPP:_processSerialData:120 - 📏 串口长度数据已更新: L30.433041 -> physical_length=30.433041
2025-09-02 14:52:31.760 | INFO     | Pendulum.PendulumAPP:_processSerialData:121 - 🔄 数据来源: 串口接收 -> PendulumState.physical_length
2025-09-02 14:52:31.762 | INFO     | Pendulum.SerialConncet:_run:176 - [接收] L30.407520
2025-09-02 14:52:31.783 | INFO     | Pendulum.SerialConncet:_run:176 - [接收] L30.382000
2025-09-02 14:52:31.804 | INFO     | Pendulum.SerialConncet:_run:176 - [接收] L30.356480
2025-09-02 14:52:31.806 | INFO     | Pendulum.PendulumAPP:_processSerialData:120 - 📏 串口长度数据已更新: L30.356480 -> physical_length=30.356480
2025-09-02 14:52:31.807 | INFO     | Pendulum.PendulumAPP:_processSerialData:121 - 🔄 数据来源: 串口接收 -> PendulumState.physical_length
2025-09-02 14:52:31.825 | INFO     | Pendulum.SerialConncet:_run:176 - [接收] L30.330957
2025-09-02 14:52:31.846 | INFO     | Pendulum.SerialConncet:_run:176 - [接收] L30.305437
2025-09-02 14:52:31.867 | INFO     | Pendulum.SerialConncet:_run:176 - [接收] L30.279917
2025-09-02 14:52:31.885 | INFO     | Pendulum.PendulumAPP:_processSerialData:120 - 📏 串口长度数据已更新: L30.279917 -> physical_length=30.279917
2025-09-02 14:52:31.888 | INFO     | Pendulum.PendulumAPP:_processSerialData:121 - 🔄 数据来源: 串口接收 -> PendulumState.physical_length
2025-09-02 14:52:31.890 | INFO     | Pendulum.SerialConncet:_run:176 - [接收] L30.254395
2025-09-02 14:52:31.909 | INFO     | Pendulum.SerialConncet:_run:176 - [接收] L30.228874
2025-09-02 14:52:31.929 | INFO     | Pendulum.SerialConncet:_run:176 - [接收] L30.203354
2025-09-02 14:52:31.930 | INFO     | Pendulum.PendulumAPP:_processSerialData:120 - 📏 串口长度数据已更新: L30.228874 -> physical_length=30.228874
2025-09-02 14:52:31.933 | INFO     | Pendulum.PendulumAPP:_processSerialData:121 - 🔄 数据来源: 串口接收 -> PendulumState.physical_length
2025-09-02 14:52:31.951 | INFO     | Pendulum.SerialConncet:_run:176 - [接收] L30.177830
2025-09-02 14:52:31.971 | INFO     | Pendulum.SerialConncet:_run:176 - [接收] L30.152311
2025-09-02 14:52:31.977 | INFO     | Pendulum.PendulumAPP:_processSerialData:120 - 📏 串口长度数据已更新: L30.152311 -> physical_length=30.152311
2025-09-02 14:52:31.977 | INFO     | Pendulum.PendulumAPP:_processSerialData:121 - 🔄 数据来源: 串口接收 -> PendulumState.physical_length
2025-09-02 14:52:31.992 | INFO     | Pendulum.SerialConncet:_run:176 - [接收] L30.126791
2025-09-02 14:52:32.013 | INFO     | Pendulum.SerialConncet:_run:176 - [接收] L30.101267
2025-09-02 14:52:32.024 | INFO     | Pendulum.PendulumAPP:_processSerialData:120 - 📏 串口长度数据已更新: L30.101267 -> physical_length=30.101267
2025-09-02 14:52:32.024 | INFO     | Pendulum.PendulumAPP:_processSerialData:121 - 🔄 数据来源: 串口接收 -> PendulumState.physical_length
2025-09-02 14:52:32.034 | INFO     | Pendulum.SerialConncet:_run:176 - [接收] L30.075747
2025-09-02 14:52:32.055 | INFO     | Pendulum.SerialConncet:_run:176 - [接收] L30.050228
2025-09-02 14:52:32.070 | INFO     | Pendulum.PendulumAPP:_processSerialData:120 - 📏 串口长度数据已更新: L30.050228 -> physical_length=30.050228
2025-09-02 14:52:32.071 | INFO     | Pendulum.PendulumAPP:_processSerialData:121 - 🔄 数据来源: 串口接收 -> PendulumState.physical_length
2025-09-02 14:52:32.079 | INFO     | Pendulum.SerialConncet:_run:176 - [接收] L30.024704
2025-09-02 14:52:32.100 | INFO     | Pendulum.SerialConncet:_run:176 - [接收] L29.999184
2025-09-02 14:52:32.118 | INFO     | Pendulum.PendulumAPP:_processSerialData:120 - 📏 串口长度数据已更新: L29.999184 -> physical_length=29.999184
2025-09-02 14:52:32.119 | INFO     | Pendulum.SerialConncet:_run:176 - [接收] L29.973663
2025-09-02 14:52:32.120 | INFO     | Pendulum.PendulumAPP:_processSerialData:121 - 🔄 数据来源: 串口接收 -> PendulumState.physical_length
2025-09-02 14:52:32.143 | INFO     | Pendulum.SerialConncet:_run:176 - [接收] L29.948141
2025-09-02 14:52:32.160 | INFO     | Pendulum.SerialConncet:_run:176 - [接收] L29.922621
2025-09-02 14:52:32.164 | INFO     | Pendulum.PendulumAPP:_processSerialData:120 - 📏 串口长度数据已更新: L29.922621 -> physical_length=29.922621
2025-09-02 14:52:32.165 | INFO     | Pendulum.PendulumAPP:_processSerialData:121 - 🔄 数据来源: 串口接收 -> PendulumState.physical_length
2025-09-02 14:52:32.180 | INFO     | Pendulum.SerialConncet:_run:176 - [接收] L29.897100
2025-09-02 14:52:32.201 | INFO     | Pendulum.SerialConncet:_run:176 - [接收] L29.871580
2025-09-02 14:52:32.210 | INFO     | Pendulum.PendulumAPP:_processSerialData:120 - 📏 串口长度数据已更新: L29.871580 -> physical_length=29.871580
2025-09-02 14:52:32.211 | INFO     | Pendulum.PendulumAPP:_processSerialData:121 - 🔄 数据来源: 串口接收 -> PendulumState.physical_length
2025-09-02 14:52:32.223 | INFO     | Pendulum.SerialConncet:_run:176 - [接收] L29.846058
2025-09-02 14:52:32.243 | INFO     | Pendulum.SerialConncet:_run:176 - [接收] L29.820538
2025-09-02 14:52:32.264 | INFO     | Pendulum.SerialConncet:_run:176 - [接收] L29.795017
2025-09-02 14:52:32.272 | INFO     | Pendulum.PendulumAPP:_processSerialData:120 - 📏 串口长度数据已更新: L29.795017 -> physical_length=29.795017
2025-09-02 14:52:32.273 | INFO     | Pendulum.PendulumAPP:_processSerialData:121 - 🔄 数据来源: 串口接收 -> PendulumState.physical_length
2025-09-02 14:52:32.286 | INFO     | Pendulum.SerialConncet:_run:176 - [接收] L29.769495
2025-09-02 14:52:32.307 | INFO     | Pendulum.SerialConncet:_run:176 - [接收] L29.743975
2025-09-02 14:52:32.320 | INFO     | Pendulum.PendulumAPP:_processSerialData:120 - 📏 串口长度数据已更新: L29.743975 -> physical_length=29.743975
2025-09-02 14:52:32.323 | INFO     | Pendulum.PendulumAPP:_processSerialData:121 - 🔄 数据来源: 串口接收 -> PendulumState.physical_length
2025-09-02 14:52:32.327 | INFO     | Pendulum.SerialConncet:_run:176 - [接收] L29.718454
2025-09-02 14:52:32.348 | INFO     | Pendulum.SerialConncet:_run:176 - [接收] L29.692932
2025-09-02 14:52:32.364 | INFO     | Pendulum.PendulumAPP:_processSerialData:120 - 📏 串口长度数据已更新: L29.692932 -> physical_length=29.692932
2025-09-02 14:52:32.366 | INFO     | Pendulum.PendulumAPP:_processSerialData:121 - 🔄 数据来源: 串口接收 -> PendulumState.physical_length
2025-09-02 14:52:32.371 | INFO     | Pendulum.SerialConncet:_run:176 - [接收] L29.667412
2025-09-02 14:52:32.390 | INFO     | Pendulum.SerialConncet:_run:176 - [接收] L29.641891
2025-09-02 14:52:32.414 | INFO     | Pendulum.SerialConncet:_run:176 - [接收] L29.616367
2025-09-02 14:52:32.432 | INFO     | Pendulum.SerialConncet:_run:176 - [接收] L29.590849
2025-09-02 14:52:32.443 | INFO     | Pendulum.PendulumAPP:_processSerialData:120 - 📏 串口长度数据已更新: L29.590849 -> physical_length=29.590849
2025-09-02 14:52:32.446 | INFO     | Pendulum.PendulumAPP:_processSerialData:121 - 🔄 数据来源: 串口接收 -> PendulumState.physical_length
2025-09-02 14:52:32.453 | INFO     | Pendulum.SerialConncet:_run:176 - [接收] L29.565329
2025-09-02 14:52:32.473 | INFO     | Pendulum.SerialConncet:_run:176 - [接收] L29.539808
2025-09-02 14:52:32.490 | INFO     | Pendulum.PendulumAPP:_processSerialData:120 - 📏 串口长度数据已更新: L29.539808 -> physical_length=29.539808
2025-09-02 14:52:32.491 | INFO     | Pendulum.PendulumAPP:_processSerialData:121 - 🔄 数据来源: 串口接收 -> PendulumState.physical_length
2025-09-02 14:52:32.495 | INFO     | Pendulum.SerialConncet:_run:176 - [接收] L29.514284
2025-09-02 14:52:32.516 | INFO     | Pendulum.SerialConncet:_run:176 - [接收] L29.488766
2025-09-02 14:52:32.536 | INFO     | Pendulum.PendulumAPP:_processSerialData:120 - 📏 串口长度数据已更新: L29.488766 -> physical_length=29.488766
2025-09-02 14:52:32.537 | INFO     | Pendulum.PendulumAPP:_processSerialData:121 - 🔄 数据来源: 串口接收 -> PendulumState.physical_length
2025-09-02 14:52:32.539 | INFO     | Pendulum.SerialConncet:_run:176 - [接收] L29.463245
2025-09-02 14:52:32.560 | INFO     | Pendulum.SerialConncet:_run:176 - [接收] L29.437721
2025-09-02 14:52:32.578 | INFO     | Pendulum.SerialConncet:_run:176 - [接收] L29.412201
2025-09-02 14:52:32.583 | INFO     | Pendulum.PendulumAPP:_processSerialData:120 - 📏 串口长度数据已更新: L29.412201 -> physical_length=29.412201
2025-09-02 14:52:32.583 | INFO     | Pendulum.PendulumAPP:_processSerialData:121 - 🔄 数据来源: 串口接收 -> PendulumState.physical_length
2025-09-02 14:52:32.598 | INFO     | Pendulum.SerialConncet:_run:176 - [接收] L29.386683
2025-09-02 14:52:32.622 | INFO     | Pendulum.SerialConncet:_run:176 - [接收] L29.361158
2025-09-02 14:52:32.629 | INFO     | Pendulum.PendulumAPP:_processSerialData:120 - 📏 串口长度数据已更新: L29.361158 -> physical_length=29.361158
2025-09-02 14:52:32.631 | INFO     | Pendulum.PendulumAPP:_processSerialData:121 - 🔄 数据来源: 串口接收 -> PendulumState.physical_length
2025-09-02 14:52:32.641 | INFO     | Pendulum.SerialConncet:_run:176 - [接收] L29.335638
2025-09-02 14:52:32.662 | INFO     | Pendulum.SerialConncet:_run:176 - [接收] L29.310118
2025-09-02 14:52:32.676 | INFO     | Pendulum.PendulumAPP:_processSerialData:120 - 📏 串口长度数据已更新: L29.310118 -> physical_length=29.310118
2025-09-02 14:52:32.678 | INFO     | Pendulum.PendulumAPP:_processSerialData:121 - 🔄 数据来源: 串口接收 -> PendulumState.physical_length
2025-09-02 14:52:32.683 | INFO     | Pendulum.SerialConncet:_run:176 - [接收] L29.284595
2025-09-02 14:52:32.706 | INFO     | Pendulum.SerialConncet:_run:176 - [接收] L29.259075
2025-09-02 14:52:32.723 | INFO     | Pendulum.PendulumAPP:_processSerialData:120 - 📏 串口长度数据已更新: L29.259075 -> physical_length=29.259075
2025-09-02 14:52:32.724 | INFO     | Pendulum.PendulumAPP:_processSerialData:121 - 🔄 数据来源: 串口接收 -> PendulumState.physical_length
2025-09-02 14:52:32.726 | INFO     | Pendulum.SerialConncet:_run:176 - [接收] L29.233555
2025-09-02 14:52:32.745 | INFO     | Pendulum.SerialConncet:_run:176 - [接收] L29.208033
2025-09-02 14:52:32.768 | INFO     | Pendulum.SerialConncet:_run:176 - [接收] L29.182512
2025-09-02 14:52:32.771 | INFO     | Pendulum.PendulumAPP:_processSerialData:120 - 📏 串口长度数据已更新: L29.208033 -> physical_length=29.208033
2025-09-02 14:52:32.772 | INFO     | Pendulum.PendulumAPP:_processSerialData:121 - 🔄 数据来源: 串口接收 -> PendulumState.physical_length
2025-09-02 14:52:32.788 | INFO     | Pendulum.SerialConncet:_run:176 - [接收] L29.156992
2025-09-02 14:52:32.808 | INFO     | Pendulum.SerialConncet:_run:176 - [接收] L29.131470
2025-09-02 14:52:32.817 | INFO     | Pendulum.PendulumAPP:_processSerialData:120 - 📏 串口长度数据已更新: L29.131470 -> physical_length=29.131470
2025-09-02 14:52:32.817 | INFO     | Pendulum.PendulumAPP:_processSerialData:121 - 🔄 数据来源: 串口接收 -> PendulumState.physical_length
2025-09-02 14:52:32.830 | INFO     | Pendulum.SerialConncet:_run:176 - [接收] L29.105949
2025-09-02 14:52:32.849 | INFO     | Pendulum.SerialConncet:_run:176 - [接收] L29.080429
2025-09-02 14:52:32.862 | INFO     | Pendulum.PendulumAPP:_processSerialData:120 - 📏 串口长度数据已更新: L29.080429 -> physical_length=29.080429
2025-09-02 14:52:32.863 | INFO     | Pendulum.PendulumAPP:_processSerialData:121 - 🔄 数据来源: 串口接收 -> PendulumState.physical_length
2025-09-02 14:52:32.870 | INFO     | Pendulum.SerialConncet:_run:176 - [接收] L29.054909
2025-09-02 14:52:32.892 | INFO     | Pendulum.SerialConncet:_run:176 - [接收] L29.029387
2025-09-02 14:52:32.909 | INFO     | Pendulum.PendulumAPP:_processSerialData:120 - 📏 串口长度数据已更新: L29.029387 -> physical_length=29.029387
2025-09-02 14:52:32.911 | INFO     | Pendulum.PendulumAPP:_processSerialData:121 - 🔄 数据来源: 串口接收 -> PendulumState.physical_length
2025-09-02 14:52:32.914 | INFO     | Pendulum.SerialConncet:_run:176 - [接收] L29.003866
2025-09-02 14:52:32.933 | INFO     | Pendulum.SerialConncet:_run:176 - [接收] L28.978346
2025-09-02 14:52:32.954 | INFO     | Pendulum.SerialConncet:_run:176 - [接收] L28.952822
2025-09-02 14:52:32.955 | INFO     | Pendulum.PendulumAPP:_processSerialData:120 - 📏 串口长度数据已更新: L28.978346 -> physical_length=28.978346
2025-09-02 14:52:32.958 | INFO     | Pendulum.PendulumAPP:_processSerialData:121 - 🔄 数据来源: 串口接收 -> PendulumState.physical_length
2025-09-02 14:52:32.975 | INFO     | Pendulum.SerialConncet:_run:176 - [接收] L28.927303
2025-09-02 14:52:32.995 | INFO     | Pendulum.SerialConncet:_run:176 - [接收] L28.901783
2025-09-02 14:52:33.001 | INFO     | Pendulum.PendulumAPP:_processSerialData:120 - 📏 串口长度数据已更新: L28.901783 -> physical_length=28.901783
2025-09-02 14:52:33.001 | INFO     | Pendulum.PendulumAPP:_processSerialData:121 - 🔄 数据来源: 串口接收 -> PendulumState.physical_length
2025-09-02 14:52:33.017 | INFO     | Pendulum.SerialConncet:_run:176 - [接收] L28.876259
2025-09-02 14:52:33.040 | INFO     | Pendulum.SerialConncet:_run:176 - [接收] L28.850739
2025-09-02 14:52:33.060 | INFO     | Pendulum.SerialConncet:_run:176 - [接收] L28.825220
2025-09-02 14:52:33.078 | INFO     | Pendulum.PendulumAPP:_processSerialData:120 - 📏 串口长度数据已更新: L28.825220 -> physical_length=28.825220
2025-09-02 14:52:33.079 | INFO     | Pendulum.PendulumAPP:_processSerialData:121 - 🔄 数据来源: 串口接收 -> PendulumState.physical_length
2025-09-02 14:52:33.081 | INFO     | Pendulum.SerialConncet:_run:176 - [接收] L28.799696
2025-09-02 14:52:33.103 | INFO     | Pendulum.SerialConncet:_run:176 - [接收] L28.774176
2025-09-02 14:52:33.121 | INFO     | Pendulum.SerialConncet:_run:176 - [接收] L28.748655
2025-09-02 14:52:33.124 | INFO     | Pendulum.PendulumAPP:_processSerialData:120 - 📏 串口长度数据已更新: L28.748655 -> physical_length=28.748655
2025-09-02 14:52:33.124 | INFO     | Pendulum.PendulumAPP:_processSerialData:121 - 🔄 数据来源: 串口接收 -> PendulumState.physical_length
2025-09-02 14:52:33.141 | INFO     | Pendulum.SerialConncet:_run:176 - [接收] L28.723137
2025-09-02 14:52:33.166 | INFO     | Pendulum.SerialConncet:_run:176 - [接收] L28.697613
2025-09-02 14:52:33.170 | INFO     | Pendulum.PendulumAPP:_processSerialData:120 - 📏 串口长度数据已更新: L28.697613 -> physical_length=28.697613
2025-09-02 14:52:33.171 | INFO     | Pendulum.PendulumAPP:_processSerialData:121 - 🔄 数据来源: 串口接收 -> PendulumState.physical_length
2025-09-02 14:52:33.185 | INFO     | Pendulum.SerialConncet:_run:176 - [接收] L28.672092
2025-09-02 14:52:33.209 | INFO     | Pendulum.SerialConncet:_run:176 - [接收] L28.646572
2025-09-02 14:52:33.216 | INFO     | Pendulum.PendulumAPP:_processSerialData:120 - 📏 串口长度数据已更新: L28.646572 -> physical_length=28.646572
2025-09-02 14:52:33.217 | INFO     | Pendulum.PendulumAPP:_processSerialData:121 - 🔄 数据来源: 串口接收 -> PendulumState.physical_length
2025-09-02 14:52:33.226 | INFO     | Pendulum.SerialConncet:_run:176 - [接收] L28.621050
2025-09-02 14:52:33.250 | INFO     | Pendulum.SerialConncet:_run:176 - [接收] L28.595530
2025-09-02 14:52:33.262 | INFO     | Pendulum.PendulumAPP:_processSerialData:120 - 📏 串口长度数据已更新: L28.595530 -> physical_length=28.595530
2025-09-02 14:52:33.263 | INFO     | Pendulum.PendulumAPP:_processSerialData:121 - 🔄 数据来源: 串口接收 -> PendulumState.physical_length
2025-09-02 14:52:33.267 | INFO     | Pendulum.SerialConncet:_run:176 - [接收] L28.570009
2025-09-02 14:52:33.287 | INFO     | Pendulum.SerialConncet:_run:176 - [接收] L28.544487
2025-09-02 14:52:33.310 | INFO     | Pendulum.SerialConncet:_run:176 - [接收] L28.518967
2025-09-02 14:52:33.310 | INFO     | Pendulum.PendulumAPP:_processSerialData:120 - 📏 串口长度数据已更新: L28.544487 -> physical_length=28.544487
2025-09-02 14:52:33.311 | INFO     | Pendulum.PendulumAPP:_processSerialData:121 - 🔄 数据来源: 串口接收 -> PendulumState.physical_length
2025-09-02 14:52:33.331 | INFO     | Pendulum.SerialConncet:_run:176 - [接收] L28.493446
2025-09-02 14:52:33.351 | INFO     | Pendulum.SerialConncet:_run:176 - [接收] L28.467924
2025-09-02 14:52:33.358 | INFO     | Pendulum.PendulumAPP:_processSerialData:120 - 📏 串口长度数据已更新: L28.467924 -> physical_length=28.467924
2025-09-02 14:52:33.359 | INFO     | Pendulum.PendulumAPP:_processSerialData:121 - 🔄 数据来源: 串口接收 -> PendulumState.physical_length
2025-09-02 14:52:33.375 | INFO     | Pendulum.SerialConncet:_run:176 - [接收] L28.442404
2025-09-02 14:52:33.394 | INFO     | Pendulum.SerialConncet:_run:176 - [接收] L28.416883
2025-09-02 14:52:33.402 | INFO     | Pendulum.PendulumAPP:_processSerialData:120 - 📏 串口长度数据已更新: L28.416883 -> physical_length=28.416883
2025-09-02 14:52:33.402 | INFO     | Pendulum.PendulumAPP:_processSerialData:121 - 🔄 数据来源: 串口接收 -> PendulumState.physical_length
2025-09-02 14:52:33.414 | INFO     | Pendulum.SerialConncet:_run:176 - [接收] L28.391359
2025-09-02 14:52:33.435 | INFO     | Pendulum.SerialConncet:_run:176 - [接收] L28.365841
2025-09-02 14:52:33.449 | INFO     | Pendulum.PendulumAPP:_processSerialData:120 - 📏 串口长度数据已更新: L28.365841 -> physical_length=28.365841
2025-09-02 14:52:33.450 | INFO     | Pendulum.PendulumAPP:_processSerialData:121 - 🔄 数据来源: 串口接收 -> PendulumState.physical_length
2025-09-02 14:52:33.455 | INFO     | Pendulum.SerialConncet:_run:176 - [接收] L28.340321
2025-09-02 14:52:33.477 | INFO     | Pendulum.SerialConncet:_run:176 - [接收] L28.314796
2025-09-02 14:52:33.495 | INFO     | Pendulum.PendulumAPP:_processSerialData:120 - 📏 串口长度数据已更新: L28.314796 -> physical_length=28.314796
2025-09-02 14:52:33.496 | INFO     | Pendulum.PendulumAPP:_processSerialData:121 - 🔄 数据来源: 串口接收 -> PendulumState.physical_length
2025-09-02 14:52:33.501 | INFO     | Pendulum.SerialConncet:_run:176 - [接收] L28.289276
2025-09-02 14:52:33.523 | INFO     | Pendulum.SerialConncet:_run:176 - [接收] L28.263758
2025-09-02 14:52:33.539 | INFO     | Pendulum.SerialConncet:_run:176 - [接收] L28.238237
2025-09-02 14:52:33.543 | INFO     | Pendulum.PendulumAPP:_processSerialData:120 - 📏 串口长度数据已更新: L28.238237 -> physical_length=28.238237
2025-09-02 14:52:33.544 | INFO     | Pendulum.PendulumAPP:_processSerialData:121 - 🔄 数据来源: 串口接收 -> PendulumState.physical_length
2025-09-02 14:52:33.560 | INFO     | Pendulum.SerialConncet:_run:176 - [接收] L28.212713
2025-09-02 14:52:33.584 | INFO     | Pendulum.SerialConncet:_run:176 - [接收] L28.187193
2025-09-02 14:52:33.589 | INFO     | Pendulum.PendulumAPP:_processSerialData:120 - 📏 串口长度数据已更新: L28.187193 -> physical_length=28.187193
2025-09-02 14:52:33.590 | INFO     | Pendulum.PendulumAPP:_processSerialData:121 - 🔄 数据来源: 串口接收 -> PendulumState.physical_length
2025-09-02 14:52:33.605 | INFO     | Pendulum.SerialConncet:_run:176 - [接收] L28.161674
2025-09-02 14:52:33.623 | INFO     | Pendulum.SerialConncet:_run:176 - [接收] L28.136150
2025-09-02 14:52:33.635 | INFO     | Pendulum.PendulumAPP:_processSerialData:120 - 📏 串口长度数据已更新: L28.136150 -> physical_length=28.136150
2025-09-02 14:52:33.636 | INFO     | Pendulum.PendulumAPP:_processSerialData:121 - 🔄 数据来源: 串口接收 -> PendulumState.physical_length
2025-09-02 14:52:33.652 | INFO     | Pendulum.SerialConncet:_run:176 - [接收] L28.110630
2025-09-02 14:52:33.665 | INFO     | Pendulum.SerialConncet:_run:176 - [接收] L28.085110
2025-09-02 14:52:33.682 | INFO     | Pendulum.PendulumAPP:_processSerialData:120 - 📏 串口长度数据已更新: L28.085110 -> physical_length=28.085110
2025-09-02 14:52:33.682 | INFO     | Pendulum.PendulumAPP:_processSerialData:121 - 🔄 数据来源: 串口接收 -> PendulumState.physical_length
2025-09-02 14:52:33.686 | INFO     | Pendulum.SerialConncet:_run:176 - [接收] L28.059587
2025-09-02 14:52:33.708 | INFO     | Pendulum.SerialConncet:_run:176 - [接收] L28.034067
2025-09-02 14:52:33.727 | INFO     | Pendulum.PendulumAPP:_processSerialData:120 - 📏 串口长度数据已更新: L28.034067 -> physical_length=28.034067
2025-09-02 14:52:33.729 | INFO     | Pendulum.PendulumAPP:_processSerialData:121 - 🔄 数据来源: 串口接收 -> PendulumState.physical_length
2025-09-02 14:52:33.732 | INFO     | Pendulum.SerialConncet:_run:176 - [接收] L28.008547
2025-09-02 14:52:33.748 | INFO     | Pendulum.SerialConncet:_run:176 - [接收] L27.983025
2025-09-02 14:52:33.769 | INFO     | Pendulum.SerialConncet:_run:176 - [接收] L27.957504
2025-09-02 14:52:33.790 | INFO     | Pendulum.PendulumAPP:_processSerialData:120 - 📏 串口长度数据已更新: L27.957504 -> physical_length=27.957504
2025-09-02 14:52:33.793 | INFO     | Pendulum.PendulumAPP:_processSerialData:121 - 🔄 数据来源: 串口接收 -> PendulumState.physical_length
2025-09-02 14:52:33.795 | INFO     | Pendulum.SerialConncet:_run:176 - [接收] L27.931984
2025-09-02 14:52:33.811 | INFO     | Pendulum.SerialConncet:_run:176 - [接收] L27.906464
2025-09-02 14:52:33.832 | INFO     | Pendulum.SerialConncet:_run:176 - [接收] L27.880941
2025-09-02 14:52:33.835 | INFO     | Pendulum.PendulumAPP:_processSerialData:120 - 📏 串口长度数据已更新: L27.880941 -> physical_length=27.880941
2025-09-02 14:52:33.837 | INFO     | Pendulum.PendulumAPP:_processSerialData:121 - 🔄 数据来源: 串口接收 -> PendulumState.physical_length
2025-09-02 14:52:33.853 | INFO     | Pendulum.SerialConncet:_run:176 - [接收] L27.855421
2025-09-02 14:52:33.875 | INFO     | Pendulum.SerialConncet:_run:176 - [接收] L27.829901
