2025-09-02 14:30:18.337 | INFO     | Pendulum.PendulumAPP:_processSerialData:120 - 📏 串口长度数据已更新: L24.491388 -> physical_length=24.491388
2025-09-02 14:30:18.340 | INFO     | Pendulum.PendulumAPP:_processSerialData:121 - 🔄 数据来源: 串口接收 -> PendulumState.physical_length
2025-09-02 14:30:18.382 | INFO     | Pendulum.PendulumAPP:_processSerialData:120 - 📏 串口长度数据已更新: L24.491388 -> physical_length=24.491388
2025-09-02 14:30:18.384 | INFO     | Pendulum.PendulumAPP:_processSerialData:121 - 🔄 数据来源: 串口接收 -> PendulumState.physical_length
2025-09-02 14:30:18.430 | INFO     | Pendulum.PendulumAPP:_processSerialData:120 - 📏 串口长度数据已更新: L24.491388 -> physical_length=24.491388
2025-09-02 14:30:18.431 | INFO     | Pendulum.PendulumAPP:_processSerialData:121 - 🔄 数据来源: 串口接收 -> PendulumState.physical_length
2025-09-02 14:30:18.477 | INFO     | Pendulum.PendulumAPP:_processSerialData:120 - 📏 串口长度数据已更新: L24.491388 -> physical_length=24.491388
2025-09-02 14:30:18.479 | INFO     | Pendulum.PendulumAPP:_processSerialData:121 - 🔄 数据来源: 串口接收 -> PendulumState.physical_length
2025-09-02 14:30:18.523 | INFO     | Pendulum.PendulumAPP:_processSerialData:120 - 📏 串口长度数据已更新: L24.491388 -> physical_length=24.491388
2025-09-02 14:30:18.524 | INFO     | Pendulum.PendulumAPP:_processSerialData:121 - 🔄 数据来源: 串口接收 -> PendulumState.physical_length
2025-09-02 14:30:18.569 | INFO     | Pendulum.PendulumAPP:_processSerialData:120 - 📏 串口长度数据已更新: L24.491388 -> physical_length=24.491388
2025-09-02 14:30:18.572 | INFO     | Pendulum.PendulumAPP:_processSerialData:121 - 🔄 数据来源: 串口接收 -> PendulumState.physical_length
2025-09-02 14:30:18.617 | INFO     | Pendulum.PendulumAPP:_processSerialData:120 - 📏 串口长度数据已更新: L24.491388 -> physical_length=24.491388
2025-09-02 14:30:18.618 | INFO     | Pendulum.PendulumAPP:_processSerialData:121 - 🔄 数据来源: 串口接收 -> PendulumState.physical_length
2025-09-02 14:30:18.663 | INFO     | Pendulum.PendulumAPP:_processSerialData:120 - 📏 串口长度数据已更新: L24.491388 -> physical_length=24.491388
2025-09-02 14:30:18.666 | INFO     | Pendulum.PendulumAPP:_processSerialData:121 - 🔄 数据来源: 串口接收 -> PendulumState.physical_length
2025-09-02 14:30:18.708 | INFO     | Pendulum.PendulumAPP:_processSerialData:120 - 📏 串口长度数据已更新: L24.491388 -> physical_length=24.491388
2025-09-02 14:30:18.708 | INFO     | Pendulum.PendulumAPP:_processSerialData:121 - 🔄 数据来源: 串口接收 -> PendulumState.physical_length
2025-09-02 14:30:18.755 | INFO     | Pendulum.PendulumAPP:_processSerialData:120 - 📏 串口长度数据已更新: L24.491388 -> physical_length=24.491388
2025-09-02 14:30:18.758 | INFO     | Pendulum.PendulumAPP:_processSerialData:121 - 🔄 数据来源: 串口接收 -> PendulumState.physical_length
2025-09-02 14:30:18.801 | INFO     | Pendulum.PendulumAPP:_processSerialData:120 - 📏 串口长度数据已更新: L24.491388 -> physical_length=24.491388
2025-09-02 14:30:18.803 | INFO     | Pendulum.PendulumAPP:_processSerialData:121 - 🔄 数据来源: 串口接收 -> PendulumState.physical_length
2025-09-02 14:30:18.847 | INFO     | Pendulum.PendulumAPP:_processSerialData:120 - 📏 串口长度数据已更新: L24.491388 -> physical_length=24.491388
2025-09-02 14:30:18.847 | INFO     | Pendulum.PendulumAPP:_processSerialData:121 - 🔄 数据来源: 串口接收 -> PendulumState.physical_length
2025-09-02 14:30:18.884 | INFO     | Pendulum.PendulumAPP:_keyEventWeb:289 - d1
2025-09-02 14:30:18.885 | INFO     | Pendulum.SerialConncet:send:199 - sendd1
2025-09-02 14:30:18.886 | INFO     | Pendulum.SerialConncet:send:201 - [发送] d1
2025-09-02 14:30:18.893 | INFO     | Pendulum.PendulumAPP:_processSerialData:120 - 📏 串口长度数据已更新: L24.491388 -> physical_length=24.491388
2025-09-02 14:30:18.894 | INFO     | Pendulum.PendulumAPP:_processSerialData:121 - 🔄 数据来源: 串口接收 -> PendulumState.physical_length
2025-09-02 14:30:18.940 | INFO     | Pendulum.PendulumAPP:_processSerialData:120 - 📏 串口长度数据已更新: L24.491388 -> physical_length=24.491388
2025-09-02 14:30:18.941 | INFO     | Pendulum.PendulumAPP:_processSerialData:121 - 🔄 数据来源: 串口接收 -> PendulumState.physical_length
2025-09-02 14:30:18.987 | INFO     | Pendulum.PendulumAPP:_processSerialData:120 - 📏 串口长度数据已更新: L24.491388 -> physical_length=24.491388
2025-09-02 14:30:18.988 | INFO     | Pendulum.PendulumAPP:_processSerialData:121 - 🔄 数据来源: 串口接收 -> PendulumState.physical_length
2025-09-02 14:30:19.034 | INFO     | Pendulum.PendulumAPP:_processSerialData:120 - 📏 串口长度数据已更新: L24.491388 -> physical_length=24.491388
2025-09-02 14:30:19.036 | INFO     | Pendulum.PendulumAPP:_processSerialData:121 - 🔄 数据来源: 串口接收 -> PendulumState.physical_length
2025-09-02 14:30:19.079 | INFO     | Pendulum.PendulumAPP:_processSerialData:120 - 📏 串口长度数据已更新: L24.491388 -> physical_length=24.491388
2025-09-02 14:30:19.081 | INFO     | Pendulum.PendulumAPP:_processSerialData:121 - 🔄 数据来源: 串口接收 -> PendulumState.physical_length
2025-09-02 14:30:19.126 | INFO     | Pendulum.PendulumAPP:_processSerialData:120 - 📏 串口长度数据已更新: L24.491388 -> physical_length=24.491388
2025-09-02 14:30:19.127 | INFO     | Pendulum.PendulumAPP:_processSerialData:121 - 🔄 数据来源: 串口接收 -> PendulumState.physical_length
2025-09-02 14:30:19.173 | INFO     | Pendulum.PendulumAPP:_processSerialData:120 - 📏 串口长度数据已更新: L24.491388 -> physical_length=24.491388
2025-09-02 14:30:19.175 | INFO     | Pendulum.PendulumAPP:_processSerialData:121 - 🔄 数据来源: 串口接收 -> PendulumState.physical_length
2025-09-02 14:30:19.220 | INFO     | Pendulum.PendulumAPP:_processSerialData:120 - 📏 串口长度数据已更新: L24.491388 -> physical_length=24.491388
2025-09-02 14:30:19.221 | INFO     | Pendulum.PendulumAPP:_processSerialData:121 - 🔄 数据来源: 串口接收 -> PendulumState.physical_length
2025-09-02 14:30:19.267 | INFO     | Pendulum.PendulumAPP:_processSerialData:120 - 📏 串口长度数据已更新: L24.491388 -> physical_length=24.491388
2025-09-02 14:30:19.267 | INFO     | Pendulum.PendulumAPP:_processSerialData:121 - 🔄 数据来源: 串口接收 -> PendulumState.physical_length
2025-09-02 14:30:19.313 | INFO     | Pendulum.PendulumAPP:_processSerialData:120 - 📏 串口长度数据已更新: L24.491388 -> physical_length=24.491388
2025-09-02 14:30:19.314 | INFO     | Pendulum.PendulumAPP:_processSerialData:121 - 🔄 数据来源: 串口接收 -> PendulumState.physical_length
2025-09-02 14:30:19.359 | INFO     | Pendulum.PendulumAPP:_processSerialData:120 - 📏 串口长度数据已更新: L24.491388 -> physical_length=24.491388
2025-09-02 14:30:19.361 | INFO     | Pendulum.PendulumAPP:_processSerialData:121 - 🔄 数据来源: 串口接收 -> PendulumState.physical_length
2025-09-02 14:30:19.405 | INFO     | Pendulum.PendulumAPP:_processSerialData:120 - 📏 串口长度数据已更新: L24.491388 -> physical_length=24.491388
2025-09-02 14:30:19.405 | INFO     | Pendulum.PendulumAPP:_processSerialData:121 - 🔄 数据来源: 串口接收 -> PendulumState.physical_length
2025-09-02 14:30:19.484 | INFO     | Pendulum.PendulumAPP:_processSerialData:120 - 📏 串口长度数据已更新: L24.491388 -> physical_length=24.491388
2025-09-02 14:30:19.484 | INFO     | Pendulum.PendulumAPP:_processSerialData:121 - 🔄 数据来源: 串口接收 -> PendulumState.physical_length
2025-09-02 14:30:19.531 | INFO     | Pendulum.PendulumAPP:_processSerialData:120 - 📏 串口长度数据已更新: L24.491388 -> physical_length=24.491388
2025-09-02 14:30:19.532 | INFO     | Pendulum.PendulumAPP:_processSerialData:121 - 🔄 数据来源: 串口接收 -> PendulumState.physical_length
2025-09-02 14:30:19.577 | INFO     | Pendulum.PendulumAPP:_processSerialData:120 - 📏 串口长度数据已更新: L24.491388 -> physical_length=24.491388
2025-09-02 14:30:19.580 | INFO     | Pendulum.PendulumAPP:_processSerialData:121 - 🔄 数据来源: 串口接收 -> PendulumState.physical_length
2025-09-02 14:30:19.622 | INFO     | Pendulum.PendulumAPP:_processSerialData:120 - 📏 串口长度数据已更新: L24.491388 -> physical_length=24.491388
2025-09-02 14:30:19.623 | INFO     | Pendulum.PendulumAPP:_processSerialData:121 - 🔄 数据来源: 串口接收 -> PendulumState.physical_length
2025-09-02 14:30:19.668 | INFO     | Pendulum.PendulumAPP:_processSerialData:120 - 📏 串口长度数据已更新: L24.491388 -> physical_length=24.491388
2025-09-02 14:30:19.672 | INFO     | Pendulum.PendulumAPP:_processSerialData:121 - 🔄 数据来源: 串口接收 -> PendulumState.physical_length
2025-09-02 14:30:19.715 | INFO     | Pendulum.PendulumAPP:_processSerialData:120 - 📏 串口长度数据已更新: L24.491388 -> physical_length=24.491388
2025-09-02 14:30:19.716 | INFO     | Pendulum.PendulumAPP:_processSerialData:121 - 🔄 数据来源: 串口接收 -> PendulumState.physical_length
2025-09-02 14:30:19.762 | INFO     | Pendulum.PendulumAPP:_processSerialData:120 - 📏 串口长度数据已更新: L24.491388 -> physical_length=24.491388
2025-09-02 14:30:19.763 | INFO     | Pendulum.PendulumAPP:_processSerialData:121 - 🔄 数据来源: 串口接收 -> PendulumState.physical_length
2025-09-02 14:30:19.807 | INFO     | Pendulum.PendulumAPP:_processSerialData:120 - 📏 串口长度数据已更新: L24.491388 -> physical_length=24.491388
2025-09-02 14:30:19.807 | INFO     | Pendulum.PendulumAPP:_processSerialData:121 - 🔄 数据来源: 串口接收 -> PendulumState.physical_length
2025-09-02 14:30:19.853 | INFO     | Pendulum.PendulumAPP:_processSerialData:120 - 📏 串口长度数据已更新: L24.491388 -> physical_length=24.491388
2025-09-02 14:30:19.854 | INFO     | Pendulum.PendulumAPP:_processSerialData:121 - 🔄 数据来源: 串口接收 -> PendulumState.physical_length
2025-09-02 14:30:19.901 | INFO     | Pendulum.PendulumAPP:_processSerialData:120 - 📏 串口长度数据已更新: L24.491388 -> physical_length=24.491388
2025-09-02 14:30:19.902 | INFO     | Pendulum.PendulumAPP:_processSerialData:121 - 🔄 数据来源: 串口接收 -> PendulumState.physical_length
2025-09-02 14:30:19.948 | INFO     | Pendulum.PendulumAPP:_processSerialData:120 - 📏 串口长度数据已更新: L24.491388 -> physical_length=24.491388
2025-09-02 14:30:19.951 | INFO     | Pendulum.PendulumAPP:_processSerialData:121 - 🔄 数据来源: 串口接收 -> PendulumState.physical_length
2025-09-02 14:30:19.996 | INFO     | Pendulum.PendulumAPP:_processSerialData:120 - 📏 串口长度数据已更新: L24.491388 -> physical_length=24.491388
2025-09-02 14:30:19.996 | INFO     | Pendulum.PendulumAPP:_processSerialData:121 - 🔄 数据来源: 串口接收 -> PendulumState.physical_length
2025-09-02 14:30:20.042 | INFO     | Pendulum.PendulumAPP:_processSerialData:120 - 📏 串口长度数据已更新: L24.491388 -> physical_length=24.491388
2025-09-02 14:30:20.043 | INFO     | Pendulum.PendulumAPP:_processSerialData:121 - 🔄 数据来源: 串口接收 -> PendulumState.physical_length
2025-09-02 14:30:20.087 | INFO     | Pendulum.PendulumAPP:_processSerialData:120 - 📏 串口长度数据已更新: L24.491388 -> physical_length=24.491388
2025-09-02 14:30:20.088 | INFO     | Pendulum.PendulumAPP:_processSerialData:121 - 🔄 数据来源: 串口接收 -> PendulumState.physical_length
2025-09-02 14:30:20.135 | INFO     | Pendulum.PendulumAPP:_processSerialData:120 - 📏 串口长度数据已更新: L24.491388 -> physical_length=24.491388
2025-09-02 14:30:20.135 | INFO     | Pendulum.PendulumAPP:_processSerialData:121 - 🔄 数据来源: 串口接收 -> PendulumState.physical_length
2025-09-02 14:30:20.180 | INFO     | Pendulum.PendulumAPP:_processSerialData:120 - 📏 串口长度数据已更新: L24.491388 -> physical_length=24.491388
2025-09-02 14:30:20.181 | INFO     | Pendulum.PendulumAPP:_processSerialData:121 - 🔄 数据来源: 串口接收 -> PendulumState.physical_length
2025-09-02 14:30:20.226 | INFO     | Pendulum.PendulumAPP:_processSerialData:120 - 📏 串口长度数据已更新: L24.491388 -> physical_length=24.491388
2025-09-02 14:30:20.227 | INFO     | Pendulum.PendulumAPP:_processSerialData:121 - 🔄 数据来源: 串口接收 -> PendulumState.physical_length
2025-09-02 14:30:20.272 | INFO     | Pendulum.PendulumAPP:_processSerialData:120 - 📏 串口长度数据已更新: L24.491388 -> physical_length=24.491388
2025-09-02 14:30:20.273 | INFO     | Pendulum.PendulumAPP:_processSerialData:121 - 🔄 数据来源: 串口接收 -> PendulumState.physical_length
2025-09-02 14:30:20.319 | INFO     | Pendulum.PendulumAPP:_processSerialData:120 - 📏 串口长度数据已更新: L24.491388 -> physical_length=24.491388
2025-09-02 14:30:20.321 | INFO     | Pendulum.PendulumAPP:_processSerialData:121 - 🔄 数据来源: 串口接收 -> PendulumState.physical_length
2025-09-02 14:30:20.366 | INFO     | Pendulum.PendulumAPP:_processSerialData:120 - 📏 串口长度数据已更新: L24.491388 -> physical_length=24.491388
2025-09-02 14:30:20.367 | INFO     | Pendulum.PendulumAPP:_processSerialData:121 - 🔄 数据来源: 串口接收 -> PendulumState.physical_length
2025-09-02 14:30:20.413 | INFO     | Pendulum.PendulumAPP:_processSerialData:120 - 📏 串口长度数据已更新: L24.491388 -> physical_length=24.491388
2025-09-02 14:30:20.413 | INFO     | Pendulum.PendulumAPP:_processSerialData:121 - 🔄 数据来源: 串口接收 -> PendulumState.physical_length
2025-09-02 14:30:20.461 | INFO     | Pendulum.PendulumAPP:_processSerialData:120 - 📏 串口长度数据已更新: L24.491388 -> physical_length=24.491388
2025-09-02 14:30:20.461 | INFO     | Pendulum.PendulumAPP:_processSerialData:121 - 🔄 数据来源: 串口接收 -> PendulumState.physical_length
2025-09-02 14:30:20.508 | INFO     | Pendulum.PendulumAPP:_processSerialData:120 - 📏 串口长度数据已更新: L24.491388 -> physical_length=24.491388
2025-09-02 14:30:20.510 | INFO     | Pendulum.PendulumAPP:_processSerialData:121 - 🔄 数据来源: 串口接收 -> PendulumState.physical_length
2025-09-02 14:30:20.554 | INFO     | Pendulum.PendulumAPP:_processSerialData:120 - 📏 串口长度数据已更新: L24.491388 -> physical_length=24.491388
2025-09-02 14:30:20.554 | INFO     | Pendulum.PendulumAPP:_processSerialData:121 - 🔄 数据来源: 串口接收 -> PendulumState.physical_length
2025-09-02 14:30:20.601 | INFO     | Pendulum.PendulumAPP:_processSerialData:120 - 📏 串口长度数据已更新: L24.491388 -> physical_length=24.491388
2025-09-02 14:30:20.602 | INFO     | Pendulum.PendulumAPP:_processSerialData:121 - 🔄 数据来源: 串口接收 -> PendulumState.physical_length
2025-09-02 14:30:20.645 | INFO     | Pendulum.PendulumAPP:_keyEventWeb:268 - u2
2025-09-02 14:30:20.646 | INFO     | Pendulum.SerialConncet:send:199 - sendu2
2025-09-02 14:30:20.648 | INFO     | Pendulum.SerialConncet:send:201 - [发送] u2
2025-09-02 14:30:20.664 | INFO     | Pendulum.PendulumAPP:_processSerialData:120 - 📏 串口长度数据已更新: L24.491388 -> physical_length=24.491388
2025-09-02 14:30:20.665 | INFO     | Pendulum.PendulumAPP:_processSerialData:121 - 🔄 数据来源: 串口接收 -> PendulumState.physical_length
2025-09-02 14:30:20.710 | INFO     | Pendulum.PendulumAPP:_processSerialData:120 - 📏 串口长度数据已更新: L24.491388 -> physical_length=24.491388
2025-09-02 14:30:20.711 | INFO     | Pendulum.PendulumAPP:_processSerialData:121 - 🔄 数据来源: 串口接收 -> PendulumState.physical_length
2025-09-02 14:30:20.756 | INFO     | Pendulum.PendulumAPP:_processSerialData:120 - 📏 串口长度数据已更新: L24.491388 -> physical_length=24.491388
2025-09-02 14:30:20.757 | INFO     | Pendulum.PendulumAPP:_processSerialData:121 - 🔄 数据来源: 串口接收 -> PendulumState.physical_length
2025-09-02 14:30:20.802 | INFO     | Pendulum.PendulumAPP:_processSerialData:120 - 📏 串口长度数据已更新: L24.491388 -> physical_length=24.491388
2025-09-02 14:30:20.802 | INFO     | Pendulum.PendulumAPP:_processSerialData:121 - 🔄 数据来源: 串口接收 -> PendulumState.physical_length
2025-09-02 14:30:20.848 | INFO     | Pendulum.PendulumAPP:_processSerialData:120 - 📏 串口长度数据已更新: L24.491388 -> physical_length=24.491388
2025-09-02 14:30:20.849 | INFO     | Pendulum.PendulumAPP:_processSerialData:121 - 🔄 数据来源: 串口接收 -> PendulumState.physical_length
2025-09-02 14:30:20.895 | INFO     | Pendulum.PendulumAPP:_processSerialData:120 - 📏 串口长度数据已更新: L24.491388 -> physical_length=24.491388
2025-09-02 14:30:20.896 | INFO     | Pendulum.PendulumAPP:_processSerialData:121 - 🔄 数据来源: 串口接收 -> PendulumState.physical_length
2025-09-02 14:30:20.942 | INFO     | Pendulum.PendulumAPP:_processSerialData:120 - 📏 串口长度数据已更新: L24.491388 -> physical_length=24.491388
2025-09-02 14:30:20.943 | INFO     | Pendulum.PendulumAPP:_processSerialData:121 - 🔄 数据来源: 串口接收 -> PendulumState.physical_length
2025-09-02 14:30:20.988 | INFO     | Pendulum.PendulumAPP:_processSerialData:120 - 📏 串口长度数据已更新: L24.491388 -> physical_length=24.491388
2025-09-02 14:30:20.989 | INFO     | Pendulum.PendulumAPP:_processSerialData:121 - 🔄 数据来源: 串口接收 -> PendulumState.physical_length
2025-09-02 14:30:21.035 | INFO     | Pendulum.PendulumAPP:_processSerialData:120 - 📏 串口长度数据已更新: L24.491388 -> physical_length=24.491388
2025-09-02 14:30:21.036 | INFO     | Pendulum.PendulumAPP:_processSerialData:121 - 🔄 数据来源: 串口接收 -> PendulumState.physical_length
2025-09-02 14:30:21.081 | INFO     | Pendulum.PendulumAPP:_processSerialData:120 - 📏 串口长度数据已更新: L24.491388 -> physical_length=24.491388
2025-09-02 14:30:21.082 | INFO     | Pendulum.PendulumAPP:_processSerialData:121 - 🔄 数据来源: 串口接收 -> PendulumState.physical_length
2025-09-02 14:30:21.128 | INFO     | Pendulum.PendulumAPP:_processSerialData:120 - 📏 串口长度数据已更新: L24.491388 -> physical_length=24.491388
2025-09-02 14:30:21.131 | INFO     | Pendulum.PendulumAPP:_processSerialData:121 - 🔄 数据来源: 串口接收 -> PendulumState.physical_length
2025-09-02 14:30:21.174 | INFO     | Pendulum.PendulumAPP:_processSerialData:120 - 📏 串口长度数据已更新: L24.491388 -> physical_length=24.491388
2025-09-02 14:30:21.177 | INFO     | Pendulum.PendulumAPP:_processSerialData:121 - 🔄 数据来源: 串口接收 -> PendulumState.physical_length
2025-09-02 14:30:21.220 | INFO     | Pendulum.PendulumAPP:_processSerialData:120 - 📏 串口长度数据已更新: L24.491388 -> physical_length=24.491388
2025-09-02 14:30:21.223 | INFO     | Pendulum.PendulumAPP:_processSerialData:121 - 🔄 数据来源: 串口接收 -> PendulumState.physical_length
2025-09-02 14:30:21.266 | INFO     | Pendulum.PendulumAPP:_processSerialData:120 - 📏 串口长度数据已更新: L24.491388 -> physical_length=24.491388
2025-09-02 14:30:21.267 | INFO     | Pendulum.PendulumAPP:_processSerialData:121 - 🔄 数据来源: 串口接收 -> PendulumState.physical_length
2025-09-02 14:30:21.314 | INFO     | Pendulum.PendulumAPP:_processSerialData:120 - 📏 串口长度数据已更新: L24.491388 -> physical_length=24.491388
2025-09-02 14:30:21.315 | INFO     | Pendulum.PendulumAPP:_processSerialData:121 - 🔄 数据来源: 串口接收 -> PendulumState.physical_length
2025-09-02 14:30:21.359 | INFO     | Pendulum.PendulumAPP:_processSerialData:120 - 📏 串口长度数据已更新: L24.491388 -> physical_length=24.491388
2025-09-02 14:30:21.359 | INFO     | Pendulum.PendulumAPP:_processSerialData:121 - 🔄 数据来源: 串口接收 -> PendulumState.physical_length
2025-09-02 14:30:21.405 | INFO     | Pendulum.PendulumAPP:_processSerialData:120 - 📏 串口长度数据已更新: L24.491388 -> physical_length=24.491388
2025-09-02 14:30:21.406 | INFO     | Pendulum.PendulumAPP:_processSerialData:121 - 🔄 数据来源: 串口接收 -> PendulumState.physical_length
2025-09-02 14:30:21.453 | INFO     | Pendulum.PendulumAPP:_processSerialData:120 - 📏 串口长度数据已更新: L24.491388 -> physical_length=24.491388
2025-09-02 14:30:21.454 | INFO     | Pendulum.PendulumAPP:_processSerialData:121 - 🔄 数据来源: 串口接收 -> PendulumState.physical_length
2025-09-02 14:30:21.498 | INFO     | Pendulum.PendulumAPP:_processSerialData:120 - 📏 串口长度数据已更新: L24.491388 -> physical_length=24.491388
2025-09-02 14:30:21.499 | INFO     | Pendulum.PendulumAPP:_processSerialData:121 - 🔄 数据来源: 串口接收 -> PendulumState.physical_length
2025-09-02 14:30:21.545 | INFO     | Pendulum.PendulumAPP:_processSerialData:120 - 📏 串口长度数据已更新: L24.491388 -> physical_length=24.491388
2025-09-02 14:30:21.548 | INFO     | Pendulum.PendulumAPP:_processSerialData:121 - 🔄 数据来源: 串口接收 -> PendulumState.physical_length
2025-09-02 14:30:21.590 | INFO     | Pendulum.PendulumAPP:_processSerialData:120 - 📏 串口长度数据已更新: L24.491388 -> physical_length=24.491388
2025-09-02 14:30:21.591 | INFO     | Pendulum.PendulumAPP:_processSerialData:121 - 🔄 数据来源: 串口接收 -> PendulumState.physical_length
2025-09-02 14:30:21.637 | INFO     | Pendulum.PendulumAPP:_processSerialData:120 - 📏 串口长度数据已更新: L24.491388 -> physical_length=24.491388
2025-09-02 14:30:21.639 | INFO     | Pendulum.PendulumAPP:_processSerialData:121 - 🔄 数据来源: 串口接收 -> PendulumState.physical_length
2025-09-02 14:30:21.683 | INFO     | Pendulum.PendulumAPP:_processSerialData:120 - 📏 串口长度数据已更新: L24.491388 -> physical_length=24.491388
2025-09-02 14:30:21.685 | INFO     | Pendulum.PendulumAPP:_processSerialData:121 - 🔄 数据来源: 串口接收 -> PendulumState.physical_length
2025-09-02 14:30:21.730 | INFO     | Pendulum.PendulumAPP:_processSerialData:120 - 📏 串口长度数据已更新: L24.491388 -> physical_length=24.491388
2025-09-02 14:30:21.731 | INFO     | Pendulum.PendulumAPP:_processSerialData:121 - 🔄 数据来源: 串口接收 -> PendulumState.physical_length
2025-09-02 14:30:21.776 | INFO     | Pendulum.PendulumAPP:_processSerialData:120 - 📏 串口长度数据已更新: L24.491388 -> physical_length=24.491388
2025-09-02 14:30:21.777 | INFO     | Pendulum.PendulumAPP:_processSerialData:121 - 🔄 数据来源: 串口接收 -> PendulumState.physical_length
2025-09-02 14:30:21.822 | INFO     | Pendulum.PendulumAPP:_processSerialData:120 - 📏 串口长度数据已更新: L24.491388 -> physical_length=24.491388
2025-09-02 14:30:21.823 | INFO     | Pendulum.PendulumAPP:_processSerialData:121 - 🔄 数据来源: 串口接收 -> PendulumState.physical_length
2025-09-02 14:30:21.870 | INFO     | Pendulum.PendulumAPP:_processSerialData:120 - 📏 串口长度数据已更新: L24.491388 -> physical_length=24.491388
2025-09-02 14:30:21.870 | INFO     | Pendulum.PendulumAPP:_processSerialData:121 - 🔄 数据来源: 串口接收 -> PendulumState.physical_length
2025-09-02 14:30:21.917 | INFO     | Pendulum.PendulumAPP:_processSerialData:120 - 📏 串口长度数据已更新: L24.491388 -> physical_length=24.491388
2025-09-02 14:30:21.918 | INFO     | Pendulum.PendulumAPP:_processSerialData:121 - 🔄 数据来源: 串口接收 -> PendulumState.physical_length
2025-09-02 14:30:21.964 | INFO     | Pendulum.PendulumAPP:_processSerialData:120 - 📏 串口长度数据已更新: L24.491388 -> physical_length=24.491388
2025-09-02 14:30:21.965 | INFO     | Pendulum.PendulumAPP:_processSerialData:121 - 🔄 数据来源: 串口接收 -> PendulumState.physical_length
2025-09-02 14:30:22.010 | INFO     | Pendulum.PendulumAPP:_processSerialData:120 - 📏 串口长度数据已更新: L24.491388 -> physical_length=24.491388
2025-09-02 14:30:22.011 | INFO     | Pendulum.PendulumAPP:_processSerialData:121 - 🔄 数据来源: 串口接收 -> PendulumState.physical_length
2025-09-02 14:30:22.057 | INFO     | Pendulum.PendulumAPP:_processSerialData:120 - 📏 串口长度数据已更新: L24.491388 -> physical_length=24.491388
2025-09-02 14:30:22.058 | INFO     | Pendulum.PendulumAPP:_processSerialData:121 - 🔄 数据来源: 串口接收 -> PendulumState.physical_length
2025-09-02 14:30:22.103 | INFO     | Pendulum.PendulumAPP:_processSerialData:120 - 📏 串口长度数据已更新: L24.491388 -> physical_length=24.491388
2025-09-02 14:30:22.104 | INFO     | Pendulum.PendulumAPP:_processSerialData:121 - 🔄 数据来源: 串口接收 -> PendulumState.physical_length
2025-09-02 14:30:22.149 | INFO     | Pendulum.PendulumAPP:_processSerialData:120 - 📏 串口长度数据已更新: L24.491388 -> physical_length=24.491388
2025-09-02 14:30:22.149 | INFO     | Pendulum.PendulumAPP:_processSerialData:121 - 🔄 数据来源: 串口接收 -> PendulumState.physical_length
2025-09-02 14:30:22.195 | INFO     | Pendulum.PendulumAPP:_processSerialData:120 - 📏 串口长度数据已更新: L24.491388 -> physical_length=24.491388
2025-09-02 14:30:22.197 | INFO     | Pendulum.PendulumAPP:_processSerialData:121 - 🔄 数据来源: 串口接收 -> PendulumState.physical_length
2025-09-02 14:30:22.242 | INFO     | Pendulum.PendulumAPP:_processSerialData:120 - 📏 串口长度数据已更新: L24.491388 -> physical_length=24.491388
2025-09-02 14:30:22.242 | INFO     | Pendulum.PendulumAPP:_processSerialData:121 - 🔄 数据来源: 串口接收 -> PendulumState.physical_length
2025-09-02 14:30:22.290 | INFO     | Pendulum.PendulumAPP:_processSerialData:120 - 📏 串口长度数据已更新: L24.491388 -> physical_length=24.491388
2025-09-02 14:30:22.290 | INFO     | Pendulum.PendulumAPP:_processSerialData:121 - 🔄 数据来源: 串口接收 -> PendulumState.physical_length
2025-09-02 14:30:22.336 | INFO     | Pendulum.PendulumAPP:_processSerialData:120 - 📏 串口长度数据已更新: L24.491388 -> physical_length=24.491388
2025-09-02 14:30:22.338 | INFO     | Pendulum.PendulumAPP:_processSerialData:121 - 🔄 数据来源: 串口接收 -> PendulumState.physical_length
2025-09-02 14:30:22.382 | INFO     | Pendulum.PendulumAPP:_processSerialData:120 - 📏 串口长度数据已更新: L24.491388 -> physical_length=24.491388
2025-09-02 14:30:22.383 | INFO     | Pendulum.PendulumAPP:_processSerialData:121 - 🔄 数据来源: 串口接收 -> PendulumState.physical_length
2025-09-02 14:30:22.428 | INFO     | Pendulum.PendulumAPP:_processSerialData:120 - 📏 串口长度数据已更新: L24.491388 -> physical_length=24.491388
2025-09-02 14:30:22.428 | INFO     | Pendulum.PendulumAPP:_processSerialData:121 - 🔄 数据来源: 串口接收 -> PendulumState.physical_length
2025-09-02 14:30:22.474 | INFO     | Pendulum.PendulumAPP:_processSerialData:120 - 📏 串口长度数据已更新: L24.491388 -> physical_length=24.491388
2025-09-02 14:30:22.475 | INFO     | Pendulum.PendulumAPP:_processSerialData:121 - 🔄 数据来源: 串口接收 -> PendulumState.physical_length
2025-09-02 14:30:22.521 | INFO     | Pendulum.PendulumAPP:_processSerialData:120 - 📏 串口长度数据已更新: L24.491388 -> physical_length=24.491388
2025-09-02 14:30:22.523 | INFO     | Pendulum.PendulumAPP:_processSerialData:121 - 🔄 数据来源: 串口接收 -> PendulumState.physical_length
2025-09-02 14:30:22.566 | INFO     | Pendulum.PendulumAPP:_processSerialData:120 - 📏 串口长度数据已更新: L24.491388 -> physical_length=24.491388
2025-09-02 14:30:22.567 | INFO     | Pendulum.PendulumAPP:_processSerialData:121 - 🔄 数据来源: 串口接收 -> PendulumState.physical_length
2025-09-02 14:30:22.613 | INFO     | Pendulum.PendulumAPP:_processSerialData:120 - 📏 串口长度数据已更新: L24.491388 -> physical_length=24.491388
2025-09-02 14:30:22.615 | INFO     | Pendulum.PendulumAPP:_processSerialData:121 - 🔄 数据来源: 串口接收 -> PendulumState.physical_length
2025-09-02 14:30:22.660 | INFO     | Pendulum.PendulumAPP:_processSerialData:120 - 📏 串口长度数据已更新: L24.491388 -> physical_length=24.491388
2025-09-02 14:30:22.662 | INFO     | Pendulum.PendulumAPP:_processSerialData:121 - 🔄 数据来源: 串口接收 -> PendulumState.physical_length
2025-09-02 14:30:22.706 | INFO     | Pendulum.PendulumAPP:_processSerialData:120 - 📏 串口长度数据已更新: L24.491388 -> physical_length=24.491388
2025-09-02 14:30:22.707 | INFO     | Pendulum.PendulumAPP:_processSerialData:121 - 🔄 数据来源: 串口接收 -> PendulumState.physical_length
2025-09-02 14:30:22.752 | INFO     | Pendulum.PendulumAPP:_processSerialData:120 - 📏 串口长度数据已更新: L24.491388 -> physical_length=24.491388
2025-09-02 14:30:22.753 | INFO     | Pendulum.PendulumAPP:_processSerialData:121 - 🔄 数据来源: 串口接收 -> PendulumState.physical_length
2025-09-02 14:30:22.788 | INFO     | Pendulum.PendulumAPP:_processSerialData:120 - 📏 串口长度数据已更新: L24.491388 -> physical_length=24.491388
2025-09-02 14:30:22.789 | INFO     | Pendulum.PendulumAPP:_processSerialData:121 - 🔄 数据来源: 串口接收 -> PendulumState.physical_length
2025-09-02 14:30:22.828 | INFO     | Pendulum.PendulumAPP:_processSerialData:120 - 📏 串口长度数据已更新: L24.491388 -> physical_length=24.491388
2025-09-02 14:30:22.829 | INFO     | Pendulum.PendulumAPP:_processSerialData:121 - 🔄 数据来源: 串口接收 -> PendulumState.physical_length
2025-09-02 14:30:22.875 | INFO     | Pendulum.PendulumAPP:_processSerialData:120 - 📏 串口长度数据已更新: L24.491388 -> physical_length=24.491388
2025-09-02 14:30:22.881 | INFO     | Pendulum.PendulumAPP:_processSerialData:121 - 🔄 数据来源: 串口接收 -> PendulumState.physical_length
2025-09-02 14:30:22.921 | INFO     | Pendulum.PendulumAPP:_processSerialData:120 - 📏 串口长度数据已更新: L24.491388 -> physical_length=24.491388
2025-09-02 14:30:22.921 | INFO     | Pendulum.PendulumAPP:_processSerialData:121 - 🔄 数据来源: 串口接收 -> PendulumState.physical_length
2025-09-02 14:30:22.968 | INFO     | Pendulum.PendulumAPP:_processSerialData:120 - 📏 串口长度数据已更新: L24.491388 -> physical_length=24.491388
2025-09-02 14:30:22.969 | INFO     | Pendulum.PendulumAPP:_processSerialData:121 - 🔄 数据来源: 串口接收 -> PendulumState.physical_length
2025-09-02 14:30:23.015 | INFO     | Pendulum.PendulumAPP:_processSerialData:120 - 📏 串口长度数据已更新: L24.491388 -> physical_length=24.491388
2025-09-02 14:30:23.016 | INFO     | Pendulum.PendulumAPP:_processSerialData:121 - 🔄 数据来源: 串口接收 -> PendulumState.physical_length
2025-09-02 14:30:23.050 | INFO     | Pendulum.PendulumAPP:_keyEventWeb:274 - u0
2025-09-02 14:30:23.051 | INFO     | Pendulum.SerialConncet:send:199 - sendu0
2025-09-02 14:30:23.053 | INFO     | Pendulum.SerialConncet:send:201 - [发送] u0
2025-09-02 14:30:23.063 | INFO     | Pendulum.PendulumAPP:_processSerialData:120 - 📏 串口长度数据已更新: L24.491388 -> physical_length=24.491388
2025-09-02 14:30:23.066 | INFO     | Pendulum.PendulumAPP:_processSerialData:121 - 🔄 数据来源: 串口接收 -> PendulumState.physical_length
2025-09-02 14:30:23.110 | INFO     | Pendulum.PendulumAPP:_processSerialData:120 - 📏 串口长度数据已更新: L24.491388 -> physical_length=24.491388
2025-09-02 14:30:23.112 | INFO     | Pendulum.PendulumAPP:_processSerialData:121 - 🔄 数据来源: 串口接收 -> PendulumState.physical_length
2025-09-02 14:30:23.156 | INFO     | Pendulum.PendulumAPP:_processSerialData:120 - 📏 串口长度数据已更新: L24.491388 -> physical_length=24.491388
2025-09-02 14:30:23.157 | INFO     | Pendulum.PendulumAPP:_processSerialData:121 - 🔄 数据来源: 串口接收 -> PendulumState.physical_length
2025-09-02 14:30:23.202 | INFO     | Pendulum.PendulumAPP:_processSerialData:120 - 📏 串口长度数据已更新: L24.491388 -> physical_length=24.491388
2025-09-02 14:30:23.204 | INFO     | Pendulum.PendulumAPP:_processSerialData:121 - 🔄 数据来源: 串口接收 -> PendulumState.physical_length
2025-09-02 14:30:23.248 | INFO     | Pendulum.PendulumAPP:_processSerialData:120 - 📏 串口长度数据已更新: L24.491388 -> physical_length=24.491388
2025-09-02 14:30:23.249 | INFO     | Pendulum.PendulumAPP:_processSerialData:121 - 🔄 数据来源: 串口接收 -> PendulumState.physical_length
2025-09-02 14:30:23.293 | INFO     | Pendulum.PendulumAPP:_processSerialData:120 - 📏 串口长度数据已更新: L24.491388 -> physical_length=24.491388
2025-09-02 14:30:23.294 | INFO     | Pendulum.PendulumAPP:_processSerialData:121 - 🔄 数据来源: 串口接收 -> PendulumState.physical_length
2025-09-02 14:30:23.344 | INFO     | Pendulum.PendulumAPP:_processSerialData:120 - 📏 串口长度数据已更新: L24.491388 -> physical_length=24.491388
2025-09-02 14:30:23.346 | INFO     | Pendulum.PendulumAPP:_processSerialData:121 - 🔄 数据来源: 串口接收 -> PendulumState.physical_length
2025-09-02 14:30:23.387 | INFO     | Pendulum.PendulumAPP:_processSerialData:120 - 📏 串口长度数据已更新: L24.491388 -> physical_length=24.491388
2025-09-02 14:30:23.387 | INFO     | Pendulum.PendulumAPP:_processSerialData:121 - 🔄 数据来源: 串口接收 -> PendulumState.physical_length
2025-09-02 14:30:23.433 | INFO     | Pendulum.PendulumAPP:_processSerialData:120 - 📏 串口长度数据已更新: L24.491388 -> physical_length=24.491388
2025-09-02 14:30:23.434 | INFO     | Pendulum.PendulumAPP:_processSerialData:121 - 🔄 数据来源: 串口接收 -> PendulumState.physical_length
2025-09-02 14:30:23.479 | INFO     | Pendulum.PendulumAPP:_processSerialData:120 - 📏 串口长度数据已更新: L24.491388 -> physical_length=24.491388
2025-09-02 14:30:23.480 | INFO     | Pendulum.PendulumAPP:_processSerialData:121 - 🔄 数据来源: 串口接收 -> PendulumState.physical_length
2025-09-02 14:30:23.526 | INFO     | Pendulum.PendulumAPP:_processSerialData:120 - 📏 串口长度数据已更新: L24.491388 -> physical_length=24.491388
2025-09-02 14:30:23.527 | INFO     | Pendulum.PendulumAPP:_processSerialData:121 - 🔄 数据来源: 串口接收 -> PendulumState.physical_length
2025-09-02 14:30:23.575 | INFO     | Pendulum.PendulumAPP:_processSerialData:120 - 📏 串口长度数据已更新: L24.491388 -> physical_length=24.491388
2025-09-02 14:30:23.578 | INFO     | Pendulum.PendulumAPP:_processSerialData:121 - 🔄 数据来源: 串口接收 -> PendulumState.physical_length
2025-09-02 14:30:23.620 | INFO     | Pendulum.PendulumAPP:_processSerialData:120 - 📏 串口长度数据已更新: L24.491388 -> physical_length=24.491388
2025-09-02 14:30:23.622 | INFO     | Pendulum.PendulumAPP:_processSerialData:121 - 🔄 数据来源: 串口接收 -> PendulumState.physical_length
2025-09-02 14:30:23.666 | INFO     | Pendulum.PendulumAPP:_processSerialData:120 - 📏 串口长度数据已更新: L24.491388 -> physical_length=24.491388
2025-09-02 14:30:23.667 | INFO     | Pendulum.PendulumAPP:_processSerialData:121 - 🔄 数据来源: 串口接收 -> PendulumState.physical_length
2025-09-02 14:30:23.713 | INFO     | Pendulum.PendulumAPP:_processSerialData:120 - 📏 串口长度数据已更新: L24.491388 -> physical_length=24.491388
2025-09-02 14:30:23.714 | INFO     | Pendulum.PendulumAPP:_processSerialData:121 - 🔄 数据来源: 串口接收 -> PendulumState.physical_length
2025-09-02 14:30:23.759 | INFO     | Pendulum.PendulumAPP:_processSerialData:120 - 📏 串口长度数据已更新: L24.491388 -> physical_length=24.491388
2025-09-02 14:30:23.761 | INFO     | Pendulum.PendulumAPP:_processSerialData:121 - 🔄 数据来源: 串口接收 -> PendulumState.physical_length
2025-09-02 14:30:23.806 | INFO     | Pendulum.PendulumAPP:_processSerialData:120 - 📏 串口长度数据已更新: L24.491388 -> physical_length=24.491388
2025-09-02 14:30:23.807 | INFO     | Pendulum.PendulumAPP:_processSerialData:121 - 🔄 数据来源: 串口接收 -> PendulumState.physical_length
2025-09-02 14:30:23.853 | INFO     | Pendulum.PendulumAPP:_processSerialData:120 - 📏 串口长度数据已更新: L24.491388 -> physical_length=24.491388
2025-09-02 14:30:23.854 | INFO     | Pendulum.PendulumAPP:_processSerialData:121 - 🔄 数据来源: 串口接收 -> PendulumState.physical_length
2025-09-02 14:30:23.898 | INFO     | Pendulum.PendulumAPP:_processSerialData:120 - 📏 串口长度数据已更新: L24.491388 -> physical_length=24.491388
2025-09-02 14:30:23.900 | INFO     | Pendulum.PendulumAPP:_processSerialData:121 - 🔄 数据来源: 串口接收 -> PendulumState.physical_length
2025-09-02 14:30:23.946 | INFO     | Pendulum.PendulumAPP:_processSerialData:120 - 📏 串口长度数据已更新: L24.491388 -> physical_length=24.491388
2025-09-02 14:30:23.947 | INFO     | Pendulum.PendulumAPP:_processSerialData:121 - 🔄 数据来源: 串口接收 -> PendulumState.physical_length
2025-09-02 14:30:23.992 | INFO     | Pendulum.PendulumAPP:_processSerialData:120 - 📏 串口长度数据已更新: L24.491388 -> physical_length=24.491388
2025-09-02 14:30:23.995 | INFO     | Pendulum.PendulumAPP:_processSerialData:121 - 🔄 数据来源: 串口接收 -> PendulumState.physical_length
2025-09-02 14:30:24.038 | INFO     | Pendulum.PendulumAPP:_processSerialData:120 - 📏 串口长度数据已更新: L24.491388 -> physical_length=24.491388
2025-09-02 14:30:24.039 | INFO     | Pendulum.PendulumAPP:_processSerialData:121 - 🔄 数据来源: 串口接收 -> PendulumState.physical_length
2025-09-02 14:30:24.086 | INFO     | Pendulum.PendulumAPP:_processSerialData:120 - 📏 串口长度数据已更新: L24.491388 -> physical_length=24.491388
2025-09-02 14:30:24.089 | INFO     | Pendulum.PendulumAPP:_processSerialData:121 - 🔄 数据来源: 串口接收 -> PendulumState.physical_length
2025-09-02 14:30:24.132 | INFO     | Pendulum.PendulumAPP:_processSerialData:120 - 📏 串口长度数据已更新: L24.491388 -> physical_length=24.491388
2025-09-02 14:30:24.134 | INFO     | Pendulum.PendulumAPP:_processSerialData:121 - 🔄 数据来源: 串口接收 -> PendulumState.physical_length
2025-09-02 14:30:24.179 | INFO     | Pendulum.PendulumAPP:_processSerialData:120 - 📏 串口长度数据已更新: L24.491388 -> physical_length=24.491388
2025-09-02 14:30:24.180 | INFO     | Pendulum.PendulumAPP:_processSerialData:121 - 🔄 数据来源: 串口接收 -> PendulumState.physical_length
2025-09-02 14:30:24.227 | INFO     | Pendulum.PendulumAPP:_processSerialData:120 - 📏 串口长度数据已更新: L24.491388 -> physical_length=24.491388
2025-09-02 14:30:24.228 | INFO     | Pendulum.PendulumAPP:_processSerialData:121 - 🔄 数据来源: 串口接收 -> PendulumState.physical_length
2025-09-02 14:30:24.272 | INFO     | Pendulum.PendulumAPP:_processSerialData:120 - 📏 串口长度数据已更新: L24.491388 -> physical_length=24.491388
2025-09-02 14:30:24.273 | INFO     | Pendulum.PendulumAPP:_processSerialData:121 - 🔄 数据来源: 串口接收 -> PendulumState.physical_length
2025-09-02 14:30:24.319 | INFO     | Pendulum.PendulumAPP:_processSerialData:120 - 📏 串口长度数据已更新: L24.491388 -> physical_length=24.491388
2025-09-02 14:30:24.320 | INFO     | Pendulum.PendulumAPP:_processSerialData:121 - 🔄 数据来源: 串口接收 -> PendulumState.physical_length
2025-09-02 14:30:24.366 | INFO     | Pendulum.PendulumAPP:_processSerialData:120 - 📏 串口长度数据已更新: L24.491388 -> physical_length=24.491388
2025-09-02 14:30:24.367 | INFO     | Pendulum.PendulumAPP:_processSerialData:121 - 🔄 数据来源: 串口接收 -> PendulumState.physical_length
2025-09-02 14:30:24.414 | INFO     | Pendulum.PendulumAPP:_processSerialData:120 - 📏 串口长度数据已更新: L24.491388 -> physical_length=24.491388
2025-09-02 14:30:24.415 | INFO     | Pendulum.PendulumAPP:_processSerialData:121 - 🔄 数据来源: 串口接收 -> PendulumState.physical_length
2025-09-02 14:30:24.460 | INFO     | Pendulum.PendulumAPP:_processSerialData:120 - 📏 串口长度数据已更新: L24.491388 -> physical_length=24.491388
2025-09-02 14:30:24.462 | INFO     | Pendulum.PendulumAPP:_processSerialData:121 - 🔄 数据来源: 串口接收 -> PendulumState.physical_length
2025-09-02 14:30:24.507 | INFO     | Pendulum.PendulumAPP:_processSerialData:120 - 📏 串口长度数据已更新: L24.491388 -> physical_length=24.491388
2025-09-02 14:30:24.508 | INFO     | Pendulum.PendulumAPP:_processSerialData:121 - 🔄 数据来源: 串口接收 -> PendulumState.physical_length
2025-09-02 14:30:24.555 | INFO     | Pendulum.PendulumAPP:_processSerialData:120 - 📏 串口长度数据已更新: L24.491388 -> physical_length=24.491388
2025-09-02 14:30:24.555 | INFO     | Pendulum.PendulumAPP:_processSerialData:121 - 🔄 数据来源: 串口接收 -> PendulumState.physical_length
2025-09-02 14:30:24.602 | INFO     | Pendulum.PendulumAPP:_processSerialData:120 - 📏 串口长度数据已更新: L24.491388 -> physical_length=24.491388
2025-09-02 14:30:24.603 | INFO     | Pendulum.PendulumAPP:_processSerialData:121 - 🔄 数据来源: 串口接收 -> PendulumState.physical_length
2025-09-02 14:30:24.649 | INFO     | Pendulum.PendulumAPP:_processSerialData:120 - 📏 串口长度数据已更新: L24.491388 -> physical_length=24.491388
2025-09-02 14:30:24.653 | INFO     | Pendulum.PendulumAPP:_processSerialData:121 - 🔄 数据来源: 串口接收 -> PendulumState.physical_length
2025-09-02 14:30:24.694 | INFO     | Pendulum.PendulumAPP:_processSerialData:120 - 📏 串口长度数据已更新: L24.491388 -> physical_length=24.491388
2025-09-02 14:30:24.697 | INFO     | Pendulum.PendulumAPP:_processSerialData:121 - 🔄 数据来源: 串口接收 -> PendulumState.physical_length
2025-09-02 14:30:24.741 | INFO     | Pendulum.PendulumAPP:_processSerialData:120 - 📏 串口长度数据已更新: L24.491388 -> physical_length=24.491388
2025-09-02 14:30:24.742 | INFO     | Pendulum.PendulumAPP:_processSerialData:121 - 🔄 数据来源: 串口接收 -> PendulumState.physical_length
2025-09-02 14:30:24.789 | INFO     | Pendulum.PendulumAPP:_processSerialData:120 - 📏 串口长度数据已更新: L24.491388 -> physical_length=24.491388
2025-09-02 14:30:24.792 | INFO     | Pendulum.PendulumAPP:_processSerialData:121 - 🔄 数据来源: 串口接收 -> PendulumState.physical_length
2025-09-02 14:30:24.835 | INFO     | Pendulum.PendulumAPP:_processSerialData:120 - 📏 串口长度数据已更新: L24.491388 -> physical_length=24.491388
2025-09-02 14:30:24.835 | INFO     | Pendulum.PendulumAPP:_processSerialData:121 - 🔄 数据来源: 串口接收 -> PendulumState.physical_length
2025-09-02 14:30:24.882 | INFO     | Pendulum.PendulumAPP:_processSerialData:120 - 📏 串口长度数据已更新: L24.491388 -> physical_length=24.491388
2025-09-02 14:30:24.882 | INFO     | Pendulum.PendulumAPP:_processSerialData:121 - 🔄 数据来源: 串口接收 -> PendulumState.physical_length
2025-09-02 14:30:24.930 | INFO     | Pendulum.PendulumAPP:_processSerialData:120 - 📏 串口长度数据已更新: L24.491388 -> physical_length=24.491388
2025-09-02 14:30:24.931 | INFO     | Pendulum.PendulumAPP:_processSerialData:121 - 🔄 数据来源: 串口接收 -> PendulumState.physical_length
2025-09-02 14:30:24.975 | INFO     | Pendulum.PendulumAPP:_processSerialData:120 - 📏 串口长度数据已更新: L24.491388 -> physical_length=24.491388
2025-09-02 14:30:24.976 | INFO     | Pendulum.PendulumAPP:_processSerialData:121 - 🔄 数据来源: 串口接收 -> PendulumState.physical_length
2025-09-02 14:30:25.021 | INFO     | Pendulum.PendulumAPP:_processSerialData:120 - 📏 串口长度数据已更新: L24.491388 -> physical_length=24.491388
2025-09-02 14:30:25.022 | INFO     | Pendulum.PendulumAPP:_processSerialData:121 - 🔄 数据来源: 串口接收 -> PendulumState.physical_length
2025-09-02 14:30:25.067 | INFO     | Pendulum.PendulumAPP:_processSerialData:120 - 📏 串口长度数据已更新: L24.491388 -> physical_length=24.491388
2025-09-02 14:30:25.069 | INFO     | Pendulum.PendulumAPP:_processSerialData:121 - 🔄 数据来源: 串口接收 -> PendulumState.physical_length
2025-09-02 14:30:25.113 | INFO     | Pendulum.PendulumAPP:_processSerialData:120 - 📏 串口长度数据已更新: L24.491388 -> physical_length=24.491388
2025-09-02 14:30:25.114 | INFO     | Pendulum.PendulumAPP:_processSerialData:121 - 🔄 数据来源: 串口接收 -> PendulumState.physical_length
2025-09-02 14:30:25.163 | INFO     | Pendulum.PendulumAPP:_processSerialData:120 - 📏 串口长度数据已更新: L24.491388 -> physical_length=24.491388
2025-09-02 14:30:25.163 | INFO     | Pendulum.PendulumAPP:_processSerialData:121 - 🔄 数据来源: 串口接收 -> PendulumState.physical_length
2025-09-02 14:30:25.209 | INFO     | Pendulum.PendulumAPP:_processSerialData:120 - 📏 串口长度数据已更新: L24.491388 -> physical_length=24.491388
2025-09-02 14:30:25.210 | INFO     | Pendulum.PendulumAPP:_processSerialData:121 - 🔄 数据来源: 串口接收 -> PendulumState.physical_length
2025-09-02 14:30:25.256 | INFO     | Pendulum.PendulumAPP:_processSerialData:120 - 📏 串口长度数据已更新: L24.491388 -> physical_length=24.491388
2025-09-02 14:30:25.259 | INFO     | Pendulum.PendulumAPP:_processSerialData:121 - 🔄 数据来源: 串口接收 -> PendulumState.physical_length
2025-09-02 14:30:25.301 | INFO     | Pendulum.PendulumAPP:_processSerialData:120 - 📏 串口长度数据已更新: L24.491388 -> physical_length=24.491388
2025-09-02 14:30:25.301 | INFO     | Pendulum.PendulumAPP:_processSerialData:121 - 🔄 数据来源: 串口接收 -> PendulumState.physical_length
2025-09-02 14:30:25.347 | INFO     | Pendulum.PendulumAPP:_processSerialData:120 - 📏 串口长度数据已更新: L24.491388 -> physical_length=24.491388
2025-09-02 14:30:25.349 | INFO     | Pendulum.PendulumAPP:_processSerialData:121 - 🔄 数据来源: 串口接收 -> PendulumState.physical_length
2025-09-02 14:30:25.393 | INFO     | Pendulum.PendulumAPP:_processSerialData:120 - 📏 串口长度数据已更新: L24.491388 -> physical_length=24.491388
2025-09-02 14:30:25.394 | INFO     | Pendulum.PendulumAPP:_processSerialData:121 - 🔄 数据来源: 串口接收 -> PendulumState.physical_length
2025-09-02 14:30:25.440 | INFO     | Pendulum.PendulumAPP:_processSerialData:120 - 📏 串口长度数据已更新: L24.491388 -> physical_length=24.491388
2025-09-02 14:30:25.440 | INFO     | Pendulum.PendulumAPP:_processSerialData:121 - 🔄 数据来源: 串口接收 -> PendulumState.physical_length
2025-09-02 14:30:25.487 | INFO     | Pendulum.PendulumAPP:_processSerialData:120 - 📏 串口长度数据已更新: L24.491388 -> physical_length=24.491388
2025-09-02 14:30:25.488 | INFO     | Pendulum.PendulumAPP:_processSerialData:121 - 🔄 数据来源: 串口接收 -> PendulumState.physical_length
2025-09-02 14:30:25.532 | INFO     | Pendulum.PendulumAPP:_processSerialData:120 - 📏 串口长度数据已更新: L24.491388 -> physical_length=24.491388
2025-09-02 14:30:25.533 | INFO     | Pendulum.PendulumAPP:_processSerialData:121 - 🔄 数据来源: 串口接收 -> PendulumState.physical_length
2025-09-02 14:30:25.579 | INFO     | Pendulum.PendulumAPP:_processSerialData:120 - 📏 串口长度数据已更新: L24.491388 -> physical_length=24.491388
2025-09-02 14:30:25.580 | INFO     | Pendulum.PendulumAPP:_processSerialData:121 - 🔄 数据来源: 串口接收 -> PendulumState.physical_length
2025-09-02 14:30:25.625 | INFO     | Pendulum.PendulumAPP:_processSerialData:120 - 📏 串口长度数据已更新: L24.491388 -> physical_length=24.491388
2025-09-02 14:30:25.627 | INFO     | Pendulum.PendulumAPP:_processSerialData:121 - 🔄 数据来源: 串口接收 -> PendulumState.physical_length
2025-09-02 14:30:25.672 | INFO     | Pendulum.PendulumAPP:_processSerialData:120 - 📏 串口长度数据已更新: L24.491388 -> physical_length=24.491388
2025-09-02 14:30:25.676 | INFO     | Pendulum.PendulumAPP:_processSerialData:121 - 🔄 数据来源: 串口接收 -> PendulumState.physical_length
2025-09-02 14:30:25.717 | INFO     | Pendulum.PendulumAPP:_processSerialData:120 - 📏 串口长度数据已更新: L24.491388 -> physical_length=24.491388
2025-09-02 14:30:25.718 | INFO     | Pendulum.PendulumAPP:_processSerialData:121 - 🔄 数据来源: 串口接收 -> PendulumState.physical_length
2025-09-02 14:30:25.764 | INFO     | Pendulum.PendulumAPP:_processSerialData:120 - 📏 串口长度数据已更新: L24.491388 -> physical_length=24.491388
2025-09-02 14:30:25.765 | INFO     | Pendulum.PendulumAPP:_processSerialData:121 - 🔄 数据来源: 串口接收 -> PendulumState.physical_length
2025-09-02 14:30:25.811 | INFO     | Pendulum.PendulumAPP:_processSerialData:120 - 📏 串口长度数据已更新: L24.491388 -> physical_length=24.491388
2025-09-02 14:30:25.813 | INFO     | Pendulum.PendulumAPP:_processSerialData:121 - 🔄 数据来源: 串口接收 -> PendulumState.physical_length
2025-09-02 14:30:25.857 | INFO     | Pendulum.PendulumAPP:_processSerialData:120 - 📏 串口长度数据已更新: L24.491388 -> physical_length=24.491388
2025-09-02 14:30:25.858 | INFO     | Pendulum.PendulumAPP:_processSerialData:121 - 🔄 数据来源: 串口接收 -> PendulumState.physical_length
2025-09-02 14:30:25.904 | INFO     | Pendulum.PendulumAPP:_processSerialData:120 - 📏 串口长度数据已更新: L24.491388 -> physical_length=24.491388
2025-09-02 14:30:25.905 | INFO     | Pendulum.PendulumAPP:_processSerialData:121 - 🔄 数据来源: 串口接收 -> PendulumState.physical_length
2025-09-02 14:30:25.950 | INFO     | Pendulum.PendulumAPP:_processSerialData:120 - 📏 串口长度数据已更新: L24.491388 -> physical_length=24.491388
2025-09-02 14:30:25.951 | INFO     | Pendulum.PendulumAPP:_processSerialData:121 - 🔄 数据来源: 串口接收 -> PendulumState.physical_length
2025-09-02 14:30:25.997 | INFO     | Pendulum.PendulumAPP:_processSerialData:120 - 📏 串口长度数据已更新: L24.491388 -> physical_length=24.491388
2025-09-02 14:30:25.998 | INFO     | Pendulum.PendulumAPP:_processSerialData:121 - 🔄 数据来源: 串口接收 -> PendulumState.physical_length
2025-09-02 14:30:26.041 | INFO     | Pendulum.PendulumAPP:_processSerialData:120 - 📏 串口长度数据已更新: L24.491388 -> physical_length=24.491388
2025-09-02 14:30:26.042 | INFO     | Pendulum.PendulumAPP:_processSerialData:121 - 🔄 数据来源: 串口接收 -> PendulumState.physical_length
2025-09-02 14:30:26.089 | INFO     | Pendulum.PendulumAPP:_processSerialData:120 - 📏 串口长度数据已更新: L24.491388 -> physical_length=24.491388
2025-09-02 14:30:26.091 | INFO     | Pendulum.PendulumAPP:_processSerialData:121 - 🔄 数据来源: 串口接收 -> PendulumState.physical_length
2025-09-02 14:30:26.134 | INFO     | Pendulum.PendulumAPP:_processSerialData:120 - 📏 串口长度数据已更新: L24.491388 -> physical_length=24.491388
2025-09-02 14:30:26.136 | INFO     | Pendulum.PendulumAPP:_processSerialData:121 - 🔄 数据来源: 串口接收 -> PendulumState.physical_length
2025-09-02 14:30:26.182 | INFO     | Pendulum.PendulumAPP:_processSerialData:120 - 📏 串口长度数据已更新: L24.491388 -> physical_length=24.491388
2025-09-02 14:30:26.183 | INFO     | Pendulum.PendulumAPP:_processSerialData:121 - 🔄 数据来源: 串口接收 -> PendulumState.physical_length
2025-09-02 14:30:26.226 | INFO     | Pendulum.PendulumAPP:_processSerialData:120 - 📏 串口长度数据已更新: L24.491388 -> physical_length=24.491388
2025-09-02 14:30:26.227 | INFO     | Pendulum.PendulumAPP:_processSerialData:121 - 🔄 数据来源: 串口接收 -> PendulumState.physical_length
2025-09-02 14:30:26.272 | INFO     | Pendulum.PendulumAPP:_processSerialData:120 - 📏 串口长度数据已更新: L24.491388 -> physical_length=24.491388
2025-09-02 14:30:26.273 | INFO     | Pendulum.PendulumAPP:_processSerialData:121 - 🔄 数据来源: 串口接收 -> PendulumState.physical_length
2025-09-02 14:30:26.319 | INFO     | Pendulum.PendulumAPP:_processSerialData:120 - 📏 串口长度数据已更新: L24.491388 -> physical_length=24.491388
2025-09-02 14:30:26.321 | INFO     | Pendulum.PendulumAPP:_processSerialData:121 - 🔄 数据来源: 串口接收 -> PendulumState.physical_length
2025-09-02 14:30:26.365 | INFO     | Pendulum.PendulumAPP:_processSerialData:120 - 📏 串口长度数据已更新: L24.491388 -> physical_length=24.491388
2025-09-02 14:30:26.366 | INFO     | Pendulum.PendulumAPP:_processSerialData:121 - 🔄 数据来源: 串口接收 -> PendulumState.physical_length
2025-09-02 14:30:26.412 | INFO     | Pendulum.PendulumAPP:_processSerialData:120 - 📏 串口长度数据已更新: L24.491388 -> physical_length=24.491388
2025-09-02 14:30:26.413 | INFO     | Pendulum.PendulumAPP:_processSerialData:121 - 🔄 数据来源: 串口接收 -> PendulumState.physical_length
2025-09-02 14:30:26.457 | INFO     | Pendulum.PendulumAPP:_processSerialData:120 - 📏 串口长度数据已更新: L24.491388 -> physical_length=24.491388
2025-09-02 14:30:26.458 | INFO     | Pendulum.PendulumAPP:_processSerialData:121 - 🔄 数据来源: 串口接收 -> PendulumState.physical_length
2025-09-02 14:30:26.505 | INFO     | Pendulum.PendulumAPP:_processSerialData:120 - 📏 串口长度数据已更新: L24.491388 -> physical_length=24.491388
2025-09-02 14:30:26.506 | INFO     | Pendulum.PendulumAPP:_processSerialData:121 - 🔄 数据来源: 串口接收 -> PendulumState.physical_length
2025-09-02 14:30:26.551 | INFO     | Pendulum.PendulumAPP:_processSerialData:120 - 📏 串口长度数据已更新: L24.491388 -> physical_length=24.491388
2025-09-02 14:30:26.553 | INFO     | Pendulum.PendulumAPP:_processSerialData:121 - 🔄 数据来源: 串口接收 -> PendulumState.physical_length
2025-09-02 14:30:26.598 | INFO     | Pendulum.PendulumAPP:_processSerialData:120 - 📏 串口长度数据已更新: L24.491388 -> physical_length=24.491388
2025-09-02 14:30:26.600 | INFO     | Pendulum.PendulumAPP:_processSerialData:121 - 🔄 数据来源: 串口接收 -> PendulumState.physical_length
2025-09-02 14:30:26.645 | INFO     | Pendulum.PendulumAPP:_processSerialData:120 - 📏 串口长度数据已更新: L24.491388 -> physical_length=24.491388
2025-09-02 14:30:26.646 | INFO     | Pendulum.PendulumAPP:_processSerialData:121 - 🔄 数据来源: 串口接收 -> PendulumState.physical_length
2025-09-02 14:30:26.690 | INFO     | Pendulum.PendulumAPP:_processSerialData:120 - 📏 串口长度数据已更新: L24.491388 -> physical_length=24.491388
2025-09-02 14:30:26.692 | INFO     | Pendulum.PendulumAPP:_processSerialData:121 - 🔄 数据来源: 串口接收 -> PendulumState.physical_length
2025-09-02 14:30:26.736 | INFO     | Pendulum.PendulumAPP:_processSerialData:120 - 📏 串口长度数据已更新: L24.491388 -> physical_length=24.491388
2025-09-02 14:30:26.737 | INFO     | Pendulum.PendulumAPP:_processSerialData:121 - 🔄 数据来源: 串口接收 -> PendulumState.physical_length
2025-09-02 14:30:26.784 | INFO     | Pendulum.PendulumAPP:_processSerialData:120 - 📏 串口长度数据已更新: L24.491388 -> physical_length=24.491388
2025-09-02 14:30:26.784 | INFO     | Pendulum.PendulumAPP:_processSerialData:121 - 🔄 数据来源: 串口接收 -> PendulumState.physical_length
2025-09-02 14:30:26.829 | INFO     | Pendulum.PendulumAPP:_processSerialData:120 - 📏 串口长度数据已更新: L24.491388 -> physical_length=24.491388
2025-09-02 14:30:26.831 | INFO     | Pendulum.PendulumAPP:_processSerialData:121 - 🔄 数据来源: 串口接收 -> PendulumState.physical_length
2025-09-02 14:30:26.876 | INFO     | Pendulum.PendulumAPP:_processSerialData:120 - 📏 串口长度数据已更新: L24.491388 -> physical_length=24.491388
2025-09-02 14:30:26.878 | INFO     | Pendulum.PendulumAPP:_processSerialData:121 - 🔄 数据来源: 串口接收 -> PendulumState.physical_length
2025-09-02 14:30:26.923 | INFO     | Pendulum.PendulumAPP:_processSerialData:120 - 📏 串口长度数据已更新: L24.491388 -> physical_length=24.491388
2025-09-02 14:30:26.925 | INFO     | Pendulum.PendulumAPP:_processSerialData:121 - 🔄 数据来源: 串口接收 -> PendulumState.physical_length
2025-09-02 14:30:26.969 | INFO     | Pendulum.PendulumAPP:_processSerialData:120 - 📏 串口长度数据已更新: L24.491388 -> physical_length=24.491388
2025-09-02 14:30:26.970 | INFO     | Pendulum.PendulumAPP:_processSerialData:121 - 🔄 数据来源: 串口接收 -> PendulumState.physical_length
2025-09-02 14:30:27.014 | INFO     | Pendulum.PendulumAPP:_processSerialData:120 - 📏 串口长度数据已更新: L24.491388 -> physical_length=24.491388
2025-09-02 14:30:27.014 | INFO     | Pendulum.PendulumAPP:_processSerialData:121 - 🔄 数据来源: 串口接收 -> PendulumState.physical_length
2025-09-02 14:30:27.061 | INFO     | Pendulum.PendulumAPP:_processSerialData:120 - 📏 串口长度数据已更新: L24.491388 -> physical_length=24.491388
2025-09-02 14:30:27.063 | INFO     | Pendulum.PendulumAPP:_processSerialData:121 - 🔄 数据来源: 串口接收 -> PendulumState.physical_length
2025-09-02 14:30:27.106 | INFO     | Pendulum.PendulumAPP:_processSerialData:120 - 📏 串口长度数据已更新: L24.491388 -> physical_length=24.491388
2025-09-02 14:30:27.106 | INFO     | Pendulum.PendulumAPP:_processSerialData:121 - 🔄 数据来源: 串口接收 -> PendulumState.physical_length
2025-09-02 14:30:27.152 | INFO     | Pendulum.PendulumAPP:_processSerialData:120 - 📏 串口长度数据已更新: L24.491388 -> physical_length=24.491388
2025-09-02 14:30:27.153 | INFO     | Pendulum.PendulumAPP:_processSerialData:121 - 🔄 数据来源: 串口接收 -> PendulumState.physical_length
2025-09-02 14:30:27.198 | INFO     | Pendulum.PendulumAPP:_processSerialData:120 - 📏 串口长度数据已更新: L24.491388 -> physical_length=24.491388
2025-09-02 14:30:27.199 | INFO     | Pendulum.PendulumAPP:_processSerialData:121 - 🔄 数据来源: 串口接收 -> PendulumState.physical_length
2025-09-02 14:30:27.244 | INFO     | Pendulum.PendulumAPP:_processSerialData:120 - 📏 串口长度数据已更新: L24.491388 -> physical_length=24.491388
2025-09-02 14:30:27.246 | INFO     | Pendulum.PendulumAPP:_processSerialData:121 - 🔄 数据来源: 串口接收 -> PendulumState.physical_length
2025-09-02 14:30:27.290 | INFO     | Pendulum.PendulumAPP:_processSerialData:120 - 📏 串口长度数据已更新: L24.491388 -> physical_length=24.491388
2025-09-02 14:30:27.291 | INFO     | Pendulum.PendulumAPP:_processSerialData:121 - 🔄 数据来源: 串口接收 -> PendulumState.physical_length
2025-09-02 14:30:27.336 | INFO     | Pendulum.PendulumAPP:_processSerialData:120 - 📏 串口长度数据已更新: L24.491388 -> physical_length=24.491388
2025-09-02 14:30:27.338 | INFO     | Pendulum.PendulumAPP:_processSerialData:121 - 🔄 数据来源: 串口接收 -> PendulumState.physical_length
2025-09-02 14:30:27.383 | INFO     | Pendulum.PendulumAPP:_processSerialData:120 - 📏 串口长度数据已更新: L24.491388 -> physical_length=24.491388
2025-09-02 14:30:27.386 | INFO     | Pendulum.PendulumAPP:_processSerialData:121 - 🔄 数据来源: 串口接收 -> PendulumState.physical_length
2025-09-02 14:30:27.430 | INFO     | Pendulum.PendulumAPP:_processSerialData:120 - 📏 串口长度数据已更新: L24.491388 -> physical_length=24.491388
2025-09-02 14:30:27.433 | INFO     | Pendulum.PendulumAPP:_processSerialData:121 - 🔄 数据来源: 串口接收 -> PendulumState.physical_length
2025-09-02 14:30:27.478 | INFO     | Pendulum.PendulumAPP:_processSerialData:120 - 📏 串口长度数据已更新: L24.491388 -> physical_length=24.491388
2025-09-02 14:30:27.480 | INFO     | Pendulum.PendulumAPP:_processSerialData:121 - 🔄 数据来源: 串口接收 -> PendulumState.physical_length
2025-09-02 14:30:27.525 | INFO     | Pendulum.PendulumAPP:_processSerialData:120 - 📏 串口长度数据已更新: L24.491388 -> physical_length=24.491388
2025-09-02 14:30:27.525 | INFO     | Pendulum.PendulumAPP:_processSerialData:121 - 🔄 数据来源: 串口接收 -> PendulumState.physical_length
2025-09-02 14:30:27.571 | INFO     | Pendulum.PendulumAPP:_processSerialData:120 - 📏 串口长度数据已更新: L24.491388 -> physical_length=24.491388
2025-09-02 14:30:27.572 | INFO     | Pendulum.PendulumAPP:_processSerialData:121 - 🔄 数据来源: 串口接收 -> PendulumState.physical_length
2025-09-02 14:30:27.618 | INFO     | Pendulum.PendulumAPP:_processSerialData:120 - 📏 串口长度数据已更新: L24.491388 -> physical_length=24.491388
2025-09-02 14:30:27.619 | INFO     | Pendulum.PendulumAPP:_processSerialData:121 - 🔄 数据来源: 串口接收 -> PendulumState.physical_length
2025-09-02 14:30:27.664 | INFO     | Pendulum.PendulumAPP:_processSerialData:120 - 📏 串口长度数据已更新: L24.491388 -> physical_length=24.491388
2025-09-02 14:30:27.664 | INFO     | Pendulum.PendulumAPP:_processSerialData:121 - 🔄 数据来源: 串口接收 -> PendulumState.physical_length
2025-09-02 14:30:27.710 | INFO     | Pendulum.PendulumAPP:_processSerialData:120 - 📏 串口长度数据已更新: L24.491388 -> physical_length=24.491388
2025-09-02 14:30:27.710 | INFO     | Pendulum.PendulumAPP:_processSerialData:121 - 🔄 数据来源: 串口接收 -> PendulumState.physical_length
2025-09-02 14:30:27.752 | INFO     | Pendulum.PendulumAPP:_keyEventWeb:257 - 清除数据
2025-09-02 14:30:27.756 | INFO     | Pendulum.SerialConncet:send:199 - sendr
2025-09-02 14:30:27.756 | INFO     | Pendulum.SerialConncet:send:201 - [发送] r
2025-09-02 14:30:27.760 | INFO     | Pendulum.SerialConncet:_run:176 - [接收] R
2025-09-02 14:30:30.794 | INFO     | Pendulum.PendulumAPP:_keyEventWeb:252 - 清除数据
2025-09-02 14:30:30.795 | INFO     | Pendulum.SerialConncet:send:199 - sendr
2025-09-02 14:30:30.796 | INFO     | Pendulum.SerialConncet:send:201 - [发送] r
2025-09-02 14:30:30.798 | INFO     | Pendulum.SerialConncet:_run:176 - [接收] R
2025-09-02 14:30:30.840 | INFO     | Pendulum.PendulumAPP:_keyEventWeb:286 - d0
2025-09-02 14:30:30.841 | INFO     | Pendulum.SerialConncet:send:199 - sendd0
2025-09-02 14:30:30.844 | INFO     | Pendulum.SerialConncet:send:201 - [发送] d0
2025-09-02 14:30:40.176 | INFO     | Pendulum.SerialConncet:_run:176 - [接收] T0.000000,0.000000,0.000000
2025-09-02 14:30:42.172 | INFO     | Pendulum.SerialConncet:_run:176 - [接收] T1.000000,0.996377,0.996377
2025-09-02 14:30:42.175 | INFO     | Pendulum.SerialConncet:_run:176 - [接收] L24.531237
2025-09-02 14:30:42.220 | INFO     | Pendulum.PendulumAPP:_processSerialData:120 - 📏 串口长度数据已更新: L24.531237 -> physical_length=24.531237
2025-09-02 14:30:42.220 | INFO     | Pendulum.PendulumAPP:_processSerialData:121 - 🔄 数据来源: 串口接收 -> PendulumState.physical_length
2025-09-02 14:30:42.267 | INFO     | Pendulum.PendulumAPP:_processSerialData:120 - 📏 串口长度数据已更新: L24.531237 -> physical_length=24.531237
2025-09-02 14:30:42.269 | INFO     | Pendulum.PendulumAPP:_processSerialData:121 - 🔄 数据来源: 串口接收 -> PendulumState.physical_length
2025-09-02 14:30:42.313 | INFO     | Pendulum.PendulumAPP:_processSerialData:120 - 📏 串口长度数据已更新: L24.531237 -> physical_length=24.531237
2025-09-02 14:30:42.314 | INFO     | Pendulum.PendulumAPP:_processSerialData:121 - 🔄 数据来源: 串口接收 -> PendulumState.physical_length
2025-09-02 14:30:42.359 | INFO     | Pendulum.PendulumAPP:_processSerialData:120 - 📏 串口长度数据已更新: L24.531237 -> physical_length=24.531237
2025-09-02 14:30:42.361 | INFO     | Pendulum.PendulumAPP:_processSerialData:121 - 🔄 数据来源: 串口接收 -> PendulumState.physical_length
2025-09-02 14:30:42.405 | INFO     | Pendulum.PendulumAPP:_processSerialData:120 - 📏 串口长度数据已更新: L24.531237 -> physical_length=24.531237
2025-09-02 14:30:42.405 | INFO     | Pendulum.PendulumAPP:_processSerialData:121 - 🔄 数据来源: 串口接收 -> PendulumState.physical_length
2025-09-02 14:30:42.452 | INFO     | Pendulum.PendulumAPP:_processSerialData:120 - 📏 串口长度数据已更新: L24.531237 -> physical_length=24.531237
2025-09-02 14:30:42.453 | INFO     | Pendulum.PendulumAPP:_processSerialData:121 - 🔄 数据来源: 串口接收 -> PendulumState.physical_length
2025-09-02 14:30:42.498 | INFO     | Pendulum.PendulumAPP:_processSerialData:120 - 📏 串口长度数据已更新: L24.531237 -> physical_length=24.531237
2025-09-02 14:30:42.500 | INFO     | Pendulum.PendulumAPP:_processSerialData:121 - 🔄 数据来源: 串口接收 -> PendulumState.physical_length
2025-09-02 14:30:42.544 | INFO     | Pendulum.PendulumAPP:_processSerialData:120 - 📏 串口长度数据已更新: L24.531237 -> physical_length=24.531237
2025-09-02 14:30:42.545 | INFO     | Pendulum.PendulumAPP:_processSerialData:121 - 🔄 数据来源: 串口接收 -> PendulumState.physical_length
2025-09-02 14:30:42.590 | INFO     | Pendulum.PendulumAPP:_processSerialData:120 - 📏 串口长度数据已更新: L24.531237 -> physical_length=24.531237
2025-09-02 14:30:42.592 | INFO     | Pendulum.PendulumAPP:_processSerialData:121 - 🔄 数据来源: 串口接收 -> PendulumState.physical_length
2025-09-02 14:30:42.637 | INFO     | Pendulum.PendulumAPP:_processSerialData:120 - 📏 串口长度数据已更新: L24.531237 -> physical_length=24.531237
2025-09-02 14:30:42.637 | INFO     | Pendulum.PendulumAPP:_processSerialData:121 - 🔄 数据来源: 串口接收 -> PendulumState.physical_length
2025-09-02 14:30:42.685 | INFO     | Pendulum.PendulumAPP:_processSerialData:120 - 📏 串口长度数据已更新: L24.531237 -> physical_length=24.531237
2025-09-02 14:30:42.686 | INFO     | Pendulum.PendulumAPP:_processSerialData:121 - 🔄 数据来源: 串口接收 -> PendulumState.physical_length
2025-09-02 14:30:42.732 | INFO     | Pendulum.PendulumAPP:_processSerialData:120 - 📏 串口长度数据已更新: L24.531237 -> physical_length=24.531237
2025-09-02 14:30:42.733 | INFO     | Pendulum.PendulumAPP:_processSerialData:121 - 🔄 数据来源: 串口接收 -> PendulumState.physical_length
2025-09-02 14:30:42.779 | INFO     | Pendulum.PendulumAPP:_processSerialData:120 - 📏 串口长度数据已更新: L24.531237 -> physical_length=24.531237
2025-09-02 14:30:42.782 | INFO     | Pendulum.PendulumAPP:_processSerialData:121 - 🔄 数据来源: 串口接收 -> PendulumState.physical_length
2025-09-02 14:30:42.824 | INFO     | Pendulum.PendulumAPP:_processSerialData:120 - 📏 串口长度数据已更新: L24.531237 -> physical_length=24.531237
2025-09-02 14:30:42.825 | INFO     | Pendulum.PendulumAPP:_processSerialData:121 - 🔄 数据来源: 串口接收 -> PendulumState.physical_length
2025-09-02 14:30:42.871 | INFO     | Pendulum.PendulumAPP:_processSerialData:120 - 📏 串口长度数据已更新: L24.531237 -> physical_length=24.531237
2025-09-02 14:30:42.872 | INFO     | Pendulum.PendulumAPP:_processSerialData:121 - 🔄 数据来源: 串口接收 -> PendulumState.physical_length
2025-09-02 14:30:42.917 | INFO     | Pendulum.PendulumAPP:_processSerialData:120 - 📏 串口长度数据已更新: L24.531237 -> physical_length=24.531237
2025-09-02 14:30:42.918 | INFO     | Pendulum.PendulumAPP:_processSerialData:121 - 🔄 数据来源: 串口接收 -> PendulumState.physical_length
2025-09-02 14:30:42.964 | INFO     | Pendulum.PendulumAPP:_processSerialData:120 - 📏 串口长度数据已更新: L24.531237 -> physical_length=24.531237
2025-09-02 14:30:42.965 | INFO     | Pendulum.PendulumAPP:_processSerialData:121 - 🔄 数据来源: 串口接收 -> PendulumState.physical_length
2025-09-02 14:30:43.011 | INFO     | Pendulum.PendulumAPP:_processSerialData:120 - 📏 串口长度数据已更新: L24.531237 -> physical_length=24.531237
2025-09-02 14:30:43.012 | INFO     | Pendulum.PendulumAPP:_processSerialData:121 - 🔄 数据来源: 串口接收 -> PendulumState.physical_length
2025-09-02 14:30:43.057 | INFO     | Pendulum.PendulumAPP:_processSerialData:120 - 📏 串口长度数据已更新: L24.531237 -> physical_length=24.531237
2025-09-02 14:30:43.057 | INFO     | Pendulum.PendulumAPP:_processSerialData:121 - 🔄 数据来源: 串口接收 -> PendulumState.physical_length
2025-09-02 14:30:43.103 | INFO     | Pendulum.PendulumAPP:_processSerialData:120 - 📏 串口长度数据已更新: L24.531237 -> physical_length=24.531237
2025-09-02 14:30:43.104 | INFO     | Pendulum.PendulumAPP:_processSerialData:121 - 🔄 数据来源: 串口接收 -> PendulumState.physical_length
2025-09-02 14:30:43.149 | INFO     | Pendulum.PendulumAPP:_processSerialData:120 - 📏 串口长度数据已更新: L24.531237 -> physical_length=24.531237
2025-09-02 14:30:43.150 | INFO     | Pendulum.PendulumAPP:_processSerialData:121 - 🔄 数据来源: 串口接收 -> PendulumState.physical_length
2025-09-02 14:30:43.163 | INFO     | Pendulum.SerialConncet:_run:176 - [接收] T2.000000,0.999461,1.995838
2025-09-02 14:30:44.160 | INFO     | Pendulum.SerialConncet:_run:176 - [接收] T3.000000,0.999416,2.995254
2025-09-02 14:30:45.155 | INFO     | Pendulum.SerialConncet:_run:176 - [接收] T4.000000,0.999296,3.994550
2025-09-02 14:30:46.156 | INFO     | Pendulum.SerialConncet:_run:176 - [接收] T5.000000,0.999946,4.994496
2025-09-02 14:30:47.146 | INFO     | Pendulum.SerialConncet:_run:176 - [接收] T6.000000,0.998912,5.993409
2025-09-02 14:30:48.143 | INFO     | Pendulum.SerialConncet:_run:176 - [接收] T7.000000,0.999784,6.993193
2025-09-02 14:30:49.138 | INFO     | Pendulum.SerialConncet:_run:176 - [接收] T8.000000,0.999313,7.992505
2025-09-02 14:30:50.135 | INFO     | Pendulum.SerialConncet:_run:176 - [接收] T9.000000,0.999959,8.992464
2025-09-02 14:30:51.128 | INFO     | Pendulum.SerialConncet:_run:176 - [接收] T10.000000,0.999931,9.992395
2025-09-02 14:30:52.126 | INFO     | Pendulum.SerialConncet:_run:176 - [接收] T11.000000,0.996324,10.988720
2025-09-02 14:30:53.121 | INFO     | Pendulum.SerialConncet:_run:176 - [接收] T12.000000,0.999284,11.988005
2025-09-02 14:30:54.117 | INFO     | Pendulum.SerialConncet:_run:176 - [接收] T13.000000,0.999599,12.987603
2025-09-02 14:30:55.115 | INFO     | Pendulum.SerialConncet:_run:176 - [接收] T14.000000,0.998963,13.986567
2025-09-02 14:30:56.108 | INFO     | Pendulum.SerialConncet:_run:176 - [接收] T15.000000,0.999577,14.986143
2025-09-02 14:30:57.104 | INFO     | Pendulum.SerialConncet:_run:176 - [接收] T16.000000,0.999518,15.985662
2025-09-02 14:30:58.099 | INFO     | Pendulum.SerialConncet:_run:176 - [接收] T17.000000,0.999091,16.984753
2025-09-02 14:30:59.096 | INFO     | Pendulum.SerialConncet:_run:176 - [接收] T18.000000,1.000011,17.984764
2025-09-02 14:31:00.091 | INFO     | Pendulum.SerialConncet:_run:176 - [接收] T19.000000,0.995707,18.980471
2025-09-02 14:31:01.086 | INFO     | Pendulum.SerialConncet:_run:176 - [接收] T20.000000,0.999801,19.980272
2025-09-02 14:31:08.657 | INFO     | Pendulum.PendulumAPP:_keyEventWeb:271 - u1
2025-09-02 14:31:08.657 | INFO     | Pendulum.SerialConncet:send:199 - sendu1
2025-09-02 14:31:08.659 | INFO     | Pendulum.SerialConncet:send:201 - [发送] u1
2025-09-02 14:31:10.110 | INFO     | Pendulum.PendulumAPP:_keyEventWeb:274 - u0
2025-09-02 14:31:10.111 | INFO     | Pendulum.SerialConncet:send:199 - sendu0
2025-09-02 14:31:10.112 | INFO     | Pendulum.SerialConncet:send:201 - [发送] u0
2025-09-02 14:31:12.390 | INFO     | Pendulum.PendulumAPP:_keyEventWeb:277 - n2
2025-09-02 14:31:12.392 | INFO     | Pendulum.SerialConncet:send:199 - sendn2
2025-09-02 14:31:12.395 | INFO     | Pendulum.SerialConncet:send:201 - [发送] n2
2025-09-02 14:31:16.823 | INFO     | Pendulum.PendulumAPP:_keyEventWeb:283 - n0
2025-09-02 14:31:16.825 | INFO     | Pendulum.SerialConncet:send:199 - sendn0
2025-09-02 14:31:16.829 | INFO     | Pendulum.SerialConncet:send:201 - [发送] n0
2025-09-02 14:31:18.539 | INFO     | Pendulum.PendulumAPP:_keyEventWeb:246 - ↓
2025-09-02 14:31:18.541 | INFO     | Pendulum.SerialConncet:send:199 - sendm1
2025-09-02 14:31:18.543 | INFO     | Pendulum.SerialConncet:send:201 - [发送] m1
2025-09-02 14:31:18.565 | INFO     | Pendulum.SerialConncet:_run:176 - [接收] L24.556759
2025-09-02 14:31:18.585 | INFO     | Pendulum.SerialConncet:_run:176 - [接收] L24.582279
2025-09-02 14:31:18.600 | INFO     | Pendulum.PendulumAPP:_processSerialData:120 - 📏 串口长度数据已更新: L24.582279 -> physical_length=24.582279
2025-09-02 14:31:18.601 | INFO     | Pendulum.PendulumAPP:_processSerialData:121 - 🔄 数据来源: 串口接收 -> PendulumState.physical_length
2025-09-02 14:31:18.606 | INFO     | Pendulum.SerialConncet:_run:176 - [接收] L24.607800
2025-09-02 14:31:18.627 | INFO     | Pendulum.SerialConncet:_run:176 - [接收] L24.633322
2025-09-02 14:31:18.646 | INFO     | Pendulum.PendulumAPP:_processSerialData:120 - 📏 串口长度数据已更新: L24.633322 -> physical_length=24.633322
2025-09-02 14:31:18.647 | INFO     | Pendulum.PendulumAPP:_processSerialData:121 - 🔄 数据来源: 串口接收 -> PendulumState.physical_length
2025-09-02 14:31:18.652 | INFO     | Pendulum.SerialConncet:_run:176 - [接收] L24.658842
2025-09-02 14:31:18.668 | INFO     | Pendulum.SerialConncet:_run:176 - [接收] L24.684362
2025-09-02 14:31:18.689 | INFO     | Pendulum.SerialConncet:_run:176 - [接收] L24.709883
2025-09-02 14:31:18.694 | INFO     | Pendulum.PendulumAPP:_processSerialData:120 - 📏 串口长度数据已更新: L24.709883 -> physical_length=24.709883
2025-09-02 14:31:18.696 | INFO     | Pendulum.PendulumAPP:_processSerialData:121 - 🔄 数据来源: 串口接收 -> PendulumState.physical_length
2025-09-02 14:31:18.710 | INFO     | Pendulum.SerialConncet:_run:176 - [接收] L24.735405
2025-09-02 14:31:18.732 | INFO     | Pendulum.SerialConncet:_run:176 - [接收] L24.760927
2025-09-02 14:31:18.739 | INFO     | Pendulum.PendulumAPP:_processSerialData:120 - 📏 串口长度数据已更新: L24.760927 -> physical_length=24.760927
2025-09-02 14:31:18.739 | INFO     | Pendulum.PendulumAPP:_processSerialData:121 - 🔄 数据来源: 串口接收 -> PendulumState.physical_length
2025-09-02 14:31:18.752 | INFO     | Pendulum.SerialConncet:_run:176 - [接收] L24.786446
2025-09-02 14:31:18.774 | INFO     | Pendulum.SerialConncet:_run:176 - [接收] L24.811968
2025-09-02 14:31:18.785 | INFO     | Pendulum.PendulumAPP:_processSerialData:120 - 📏 串口长度数据已更新: L24.811968 -> physical_length=24.811968
2025-09-02 14:31:18.785 | INFO     | Pendulum.PendulumAPP:_processSerialData:121 - 🔄 数据来源: 串口接收 -> PendulumState.physical_length
2025-09-02 14:31:18.794 | INFO     | Pendulum.SerialConncet:_run:176 - [接收] L24.837488
2025-09-02 14:31:18.816 | INFO     | Pendulum.SerialConncet:_run:176 - [接收] L24.863010
2025-09-02 14:31:18.833 | INFO     | Pendulum.PendulumAPP:_processSerialData:120 - 📏 串口长度数据已更新: L24.863010 -> physical_length=24.863010
2025-09-02 14:31:18.834 | INFO     | Pendulum.PendulumAPP:_processSerialData:121 - 🔄 数据来源: 串口接收 -> PendulumState.physical_length
2025-09-02 14:31:18.837 | INFO     | Pendulum.SerialConncet:_run:176 - [接收] L24.888531
2025-09-02 14:31:18.859 | INFO     | Pendulum.SerialConncet:_run:176 - [接收] L24.914051
2025-09-02 14:31:18.878 | INFO     | Pendulum.PendulumAPP:_processSerialData:120 - 📏 串口长度数据已更新: L24.914051 -> physical_length=24.914051
2025-09-02 14:31:18.880 | INFO     | Pendulum.PendulumAPP:_processSerialData:121 - 🔄 数据来源: 串口接收 -> PendulumState.physical_length
2025-09-02 14:31:18.883 | INFO     | Pendulum.SerialConncet:_run:176 - [接收] L24.939573
2025-09-02 14:31:18.898 | INFO     | Pendulum.SerialConncet:_run:176 - [接收] L24.965094
2025-09-02 14:31:18.920 | INFO     | Pendulum.SerialConncet:_run:176 - [接收] L24.990614
2025-09-02 14:31:18.925 | INFO     | Pendulum.PendulumAPP:_processSerialData:120 - 📏 串口长度数据已更新: L24.990614 -> physical_length=24.990614
2025-09-02 14:31:18.926 | INFO     | Pendulum.PendulumAPP:_processSerialData:121 - 🔄 数据来源: 串口接收 -> PendulumState.physical_length
2025-09-02 14:31:18.942 | INFO     | Pendulum.SerialConncet:_run:176 - [接收] L25.016136
2025-09-02 14:31:18.961 | INFO     | Pendulum.SerialConncet:_run:176 - [接收] L25.041658
2025-09-02 14:31:18.971 | INFO     | Pendulum.PendulumAPP:_processSerialData:120 - 📏 串口长度数据已更新: L25.041658 -> physical_length=25.041658
2025-09-02 14:31:18.972 | INFO     | Pendulum.PendulumAPP:_processSerialData:121 - 🔄 数据来源: 串口接收 -> PendulumState.physical_length
2025-09-02 14:31:18.985 | INFO     | Pendulum.SerialConncet:_run:176 - [接收] L25.067177
2025-09-02 14:31:19.005 | INFO     | Pendulum.SerialConncet:_run:176 - [接收] L25.092699
2025-09-02 14:31:19.018 | INFO     | Pendulum.PendulumAPP:_processSerialData:120 - 📏 串口长度数据已更新: L25.092699 -> physical_length=25.092699
2025-09-02 14:31:19.020 | INFO     | Pendulum.PendulumAPP:_processSerialData:121 - 🔄 数据来源: 串口接收 -> PendulumState.physical_length
2025-09-02 14:31:19.024 | INFO     | Pendulum.SerialConncet:_run:176 - [接收] L25.118219
2025-09-02 14:31:19.045 | INFO     | Pendulum.SerialConncet:_run:176 - [接收] L25.143742
2025-09-02 14:31:19.064 | INFO     | Pendulum.PendulumAPP:_processSerialData:120 - 📏 串口长度数据已更新: L25.143742 -> physical_length=25.143742
2025-09-02 14:31:19.066 | INFO     | Pendulum.PendulumAPP:_processSerialData:121 - 🔄 数据来源: 串口接收 -> PendulumState.physical_length
2025-09-02 14:31:19.071 | INFO     | Pendulum.SerialConncet:_run:176 - [接收] L25.169262
2025-09-02 14:31:19.087 | INFO     | Pendulum.SerialConncet:_run:176 - [接收] L25.194782
2025-09-02 14:31:19.109 | INFO     | Pendulum.SerialConncet:_run:176 - [接收] L25.220304
2025-09-02 14:31:19.111 | INFO     | Pendulum.PendulumAPP:_processSerialData:120 - 📏 串口长度数据已更新: L25.220304 -> physical_length=25.220304
2025-09-02 14:31:19.112 | INFO     | Pendulum.PendulumAPP:_processSerialData:121 - 🔄 数据来源: 串口接收 -> PendulumState.physical_length
2025-09-02 14:31:19.131 | INFO     | Pendulum.SerialConncet:_run:176 - [接收] L25.245825
2025-09-02 14:31:19.150 | INFO     | Pendulum.SerialConncet:_run:176 - [接收] L25.271345
2025-09-02 14:31:19.159 | INFO     | Pendulum.PendulumAPP:_processSerialData:120 - 📏 串口长度数据已更新: L25.271345 -> physical_length=25.271345
2025-09-02 14:31:19.160 | INFO     | Pendulum.PendulumAPP:_processSerialData:121 - 🔄 数据来源: 串口接收 -> PendulumState.physical_length
2025-09-02 14:31:19.171 | INFO     | Pendulum.SerialConncet:_run:176 - [接收] L25.296867
2025-09-02 14:31:19.191 | INFO     | Pendulum.SerialConncet:_run:176 - [接收] L25.322388
2025-09-02 14:31:19.206 | INFO     | Pendulum.PendulumAPP:_processSerialData:120 - 📏 串口长度数据已更新: L25.322388 -> physical_length=25.322388
2025-09-02 14:31:19.208 | INFO     | Pendulum.PendulumAPP:_processSerialData:121 - 🔄 数据来源: 串口接收 -> PendulumState.physical_length
2025-09-02 14:31:19.212 | INFO     | Pendulum.SerialConncet:_run:176 - [接收] L25.347908
2025-09-02 14:31:19.234 | INFO     | Pendulum.SerialConncet:_run:176 - [接收] L25.373430
2025-09-02 14:31:19.252 | INFO     | Pendulum.PendulumAPP:_processSerialData:120 - 📏 串口长度数据已更新: L25.373430 -> physical_length=25.373430
2025-09-02 14:31:19.254 | INFO     | Pendulum.PendulumAPP:_processSerialData:121 - 🔄 数据来源: 串口接收 -> PendulumState.physical_length
2025-09-02 14:31:19.256 | INFO     | Pendulum.SerialConncet:_run:176 - [接收] L25.398951
2025-09-02 14:31:19.276 | INFO     | Pendulum.SerialConncet:_run:176 - [接收] L25.424473
2025-09-02 14:31:19.296 | INFO     | Pendulum.SerialConncet:_run:176 - [接收] L25.449993
2025-09-02 14:31:19.300 | INFO     | Pendulum.PendulumAPP:_processSerialData:120 - 📏 串口长度数据已更新: L25.449993 -> physical_length=25.449993
2025-09-02 14:31:19.301 | INFO     | Pendulum.PendulumAPP:_processSerialData:121 - 🔄 数据来源: 串口接收 -> PendulumState.physical_length
2025-09-02 14:31:19.319 | INFO     | Pendulum.SerialConncet:_run:176 - [接收] L25.475513
2025-09-02 14:31:19.339 | INFO     | Pendulum.SerialConncet:_run:176 - [接收] L25.501036
2025-09-02 14:31:19.346 | INFO     | Pendulum.PendulumAPP:_processSerialData:120 - 📏 串口长度数据已更新: L25.501036 -> physical_length=25.501036
2025-09-02 14:31:19.346 | INFO     | Pendulum.PendulumAPP:_processSerialData:121 - 🔄 数据来源: 串口接收 -> PendulumState.physical_length
2025-09-02 14:31:19.359 | INFO     | Pendulum.SerialConncet:_run:176 - [接收] L25.526556
2025-09-02 14:31:19.382 | INFO     | Pendulum.SerialConncet:_run:176 - [接收] L25.552076
2025-09-02 14:31:19.391 | INFO     | Pendulum.PendulumAPP:_processSerialData:120 - 📏 串口长度数据已更新: L25.552076 -> physical_length=25.552076
2025-09-02 14:31:19.392 | INFO     | Pendulum.PendulumAPP:_processSerialData:121 - 🔄 数据来源: 串口接收 -> PendulumState.physical_length
2025-09-02 14:31:19.401 | INFO     | Pendulum.SerialConncet:_run:176 - [接收] L25.577599
2025-09-02 14:31:19.424 | INFO     | Pendulum.SerialConncet:_run:176 - [接收] L25.603119
2025-09-02 14:31:19.438 | INFO     | Pendulum.PendulumAPP:_processSerialData:120 - 📏 串口长度数据已更新: L25.603119 -> physical_length=25.603119
2025-09-02 14:31:19.439 | INFO     | Pendulum.PendulumAPP:_processSerialData:121 - 🔄 数据来源: 串口接收 -> PendulumState.physical_length
2025-09-02 14:31:19.443 | INFO     | Pendulum.SerialConncet:_run:176 - [接收] L25.628639
2025-09-02 14:31:19.464 | INFO     | Pendulum.SerialConncet:_run:176 - [接收] L25.654160
2025-09-02 14:31:19.483 | INFO     | Pendulum.PendulumAPP:_processSerialData:120 - 📏 串口长度数据已更新: L25.654160 -> physical_length=25.654160
2025-09-02 14:31:19.484 | INFO     | Pendulum.PendulumAPP:_processSerialData:121 - 🔄 数据来源: 串口接收 -> PendulumState.physical_length
2025-09-02 14:31:19.487 | INFO     | Pendulum.SerialConncet:_run:176 - [接收] L25.679682
2025-09-02 14:31:19.506 | INFO     | Pendulum.SerialConncet:_run:176 - [接收] L25.705204
2025-09-02 14:31:19.529 | INFO     | Pendulum.PendulumAPP:_processSerialData:120 - 📏 串口长度数据已更新: L25.705204 -> physical_length=25.705204
2025-09-02 14:31:19.530 | INFO     | Pendulum.SerialConncet:_run:176 - [接收] L25.730722
2025-09-02 14:31:19.531 | INFO     | Pendulum.PendulumAPP:_processSerialData:121 - 🔄 数据来源: 串口接收 -> PendulumState.physical_length
2025-09-02 14:31:19.547 | INFO     | Pendulum.SerialConncet:_run:176 - [接收] L25.756245
2025-09-02 14:31:19.568 | INFO     | Pendulum.SerialConncet:_run:176 - [接收] L25.781767
2025-09-02 14:31:19.575 | INFO     | Pendulum.PendulumAPP:_processSerialData:120 - 📏 串口长度数据已更新: L25.781767 -> physical_length=25.781767
2025-09-02 14:31:19.575 | INFO     | Pendulum.PendulumAPP:_processSerialData:121 - 🔄 数据来源: 串口接收 -> PendulumState.physical_length
2025-09-02 14:31:19.589 | INFO     | Pendulum.SerialConncet:_run:176 - [接收] L25.807287
2025-09-02 14:31:19.610 | INFO     | Pendulum.SerialConncet:_run:176 - [接收] L25.832808
2025-09-02 14:31:19.621 | INFO     | Pendulum.PendulumAPP:_processSerialData:120 - 📏 串口长度数据已更新: L25.832808 -> physical_length=25.832808
2025-09-02 14:31:19.625 | INFO     | Pendulum.PendulumAPP:_processSerialData:121 - 🔄 数据来源: 串口接收 -> PendulumState.physical_length
2025-09-02 14:31:19.632 | INFO     | Pendulum.SerialConncet:_run:176 - [接收] L25.858330
2025-09-02 14:31:19.654 | INFO     | Pendulum.SerialConncet:_run:176 - [接收] L25.883850
2025-09-02 14:31:19.668 | INFO     | Pendulum.PendulumAPP:_processSerialData:120 - 📏 串口长度数据已更新: L25.883850 -> physical_length=25.883850
2025-09-02 14:31:19.669 | INFO     | Pendulum.PendulumAPP:_processSerialData:121 - 🔄 数据来源: 串口接收 -> PendulumState.physical_length
2025-09-02 14:31:19.674 | INFO     | Pendulum.SerialConncet:_run:176 - [接收] L25.909370
2025-09-02 14:31:19.697 | INFO     | Pendulum.SerialConncet:_run:176 - [接收] L25.934891
2025-09-02 14:31:19.714 | INFO     | Pendulum.PendulumAPP:_processSerialData:120 - 📏 串口长度数据已更新: L25.934891 -> physical_length=25.934891
2025-09-02 14:31:19.715 | INFO     | Pendulum.PendulumAPP:_processSerialData:121 - 🔄 数据来源: 串口接收 -> PendulumState.physical_length
2025-09-02 14:31:19.719 | INFO     | Pendulum.SerialConncet:_run:176 - [接收] L25.960413
2025-09-02 14:31:19.735 | INFO     | Pendulum.SerialConncet:_run:176 - [接收] L25.985935
2025-09-02 14:31:19.756 | INFO     | Pendulum.SerialConncet:_run:176 - [接收] L26.011454
2025-09-02 14:31:19.762 | INFO     | Pendulum.PendulumAPP:_processSerialData:120 - 📏 串口长度数据已更新: L26.011454 -> physical_length=26.011454
2025-09-02 14:31:19.763 | INFO     | Pendulum.PendulumAPP:_processSerialData:121 - 🔄 数据来源: 串口接收 -> PendulumState.physical_length
2025-09-02 14:31:19.777 | INFO     | Pendulum.SerialConncet:_run:176 - [接收] L26.036976
2025-09-02 14:31:19.799 | INFO     | Pendulum.SerialConncet:_run:176 - [接收] L26.062496
2025-09-02 14:31:19.809 | INFO     | Pendulum.PendulumAPP:_processSerialData:120 - 📏 串口长度数据已更新: L26.062496 -> physical_length=26.062496
2025-09-02 14:31:19.811 | INFO     | Pendulum.PendulumAPP:_processSerialData:121 - 🔄 数据来源: 串口接收 -> PendulumState.physical_length
2025-09-02 14:31:19.821 | INFO     | Pendulum.SerialConncet:_run:176 - [接收] L26.088018
2025-09-02 14:31:19.840 | INFO     | Pendulum.SerialConncet:_run:176 - [接收] L26.113539
2025-09-02 14:31:19.855 | INFO     | Pendulum.PendulumAPP:_processSerialData:120 - 📏 串口长度数据已更新: L26.113539 -> physical_length=26.113539
2025-09-02 14:31:19.855 | INFO     | Pendulum.PendulumAPP:_processSerialData:121 - 🔄 数据来源: 串口接收 -> PendulumState.physical_length
2025-09-02 14:31:19.863 | INFO     | Pendulum.SerialConncet:_run:176 - [接收] L26.139059
2025-09-02 14:31:19.882 | INFO     | Pendulum.SerialConncet:_run:176 - [接收] L26.164581
2025-09-02 14:31:19.903 | INFO     | Pendulum.PendulumAPP:_processSerialData:120 - 📏 串口长度数据已更新: L26.164581 -> physical_length=26.164581
2025-09-02 14:31:19.904 | INFO     | Pendulum.PendulumAPP:_processSerialData:121 - 🔄 数据来源: 串口接收 -> PendulumState.physical_length
2025-09-02 14:31:19.906 | INFO     | Pendulum.SerialConncet:_run:176 - [接收] L26.190102
2025-09-02 14:31:19.924 | INFO     | Pendulum.SerialConncet:_run:176 - [接收] L26.215622
2025-09-02 14:31:19.945 | INFO     | Pendulum.SerialConncet:_run:176 - [接收] L26.241144
2025-09-02 14:31:19.949 | INFO     | Pendulum.PendulumAPP:_processSerialData:120 - 📏 串口长度数据已更新: L26.215622 -> physical_length=26.215622
2025-09-02 14:31:19.951 | INFO     | Pendulum.PendulumAPP:_processSerialData:121 - 🔄 数据来源: 串口接收 -> PendulumState.physical_length
2025-09-02 14:31:19.966 | INFO     | Pendulum.SerialConncet:_run:176 - [接收] L26.266666
2025-09-02 14:31:19.987 | INFO     | Pendulum.SerialConncet:_run:176 - [接收] L26.292185
2025-09-02 14:31:19.995 | INFO     | Pendulum.PendulumAPP:_processSerialData:120 - 📏 串口长度数据已更新: L26.292185 -> physical_length=26.292185
2025-09-02 14:31:19.995 | INFO     | Pendulum.PendulumAPP:_processSerialData:121 - 🔄 数据来源: 串口接收 -> PendulumState.physical_length
2025-09-02 14:31:20.007 | INFO     | Pendulum.SerialConncet:_run:176 - [接收] L26.317707
2025-09-02 14:31:20.029 | INFO     | Pendulum.SerialConncet:_run:176 - [接收] L26.343227
2025-09-02 14:31:20.042 | INFO     | Pendulum.PendulumAPP:_processSerialData:120 - 📏 串口长度数据已更新: L26.343227 -> physical_length=26.343227
2025-09-02 14:31:20.043 | INFO     | Pendulum.PendulumAPP:_processSerialData:121 - 🔄 数据来源: 串口接收 -> PendulumState.physical_length
2025-09-02 14:31:20.050 | INFO     | Pendulum.SerialConncet:_run:176 - [接收] L26.368750
2025-09-02 14:31:20.070 | INFO     | Pendulum.SerialConncet:_run:176 - [接收] L26.394270
2025-09-02 14:31:20.086 | INFO     | Pendulum.PendulumAPP:_processSerialData:120 - 📏 串口长度数据已更新: L26.394270 -> physical_length=26.394270
2025-09-02 14:31:20.087 | INFO     | Pendulum.PendulumAPP:_processSerialData:121 - 🔄 数据来源: 串口接收 -> PendulumState.physical_length
2025-09-02 14:31:20.091 | INFO     | Pendulum.SerialConncet:_run:176 - [接收] L26.419790
2025-09-02 14:31:20.112 | INFO     | Pendulum.SerialConncet:_run:176 - [接收] L26.445313
2025-09-02 14:31:20.133 | INFO     | Pendulum.PendulumAPP:_processSerialData:120 - 📏 串口长度数据已更新: L26.445313 -> physical_length=26.445313
2025-09-02 14:31:20.134 | INFO     | Pendulum.PendulumAPP:_processSerialData:121 - 🔄 数据来源: 串口接收 -> PendulumState.physical_length
2025-09-02 14:31:20.138 | INFO     | Pendulum.SerialConncet:_run:176 - [接收] L26.470833
2025-09-02 14:31:20.154 | INFO     | Pendulum.SerialConncet:_run:176 - [接收] L26.496353
2025-09-02 14:31:20.175 | INFO     | Pendulum.SerialConncet:_run:176 - [接收] L26.521875
2025-09-02 14:31:20.179 | INFO     | Pendulum.PendulumAPP:_processSerialData:120 - 📏 串口长度数据已更新: L26.521875 -> physical_length=26.521875
2025-09-02 14:31:20.180 | INFO     | Pendulum.PendulumAPP:_processSerialData:121 - 🔄 数据来源: 串口接收 -> PendulumState.physical_length
2025-09-02 14:31:20.196 | INFO     | Pendulum.SerialConncet:_run:176 - [接收] L26.547396
2025-09-02 14:31:20.217 | INFO     | Pendulum.SerialConncet:_run:176 - [接收] L26.572916
2025-09-02 14:31:20.226 | INFO     | Pendulum.PendulumAPP:_processSerialData:120 - 📏 串口长度数据已更新: L26.572916 -> physical_length=26.572916
2025-09-02 14:31:20.226 | INFO     | Pendulum.PendulumAPP:_processSerialData:121 - 🔄 数据来源: 串口接收 -> PendulumState.physical_length
2025-09-02 14:31:20.237 | INFO     | Pendulum.SerialConncet:_run:176 - [接收] L26.598438
2025-09-02 14:31:20.258 | INFO     | Pendulum.SerialConncet:_run:176 - [接收] L26.623959
2025-09-02 14:31:20.273 | INFO     | Pendulum.PendulumAPP:_processSerialData:120 - 📏 串口长度数据已更新: L26.623959 -> physical_length=26.623959
2025-09-02 14:31:20.273 | INFO     | Pendulum.PendulumAPP:_processSerialData:121 - 🔄 数据来源: 串口接收 -> PendulumState.physical_length
2025-09-02 14:31:20.279 | INFO     | Pendulum.SerialConncet:_run:176 - [接收] L26.649481
2025-09-02 14:31:20.301 | INFO     | Pendulum.SerialConncet:_run:176 - [接收] L26.675001
2025-09-02 14:31:20.318 | INFO     | Pendulum.PendulumAPP:_processSerialData:120 - 📏 串口长度数据已更新: L26.675001 -> physical_length=26.675001
2025-09-02 14:31:20.321 | INFO     | Pendulum.PendulumAPP:_processSerialData:121 - 🔄 数据来源: 串口接收 -> PendulumState.physical_length
2025-09-02 14:31:20.325 | INFO     | Pendulum.SerialConncet:_run:176 - [接收] L26.700521
2025-09-02 14:31:20.343 | INFO     | Pendulum.SerialConncet:_run:176 - [接收] L26.726044
2025-09-02 14:31:20.364 | INFO     | Pendulum.PendulumAPP:_processSerialData:120 - 📏 串口长度数据已更新: L26.726044 -> physical_length=26.726044
2025-09-02 14:31:20.364 | INFO     | Pendulum.SerialConncet:_run:176 - [接收] L26.751564
2025-09-02 14:31:20.365 | INFO     | Pendulum.PendulumAPP:_processSerialData:121 - 🔄 数据来源: 串口接收 -> PendulumState.physical_length
2025-09-02 14:31:20.384 | INFO     | Pendulum.SerialConncet:_run:176 - [接收] L26.777084
2025-09-02 14:31:20.401 | INFO     | Pendulum.PendulumAPP:_keyEventWeb:249 - stop
2025-09-02 14:31:20.401 | INFO     | Pendulum.SerialConncet:send:199 - sendm0
2025-09-02 14:31:20.402 | INFO     | Pendulum.SerialConncet:send:201 - [发送] m0
2025-09-02 14:31:20.405 | INFO     | Pendulum.SerialConncet:_run:176 - [接收] L26.802607
2025-09-02 14:31:20.410 | INFO     | Pendulum.PendulumAPP:_processSerialData:120 - 📏 串口长度数据已更新: L26.802607 -> physical_length=26.802607
2025-09-02 14:31:20.411 | INFO     | Pendulum.PendulumAPP:_processSerialData:121 - 🔄 数据来源: 串口接收 -> PendulumState.physical_length
2025-09-02 14:31:20.457 | INFO     | Pendulum.PendulumAPP:_processSerialData:120 - 📏 串口长度数据已更新: L26.802607 -> physical_length=26.802607
2025-09-02 14:31:20.458 | INFO     | Pendulum.PendulumAPP:_processSerialData:121 - 🔄 数据来源: 串口接收 -> PendulumState.physical_length
2025-09-02 14:31:20.503 | INFO     | Pendulum.PendulumAPP:_processSerialData:120 - 📏 串口长度数据已更新: L26.802607 -> physical_length=26.802607
2025-09-02 14:31:20.504 | INFO     | Pendulum.PendulumAPP:_processSerialData:121 - 🔄 数据来源: 串口接收 -> PendulumState.physical_length
2025-09-02 14:31:20.549 | INFO     | Pendulum.PendulumAPP:_processSerialData:120 - 📏 串口长度数据已更新: L26.802607 -> physical_length=26.802607
2025-09-02 14:31:20.551 | INFO     | Pendulum.PendulumAPP:_processSerialData:121 - 🔄 数据来源: 串口接收 -> PendulumState.physical_length
2025-09-02 14:31:20.595 | INFO     | Pendulum.PendulumAPP:_processSerialData:120 - 📏 串口长度数据已更新: L26.802607 -> physical_length=26.802607
2025-09-02 14:31:20.596 | INFO     | Pendulum.PendulumAPP:_processSerialData:121 - 🔄 数据来源: 串口接收 -> PendulumState.physical_length
2025-09-02 14:31:20.642 | INFO     | Pendulum.PendulumAPP:_processSerialData:120 - 📏 串口长度数据已更新: L26.802607 -> physical_length=26.802607
2025-09-02 14:31:20.643 | INFO     | Pendulum.PendulumAPP:_processSerialData:121 - 🔄 数据来源: 串口接收 -> PendulumState.physical_length
2025-09-02 14:31:20.689 | INFO     | Pendulum.PendulumAPP:_processSerialData:120 - 📏 串口长度数据已更新: L26.802607 -> physical_length=26.802607
2025-09-02 14:31:20.690 | INFO     | Pendulum.PendulumAPP:_processSerialData:121 - 🔄 数据来源: 串口接收 -> PendulumState.physical_length
2025-09-02 14:31:20.735 | INFO     | Pendulum.PendulumAPP:_processSerialData:120 - 📏 串口长度数据已更新: L26.802607 -> physical_length=26.802607
2025-09-02 14:31:20.735 | INFO     | Pendulum.PendulumAPP:_processSerialData:121 - 🔄 数据来源: 串口接收 -> PendulumState.physical_length
2025-09-02 14:31:20.782 | INFO     | Pendulum.PendulumAPP:_processSerialData:120 - 📏 串口长度数据已更新: L26.802607 -> physical_length=26.802607
2025-09-02 14:31:20.783 | INFO     | Pendulum.PendulumAPP:_processSerialData:121 - 🔄 数据来源: 串口接收 -> PendulumState.physical_length
2025-09-02 14:31:20.829 | INFO     | Pendulum.PendulumAPP:_processSerialData:120 - 📏 串口长度数据已更新: L26.802607 -> physical_length=26.802607
2025-09-02 14:31:20.830 | INFO     | Pendulum.PendulumAPP:_processSerialData:121 - 🔄 数据来源: 串口接收 -> PendulumState.physical_length
2025-09-02 14:31:20.876 | INFO     | Pendulum.PendulumAPP:_processSerialData:120 - 📏 串口长度数据已更新: L26.802607 -> physical_length=26.802607
2025-09-02 14:31:20.877 | INFO     | Pendulum.PendulumAPP:_processSerialData:121 - 🔄 数据来源: 串口接收 -> PendulumState.physical_length
2025-09-02 14:31:20.923 | INFO     | Pendulum.PendulumAPP:_processSerialData:120 - 📏 串口长度数据已更新: L26.802607 -> physical_length=26.802607
2025-09-02 14:31:20.924 | INFO     | Pendulum.PendulumAPP:_processSerialData:121 - 🔄 数据来源: 串口接收 -> PendulumState.physical_length
2025-09-02 14:31:20.971 | INFO     | Pendulum.PendulumAPP:_processSerialData:120 - 📏 串口长度数据已更新: L26.802607 -> physical_length=26.802607
2025-09-02 14:31:20.972 | INFO     | Pendulum.PendulumAPP:_processSerialData:121 - 🔄 数据来源: 串口接收 -> PendulumState.physical_length
2025-09-02 14:31:21.016 | INFO     | Pendulum.PendulumAPP:_processSerialData:120 - 📏 串口长度数据已更新: L26.802607 -> physical_length=26.802607
2025-09-02 14:31:21.018 | INFO     | Pendulum.PendulumAPP:_processSerialData:121 - 🔄 数据来源: 串口接收 -> PendulumState.physical_length
2025-09-02 14:31:21.062 | INFO     | Pendulum.PendulumAPP:_processSerialData:120 - 📏 串口长度数据已更新: L26.802607 -> physical_length=26.802607
2025-09-02 14:31:21.063 | INFO     | Pendulum.PendulumAPP:_processSerialData:121 - 🔄 数据来源: 串口接收 -> PendulumState.physical_length
2025-09-02 14:31:21.107 | INFO     | Pendulum.PendulumAPP:_processSerialData:120 - 📏 串口长度数据已更新: L26.802607 -> physical_length=26.802607
2025-09-02 14:31:21.108 | INFO     | Pendulum.PendulumAPP:_processSerialData:121 - 🔄 数据来源: 串口接收 -> PendulumState.physical_length
2025-09-02 14:31:21.153 | INFO     | Pendulum.PendulumAPP:_processSerialData:120 - 📏 串口长度数据已更新: L26.802607 -> physical_length=26.802607
2025-09-02 14:31:21.154 | INFO     | Pendulum.PendulumAPP:_processSerialData:121 - 🔄 数据来源: 串口接收 -> PendulumState.physical_length
2025-09-02 14:31:21.199 | INFO     | Pendulum.PendulumAPP:_processSerialData:120 - 📏 串口长度数据已更新: L26.802607 -> physical_length=26.802607
2025-09-02 14:31:21.200 | INFO     | Pendulum.PendulumAPP:_processSerialData:121 - 🔄 数据来源: 串口接收 -> PendulumState.physical_length
2025-09-02 14:31:21.247 | INFO     | Pendulum.PendulumAPP:_processSerialData:120 - 📏 串口长度数据已更新: L26.802607 -> physical_length=26.802607
2025-09-02 14:31:21.247 | INFO     | Pendulum.PendulumAPP:_processSerialData:121 - 🔄 数据来源: 串口接收 -> PendulumState.physical_length
2025-09-02 14:31:21.294 | INFO     | Pendulum.PendulumAPP:_processSerialData:120 - 📏 串口长度数据已更新: L26.802607 -> physical_length=26.802607
2025-09-02 14:31:21.294 | INFO     | Pendulum.PendulumAPP:_processSerialData:121 - 🔄 数据来源: 串口接收 -> PendulumState.physical_length
2025-09-02 14:31:21.346 | INFO     | Pendulum.PendulumAPP:_processSerialData:120 - 📏 串口长度数据已更新: L26.802607 -> physical_length=26.802607
2025-09-02 14:31:21.346 | INFO     | Pendulum.PendulumAPP:_processSerialData:121 - 🔄 数据来源: 串口接收 -> PendulumState.physical_length
2025-09-02 14:31:21.388 | INFO     | Pendulum.PendulumAPP:_processSerialData:120 - 📏 串口长度数据已更新: L26.802607 -> physical_length=26.802607
2025-09-02 14:31:21.390 | INFO     | Pendulum.PendulumAPP:_processSerialData:121 - 🔄 数据来源: 串口接收 -> PendulumState.physical_length
2025-09-02 14:31:21.435 | INFO     | Pendulum.PendulumAPP:_processSerialData:120 - 📏 串口长度数据已更新: L26.802607 -> physical_length=26.802607
2025-09-02 14:31:21.435 | INFO     | Pendulum.PendulumAPP:_processSerialData:121 - 🔄 数据来源: 串口接收 -> PendulumState.physical_length
2025-09-02 14:31:21.483 | INFO     | Pendulum.PendulumAPP:_processSerialData:120 - 📏 串口长度数据已更新: L26.802607 -> physical_length=26.802607
2025-09-02 14:31:21.484 | INFO     | Pendulum.PendulumAPP:_processSerialData:121 - 🔄 数据来源: 串口接收 -> PendulumState.physical_length
2025-09-02 14:31:21.530 | INFO     | Pendulum.PendulumAPP:_processSerialData:120 - 📏 串口长度数据已更新: L26.802607 -> physical_length=26.802607
2025-09-02 14:31:21.532 | INFO     | Pendulum.PendulumAPP:_processSerialData:121 - 🔄 数据来源: 串口接收 -> PendulumState.physical_length
2025-09-02 14:31:21.576 | INFO     | Pendulum.PendulumAPP:_processSerialData:120 - 📏 串口长度数据已更新: L26.802607 -> physical_length=26.802607
2025-09-02 14:31:21.579 | INFO     | Pendulum.PendulumAPP:_processSerialData:121 - 🔄 数据来源: 串口接收 -> PendulumState.physical_length
2025-09-02 14:31:21.623 | INFO     | Pendulum.PendulumAPP:_processSerialData:120 - 📏 串口长度数据已更新: L26.802607 -> physical_length=26.802607
2025-09-02 14:31:21.626 | INFO     | Pendulum.PendulumAPP:_processSerialData:121 - 🔄 数据来源: 串口接收 -> PendulumState.physical_length
2025-09-02 14:31:21.669 | INFO     | Pendulum.PendulumAPP:_processSerialData:120 - 📏 串口长度数据已更新: L26.802607 -> physical_length=26.802607
2025-09-02 14:31:21.670 | INFO     | Pendulum.PendulumAPP:_processSerialData:121 - 🔄 数据来源: 串口接收 -> PendulumState.physical_length
2025-09-02 14:31:21.716 | INFO     | Pendulum.PendulumAPP:_processSerialData:120 - 📏 串口长度数据已更新: L26.802607 -> physical_length=26.802607
2025-09-02 14:31:21.717 | INFO     | Pendulum.PendulumAPP:_processSerialData:121 - 🔄 数据来源: 串口接收 -> PendulumState.physical_length
2025-09-02 14:31:21.764 | INFO     | Pendulum.PendulumAPP:_processSerialData:120 - 📏 串口长度数据已更新: L26.802607 -> physical_length=26.802607
2025-09-02 14:31:21.765 | INFO     | Pendulum.PendulumAPP:_processSerialData:121 - 🔄 数据来源: 串口接收 -> PendulumState.physical_length
2025-09-02 14:31:21.810 | INFO     | Pendulum.PendulumAPP:_processSerialData:120 - 📏 串口长度数据已更新: L26.802607 -> physical_length=26.802607
2025-09-02 14:31:21.811 | INFO     | Pendulum.PendulumAPP:_processSerialData:121 - 🔄 数据来源: 串口接收 -> PendulumState.physical_length
2025-09-02 14:31:21.857 | INFO     | Pendulum.PendulumAPP:_processSerialData:120 - 📏 串口长度数据已更新: L26.802607 -> physical_length=26.802607
2025-09-02 14:31:21.858 | INFO     | Pendulum.PendulumAPP:_processSerialData:121 - 🔄 数据来源: 串口接收 -> PendulumState.physical_length
2025-09-02 14:31:21.903 | INFO     | Pendulum.PendulumAPP:_processSerialData:120 - 📏 串口长度数据已更新: L26.802607 -> physical_length=26.802607
2025-09-02 14:31:21.904 | INFO     | Pendulum.PendulumAPP:_processSerialData:121 - 🔄 数据来源: 串口接收 -> PendulumState.physical_length
2025-09-02 14:31:21.950 | INFO     | Pendulum.PendulumAPP:_processSerialData:120 - 📏 串口长度数据已更新: L26.802607 -> physical_length=26.802607
2025-09-02 14:31:21.951 | INFO     | Pendulum.PendulumAPP:_processSerialData:121 - 🔄 数据来源: 串口接收 -> PendulumState.physical_length
2025-09-02 14:31:21.986 | INFO     | Pendulum.PendulumAPP:_keyEventWeb:277 - n2
2025-09-02 14:31:21.988 | INFO     | Pendulum.SerialConncet:send:199 - sendn2
2025-09-02 14:31:21.989 | INFO     | Pendulum.SerialConncet:send:201 - [发送] n2
2025-09-02 14:31:21.997 | INFO     | Pendulum.PendulumAPP:_processSerialData:120 - 📏 串口长度数据已更新: L26.802607 -> physical_length=26.802607
2025-09-02 14:31:21.998 | INFO     | Pendulum.PendulumAPP:_processSerialData:121 - 🔄 数据来源: 串口接收 -> PendulumState.physical_length
2025-09-02 14:31:22.043 | INFO     | Pendulum.PendulumAPP:_processSerialData:120 - 📏 串口长度数据已更新: L26.802607 -> physical_length=26.802607
2025-09-02 14:31:22.044 | INFO     | Pendulum.PendulumAPP:_processSerialData:121 - 🔄 数据来源: 串口接收 -> PendulumState.physical_length
2025-09-02 14:31:22.089 | INFO     | Pendulum.PendulumAPP:_processSerialData:120 - 📏 串口长度数据已更新: L26.802607 -> physical_length=26.802607
2025-09-02 14:31:22.090 | INFO     | Pendulum.PendulumAPP:_processSerialData:121 - 🔄 数据来源: 串口接收 -> PendulumState.physical_length
2025-09-02 14:31:22.136 | INFO     | Pendulum.PendulumAPP:_processSerialData:120 - 📏 串口长度数据已更新: L26.802607 -> physical_length=26.802607
2025-09-02 14:31:22.139 | INFO     | Pendulum.PendulumAPP:_processSerialData:121 - 🔄 数据来源: 串口接收 -> PendulumState.physical_length
2025-09-02 14:31:22.182 | INFO     | Pendulum.PendulumAPP:_processSerialData:120 - 📏 串口长度数据已更新: L26.802607 -> physical_length=26.802607
2025-09-02 14:31:22.184 | INFO     | Pendulum.PendulumAPP:_processSerialData:121 - 🔄 数据来源: 串口接收 -> PendulumState.physical_length
2025-09-02 14:31:22.229 | INFO     | Pendulum.PendulumAPP:_processSerialData:120 - 📏 串口长度数据已更新: L26.802607 -> physical_length=26.802607
2025-09-02 14:31:22.230 | INFO     | Pendulum.PendulumAPP:_processSerialData:121 - 🔄 数据来源: 串口接收 -> PendulumState.physical_length
2025-09-02 14:31:22.275 | INFO     | Pendulum.PendulumAPP:_processSerialData:120 - 📏 串口长度数据已更新: L26.802607 -> physical_length=26.802607
2025-09-02 14:31:22.276 | INFO     | Pendulum.PendulumAPP:_processSerialData:121 - 🔄 数据来源: 串口接收 -> PendulumState.physical_length
2025-09-02 14:31:22.321 | INFO     | Pendulum.PendulumAPP:_processSerialData:120 - 📏 串口长度数据已更新: L26.802607 -> physical_length=26.802607
2025-09-02 14:31:22.322 | INFO     | Pendulum.PendulumAPP:_processSerialData:121 - 🔄 数据来源: 串口接收 -> PendulumState.physical_length
2025-09-02 14:31:22.368 | INFO     | Pendulum.PendulumAPP:_processSerialData:120 - 📏 串口长度数据已更新: L26.802607 -> physical_length=26.802607
2025-09-02 14:31:22.369 | INFO     | Pendulum.PendulumAPP:_processSerialData:121 - 🔄 数据来源: 串口接收 -> PendulumState.physical_length
2025-09-02 14:31:22.414 | INFO     | Pendulum.PendulumAPP:_processSerialData:120 - 📏 串口长度数据已更新: L26.802607 -> physical_length=26.802607
2025-09-02 14:31:22.415 | INFO     | Pendulum.PendulumAPP:_processSerialData:121 - 🔄 数据来源: 串口接收 -> PendulumState.physical_length
2025-09-02 14:31:22.460 | INFO     | Pendulum.PendulumAPP:_processSerialData:120 - 📏 串口长度数据已更新: L26.802607 -> physical_length=26.802607
2025-09-02 14:31:22.461 | INFO     | Pendulum.PendulumAPP:_processSerialData:121 - 🔄 数据来源: 串口接收 -> PendulumState.physical_length
2025-09-02 14:31:22.507 | INFO     | Pendulum.PendulumAPP:_processSerialData:120 - 📏 串口长度数据已更新: L26.802607 -> physical_length=26.802607
2025-09-02 14:31:22.510 | INFO     | Pendulum.PendulumAPP:_processSerialData:121 - 🔄 数据来源: 串口接收 -> PendulumState.physical_length
2025-09-02 14:31:22.553 | INFO     | Pendulum.PendulumAPP:_processSerialData:120 - 📏 串口长度数据已更新: L26.802607 -> physical_length=26.802607
2025-09-02 14:31:22.554 | INFO     | Pendulum.PendulumAPP:_processSerialData:121 - 🔄 数据来源: 串口接收 -> PendulumState.physical_length
2025-09-02 14:31:22.600 | INFO     | Pendulum.PendulumAPP:_processSerialData:120 - 📏 串口长度数据已更新: L26.802607 -> physical_length=26.802607
2025-09-02 14:31:22.600 | INFO     | Pendulum.PendulumAPP:_processSerialData:121 - 🔄 数据来源: 串口接收 -> PendulumState.physical_length
2025-09-02 14:31:22.646 | INFO     | Pendulum.PendulumAPP:_processSerialData:120 - 📏 串口长度数据已更新: L26.802607 -> physical_length=26.802607
2025-09-02 14:31:22.648 | INFO     | Pendulum.PendulumAPP:_processSerialData:121 - 🔄 数据来源: 串口接收 -> PendulumState.physical_length
2025-09-02 14:31:22.693 | INFO     | Pendulum.PendulumAPP:_processSerialData:120 - 📏 串口长度数据已更新: L26.802607 -> physical_length=26.802607
2025-09-02 14:31:22.694 | INFO     | Pendulum.PendulumAPP:_processSerialData:121 - 🔄 数据来源: 串口接收 -> PendulumState.physical_length
2025-09-02 14:31:22.741 | INFO     | Pendulum.PendulumAPP:_processSerialData:120 - 📏 串口长度数据已更新: L26.802607 -> physical_length=26.802607
2025-09-02 14:31:22.745 | INFO     | Pendulum.PendulumAPP:_processSerialData:121 - 🔄 数据来源: 串口接收 -> PendulumState.physical_length
2025-09-02 14:31:22.786 | INFO     | Pendulum.PendulumAPP:_processSerialData:120 - 📏 串口长度数据已更新: L26.802607 -> physical_length=26.802607
2025-09-02 14:31:22.788 | INFO     | Pendulum.PendulumAPP:_processSerialData:121 - 🔄 数据来源: 串口接收 -> PendulumState.physical_length
2025-09-02 14:31:22.833 | INFO     | Pendulum.PendulumAPP:_processSerialData:120 - 📏 串口长度数据已更新: L26.802607 -> physical_length=26.802607
2025-09-02 14:31:22.834 | INFO     | Pendulum.PendulumAPP:_processSerialData:121 - 🔄 数据来源: 串口接收 -> PendulumState.physical_length
2025-09-02 14:31:22.879 | INFO     | Pendulum.PendulumAPP:_processSerialData:120 - 📏 串口长度数据已更新: L26.802607 -> physical_length=26.802607
2025-09-02 14:31:22.880 | INFO     | Pendulum.PendulumAPP:_processSerialData:121 - 🔄 数据来源: 串口接收 -> PendulumState.physical_length
2025-09-02 14:31:22.926 | INFO     | Pendulum.PendulumAPP:_processSerialData:120 - 📏 串口长度数据已更新: L26.802607 -> physical_length=26.802607
2025-09-02 14:31:22.927 | INFO     | Pendulum.PendulumAPP:_processSerialData:121 - 🔄 数据来源: 串口接收 -> PendulumState.physical_length
2025-09-02 14:31:22.969 | INFO     | Pendulum.PendulumAPP:_keyEventWeb:283 - n0
2025-09-02 14:31:22.969 | INFO     | Pendulum.SerialConncet:send:199 - sendn0
2025-09-02 14:31:22.970 | INFO     | Pendulum.SerialConncet:send:201 - [发送] n0
2025-09-02 14:31:22.987 | INFO     | Pendulum.PendulumAPP:_processSerialData:120 - 📏 串口长度数据已更新: L26.802607 -> physical_length=26.802607
2025-09-02 14:31:22.988 | INFO     | Pendulum.PendulumAPP:_processSerialData:121 - 🔄 数据来源: 串口接收 -> PendulumState.physical_length
2025-09-02 14:31:23.034 | INFO     | Pendulum.PendulumAPP:_processSerialData:120 - 📏 串口长度数据已更新: L26.802607 -> physical_length=26.802607
2025-09-02 14:31:23.035 | INFO     | Pendulum.PendulumAPP:_processSerialData:121 - 🔄 数据来源: 串口接收 -> PendulumState.physical_length
2025-09-02 14:31:23.081 | INFO     | Pendulum.PendulumAPP:_processSerialData:120 - 📏 串口长度数据已更新: L26.802607 -> physical_length=26.802607
2025-09-02 14:31:23.083 | INFO     | Pendulum.PendulumAPP:_processSerialData:121 - 🔄 数据来源: 串口接收 -> PendulumState.physical_length
2025-09-02 14:31:23.127 | INFO     | Pendulum.PendulumAPP:_processSerialData:120 - 📏 串口长度数据已更新: L26.802607 -> physical_length=26.802607
2025-09-02 14:31:23.128 | INFO     | Pendulum.PendulumAPP:_processSerialData:121 - 🔄 数据来源: 串口接收 -> PendulumState.physical_length
2025-09-02 14:31:23.174 | INFO     | Pendulum.PendulumAPP:_processSerialData:120 - 📏 串口长度数据已更新: L26.802607 -> physical_length=26.802607
2025-09-02 14:31:23.175 | INFO     | Pendulum.PendulumAPP:_processSerialData:121 - 🔄 数据来源: 串口接收 -> PendulumState.physical_length
2025-09-02 14:31:23.220 | INFO     | Pendulum.PendulumAPP:_processSerialData:120 - 📏 串口长度数据已更新: L26.802607 -> physical_length=26.802607
2025-09-02 14:31:23.220 | INFO     | Pendulum.PendulumAPP:_processSerialData:121 - 🔄 数据来源: 串口接收 -> PendulumState.physical_length
2025-09-02 14:31:23.267 | INFO     | Pendulum.PendulumAPP:_processSerialData:120 - 📏 串口长度数据已更新: L26.802607 -> physical_length=26.802607
2025-09-02 14:31:23.273 | INFO     | Pendulum.PendulumAPP:_processSerialData:121 - 🔄 数据来源: 串口接收 -> PendulumState.physical_length
2025-09-02 14:31:23.313 | INFO     | Pendulum.PendulumAPP:_processSerialData:120 - 📏 串口长度数据已更新: L26.802607 -> physical_length=26.802607
2025-09-02 14:31:23.314 | INFO     | Pendulum.PendulumAPP:_processSerialData:121 - 🔄 数据来源: 串口接收 -> PendulumState.physical_length
2025-09-02 14:31:23.360 | INFO     | Pendulum.PendulumAPP:_processSerialData:120 - 📏 串口长度数据已更新: L26.802607 -> physical_length=26.802607
2025-09-02 14:31:23.360 | INFO     | Pendulum.PendulumAPP:_processSerialData:121 - 🔄 数据来源: 串口接收 -> PendulumState.physical_length
2025-09-02 14:31:23.407 | INFO     | Pendulum.PendulumAPP:_processSerialData:120 - 📏 串口长度数据已更新: L26.802607 -> physical_length=26.802607
2025-09-02 14:31:23.408 | INFO     | Pendulum.PendulumAPP:_processSerialData:121 - 🔄 数据来源: 串口接收 -> PendulumState.physical_length
2025-09-02 14:31:23.453 | INFO     | Pendulum.PendulumAPP:_processSerialData:120 - 📏 串口长度数据已更新: L26.802607 -> physical_length=26.802607
2025-09-02 14:31:23.454 | INFO     | Pendulum.PendulumAPP:_processSerialData:121 - 🔄 数据来源: 串口接收 -> PendulumState.physical_length
2025-09-02 14:31:23.499 | INFO     | Pendulum.PendulumAPP:_processSerialData:120 - 📏 串口长度数据已更新: L26.802607 -> physical_length=26.802607
2025-09-02 14:31:23.500 | INFO     | Pendulum.PendulumAPP:_processSerialData:121 - 🔄 数据来源: 串口接收 -> PendulumState.physical_length
2025-09-02 14:31:23.547 | INFO     | Pendulum.PendulumAPP:_processSerialData:120 - 📏 串口长度数据已更新: L26.802607 -> physical_length=26.802607
2025-09-02 14:31:23.548 | INFO     | Pendulum.PendulumAPP:_processSerialData:121 - 🔄 数据来源: 串口接收 -> PendulumState.physical_length
2025-09-02 14:31:23.592 | INFO     | Pendulum.PendulumAPP:_processSerialData:120 - 📏 串口长度数据已更新: L26.802607 -> physical_length=26.802607
2025-09-02 14:31:23.595 | INFO     | Pendulum.PendulumAPP:_processSerialData:121 - 🔄 数据来源: 串口接收 -> PendulumState.physical_length
2025-09-02 14:31:23.640 | INFO     | Pendulum.PendulumAPP:_processSerialData:120 - 📏 串口长度数据已更新: L26.802607 -> physical_length=26.802607
2025-09-02 14:31:23.644 | INFO     | Pendulum.PendulumAPP:_processSerialData:121 - 🔄 数据来源: 串口接收 -> PendulumState.physical_length
2025-09-02 14:31:23.686 | INFO     | Pendulum.PendulumAPP:_processSerialData:120 - 📏 串口长度数据已更新: L26.802607 -> physical_length=26.802607
2025-09-02 14:31:23.687 | INFO     | Pendulum.PendulumAPP:_processSerialData:121 - 🔄 数据来源: 串口接收 -> PendulumState.physical_length
2025-09-02 14:31:23.731 | INFO     | Pendulum.PendulumAPP:_processSerialData:120 - 📏 串口长度数据已更新: L26.802607 -> physical_length=26.802607
2025-09-02 14:31:23.733 | INFO     | Pendulum.PendulumAPP:_processSerialData:121 - 🔄 数据来源: 串口接收 -> PendulumState.physical_length
2025-09-02 14:31:23.779 | INFO     | Pendulum.PendulumAPP:_processSerialData:120 - 📏 串口长度数据已更新: L26.802607 -> physical_length=26.802607
2025-09-02 14:31:23.780 | INFO     | Pendulum.PendulumAPP:_processSerialData:121 - 🔄 数据来源: 串口接收 -> PendulumState.physical_length
2025-09-02 14:31:23.824 | INFO     | Pendulum.PendulumAPP:_processSerialData:120 - 📏 串口长度数据已更新: L26.802607 -> physical_length=26.802607
2025-09-02 14:31:23.825 | INFO     | Pendulum.PendulumAPP:_processSerialData:121 - 🔄 数据来源: 串口接收 -> PendulumState.physical_length
2025-09-02 14:31:23.870 | INFO     | Pendulum.PendulumAPP:_processSerialData:120 - 📏 串口长度数据已更新: L26.802607 -> physical_length=26.802607
2025-09-02 14:31:23.871 | INFO     | Pendulum.PendulumAPP:_processSerialData:121 - 🔄 数据来源: 串口接收 -> PendulumState.physical_length
2025-09-02 14:31:23.917 | INFO     | Pendulum.PendulumAPP:_processSerialData:120 - 📏 串口长度数据已更新: L26.802607 -> physical_length=26.802607
2025-09-02 14:31:23.917 | INFO     | Pendulum.PendulumAPP:_processSerialData:121 - 🔄 数据来源: 串口接收 -> PendulumState.physical_length
2025-09-02 14:31:23.963 | INFO     | Pendulum.PendulumAPP:_processSerialData:120 - 📏 串口长度数据已更新: L26.802607 -> physical_length=26.802607
2025-09-02 14:31:23.964 | INFO     | Pendulum.PendulumAPP:_processSerialData:121 - 🔄 数据来源: 串口接收 -> PendulumState.physical_length
2025-09-02 14:31:24.009 | INFO     | Pendulum.PendulumAPP:_processSerialData:120 - 📏 串口长度数据已更新: L26.802607 -> physical_length=26.802607
2025-09-02 14:31:24.010 | INFO     | Pendulum.PendulumAPP:_processSerialData:121 - 🔄 数据来源: 串口接收 -> PendulumState.physical_length
2025-09-02 14:31:24.054 | INFO     | Pendulum.PendulumAPP:_processSerialData:120 - 📏 串口长度数据已更新: L26.802607 -> physical_length=26.802607
2025-09-02 14:31:24.055 | INFO     | Pendulum.PendulumAPP:_processSerialData:121 - 🔄 数据来源: 串口接收 -> PendulumState.physical_length
2025-09-02 14:31:24.099 | INFO     | Pendulum.PendulumAPP:_processSerialData:120 - 📏 串口长度数据已更新: L26.802607 -> physical_length=26.802607
2025-09-02 14:31:24.100 | INFO     | Pendulum.PendulumAPP:_processSerialData:121 - 🔄 数据来源: 串口接收 -> PendulumState.physical_length
2025-09-02 14:31:24.144 | INFO     | Pendulum.PendulumAPP:_processSerialData:120 - 📏 串口长度数据已更新: L26.802607 -> physical_length=26.802607
2025-09-02 14:31:24.145 | INFO     | Pendulum.PendulumAPP:_processSerialData:121 - 🔄 数据来源: 串口接收 -> PendulumState.physical_length
2025-09-02 14:31:24.191 | INFO     | Pendulum.PendulumAPP:_processSerialData:120 - 📏 串口长度数据已更新: L26.802607 -> physical_length=26.802607
2025-09-02 14:31:24.192 | INFO     | Pendulum.PendulumAPP:_processSerialData:121 - 🔄 数据来源: 串口接收 -> PendulumState.physical_length
2025-09-02 14:31:24.237 | INFO     | Pendulum.PendulumAPP:_processSerialData:120 - 📏 串口长度数据已更新: L26.802607 -> physical_length=26.802607
2025-09-02 14:31:24.238 | INFO     | Pendulum.PendulumAPP:_processSerialData:121 - 🔄 数据来源: 串口接收 -> PendulumState.physical_length
2025-09-02 14:31:24.283 | INFO     | Pendulum.PendulumAPP:_processSerialData:120 - 📏 串口长度数据已更新: L26.802607 -> physical_length=26.802607
2025-09-02 14:31:24.285 | INFO     | Pendulum.PendulumAPP:_processSerialData:121 - 🔄 数据来源: 串口接收 -> PendulumState.physical_length
2025-09-02 14:31:24.334 | INFO     | Pendulum.PendulumAPP:_processSerialData:120 - 📏 串口长度数据已更新: L26.802607 -> physical_length=26.802607
2025-09-02 14:31:24.335 | INFO     | Pendulum.PendulumAPP:_processSerialData:121 - 🔄 数据来源: 串口接收 -> PendulumState.physical_length
2025-09-02 14:31:24.377 | INFO     | Pendulum.PendulumAPP:_processSerialData:120 - 📏 串口长度数据已更新: L26.802607 -> physical_length=26.802607
2025-09-02 14:31:24.378 | INFO     | Pendulum.PendulumAPP:_processSerialData:121 - 🔄 数据来源: 串口接收 -> PendulumState.physical_length
2025-09-02 14:31:24.424 | INFO     | Pendulum.PendulumAPP:_processSerialData:120 - 📏 串口长度数据已更新: L26.802607 -> physical_length=26.802607
2025-09-02 14:31:24.424 | INFO     | Pendulum.PendulumAPP:_processSerialData:121 - 🔄 数据来源: 串口接收 -> PendulumState.physical_length
2025-09-02 14:31:24.468 | INFO     | Pendulum.PendulumAPP:_processSerialData:120 - 📏 串口长度数据已更新: L26.802607 -> physical_length=26.802607
2025-09-02 14:31:24.468 | INFO     | Pendulum.PendulumAPP:_processSerialData:121 - 🔄 数据来源: 串口接收 -> PendulumState.physical_length
2025-09-02 14:31:24.514 | INFO     | Pendulum.PendulumAPP:_processSerialData:120 - 📏 串口长度数据已更新: L26.802607 -> physical_length=26.802607
2025-09-02 14:31:24.516 | INFO     | Pendulum.PendulumAPP:_processSerialData:121 - 🔄 数据来源: 串口接收 -> PendulumState.physical_length
2025-09-02 14:31:24.560 | INFO     | Pendulum.PendulumAPP:_processSerialData:120 - 📏 串口长度数据已更新: L26.802607 -> physical_length=26.802607
2025-09-02 14:31:24.561 | INFO     | Pendulum.PendulumAPP:_processSerialData:121 - 🔄 数据来源: 串口接收 -> PendulumState.physical_length
2025-09-02 14:31:24.607 | INFO     | Pendulum.PendulumAPP:_processSerialData:120 - 📏 串口长度数据已更新: L26.802607 -> physical_length=26.802607
2025-09-02 14:31:24.608 | INFO     | Pendulum.PendulumAPP:_processSerialData:121 - 🔄 数据来源: 串口接收 -> PendulumState.physical_length
2025-09-02 14:31:24.654 | INFO     | Pendulum.PendulumAPP:_processSerialData:120 - 📏 串口长度数据已更新: L26.802607 -> physical_length=26.802607
2025-09-02 14:31:24.655 | INFO     | Pendulum.PendulumAPP:_processSerialData:121 - 🔄 数据来源: 串口接收 -> PendulumState.physical_length
2025-09-02 14:31:24.701 | INFO     | Pendulum.PendulumAPP:_processSerialData:120 - 📏 串口长度数据已更新: L26.802607 -> physical_length=26.802607
2025-09-02 14:31:24.702 | INFO     | Pendulum.PendulumAPP:_processSerialData:121 - 🔄 数据来源: 串口接收 -> PendulumState.physical_length
2025-09-02 14:31:24.747 | INFO     | Pendulum.PendulumAPP:_processSerialData:120 - 📏 串口长度数据已更新: L26.802607 -> physical_length=26.802607
2025-09-02 14:31:24.749 | INFO     | Pendulum.PendulumAPP:_processSerialData:121 - 🔄 数据来源: 串口接收 -> PendulumState.physical_length
2025-09-02 14:31:24.793 | INFO     | Pendulum.PendulumAPP:_processSerialData:120 - 📏 串口长度数据已更新: L26.802607 -> physical_length=26.802607
2025-09-02 14:31:24.794 | INFO     | Pendulum.PendulumAPP:_processSerialData:121 - 🔄 数据来源: 串口接收 -> PendulumState.physical_length
2025-09-02 14:31:24.839 | INFO     | Pendulum.PendulumAPP:_processSerialData:120 - 📏 串口长度数据已更新: L26.802607 -> physical_length=26.802607
2025-09-02 14:31:24.841 | INFO     | Pendulum.PendulumAPP:_processSerialData:121 - 🔄 数据来源: 串口接收 -> PendulumState.physical_length
2025-09-02 14:31:24.885 | INFO     | Pendulum.PendulumAPP:_processSerialData:120 - 📏 串口长度数据已更新: L26.802607 -> physical_length=26.802607
2025-09-02 14:31:24.886 | INFO     | Pendulum.PendulumAPP:_processSerialData:121 - 🔄 数据来源: 串口接收 -> PendulumState.physical_length
2025-09-02 14:31:24.932 | INFO     | Pendulum.PendulumAPP:_processSerialData:120 - 📏 串口长度数据已更新: L26.802607 -> physical_length=26.802607
2025-09-02 14:31:24.934 | INFO     | Pendulum.PendulumAPP:_processSerialData:121 - 🔄 数据来源: 串口接收 -> PendulumState.physical_length
2025-09-02 14:31:24.978 | INFO     | Pendulum.PendulumAPP:_processSerialData:120 - 📏 串口长度数据已更新: L26.802607 -> physical_length=26.802607
2025-09-02 14:31:24.979 | INFO     | Pendulum.PendulumAPP:_processSerialData:121 - 🔄 数据来源: 串口接收 -> PendulumState.physical_length
2025-09-02 14:31:25.023 | INFO     | Pendulum.PendulumAPP:_processSerialData:120 - 📏 串口长度数据已更新: L26.802607 -> physical_length=26.802607
2025-09-02 14:31:25.024 | INFO     | Pendulum.PendulumAPP:_processSerialData:121 - 🔄 数据来源: 串口接收 -> PendulumState.physical_length
2025-09-02 14:31:25.070 | INFO     | Pendulum.PendulumAPP:_processSerialData:120 - 📏 串口长度数据已更新: L26.802607 -> physical_length=26.802607
2025-09-02 14:31:25.071 | INFO     | Pendulum.PendulumAPP:_processSerialData:121 - 🔄 数据来源: 串口接收 -> PendulumState.physical_length
2025-09-02 14:31:25.117 | INFO     | Pendulum.PendulumAPP:_processSerialData:120 - 📏 串口长度数据已更新: L26.802607 -> physical_length=26.802607
2025-09-02 14:31:25.119 | INFO     | Pendulum.PendulumAPP:_processSerialData:121 - 🔄 数据来源: 串口接收 -> PendulumState.physical_length
2025-09-02 14:31:25.164 | INFO     | Pendulum.PendulumAPP:_processSerialData:120 - 📏 串口长度数据已更新: L26.802607 -> physical_length=26.802607
2025-09-02 14:31:25.166 | INFO     | Pendulum.PendulumAPP:_processSerialData:121 - 🔄 数据来源: 串口接收 -> PendulumState.physical_length
2025-09-02 14:31:25.210 | INFO     | Pendulum.PendulumAPP:_processSerialData:120 - 📏 串口长度数据已更新: L26.802607 -> physical_length=26.802607
2025-09-02 14:31:25.213 | INFO     | Pendulum.PendulumAPP:_processSerialData:121 - 🔄 数据来源: 串口接收 -> PendulumState.physical_length
2025-09-02 14:31:25.246 | INFO     | Pendulum.PendulumAPP:_keyEventWeb:246 - ↓
2025-09-02 14:31:25.247 | INFO     | Pendulum.SerialConncet:send:199 - sendm1
2025-09-02 14:31:25.248 | INFO     | Pendulum.SerialConncet:send:201 - [发送] m1
2025-09-02 14:31:25.258 | INFO     | Pendulum.PendulumAPP:_processSerialData:120 - 📏 串口长度数据已更新: L26.802607 -> physical_length=26.802607
2025-09-02 14:31:25.258 | INFO     | Pendulum.PendulumAPP:_processSerialData:121 - 🔄 数据来源: 串口接收 -> PendulumState.physical_length
2025-09-02 14:31:25.271 | INFO     | Pendulum.SerialConncet:_run:176 - [接收] L26.828127
2025-09-02 14:31:25.292 | INFO     | Pendulum.SerialConncet:_run:176 - [接收] L26.853647
2025-09-02 14:31:25.302 | INFO     | Pendulum.PendulumAPP:_processSerialData:120 - 📏 串口长度数据已更新: L26.853647 -> physical_length=26.853647
2025-09-02 14:31:25.303 | INFO     | Pendulum.PendulumAPP:_processSerialData:121 - 🔄 数据来源: 串口接收 -> PendulumState.physical_length
2025-09-02 14:31:25.313 | INFO     | Pendulum.SerialConncet:_run:176 - [接收] L26.879168
2025-09-02 14:31:25.337 | INFO     | Pendulum.SerialConncet:_run:176 - [接收] L26.904692
2025-09-02 14:31:25.348 | INFO     | Pendulum.PendulumAPP:_processSerialData:120 - 📏 串口长度数据已更新: L26.904692 -> physical_length=26.904692
2025-09-02 14:31:25.350 | INFO     | Pendulum.PendulumAPP:_processSerialData:121 - 🔄 数据来源: 串口接收 -> PendulumState.physical_length
2025-09-02 14:31:25.354 | INFO     | Pendulum.SerialConncet:_run:176 - [接收] L26.930212
2025-09-02 14:31:25.375 | INFO     | Pendulum.SerialConncet:_run:176 - [接收] L26.955730
2025-09-02 14:31:25.396 | INFO     | Pendulum.PendulumAPP:_processSerialData:120 - 📏 串口长度数据已更新: L26.955730 -> physical_length=26.955730
2025-09-02 14:31:25.397 | INFO     | Pendulum.PendulumAPP:_processSerialData:121 - 🔄 数据来源: 串口接收 -> PendulumState.physical_length
2025-09-02 14:31:25.399 | INFO     | Pendulum.SerialConncet:_run:176 - [接收] L26.981255
2025-09-02 14:31:25.419 | INFO     | Pendulum.SerialConncet:_run:176 - [接收] L27.006775
2025-09-02 14:31:25.439 | INFO     | Pendulum.SerialConncet:_run:176 - [接收] L27.032295
2025-09-02 14:31:25.442 | INFO     | Pendulum.PendulumAPP:_processSerialData:120 - 📏 串口长度数据已更新: L27.032295 -> physical_length=27.032295
2025-09-02 14:31:25.443 | INFO     | Pendulum.PendulumAPP:_processSerialData:121 - 🔄 数据来源: 串口接收 -> PendulumState.physical_length
2025-09-02 14:31:25.458 | INFO     | Pendulum.SerialConncet:_run:176 - [接收] L27.057814
2025-09-02 14:31:25.480 | INFO     | Pendulum.PendulumAPP:_keyEventWeb:249 - stop
2025-09-02 14:31:25.481 | INFO     | Pendulum.SerialConncet:send:199 - sendm0
2025-09-02 14:31:25.482 | INFO     | Pendulum.SerialConncet:send:201 - [发送] m0
2025-09-02 14:31:25.484 | INFO     | Pendulum.SerialConncet:_run:176 - [接收] L27.083338
2025-09-02 14:31:25.489 | INFO     | Pendulum.PendulumAPP:_processSerialData:120 - 📏 串口长度数据已更新: L27.083338 -> physical_length=27.083338
2025-09-02 14:31:25.491 | INFO     | Pendulum.PendulumAPP:_processSerialData:121 - 🔄 数据来源: 串口接收 -> PendulumState.physical_length
2025-09-02 14:31:25.500 | INFO     | Pendulum.SerialConncet:_run:176 - [接收] L27.108858
2025-09-02 14:31:25.536 | INFO     | Pendulum.PendulumAPP:_processSerialData:120 - 📏 串口长度数据已更新: L27.108858 -> physical_length=27.108858
2025-09-02 14:31:25.538 | INFO     | Pendulum.PendulumAPP:_processSerialData:121 - 🔄 数据来源: 串口接收 -> PendulumState.physical_length
2025-09-02 14:31:25.582 | INFO     | Pendulum.PendulumAPP:_processSerialData:120 - 📏 串口长度数据已更新: L27.108858 -> physical_length=27.108858
2025-09-02 14:31:25.584 | INFO     | Pendulum.PendulumAPP:_processSerialData:121 - 🔄 数据来源: 串口接收 -> PendulumState.physical_length
2025-09-02 14:31:25.629 | INFO     | Pendulum.PendulumAPP:_processSerialData:120 - 📏 串口长度数据已更新: L27.108858 -> physical_length=27.108858
2025-09-02 14:31:25.630 | INFO     | Pendulum.PendulumAPP:_processSerialData:121 - 🔄 数据来源: 串口接收 -> PendulumState.physical_length
2025-09-02 14:31:25.676 | INFO     | Pendulum.PendulumAPP:_processSerialData:120 - 📏 串口长度数据已更新: L27.108858 -> physical_length=27.108858
2025-09-02 14:31:25.678 | INFO     | Pendulum.PendulumAPP:_processSerialData:121 - 🔄 数据来源: 串口接收 -> PendulumState.physical_length
2025-09-02 14:31:25.723 | INFO     | Pendulum.PendulumAPP:_processSerialData:120 - 📏 串口长度数据已更新: L27.108858 -> physical_length=27.108858
2025-09-02 14:31:25.724 | INFO     | Pendulum.PendulumAPP:_processSerialData:121 - 🔄 数据来源: 串口接收 -> PendulumState.physical_length
2025-09-02 14:31:25.770 | INFO     | Pendulum.PendulumAPP:_processSerialData:120 - 📏 串口长度数据已更新: L27.108858 -> physical_length=27.108858
2025-09-02 14:31:25.775 | INFO     | Pendulum.PendulumAPP:_processSerialData:121 - 🔄 数据来源: 串口接收 -> PendulumState.physical_length
2025-09-02 14:31:25.816 | INFO     | Pendulum.PendulumAPP:_processSerialData:120 - 📏 串口长度数据已更新: L27.108858 -> physical_length=27.108858
2025-09-02 14:31:25.819 | INFO     | Pendulum.PendulumAPP:_processSerialData:121 - 🔄 数据来源: 串口接收 -> PendulumState.physical_length
2025-09-02 14:31:25.863 | INFO     | Pendulum.PendulumAPP:_processSerialData:120 - 📏 串口长度数据已更新: L27.108858 -> physical_length=27.108858
2025-09-02 14:31:25.866 | INFO     | Pendulum.PendulumAPP:_processSerialData:121 - 🔄 数据来源: 串口接收 -> PendulumState.physical_length
2025-09-02 14:31:25.909 | INFO     | Pendulum.PendulumAPP:_processSerialData:120 - 📏 串口长度数据已更新: L27.108858 -> physical_length=27.108858
2025-09-02 14:31:25.910 | INFO     | Pendulum.PendulumAPP:_processSerialData:121 - 🔄 数据来源: 串口接收 -> PendulumState.physical_length
2025-09-02 14:31:25.955 | INFO     | Pendulum.PendulumAPP:_processSerialData:120 - 📏 串口长度数据已更新: L27.108858 -> physical_length=27.108858
2025-09-02 14:31:25.956 | INFO     | Pendulum.PendulumAPP:_processSerialData:121 - 🔄 数据来源: 串口接收 -> PendulumState.physical_length
2025-09-02 14:31:26.002 | INFO     | Pendulum.PendulumAPP:_processSerialData:120 - 📏 串口长度数据已更新: L27.108858 -> physical_length=27.108858
2025-09-02 14:31:26.003 | INFO     | Pendulum.PendulumAPP:_processSerialData:121 - 🔄 数据来源: 串口接收 -> PendulumState.physical_length
2025-09-02 14:31:26.048 | INFO     | Pendulum.PendulumAPP:_processSerialData:120 - 📏 串口长度数据已更新: L27.108858 -> physical_length=27.108858
2025-09-02 14:31:26.049 | INFO     | Pendulum.PendulumAPP:_processSerialData:121 - 🔄 数据来源: 串口接收 -> PendulumState.physical_length
2025-09-02 14:31:26.094 | INFO     | Pendulum.PendulumAPP:_processSerialData:120 - 📏 串口长度数据已更新: L27.108858 -> physical_length=27.108858
2025-09-02 14:31:26.095 | INFO     | Pendulum.PendulumAPP:_processSerialData:121 - 🔄 数据来源: 串口接收 -> PendulumState.physical_length
2025-09-02 14:31:26.140 | INFO     | Pendulum.PendulumAPP:_processSerialData:120 - 📏 串口长度数据已更新: L27.108858 -> physical_length=27.108858
2025-09-02 14:31:26.141 | INFO     | Pendulum.PendulumAPP:_processSerialData:121 - 🔄 数据来源: 串口接收 -> PendulumState.physical_length
2025-09-02 14:31:26.187 | INFO     | Pendulum.PendulumAPP:_processSerialData:120 - 📏 串口长度数据已更新: L27.108858 -> physical_length=27.108858
2025-09-02 14:31:26.188 | INFO     | Pendulum.PendulumAPP:_processSerialData:121 - 🔄 数据来源: 串口接收 -> PendulumState.physical_length
2025-09-02 14:31:26.233 | INFO     | Pendulum.PendulumAPP:_processSerialData:120 - 📏 串口长度数据已更新: L27.108858 -> physical_length=27.108858
2025-09-02 14:31:26.234 | INFO     | Pendulum.PendulumAPP:_processSerialData:121 - 🔄 数据来源: 串口接收 -> PendulumState.physical_length
2025-09-02 14:31:26.279 | INFO     | Pendulum.PendulumAPP:_processSerialData:120 - 📏 串口长度数据已更新: L27.108858 -> physical_length=27.108858
2025-09-02 14:31:26.283 | INFO     | Pendulum.PendulumAPP:_processSerialData:121 - 🔄 数据来源: 串口接收 -> PendulumState.physical_length
2025-09-02 14:31:26.326 | INFO     | Pendulum.PendulumAPP:_processSerialData:120 - 📏 串口长度数据已更新: L27.108858 -> physical_length=27.108858
2025-09-02 14:31:26.327 | INFO     | Pendulum.PendulumAPP:_processSerialData:121 - 🔄 数据来源: 串口接收 -> PendulumState.physical_length
2025-09-02 14:31:26.373 | INFO     | Pendulum.PendulumAPP:_processSerialData:120 - 📏 串口长度数据已更新: L27.108858 -> physical_length=27.108858
2025-09-02 14:31:26.374 | INFO     | Pendulum.PendulumAPP:_processSerialData:121 - 🔄 数据来源: 串口接收 -> PendulumState.physical_length
2025-09-02 14:31:26.420 | INFO     | Pendulum.PendulumAPP:_processSerialData:120 - 📏 串口长度数据已更新: L27.108858 -> physical_length=27.108858
2025-09-02 14:31:26.422 | INFO     | Pendulum.PendulumAPP:_processSerialData:121 - 🔄 数据来源: 串口接收 -> PendulumState.physical_length
2025-09-02 14:31:26.467 | INFO     | Pendulum.PendulumAPP:_processSerialData:120 - 📏 串口长度数据已更新: L27.108858 -> physical_length=27.108858
2025-09-02 14:31:26.468 | INFO     | Pendulum.PendulumAPP:_processSerialData:121 - 🔄 数据来源: 串口接收 -> PendulumState.physical_length
2025-09-02 14:31:26.514 | INFO     | Pendulum.PendulumAPP:_processSerialData:120 - 📏 串口长度数据已更新: L27.108858 -> physical_length=27.108858
2025-09-02 14:31:26.516 | INFO     | Pendulum.PendulumAPP:_processSerialData:121 - 🔄 数据来源: 串口接收 -> PendulumState.physical_length
2025-09-02 14:31:26.560 | INFO     | Pendulum.PendulumAPP:_processSerialData:120 - 📏 串口长度数据已更新: L27.108858 -> physical_length=27.108858
2025-09-02 14:31:26.561 | INFO     | Pendulum.PendulumAPP:_processSerialData:121 - 🔄 数据来源: 串口接收 -> PendulumState.physical_length
2025-09-02 14:31:26.609 | INFO     | Pendulum.PendulumAPP:_processSerialData:120 - 📏 串口长度数据已更新: L27.108858 -> physical_length=27.108858
2025-09-02 14:31:26.610 | INFO     | Pendulum.PendulumAPP:_processSerialData:121 - 🔄 数据来源: 串口接收 -> PendulumState.physical_length
2025-09-02 14:31:26.654 | INFO     | Pendulum.PendulumAPP:_processSerialData:120 - 📏 串口长度数据已更新: L27.108858 -> physical_length=27.108858
2025-09-02 14:31:26.655 | INFO     | Pendulum.PendulumAPP:_processSerialData:121 - 🔄 数据来源: 串口接收 -> PendulumState.physical_length
2025-09-02 14:31:26.700 | INFO     | Pendulum.PendulumAPP:_processSerialData:120 - 📏 串口长度数据已更新: L27.108858 -> physical_length=27.108858
2025-09-02 14:31:26.702 | INFO     | Pendulum.PendulumAPP:_processSerialData:121 - 🔄 数据来源: 串口接收 -> PendulumState.physical_length
2025-09-02 14:31:26.746 | INFO     | Pendulum.PendulumAPP:_processSerialData:120 - 📏 串口长度数据已更新: L27.108858 -> physical_length=27.108858
2025-09-02 14:31:26.747 | INFO     | Pendulum.PendulumAPP:_processSerialData:121 - 🔄 数据来源: 串口接收 -> PendulumState.physical_length
2025-09-02 14:31:26.793 | INFO     | Pendulum.PendulumAPP:_processSerialData:120 - 📏 串口长度数据已更新: L27.108858 -> physical_length=27.108858
2025-09-02 14:31:26.796 | INFO     | Pendulum.PendulumAPP:_processSerialData:121 - 🔄 数据来源: 串口接收 -> PendulumState.physical_length
2025-09-02 14:31:26.839 | INFO     | Pendulum.PendulumAPP:_processSerialData:120 - 📏 串口长度数据已更新: L27.108858 -> physical_length=27.108858
2025-09-02 14:31:26.839 | INFO     | Pendulum.PendulumAPP:_processSerialData:121 - 🔄 数据来源: 串口接收 -> PendulumState.physical_length
2025-09-02 14:31:26.885 | INFO     | Pendulum.PendulumAPP:_processSerialData:120 - 📏 串口长度数据已更新: L27.108858 -> physical_length=27.108858
2025-09-02 14:31:26.886 | INFO     | Pendulum.PendulumAPP:_processSerialData:121 - 🔄 数据来源: 串口接收 -> PendulumState.physical_length
2025-09-02 14:31:26.931 | INFO     | Pendulum.PendulumAPP:_processSerialData:120 - 📏 串口长度数据已更新: L27.108858 -> physical_length=27.108858
2025-09-02 14:31:26.931 | INFO     | Pendulum.PendulumAPP:_processSerialData:121 - 🔄 数据来源: 串口接收 -> PendulumState.physical_length
2025-09-02 14:31:26.977 | INFO     | Pendulum.PendulumAPP:_processSerialData:120 - 📏 串口长度数据已更新: L27.108858 -> physical_length=27.108858
2025-09-02 14:31:26.978 | INFO     | Pendulum.PendulumAPP:_processSerialData:121 - 🔄 数据来源: 串口接收 -> PendulumState.physical_length
2025-09-02 14:31:27.024 | INFO     | Pendulum.PendulumAPP:_processSerialData:120 - 📏 串口长度数据已更新: L27.108858 -> physical_length=27.108858
2025-09-02 14:31:27.025 | INFO     | Pendulum.PendulumAPP:_processSerialData:121 - 🔄 数据来源: 串口接收 -> PendulumState.physical_length
2025-09-02 14:31:27.071 | INFO     | Pendulum.PendulumAPP:_processSerialData:120 - 📏 串口长度数据已更新: L27.108858 -> physical_length=27.108858
2025-09-02 14:31:27.073 | INFO     | Pendulum.PendulumAPP:_processSerialData:121 - 🔄 数据来源: 串口接收 -> PendulumState.physical_length
2025-09-02 14:31:27.118 | INFO     | Pendulum.PendulumAPP:_processSerialData:120 - 📏 串口长度数据已更新: L27.108858 -> physical_length=27.108858
2025-09-02 14:31:27.118 | INFO     | Pendulum.PendulumAPP:_processSerialData:121 - 🔄 数据来源: 串口接收 -> PendulumState.physical_length
2025-09-02 14:31:27.164 | INFO     | Pendulum.PendulumAPP:_processSerialData:120 - 📏 串口长度数据已更新: L27.108858 -> physical_length=27.108858
2025-09-02 14:31:27.165 | INFO     | Pendulum.PendulumAPP:_processSerialData:121 - 🔄 数据来源: 串口接收 -> PendulumState.physical_length
2025-09-02 14:31:27.211 | INFO     | Pendulum.PendulumAPP:_processSerialData:120 - 📏 串口长度数据已更新: L27.108858 -> physical_length=27.108858
2025-09-02 14:31:27.213 | INFO     | Pendulum.PendulumAPP:_processSerialData:121 - 🔄 数据来源: 串口接收 -> PendulumState.physical_length
2025-09-02 14:31:27.257 | INFO     | Pendulum.PendulumAPP:_processSerialData:120 - 📏 串口长度数据已更新: L27.108858 -> physical_length=27.108858
2025-09-02 14:31:27.260 | INFO     | Pendulum.PendulumAPP:_processSerialData:121 - 🔄 数据来源: 串口接收 -> PendulumState.physical_length
2025-09-02 14:31:27.303 | INFO     | Pendulum.PendulumAPP:_processSerialData:120 - 📏 串口长度数据已更新: L27.108858 -> physical_length=27.108858
2025-09-02 14:31:27.306 | INFO     | Pendulum.PendulumAPP:_processSerialData:121 - 🔄 数据来源: 串口接收 -> PendulumState.physical_length
2025-09-02 14:31:27.351 | INFO     | Pendulum.PendulumAPP:_processSerialData:120 - 📏 串口长度数据已更新: L27.108858 -> physical_length=27.108858
2025-09-02 14:31:27.352 | INFO     | Pendulum.PendulumAPP:_processSerialData:121 - 🔄 数据来源: 串口接收 -> PendulumState.physical_length
2025-09-02 14:31:27.397 | INFO     | Pendulum.PendulumAPP:_processSerialData:120 - 📏 串口长度数据已更新: L27.108858 -> physical_length=27.108858
2025-09-02 14:31:27.398 | INFO     | Pendulum.PendulumAPP:_processSerialData:121 - 🔄 数据来源: 串口接收 -> PendulumState.physical_length
2025-09-02 14:31:27.443 | INFO     | Pendulum.PendulumAPP:_processSerialData:120 - 📏 串口长度数据已更新: L27.108858 -> physical_length=27.108858
2025-09-02 14:31:27.445 | INFO     | Pendulum.PendulumAPP:_processSerialData:121 - 🔄 数据来源: 串口接收 -> PendulumState.physical_length
2025-09-02 14:31:27.489 | INFO     | Pendulum.PendulumAPP:_processSerialData:120 - 📏 串口长度数据已更新: L27.108858 -> physical_length=27.108858
2025-09-02 14:31:27.489 | INFO     | Pendulum.PendulumAPP:_processSerialData:121 - 🔄 数据来源: 串口接收 -> PendulumState.physical_length
2025-09-02 14:31:27.535 | INFO     | Pendulum.PendulumAPP:_processSerialData:120 - 📏 串口长度数据已更新: L27.108858 -> physical_length=27.108858
2025-09-02 14:31:27.536 | INFO     | Pendulum.PendulumAPP:_processSerialData:121 - 🔄 数据来源: 串口接收 -> PendulumState.physical_length
2025-09-02 14:31:27.581 | INFO     | Pendulum.PendulumAPP:_processSerialData:120 - 📏 串口长度数据已更新: L27.108858 -> physical_length=27.108858
2025-09-02 14:31:27.582 | INFO     | Pendulum.PendulumAPP:_processSerialData:121 - 🔄 数据来源: 串口接收 -> PendulumState.physical_length
2025-09-02 14:31:27.632 | INFO     | Pendulum.PendulumAPP:_processSerialData:120 - 📏 串口长度数据已更新: L27.108858 -> physical_length=27.108858
2025-09-02 14:31:27.635 | INFO     | Pendulum.PendulumAPP:_processSerialData:121 - 🔄 数据来源: 串口接收 -> PendulumState.physical_length
2025-09-02 14:31:27.674 | INFO     | Pendulum.PendulumAPP:_processSerialData:120 - 📏 串口长度数据已更新: L27.108858 -> physical_length=27.108858
2025-09-02 14:31:27.675 | INFO     | Pendulum.PendulumAPP:_processSerialData:121 - 🔄 数据来源: 串口接收 -> PendulumState.physical_length
2025-09-02 14:31:27.719 | INFO     | Pendulum.PendulumAPP:_processSerialData:120 - 📏 串口长度数据已更新: L27.108858 -> physical_length=27.108858
2025-09-02 14:31:27.719 | INFO     | Pendulum.PendulumAPP:_processSerialData:121 - 🔄 数据来源: 串口接收 -> PendulumState.physical_length
2025-09-02 14:31:27.765 | INFO     | Pendulum.PendulumAPP:_processSerialData:120 - 📏 串口长度数据已更新: L27.108858 -> physical_length=27.108858
2025-09-02 14:31:27.766 | INFO     | Pendulum.PendulumAPP:_processSerialData:121 - 🔄 数据来源: 串口接收 -> PendulumState.physical_length
2025-09-02 14:31:27.812 | INFO     | Pendulum.PendulumAPP:_processSerialData:120 - 📏 串口长度数据已更新: L27.108858 -> physical_length=27.108858
2025-09-02 14:31:27.813 | INFO     | Pendulum.PendulumAPP:_processSerialData:121 - 🔄 数据来源: 串口接收 -> PendulumState.physical_length
2025-09-02 14:31:27.859 | INFO     | Pendulum.PendulumAPP:_processSerialData:120 - 📏 串口长度数据已更新: L27.108858 -> physical_length=27.108858
2025-09-02 14:31:27.860 | INFO     | Pendulum.PendulumAPP:_processSerialData:121 - 🔄 数据来源: 串口接收 -> PendulumState.physical_length
2025-09-02 14:31:27.905 | INFO     | Pendulum.PendulumAPP:_processSerialData:120 - 📏 串口长度数据已更新: L27.108858 -> physical_length=27.108858
2025-09-02 14:31:27.905 | INFO     | Pendulum.PendulumAPP:_processSerialData:121 - 🔄 数据来源: 串口接收 -> PendulumState.physical_length
2025-09-02 14:31:27.951 | INFO     | Pendulum.PendulumAPP:_processSerialData:120 - 📏 串口长度数据已更新: L27.108858 -> physical_length=27.108858
2025-09-02 14:31:27.953 | INFO     | Pendulum.PendulumAPP:_processSerialData:121 - 🔄 数据来源: 串口接收 -> PendulumState.physical_length
2025-09-02 14:31:27.996 | INFO     | Pendulum.PendulumAPP:_processSerialData:120 - 📏 串口长度数据已更新: L27.108858 -> physical_length=27.108858
2025-09-02 14:31:27.997 | INFO     | Pendulum.PendulumAPP:_processSerialData:121 - 🔄 数据来源: 串口接收 -> PendulumState.physical_length
2025-09-02 14:31:28.044 | INFO     | Pendulum.PendulumAPP:_processSerialData:120 - 📏 串口长度数据已更新: L27.108858 -> physical_length=27.108858
2025-09-02 14:31:28.045 | INFO     | Pendulum.PendulumAPP:_processSerialData:121 - 🔄 数据来源: 串口接收 -> PendulumState.physical_length
2025-09-02 14:31:28.090 | INFO     | Pendulum.PendulumAPP:_processSerialData:120 - 📏 串口长度数据已更新: L27.108858 -> physical_length=27.108858
2025-09-02 14:31:28.091 | INFO     | Pendulum.PendulumAPP:_processSerialData:121 - 🔄 数据来源: 串口接收 -> PendulumState.physical_length
2025-09-02 14:31:28.136 | INFO     | Pendulum.PendulumAPP:_processSerialData:120 - 📏 串口长度数据已更新: L27.108858 -> physical_length=27.108858
2025-09-02 14:31:28.137 | INFO     | Pendulum.PendulumAPP:_processSerialData:121 - 🔄 数据来源: 串口接收 -> PendulumState.physical_length
2025-09-02 14:31:28.173 | INFO     | Pendulum.PendulumAPP:_keyEventWeb:271 - u1
2025-09-02 14:31:28.173 | INFO     | Pendulum.SerialConncet:send:199 - sendu1
2025-09-02 14:31:28.176 | INFO     | Pendulum.SerialConncet:send:201 - [发送] u1
2025-09-02 14:31:28.185 | INFO     | Pendulum.PendulumAPP:_processSerialData:120 - 📏 串口长度数据已更新: L27.108858 -> physical_length=27.108858
2025-09-02 14:31:28.187 | INFO     | Pendulum.PendulumAPP:_processSerialData:121 - 🔄 数据来源: 串口接收 -> PendulumState.physical_length
2025-09-02 14:31:28.231 | INFO     | Pendulum.PendulumAPP:_processSerialData:120 - 📏 串口长度数据已更新: L27.108858 -> physical_length=27.108858
2025-09-02 14:31:28.233 | INFO     | Pendulum.PendulumAPP:_processSerialData:121 - 🔄 数据来源: 串口接收 -> PendulumState.physical_length
2025-09-02 14:31:28.277 | INFO     | Pendulum.PendulumAPP:_processSerialData:120 - 📏 串口长度数据已更新: L27.108858 -> physical_length=27.108858
2025-09-02 14:31:28.277 | INFO     | Pendulum.PendulumAPP:_processSerialData:121 - 🔄 数据来源: 串口接收 -> PendulumState.physical_length
2025-09-02 14:31:28.324 | INFO     | Pendulum.PendulumAPP:_processSerialData:120 - 📏 串口长度数据已更新: L27.108858 -> physical_length=27.108858
2025-09-02 14:31:28.325 | INFO     | Pendulum.PendulumAPP:_processSerialData:121 - 🔄 数据来源: 串口接收 -> PendulumState.physical_length
2025-09-02 14:31:28.371 | INFO     | Pendulum.PendulumAPP:_processSerialData:120 - 📏 串口长度数据已更新: L27.108858 -> physical_length=27.108858
2025-09-02 14:31:28.373 | INFO     | Pendulum.PendulumAPP:_processSerialData:121 - 🔄 数据来源: 串口接收 -> PendulumState.physical_length
2025-09-02 14:31:28.417 | INFO     | Pendulum.PendulumAPP:_processSerialData:120 - 📏 串口长度数据已更新: L27.108858 -> physical_length=27.108858
2025-09-02 14:31:28.417 | INFO     | Pendulum.PendulumAPP:_processSerialData:121 - 🔄 数据来源: 串口接收 -> PendulumState.physical_length
2025-09-02 14:31:28.464 | INFO     | Pendulum.PendulumAPP:_processSerialData:120 - 📏 串口长度数据已更新: L27.108858 -> physical_length=27.108858
2025-09-02 14:31:28.465 | INFO     | Pendulum.PendulumAPP:_processSerialData:121 - 🔄 数据来源: 串口接收 -> PendulumState.physical_length
2025-09-02 14:31:28.511 | INFO     | Pendulum.PendulumAPP:_processSerialData:120 - 📏 串口长度数据已更新: L27.108858 -> physical_length=27.108858
2025-09-02 14:31:28.513 | INFO     | Pendulum.PendulumAPP:_processSerialData:121 - 🔄 数据来源: 串口接收 -> PendulumState.physical_length
2025-09-02 14:31:28.558 | INFO     | Pendulum.PendulumAPP:_processSerialData:120 - 📏 串口长度数据已更新: L27.108858 -> physical_length=27.108858
2025-09-02 14:31:28.558 | INFO     | Pendulum.PendulumAPP:_processSerialData:121 - 🔄 数据来源: 串口接收 -> PendulumState.physical_length
2025-09-02 14:31:28.603 | INFO     | Pendulum.PendulumAPP:_processSerialData:120 - 📏 串口长度数据已更新: L27.108858 -> physical_length=27.108858
2025-09-02 14:31:28.604 | INFO     | Pendulum.PendulumAPP:_processSerialData:121 - 🔄 数据来源: 串口接收 -> PendulumState.physical_length
2025-09-02 14:31:28.650 | INFO     | Pendulum.PendulumAPP:_processSerialData:120 - 📏 串口长度数据已更新: L27.108858 -> physical_length=27.108858
2025-09-02 14:31:28.651 | INFO     | Pendulum.PendulumAPP:_processSerialData:121 - 🔄 数据来源: 串口接收 -> PendulumState.physical_length
2025-09-02 14:31:28.698 | INFO     | Pendulum.PendulumAPP:_processSerialData:120 - 📏 串口长度数据已更新: L27.108858 -> physical_length=27.108858
2025-09-02 14:31:28.702 | INFO     | Pendulum.PendulumAPP:_processSerialData:121 - 🔄 数据来源: 串口接收 -> PendulumState.physical_length
2025-09-02 14:31:28.743 | INFO     | Pendulum.PendulumAPP:_processSerialData:120 - 📏 串口长度数据已更新: L27.108858 -> physical_length=27.108858
2025-09-02 14:31:28.744 | INFO     | Pendulum.PendulumAPP:_processSerialData:121 - 🔄 数据来源: 串口接收 -> PendulumState.physical_length
2025-09-02 14:31:28.790 | INFO     | Pendulum.PendulumAPP:_processSerialData:120 - 📏 串口长度数据已更新: L27.108858 -> physical_length=27.108858
2025-09-02 14:31:28.790 | INFO     | Pendulum.PendulumAPP:_processSerialData:121 - 🔄 数据来源: 串口接收 -> PendulumState.physical_length
2025-09-02 14:31:28.836 | INFO     | Pendulum.PendulumAPP:_processSerialData:120 - 📏 串口长度数据已更新: L27.108858 -> physical_length=27.108858
2025-09-02 14:31:28.837 | INFO     | Pendulum.PendulumAPP:_processSerialData:121 - 🔄 数据来源: 串口接收 -> PendulumState.physical_length
2025-09-02 14:31:28.882 | INFO     | Pendulum.PendulumAPP:_processSerialData:120 - 📏 串口长度数据已更新: L27.108858 -> physical_length=27.108858
2025-09-02 14:31:28.889 | INFO     | Pendulum.PendulumAPP:_processSerialData:121 - 🔄 数据来源: 串口接收 -> PendulumState.physical_length
2025-09-02 14:31:28.928 | INFO     | Pendulum.PendulumAPP:_processSerialData:120 - 📏 串口长度数据已更新: L27.108858 -> physical_length=27.108858
2025-09-02 14:31:28.929 | INFO     | Pendulum.PendulumAPP:_processSerialData:121 - 🔄 数据来源: 串口接收 -> PendulumState.physical_length
2025-09-02 14:31:28.975 | INFO     | Pendulum.PendulumAPP:_processSerialData:120 - 📏 串口长度数据已更新: L27.108858 -> physical_length=27.108858
2025-09-02 14:31:28.975 | INFO     | Pendulum.PendulumAPP:_processSerialData:121 - 🔄 数据来源: 串口接收 -> PendulumState.physical_length
2025-09-02 14:31:29.021 | INFO     | Pendulum.PendulumAPP:_processSerialData:120 - 📏 串口长度数据已更新: L27.108858 -> physical_length=27.108858
2025-09-02 14:31:29.023 | INFO     | Pendulum.PendulumAPP:_processSerialData:121 - 🔄 数据来源: 串口接收 -> PendulumState.physical_length
2025-09-02 14:31:29.068 | INFO     | Pendulum.PendulumAPP:_processSerialData:120 - 📏 串口长度数据已更新: L27.108858 -> physical_length=27.108858
2025-09-02 14:31:29.069 | INFO     | Pendulum.PendulumAPP:_processSerialData:121 - 🔄 数据来源: 串口接收 -> PendulumState.physical_length
2025-09-02 14:31:29.114 | INFO     | Pendulum.PendulumAPP:_processSerialData:120 - 📏 串口长度数据已更新: L27.108858 -> physical_length=27.108858
2025-09-02 14:31:29.114 | INFO     | Pendulum.PendulumAPP:_processSerialData:121 - 🔄 数据来源: 串口接收 -> PendulumState.physical_length
2025-09-02 14:31:29.160 | INFO     | Pendulum.PendulumAPP:_processSerialData:120 - 📏 串口长度数据已更新: L27.108858 -> physical_length=27.108858
2025-09-02 14:31:29.164 | INFO     | Pendulum.PendulumAPP:_processSerialData:121 - 🔄 数据来源: 串口接收 -> PendulumState.physical_length
2025-09-02 14:31:29.207 | INFO     | Pendulum.PendulumAPP:_processSerialData:120 - 📏 串口长度数据已更新: L27.108858 -> physical_length=27.108858
2025-09-02 14:31:29.207 | INFO     | Pendulum.PendulumAPP:_processSerialData:121 - 🔄 数据来源: 串口接收 -> PendulumState.physical_length
2025-09-02 14:31:29.252 | INFO     | Pendulum.PendulumAPP:_processSerialData:120 - 📏 串口长度数据已更新: L27.108858 -> physical_length=27.108858
2025-09-02 14:31:29.253 | INFO     | Pendulum.PendulumAPP:_processSerialData:121 - 🔄 数据来源: 串口接收 -> PendulumState.physical_length
2025-09-02 14:31:29.298 | INFO     | Pendulum.PendulumAPP:_processSerialData:120 - 📏 串口长度数据已更新: L27.108858 -> physical_length=27.108858
2025-09-02 14:31:29.299 | INFO     | Pendulum.PendulumAPP:_processSerialData:121 - 🔄 数据来源: 串口接收 -> PendulumState.physical_length
2025-09-02 14:31:29.344 | INFO     | Pendulum.PendulumAPP:_processSerialData:120 - 📏 串口长度数据已更新: L27.108858 -> physical_length=27.108858
2025-09-02 14:31:29.345 | INFO     | Pendulum.PendulumAPP:_processSerialData:121 - 🔄 数据来源: 串口接收 -> PendulumState.physical_length
2025-09-02 14:31:29.391 | INFO     | Pendulum.PendulumAPP:_processSerialData:120 - 📏 串口长度数据已更新: L27.108858 -> physical_length=27.108858
2025-09-02 14:31:29.392 | INFO     | Pendulum.PendulumAPP:_processSerialData:121 - 🔄 数据来源: 串口接收 -> PendulumState.physical_length
2025-09-02 14:31:29.439 | INFO     | Pendulum.PendulumAPP:_processSerialData:120 - 📏 串口长度数据已更新: L27.108858 -> physical_length=27.108858
2025-09-02 14:31:29.440 | INFO     | Pendulum.PendulumAPP:_processSerialData:121 - 🔄 数据来源: 串口接收 -> PendulumState.physical_length
2025-09-02 14:31:29.485 | INFO     | Pendulum.PendulumAPP:_processSerialData:120 - 📏 串口长度数据已更新: L27.108858 -> physical_length=27.108858
2025-09-02 14:31:29.485 | INFO     | Pendulum.PendulumAPP:_processSerialData:121 - 🔄 数据来源: 串口接收 -> PendulumState.physical_length
2025-09-02 14:31:29.532 | INFO     | Pendulum.PendulumAPP:_processSerialData:120 - 📏 串口长度数据已更新: L27.108858 -> physical_length=27.108858
2025-09-02 14:31:29.533 | INFO     | Pendulum.PendulumAPP:_processSerialData:121 - 🔄 数据来源: 串口接收 -> PendulumState.physical_length
2025-09-02 14:31:29.578 | INFO     | Pendulum.PendulumAPP:_processSerialData:120 - 📏 串口长度数据已更新: L27.108858 -> physical_length=27.108858
2025-09-02 14:31:29.578 | INFO     | Pendulum.PendulumAPP:_processSerialData:121 - 🔄 数据来源: 串口接收 -> PendulumState.physical_length
2025-09-02 14:31:29.624 | INFO     | Pendulum.PendulumAPP:_processSerialData:120 - 📏 串口长度数据已更新: L27.108858 -> physical_length=27.108858
2025-09-02 14:31:29.626 | INFO     | Pendulum.PendulumAPP:_processSerialData:121 - 🔄 数据来源: 串口接收 -> PendulumState.physical_length
2025-09-02 14:31:29.671 | INFO     | Pendulum.PendulumAPP:_processSerialData:120 - 📏 串口长度数据已更新: L27.108858 -> physical_length=27.108858
2025-09-02 14:31:29.673 | INFO     | Pendulum.PendulumAPP:_processSerialData:121 - 🔄 数据来源: 串口接收 -> PendulumState.physical_length
2025-09-02 14:31:29.716 | INFO     | Pendulum.PendulumAPP:_processSerialData:120 - 📏 串口长度数据已更新: L27.108858 -> physical_length=27.108858
2025-09-02 14:31:29.717 | INFO     | Pendulum.PendulumAPP:_processSerialData:121 - 🔄 数据来源: 串口接收 -> PendulumState.physical_length
2025-09-02 14:31:29.762 | INFO     | Pendulum.PendulumAPP:_processSerialData:120 - 📏 串口长度数据已更新: L27.108858 -> physical_length=27.108858
2025-09-02 14:31:29.763 | INFO     | Pendulum.PendulumAPP:_processSerialData:121 - 🔄 数据来源: 串口接收 -> PendulumState.physical_length
2025-09-02 14:31:29.807 | INFO     | Pendulum.PendulumAPP:_processSerialData:120 - 📏 串口长度数据已更新: L27.108858 -> physical_length=27.108858
2025-09-02 14:31:29.808 | INFO     | Pendulum.PendulumAPP:_processSerialData:121 - 🔄 数据来源: 串口接收 -> PendulumState.physical_length
2025-09-02 14:31:29.854 | INFO     | Pendulum.PendulumAPP:_processSerialData:120 - 📏 串口长度数据已更新: L27.108858 -> physical_length=27.108858
2025-09-02 14:31:29.855 | INFO     | Pendulum.PendulumAPP:_processSerialData:121 - 🔄 数据来源: 串口接收 -> PendulumState.physical_length
2025-09-02 14:31:29.902 | INFO     | Pendulum.PendulumAPP:_processSerialData:120 - 📏 串口长度数据已更新: L27.108858 -> physical_length=27.108858
2025-09-02 14:31:29.903 | INFO     | Pendulum.PendulumAPP:_processSerialData:121 - 🔄 数据来源: 串口接收 -> PendulumState.physical_length
2025-09-02 14:31:29.949 | INFO     | Pendulum.PendulumAPP:_processSerialData:120 - 📏 串口长度数据已更新: L27.108858 -> physical_length=27.108858
2025-09-02 14:31:29.950 | INFO     | Pendulum.PendulumAPP:_processSerialData:121 - 🔄 数据来源: 串口接收 -> PendulumState.physical_length
2025-09-02 14:31:29.996 | INFO     | Pendulum.PendulumAPP:_processSerialData:120 - 📏 串口长度数据已更新: L27.108858 -> physical_length=27.108858
2025-09-02 14:31:29.997 | INFO     | Pendulum.PendulumAPP:_processSerialData:121 - 🔄 数据来源: 串口接收 -> PendulumState.physical_length
2025-09-02 14:31:30.042 | INFO     | Pendulum.PendulumAPP:_processSerialData:120 - 📏 串口长度数据已更新: L27.108858 -> physical_length=27.108858
2025-09-02 14:31:30.043 | INFO     | Pendulum.PendulumAPP:_processSerialData:121 - 🔄 数据来源: 串口接收 -> PendulumState.physical_length
2025-09-02 14:31:30.090 | INFO     | Pendulum.PendulumAPP:_processSerialData:120 - 📏 串口长度数据已更新: L27.108858 -> physical_length=27.108858
2025-09-02 14:31:30.092 | INFO     | Pendulum.PendulumAPP:_processSerialData:121 - 🔄 数据来源: 串口接收 -> PendulumState.physical_length
2025-09-02 14:31:30.136 | INFO     | Pendulum.PendulumAPP:_processSerialData:120 - 📏 串口长度数据已更新: L27.108858 -> physical_length=27.108858
2025-09-02 14:31:30.139 | INFO     | Pendulum.PendulumAPP:_processSerialData:121 - 🔄 数据来源: 串口接收 -> PendulumState.physical_length
2025-09-02 14:31:30.182 | INFO     | Pendulum.PendulumAPP:_processSerialData:120 - 📏 串口长度数据已更新: L27.108858 -> physical_length=27.108858
2025-09-02 14:31:30.184 | INFO     | Pendulum.PendulumAPP:_processSerialData:121 - 🔄 数据来源: 串口接收 -> PendulumState.physical_length
2025-09-02 14:31:30.228 | INFO     | Pendulum.PendulumAPP:_processSerialData:120 - 📏 串口长度数据已更新: L27.108858 -> physical_length=27.108858
2025-09-02 14:31:30.228 | INFO     | Pendulum.PendulumAPP:_processSerialData:121 - 🔄 数据来源: 串口接收 -> PendulumState.physical_length
2025-09-02 14:31:30.274 | INFO     | Pendulum.PendulumAPP:_processSerialData:120 - 📏 串口长度数据已更新: L27.108858 -> physical_length=27.108858
2025-09-02 14:31:30.274 | INFO     | Pendulum.PendulumAPP:_processSerialData:121 - 🔄 数据来源: 串口接收 -> PendulumState.physical_length
2025-09-02 14:31:30.320 | INFO     | Pendulum.PendulumAPP:_processSerialData:120 - 📏 串口长度数据已更新: L27.108858 -> physical_length=27.108858
2025-09-02 14:31:30.321 | INFO     | Pendulum.PendulumAPP:_processSerialData:121 - 🔄 数据来源: 串口接收 -> PendulumState.physical_length
2025-09-02 14:31:30.367 | INFO     | Pendulum.PendulumAPP:_processSerialData:120 - 📏 串口长度数据已更新: L27.108858 -> physical_length=27.108858
2025-09-02 14:31:30.368 | INFO     | Pendulum.PendulumAPP:_processSerialData:121 - 🔄 数据来源: 串口接收 -> PendulumState.physical_length
2025-09-02 14:31:30.414 | INFO     | Pendulum.PendulumAPP:_processSerialData:120 - 📏 串口长度数据已更新: L27.108858 -> physical_length=27.108858
2025-09-02 14:31:30.414 | INFO     | Pendulum.PendulumAPP:_processSerialData:121 - 🔄 数据来源: 串口接收 -> PendulumState.physical_length
2025-09-02 14:31:30.461 | INFO     | Pendulum.PendulumAPP:_processSerialData:120 - 📏 串口长度数据已更新: L27.108858 -> physical_length=27.108858
2025-09-02 14:31:30.461 | INFO     | Pendulum.PendulumAPP:_processSerialData:121 - 🔄 数据来源: 串口接收 -> PendulumState.physical_length
2025-09-02 14:31:30.507 | INFO     | Pendulum.PendulumAPP:_processSerialData:120 - 📏 串口长度数据已更新: L27.108858 -> physical_length=27.108858
2025-09-02 14:31:30.508 | INFO     | Pendulum.PendulumAPP:_processSerialData:121 - 🔄 数据来源: 串口接收 -> PendulumState.physical_length
2025-09-02 14:31:30.553 | INFO     | Pendulum.PendulumAPP:_processSerialData:120 - 📏 串口长度数据已更新: L27.108858 -> physical_length=27.108858
2025-09-02 14:31:30.554 | INFO     | Pendulum.PendulumAPP:_processSerialData:121 - 🔄 数据来源: 串口接收 -> PendulumState.physical_length
2025-09-02 14:31:30.594 | INFO     | Pendulum.PendulumAPP:_keyEventWeb:274 - u0
2025-09-02 14:31:30.595 | INFO     | Pendulum.SerialConncet:send:199 - sendu0
2025-09-02 14:31:30.596 | INFO     | Pendulum.SerialConncet:send:201 - [发送] u0
2025-09-02 14:31:30.599 | INFO     | Pendulum.PendulumAPP:_processSerialData:120 - 📏 串口长度数据已更新: L27.108858 -> physical_length=27.108858
2025-09-02 14:31:30.600 | INFO     | Pendulum.PendulumAPP:_processSerialData:121 - 🔄 数据来源: 串口接收 -> PendulumState.physical_length
2025-09-02 14:31:30.645 | INFO     | Pendulum.PendulumAPP:_processSerialData:120 - 📏 串口长度数据已更新: L27.108858 -> physical_length=27.108858
2025-09-02 14:31:30.645 | INFO     | Pendulum.PendulumAPP:_processSerialData:121 - 🔄 数据来源: 串口接收 -> PendulumState.physical_length
2025-09-02 14:31:30.693 | INFO     | Pendulum.PendulumAPP:_processSerialData:120 - 📏 串口长度数据已更新: L27.108858 -> physical_length=27.108858
2025-09-02 14:31:30.693 | INFO     | Pendulum.PendulumAPP:_processSerialData:121 - 🔄 数据来源: 串口接收 -> PendulumState.physical_length
2025-09-02 14:31:30.740 | INFO     | Pendulum.PendulumAPP:_processSerialData:120 - 📏 串口长度数据已更新: L27.108858 -> physical_length=27.108858
2025-09-02 14:31:30.741 | INFO     | Pendulum.PendulumAPP:_processSerialData:121 - 🔄 数据来源: 串口接收 -> PendulumState.physical_length
2025-09-02 14:31:30.786 | INFO     | Pendulum.PendulumAPP:_processSerialData:120 - 📏 串口长度数据已更新: L27.108858 -> physical_length=27.108858
2025-09-02 14:31:30.788 | INFO     | Pendulum.PendulumAPP:_processSerialData:121 - 🔄 数据来源: 串口接收 -> PendulumState.physical_length
2025-09-02 14:31:30.832 | INFO     | Pendulum.PendulumAPP:_processSerialData:120 - 📏 串口长度数据已更新: L27.108858 -> physical_length=27.108858
2025-09-02 14:31:30.832 | INFO     | Pendulum.PendulumAPP:_processSerialData:121 - 🔄 数据来源: 串口接收 -> PendulumState.physical_length
2025-09-02 14:31:30.878 | INFO     | Pendulum.PendulumAPP:_processSerialData:120 - 📏 串口长度数据已更新: L27.108858 -> physical_length=27.108858
2025-09-02 14:31:30.880 | INFO     | Pendulum.PendulumAPP:_processSerialData:121 - 🔄 数据来源: 串口接收 -> PendulumState.physical_length
2025-09-02 14:31:30.925 | INFO     | Pendulum.PendulumAPP:_processSerialData:120 - 📏 串口长度数据已更新: L27.108858 -> physical_length=27.108858
2025-09-02 14:31:30.926 | INFO     | Pendulum.PendulumAPP:_processSerialData:121 - 🔄 数据来源: 串口接收 -> PendulumState.physical_length
2025-09-02 14:31:30.971 | INFO     | Pendulum.PendulumAPP:_processSerialData:120 - 📏 串口长度数据已更新: L27.108858 -> physical_length=27.108858
2025-09-02 14:31:30.972 | INFO     | Pendulum.PendulumAPP:_processSerialData:121 - 🔄 数据来源: 串口接收 -> PendulumState.physical_length
2025-09-02 14:31:31.017 | INFO     | Pendulum.PendulumAPP:_processSerialData:120 - 📏 串口长度数据已更新: L27.108858 -> physical_length=27.108858
2025-09-02 14:31:31.019 | INFO     | Pendulum.PendulumAPP:_processSerialData:121 - 🔄 数据来源: 串口接收 -> PendulumState.physical_length
2025-09-02 14:31:31.064 | INFO     | Pendulum.PendulumAPP:_processSerialData:120 - 📏 串口长度数据已更新: L27.108858 -> physical_length=27.108858
2025-09-02 14:31:31.065 | INFO     | Pendulum.PendulumAPP:_processSerialData:121 - 🔄 数据来源: 串口接收 -> PendulumState.physical_length
2025-09-02 14:31:31.111 | INFO     | Pendulum.PendulumAPP:_processSerialData:120 - 📏 串口长度数据已更新: L27.108858 -> physical_length=27.108858
2025-09-02 14:31:31.114 | INFO     | Pendulum.PendulumAPP:_processSerialData:121 - 🔄 数据来源: 串口接收 -> PendulumState.physical_length
2025-09-02 14:31:31.158 | INFO     | Pendulum.PendulumAPP:_processSerialData:120 - 📏 串口长度数据已更新: L27.108858 -> physical_length=27.108858
2025-09-02 14:31:31.159 | INFO     | Pendulum.PendulumAPP:_processSerialData:121 - 🔄 数据来源: 串口接收 -> PendulumState.physical_length
2025-09-02 14:31:31.206 | INFO     | Pendulum.PendulumAPP:_processSerialData:120 - 📏 串口长度数据已更新: L27.108858 -> physical_length=27.108858
2025-09-02 14:31:31.208 | INFO     | Pendulum.PendulumAPP:_processSerialData:121 - 🔄 数据来源: 串口接收 -> PendulumState.physical_length
2025-09-02 14:31:31.252 | INFO     | Pendulum.PendulumAPP:_processSerialData:120 - 📏 串口长度数据已更新: L27.108858 -> physical_length=27.108858
2025-09-02 14:31:31.253 | INFO     | Pendulum.PendulumAPP:_processSerialData:121 - 🔄 数据来源: 串口接收 -> PendulumState.physical_length
2025-09-02 14:31:31.299 | INFO     | Pendulum.PendulumAPP:_processSerialData:120 - 📏 串口长度数据已更新: L27.108858 -> physical_length=27.108858
2025-09-02 14:31:31.300 | INFO     | Pendulum.PendulumAPP:_processSerialData:121 - 🔄 数据来源: 串口接收 -> PendulumState.physical_length
2025-09-02 14:31:31.361 | INFO     | Pendulum.PendulumAPP:_processSerialData:120 - 📏 串口长度数据已更新: L27.108858 -> physical_length=27.108858
2025-09-02 14:31:31.362 | INFO     | Pendulum.PendulumAPP:_processSerialData:121 - 🔄 数据来源: 串口接收 -> PendulumState.physical_length
2025-09-02 14:31:31.407 | INFO     | Pendulum.PendulumAPP:_processSerialData:120 - 📏 串口长度数据已更新: L27.108858 -> physical_length=27.108858
2025-09-02 14:31:31.408 | INFO     | Pendulum.PendulumAPP:_processSerialData:121 - 🔄 数据来源: 串口接收 -> PendulumState.physical_length
2025-09-02 14:31:31.454 | INFO     | Pendulum.PendulumAPP:_processSerialData:120 - 📏 串口长度数据已更新: L27.108858 -> physical_length=27.108858
2025-09-02 14:31:31.455 | INFO     | Pendulum.PendulumAPP:_processSerialData:121 - 🔄 数据来源: 串口接收 -> PendulumState.physical_length
2025-09-02 14:31:31.501 | INFO     | Pendulum.PendulumAPP:_processSerialData:120 - 📏 串口长度数据已更新: L27.108858 -> physical_length=27.108858
2025-09-02 14:31:31.502 | INFO     | Pendulum.PendulumAPP:_processSerialData:121 - 🔄 数据来源: 串口接收 -> PendulumState.physical_length
2025-09-02 14:31:31.548 | INFO     | Pendulum.PendulumAPP:_processSerialData:120 - 📏 串口长度数据已更新: L27.108858 -> physical_length=27.108858
2025-09-02 14:31:31.549 | INFO     | Pendulum.PendulumAPP:_processSerialData:121 - 🔄 数据来源: 串口接收 -> PendulumState.physical_length
2025-09-02 14:31:31.594 | INFO     | Pendulum.PendulumAPP:_processSerialData:120 - 📏 串口长度数据已更新: L27.108858 -> physical_length=27.108858
2025-09-02 14:31:31.595 | INFO     | Pendulum.PendulumAPP:_processSerialData:121 - 🔄 数据来源: 串口接收 -> PendulumState.physical_length
2025-09-02 14:31:31.641 | INFO     | Pendulum.PendulumAPP:_processSerialData:120 - 📏 串口长度数据已更新: L27.108858 -> physical_length=27.108858
2025-09-02 14:31:31.642 | INFO     | Pendulum.PendulumAPP:_processSerialData:121 - 🔄 数据来源: 串口接收 -> PendulumState.physical_length
2025-09-02 14:31:31.690 | INFO     | Pendulum.PendulumAPP:_processSerialData:120 - 📏 串口长度数据已更新: L27.108858 -> physical_length=27.108858
2025-09-02 14:31:31.691 | INFO     | Pendulum.PendulumAPP:_processSerialData:121 - 🔄 数据来源: 串口接收 -> PendulumState.physical_length
2025-09-02 14:31:31.736 | INFO     | Pendulum.PendulumAPP:_processSerialData:120 - 📏 串口长度数据已更新: L27.108858 -> physical_length=27.108858
2025-09-02 14:31:31.737 | INFO     | Pendulum.PendulumAPP:_processSerialData:121 - 🔄 数据来源: 串口接收 -> PendulumState.physical_length
2025-09-02 14:31:31.781 | INFO     | Pendulum.PendulumAPP:_processSerialData:120 - 📏 串口长度数据已更新: L27.108858 -> physical_length=27.108858
2025-09-02 14:31:31.782 | INFO     | Pendulum.PendulumAPP:_processSerialData:121 - 🔄 数据来源: 串口接收 -> PendulumState.physical_length
2025-09-02 14:31:31.827 | INFO     | Pendulum.PendulumAPP:_processSerialData:120 - 📏 串口长度数据已更新: L27.108858 -> physical_length=27.108858
2025-09-02 14:31:31.828 | INFO     | Pendulum.PendulumAPP:_processSerialData:121 - 🔄 数据来源: 串口接收 -> PendulumState.physical_length
2025-09-02 14:31:31.873 | INFO     | Pendulum.PendulumAPP:_processSerialData:120 - 📏 串口长度数据已更新: L27.108858 -> physical_length=27.108858
2025-09-02 14:31:31.875 | INFO     | Pendulum.PendulumAPP:_processSerialData:121 - 🔄 数据来源: 串口接收 -> PendulumState.physical_length
2025-09-02 14:31:31.919 | INFO     | Pendulum.PendulumAPP:_processSerialData:120 - 📏 串口长度数据已更新: L27.108858 -> physical_length=27.108858
2025-09-02 14:31:31.920 | INFO     | Pendulum.PendulumAPP:_processSerialData:121 - 🔄 数据来源: 串口接收 -> PendulumState.physical_length
2025-09-02 14:31:31.965 | INFO     | Pendulum.PendulumAPP:_processSerialData:120 - 📏 串口长度数据已更新: L27.108858 -> physical_length=27.108858
2025-09-02 14:31:31.965 | INFO     | Pendulum.PendulumAPP:_processSerialData:121 - 🔄 数据来源: 串口接收 -> PendulumState.physical_length
2025-09-02 14:31:32.011 | INFO     | Pendulum.PendulumAPP:_processSerialData:120 - 📏 串口长度数据已更新: L27.108858 -> physical_length=27.108858
2025-09-02 14:31:32.012 | INFO     | Pendulum.PendulumAPP:_processSerialData:121 - 🔄 数据来源: 串口接收 -> PendulumState.physical_length
2025-09-02 14:31:32.059 | INFO     | Pendulum.PendulumAPP:_processSerialData:120 - 📏 串口长度数据已更新: L27.108858 -> physical_length=27.108858
2025-09-02 14:31:32.061 | INFO     | Pendulum.PendulumAPP:_processSerialData:121 - 🔄 数据来源: 串口接收 -> PendulumState.physical_length
2025-09-02 14:31:32.106 | INFO     | Pendulum.PendulumAPP:_processSerialData:120 - 📏 串口长度数据已更新: L27.108858 -> physical_length=27.108858
2025-09-02 14:31:32.107 | INFO     | Pendulum.PendulumAPP:_processSerialData:121 - 🔄 数据来源: 串口接收 -> PendulumState.physical_length
2025-09-02 14:31:32.151 | INFO     | Pendulum.PendulumAPP:_processSerialData:120 - 📏 串口长度数据已更新: L27.108858 -> physical_length=27.108858
2025-09-02 14:31:32.153 | INFO     | Pendulum.PendulumAPP:_processSerialData:121 - 🔄 数据来源: 串口接收 -> PendulumState.physical_length
2025-09-02 14:31:32.198 | INFO     | Pendulum.PendulumAPP:_processSerialData:120 - 📏 串口长度数据已更新: L27.108858 -> physical_length=27.108858
2025-09-02 14:31:32.200 | INFO     | Pendulum.PendulumAPP:_processSerialData:121 - 🔄 数据来源: 串口接收 -> PendulumState.physical_length
2025-09-02 14:31:32.245 | INFO     | Pendulum.PendulumAPP:_processSerialData:120 - 📏 串口长度数据已更新: L27.108858 -> physical_length=27.108858
2025-09-02 14:31:32.247 | INFO     | Pendulum.PendulumAPP:_processSerialData:121 - 🔄 数据来源: 串口接收 -> PendulumState.physical_length
2025-09-02 14:31:32.289 | INFO     | Pendulum.PendulumAPP:_processSerialData:120 - 📏 串口长度数据已更新: L27.108858 -> physical_length=27.108858
2025-09-02 14:31:32.290 | INFO     | Pendulum.PendulumAPP:_processSerialData:121 - 🔄 数据来源: 串口接收 -> PendulumState.physical_length
2025-09-02 14:31:32.322 | INFO     | Pendulum.PendulumAPP:_keyEventWeb:252 - 清除数据
2025-09-02 14:31:32.323 | INFO     | Pendulum.SerialConncet:send:199 - sendr
2025-09-02 14:31:32.325 | INFO     | Pendulum.SerialConncet:send:201 - [发送] r
2025-09-02 14:31:32.327 | INFO     | Pendulum.SerialConncet:_run:176 - [接收] R
2025-09-02 14:31:32.376 | INFO     | Pendulum.PendulumAPP:_keyEventWeb:286 - d0
2025-09-02 14:31:32.380 | INFO     | Pendulum.SerialConncet:send:199 - sendd0
2025-09-02 14:31:32.383 | INFO     | Pendulum.SerialConncet:send:201 - [发送] d0
2025-09-02 14:31:33.343 | INFO     | Pendulum.SerialConncet:_run:176 - [接收] T0.000000,0.000000,0.000000
2025-09-02 14:31:37.535 | INFO     | Pendulum.SerialConncet:_run:176 - [接收] T1.000000,2.104778,2.104778
2025-09-02 14:31:37.539 | INFO     | Pendulum.SerialConncet:_run:176 - [接收] L109.467354
2025-09-02 14:31:37.549 | WARNING  | Pendulum.PendulumAPP:_processSerialData:114 - ⚠️ 丢弃异常摆长数据: 109.467354 cm (大于100)
2025-09-02 14:31:37.597 | WARNING  | Pendulum.PendulumAPP:_processSerialData:114 - ⚠️ 丢弃异常摆长数据: 109.467354 cm (大于100)
2025-09-02 14:31:37.643 | WARNING  | Pendulum.PendulumAPP:_processSerialData:114 - ⚠️ 丢弃异常摆长数据: 109.467354 cm (大于100)
2025-09-02 14:31:37.689 | WARNING  | Pendulum.PendulumAPP:_processSerialData:114 - ⚠️ 丢弃异常摆长数据: 109.467354 cm (大于100)
2025-09-02 14:31:37.736 | WARNING  | Pendulum.PendulumAPP:_processSerialData:114 - ⚠️ 丢弃异常摆长数据: 109.467354 cm (大于100)
2025-09-02 14:31:37.784 | WARNING  | Pendulum.PendulumAPP:_processSerialData:114 - ⚠️ 丢弃异常摆长数据: 109.467354 cm (大于100)
2025-09-02 14:31:37.830 | WARNING  | Pendulum.PendulumAPP:_processSerialData:114 - ⚠️ 丢弃异常摆长数据: 109.467354 cm (大于100)
2025-09-02 14:31:37.876 | WARNING  | Pendulum.PendulumAPP:_processSerialData:114 - ⚠️ 丢弃异常摆长数据: 109.467354 cm (大于100)
2025-09-02 14:31:37.922 | WARNING  | Pendulum.PendulumAPP:_processSerialData:114 - ⚠️ 丢弃异常摆长数据: 109.467354 cm (大于100)
2025-09-02 14:31:37.969 | WARNING  | Pendulum.PendulumAPP:_processSerialData:114 - ⚠️ 丢弃异常摆长数据: 109.467354 cm (大于100)
2025-09-02 14:31:38.016 | WARNING  | Pendulum.PendulumAPP:_processSerialData:114 - ⚠️ 丢弃异常摆长数据: 109.467354 cm (大于100)
2025-09-02 14:31:38.065 | WARNING  | Pendulum.PendulumAPP:_processSerialData:114 - ⚠️ 丢弃异常摆长数据: 109.467354 cm (大于100)
2025-09-02 14:31:38.109 | WARNING  | Pendulum.PendulumAPP:_processSerialData:114 - ⚠️ 丢弃异常摆长数据: 109.467354 cm (大于100)
2025-09-02 14:31:38.157 | WARNING  | Pendulum.PendulumAPP:_processSerialData:114 - ⚠️ 丢弃异常摆长数据: 109.467354 cm (大于100)
2025-09-02 14:31:38.190 | INFO     | Pendulum.PendulumAPP:_keyEventWeb:289 - d1
2025-09-02 14:31:38.192 | INFO     | Pendulum.SerialConncet:send:199 - sendd1
2025-09-02 14:31:38.193 | INFO     | Pendulum.SerialConncet:send:201 - [发送] d1
2025-09-02 14:31:38.201 | WARNING  | Pendulum.PendulumAPP:_processSerialData:114 - ⚠️ 丢弃异常摆长数据: 109.467354 cm (大于100)
2025-09-02 14:31:38.249 | WARNING  | Pendulum.PendulumAPP:_processSerialData:114 - ⚠️ 丢弃异常摆长数据: 109.467354 cm (大于100)
2025-09-02 14:31:38.295 | WARNING  | Pendulum.PendulumAPP:_processSerialData:114 - ⚠️ 丢弃异常摆长数据: 109.467354 cm (大于100)
2025-09-02 14:31:38.346 | WARNING  | Pendulum.PendulumAPP:_processSerialData:114 - ⚠️ 丢弃异常摆长数据: 109.467354 cm (大于100)
2025-09-02 14:31:38.390 | WARNING  | Pendulum.PendulumAPP:_processSerialData:114 - ⚠️ 丢弃异常摆长数据: 109.467354 cm (大于100)
2025-09-02 14:31:38.435 | WARNING  | Pendulum.PendulumAPP:_processSerialData:114 - ⚠️ 丢弃异常摆长数据: 109.467354 cm (大于100)
2025-09-02 14:31:38.482 | WARNING  | Pendulum.PendulumAPP:_processSerialData:114 - ⚠️ 丢弃异常摆长数据: 109.467354 cm (大于100)
2025-09-02 14:31:38.527 | WARNING  | Pendulum.PendulumAPP:_processSerialData:114 - ⚠️ 丢弃异常摆长数据: 109.467354 cm (大于100)
2025-09-02 14:31:38.574 | WARNING  | Pendulum.PendulumAPP:_processSerialData:114 - ⚠️ 丢弃异常摆长数据: 109.467354 cm (大于100)
2025-09-02 14:31:38.621 | WARNING  | Pendulum.PendulumAPP:_processSerialData:114 - ⚠️ 丢弃异常摆长数据: 109.467354 cm (大于100)
2025-09-02 14:31:38.667 | WARNING  | Pendulum.PendulumAPP:_processSerialData:114 - ⚠️ 丢弃异常摆长数据: 109.467354 cm (大于100)
2025-09-02 14:31:38.714 | WARNING  | Pendulum.PendulumAPP:_processSerialData:114 - ⚠️ 丢弃异常摆长数据: 109.467354 cm (大于100)
2025-09-02 14:31:38.761 | WARNING  | Pendulum.PendulumAPP:_processSerialData:114 - ⚠️ 丢弃异常摆长数据: 109.467354 cm (大于100)
2025-09-02 14:31:38.808 | WARNING  | Pendulum.PendulumAPP:_processSerialData:114 - ⚠️ 丢弃异常摆长数据: 109.467354 cm (大于100)
2025-09-02 14:31:38.856 | WARNING  | Pendulum.PendulumAPP:_processSerialData:114 - ⚠️ 丢弃异常摆长数据: 109.467354 cm (大于100)
2025-09-02 14:31:38.903 | WARNING  | Pendulum.PendulumAPP:_processSerialData:114 - ⚠️ 丢弃异常摆长数据: 109.467354 cm (大于100)
2025-09-02 14:31:38.949 | WARNING  | Pendulum.PendulumAPP:_processSerialData:114 - ⚠️ 丢弃异常摆长数据: 109.467354 cm (大于100)
2025-09-02 14:31:38.997 | WARNING  | Pendulum.PendulumAPP:_processSerialData:114 - ⚠️ 丢弃异常摆长数据: 109.467354 cm (大于100)
2025-09-02 14:31:39.043 | WARNING  | Pendulum.PendulumAPP:_processSerialData:114 - ⚠️ 丢弃异常摆长数据: 109.467354 cm (大于100)
2025-09-02 14:31:39.089 | WARNING  | Pendulum.PendulumAPP:_processSerialData:114 - ⚠️ 丢弃异常摆长数据: 109.467354 cm (大于100)
2025-09-02 14:31:39.135 | WARNING  | Pendulum.PendulumAPP:_processSerialData:114 - ⚠️ 丢弃异常摆长数据: 109.467354 cm (大于100)
2025-09-02 14:31:39.182 | WARNING  | Pendulum.PendulumAPP:_processSerialData:114 - ⚠️ 丢弃异常摆长数据: 109.467354 cm (大于100)
2025-09-02 14:31:39.228 | WARNING  | Pendulum.PendulumAPP:_processSerialData:114 - ⚠️ 丢弃异常摆长数据: 109.467354 cm (大于100)
2025-09-02 14:31:39.274 | WARNING  | Pendulum.PendulumAPP:_processSerialData:114 - ⚠️ 丢弃异常摆长数据: 109.467354 cm (大于100)
2025-09-02 14:31:39.321 | WARNING  | Pendulum.PendulumAPP:_processSerialData:114 - ⚠️ 丢弃异常摆长数据: 109.467354 cm (大于100)
2025-09-02 14:31:39.368 | WARNING  | Pendulum.PendulumAPP:_processSerialData:114 - ⚠️ 丢弃异常摆长数据: 109.467354 cm (大于100)
2025-09-02 14:31:39.415 | WARNING  | Pendulum.PendulumAPP:_processSerialData:114 - ⚠️ 丢弃异常摆长数据: 109.467354 cm (大于100)
2025-09-02 14:31:39.449 | INFO     | Pendulum.PendulumAPP:_keyEventWeb:268 - u2
2025-09-02 14:31:39.451 | INFO     | Pendulum.SerialConncet:send:199 - sendu2
2025-09-02 14:31:39.454 | INFO     | Pendulum.SerialConncet:send:201 - [发送] u2
2025-09-02 14:31:39.460 | WARNING  | Pendulum.PendulumAPP:_processSerialData:114 - ⚠️ 丢弃异常摆长数据: 109.467354 cm (大于100)
2025-09-02 14:31:39.506 | WARNING  | Pendulum.PendulumAPP:_processSerialData:114 - ⚠️ 丢弃异常摆长数据: 109.467354 cm (大于100)
2025-09-02 14:31:39.552 | WARNING  | Pendulum.PendulumAPP:_processSerialData:114 - ⚠️ 丢弃异常摆长数据: 109.467354 cm (大于100)
2025-09-02 14:31:39.599 | WARNING  | Pendulum.PendulumAPP:_processSerialData:114 - ⚠️ 丢弃异常摆长数据: 109.467354 cm (大于100)
2025-09-02 14:31:39.644 | WARNING  | Pendulum.PendulumAPP:_processSerialData:114 - ⚠️ 丢弃异常摆长数据: 109.467354 cm (大于100)
2025-09-02 14:31:39.692 | WARNING  | Pendulum.PendulumAPP:_processSerialData:114 - ⚠️ 丢弃异常摆长数据: 109.467354 cm (大于100)
2025-09-02 14:31:39.739 | WARNING  | Pendulum.PendulumAPP:_processSerialData:114 - ⚠️ 丢弃异常摆长数据: 109.467354 cm (大于100)
2025-09-02 14:31:39.785 | WARNING  | Pendulum.PendulumAPP:_processSerialData:114 - ⚠️ 丢弃异常摆长数据: 109.467354 cm (大于100)
2025-09-02 14:31:39.830 | WARNING  | Pendulum.PendulumAPP:_processSerialData:114 - ⚠️ 丢弃异常摆长数据: 109.467354 cm (大于100)
2025-09-02 14:31:39.878 | WARNING  | Pendulum.PendulumAPP:_processSerialData:114 - ⚠️ 丢弃异常摆长数据: 109.467354 cm (大于100)
2025-09-02 14:31:39.926 | WARNING  | Pendulum.PendulumAPP:_processSerialData:114 - ⚠️ 丢弃异常摆长数据: 109.467354 cm (大于100)
2025-09-02 14:31:39.972 | WARNING  | Pendulum.PendulumAPP:_processSerialData:114 - ⚠️ 丢弃异常摆长数据: 109.467354 cm (大于100)
2025-09-02 14:31:40.019 | WARNING  | Pendulum.PendulumAPP:_processSerialData:114 - ⚠️ 丢弃异常摆长数据: 109.467354 cm (大于100)
2025-09-02 14:31:40.065 | WARNING  | Pendulum.PendulumAPP:_processSerialData:114 - ⚠️ 丢弃异常摆长数据: 109.467354 cm (大于100)
2025-09-02 14:31:40.111 | WARNING  | Pendulum.PendulumAPP:_processSerialData:114 - ⚠️ 丢弃异常摆长数据: 109.467354 cm (大于100)
2025-09-02 14:31:40.158 | WARNING  | Pendulum.PendulumAPP:_processSerialData:114 - ⚠️ 丢弃异常摆长数据: 109.467354 cm (大于100)
2025-09-02 14:31:40.204 | WARNING  | Pendulum.PendulumAPP:_processSerialData:114 - ⚠️ 丢弃异常摆长数据: 109.467354 cm (大于100)
2025-09-02 14:31:40.249 | WARNING  | Pendulum.PendulumAPP:_processSerialData:114 - ⚠️ 丢弃异常摆长数据: 109.467354 cm (大于100)
2025-09-02 14:31:40.296 | WARNING  | Pendulum.PendulumAPP:_processSerialData:114 - ⚠️ 丢弃异常摆长数据: 109.467354 cm (大于100)
2025-09-02 14:31:40.347 | WARNING  | Pendulum.PendulumAPP:_processSerialData:114 - ⚠️ 丢弃异常摆长数据: 109.467354 cm (大于100)
2025-09-02 14:31:40.389 | WARNING  | Pendulum.PendulumAPP:_processSerialData:114 - ⚠️ 丢弃异常摆长数据: 109.467354 cm (大于100)
2025-09-02 14:31:40.436 | WARNING  | Pendulum.PendulumAPP:_processSerialData:114 - ⚠️ 丢弃异常摆长数据: 109.467354 cm (大于100)
2025-09-02 14:31:40.484 | WARNING  | Pendulum.PendulumAPP:_processSerialData:114 - ⚠️ 丢弃异常摆长数据: 109.467354 cm (大于100)
2025-09-02 14:31:40.532 | WARNING  | Pendulum.PendulumAPP:_processSerialData:114 - ⚠️ 丢弃异常摆长数据: 109.467354 cm (大于100)
2025-09-02 14:31:40.580 | WARNING  | Pendulum.PendulumAPP:_processSerialData:114 - ⚠️ 丢弃异常摆长数据: 109.467354 cm (大于100)
2025-09-02 14:31:40.626 | WARNING  | Pendulum.PendulumAPP:_processSerialData:114 - ⚠️ 丢弃异常摆长数据: 109.467354 cm (大于100)
2025-09-02 14:31:40.673 | WARNING  | Pendulum.PendulumAPP:_processSerialData:114 - ⚠️ 丢弃异常摆长数据: 109.467354 cm (大于100)
2025-09-02 14:31:40.720 | WARNING  | Pendulum.PendulumAPP:_processSerialData:114 - ⚠️ 丢弃异常摆长数据: 109.467354 cm (大于100)
2025-09-02 14:31:40.766 | WARNING  | Pendulum.PendulumAPP:_processSerialData:114 - ⚠️ 丢弃异常摆长数据: 109.467354 cm (大于100)
2025-09-02 14:31:40.813 | WARNING  | Pendulum.PendulumAPP:_processSerialData:114 - ⚠️ 丢弃异常摆长数据: 109.467354 cm (大于100)
2025-09-02 14:31:40.860 | WARNING  | Pendulum.PendulumAPP:_processSerialData:114 - ⚠️ 丢弃异常摆长数据: 109.467354 cm (大于100)
2025-09-02 14:31:40.907 | WARNING  | Pendulum.PendulumAPP:_processSerialData:114 - ⚠️ 丢弃异常摆长数据: 109.467354 cm (大于100)
2025-09-02 14:31:40.953 | WARNING  | Pendulum.PendulumAPP:_processSerialData:114 - ⚠️ 丢弃异常摆长数据: 109.467354 cm (大于100)
2025-09-02 14:31:41.000 | WARNING  | Pendulum.PendulumAPP:_processSerialData:114 - ⚠️ 丢弃异常摆长数据: 109.467354 cm (大于100)
2025-09-02 14:31:41.047 | WARNING  | Pendulum.PendulumAPP:_processSerialData:114 - ⚠️ 丢弃异常摆长数据: 109.467354 cm (大于100)
2025-09-02 14:31:41.093 | WARNING  | Pendulum.PendulumAPP:_processSerialData:114 - ⚠️ 丢弃异常摆长数据: 109.467354 cm (大于100)
2025-09-02 14:31:41.140 | WARNING  | Pendulum.PendulumAPP:_processSerialData:114 - ⚠️ 丢弃异常摆长数据: 109.467354 cm (大于100)
2025-09-02 14:31:41.203 | WARNING  | Pendulum.PendulumAPP:_processSerialData:114 - ⚠️ 丢弃异常摆长数据: 109.467354 cm (大于100)
2025-09-02 14:31:41.264 | WARNING  | Pendulum.PendulumAPP:_processSerialData:114 - ⚠️ 丢弃异常摆长数据: 109.467354 cm (大于100)
2025-09-02 14:31:41.326 | WARNING  | Pendulum.PendulumAPP:_processSerialData:114 - ⚠️ 丢弃异常摆长数据: 109.467354 cm (大于100)
2025-09-02 14:31:41.371 | WARNING  | Pendulum.PendulumAPP:_processSerialData:114 - ⚠️ 丢弃异常摆长数据: 109.467354 cm (大于100)
2025-09-02 14:31:41.418 | WARNING  | Pendulum.PendulumAPP:_processSerialData:114 - ⚠️ 丢弃异常摆长数据: 109.467354 cm (大于100)
2025-09-02 14:31:41.464 | WARNING  | Pendulum.PendulumAPP:_processSerialData:114 - ⚠️ 丢弃异常摆长数据: 109.467354 cm (大于100)
2025-09-02 14:31:41.511 | WARNING  | Pendulum.PendulumAPP:_processSerialData:114 - ⚠️ 丢弃异常摆长数据: 109.467354 cm (大于100)
2025-09-02 14:31:41.558 | WARNING  | Pendulum.PendulumAPP:_processSerialData:114 - ⚠️ 丢弃异常摆长数据: 109.467354 cm (大于100)
2025-09-02 14:31:41.604 | WARNING  | Pendulum.PendulumAPP:_processSerialData:114 - ⚠️ 丢弃异常摆长数据: 109.467354 cm (大于100)
2025-09-02 14:31:41.650 | WARNING  | Pendulum.PendulumAPP:_processSerialData:114 - ⚠️ 丢弃异常摆长数据: 109.467354 cm (大于100)
2025-09-02 14:31:41.695 | WARNING  | Pendulum.PendulumAPP:_processSerialData:114 - ⚠️ 丢弃异常摆长数据: 109.467354 cm (大于100)
2025-09-02 14:31:41.743 | WARNING  | Pendulum.PendulumAPP:_processSerialData:114 - ⚠️ 丢弃异常摆长数据: 109.467354 cm (大于100)
2025-09-02 14:31:41.790 | WARNING  | Pendulum.PendulumAPP:_processSerialData:114 - ⚠️ 丢弃异常摆长数据: 109.467354 cm (大于100)
2025-09-02 14:31:41.835 | WARNING  | Pendulum.PendulumAPP:_processSerialData:114 - ⚠️ 丢弃异常摆长数据: 109.467354 cm (大于100)
2025-09-02 14:31:41.882 | WARNING  | Pendulum.PendulumAPP:_processSerialData:114 - ⚠️ 丢弃异常摆长数据: 109.467354 cm (大于100)
2025-09-02 14:31:41.928 | WARNING  | Pendulum.PendulumAPP:_processSerialData:114 - ⚠️ 丢弃异常摆长数据: 109.467354 cm (大于100)
2025-09-02 14:31:41.973 | WARNING  | Pendulum.PendulumAPP:_processSerialData:114 - ⚠️ 丢弃异常摆长数据: 109.467354 cm (大于100)
2025-09-02 14:31:42.021 | WARNING  | Pendulum.PendulumAPP:_processSerialData:114 - ⚠️ 丢弃异常摆长数据: 109.467354 cm (大于100)
2025-09-02 14:31:42.069 | WARNING  | Pendulum.PendulumAPP:_processSerialData:114 - ⚠️ 丢弃异常摆长数据: 109.467354 cm (大于100)
2025-09-02 14:31:42.117 | WARNING  | Pendulum.PendulumAPP:_processSerialData:114 - ⚠️ 丢弃异常摆长数据: 109.467354 cm (大于100)
2025-09-02 14:31:42.162 | WARNING  | Pendulum.PendulumAPP:_processSerialData:114 - ⚠️ 丢弃异常摆长数据: 109.467354 cm (大于100)
2025-09-02 14:31:42.209 | WARNING  | Pendulum.PendulumAPP:_processSerialData:114 - ⚠️ 丢弃异常摆长数据: 109.467354 cm (大于100)
2025-09-02 14:31:42.255 | WARNING  | Pendulum.PendulumAPP:_processSerialData:114 - ⚠️ 丢弃异常摆长数据: 109.467354 cm (大于100)
2025-09-02 14:31:42.301 | WARNING  | Pendulum.PendulumAPP:_processSerialData:114 - ⚠️ 丢弃异常摆长数据: 109.467354 cm (大于100)
2025-09-02 14:31:42.362 | WARNING  | Pendulum.PendulumAPP:_processSerialData:114 - ⚠️ 丢弃异常摆长数据: 109.467354 cm (大于100)
2025-09-02 14:31:42.409 | WARNING  | Pendulum.PendulumAPP:_processSerialData:114 - ⚠️ 丢弃异常摆长数据: 109.467354 cm (大于100)
2025-09-02 14:31:42.454 | WARNING  | Pendulum.PendulumAPP:_processSerialData:114 - ⚠️ 丢弃异常摆长数据: 109.467354 cm (大于100)
2025-09-02 14:31:42.499 | WARNING  | Pendulum.PendulumAPP:_processSerialData:114 - ⚠️ 丢弃异常摆长数据: 109.467354 cm (大于100)
2025-09-02 14:31:42.545 | WARNING  | Pendulum.PendulumAPP:_processSerialData:114 - ⚠️ 丢弃异常摆长数据: 109.467354 cm (大于100)
2025-09-02 14:31:42.592 | WARNING  | Pendulum.PendulumAPP:_processSerialData:114 - ⚠️ 丢弃异常摆长数据: 109.467354 cm (大于100)
2025-09-02 14:31:42.639 | WARNING  | Pendulum.PendulumAPP:_processSerialData:114 - ⚠️ 丢弃异常摆长数据: 109.467354 cm (大于100)
2025-09-02 14:31:42.686 | WARNING  | Pendulum.PendulumAPP:_processSerialData:114 - ⚠️ 丢弃异常摆长数据: 109.467354 cm (大于100)
2025-09-02 14:31:42.732 | WARNING  | Pendulum.PendulumAPP:_processSerialData:114 - ⚠️ 丢弃异常摆长数据: 109.467354 cm (大于100)
2025-09-02 14:31:42.778 | WARNING  | Pendulum.PendulumAPP:_processSerialData:114 - ⚠️ 丢弃异常摆长数据: 109.467354 cm (大于100)
2025-09-02 14:31:42.824 | WARNING  | Pendulum.PendulumAPP:_processSerialData:114 - ⚠️ 丢弃异常摆长数据: 109.467354 cm (大于100)
2025-09-02 14:31:42.870 | WARNING  | Pendulum.PendulumAPP:_processSerialData:114 - ⚠️ 丢弃异常摆长数据: 109.467354 cm (大于100)
2025-09-02 14:31:42.916 | WARNING  | Pendulum.PendulumAPP:_processSerialData:114 - ⚠️ 丢弃异常摆长数据: 109.467354 cm (大于100)
2025-09-02 14:31:42.962 | WARNING  | Pendulum.PendulumAPP:_processSerialData:114 - ⚠️ 丢弃异常摆长数据: 109.467354 cm (大于100)
2025-09-02 14:31:43.008 | WARNING  | Pendulum.PendulumAPP:_processSerialData:114 - ⚠️ 丢弃异常摆长数据: 109.467354 cm (大于100)
2025-09-02 14:31:43.055 | WARNING  | Pendulum.PendulumAPP:_processSerialData:114 - ⚠️ 丢弃异常摆长数据: 109.467354 cm (大于100)
2025-09-02 14:31:43.103 | WARNING  | Pendulum.PendulumAPP:_processSerialData:114 - ⚠️ 丢弃异常摆长数据: 109.467354 cm (大于100)
2025-09-02 14:31:43.150 | WARNING  | Pendulum.PendulumAPP:_processSerialData:114 - ⚠️ 丢弃异常摆长数据: 109.467354 cm (大于100)
2025-09-02 14:31:43.196 | WARNING  | Pendulum.PendulumAPP:_processSerialData:114 - ⚠️ 丢弃异常摆长数据: 109.467354 cm (大于100)
2025-09-02 14:31:43.241 | WARNING  | Pendulum.PendulumAPP:_processSerialData:114 - ⚠️ 丢弃异常摆长数据: 109.467354 cm (大于100)
2025-09-02 14:31:43.287 | WARNING  | Pendulum.PendulumAPP:_processSerialData:114 - ⚠️ 丢弃异常摆长数据: 109.467354 cm (大于100)
2025-09-02 14:31:43.329 | INFO     | Pendulum.PendulumAPP:_keyEventWeb:274 - u0
2025-09-02 14:31:43.330 | INFO     | Pendulum.SerialConncet:send:199 - sendu0
2025-09-02 14:31:43.331 | INFO     | Pendulum.SerialConncet:send:201 - [发送] u0
2025-09-02 14:31:43.335 | WARNING  | Pendulum.PendulumAPP:_processSerialData:114 - ⚠️ 丢弃异常摆长数据: 109.467354 cm (大于100)
2025-09-02 14:31:43.382 | WARNING  | Pendulum.PendulumAPP:_processSerialData:114 - ⚠️ 丢弃异常摆长数据: 109.467354 cm (大于100)
2025-09-02 14:31:43.429 | WARNING  | Pendulum.PendulumAPP:_processSerialData:114 - ⚠️ 丢弃异常摆长数据: 109.467354 cm (大于100)
2025-09-02 14:31:43.476 | WARNING  | Pendulum.PendulumAPP:_processSerialData:114 - ⚠️ 丢弃异常摆长数据: 109.467354 cm (大于100)
2025-09-02 14:31:43.523 | WARNING  | Pendulum.PendulumAPP:_processSerialData:114 - ⚠️ 丢弃异常摆长数据: 109.467354 cm (大于100)
2025-09-02 14:31:43.570 | WARNING  | Pendulum.PendulumAPP:_processSerialData:114 - ⚠️ 丢弃异常摆长数据: 109.467354 cm (大于100)
2025-09-02 14:31:43.618 | WARNING  | Pendulum.PendulumAPP:_processSerialData:114 - ⚠️ 丢弃异常摆长数据: 109.467354 cm (大于100)
2025-09-02 14:31:43.664 | WARNING  | Pendulum.PendulumAPP:_processSerialData:114 - ⚠️ 丢弃异常摆长数据: 109.467354 cm (大于100)
2025-09-02 14:31:43.710 | WARNING  | Pendulum.PendulumAPP:_processSerialData:114 - ⚠️ 丢弃异常摆长数据: 109.467354 cm (大于100)
2025-09-02 14:31:43.756 | WARNING  | Pendulum.PendulumAPP:_processSerialData:114 - ⚠️ 丢弃异常摆长数据: 109.467354 cm (大于100)
2025-09-02 14:31:43.802 | WARNING  | Pendulum.PendulumAPP:_processSerialData:114 - ⚠️ 丢弃异常摆长数据: 109.467354 cm (大于100)
2025-09-02 14:31:43.849 | WARNING  | Pendulum.PendulumAPP:_processSerialData:114 - ⚠️ 丢弃异常摆长数据: 109.467354 cm (大于100)
2025-09-02 14:31:43.896 | WARNING  | Pendulum.PendulumAPP:_processSerialData:114 - ⚠️ 丢弃异常摆长数据: 109.467354 cm (大于100)
2025-09-02 14:31:43.943 | WARNING  | Pendulum.PendulumAPP:_processSerialData:114 - ⚠️ 丢弃异常摆长数据: 109.467354 cm (大于100)
2025-09-02 14:31:43.990 | WARNING  | Pendulum.PendulumAPP:_processSerialData:114 - ⚠️ 丢弃异常摆长数据: 109.467354 cm (大于100)
2025-09-02 14:31:44.036 | WARNING  | Pendulum.PendulumAPP:_processSerialData:114 - ⚠️ 丢弃异常摆长数据: 109.467354 cm (大于100)
2025-09-02 14:31:44.082 | WARNING  | Pendulum.PendulumAPP:_processSerialData:114 - ⚠️ 丢弃异常摆长数据: 109.467354 cm (大于100)
2025-09-02 14:31:44.129 | WARNING  | Pendulum.PendulumAPP:_processSerialData:114 - ⚠️ 丢弃异常摆长数据: 109.467354 cm (大于100)
2025-09-02 14:31:44.175 | WARNING  | Pendulum.PendulumAPP:_processSerialData:114 - ⚠️ 丢弃异常摆长数据: 109.467354 cm (大于100)
2025-09-02 14:31:44.221 | WARNING  | Pendulum.PendulumAPP:_processSerialData:114 - ⚠️ 丢弃异常摆长数据: 109.467354 cm (大于100)
2025-09-02 14:31:44.268 | WARNING  | Pendulum.PendulumAPP:_processSerialData:114 - ⚠️ 丢弃异常摆长数据: 109.467354 cm (大于100)
2025-09-02 14:31:44.316 | WARNING  | Pendulum.PendulumAPP:_processSerialData:114 - ⚠️ 丢弃异常摆长数据: 109.467354 cm (大于100)
2025-09-02 14:31:44.360 | WARNING  | Pendulum.PendulumAPP:_processSerialData:114 - ⚠️ 丢弃异常摆长数据: 109.467354 cm (大于100)
2025-09-02 14:31:44.406 | WARNING  | Pendulum.PendulumAPP:_processSerialData:114 - ⚠️ 丢弃异常摆长数据: 109.467354 cm (大于100)
2025-09-02 14:31:44.454 | WARNING  | Pendulum.PendulumAPP:_processSerialData:114 - ⚠️ 丢弃异常摆长数据: 109.467354 cm (大于100)
2025-09-02 14:31:44.500 | WARNING  | Pendulum.PendulumAPP:_processSerialData:114 - ⚠️ 丢弃异常摆长数据: 109.467354 cm (大于100)
2025-09-02 14:31:44.547 | WARNING  | Pendulum.PendulumAPP:_processSerialData:114 - ⚠️ 丢弃异常摆长数据: 109.467354 cm (大于100)
2025-09-02 14:31:44.593 | WARNING  | Pendulum.PendulumAPP:_processSerialData:114 - ⚠️ 丢弃异常摆长数据: 109.467354 cm (大于100)
2025-09-02 14:31:44.640 | WARNING  | Pendulum.PendulumAPP:_processSerialData:114 - ⚠️ 丢弃异常摆长数据: 109.467354 cm (大于100)
2025-09-02 14:31:44.688 | WARNING  | Pendulum.PendulumAPP:_processSerialData:114 - ⚠️ 丢弃异常摆长数据: 109.467354 cm (大于100)
2025-09-02 14:31:44.733 | WARNING  | Pendulum.PendulumAPP:_processSerialData:114 - ⚠️ 丢弃异常摆长数据: 109.467354 cm (大于100)
2025-09-02 14:31:44.780 | WARNING  | Pendulum.PendulumAPP:_processSerialData:114 - ⚠️ 丢弃异常摆长数据: 109.467354 cm (大于100)
2025-09-02 14:31:44.827 | WARNING  | Pendulum.PendulumAPP:_processSerialData:114 - ⚠️ 丢弃异常摆长数据: 109.467354 cm (大于100)
2025-09-02 14:31:44.873 | WARNING  | Pendulum.PendulumAPP:_processSerialData:114 - ⚠️ 丢弃异常摆长数据: 109.467354 cm (大于100)
2025-09-02 14:31:44.921 | WARNING  | Pendulum.PendulumAPP:_processSerialData:114 - ⚠️ 丢弃异常摆长数据: 109.467354 cm (大于100)
2025-09-02 14:31:44.967 | WARNING  | Pendulum.PendulumAPP:_processSerialData:114 - ⚠️ 丢弃异常摆长数据: 109.467354 cm (大于100)
2025-09-02 14:31:45.014 | WARNING  | Pendulum.PendulumAPP:_processSerialData:114 - ⚠️ 丢弃异常摆长数据: 109.467354 cm (大于100)
2025-09-02 14:31:45.059 | WARNING  | Pendulum.PendulumAPP:_processSerialData:114 - ⚠️ 丢弃异常摆长数据: 109.467354 cm (大于100)
2025-09-02 14:31:45.106 | WARNING  | Pendulum.PendulumAPP:_processSerialData:114 - ⚠️ 丢弃异常摆长数据: 109.467354 cm (大于100)
2025-09-02 14:31:45.154 | WARNING  | Pendulum.PendulumAPP:_processSerialData:114 - ⚠️ 丢弃异常摆长数据: 109.467354 cm (大于100)
2025-09-02 14:31:45.201 | WARNING  | Pendulum.PendulumAPP:_processSerialData:114 - ⚠️ 丢弃异常摆长数据: 109.467354 cm (大于100)
2025-09-02 14:31:45.247 | WARNING  | Pendulum.PendulumAPP:_processSerialData:114 - ⚠️ 丢弃异常摆长数据: 109.467354 cm (大于100)
2025-09-02 14:31:45.293 | WARNING  | Pendulum.PendulumAPP:_processSerialData:114 - ⚠️ 丢弃异常摆长数据: 109.467354 cm (大于100)
2025-09-02 14:31:45.343 | WARNING  | Pendulum.PendulumAPP:_processSerialData:114 - ⚠️ 丢弃异常摆长数据: 109.467354 cm (大于100)
2025-09-02 14:31:45.384 | WARNING  | Pendulum.PendulumAPP:_processSerialData:114 - ⚠️ 丢弃异常摆长数据: 109.467354 cm (大于100)
2025-09-02 14:31:45.430 | WARNING  | Pendulum.PendulumAPP:_processSerialData:114 - ⚠️ 丢弃异常摆长数据: 109.467354 cm (大于100)
2025-09-02 14:31:45.477 | WARNING  | Pendulum.PendulumAPP:_processSerialData:114 - ⚠️ 丢弃异常摆长数据: 109.467354 cm (大于100)
2025-09-02 14:31:45.523 | WARNING  | Pendulum.PendulumAPP:_processSerialData:114 - ⚠️ 丢弃异常摆长数据: 109.467354 cm (大于100)
2025-09-02 14:31:45.569 | WARNING  | Pendulum.PendulumAPP:_processSerialData:114 - ⚠️ 丢弃异常摆长数据: 109.467354 cm (大于100)
2025-09-02 14:31:45.615 | WARNING  | Pendulum.PendulumAPP:_processSerialData:114 - ⚠️ 丢弃异常摆长数据: 109.467354 cm (大于100)
2025-09-02 14:31:45.661 | WARNING  | Pendulum.PendulumAPP:_processSerialData:114 - ⚠️ 丢弃异常摆长数据: 109.467354 cm (大于100)
2025-09-02 14:31:45.708 | WARNING  | Pendulum.PendulumAPP:_processSerialData:114 - ⚠️ 丢弃异常摆长数据: 109.467354 cm (大于100)
2025-09-02 14:31:45.755 | WARNING  | Pendulum.PendulumAPP:_processSerialData:114 - ⚠️ 丢弃异常摆长数据: 109.467354 cm (大于100)
2025-09-02 14:31:45.801 | WARNING  | Pendulum.PendulumAPP:_processSerialData:114 - ⚠️ 丢弃异常摆长数据: 109.467354 cm (大于100)
2025-09-02 14:31:45.848 | WARNING  | Pendulum.PendulumAPP:_processSerialData:114 - ⚠️ 丢弃异常摆长数据: 109.467354 cm (大于100)
2025-09-02 14:31:45.896 | WARNING  | Pendulum.PendulumAPP:_processSerialData:114 - ⚠️ 丢弃异常摆长数据: 109.467354 cm (大于100)
2025-09-02 14:31:45.942 | WARNING  | Pendulum.PendulumAPP:_processSerialData:114 - ⚠️ 丢弃异常摆长数据: 109.467354 cm (大于100)
2025-09-02 14:31:45.978 | INFO     | Pendulum.PendulumAPP:_keyEventWeb:257 - 清除数据
2025-09-02 14:31:45.980 | INFO     | Pendulum.SerialConncet:send:199 - sendr
2025-09-02 14:31:45.983 | INFO     | Pendulum.SerialConncet:send:201 - [发送] r
2025-09-02 14:31:45.986 | INFO     | Pendulum.SerialConncet:_run:176 - [接收] R
2025-09-02 14:31:47.987 | INFO     | Pendulum.PendulumAPP:_keyEventWeb:252 - 清除数据
2025-09-02 14:31:47.988 | INFO     | Pendulum.SerialConncet:send:199 - sendr
2025-09-02 14:31:47.989 | INFO     | Pendulum.SerialConncet:send:201 - [发送] r
2025-09-02 14:31:47.990 | INFO     | Pendulum.SerialConncet:_run:176 - [接收] R
2025-09-02 14:31:48.032 | INFO     | Pendulum.PendulumAPP:_keyEventWeb:286 - d0
2025-09-02 14:31:48.033 | INFO     | Pendulum.SerialConncet:send:199 - sendd0
2025-09-02 14:31:48.034 | INFO     | Pendulum.SerialConncet:send:201 - [发送] d0
2025-09-02 14:31:49.878 | INFO     | Pendulum.SerialConncet:_run:176 - [接收] T0.000000,0.000000,0.000000
2025-09-02 14:31:51.972 | INFO     | Pendulum.SerialConncet:_run:176 - [接收] T1.000000,1.050613,1.050613
2025-09-02 14:31:51.973 | INFO     | Pendulum.SerialConncet:_run:176 - [接收] L27.274540
2025-09-02 14:31:52.019 | INFO     | Pendulum.PendulumAPP:_processSerialData:120 - 📏 串口长度数据已更新: L27.274540 -> physical_length=27.274540
2025-09-02 14:31:52.019 | INFO     | Pendulum.PendulumAPP:_processSerialData:121 - 🔄 数据来源: 串口接收 -> PendulumState.physical_length
2025-09-02 14:31:52.067 | INFO     | Pendulum.PendulumAPP:_processSerialData:120 - 📏 串口长度数据已更新: L27.274540 -> physical_length=27.274540
2025-09-02 14:31:52.067 | INFO     | Pendulum.PendulumAPP:_processSerialData:121 - 🔄 数据来源: 串口接收 -> PendulumState.physical_length
2025-09-02 14:31:52.113 | INFO     | Pendulum.PendulumAPP:_processSerialData:120 - 📏 串口长度数据已更新: L27.274540 -> physical_length=27.274540
2025-09-02 14:31:52.114 | INFO     | Pendulum.PendulumAPP:_processSerialData:121 - 🔄 数据来源: 串口接收 -> PendulumState.physical_length
2025-09-02 14:31:52.160 | INFO     | Pendulum.PendulumAPP:_processSerialData:120 - 📏 串口长度数据已更新: L27.274540 -> physical_length=27.274540
2025-09-02 14:31:52.160 | INFO     | Pendulum.PendulumAPP:_processSerialData:121 - 🔄 数据来源: 串口接收 -> PendulumState.physical_length
2025-09-02 14:31:52.207 | INFO     | Pendulum.PendulumAPP:_processSerialData:120 - 📏 串口长度数据已更新: L27.274540 -> physical_length=27.274540
2025-09-02 14:31:52.208 | INFO     | Pendulum.PendulumAPP:_processSerialData:121 - 🔄 数据来源: 串口接收 -> PendulumState.physical_length
2025-09-02 14:31:52.253 | INFO     | Pendulum.PendulumAPP:_processSerialData:120 - 📏 串口长度数据已更新: L27.274540 -> physical_length=27.274540
2025-09-02 14:31:52.254 | INFO     | Pendulum.PendulumAPP:_processSerialData:121 - 🔄 数据来源: 串口接收 -> PendulumState.physical_length
2025-09-02 14:31:52.300 | INFO     | Pendulum.PendulumAPP:_processSerialData:120 - 📏 串口长度数据已更新: L27.274540 -> physical_length=27.274540
2025-09-02 14:31:52.300 | INFO     | Pendulum.PendulumAPP:_processSerialData:121 - 🔄 数据来源: 串口接收 -> PendulumState.physical_length
2025-09-02 14:31:52.345 | INFO     | Pendulum.PendulumAPP:_processSerialData:120 - 📏 串口长度数据已更新: L27.274540 -> physical_length=27.274540
2025-09-02 14:31:52.346 | INFO     | Pendulum.PendulumAPP:_processSerialData:121 - 🔄 数据来源: 串口接收 -> PendulumState.physical_length
2025-09-02 14:31:52.393 | INFO     | Pendulum.PendulumAPP:_processSerialData:120 - 📏 串口长度数据已更新: L27.274540 -> physical_length=27.274540
2025-09-02 14:31:52.397 | INFO     | Pendulum.PendulumAPP:_processSerialData:121 - 🔄 数据来源: 串口接收 -> PendulumState.physical_length
2025-09-02 14:31:52.439 | INFO     | Pendulum.PendulumAPP:_processSerialData:120 - 📏 串口长度数据已更新: L27.274540 -> physical_length=27.274540
2025-09-02 14:31:52.441 | INFO     | Pendulum.PendulumAPP:_processSerialData:121 - 🔄 数据来源: 串口接收 -> PendulumState.physical_length
2025-09-02 14:31:52.485 | INFO     | Pendulum.PendulumAPP:_processSerialData:120 - 📏 串口长度数据已更新: L27.274540 -> physical_length=27.274540
2025-09-02 14:31:52.485 | INFO     | Pendulum.PendulumAPP:_processSerialData:121 - 🔄 数据来源: 串口接收 -> PendulumState.physical_length
2025-09-02 14:31:52.532 | INFO     | Pendulum.PendulumAPP:_processSerialData:120 - 📏 串口长度数据已更新: L27.274540 -> physical_length=27.274540
2025-09-02 14:31:52.533 | INFO     | Pendulum.PendulumAPP:_processSerialData:121 - 🔄 数据来源: 串口接收 -> PendulumState.physical_length
2025-09-02 14:31:52.580 | INFO     | Pendulum.PendulumAPP:_processSerialData:120 - 📏 串口长度数据已更新: L27.274540 -> physical_length=27.274540
2025-09-02 14:31:52.581 | INFO     | Pendulum.PendulumAPP:_processSerialData:121 - 🔄 数据来源: 串口接收 -> PendulumState.physical_length
2025-09-02 14:31:52.627 | INFO     | Pendulum.PendulumAPP:_processSerialData:120 - 📏 串口长度数据已更新: L27.274540 -> physical_length=27.274540
2025-09-02 14:31:52.628 | INFO     | Pendulum.PendulumAPP:_processSerialData:121 - 🔄 数据来源: 串口接收 -> PendulumState.physical_length
2025-09-02 14:31:52.674 | INFO     | Pendulum.PendulumAPP:_processSerialData:120 - 📏 串口长度数据已更新: L27.274540 -> physical_length=27.274540
2025-09-02 14:31:52.675 | INFO     | Pendulum.PendulumAPP:_processSerialData:121 - 🔄 数据来源: 串口接收 -> PendulumState.physical_length
2025-09-02 14:31:52.720 | INFO     | Pendulum.PendulumAPP:_processSerialData:120 - 📏 串口长度数据已更新: L27.274540 -> physical_length=27.274540
2025-09-02 14:31:52.721 | INFO     | Pendulum.PendulumAPP:_processSerialData:121 - 🔄 数据来源: 串口接收 -> PendulumState.physical_length
2025-09-02 14:31:52.768 | INFO     | Pendulum.PendulumAPP:_processSerialData:120 - 📏 串口长度数据已更新: L27.274540 -> physical_length=27.274540
2025-09-02 14:31:52.768 | INFO     | Pendulum.PendulumAPP:_processSerialData:121 - 🔄 数据来源: 串口接收 -> PendulumState.physical_length
2025-09-02 14:31:52.815 | INFO     | Pendulum.PendulumAPP:_processSerialData:120 - 📏 串口长度数据已更新: L27.274540 -> physical_length=27.274540
2025-09-02 14:31:52.816 | INFO     | Pendulum.PendulumAPP:_processSerialData:121 - 🔄 数据来源: 串口接收 -> PendulumState.physical_length
2025-09-02 14:31:52.860 | INFO     | Pendulum.PendulumAPP:_processSerialData:120 - 📏 串口长度数据已更新: L27.274540 -> physical_length=27.274540
2025-09-02 14:31:52.861 | INFO     | Pendulum.PendulumAPP:_processSerialData:121 - 🔄 数据来源: 串口接收 -> PendulumState.physical_length
2025-09-02 14:31:52.908 | INFO     | Pendulum.PendulumAPP:_processSerialData:120 - 📏 串口长度数据已更新: L27.274540 -> physical_length=27.274540
2025-09-02 14:31:52.910 | INFO     | Pendulum.PendulumAPP:_processSerialData:121 - 🔄 数据来源: 串口接收 -> PendulumState.physical_length
2025-09-02 14:31:52.954 | INFO     | Pendulum.PendulumAPP:_processSerialData:120 - 📏 串口长度数据已更新: L27.274540 -> physical_length=27.274540
2025-09-02 14:31:52.956 | INFO     | Pendulum.PendulumAPP:_processSerialData:121 - 🔄 数据来源: 串口接收 -> PendulumState.physical_length
2025-09-02 14:31:53.000 | INFO     | Pendulum.PendulumAPP:_processSerialData:120 - 📏 串口长度数据已更新: L27.274540 -> physical_length=27.274540
2025-09-02 14:31:53.002 | INFO     | Pendulum.PendulumAPP:_processSerialData:121 - 🔄 数据来源: 串口接收 -> PendulumState.physical_length
2025-09-02 14:31:53.020 | INFO     | Pendulum.SerialConncet:_run:176 - [接收] T2.000000,1.051410,2.102023
2025-09-02 14:31:54.065 | INFO     | Pendulum.SerialConncet:_run:176 - [接收] T3.000000,1.050915,3.152938
2025-09-02 14:31:55.111 | INFO     | Pendulum.SerialConncet:_run:176 - [接收] T4.000000,1.051188,4.204126
2025-09-02 14:31:56.158 | INFO     | Pendulum.SerialConncet:_run:176 - [接收] T5.000000,1.051188,5.255315
2025-09-02 14:31:57.205 | INFO     | Pendulum.SerialConncet:_run:176 - [接收] T6.000000,1.051469,6.306784
2025-09-02 14:31:58.250 | INFO     | Pendulum.SerialConncet:_run:176 - [接收] T7.000000,1.051134,7.357918
2025-09-02 14:31:59.298 | INFO     | Pendulum.SerialConncet:_run:176 - [接收] T8.000000,1.051212,8.409130
2025-09-02 14:32:00.344 | INFO     | Pendulum.SerialConncet:_run:176 - [接收] T9.000000,1.047415,9.456545
2025-09-02 14:32:01.391 | INFO     | Pendulum.SerialConncet:_run:176 - [接收] T10.000000,1.050915,10.507461
2025-09-02 14:32:02.437 | INFO     | Pendulum.SerialConncet:_run:176 - [接收] T11.000000,1.050766,11.558228
2025-09-02 14:32:03.487 | INFO     | Pendulum.SerialConncet:_run:176 - [接收] T12.000000,1.050712,12.608939
2025-09-02 14:32:04.533 | INFO     | Pendulum.SerialConncet:_run:176 - [接收] T13.000000,1.050860,13.659800
2025-09-02 14:32:05.579 | INFO     | Pendulum.SerialConncet:_run:176 - [接收] T14.000000,1.051196,14.710996
2025-09-02 14:32:06.625 | INFO     | Pendulum.SerialConncet:_run:176 - [接收] T15.000000,1.052037,15.763033
2025-09-02 14:32:07.672 | INFO     | Pendulum.SerialConncet:_run:176 - [接收] T16.000000,1.051354,16.814386
2025-09-02 14:32:08.718 | INFO     | Pendulum.SerialConncet:_run:176 - [接收] T17.000000,1.050916,17.865303
2025-09-02 14:32:09.764 | INFO     | Pendulum.SerialConncet:_run:176 - [接收] T18.000000,1.047317,18.912621
2025-09-02 14:32:10.811 | INFO     | Pendulum.SerialConncet:_run:176 - [接收] T19.000000,1.050559,19.963179
2025-09-02 14:32:11.857 | INFO     | Pendulum.SerialConncet:_run:176 - [接收] T20.000000,1.050640,21.013819
2025-09-02 14:32:19.143 | INFO     | Pendulum.PendulumAPP:_keyEventWeb:277 - n2
2025-09-02 14:32:19.145 | INFO     | Pendulum.SerialConncet:send:199 - sendn2
2025-09-02 14:32:19.149 | INFO     | Pendulum.SerialConncet:send:201 - [发送] n2
2025-09-02 14:32:21.475 | INFO     | Pendulum.PendulumAPP:_keyEventWeb:283 - n0
2025-09-02 14:32:21.476 | INFO     | Pendulum.SerialConncet:send:199 - sendn0
2025-09-02 14:32:21.478 | INFO     | Pendulum.SerialConncet:send:201 - [发送] n0
2025-09-02 14:32:27.153 | INFO     | Pendulum.PendulumAPP:_keyEventWeb:277 - n2
2025-09-02 14:32:27.155 | INFO     | Pendulum.SerialConncet:send:199 - sendn2
2025-09-02 14:32:27.157 | INFO     | Pendulum.SerialConncet:send:201 - [发送] n2
2025-09-02 14:32:30.933 | INFO     | Pendulum.PendulumAPP:_keyEventWeb:277 - n2
2025-09-02 14:32:30.934 | INFO     | Pendulum.SerialConncet:send:199 - sendn2
2025-09-02 14:32:30.935 | INFO     | Pendulum.SerialConncet:send:201 - [发送] n2
2025-09-02 14:32:31.068 | INFO     | Pendulum.PendulumAPP:_keyEventWeb:283 - n0
2025-09-02 14:32:31.069 | INFO     | Pendulum.SerialConncet:send:199 - sendn0
2025-09-02 14:32:31.070 | INFO     | Pendulum.SerialConncet:send:201 - [发送] n0
2025-09-02 14:32:33.470 | INFO     | Pendulum.PendulumAPP:_keyEventWeb:246 - ↓
2025-09-02 14:32:33.472 | INFO     | Pendulum.SerialConncet:send:199 - sendm1
2025-09-02 14:32:33.473 | INFO     | Pendulum.SerialConncet:send:201 - [发送] m1
2025-09-02 14:32:33.500 | INFO     | Pendulum.SerialConncet:_run:176 - [接收] L27.300060
2025-09-02 14:32:33.516 | INFO     | Pendulum.SerialConncet:_run:176 - [接收] L27.325584
2025-09-02 14:32:33.524 | INFO     | Pendulum.PendulumAPP:_processSerialData:120 - 📏 串口长度数据已更新: L27.325584 -> physical_length=27.325584
2025-09-02 14:32:33.524 | INFO     | Pendulum.PendulumAPP:_processSerialData:121 - 🔄 数据来源: 串口接收 -> PendulumState.physical_length
2025-09-02 14:32:33.537 | INFO     | Pendulum.SerialConncet:_run:176 - [接收] L27.351105
2025-09-02 14:32:33.564 | INFO     | Pendulum.SerialConncet:_run:176 - [接收] L27.376623
2025-09-02 14:32:33.570 | INFO     | Pendulum.PendulumAPP:_processSerialData:120 - 📏 串口长度数据已更新: L27.376623 -> physical_length=27.376623
2025-09-02 14:32:33.571 | INFO     | Pendulum.PendulumAPP:_processSerialData:121 - 🔄 数据来源: 串口接收 -> PendulumState.physical_length
2025-09-02 14:32:33.581 | INFO     | Pendulum.SerialConncet:_run:176 - [接收] L27.402147
2025-09-02 14:32:33.600 | INFO     | Pendulum.SerialConncet:_run:176 - [接收] L27.427668
2025-09-02 14:32:33.616 | INFO     | Pendulum.PendulumAPP:_processSerialData:120 - 📏 串口长度数据已更新: L27.427668 -> physical_length=27.427668
2025-09-02 14:32:33.618 | INFO     | Pendulum.PendulumAPP:_processSerialData:121 - 🔄 数据来源: 串口接收 -> PendulumState.physical_length
2025-09-02 14:32:33.621 | INFO     | Pendulum.SerialConncet:_run:176 - [接收] L27.453188
2025-09-02 14:32:33.642 | INFO     | Pendulum.SerialConncet:_run:176 - [接收] L27.478706
2025-09-02 14:32:33.663 | INFO     | Pendulum.PendulumAPP:_processSerialData:120 - 📏 串口长度数据已更新: L27.478706 -> physical_length=27.478706
2025-09-02 14:32:33.664 | INFO     | Pendulum.PendulumAPP:_processSerialData:121 - 🔄 数据来源: 串口接收 -> PendulumState.physical_length
2025-09-02 14:32:33.666 | INFO     | Pendulum.SerialConncet:_run:176 - [接收] L27.504230
2025-09-02 14:32:33.685 | INFO     | Pendulum.SerialConncet:_run:176 - [接收] L27.529751
2025-09-02 14:32:33.705 | INFO     | Pendulum.SerialConncet:_run:176 - [接收] L27.555271
2025-09-02 14:32:33.710 | INFO     | Pendulum.PendulumAPP:_processSerialData:120 - 📏 串口长度数据已更新: L27.555271 -> physical_length=27.555271
2025-09-02 14:32:33.711 | INFO     | Pendulum.PendulumAPP:_processSerialData:121 - 🔄 数据来源: 串口接收 -> PendulumState.physical_length
2025-09-02 14:32:33.725 | INFO     | Pendulum.SerialConncet:_run:176 - [接收] L27.580793
2025-09-02 14:32:33.749 | INFO     | Pendulum.SerialConncet:_run:176 - [接收] L27.606314
2025-09-02 14:32:33.756 | INFO     | Pendulum.PendulumAPP:_processSerialData:120 - 📏 串口长度数据已更新: L27.606314 -> physical_length=27.606314
2025-09-02 14:32:33.759 | INFO     | Pendulum.PendulumAPP:_processSerialData:121 - 🔄 数据来源: 串口接收 -> PendulumState.physical_length
2025-09-02 14:32:33.767 | INFO     | Pendulum.SerialConncet:_run:176 - [接收] L27.631834
2025-09-02 14:32:33.789 | INFO     | Pendulum.SerialConncet:_run:176 - [接收] L27.657356
2025-09-02 14:32:33.803 | INFO     | Pendulum.PendulumAPP:_processSerialData:120 - 📏 串口长度数据已更新: L27.657356 -> physical_length=27.657356
2025-09-02 14:32:33.804 | INFO     | Pendulum.PendulumAPP:_processSerialData:121 - 🔄 数据来源: 串口接收 -> PendulumState.physical_length
2025-09-02 14:32:33.809 | INFO     | Pendulum.SerialConncet:_run:176 - [接收] L27.682877
2025-09-02 14:32:33.832 | INFO     | Pendulum.SerialConncet:_run:176 - [接收] L27.708397
2025-09-02 14:32:33.852 | INFO     | Pendulum.PendulumAPP:_processSerialData:120 - 📏 串口长度数据已更新: L27.708397 -> physical_length=27.708397
2025-09-02 14:32:33.853 | INFO     | Pendulum.PendulumAPP:_processSerialData:121 - 🔄 数据来源: 串口接收 -> PendulumState.physical_length
2025-09-02 14:32:33.856 | INFO     | Pendulum.SerialConncet:_run:176 - [接收] L27.733919
2025-09-02 14:32:33.872 | INFO     | Pendulum.SerialConncet:_run:176 - [接收] L27.759439
2025-09-02 14:32:33.892 | INFO     | Pendulum.SerialConncet:_run:176 - [接收] L27.784960
2025-09-02 14:32:33.899 | INFO     | Pendulum.PendulumAPP:_processSerialData:120 - 📏 串口长度数据已更新: L27.784960 -> physical_length=27.784960
2025-09-02 14:32:33.900 | INFO     | Pendulum.PendulumAPP:_processSerialData:121 - 🔄 数据来源: 串口接收 -> PendulumState.physical_length
2025-09-02 14:32:33.915 | INFO     | Pendulum.SerialConncet:_run:176 - [接收] L27.810484
2025-09-02 14:32:33.934 | INFO     | Pendulum.SerialConncet:_run:176 - [接收] L27.836002
2025-09-02 14:32:33.946 | INFO     | Pendulum.PendulumAPP:_processSerialData:120 - 📏 串口长度数据已更新: L27.836002 -> physical_length=27.836002
2025-09-02 14:32:33.948 | INFO     | Pendulum.PendulumAPP:_processSerialData:121 - 🔄 数据来源: 串口接收 -> PendulumState.physical_length
2025-09-02 14:32:33.956 | INFO     | Pendulum.SerialConncet:_run:176 - [接收] L27.861523
2025-09-02 14:32:33.978 | INFO     | Pendulum.SerialConncet:_run:176 - [接收] L27.887047
2025-09-02 14:32:33.991 | INFO     | Pendulum.PendulumAPP:_processSerialData:120 - 📏 串口长度数据已更新: L27.887047 -> physical_length=27.887047
2025-09-02 14:32:33.992 | INFO     | Pendulum.PendulumAPP:_processSerialData:121 - 🔄 数据来源: 串口接收 -> PendulumState.physical_length
2025-09-02 14:32:33.997 | INFO     | Pendulum.SerialConncet:_run:176 - [接收] L27.912567
2025-09-02 14:32:34.019 | INFO     | Pendulum.SerialConncet:_run:176 - [接收] L27.938086
2025-09-02 14:32:34.039 | INFO     | Pendulum.PendulumAPP:_processSerialData:120 - 📏 串口长度数据已更新: L27.938086 -> physical_length=27.938086
2025-09-02 14:32:34.040 | INFO     | Pendulum.PendulumAPP:_processSerialData:121 - 🔄 数据来源: 串口接收 -> PendulumState.physical_length
2025-09-02 14:32:34.044 | INFO     | Pendulum.SerialConncet:_run:176 - [接收] L27.963606
2025-09-02 14:32:34.061 | INFO     | Pendulum.SerialConncet:_run:176 - [接收] L27.989130
2025-09-02 14:32:34.082 | INFO     | Pendulum.SerialConncet:_run:176 - [接收] L28.014650
2025-09-02 14:32:34.086 | INFO     | Pendulum.PendulumAPP:_processSerialData:120 - 📏 串口长度数据已更新: L28.014650 -> physical_length=28.014650
2025-09-02 14:32:34.087 | INFO     | Pendulum.PendulumAPP:_processSerialData:121 - 🔄 数据来源: 串口接收 -> PendulumState.physical_length
2025-09-02 14:32:34.103 | INFO     | Pendulum.SerialConncet:_run:176 - [接收] L28.040169
2025-09-02 14:32:34.123 | INFO     | Pendulum.SerialConncet:_run:176 - [接收] L28.065693
2025-09-02 14:32:34.132 | INFO     | Pendulum.PendulumAPP:_processSerialData:120 - 📏 串口长度数据已更新: L28.065693 -> physical_length=28.065693
2025-09-02 14:32:34.134 | INFO     | Pendulum.PendulumAPP:_processSerialData:121 - 🔄 数据来源: 串口接收 -> PendulumState.physical_length
2025-09-02 14:32:34.143 | INFO     | Pendulum.SerialConncet:_run:176 - [接收] L28.091213
2025-09-02 14:32:34.166 | INFO     | Pendulum.SerialConncet:_run:176 - [接收] L28.116734
2025-09-02 14:32:34.179 | INFO     | Pendulum.PendulumAPP:_processSerialData:120 - 📏 串口长度数据已更新: L28.116734 -> physical_length=28.116734
2025-09-02 14:32:34.180 | INFO     | Pendulum.PendulumAPP:_processSerialData:121 - 🔄 数据来源: 串口接收 -> PendulumState.physical_length
2025-09-02 14:32:34.186 | INFO     | Pendulum.SerialConncet:_run:176 - [接收] L28.142256
2025-09-02 14:32:34.208 | INFO     | Pendulum.SerialConncet:_run:176 - [接收] L28.167776
2025-09-02 14:32:34.226 | INFO     | Pendulum.PendulumAPP:_processSerialData:120 - 📏 串口长度数据已更新: L28.167776 -> physical_length=28.167776
2025-09-02 14:32:34.226 | INFO     | Pendulum.PendulumAPP:_processSerialData:121 - 🔄 数据来源: 串口接收 -> PendulumState.physical_length
2025-09-02 14:32:34.229 | INFO     | Pendulum.SerialConncet:_run:176 - [接收] L28.193296
2025-09-02 14:32:34.249 | INFO     | Pendulum.SerialConncet:_run:176 - [接收] L28.218819
2025-09-02 14:32:34.270 | INFO     | Pendulum.SerialConncet:_run:176 - [接收] L28.244339
2025-09-02 14:32:34.287 | INFO     | Pendulum.PendulumAPP:_processSerialData:120 - 📏 串口长度数据已更新: L28.244339 -> physical_length=28.244339
2025-09-02 14:32:34.288 | INFO     | Pendulum.PendulumAPP:_processSerialData:121 - 🔄 数据来源: 串口接收 -> PendulumState.physical_length
2025-09-02 14:32:34.291 | INFO     | Pendulum.SerialConncet:_run:176 - [接收] L28.269859
2025-09-02 14:32:34.315 | INFO     | Pendulum.SerialConncet:_run:176 - [接收] L28.295380
2025-09-02 14:32:34.333 | INFO     | Pendulum.PendulumAPP:_processSerialData:120 - 📏 串口长度数据已更新: L28.295380 -> physical_length=28.295380
2025-09-02 14:32:34.334 | INFO     | Pendulum.SerialConncet:_run:176 - [接收] L28.320902
2025-09-02 14:32:34.334 | INFO     | Pendulum.PendulumAPP:_processSerialData:121 - 🔄 数据来源: 串口接收 -> PendulumState.physical_length
2025-09-02 14:32:34.354 | INFO     | Pendulum.SerialConncet:_run:176 - [接收] L28.346422
2025-09-02 14:32:34.376 | INFO     | Pendulum.SerialConncet:_run:176 - [接收] L28.371943
2025-09-02 14:32:34.380 | INFO     | Pendulum.PendulumAPP:_processSerialData:120 - 📏 串口长度数据已更新: L28.371943 -> physical_length=28.371943
2025-09-02 14:32:34.382 | INFO     | Pendulum.PendulumAPP:_processSerialData:121 - 🔄 数据来源: 串口接收 -> PendulumState.physical_length
2025-09-02 14:32:34.396 | INFO     | Pendulum.SerialConncet:_run:176 - [接收] L28.397465
2025-09-02 14:32:34.417 | INFO     | Pendulum.SerialConncet:_run:176 - [接收] L28.422985
2025-09-02 14:32:34.427 | INFO     | Pendulum.PendulumAPP:_processSerialData:120 - 📏 串口长度数据已更新: L28.422985 -> physical_length=28.422985
2025-09-02 14:32:34.429 | INFO     | Pendulum.PendulumAPP:_processSerialData:121 - 🔄 数据来源: 串口接收 -> PendulumState.physical_length
2025-09-02 14:32:34.439 | INFO     | Pendulum.SerialConncet:_run:176 - [接收] L28.448505
2025-09-02 14:32:34.459 | INFO     | Pendulum.SerialConncet:_run:176 - [接收] L28.474030
2025-09-02 14:32:34.472 | INFO     | Pendulum.PendulumAPP:_processSerialData:120 - 📏 串口长度数据已更新: L28.474030 -> physical_length=28.474030
2025-09-02 14:32:34.473 | INFO     | Pendulum.PendulumAPP:_processSerialData:121 - 🔄 数据来源: 串口接收 -> PendulumState.physical_length
2025-09-02 14:32:34.479 | INFO     | Pendulum.SerialConncet:_run:176 - [接收] L28.499548
2025-09-02 14:32:34.500 | INFO     | Pendulum.SerialConncet:_run:176 - [接收] L28.525068
2025-09-02 14:32:34.519 | INFO     | Pendulum.PendulumAPP:_processSerialData:120 - 📏 串口长度数据已更新: L28.525068 -> physical_length=28.525068
2025-09-02 14:32:34.521 | INFO     | Pendulum.PendulumAPP:_processSerialData:121 - 🔄 数据来源: 串口接收 -> PendulumState.physical_length
2025-09-02 14:32:34.525 | INFO     | Pendulum.SerialConncet:_run:176 - [接收] L28.550592
2025-09-02 14:32:34.542 | INFO     | Pendulum.SerialConncet:_run:176 - [接收] L28.576113
2025-09-02 14:32:34.563 | INFO     | Pendulum.SerialConncet:_run:176 - [接收] L28.601631
2025-09-02 14:32:34.565 | INFO     | Pendulum.PendulumAPP:_processSerialData:120 - 📏 串口长度数据已更新: L28.576113 -> physical_length=28.576113
2025-09-02 14:32:34.567 | INFO     | Pendulum.PendulumAPP:_processSerialData:121 - 🔄 数据来源: 串口接收 -> PendulumState.physical_length
2025-09-02 14:32:34.584 | INFO     | Pendulum.SerialConncet:_run:176 - [接收] L28.627155
2025-09-02 14:32:34.605 | INFO     | Pendulum.SerialConncet:_run:176 - [接收] L28.652676
2025-09-02 14:32:34.611 | INFO     | Pendulum.PendulumAPP:_processSerialData:120 - 📏 串口长度数据已更新: L28.652676 -> physical_length=28.652676
2025-09-02 14:32:34.611 | INFO     | Pendulum.PendulumAPP:_processSerialData:121 - 🔄 数据来源: 串口接收 -> PendulumState.physical_length
2025-09-02 14:32:34.626 | INFO     | Pendulum.SerialConncet:_run:176 - [接收] L28.678196
2025-09-02 14:32:34.647 | INFO     | Pendulum.SerialConncet:_run:176 - [接收] L28.703718
2025-09-02 14:32:34.657 | INFO     | Pendulum.PendulumAPP:_processSerialData:120 - 📏 串口长度数据已更新: L28.703718 -> physical_length=28.703718
2025-09-02 14:32:34.657 | INFO     | Pendulum.PendulumAPP:_processSerialData:121 - 🔄 数据来源: 串口接收 -> PendulumState.physical_length
2025-09-02 14:32:34.668 | INFO     | Pendulum.SerialConncet:_run:176 - [接收] L28.729239
2025-09-02 14:32:34.689 | INFO     | Pendulum.SerialConncet:_run:176 - [接收] L28.754759
2025-09-02 14:32:34.702 | INFO     | Pendulum.PendulumAPP:_processSerialData:120 - 📏 串口长度数据已更新: L28.754759 -> physical_length=28.754759
2025-09-02 14:32:34.702 | INFO     | Pendulum.PendulumAPP:_processSerialData:121 - 🔄 数据来源: 串口接收 -> PendulumState.physical_length
2025-09-02 14:32:34.709 | INFO     | Pendulum.SerialConncet:_run:176 - [接收] L28.780279
2025-09-02 14:32:34.730 | INFO     | Pendulum.SerialConncet:_run:176 - [接收] L28.805801
2025-09-02 14:32:34.748 | INFO     | Pendulum.PendulumAPP:_processSerialData:120 - 📏 串口长度数据已更新: L28.805801 -> physical_length=28.805801
2025-09-02 14:32:34.749 | INFO     | Pendulum.PendulumAPP:_processSerialData:121 - 🔄 数据来源: 串口接收 -> PendulumState.physical_length
2025-09-02 14:32:34.751 | INFO     | Pendulum.SerialConncet:_run:176 - [接收] L28.831322
2025-09-02 14:32:34.773 | INFO     | Pendulum.SerialConncet:_run:176 - [接收] L28.856842
2025-09-02 14:32:34.793 | INFO     | Pendulum.SerialConncet:_run:176 - [接收] L28.882364
2025-09-02 14:32:34.794 | INFO     | Pendulum.PendulumAPP:_processSerialData:120 - 📏 串口长度数据已更新: L28.856842 -> physical_length=28.856842
2025-09-02 14:32:34.796 | INFO     | Pendulum.PendulumAPP:_processSerialData:121 - 🔄 数据来源: 串口接收 -> PendulumState.physical_length
2025-09-02 14:32:34.814 | INFO     | Pendulum.SerialConncet:_run:176 - [接收] L28.907885
2025-09-02 14:32:34.835 | INFO     | Pendulum.SerialConncet:_run:176 - [接收] L28.933405
2025-09-02 14:32:34.842 | INFO     | Pendulum.PendulumAPP:_processSerialData:120 - 📏 串口长度数据已更新: L28.933405 -> physical_length=28.933405
2025-09-02 14:32:34.842 | INFO     | Pendulum.PendulumAPP:_processSerialData:121 - 🔄 数据来源: 串口接收 -> PendulumState.physical_length
2025-09-02 14:32:34.856 | INFO     | Pendulum.SerialConncet:_run:176 - [接收] L28.958927
2025-09-02 14:32:34.877 | INFO     | Pendulum.SerialConncet:_run:176 - [接收] L28.984447
2025-09-02 14:32:34.888 | INFO     | Pendulum.PendulumAPP:_processSerialData:120 - 📏 串口长度数据已更新: L28.984447 -> physical_length=28.984447
2025-09-02 14:32:34.889 | INFO     | Pendulum.PendulumAPP:_processSerialData:121 - 🔄 数据来源: 串口接收 -> PendulumState.physical_length
2025-09-02 14:32:34.898 | INFO     | Pendulum.SerialConncet:_run:176 - [接收] L29.009968
2025-09-02 14:32:34.918 | INFO     | Pendulum.SerialConncet:_run:176 - [接收] L29.035492
2025-09-02 14:32:34.934 | INFO     | Pendulum.PendulumAPP:_processSerialData:120 - 📏 串口长度数据已更新: L29.035492 -> physical_length=29.035492
2025-09-02 14:32:34.935 | INFO     | Pendulum.PendulumAPP:_processSerialData:121 - 🔄 数据来源: 串口接收 -> PendulumState.physical_length
2025-09-02 14:32:34.941 | INFO     | Pendulum.SerialConncet:_run:176 - [接收] L29.061010
2025-09-02 14:32:34.961 | INFO     | Pendulum.SerialConncet:_run:176 - [接收] L29.086531
2025-09-02 14:32:34.981 | INFO     | Pendulum.PendulumAPP:_processSerialData:120 - 📏 串口长度数据已更新: L29.086531 -> physical_length=29.086531
2025-09-02 14:32:34.982 | INFO     | Pendulum.PendulumAPP:_processSerialData:121 - 🔄 数据来源: 串口接收 -> PendulumState.physical_length
2025-09-02 14:32:34.984 | INFO     | Pendulum.SerialConncet:_run:176 - [接收] L29.112051
2025-09-02 14:32:35.002 | INFO     | Pendulum.SerialConncet:_run:176 - [接收] L29.137575
2025-09-02 14:32:35.023 | INFO     | Pendulum.SerialConncet:_run:176 - [接收] L29.163094
2025-09-02 14:32:35.027 | INFO     | Pendulum.PendulumAPP:_processSerialData:120 - 📏 串口长度数据已更新: L29.163094 -> physical_length=29.163094
2025-09-02 14:32:35.028 | INFO     | Pendulum.PendulumAPP:_processSerialData:121 - 🔄 数据来源: 串口接收 -> PendulumState.physical_length
2025-09-02 14:32:35.044 | INFO     | Pendulum.SerialConncet:_run:176 - [接收] L29.188614
2025-09-02 14:32:35.064 | INFO     | Pendulum.SerialConncet:_run:176 - [接收] L29.214138
2025-09-02 14:32:35.073 | INFO     | Pendulum.PendulumAPP:_processSerialData:120 - 📏 串口长度数据已更新: L29.214138 -> physical_length=29.214138
2025-09-02 14:32:35.073 | INFO     | Pendulum.PendulumAPP:_processSerialData:121 - 🔄 数据来源: 串口接收 -> PendulumState.physical_length
2025-09-02 14:32:35.086 | INFO     | Pendulum.SerialConncet:_run:176 - [接收] L29.239658
2025-09-02 14:32:35.107 | INFO     | Pendulum.SerialConncet:_run:176 - [接收] L29.265177
2025-09-02 14:32:35.118 | INFO     | Pendulum.PendulumAPP:_processSerialData:120 - 📏 串口长度数据已更新: L29.265177 -> physical_length=29.265177
2025-09-02 14:32:35.120 | INFO     | Pendulum.PendulumAPP:_processSerialData:121 - 🔄 数据来源: 串口接收 -> PendulumState.physical_length
2025-09-02 14:32:35.129 | INFO     | Pendulum.SerialConncet:_run:176 - [接收] L29.290701
2025-09-02 14:32:35.149 | INFO     | Pendulum.SerialConncet:_run:176 - [接收] L29.316221
2025-09-02 14:32:35.164 | INFO     | Pendulum.PendulumAPP:_processSerialData:120 - 📏 串口长度数据已更新: L29.316221 -> physical_length=29.316221
2025-09-02 14:32:35.166 | INFO     | Pendulum.PendulumAPP:_processSerialData:121 - 🔄 数据来源: 串口接收 -> PendulumState.physical_length
2025-09-02 14:32:35.170 | INFO     | Pendulum.SerialConncet:_run:176 - [接收] L29.341742
2025-09-02 14:32:35.191 | INFO     | Pendulum.SerialConncet:_run:176 - [接收] L29.367264
2025-09-02 14:32:35.210 | INFO     | Pendulum.PendulumAPP:_processSerialData:120 - 📏 串口长度数据已更新: L29.367264 -> physical_length=29.367264
2025-09-02 14:32:35.212 | INFO     | Pendulum.PendulumAPP:_processSerialData:121 - 🔄 数据来源: 串口接收 -> PendulumState.physical_length
2025-09-02 14:32:35.216 | INFO     | Pendulum.SerialConncet:_run:176 - [接收] L29.392784
2025-09-02 14:32:35.232 | INFO     | Pendulum.SerialConncet:_run:176 - [接收] L29.418304
2025-09-02 14:32:35.254 | INFO     | Pendulum.SerialConncet:_run:176 - [接收] L29.443827
2025-09-02 14:32:35.256 | INFO     | Pendulum.PendulumAPP:_processSerialData:120 - 📏 串口长度数据已更新: L29.443827 -> physical_length=29.443827
2025-09-02 14:32:35.257 | INFO     | Pendulum.PendulumAPP:_processSerialData:121 - 🔄 数据来源: 串口接收 -> PendulumState.physical_length
2025-09-02 14:32:35.274 | INFO     | Pendulum.SerialConncet:_run:176 - [接收] L29.469347
2025-09-02 14:32:35.296 | INFO     | Pendulum.SerialConncet:_run:176 - [接收] L29.494867
2025-09-02 14:32:35.302 | INFO     | Pendulum.PendulumAPP:_processSerialData:120 - 📏 串口长度数据已更新: L29.494867 -> physical_length=29.494867
2025-09-02 14:32:35.303 | INFO     | Pendulum.PendulumAPP:_processSerialData:121 - 🔄 数据来源: 串口接收 -> PendulumState.physical_length
2025-09-02 14:32:35.316 | INFO     | Pendulum.SerialConncet:_run:176 - [接收] L29.520390
2025-09-02 14:32:35.339 | INFO     | Pendulum.SerialConncet:_run:176 - [接收] L29.545910
2025-09-02 14:32:35.349 | INFO     | Pendulum.PendulumAPP:_processSerialData:120 - 📏 串口长度数据已更新: L29.545910 -> physical_length=29.545910
2025-09-02 14:32:35.350 | INFO     | Pendulum.PendulumAPP:_processSerialData:121 - 🔄 数据来源: 串口接收 -> PendulumState.physical_length
2025-09-02 14:32:35.358 | INFO     | Pendulum.SerialConncet:_run:176 - [接收] L29.571430
2025-09-02 14:32:35.379 | INFO     | Pendulum.SerialConncet:_run:176 - [接收] L29.596951
2025-09-02 14:32:35.395 | INFO     | Pendulum.PendulumAPP:_processSerialData:120 - 📏 串口长度数据已更新: L29.596951 -> physical_length=29.596951
2025-09-02 14:32:35.396 | INFO     | Pendulum.PendulumAPP:_processSerialData:121 - 🔄 数据来源: 串口接收 -> PendulumState.physical_length
2025-09-02 14:32:35.400 | INFO     | Pendulum.SerialConncet:_run:176 - [接收] L29.622473
2025-09-02 14:32:35.421 | INFO     | Pendulum.SerialConncet:_run:176 - [接收] L29.647993
2025-09-02 14:32:35.440 | INFO     | Pendulum.PendulumAPP:_processSerialData:120 - 📏 串口长度数据已更新: L29.647993 -> physical_length=29.647993
2025-09-02 14:32:35.441 | INFO     | Pendulum.PendulumAPP:_processSerialData:121 - 🔄 数据来源: 串口接收 -> PendulumState.physical_length
2025-09-02 14:32:35.443 | INFO     | Pendulum.SerialConncet:_run:176 - [接收] L29.673513
2025-09-02 14:32:35.464 | INFO     | Pendulum.SerialConncet:_run:176 - [接收] L29.699038
2025-09-02 14:32:35.484 | INFO     | Pendulum.SerialConncet:_run:176 - [接收] L29.724556
2025-09-02 14:32:35.488 | INFO     | Pendulum.PendulumAPP:_processSerialData:120 - 📏 串口长度数据已更新: L29.724556 -> physical_length=29.724556
2025-09-02 14:32:35.489 | INFO     | Pendulum.PendulumAPP:_processSerialData:121 - 🔄 数据来源: 串口接收 -> PendulumState.physical_length
2025-09-02 14:32:35.504 | INFO     | Pendulum.SerialConncet:_run:176 - [接收] L29.750076
2025-09-02 14:32:35.526 | INFO     | Pendulum.SerialConncet:_run:176 - [接收] L29.775600
2025-09-02 14:32:35.536 | INFO     | Pendulum.PendulumAPP:_processSerialData:120 - 📏 串口长度数据已更新: L29.775600 -> physical_length=29.775600
2025-09-02 14:32:35.536 | INFO     | Pendulum.PendulumAPP:_processSerialData:121 - 🔄 数据来源: 串口接收 -> PendulumState.physical_length
2025-09-02 14:32:35.546 | INFO     | Pendulum.SerialConncet:_run:176 - [接收] L29.801121
2025-09-02 14:32:35.569 | INFO     | Pendulum.SerialConncet:_run:176 - [接收] L29.826639
2025-09-02 14:32:35.584 | INFO     | Pendulum.PendulumAPP:_processSerialData:120 - 📏 串口长度数据已更新: L29.826639 -> physical_length=29.826639
2025-09-02 14:32:35.585 | INFO     | Pendulum.PendulumAPP:_processSerialData:121 - 🔄 数据来源: 串口接收 -> PendulumState.physical_length
2025-09-02 14:32:35.588 | INFO     | Pendulum.SerialConncet:_run:176 - [接收] L29.852163
2025-09-02 14:32:35.611 | INFO     | Pendulum.SerialConncet:_run:176 - [接收] L29.877684
2025-09-02 14:32:35.631 | INFO     | Pendulum.PendulumAPP:_processSerialData:120 - 📏 串口长度数据已更新: L29.877684 -> physical_length=29.877684
2025-09-02 14:32:35.633 | INFO     | Pendulum.PendulumAPP:_processSerialData:121 - 🔄 数据来源: 串口接收 -> PendulumState.physical_length
2025-09-02 14:32:35.635 | INFO     | Pendulum.SerialConncet:_run:176 - [接收] L29.903204
2025-09-02 14:32:35.652 | INFO     | Pendulum.SerialConncet:_run:176 - [接收] L29.928722
2025-09-02 14:32:35.672 | INFO     | Pendulum.SerialConncet:_run:176 - [接收] L29.954247
2025-09-02 14:32:35.676 | INFO     | Pendulum.PendulumAPP:_processSerialData:120 - 📏 串口长度数据已更新: L29.954247 -> physical_length=29.954247
2025-09-02 14:32:35.677 | INFO     | Pendulum.PendulumAPP:_processSerialData:121 - 🔄 数据来源: 串口接收 -> PendulumState.physical_length
2025-09-02 14:32:35.694 | INFO     | Pendulum.SerialConncet:_run:176 - [接收] L29.979767
2025-09-02 14:32:35.713 | INFO     | Pendulum.SerialConncet:_run:176 - [接收] L30.005287
2025-09-02 14:32:35.723 | INFO     | Pendulum.PendulumAPP:_processSerialData:120 - 📏 串口长度数据已更新: L30.005287 -> physical_length=30.005287
2025-09-02 14:32:35.726 | INFO     | Pendulum.PendulumAPP:_processSerialData:121 - 🔄 数据来源: 串口接收 -> PendulumState.physical_length
2025-09-02 14:32:35.734 | INFO     | Pendulum.SerialConncet:_run:176 - [接收] L30.030809
2025-09-02 14:32:35.758 | INFO     | Pendulum.SerialConncet:_run:176 - [接收] L30.056330
2025-09-02 14:32:35.769 | INFO     | Pendulum.PendulumAPP:_processSerialData:120 - 📏 串口长度数据已更新: L30.056330 -> physical_length=30.056330
2025-09-02 14:32:35.770 | INFO     | Pendulum.PendulumAPP:_processSerialData:121 - 🔄 数据来源: 串口接收 -> PendulumState.physical_length
2025-09-02 14:32:35.776 | INFO     | Pendulum.SerialConncet:_run:176 - [接收] L30.081850
2025-09-02 14:32:35.798 | INFO     | Pendulum.SerialConncet:_run:176 - [接收] L30.107372
2025-09-02 14:32:35.815 | INFO     | Pendulum.PendulumAPP:_processSerialData:120 - 📏 串口长度数据已更新: L30.107372 -> physical_length=30.107372
2025-09-02 14:32:35.819 | INFO     | Pendulum.PendulumAPP:_processSerialData:121 - 🔄 数据来源: 串口接收 -> PendulumState.physical_length
2025-09-02 14:32:35.821 | INFO     | Pendulum.SerialConncet:_run:176 - [接收] L30.132893
2025-09-02 14:32:35.840 | INFO     | Pendulum.SerialConncet:_run:176 - [接收] L30.158413
2025-09-02 14:32:35.862 | INFO     | Pendulum.SerialConncet:_run:176 - [接收] L30.183935
2025-09-02 14:32:35.862 | INFO     | Pendulum.PendulumAPP:_processSerialData:120 - 📏 串口长度数据已更新: L30.158413 -> physical_length=30.158413
2025-09-02 14:32:35.863 | INFO     | Pendulum.PendulumAPP:_processSerialData:121 - 🔄 数据来源: 串口接收 -> PendulumState.physical_length
2025-09-02 14:32:35.881 | INFO     | Pendulum.SerialConncet:_run:176 - [接收] L30.209455
2025-09-02 14:32:35.902 | INFO     | Pendulum.SerialConncet:_run:176 - [接收] L30.234976
2025-09-02 14:32:35.908 | INFO     | Pendulum.PendulumAPP:_processSerialData:120 - 📏 串口长度数据已更新: L30.234976 -> physical_length=30.234976
2025-09-02 14:32:35.909 | INFO     | Pendulum.PendulumAPP:_processSerialData:121 - 🔄 数据来源: 串口接收 -> PendulumState.physical_length
2025-09-02 14:32:35.925 | INFO     | Pendulum.SerialConncet:_run:176 - [接收] L30.260500
2025-09-02 14:32:35.948 | INFO     | Pendulum.SerialConncet:_run:176 - [接收] L30.286018
2025-09-02 14:32:35.953 | INFO     | Pendulum.PendulumAPP:_processSerialData:120 - 📏 串口长度数据已更新: L30.286018 -> physical_length=30.286018
2025-09-02 14:32:35.953 | INFO     | Pendulum.PendulumAPP:_processSerialData:121 - 🔄 数据来源: 串口接收 -> PendulumState.physical_length
2025-09-02 14:32:35.964 | INFO     | Pendulum.SerialConncet:_run:176 - [接收] L30.311539
2025-09-02 14:32:35.986 | INFO     | Pendulum.SerialConncet:_run:176 - [接收] L30.337063
2025-09-02 14:32:36.001 | INFO     | Pendulum.PendulumAPP:_processSerialData:120 - 📏 串口长度数据已更新: L30.337063 -> physical_length=30.337063
2025-09-02 14:32:36.002 | INFO     | Pendulum.PendulumAPP:_processSerialData:121 - 🔄 数据来源: 串口接收 -> PendulumState.physical_length
2025-09-02 14:32:36.008 | INFO     | Pendulum.SerialConncet:_run:176 - [接收] L30.362583
2025-09-02 14:32:36.029 | INFO     | Pendulum.SerialConncet:_run:176 - [接收] L30.388102
2025-09-02 14:32:36.047 | INFO     | Pendulum.PendulumAPP:_processSerialData:120 - 📏 串口长度数据已更新: L30.388102 -> physical_length=30.388102
2025-09-02 14:32:36.049 | INFO     | Pendulum.PendulumAPP:_processSerialData:121 - 🔄 数据来源: 串口接收 -> PendulumState.physical_length
2025-09-02 14:32:36.051 | INFO     | Pendulum.SerialConncet:_run:176 - [接收] L30.413622
2025-09-02 14:32:36.070 | INFO     | Pendulum.SerialConncet:_run:176 - [接收] L30.439146
2025-09-02 14:32:36.090 | INFO     | Pendulum.SerialConncet:_run:176 - [接收] L30.464666
2025-09-02 14:32:36.092 | INFO     | Pendulum.PendulumAPP:_processSerialData:120 - 📏 串口长度数据已更新: L30.464666 -> physical_length=30.464666
2025-09-02 14:32:36.093 | INFO     | Pendulum.PendulumAPP:_processSerialData:121 - 🔄 数据来源: 串口接收 -> PendulumState.physical_length
2025-09-02 14:32:36.116 | INFO     | Pendulum.SerialConncet:_run:176 - [接收] L30.490185
2025-09-02 14:32:36.127 | INFO     | Pendulum.PendulumAPP:_keyEventWeb:249 - stop
2025-09-02 14:32:36.128 | INFO     | Pendulum.SerialConncet:send:199 - sendm0
2025-09-02 14:32:36.129 | INFO     | Pendulum.SerialConncet:send:201 - [发送] m0
2025-09-02 14:32:36.132 | INFO     | Pendulum.SerialConncet:_run:176 - [接收] L30.515709
2025-09-02 14:32:36.139 | INFO     | Pendulum.PendulumAPP:_processSerialData:120 - 📏 串口长度数据已更新: L30.515709 -> physical_length=30.515709
2025-09-02 14:32:36.141 | INFO     | Pendulum.PendulumAPP:_processSerialData:121 - 🔄 数据来源: 串口接收 -> PendulumState.physical_length
2025-09-02 14:32:36.186 | INFO     | Pendulum.PendulumAPP:_processSerialData:120 - 📏 串口长度数据已更新: L30.515709 -> physical_length=30.515709
2025-09-02 14:32:36.187 | INFO     | Pendulum.PendulumAPP:_processSerialData:121 - 🔄 数据来源: 串口接收 -> PendulumState.physical_length
2025-09-02 14:32:36.233 | INFO     | Pendulum.PendulumAPP:_processSerialData:120 - 📏 串口长度数据已更新: L30.515709 -> physical_length=30.515709
2025-09-02 14:32:36.234 | INFO     | Pendulum.PendulumAPP:_processSerialData:121 - 🔄 数据来源: 串口接收 -> PendulumState.physical_length
2025-09-02 14:32:36.280 | INFO     | Pendulum.PendulumAPP:_processSerialData:120 - 📏 串口长度数据已更新: L30.515709 -> physical_length=30.515709
2025-09-02 14:32:36.283 | INFO     | Pendulum.PendulumAPP:_processSerialData:121 - 🔄 数据来源: 串口接收 -> PendulumState.physical_length
2025-09-02 14:32:36.326 | INFO     | Pendulum.PendulumAPP:_processSerialData:120 - 📏 串口长度数据已更新: L30.515709 -> physical_length=30.515709
2025-09-02 14:32:36.327 | INFO     | Pendulum.PendulumAPP:_processSerialData:121 - 🔄 数据来源: 串口接收 -> PendulumState.physical_length
2025-09-02 14:32:36.373 | INFO     | Pendulum.PendulumAPP:_processSerialData:120 - 📏 串口长度数据已更新: L30.515709 -> physical_length=30.515709
2025-09-02 14:32:36.376 | INFO     | Pendulum.PendulumAPP:_processSerialData:121 - 🔄 数据来源: 串口接收 -> PendulumState.physical_length
2025-09-02 14:32:36.419 | INFO     | Pendulum.PendulumAPP:_processSerialData:120 - 📏 串口长度数据已更新: L30.515709 -> physical_length=30.515709
2025-09-02 14:32:36.420 | INFO     | Pendulum.PendulumAPP:_processSerialData:121 - 🔄 数据来源: 串口接收 -> PendulumState.physical_length
2025-09-02 14:32:36.467 | INFO     | Pendulum.PendulumAPP:_processSerialData:120 - 📏 串口长度数据已更新: L30.515709 -> physical_length=30.515709
2025-09-02 14:32:36.469 | INFO     | Pendulum.PendulumAPP:_processSerialData:121 - 🔄 数据来源: 串口接收 -> PendulumState.physical_length
2025-09-02 14:32:36.511 | INFO     | Pendulum.PendulumAPP:_processSerialData:120 - 📏 串口长度数据已更新: L30.515709 -> physical_length=30.515709
2025-09-02 14:32:36.512 | INFO     | Pendulum.PendulumAPP:_processSerialData:121 - 🔄 数据来源: 串口接收 -> PendulumState.physical_length
2025-09-02 14:32:36.557 | INFO     | Pendulum.PendulumAPP:_processSerialData:120 - 📏 串口长度数据已更新: L30.515709 -> physical_length=30.515709
2025-09-02 14:32:36.558 | INFO     | Pendulum.PendulumAPP:_processSerialData:121 - 🔄 数据来源: 串口接收 -> PendulumState.physical_length
2025-09-02 14:32:36.603 | INFO     | Pendulum.PendulumAPP:_processSerialData:120 - 📏 串口长度数据已更新: L30.515709 -> physical_length=30.515709
2025-09-02 14:32:36.604 | INFO     | Pendulum.PendulumAPP:_processSerialData:121 - 🔄 数据来源: 串口接收 -> PendulumState.physical_length
2025-09-02 14:32:36.651 | INFO     | Pendulum.PendulumAPP:_processSerialData:120 - 📏 串口长度数据已更新: L30.515709 -> physical_length=30.515709
2025-09-02 14:32:36.653 | INFO     | Pendulum.PendulumAPP:_processSerialData:121 - 🔄 数据来源: 串口接收 -> PendulumState.physical_length
2025-09-02 14:32:36.698 | INFO     | Pendulum.PendulumAPP:_processSerialData:120 - 📏 串口长度数据已更新: L30.515709 -> physical_length=30.515709
2025-09-02 14:32:36.699 | INFO     | Pendulum.PendulumAPP:_processSerialData:121 - 🔄 数据来源: 串口接收 -> PendulumState.physical_length
2025-09-02 14:32:36.728 | INFO     | Pendulum.PendulumAPP:_processSerialData:120 - 📏 串口长度数据已更新: L30.515709 -> physical_length=30.515709
2025-09-02 14:32:36.729 | INFO     | Pendulum.PendulumAPP:_processSerialData:121 - 🔄 数据来源: 串口接收 -> PendulumState.physical_length
2025-09-02 14:32:36.774 | INFO     | Pendulum.PendulumAPP:_processSerialData:120 - 📏 串口长度数据已更新: L30.515709 -> physical_length=30.515709
2025-09-02 14:32:36.777 | INFO     | Pendulum.PendulumAPP:_processSerialData:121 - 🔄 数据来源: 串口接收 -> PendulumState.physical_length
2025-09-02 14:32:36.821 | INFO     | Pendulum.PendulumAPP:_processSerialData:120 - 📏 串口长度数据已更新: L30.515709 -> physical_length=30.515709
2025-09-02 14:32:36.822 | INFO     | Pendulum.PendulumAPP:_processSerialData:121 - 🔄 数据来源: 串口接收 -> PendulumState.physical_length
2025-09-02 14:32:36.868 | INFO     | Pendulum.PendulumAPP:_processSerialData:120 - 📏 串口长度数据已更新: L30.515709 -> physical_length=30.515709
2025-09-02 14:32:36.870 | INFO     | Pendulum.PendulumAPP:_processSerialData:121 - 🔄 数据来源: 串口接收 -> PendulumState.physical_length
2025-09-02 14:32:36.915 | INFO     | Pendulum.PendulumAPP:_processSerialData:120 - 📏 串口长度数据已更新: L30.515709 -> physical_length=30.515709
2025-09-02 14:32:36.916 | INFO     | Pendulum.PendulumAPP:_processSerialData:121 - 🔄 数据来源: 串口接收 -> PendulumState.physical_length
2025-09-02 14:32:36.961 | INFO     | Pendulum.PendulumAPP:_processSerialData:120 - 📏 串口长度数据已更新: L30.515709 -> physical_length=30.515709
2025-09-02 14:32:36.961 | INFO     | Pendulum.PendulumAPP:_processSerialData:121 - 🔄 数据来源: 串口接收 -> PendulumState.physical_length
2025-09-02 14:32:37.009 | INFO     | Pendulum.PendulumAPP:_processSerialData:120 - 📏 串口长度数据已更新: L30.515709 -> physical_length=30.515709
2025-09-02 14:32:37.010 | INFO     | Pendulum.PendulumAPP:_processSerialData:121 - 🔄 数据来源: 串口接收 -> PendulumState.physical_length
2025-09-02 14:32:37.057 | INFO     | Pendulum.PendulumAPP:_processSerialData:120 - 📏 串口长度数据已更新: L30.515709 -> physical_length=30.515709
2025-09-02 14:32:37.058 | INFO     | Pendulum.PendulumAPP:_processSerialData:121 - 🔄 数据来源: 串口接收 -> PendulumState.physical_length
2025-09-02 14:32:37.103 | INFO     | Pendulum.PendulumAPP:_processSerialData:120 - 📏 串口长度数据已更新: L30.515709 -> physical_length=30.515709
2025-09-02 14:32:37.104 | INFO     | Pendulum.PendulumAPP:_processSerialData:121 - 🔄 数据来源: 串口接收 -> PendulumState.physical_length
2025-09-02 14:32:37.149 | INFO     | Pendulum.PendulumAPP:_processSerialData:120 - 📏 串口长度数据已更新: L30.515709 -> physical_length=30.515709
2025-09-02 14:32:37.150 | INFO     | Pendulum.PendulumAPP:_processSerialData:121 - 🔄 数据来源: 串口接收 -> PendulumState.physical_length
2025-09-02 14:32:37.195 | INFO     | Pendulum.PendulumAPP:_processSerialData:120 - 📏 串口长度数据已更新: L30.515709 -> physical_length=30.515709
2025-09-02 14:32:37.196 | INFO     | Pendulum.PendulumAPP:_processSerialData:121 - 🔄 数据来源: 串口接收 -> PendulumState.physical_length
2025-09-02 14:32:37.241 | INFO     | Pendulum.PendulumAPP:_processSerialData:120 - 📏 串口长度数据已更新: L30.515709 -> physical_length=30.515709
2025-09-02 14:32:37.242 | INFO     | Pendulum.PendulumAPP:_processSerialData:121 - 🔄 数据来源: 串口接收 -> PendulumState.physical_length
2025-09-02 14:32:37.288 | INFO     | Pendulum.PendulumAPP:_processSerialData:120 - 📏 串口长度数据已更新: L30.515709 -> physical_length=30.515709
2025-09-02 14:32:37.289 | INFO     | Pendulum.PendulumAPP:_processSerialData:121 - 🔄 数据来源: 串口接收 -> PendulumState.physical_length
2025-09-02 14:32:37.335 | INFO     | Pendulum.PendulumAPP:_processSerialData:120 - 📏 串口长度数据已更新: L30.515709 -> physical_length=30.515709
2025-09-02 14:32:37.337 | INFO     | Pendulum.PendulumAPP:_processSerialData:121 - 🔄 数据来源: 串口接收 -> PendulumState.physical_length
2025-09-02 14:32:37.381 | INFO     | Pendulum.PendulumAPP:_processSerialData:120 - 📏 串口长度数据已更新: L30.515709 -> physical_length=30.515709
2025-09-02 14:32:37.382 | INFO     | Pendulum.PendulumAPP:_processSerialData:121 - 🔄 数据来源: 串口接收 -> PendulumState.physical_length
2025-09-02 14:32:37.429 | INFO     | Pendulum.PendulumAPP:_processSerialData:120 - 📏 串口长度数据已更新: L30.515709 -> physical_length=30.515709
2025-09-02 14:32:37.430 | INFO     | Pendulum.PendulumAPP:_processSerialData:121 - 🔄 数据来源: 串口接收 -> PendulumState.physical_length
2025-09-02 14:32:37.475 | INFO     | Pendulum.PendulumAPP:_processSerialData:120 - 📏 串口长度数据已更新: L30.515709 -> physical_length=30.515709
2025-09-02 14:32:37.476 | INFO     | Pendulum.PendulumAPP:_processSerialData:121 - 🔄 数据来源: 串口接收 -> PendulumState.physical_length
2025-09-02 14:32:37.521 | INFO     | Pendulum.PendulumAPP:_processSerialData:120 - 📏 串口长度数据已更新: L30.515709 -> physical_length=30.515709
2025-09-02 14:32:37.523 | INFO     | Pendulum.PendulumAPP:_processSerialData:121 - 🔄 数据来源: 串口接收 -> PendulumState.physical_length
2025-09-02 14:32:37.567 | INFO     | Pendulum.PendulumAPP:_processSerialData:120 - 📏 串口长度数据已更新: L30.515709 -> physical_length=30.515709
2025-09-02 14:32:37.568 | INFO     | Pendulum.PendulumAPP:_processSerialData:121 - 🔄 数据来源: 串口接收 -> PendulumState.physical_length
2025-09-02 14:32:37.614 | INFO     | Pendulum.PendulumAPP:_processSerialData:120 - 📏 串口长度数据已更新: L30.515709 -> physical_length=30.515709
2025-09-02 14:32:37.615 | INFO     | Pendulum.PendulumAPP:_processSerialData:121 - 🔄 数据来源: 串口接收 -> PendulumState.physical_length
2025-09-02 14:32:37.660 | INFO     | Pendulum.PendulumAPP:_processSerialData:120 - 📏 串口长度数据已更新: L30.515709 -> physical_length=30.515709
2025-09-02 14:32:37.662 | INFO     | Pendulum.PendulumAPP:_processSerialData:121 - 🔄 数据来源: 串口接收 -> PendulumState.physical_length
2025-09-02 14:32:37.706 | INFO     | Pendulum.PendulumAPP:_processSerialData:120 - 📏 串口长度数据已更新: L30.515709 -> physical_length=30.515709
2025-09-02 14:32:37.706 | INFO     | Pendulum.PendulumAPP:_processSerialData:121 - 🔄 数据来源: 串口接收 -> PendulumState.physical_length
2025-09-02 14:32:37.753 | INFO     | Pendulum.PendulumAPP:_processSerialData:120 - 📏 串口长度数据已更新: L30.515709 -> physical_length=30.515709
2025-09-02 14:32:37.755 | INFO     | Pendulum.PendulumAPP:_processSerialData:121 - 🔄 数据来源: 串口接收 -> PendulumState.physical_length
2025-09-02 14:32:37.799 | INFO     | Pendulum.PendulumAPP:_processSerialData:120 - 📏 串口长度数据已更新: L30.515709 -> physical_length=30.515709
2025-09-02 14:32:37.800 | INFO     | Pendulum.PendulumAPP:_processSerialData:121 - 🔄 数据来源: 串口接收 -> PendulumState.physical_length
2025-09-02 14:32:37.845 | INFO     | Pendulum.PendulumAPP:_processSerialData:120 - 📏 串口长度数据已更新: L30.515709 -> physical_length=30.515709
2025-09-02 14:32:37.845 | INFO     | Pendulum.PendulumAPP:_processSerialData:121 - 🔄 数据来源: 串口接收 -> PendulumState.physical_length
2025-09-02 14:32:37.892 | INFO     | Pendulum.PendulumAPP:_processSerialData:120 - 📏 串口长度数据已更新: L30.515709 -> physical_length=30.515709
2025-09-02 14:32:37.894 | INFO     | Pendulum.PendulumAPP:_processSerialData:121 - 🔄 数据来源: 串口接收 -> PendulumState.physical_length
2025-09-02 14:32:37.938 | INFO     | Pendulum.PendulumAPP:_processSerialData:120 - 📏 串口长度数据已更新: L30.515709 -> physical_length=30.515709
2025-09-02 14:32:37.939 | INFO     | Pendulum.PendulumAPP:_processSerialData:121 - 🔄 数据来源: 串口接收 -> PendulumState.physical_length
2025-09-02 14:32:37.984 | INFO     | Pendulum.PendulumAPP:_processSerialData:120 - 📏 串口长度数据已更新: L30.515709 -> physical_length=30.515709
2025-09-02 14:32:37.985 | INFO     | Pendulum.PendulumAPP:_processSerialData:121 - 🔄 数据来源: 串口接收 -> PendulumState.physical_length
2025-09-02 14:32:38.029 | INFO     | Pendulum.PendulumAPP:_processSerialData:120 - 📏 串口长度数据已更新: L30.515709 -> physical_length=30.515709
2025-09-02 14:32:38.030 | INFO     | Pendulum.PendulumAPP:_processSerialData:121 - 🔄 数据来源: 串口接收 -> PendulumState.physical_length
2025-09-02 14:32:38.075 | INFO     | Pendulum.PendulumAPP:_processSerialData:120 - 📏 串口长度数据已更新: L30.515709 -> physical_length=30.515709
2025-09-02 14:32:38.077 | INFO     | Pendulum.PendulumAPP:_processSerialData:121 - 🔄 数据来源: 串口接收 -> PendulumState.physical_length
2025-09-02 14:32:38.121 | INFO     | Pendulum.PendulumAPP:_processSerialData:120 - 📏 串口长度数据已更新: L30.515709 -> physical_length=30.515709
2025-09-02 14:32:38.123 | INFO     | Pendulum.PendulumAPP:_processSerialData:121 - 🔄 数据来源: 串口接收 -> PendulumState.physical_length
2025-09-02 14:32:38.167 | INFO     | Pendulum.PendulumAPP:_processSerialData:120 - 📏 串口长度数据已更新: L30.515709 -> physical_length=30.515709
2025-09-02 14:32:38.167 | INFO     | Pendulum.PendulumAPP:_processSerialData:121 - 🔄 数据来源: 串口接收 -> PendulumState.physical_length
2025-09-02 14:32:38.213 | INFO     | Pendulum.PendulumAPP:_processSerialData:120 - 📏 串口长度数据已更新: L30.515709 -> physical_length=30.515709
2025-09-02 14:32:38.216 | INFO     | Pendulum.PendulumAPP:_processSerialData:121 - 🔄 数据来源: 串口接收 -> PendulumState.physical_length
2025-09-02 14:32:38.260 | INFO     | Pendulum.PendulumAPP:_processSerialData:120 - 📏 串口长度数据已更新: L30.515709 -> physical_length=30.515709
2025-09-02 14:32:38.261 | INFO     | Pendulum.PendulumAPP:_processSerialData:121 - 🔄 数据来源: 串口接收 -> PendulumState.physical_length
2025-09-02 14:32:38.306 | INFO     | Pendulum.PendulumAPP:_processSerialData:120 - 📏 串口长度数据已更新: L30.515709 -> physical_length=30.515709
2025-09-02 14:32:38.307 | INFO     | Pendulum.PendulumAPP:_processSerialData:121 - 🔄 数据来源: 串口接收 -> PendulumState.physical_length
2025-09-02 14:32:38.352 | INFO     | Pendulum.PendulumAPP:_processSerialData:120 - 📏 串口长度数据已更新: L30.515709 -> physical_length=30.515709
2025-09-02 14:32:38.352 | INFO     | Pendulum.PendulumAPP:_processSerialData:121 - 🔄 数据来源: 串口接收 -> PendulumState.physical_length
2025-09-02 14:32:38.399 | INFO     | Pendulum.PendulumAPP:_processSerialData:120 - 📏 串口长度数据已更新: L30.515709 -> physical_length=30.515709
2025-09-02 14:32:38.400 | INFO     | Pendulum.PendulumAPP:_processSerialData:121 - 🔄 数据来源: 串口接收 -> PendulumState.physical_length
2025-09-02 14:32:38.446 | INFO     | Pendulum.PendulumAPP:_processSerialData:120 - 📏 串口长度数据已更新: L30.515709 -> physical_length=30.515709
2025-09-02 14:32:38.447 | INFO     | Pendulum.PendulumAPP:_processSerialData:121 - 🔄 数据来源: 串口接收 -> PendulumState.physical_length
2025-09-02 14:32:38.492 | INFO     | Pendulum.PendulumAPP:_processSerialData:120 - 📏 串口长度数据已更新: L30.515709 -> physical_length=30.515709
2025-09-02 14:32:38.492 | INFO     | Pendulum.PendulumAPP:_processSerialData:121 - 🔄 数据来源: 串口接收 -> PendulumState.physical_length
2025-09-02 14:32:38.540 | INFO     | Pendulum.PendulumAPP:_processSerialData:120 - 📏 串口长度数据已更新: L30.515709 -> physical_length=30.515709
2025-09-02 14:32:38.540 | INFO     | Pendulum.PendulumAPP:_processSerialData:121 - 🔄 数据来源: 串口接收 -> PendulumState.physical_length
2025-09-02 14:32:38.587 | INFO     | Pendulum.PendulumAPP:_processSerialData:120 - 📏 串口长度数据已更新: L30.515709 -> physical_length=30.515709
2025-09-02 14:32:38.588 | INFO     | Pendulum.PendulumAPP:_processSerialData:121 - 🔄 数据来源: 串口接收 -> PendulumState.physical_length
2025-09-02 14:32:38.633 | INFO     | Pendulum.PendulumAPP:_processSerialData:120 - 📏 串口长度数据已更新: L30.515709 -> physical_length=30.515709
2025-09-02 14:32:38.634 | INFO     | Pendulum.PendulumAPP:_processSerialData:121 - 🔄 数据来源: 串口接收 -> PendulumState.physical_length
2025-09-02 14:32:38.679 | INFO     | Pendulum.PendulumAPP:_processSerialData:120 - 📏 串口长度数据已更新: L30.515709 -> physical_length=30.515709
2025-09-02 14:32:38.682 | INFO     | Pendulum.PendulumAPP:_processSerialData:121 - 🔄 数据来源: 串口接收 -> PendulumState.physical_length
2025-09-02 14:32:38.726 | INFO     | Pendulum.PendulumAPP:_processSerialData:120 - 📏 串口长度数据已更新: L30.515709 -> physical_length=30.515709
2025-09-02 14:32:38.726 | INFO     | Pendulum.PendulumAPP:_processSerialData:121 - 🔄 数据来源: 串口接收 -> PendulumState.physical_length
2025-09-02 14:32:38.772 | INFO     | Pendulum.PendulumAPP:_processSerialData:120 - 📏 串口长度数据已更新: L30.515709 -> physical_length=30.515709
2025-09-02 14:32:38.774 | INFO     | Pendulum.PendulumAPP:_processSerialData:121 - 🔄 数据来源: 串口接收 -> PendulumState.physical_length
2025-09-02 14:32:38.818 | INFO     | Pendulum.PendulumAPP:_processSerialData:120 - 📏 串口长度数据已更新: L30.515709 -> physical_length=30.515709
2025-09-02 14:32:38.819 | INFO     | Pendulum.PendulumAPP:_processSerialData:121 - 🔄 数据来源: 串口接收 -> PendulumState.physical_length
2025-09-02 14:32:38.864 | INFO     | Pendulum.PendulumAPP:_processSerialData:120 - 📏 串口长度数据已更新: L30.515709 -> physical_length=30.515709
2025-09-02 14:32:38.865 | INFO     | Pendulum.PendulumAPP:_processSerialData:121 - 🔄 数据来源: 串口接收 -> PendulumState.physical_length
2025-09-02 14:32:38.910 | INFO     | Pendulum.PendulumAPP:_processSerialData:120 - 📏 串口长度数据已更新: L30.515709 -> physical_length=30.515709
2025-09-02 14:32:38.911 | INFO     | Pendulum.PendulumAPP:_processSerialData:121 - 🔄 数据来源: 串口接收 -> PendulumState.physical_length
2025-09-02 14:32:38.956 | INFO     | Pendulum.PendulumAPP:_processSerialData:120 - 📏 串口长度数据已更新: L30.515709 -> physical_length=30.515709
2025-09-02 14:32:38.957 | INFO     | Pendulum.PendulumAPP:_processSerialData:121 - 🔄 数据来源: 串口接收 -> PendulumState.physical_length
2025-09-02 14:32:39.003 | INFO     | Pendulum.PendulumAPP:_processSerialData:120 - 📏 串口长度数据已更新: L30.515709 -> physical_length=30.515709
2025-09-02 14:32:39.004 | INFO     | Pendulum.PendulumAPP:_processSerialData:121 - 🔄 数据来源: 串口接收 -> PendulumState.physical_length
2025-09-02 14:32:39.048 | INFO     | Pendulum.PendulumAPP:_processSerialData:120 - 📏 串口长度数据已更新: L30.515709 -> physical_length=30.515709
2025-09-02 14:32:39.049 | INFO     | Pendulum.PendulumAPP:_processSerialData:121 - 🔄 数据来源: 串口接收 -> PendulumState.physical_length
2025-09-02 14:32:39.095 | INFO     | Pendulum.PendulumAPP:_processSerialData:120 - 📏 串口长度数据已更新: L30.515709 -> physical_length=30.515709
2025-09-02 14:32:39.099 | INFO     | Pendulum.PendulumAPP:_processSerialData:121 - 🔄 数据来源: 串口接收 -> PendulumState.physical_length
2025-09-02 14:32:39.140 | INFO     | Pendulum.PendulumAPP:_processSerialData:120 - 📏 串口长度数据已更新: L30.515709 -> physical_length=30.515709
2025-09-02 14:32:39.141 | INFO     | Pendulum.PendulumAPP:_processSerialData:121 - 🔄 数据来源: 串口接收 -> PendulumState.physical_length
2025-09-02 14:32:39.187 | INFO     | Pendulum.PendulumAPP:_processSerialData:120 - 📏 串口长度数据已更新: L30.515709 -> physical_length=30.515709
2025-09-02 14:32:39.188 | INFO     | Pendulum.PendulumAPP:_processSerialData:121 - 🔄 数据来源: 串口接收 -> PendulumState.physical_length
2025-09-02 14:32:39.233 | INFO     | Pendulum.PendulumAPP:_processSerialData:120 - 📏 串口长度数据已更新: L30.515709 -> physical_length=30.515709
2025-09-02 14:32:39.234 | INFO     | Pendulum.PendulumAPP:_processSerialData:121 - 🔄 数据来源: 串口接收 -> PendulumState.physical_length
2025-09-02 14:32:39.279 | INFO     | Pendulum.PendulumAPP:_processSerialData:120 - 📏 串口长度数据已更新: L30.515709 -> physical_length=30.515709
2025-09-02 14:32:39.280 | INFO     | Pendulum.PendulumAPP:_processSerialData:121 - 🔄 数据来源: 串口接收 -> PendulumState.physical_length
2025-09-02 14:32:39.326 | INFO     | Pendulum.PendulumAPP:_processSerialData:120 - 📏 串口长度数据已更新: L30.515709 -> physical_length=30.515709
2025-09-02 14:32:39.327 | INFO     | Pendulum.PendulumAPP:_processSerialData:121 - 🔄 数据来源: 串口接收 -> PendulumState.physical_length
2025-09-02 14:32:39.372 | INFO     | Pendulum.PendulumAPP:_processSerialData:120 - 📏 串口长度数据已更新: L30.515709 -> physical_length=30.515709
2025-09-02 14:32:39.373 | INFO     | Pendulum.PendulumAPP:_processSerialData:121 - 🔄 数据来源: 串口接收 -> PendulumState.physical_length
2025-09-02 14:32:39.419 | INFO     | Pendulum.PendulumAPP:_processSerialData:120 - 📏 串口长度数据已更新: L30.515709 -> physical_length=30.515709
2025-09-02 14:32:39.419 | INFO     | Pendulum.PendulumAPP:_processSerialData:121 - 🔄 数据来源: 串口接收 -> PendulumState.physical_length
2025-09-02 14:32:39.465 | INFO     | Pendulum.PendulumAPP:_processSerialData:120 - 📏 串口长度数据已更新: L30.515709 -> physical_length=30.515709
2025-09-02 14:32:39.466 | INFO     | Pendulum.PendulumAPP:_processSerialData:121 - 🔄 数据来源: 串口接收 -> PendulumState.physical_length
2025-09-02 14:32:39.513 | INFO     | Pendulum.PendulumAPP:_processSerialData:120 - 📏 串口长度数据已更新: L30.515709 -> physical_length=30.515709
2025-09-02 14:32:39.516 | INFO     | Pendulum.PendulumAPP:_processSerialData:121 - 🔄 数据来源: 串口接收 -> PendulumState.physical_length
2025-09-02 14:32:39.559 | INFO     | Pendulum.PendulumAPP:_processSerialData:120 - 📏 串口长度数据已更新: L30.515709 -> physical_length=30.515709
2025-09-02 14:32:39.559 | INFO     | Pendulum.PendulumAPP:_processSerialData:121 - 🔄 数据来源: 串口接收 -> PendulumState.physical_length
2025-09-02 14:32:39.606 | INFO     | Pendulum.PendulumAPP:_processSerialData:120 - 📏 串口长度数据已更新: L30.515709 -> physical_length=30.515709
2025-09-02 14:32:39.609 | INFO     | Pendulum.PendulumAPP:_processSerialData:121 - 🔄 数据来源: 串口接收 -> PendulumState.physical_length
2025-09-02 14:32:39.652 | INFO     | Pendulum.PendulumAPP:_processSerialData:120 - 📏 串口长度数据已更新: L30.515709 -> physical_length=30.515709
2025-09-02 14:32:39.653 | INFO     | Pendulum.PendulumAPP:_processSerialData:121 - 🔄 数据来源: 串口接收 -> PendulumState.physical_length
2025-09-02 14:32:39.698 | INFO     | Pendulum.PendulumAPP:_processSerialData:120 - 📏 串口长度数据已更新: L30.515709 -> physical_length=30.515709
2025-09-02 14:32:39.700 | INFO     | Pendulum.PendulumAPP:_processSerialData:121 - 🔄 数据来源: 串口接收 -> PendulumState.physical_length
2025-09-02 14:32:39.745 | INFO     | Pendulum.PendulumAPP:_processSerialData:120 - 📏 串口长度数据已更新: L30.515709 -> physical_length=30.515709
2025-09-02 14:32:39.746 | INFO     | Pendulum.PendulumAPP:_processSerialData:121 - 🔄 数据来源: 串口接收 -> PendulumState.physical_length
2025-09-02 14:32:39.793 | INFO     | Pendulum.PendulumAPP:_processSerialData:120 - 📏 串口长度数据已更新: L30.515709 -> physical_length=30.515709
2025-09-02 14:32:39.794 | INFO     | Pendulum.PendulumAPP:_processSerialData:121 - 🔄 数据来源: 串口接收 -> PendulumState.physical_length
2025-09-02 14:32:39.838 | INFO     | Pendulum.PendulumAPP:_processSerialData:120 - 📏 串口长度数据已更新: L30.515709 -> physical_length=30.515709
2025-09-02 14:32:39.839 | INFO     | Pendulum.PendulumAPP:_processSerialData:121 - 🔄 数据来源: 串口接收 -> PendulumState.physical_length
2025-09-02 14:32:39.885 | INFO     | Pendulum.PendulumAPP:_processSerialData:120 - 📏 串口长度数据已更新: L30.515709 -> physical_length=30.515709
2025-09-02 14:32:39.886 | INFO     | Pendulum.PendulumAPP:_processSerialData:121 - 🔄 数据来源: 串口接收 -> PendulumState.physical_length
2025-09-02 14:32:39.937 | INFO     | Pendulum.PendulumAPP:_keyEventWeb:243 - ↑
2025-09-02 14:32:39.939 | INFO     | Pendulum.SerialConncet:send:199 - sendm2
2025-09-02 14:32:39.941 | INFO     | Pendulum.SerialConncet:send:201 - [发送] m2
2025-09-02 14:32:39.948 | INFO     | Pendulum.PendulumAPP:_processSerialData:120 - 📏 串口长度数据已更新: L30.515709 -> physical_length=30.515709
2025-09-02 14:32:39.948 | INFO     | Pendulum.PendulumAPP:_processSerialData:121 - 🔄 数据来源: 串口接收 -> PendulumState.physical_length
2025-09-02 14:32:39.964 | INFO     | Pendulum.SerialConncet:_run:176 - [接收] L30.490185
2025-09-02 14:32:39.985 | INFO     | Pendulum.SerialConncet:_run:176 - [接收] L30.464666
2025-09-02 14:32:39.995 | INFO     | Pendulum.PendulumAPP:_processSerialData:120 - 📏 串口长度数据已更新: L30.464666 -> physical_length=30.464666
2025-09-02 14:32:39.996 | INFO     | Pendulum.PendulumAPP:_processSerialData:121 - 🔄 数据来源: 串口接收 -> PendulumState.physical_length
2025-09-02 14:32:40.005 | INFO     | Pendulum.SerialConncet:_run:176 - [接收] L30.439146
2025-09-02 14:32:40.027 | INFO     | Pendulum.SerialConncet:_run:176 - [接收] L30.413622
2025-09-02 14:32:40.042 | INFO     | Pendulum.PendulumAPP:_processSerialData:120 - 📏 串口长度数据已更新: L30.413622 -> physical_length=30.413622
2025-09-02 14:32:40.043 | INFO     | Pendulum.PendulumAPP:_processSerialData:121 - 🔄 数据来源: 串口接收 -> PendulumState.physical_length
2025-09-02 14:32:40.048 | INFO     | Pendulum.SerialConncet:_run:176 - [接收] L30.388102
2025-09-02 14:32:40.069 | INFO     | Pendulum.SerialConncet:_run:176 - [接收] L30.362583
2025-09-02 14:32:40.089 | INFO     | Pendulum.PendulumAPP:_processSerialData:120 - 📏 串口长度数据已更新: L30.362583 -> physical_length=30.362583
2025-09-02 14:32:40.090 | INFO     | Pendulum.PendulumAPP:_processSerialData:121 - 🔄 数据来源: 串口接收 -> PendulumState.physical_length
2025-09-02 14:32:40.092 | INFO     | Pendulum.SerialConncet:_run:176 - [接收] L30.337063
2025-09-02 14:32:40.110 | INFO     | Pendulum.SerialConncet:_run:176 - [接收] L30.311539
2025-09-02 14:32:40.131 | INFO     | Pendulum.SerialConncet:_run:176 - [接收] L30.286018
2025-09-02 14:32:40.137 | INFO     | Pendulum.PendulumAPP:_processSerialData:120 - 📏 串口长度数据已更新: L30.286018 -> physical_length=30.286018
2025-09-02 14:32:40.143 | INFO     | Pendulum.PendulumAPP:_processSerialData:121 - 🔄 数据来源: 串口接收 -> PendulumState.physical_length
2025-09-02 14:32:40.153 | INFO     | Pendulum.SerialConncet:_run:176 - [接收] L30.260500
2025-09-02 14:32:40.173 | INFO     | Pendulum.SerialConncet:_run:176 - [接收] L30.234976
2025-09-02 14:32:40.184 | INFO     | Pendulum.PendulumAPP:_processSerialData:120 - 📏 串口长度数据已更新: L30.234976 -> physical_length=30.234976
2025-09-02 14:32:40.184 | INFO     | Pendulum.PendulumAPP:_processSerialData:121 - 🔄 数据来源: 串口接收 -> PendulumState.physical_length
2025-09-02 14:32:40.194 | INFO     | Pendulum.SerialConncet:_run:176 - [接收] L30.209455
2025-09-02 14:32:40.217 | INFO     | Pendulum.SerialConncet:_run:176 - [接收] L30.183935
2025-09-02 14:32:40.229 | INFO     | Pendulum.PendulumAPP:_processSerialData:120 - 📏 串口长度数据已更新: L30.183935 -> physical_length=30.183935
2025-09-02 14:32:40.230 | INFO     | Pendulum.PendulumAPP:_processSerialData:121 - 🔄 数据来源: 串口接收 -> PendulumState.physical_length
2025-09-02 14:32:40.238 | INFO     | Pendulum.SerialConncet:_run:176 - [接收] L30.158413
2025-09-02 14:32:40.256 | INFO     | Pendulum.SerialConncet:_run:176 - [接收] L30.132893
2025-09-02 14:32:40.275 | INFO     | Pendulum.PendulumAPP:_processSerialData:120 - 📏 串口长度数据已更新: L30.132893 -> physical_length=30.132893
2025-09-02 14:32:40.277 | INFO     | Pendulum.PendulumAPP:_processSerialData:121 - 🔄 数据来源: 串口接收 -> PendulumState.physical_length
2025-09-02 14:32:40.280 | INFO     | Pendulum.SerialConncet:_run:176 - [接收] L30.107372
2025-09-02 14:32:40.300 | INFO     | Pendulum.SerialConncet:_run:176 - [接收] L30.081850
2025-09-02 14:32:40.320 | INFO     | Pendulum.SerialConncet:_run:176 - [接收] L30.056330
2025-09-02 14:32:40.322 | INFO     | Pendulum.PendulumAPP:_processSerialData:120 - 📏 串口长度数据已更新: L30.056330 -> physical_length=30.056330
2025-09-02 14:32:40.323 | INFO     | Pendulum.PendulumAPP:_processSerialData:121 - 🔄 数据来源: 串口接收 -> PendulumState.physical_length
2025-09-02 14:32:40.342 | INFO     | Pendulum.SerialConncet:_run:176 - [接收] L30.030809
2025-09-02 14:32:40.362 | INFO     | Pendulum.SerialConncet:_run:176 - [接收] L30.005287
2025-09-02 14:32:40.367 | INFO     | Pendulum.PendulumAPP:_processSerialData:120 - 📏 串口长度数据已更新: L30.005287 -> physical_length=30.005287
2025-09-02 14:32:40.367 | INFO     | Pendulum.PendulumAPP:_processSerialData:121 - 🔄 数据来源: 串口接收 -> PendulumState.physical_length
2025-09-02 14:32:40.382 | INFO     | Pendulum.SerialConncet:_run:176 - [接收] L29.979767
2025-09-02 14:32:40.403 | INFO     | Pendulum.SerialConncet:_run:176 - [接收] L29.954247
2025-09-02 14:32:40.414 | INFO     | Pendulum.PendulumAPP:_processSerialData:120 - 📏 串口长度数据已更新: L29.954247 -> physical_length=29.954247
2025-09-02 14:32:40.415 | INFO     | Pendulum.PendulumAPP:_processSerialData:121 - 🔄 数据来源: 串口接收 -> PendulumState.physical_length
2025-09-02 14:32:40.426 | INFO     | Pendulum.SerialConncet:_run:176 - [接收] L29.928722
2025-09-02 14:32:40.445 | INFO     | Pendulum.SerialConncet:_run:176 - [接收] L29.903204
2025-09-02 14:32:40.449 | INFO     | Pendulum.PendulumAPP:_keyEventWeb:249 - stop
2025-09-02 14:32:40.450 | INFO     | Pendulum.SerialConncet:send:199 - sendm0
2025-09-02 14:32:40.451 | INFO     | Pendulum.SerialConncet:send:201 - [发送] m0
2025-09-02 14:32:40.461 | INFO     | Pendulum.PendulumAPP:_processSerialData:120 - 📏 串口长度数据已更新: L29.903204 -> physical_length=29.903204
2025-09-02 14:32:40.463 | INFO     | Pendulum.PendulumAPP:_processSerialData:121 - 🔄 数据来源: 串口接收 -> PendulumState.physical_length
2025-09-02 14:32:40.466 | INFO     | Pendulum.SerialConncet:_run:176 - [接收] L29.877684
2025-09-02 14:32:40.507 | INFO     | Pendulum.PendulumAPP:_processSerialData:120 - 📏 串口长度数据已更新: L29.877684 -> physical_length=29.877684
2025-09-02 14:32:40.508 | INFO     | Pendulum.PendulumAPP:_processSerialData:121 - 🔄 数据来源: 串口接收 -> PendulumState.physical_length
2025-09-02 14:32:40.556 | INFO     | Pendulum.PendulumAPP:_processSerialData:120 - 📏 串口长度数据已更新: L29.877684 -> physical_length=29.877684
2025-09-02 14:32:40.557 | INFO     | Pendulum.PendulumAPP:_processSerialData:121 - 🔄 数据来源: 串口接收 -> PendulumState.physical_length
2025-09-02 14:32:40.602 | INFO     | Pendulum.PendulumAPP:_processSerialData:120 - 📏 串口长度数据已更新: L29.877684 -> physical_length=29.877684
2025-09-02 14:32:40.603 | INFO     | Pendulum.PendulumAPP:_processSerialData:121 - 🔄 数据来源: 串口接收 -> PendulumState.physical_length
2025-09-02 14:32:40.648 | INFO     | Pendulum.PendulumAPP:_processSerialData:120 - 📏 串口长度数据已更新: L29.877684 -> physical_length=29.877684
2025-09-02 14:32:40.649 | INFO     | Pendulum.PendulumAPP:_processSerialData:121 - 🔄 数据来源: 串口接收 -> PendulumState.physical_length
2025-09-02 14:32:40.695 | INFO     | Pendulum.PendulumAPP:_processSerialData:120 - 📏 串口长度数据已更新: L29.877684 -> physical_length=29.877684
2025-09-02 14:32:40.696 | INFO     | Pendulum.PendulumAPP:_processSerialData:121 - 🔄 数据来源: 串口接收 -> PendulumState.physical_length
2025-09-02 14:32:40.743 | INFO     | Pendulum.PendulumAPP:_processSerialData:120 - 📏 串口长度数据已更新: L29.877684 -> physical_length=29.877684
2025-09-02 14:32:40.744 | INFO     | Pendulum.PendulumAPP:_processSerialData:121 - 🔄 数据来源: 串口接收 -> PendulumState.physical_length
2025-09-02 14:32:40.791 | INFO     | Pendulum.PendulumAPP:_processSerialData:120 - 📏 串口长度数据已更新: L29.877684 -> physical_length=29.877684
2025-09-02 14:32:40.794 | INFO     | Pendulum.PendulumAPP:_processSerialData:121 - 🔄 数据来源: 串口接收 -> PendulumState.physical_length
2025-09-02 14:32:40.837 | INFO     | Pendulum.PendulumAPP:_processSerialData:120 - 📏 串口长度数据已更新: L29.877684 -> physical_length=29.877684
2025-09-02 14:32:40.838 | INFO     | Pendulum.PendulumAPP:_processSerialData:121 - 🔄 数据来源: 串口接收 -> PendulumState.physical_length
2025-09-02 14:32:40.883 | INFO     | Pendulum.PendulumAPP:_processSerialData:120 - 📏 串口长度数据已更新: L29.877684 -> physical_length=29.877684
2025-09-02 14:32:40.884 | INFO     | Pendulum.PendulumAPP:_processSerialData:121 - 🔄 数据来源: 串口接收 -> PendulumState.physical_length
2025-09-02 14:32:40.929 | INFO     | Pendulum.PendulumAPP:_processSerialData:120 - 📏 串口长度数据已更新: L29.877684 -> physical_length=29.877684
2025-09-02 14:32:40.930 | INFO     | Pendulum.PendulumAPP:_processSerialData:121 - 🔄 数据来源: 串口接收 -> PendulumState.physical_length
2025-09-02 14:32:40.975 | INFO     | Pendulum.PendulumAPP:_processSerialData:120 - 📏 串口长度数据已更新: L29.877684 -> physical_length=29.877684
2025-09-02 14:32:40.976 | INFO     | Pendulum.PendulumAPP:_processSerialData:121 - 🔄 数据来源: 串口接收 -> PendulumState.physical_length
2025-09-02 14:32:41.021 | INFO     | Pendulum.PendulumAPP:_processSerialData:120 - 📏 串口长度数据已更新: L29.877684 -> physical_length=29.877684
2025-09-02 14:32:41.022 | INFO     | Pendulum.PendulumAPP:_processSerialData:121 - 🔄 数据来源: 串口接收 -> PendulumState.physical_length
2025-09-02 14:32:41.068 | INFO     | Pendulum.PendulumAPP:_processSerialData:120 - 📏 串口长度数据已更新: L29.877684 -> physical_length=29.877684
2025-09-02 14:32:41.072 | INFO     | Pendulum.PendulumAPP:_processSerialData:121 - 🔄 数据来源: 串口接收 -> PendulumState.physical_length
2025-09-02 14:32:41.115 | INFO     | Pendulum.PendulumAPP:_processSerialData:120 - 📏 串口长度数据已更新: L29.877684 -> physical_length=29.877684
2025-09-02 14:32:41.116 | INFO     | Pendulum.PendulumAPP:_processSerialData:121 - 🔄 数据来源: 串口接收 -> PendulumState.physical_length
2025-09-02 14:32:41.162 | INFO     | Pendulum.PendulumAPP:_processSerialData:120 - 📏 串口长度数据已更新: L29.877684 -> physical_length=29.877684
2025-09-02 14:32:41.163 | INFO     | Pendulum.PendulumAPP:_processSerialData:121 - 🔄 数据来源: 串口接收 -> PendulumState.physical_length
2025-09-02 14:32:41.210 | INFO     | Pendulum.PendulumAPP:_processSerialData:120 - 📏 串口长度数据已更新: L29.877684 -> physical_length=29.877684
2025-09-02 14:32:41.211 | INFO     | Pendulum.PendulumAPP:_processSerialData:121 - 🔄 数据来源: 串口接收 -> PendulumState.physical_length
2025-09-02 14:32:41.255 | INFO     | Pendulum.PendulumAPP:_processSerialData:120 - 📏 串口长度数据已更新: L29.877684 -> physical_length=29.877684
2025-09-02 14:32:41.258 | INFO     | Pendulum.PendulumAPP:_processSerialData:121 - 🔄 数据来源: 串口接收 -> PendulumState.physical_length
2025-09-02 14:32:41.302 | INFO     | Pendulum.PendulumAPP:_processSerialData:120 - 📏 串口长度数据已更新: L29.877684 -> physical_length=29.877684
2025-09-02 14:32:41.303 | INFO     | Pendulum.PendulumAPP:_processSerialData:121 - 🔄 数据来源: 串口接收 -> PendulumState.physical_length
2025-09-02 14:32:41.347 | INFO     | Pendulum.PendulumAPP:_processSerialData:120 - 📏 串口长度数据已更新: L29.877684 -> physical_length=29.877684
2025-09-02 14:32:41.349 | INFO     | Pendulum.PendulumAPP:_processSerialData:121 - 🔄 数据来源: 串口接收 -> PendulumState.physical_length
2025-09-02 14:32:41.393 | INFO     | Pendulum.PendulumAPP:_processSerialData:120 - 📏 串口长度数据已更新: L29.877684 -> physical_length=29.877684
2025-09-02 14:32:41.394 | INFO     | Pendulum.PendulumAPP:_processSerialData:121 - 🔄 数据来源: 串口接收 -> PendulumState.physical_length
2025-09-02 14:32:41.439 | INFO     | Pendulum.PendulumAPP:_processSerialData:120 - 📏 串口长度数据已更新: L29.877684 -> physical_length=29.877684
2025-09-02 14:32:41.440 | INFO     | Pendulum.PendulumAPP:_processSerialData:121 - 🔄 数据来源: 串口接收 -> PendulumState.physical_length
2025-09-02 14:32:41.487 | INFO     | Pendulum.PendulumAPP:_processSerialData:120 - 📏 串口长度数据已更新: L29.877684 -> physical_length=29.877684
2025-09-02 14:32:41.488 | INFO     | Pendulum.PendulumAPP:_processSerialData:121 - 🔄 数据来源: 串口接收 -> PendulumState.physical_length
2025-09-02 14:32:41.532 | INFO     | Pendulum.PendulumAPP:_processSerialData:120 - 📏 串口长度数据已更新: L29.877684 -> physical_length=29.877684
2025-09-02 14:32:41.533 | INFO     | Pendulum.PendulumAPP:_processSerialData:121 - 🔄 数据来源: 串口接收 -> PendulumState.physical_length
2025-09-02 14:32:41.578 | INFO     | Pendulum.PendulumAPP:_processSerialData:120 - 📏 串口长度数据已更新: L29.877684 -> physical_length=29.877684
2025-09-02 14:32:41.581 | INFO     | Pendulum.PendulumAPP:_processSerialData:121 - 🔄 数据来源: 串口接收 -> PendulumState.physical_length
2025-09-02 14:32:41.625 | INFO     | Pendulum.PendulumAPP:_processSerialData:120 - 📏 串口长度数据已更新: L29.877684 -> physical_length=29.877684
2025-09-02 14:32:41.626 | INFO     | Pendulum.PendulumAPP:_processSerialData:121 - 🔄 数据来源: 串口接收 -> PendulumState.physical_length
2025-09-02 14:32:41.670 | INFO     | Pendulum.PendulumAPP:_processSerialData:120 - 📏 串口长度数据已更新: L29.877684 -> physical_length=29.877684
2025-09-02 14:32:41.672 | INFO     | Pendulum.PendulumAPP:_processSerialData:121 - 🔄 数据来源: 串口接收 -> PendulumState.physical_length
2025-09-02 14:32:41.716 | INFO     | Pendulum.PendulumAPP:_processSerialData:120 - 📏 串口长度数据已更新: L29.877684 -> physical_length=29.877684
2025-09-02 14:32:41.718 | INFO     | Pendulum.PendulumAPP:_processSerialData:121 - 🔄 数据来源: 串口接收 -> PendulumState.physical_length
2025-09-02 14:32:41.763 | INFO     | Pendulum.PendulumAPP:_processSerialData:120 - 📏 串口长度数据已更新: L29.877684 -> physical_length=29.877684
2025-09-02 14:32:41.764 | INFO     | Pendulum.PendulumAPP:_processSerialData:121 - 🔄 数据来源: 串口接收 -> PendulumState.physical_length
2025-09-02 14:32:41.809 | INFO     | Pendulum.PendulumAPP:_processSerialData:120 - 📏 串口长度数据已更新: L29.877684 -> physical_length=29.877684
2025-09-02 14:32:41.810 | INFO     | Pendulum.PendulumAPP:_processSerialData:121 - 🔄 数据来源: 串口接收 -> PendulumState.physical_length
2025-09-02 14:32:41.856 | INFO     | Pendulum.PendulumAPP:_processSerialData:120 - 📏 串口长度数据已更新: L29.877684 -> physical_length=29.877684
2025-09-02 14:32:41.856 | INFO     | Pendulum.PendulumAPP:_processSerialData:121 - 🔄 数据来源: 串口接收 -> PendulumState.physical_length
2025-09-02 14:32:41.902 | INFO     | Pendulum.PendulumAPP:_processSerialData:120 - 📏 串口长度数据已更新: L29.877684 -> physical_length=29.877684
2025-09-02 14:32:41.903 | INFO     | Pendulum.PendulumAPP:_processSerialData:121 - 🔄 数据来源: 串口接收 -> PendulumState.physical_length
2025-09-02 14:32:41.948 | INFO     | Pendulum.PendulumAPP:_processSerialData:120 - 📏 串口长度数据已更新: L29.877684 -> physical_length=29.877684
2025-09-02 14:32:41.949 | INFO     | Pendulum.PendulumAPP:_processSerialData:121 - 🔄 数据来源: 串口接收 -> PendulumState.physical_length
2025-09-02 14:32:41.995 | INFO     | Pendulum.PendulumAPP:_processSerialData:120 - 📏 串口长度数据已更新: L29.877684 -> physical_length=29.877684
2025-09-02 14:32:41.996 | INFO     | Pendulum.PendulumAPP:_processSerialData:121 - 🔄 数据来源: 串口接收 -> PendulumState.physical_length
2025-09-02 14:32:42.041 | INFO     | Pendulum.PendulumAPP:_processSerialData:120 - 📏 串口长度数据已更新: L29.877684 -> physical_length=29.877684
2025-09-02 14:32:42.043 | INFO     | Pendulum.PendulumAPP:_processSerialData:121 - 🔄 数据来源: 串口接收 -> PendulumState.physical_length
2025-09-02 14:32:42.089 | INFO     | Pendulum.PendulumAPP:_processSerialData:120 - 📏 串口长度数据已更新: L29.877684 -> physical_length=29.877684
2025-09-02 14:32:42.089 | INFO     | Pendulum.PendulumAPP:_processSerialData:121 - 🔄 数据来源: 串口接收 -> PendulumState.physical_length
2025-09-02 14:32:42.136 | INFO     | Pendulum.PendulumAPP:_processSerialData:120 - 📏 串口长度数据已更新: L29.877684 -> physical_length=29.877684
2025-09-02 14:32:42.136 | INFO     | Pendulum.PendulumAPP:_processSerialData:121 - 🔄 数据来源: 串口接收 -> PendulumState.physical_length
2025-09-02 14:32:42.182 | INFO     | Pendulum.PendulumAPP:_processSerialData:120 - 📏 串口长度数据已更新: L29.877684 -> physical_length=29.877684
2025-09-02 14:32:42.183 | INFO     | Pendulum.PendulumAPP:_processSerialData:121 - 🔄 数据来源: 串口接收 -> PendulumState.physical_length
2025-09-02 14:32:42.228 | INFO     | Pendulum.PendulumAPP:_processSerialData:120 - 📏 串口长度数据已更新: L29.877684 -> physical_length=29.877684
2025-09-02 14:32:42.229 | INFO     | Pendulum.PendulumAPP:_processSerialData:121 - 🔄 数据来源: 串口接收 -> PendulumState.physical_length
2025-09-02 14:32:42.276 | INFO     | Pendulum.PendulumAPP:_processSerialData:120 - 📏 串口长度数据已更新: L29.877684 -> physical_length=29.877684
2025-09-02 14:32:42.277 | INFO     | Pendulum.PendulumAPP:_processSerialData:121 - 🔄 数据来源: 串口接收 -> PendulumState.physical_length
2025-09-02 14:32:42.323 | INFO     | Pendulum.PendulumAPP:_processSerialData:120 - 📏 串口长度数据已更新: L29.877684 -> physical_length=29.877684
2025-09-02 14:32:42.324 | INFO     | Pendulum.PendulumAPP:_processSerialData:121 - 🔄 数据来源: 串口接收 -> PendulumState.physical_length
2025-09-02 14:32:42.368 | INFO     | Pendulum.PendulumAPP:_processSerialData:120 - 📏 串口长度数据已更新: L29.877684 -> physical_length=29.877684
2025-09-02 14:32:42.369 | INFO     | Pendulum.PendulumAPP:_processSerialData:121 - 🔄 数据来源: 串口接收 -> PendulumState.physical_length
2025-09-02 14:32:42.415 | INFO     | Pendulum.PendulumAPP:_processSerialData:120 - 📏 串口长度数据已更新: L29.877684 -> physical_length=29.877684
2025-09-02 14:32:42.416 | INFO     | Pendulum.PendulumAPP:_processSerialData:121 - 🔄 数据来源: 串口接收 -> PendulumState.physical_length
2025-09-02 14:32:42.462 | INFO     | Pendulum.PendulumAPP:_processSerialData:120 - 📏 串口长度数据已更新: L29.877684 -> physical_length=29.877684
2025-09-02 14:32:42.462 | INFO     | Pendulum.PendulumAPP:_processSerialData:121 - 🔄 数据来源: 串口接收 -> PendulumState.physical_length
2025-09-02 14:32:42.508 | INFO     | Pendulum.PendulumAPP:_processSerialData:120 - 📏 串口长度数据已更新: L29.877684 -> physical_length=29.877684
2025-09-02 14:32:42.510 | INFO     | Pendulum.PendulumAPP:_processSerialData:121 - 🔄 数据来源: 串口接收 -> PendulumState.physical_length
2025-09-02 14:32:42.554 | INFO     | Pendulum.PendulumAPP:_processSerialData:120 - 📏 串口长度数据已更新: L29.877684 -> physical_length=29.877684
2025-09-02 14:32:42.555 | INFO     | Pendulum.PendulumAPP:_processSerialData:121 - 🔄 数据来源: 串口接收 -> PendulumState.physical_length
2025-09-02 14:32:42.591 | INFO     | Pendulum.PendulumAPP:_keyEventWeb:246 - ↓
2025-09-02 14:32:42.595 | INFO     | Pendulum.SerialConncet:send:199 - sendm1
2025-09-02 14:32:42.597 | INFO     | Pendulum.SerialConncet:send:201 - [发送] m1
2025-09-02 14:32:42.615 | INFO     | Pendulum.PendulumAPP:_processSerialData:120 - 📏 串口长度数据已更新: L29.877684 -> physical_length=29.877684
2025-09-02 14:32:42.616 | INFO     | Pendulum.PendulumAPP:_processSerialData:121 - 🔄 数据来源: 串口接收 -> PendulumState.physical_length
2025-09-02 14:32:42.619 | INFO     | Pendulum.SerialConncet:_run:176 - [接收] L29.903204
2025-09-02 14:32:42.641 | INFO     | Pendulum.SerialConncet:_run:176 - [接收] L29.928722
2025-09-02 14:32:42.661 | INFO     | Pendulum.PendulumAPP:_processSerialData:120 - 📏 串口长度数据已更新: L29.928722 -> physical_length=29.928722
2025-09-02 14:32:42.662 | INFO     | Pendulum.PendulumAPP:_processSerialData:121 - 🔄 数据来源: 串口接收 -> PendulumState.physical_length
2025-09-02 14:32:42.664 | INFO     | Pendulum.SerialConncet:_run:176 - [接收] L29.954247
2025-09-02 14:32:42.682 | INFO     | Pendulum.SerialConncet:_run:176 - [接收] L29.979767
2025-09-02 14:32:42.703 | INFO     | Pendulum.SerialConncet:_run:176 - [接收] L30.005287
2025-09-02 14:32:42.709 | INFO     | Pendulum.PendulumAPP:_processSerialData:120 - 📏 串口长度数据已更新: L30.005287 -> physical_length=30.005287
2025-09-02 14:32:42.710 | INFO     | Pendulum.PendulumAPP:_processSerialData:121 - 🔄 数据来源: 串口接收 -> PendulumState.physical_length
2025-09-02 14:32:42.723 | INFO     | Pendulum.SerialConncet:_run:176 - [接收] L30.030809
2025-09-02 14:32:42.747 | INFO     | Pendulum.SerialConncet:_run:176 - [接收] L30.056330
2025-09-02 14:32:42.757 | INFO     | Pendulum.PendulumAPP:_processSerialData:120 - 📏 串口长度数据已更新: L30.056330 -> physical_length=30.056330
2025-09-02 14:32:42.758 | INFO     | Pendulum.PendulumAPP:_processSerialData:121 - 🔄 数据来源: 串口接收 -> PendulumState.physical_length
2025-09-02 14:32:42.766 | INFO     | Pendulum.SerialConncet:_run:176 - [接收] L30.081850
2025-09-02 14:32:42.787 | INFO     | Pendulum.SerialConncet:_run:176 - [接收] L30.107372
2025-09-02 14:32:42.790 | INFO     | Pendulum.PendulumAPP:_keyEventWeb:249 - stop
2025-09-02 14:32:42.791 | INFO     | Pendulum.SerialConncet:send:199 - sendm0
2025-09-02 14:32:42.793 | INFO     | Pendulum.SerialConncet:send:201 - [发送] m0
2025-09-02 14:32:42.805 | INFO     | Pendulum.PendulumAPP:_processSerialData:120 - 📏 串口长度数据已更新: L30.107372 -> physical_length=30.107372
2025-09-02 14:32:42.806 | INFO     | Pendulum.PendulumAPP:_processSerialData:121 - 🔄 数据来源: 串口接收 -> PendulumState.physical_length
2025-09-02 14:32:42.808 | INFO     | Pendulum.SerialConncet:_run:176 - [接收] L30.132893
2025-09-02 14:32:42.851 | INFO     | Pendulum.PendulumAPP:_processSerialData:120 - 📏 串口长度数据已更新: L30.132893 -> physical_length=30.132893
2025-09-02 14:32:42.852 | INFO     | Pendulum.PendulumAPP:_processSerialData:121 - 🔄 数据来源: 串口接收 -> PendulumState.physical_length
2025-09-02 14:32:42.897 | INFO     | Pendulum.PendulumAPP:_processSerialData:120 - 📏 串口长度数据已更新: L30.132893 -> physical_length=30.132893
2025-09-02 14:32:42.899 | INFO     | Pendulum.PendulumAPP:_processSerialData:121 - 🔄 数据来源: 串口接收 -> PendulumState.physical_length
2025-09-02 14:32:42.946 | INFO     | Pendulum.PendulumAPP:_processSerialData:120 - 📏 串口长度数据已更新: L30.132893 -> physical_length=30.132893
2025-09-02 14:32:42.947 | INFO     | Pendulum.PendulumAPP:_processSerialData:121 - 🔄 数据来源: 串口接收 -> PendulumState.physical_length
2025-09-02 14:32:42.992 | INFO     | Pendulum.PendulumAPP:_processSerialData:120 - 📏 串口长度数据已更新: L30.132893 -> physical_length=30.132893
2025-09-02 14:32:42.993 | INFO     | Pendulum.PendulumAPP:_processSerialData:121 - 🔄 数据来源: 串口接收 -> PendulumState.physical_length
2025-09-02 14:32:43.037 | INFO     | Pendulum.PendulumAPP:_processSerialData:120 - 📏 串口长度数据已更新: L30.132893 -> physical_length=30.132893
2025-09-02 14:32:43.037 | INFO     | Pendulum.PendulumAPP:_processSerialData:121 - 🔄 数据来源: 串口接收 -> PendulumState.physical_length
2025-09-02 14:32:43.084 | INFO     | Pendulum.PendulumAPP:_processSerialData:120 - 📏 串口长度数据已更新: L30.132893 -> physical_length=30.132893
2025-09-02 14:32:43.085 | INFO     | Pendulum.PendulumAPP:_processSerialData:121 - 🔄 数据来源: 串口接收 -> PendulumState.physical_length
2025-09-02 14:32:43.130 | INFO     | Pendulum.PendulumAPP:_processSerialData:120 - 📏 串口长度数据已更新: L30.132893 -> physical_length=30.132893
2025-09-02 14:32:43.130 | INFO     | Pendulum.PendulumAPP:_processSerialData:121 - 🔄 数据来源: 串口接收 -> PendulumState.physical_length
2025-09-02 14:32:43.179 | INFO     | Pendulum.PendulumAPP:_processSerialData:120 - 📏 串口长度数据已更新: L30.132893 -> physical_length=30.132893
2025-09-02 14:32:43.180 | INFO     | Pendulum.PendulumAPP:_processSerialData:121 - 🔄 数据来源: 串口接收 -> PendulumState.physical_length
2025-09-02 14:32:43.224 | INFO     | Pendulum.PendulumAPP:_processSerialData:120 - 📏 串口长度数据已更新: L30.132893 -> physical_length=30.132893
2025-09-02 14:32:43.225 | INFO     | Pendulum.PendulumAPP:_processSerialData:121 - 🔄 数据来源: 串口接收 -> PendulumState.physical_length
2025-09-02 14:32:43.271 | INFO     | Pendulum.PendulumAPP:_processSerialData:120 - 📏 串口长度数据已更新: L30.132893 -> physical_length=30.132893
2025-09-02 14:32:43.273 | INFO     | Pendulum.PendulumAPP:_processSerialData:121 - 🔄 数据来源: 串口接收 -> PendulumState.physical_length
2025-09-02 14:32:43.317 | INFO     | Pendulum.PendulumAPP:_processSerialData:120 - 📏 串口长度数据已更新: L30.132893 -> physical_length=30.132893
2025-09-02 14:32:43.319 | INFO     | Pendulum.PendulumAPP:_processSerialData:121 - 🔄 数据来源: 串口接收 -> PendulumState.physical_length
2025-09-02 14:32:43.362 | INFO     | Pendulum.PendulumAPP:_processSerialData:120 - 📏 串口长度数据已更新: L30.132893 -> physical_length=30.132893
2025-09-02 14:32:43.365 | INFO     | Pendulum.PendulumAPP:_processSerialData:121 - 🔄 数据来源: 串口接收 -> PendulumState.physical_length
2025-09-02 14:32:43.409 | INFO     | Pendulum.PendulumAPP:_processSerialData:120 - 📏 串口长度数据已更新: L30.132893 -> physical_length=30.132893
2025-09-02 14:32:43.410 | INFO     | Pendulum.PendulumAPP:_processSerialData:121 - 🔄 数据来源: 串口接收 -> PendulumState.physical_length
2025-09-02 14:32:43.455 | INFO     | Pendulum.PendulumAPP:_processSerialData:120 - 📏 串口长度数据已更新: L30.132893 -> physical_length=30.132893
2025-09-02 14:32:43.456 | INFO     | Pendulum.PendulumAPP:_processSerialData:121 - 🔄 数据来源: 串口接收 -> PendulumState.physical_length
2025-09-02 14:32:43.501 | INFO     | Pendulum.PendulumAPP:_processSerialData:120 - 📏 串口长度数据已更新: L30.132893 -> physical_length=30.132893
2025-09-02 14:32:43.502 | INFO     | Pendulum.PendulumAPP:_processSerialData:121 - 🔄 数据来源: 串口接收 -> PendulumState.physical_length
2025-09-02 14:32:43.547 | INFO     | Pendulum.PendulumAPP:_processSerialData:120 - 📏 串口长度数据已更新: L30.132893 -> physical_length=30.132893
2025-09-02 14:32:43.548 | INFO     | Pendulum.PendulumAPP:_processSerialData:121 - 🔄 数据来源: 串口接收 -> PendulumState.physical_length
2025-09-02 14:32:43.593 | INFO     | Pendulum.PendulumAPP:_processSerialData:120 - 📏 串口长度数据已更新: L30.132893 -> physical_length=30.132893
2025-09-02 14:32:43.596 | INFO     | Pendulum.PendulumAPP:_processSerialData:121 - 🔄 数据来源: 串口接收 -> PendulumState.physical_length
2025-09-02 14:32:43.638 | INFO     | Pendulum.PendulumAPP:_processSerialData:120 - 📏 串口长度数据已更新: L30.132893 -> physical_length=30.132893
2025-09-02 14:32:43.639 | INFO     | Pendulum.PendulumAPP:_processSerialData:121 - 🔄 数据来源: 串口接收 -> PendulumState.physical_length
2025-09-02 14:32:43.683 | INFO     | Pendulum.PendulumAPP:_processSerialData:120 - 📏 串口长度数据已更新: L30.132893 -> physical_length=30.132893
2025-09-02 14:32:43.686 | INFO     | Pendulum.PendulumAPP:_processSerialData:121 - 🔄 数据来源: 串口接收 -> PendulumState.physical_length
2025-09-02 14:32:43.730 | INFO     | Pendulum.PendulumAPP:_processSerialData:120 - 📏 串口长度数据已更新: L30.132893 -> physical_length=30.132893
2025-09-02 14:32:43.731 | INFO     | Pendulum.PendulumAPP:_processSerialData:121 - 🔄 数据来源: 串口接收 -> PendulumState.physical_length
2025-09-02 14:32:43.777 | INFO     | Pendulum.PendulumAPP:_processSerialData:120 - 📏 串口长度数据已更新: L30.132893 -> physical_length=30.132893
2025-09-02 14:32:43.777 | INFO     | Pendulum.PendulumAPP:_processSerialData:121 - 🔄 数据来源: 串口接收 -> PendulumState.physical_length
2025-09-02 14:32:43.824 | INFO     | Pendulum.PendulumAPP:_processSerialData:120 - 📏 串口长度数据已更新: L30.132893 -> physical_length=30.132893
2025-09-02 14:32:43.826 | INFO     | Pendulum.PendulumAPP:_processSerialData:121 - 🔄 数据来源: 串口接收 -> PendulumState.physical_length
2025-09-02 14:32:43.870 | INFO     | Pendulum.PendulumAPP:_processSerialData:120 - 📏 串口长度数据已更新: L30.132893 -> physical_length=30.132893
2025-09-02 14:32:43.871 | INFO     | Pendulum.PendulumAPP:_processSerialData:121 - 🔄 数据来源: 串口接收 -> PendulumState.physical_length
2025-09-02 14:32:43.917 | INFO     | Pendulum.PendulumAPP:_processSerialData:120 - 📏 串口长度数据已更新: L30.132893 -> physical_length=30.132893
2025-09-02 14:32:43.918 | INFO     | Pendulum.PendulumAPP:_processSerialData:121 - 🔄 数据来源: 串口接收 -> PendulumState.physical_length
2025-09-02 14:32:43.963 | INFO     | Pendulum.PendulumAPP:_processSerialData:120 - 📏 串口长度数据已更新: L30.132893 -> physical_length=30.132893
2025-09-02 14:32:43.963 | INFO     | Pendulum.PendulumAPP:_processSerialData:121 - 🔄 数据来源: 串口接收 -> PendulumState.physical_length
2025-09-02 14:32:44.011 | INFO     | Pendulum.PendulumAPP:_processSerialData:120 - 📏 串口长度数据已更新: L30.132893 -> physical_length=30.132893
2025-09-02 14:32:44.011 | INFO     | Pendulum.PendulumAPP:_processSerialData:121 - 🔄 数据来源: 串口接收 -> PendulumState.physical_length
2025-09-02 14:32:44.057 | INFO     | Pendulum.PendulumAPP:_processSerialData:120 - 📏 串口长度数据已更新: L30.132893 -> physical_length=30.132893
2025-09-02 14:32:44.058 | INFO     | Pendulum.PendulumAPP:_processSerialData:121 - 🔄 数据来源: 串口接收 -> PendulumState.physical_length
2025-09-02 14:32:44.107 | INFO     | Pendulum.PendulumAPP:_processSerialData:120 - 📏 串口长度数据已更新: L30.132893 -> physical_length=30.132893
2025-09-02 14:32:44.107 | INFO     | Pendulum.PendulumAPP:_processSerialData:121 - 🔄 数据来源: 串口接收 -> PendulumState.physical_length
2025-09-02 14:32:44.151 | INFO     | Pendulum.PendulumAPP:_processSerialData:120 - 📏 串口长度数据已更新: L30.132893 -> physical_length=30.132893
2025-09-02 14:32:44.153 | INFO     | Pendulum.PendulumAPP:_processSerialData:121 - 🔄 数据来源: 串口接收 -> PendulumState.physical_length
2025-09-02 14:32:44.197 | INFO     | Pendulum.PendulumAPP:_processSerialData:120 - 📏 串口长度数据已更新: L30.132893 -> physical_length=30.132893
2025-09-02 14:32:44.198 | INFO     | Pendulum.PendulumAPP:_processSerialData:121 - 🔄 数据来源: 串口接收 -> PendulumState.physical_length
2025-09-02 14:32:44.243 | INFO     | Pendulum.PendulumAPP:_processSerialData:120 - 📏 串口长度数据已更新: L30.132893 -> physical_length=30.132893
2025-09-02 14:32:44.244 | INFO     | Pendulum.PendulumAPP:_processSerialData:121 - 🔄 数据来源: 串口接收 -> PendulumState.physical_length
2025-09-02 14:32:44.290 | INFO     | Pendulum.PendulumAPP:_processSerialData:120 - 📏 串口长度数据已更新: L30.132893 -> physical_length=30.132893
2025-09-02 14:32:44.290 | INFO     | Pendulum.PendulumAPP:_processSerialData:121 - 🔄 数据来源: 串口接收 -> PendulumState.physical_length
2025-09-02 14:32:44.337 | INFO     | Pendulum.PendulumAPP:_processSerialData:120 - 📏 串口长度数据已更新: L30.132893 -> physical_length=30.132893
2025-09-02 14:32:44.338 | INFO     | Pendulum.PendulumAPP:_processSerialData:121 - 🔄 数据来源: 串口接收 -> PendulumState.physical_length
2025-09-02 14:32:44.383 | INFO     | Pendulum.PendulumAPP:_processSerialData:120 - 📏 串口长度数据已更新: L30.132893 -> physical_length=30.132893
2025-09-02 14:32:44.384 | INFO     | Pendulum.PendulumAPP:_processSerialData:121 - 🔄 数据来源: 串口接收 -> PendulumState.physical_length
2025-09-02 14:32:44.429 | INFO     | Pendulum.PendulumAPP:_processSerialData:120 - 📏 串口长度数据已更新: L30.132893 -> physical_length=30.132893
2025-09-02 14:32:44.429 | INFO     | Pendulum.PendulumAPP:_processSerialData:121 - 🔄 数据来源: 串口接收 -> PendulumState.physical_length
2025-09-02 14:32:44.476 | INFO     | Pendulum.PendulumAPP:_processSerialData:120 - 📏 串口长度数据已更新: L30.132893 -> physical_length=30.132893
2025-09-02 14:32:44.477 | INFO     | Pendulum.PendulumAPP:_processSerialData:121 - 🔄 数据来源: 串口接收 -> PendulumState.physical_length
2025-09-02 14:32:44.522 | INFO     | Pendulum.PendulumAPP:_processSerialData:120 - 📏 串口长度数据已更新: L30.132893 -> physical_length=30.132893
2025-09-02 14:32:44.524 | INFO     | Pendulum.PendulumAPP:_processSerialData:121 - 🔄 数据来源: 串口接收 -> PendulumState.physical_length
2025-09-02 14:32:44.567 | INFO     | Pendulum.PendulumAPP:_processSerialData:120 - 📏 串口长度数据已更新: L30.132893 -> physical_length=30.132893
2025-09-02 14:32:44.568 | INFO     | Pendulum.PendulumAPP:_processSerialData:121 - 🔄 数据来源: 串口接收 -> PendulumState.physical_length
2025-09-02 14:32:44.613 | INFO     | Pendulum.PendulumAPP:_processSerialData:120 - 📏 串口长度数据已更新: L30.132893 -> physical_length=30.132893
2025-09-02 14:32:44.616 | INFO     | Pendulum.PendulumAPP:_processSerialData:121 - 🔄 数据来源: 串口接收 -> PendulumState.physical_length
2025-09-02 14:32:44.660 | INFO     | Pendulum.PendulumAPP:_processSerialData:120 - 📏 串口长度数据已更新: L30.132893 -> physical_length=30.132893
2025-09-02 14:32:44.661 | INFO     | Pendulum.PendulumAPP:_processSerialData:121 - 🔄 数据来源: 串口接收 -> PendulumState.physical_length
2025-09-02 14:32:44.707 | INFO     | Pendulum.PendulumAPP:_processSerialData:120 - 📏 串口长度数据已更新: L30.132893 -> physical_length=30.132893
2025-09-02 14:32:44.708 | INFO     | Pendulum.PendulumAPP:_processSerialData:121 - 🔄 数据来源: 串口接收 -> PendulumState.physical_length
2025-09-02 14:32:44.754 | INFO     | Pendulum.PendulumAPP:_processSerialData:120 - 📏 串口长度数据已更新: L30.132893 -> physical_length=30.132893
2025-09-02 14:32:44.757 | INFO     | Pendulum.PendulumAPP:_processSerialData:121 - 🔄 数据来源: 串口接收 -> PendulumState.physical_length
2025-09-02 14:32:44.800 | INFO     | Pendulum.PendulumAPP:_processSerialData:120 - 📏 串口长度数据已更新: L30.132893 -> physical_length=30.132893
2025-09-02 14:32:44.801 | INFO     | Pendulum.PendulumAPP:_processSerialData:121 - 🔄 数据来源: 串口接收 -> PendulumState.physical_length
2025-09-02 14:32:44.846 | INFO     | Pendulum.PendulumAPP:_processSerialData:120 - 📏 串口长度数据已更新: L30.132893 -> physical_length=30.132893
2025-09-02 14:32:44.847 | INFO     | Pendulum.PendulumAPP:_processSerialData:121 - 🔄 数据来源: 串口接收 -> PendulumState.physical_length
2025-09-02 14:32:44.893 | INFO     | Pendulum.PendulumAPP:_processSerialData:120 - 📏 串口长度数据已更新: L30.132893 -> physical_length=30.132893
2025-09-02 14:32:44.894 | INFO     | Pendulum.PendulumAPP:_processSerialData:121 - 🔄 数据来源: 串口接收 -> PendulumState.physical_length
2025-09-02 14:32:44.938 | INFO     | Pendulum.PendulumAPP:_processSerialData:120 - 📏 串口长度数据已更新: L30.132893 -> physical_length=30.132893
2025-09-02 14:32:44.940 | INFO     | Pendulum.PendulumAPP:_processSerialData:121 - 🔄 数据来源: 串口接收 -> PendulumState.physical_length
2025-09-02 14:32:44.986 | INFO     | Pendulum.PendulumAPP:_processSerialData:120 - 📏 串口长度数据已更新: L30.132893 -> physical_length=30.132893
2025-09-02 14:32:44.987 | INFO     | Pendulum.PendulumAPP:_processSerialData:121 - 🔄 数据来源: 串口接收 -> PendulumState.physical_length
2025-09-02 14:32:45.032 | INFO     | Pendulum.PendulumAPP:_processSerialData:120 - 📏 串口长度数据已更新: L30.132893 -> physical_length=30.132893
2025-09-02 14:32:45.033 | INFO     | Pendulum.PendulumAPP:_processSerialData:121 - 🔄 数据来源: 串口接收 -> PendulumState.physical_length
2025-09-02 14:32:45.077 | INFO     | Pendulum.PendulumAPP:_processSerialData:120 - 📏 串口长度数据已更新: L30.132893 -> physical_length=30.132893
2025-09-02 14:32:45.078 | INFO     | Pendulum.PendulumAPP:_processSerialData:121 - 🔄 数据来源: 串口接收 -> PendulumState.physical_length
2025-09-02 14:32:45.124 | INFO     | Pendulum.PendulumAPP:_processSerialData:120 - 📏 串口长度数据已更新: L30.132893 -> physical_length=30.132893
2025-09-02 14:32:45.125 | INFO     | Pendulum.PendulumAPP:_processSerialData:121 - 🔄 数据来源: 串口接收 -> PendulumState.physical_length
2025-09-02 14:32:45.170 | INFO     | Pendulum.PendulumAPP:_processSerialData:120 - 📏 串口长度数据已更新: L30.132893 -> physical_length=30.132893
2025-09-02 14:32:45.171 | INFO     | Pendulum.PendulumAPP:_processSerialData:121 - 🔄 数据来源: 串口接收 -> PendulumState.physical_length
2025-09-02 14:32:45.216 | INFO     | Pendulum.PendulumAPP:_processSerialData:120 - 📏 串口长度数据已更新: L30.132893 -> physical_length=30.132893
2025-09-02 14:32:45.217 | INFO     | Pendulum.PendulumAPP:_processSerialData:121 - 🔄 数据来源: 串口接收 -> PendulumState.physical_length
2025-09-02 14:32:45.263 | INFO     | Pendulum.PendulumAPP:_processSerialData:120 - 📏 串口长度数据已更新: L30.132893 -> physical_length=30.132893
2025-09-02 14:32:45.264 | INFO     | Pendulum.PendulumAPP:_processSerialData:121 - 🔄 数据来源: 串口接收 -> PendulumState.physical_length
2025-09-02 14:32:45.309 | INFO     | Pendulum.PendulumAPP:_processSerialData:120 - 📏 串口长度数据已更新: L30.132893 -> physical_length=30.132893
2025-09-02 14:32:45.310 | INFO     | Pendulum.PendulumAPP:_processSerialData:121 - 🔄 数据来源: 串口接收 -> PendulumState.physical_length
2025-09-02 14:32:45.357 | INFO     | Pendulum.PendulumAPP:_processSerialData:120 - 📏 串口长度数据已更新: L30.132893 -> physical_length=30.132893
2025-09-02 14:32:45.358 | INFO     | Pendulum.PendulumAPP:_processSerialData:121 - 🔄 数据来源: 串口接收 -> PendulumState.physical_length
2025-09-02 14:32:45.403 | INFO     | Pendulum.PendulumAPP:_processSerialData:120 - 📏 串口长度数据已更新: L30.132893 -> physical_length=30.132893
2025-09-02 14:32:45.405 | INFO     | Pendulum.PendulumAPP:_processSerialData:121 - 🔄 数据来源: 串口接收 -> PendulumState.physical_length
2025-09-02 14:32:45.449 | INFO     | Pendulum.PendulumAPP:_processSerialData:120 - 📏 串口长度数据已更新: L30.132893 -> physical_length=30.132893
2025-09-02 14:32:45.450 | INFO     | Pendulum.PendulumAPP:_processSerialData:121 - 🔄 数据来源: 串口接收 -> PendulumState.physical_length
2025-09-02 14:32:45.495 | INFO     | Pendulum.PendulumAPP:_processSerialData:120 - 📏 串口长度数据已更新: L30.132893 -> physical_length=30.132893
2025-09-02 14:32:45.497 | INFO     | Pendulum.PendulumAPP:_processSerialData:121 - 🔄 数据来源: 串口接收 -> PendulumState.physical_length
2025-09-02 14:32:45.541 | INFO     | Pendulum.PendulumAPP:_processSerialData:120 - 📏 串口长度数据已更新: L30.132893 -> physical_length=30.132893
2025-09-02 14:32:45.544 | INFO     | Pendulum.PendulumAPP:_processSerialData:121 - 🔄 数据来源: 串口接收 -> PendulumState.physical_length
2025-09-02 14:32:45.589 | INFO     | Pendulum.PendulumAPP:_processSerialData:120 - 📏 串口长度数据已更新: L30.132893 -> physical_length=30.132893
2025-09-02 14:32:45.590 | INFO     | Pendulum.PendulumAPP:_processSerialData:121 - 🔄 数据来源: 串口接收 -> PendulumState.physical_length
2025-09-02 14:32:45.636 | INFO     | Pendulum.PendulumAPP:_processSerialData:120 - 📏 串口长度数据已更新: L30.132893 -> physical_length=30.132893
2025-09-02 14:32:45.637 | INFO     | Pendulum.PendulumAPP:_processSerialData:121 - 🔄 数据来源: 串口接收 -> PendulumState.physical_length
2025-09-02 14:32:45.682 | INFO     | Pendulum.PendulumAPP:_processSerialData:120 - 📏 串口长度数据已更新: L30.132893 -> physical_length=30.132893
2025-09-02 14:32:45.683 | INFO     | Pendulum.PendulumAPP:_processSerialData:121 - 🔄 数据来源: 串口接收 -> PendulumState.physical_length
2025-09-02 14:32:45.729 | INFO     | Pendulum.PendulumAPP:_processSerialData:120 - 📏 串口长度数据已更新: L30.132893 -> physical_length=30.132893
2025-09-02 14:32:45.729 | INFO     | Pendulum.PendulumAPP:_processSerialData:121 - 🔄 数据来源: 串口接收 -> PendulumState.physical_length
2025-09-02 14:32:45.777 | INFO     | Pendulum.PendulumAPP:_processSerialData:120 - 📏 串口长度数据已更新: L30.132893 -> physical_length=30.132893
2025-09-02 14:32:45.777 | INFO     | Pendulum.PendulumAPP:_processSerialData:121 - 🔄 数据来源: 串口接收 -> PendulumState.physical_length
2025-09-02 14:32:45.828 | INFO     | Pendulum.PendulumAPP:_processSerialData:120 - 📏 串口长度数据已更新: L30.132893 -> physical_length=30.132893
2025-09-02 14:32:45.830 | INFO     | Pendulum.PendulumAPP:_processSerialData:121 - 🔄 数据来源: 串口接收 -> PendulumState.physical_length
2025-09-02 14:32:45.871 | INFO     | Pendulum.PendulumAPP:_processSerialData:120 - 📏 串口长度数据已更新: L30.132893 -> physical_length=30.132893
2025-09-02 14:32:45.872 | INFO     | Pendulum.PendulumAPP:_processSerialData:121 - 🔄 数据来源: 串口接收 -> PendulumState.physical_length
2025-09-02 14:32:45.916 | INFO     | Pendulum.PendulumAPP:_processSerialData:120 - 📏 串口长度数据已更新: L30.132893 -> physical_length=30.132893
2025-09-02 14:32:45.917 | INFO     | Pendulum.PendulumAPP:_processSerialData:121 - 🔄 数据来源: 串口接收 -> PendulumState.physical_length
2025-09-02 14:32:45.963 | INFO     | Pendulum.PendulumAPP:_processSerialData:120 - 📏 串口长度数据已更新: L30.132893 -> physical_length=30.132893
2025-09-02 14:32:45.964 | INFO     | Pendulum.PendulumAPP:_processSerialData:121 - 🔄 数据来源: 串口接收 -> PendulumState.physical_length
2025-09-02 14:32:46.011 | INFO     | Pendulum.PendulumAPP:_processSerialData:120 - 📏 串口长度数据已更新: L30.132893 -> physical_length=30.132893
2025-09-02 14:32:46.013 | INFO     | Pendulum.PendulumAPP:_processSerialData:121 - 🔄 数据来源: 串口接收 -> PendulumState.physical_length
2025-09-02 14:32:46.058 | INFO     | Pendulum.PendulumAPP:_processSerialData:120 - 📏 串口长度数据已更新: L30.132893 -> physical_length=30.132893
2025-09-02 14:32:46.060 | INFO     | Pendulum.PendulumAPP:_processSerialData:121 - 🔄 数据来源: 串口接收 -> PendulumState.physical_length
2025-09-02 14:32:46.105 | INFO     | Pendulum.PendulumAPP:_processSerialData:120 - 📏 串口长度数据已更新: L30.132893 -> physical_length=30.132893
2025-09-02 14:32:46.105 | INFO     | Pendulum.PendulumAPP:_processSerialData:121 - 🔄 数据来源: 串口接收 -> PendulumState.physical_length
2025-09-02 14:32:46.150 | INFO     | Pendulum.PendulumAPP:_processSerialData:120 - 📏 串口长度数据已更新: L30.132893 -> physical_length=30.132893
2025-09-02 14:32:46.151 | INFO     | Pendulum.PendulumAPP:_processSerialData:121 - 🔄 数据来源: 串口接收 -> PendulumState.physical_length
2025-09-02 14:32:46.197 | INFO     | Pendulum.PendulumAPP:_processSerialData:120 - 📏 串口长度数据已更新: L30.132893 -> physical_length=30.132893
2025-09-02 14:32:46.198 | INFO     | Pendulum.PendulumAPP:_processSerialData:121 - 🔄 数据来源: 串口接收 -> PendulumState.physical_length
2025-09-02 14:32:46.242 | INFO     | Pendulum.PendulumAPP:_processSerialData:120 - 📏 串口长度数据已更新: L30.132893 -> physical_length=30.132893
2025-09-02 14:32:46.244 | INFO     | Pendulum.PendulumAPP:_processSerialData:121 - 🔄 数据来源: 串口接收 -> PendulumState.physical_length
2025-09-02 14:32:46.289 | INFO     | Pendulum.PendulumAPP:_processSerialData:120 - 📏 串口长度数据已更新: L30.132893 -> physical_length=30.132893
2025-09-02 14:32:46.290 | INFO     | Pendulum.PendulumAPP:_processSerialData:121 - 🔄 数据来源: 串口接收 -> PendulumState.physical_length
2025-09-02 14:32:46.336 | INFO     | Pendulum.PendulumAPP:_processSerialData:120 - 📏 串口长度数据已更新: L30.132893 -> physical_length=30.132893
2025-09-02 14:32:46.336 | INFO     | Pendulum.PendulumAPP:_processSerialData:121 - 🔄 数据来源: 串口接收 -> PendulumState.physical_length
2025-09-02 14:32:46.382 | INFO     | Pendulum.PendulumAPP:_processSerialData:120 - 📏 串口长度数据已更新: L30.132893 -> physical_length=30.132893
2025-09-02 14:32:46.383 | INFO     | Pendulum.PendulumAPP:_processSerialData:121 - 🔄 数据来源: 串口接收 -> PendulumState.physical_length
2025-09-02 14:32:46.428 | INFO     | Pendulum.PendulumAPP:_processSerialData:120 - 📏 串口长度数据已更新: L30.132893 -> physical_length=30.132893
2025-09-02 14:32:46.429 | INFO     | Pendulum.PendulumAPP:_processSerialData:121 - 🔄 数据来源: 串口接收 -> PendulumState.physical_length
2025-09-02 14:32:46.475 | INFO     | Pendulum.PendulumAPP:_processSerialData:120 - 📏 串口长度数据已更新: L30.132893 -> physical_length=30.132893
2025-09-02 14:32:46.476 | INFO     | Pendulum.PendulumAPP:_processSerialData:121 - 🔄 数据来源: 串口接收 -> PendulumState.physical_length
2025-09-02 14:32:46.522 | INFO     | Pendulum.PendulumAPP:_processSerialData:120 - 📏 串口长度数据已更新: L30.132893 -> physical_length=30.132893
2025-09-02 14:32:46.523 | INFO     | Pendulum.PendulumAPP:_processSerialData:121 - 🔄 数据来源: 串口接收 -> PendulumState.physical_length
2025-09-02 14:32:46.570 | INFO     | Pendulum.PendulumAPP:_processSerialData:120 - 📏 串口长度数据已更新: L30.132893 -> physical_length=30.132893
2025-09-02 14:32:46.572 | INFO     | Pendulum.PendulumAPP:_processSerialData:121 - 🔄 数据来源: 串口接收 -> PendulumState.physical_length
2025-09-02 14:32:46.616 | INFO     | Pendulum.PendulumAPP:_processSerialData:120 - 📏 串口长度数据已更新: L30.132893 -> physical_length=30.132893
2025-09-02 14:32:46.617 | INFO     | Pendulum.PendulumAPP:_processSerialData:121 - 🔄 数据来源: 串口接收 -> PendulumState.physical_length
2025-09-02 14:32:46.661 | INFO     | Pendulum.PendulumAPP:_processSerialData:120 - 📏 串口长度数据已更新: L30.132893 -> physical_length=30.132893
2025-09-02 14:32:46.663 | INFO     | Pendulum.PendulumAPP:_processSerialData:121 - 🔄 数据来源: 串口接收 -> PendulumState.physical_length
2025-09-02 14:32:46.708 | INFO     | Pendulum.PendulumAPP:_processSerialData:120 - 📏 串口长度数据已更新: L30.132893 -> physical_length=30.132893
2025-09-02 14:32:46.709 | INFO     | Pendulum.PendulumAPP:_processSerialData:121 - 🔄 数据来源: 串口接收 -> PendulumState.physical_length
2025-09-02 14:32:46.755 | INFO     | Pendulum.PendulumAPP:_processSerialData:120 - 📏 串口长度数据已更新: L30.132893 -> physical_length=30.132893
2025-09-02 14:32:46.756 | INFO     | Pendulum.PendulumAPP:_processSerialData:121 - 🔄 数据来源: 串口接收 -> PendulumState.physical_length
2025-09-02 14:32:46.803 | INFO     | Pendulum.PendulumAPP:_processSerialData:120 - 📏 串口长度数据已更新: L30.132893 -> physical_length=30.132893
2025-09-02 14:32:46.804 | INFO     | Pendulum.PendulumAPP:_processSerialData:121 - 🔄 数据来源: 串口接收 -> PendulumState.physical_length
2025-09-02 14:32:46.849 | INFO     | Pendulum.PendulumAPP:_processSerialData:120 - 📏 串口长度数据已更新: L30.132893 -> physical_length=30.132893
2025-09-02 14:32:46.850 | INFO     | Pendulum.PendulumAPP:_processSerialData:121 - 🔄 数据来源: 串口接收 -> PendulumState.physical_length
2025-09-02 14:32:46.895 | INFO     | Pendulum.PendulumAPP:_processSerialData:120 - 📏 串口长度数据已更新: L30.132893 -> physical_length=30.132893
2025-09-02 14:32:46.895 | INFO     | Pendulum.PendulumAPP:_processSerialData:121 - 🔄 数据来源: 串口接收 -> PendulumState.physical_length
2025-09-02 14:32:46.941 | INFO     | Pendulum.PendulumAPP:_processSerialData:120 - 📏 串口长度数据已更新: L30.132893 -> physical_length=30.132893
2025-09-02 14:32:46.942 | INFO     | Pendulum.PendulumAPP:_processSerialData:121 - 🔄 数据来源: 串口接收 -> PendulumState.physical_length
2025-09-02 14:32:46.988 | INFO     | Pendulum.PendulumAPP:_processSerialData:120 - 📏 串口长度数据已更新: L30.132893 -> physical_length=30.132893
2025-09-02 14:32:46.990 | INFO     | Pendulum.PendulumAPP:_processSerialData:121 - 🔄 数据来源: 串口接收 -> PendulumState.physical_length
2025-09-02 14:32:47.035 | INFO     | Pendulum.PendulumAPP:_processSerialData:120 - 📏 串口长度数据已更新: L30.132893 -> physical_length=30.132893
2025-09-02 14:32:47.036 | INFO     | Pendulum.PendulumAPP:_processSerialData:121 - 🔄 数据来源: 串口接收 -> PendulumState.physical_length
2025-09-02 14:32:47.082 | INFO     | Pendulum.PendulumAPP:_processSerialData:120 - 📏 串口长度数据已更新: L30.132893 -> physical_length=30.132893
2025-09-02 14:32:47.083 | INFO     | Pendulum.PendulumAPP:_processSerialData:121 - 🔄 数据来源: 串口接收 -> PendulumState.physical_length
2025-09-02 14:32:47.129 | INFO     | Pendulum.PendulumAPP:_processSerialData:120 - 📏 串口长度数据已更新: L30.132893 -> physical_length=30.132893
2025-09-02 14:32:47.129 | INFO     | Pendulum.PendulumAPP:_processSerialData:121 - 🔄 数据来源: 串口接收 -> PendulumState.physical_length
2025-09-02 14:32:47.175 | INFO     | Pendulum.PendulumAPP:_processSerialData:120 - 📏 串口长度数据已更新: L30.132893 -> physical_length=30.132893
2025-09-02 14:32:47.176 | INFO     | Pendulum.PendulumAPP:_processSerialData:121 - 🔄 数据来源: 串口接收 -> PendulumState.physical_length
2025-09-02 14:32:47.222 | INFO     | Pendulum.PendulumAPP:_processSerialData:120 - 📏 串口长度数据已更新: L30.132893 -> physical_length=30.132893
2025-09-02 14:32:47.222 | INFO     | Pendulum.PendulumAPP:_processSerialData:121 - 🔄 数据来源: 串口接收 -> PendulumState.physical_length
2025-09-02 14:32:47.269 | INFO     | Pendulum.PendulumAPP:_processSerialData:120 - 📏 串口长度数据已更新: L30.132893 -> physical_length=30.132893
2025-09-02 14:32:47.270 | INFO     | Pendulum.PendulumAPP:_processSerialData:121 - 🔄 数据来源: 串口接收 -> PendulumState.physical_length
2025-09-02 14:32:47.315 | INFO     | Pendulum.PendulumAPP:_processSerialData:120 - 📏 串口长度数据已更新: L30.132893 -> physical_length=30.132893
2025-09-02 14:32:47.317 | INFO     | Pendulum.PendulumAPP:_processSerialData:121 - 🔄 数据来源: 串口接收 -> PendulumState.physical_length
2025-09-02 14:32:47.360 | INFO     | Pendulum.PendulumAPP:_processSerialData:120 - 📏 串口长度数据已更新: L30.132893 -> physical_length=30.132893
2025-09-02 14:32:47.361 | INFO     | Pendulum.PendulumAPP:_processSerialData:121 - 🔄 数据来源: 串口接收 -> PendulumState.physical_length
2025-09-02 14:32:47.406 | INFO     | Pendulum.PendulumAPP:_processSerialData:120 - 📏 串口长度数据已更新: L30.132893 -> physical_length=30.132893
2025-09-02 14:32:47.406 | INFO     | Pendulum.PendulumAPP:_processSerialData:121 - 🔄 数据来源: 串口接收 -> PendulumState.physical_length
2025-09-02 14:32:47.453 | INFO     | Pendulum.PendulumAPP:_processSerialData:120 - 📏 串口长度数据已更新: L30.132893 -> physical_length=30.132893
2025-09-02 14:32:47.453 | INFO     | Pendulum.PendulumAPP:_processSerialData:121 - 🔄 数据来源: 串口接收 -> PendulumState.physical_length
2025-09-02 14:32:47.500 | INFO     | Pendulum.PendulumAPP:_processSerialData:120 - 📏 串口长度数据已更新: L30.132893 -> physical_length=30.132893
2025-09-02 14:32:47.501 | INFO     | Pendulum.PendulumAPP:_processSerialData:121 - 🔄 数据来源: 串口接收 -> PendulumState.physical_length
2025-09-02 14:32:47.546 | INFO     | Pendulum.PendulumAPP:_processSerialData:120 - 📏 串口长度数据已更新: L30.132893 -> physical_length=30.132893
2025-09-02 14:32:47.549 | INFO     | Pendulum.PendulumAPP:_processSerialData:121 - 🔄 数据来源: 串口接收 -> PendulumState.physical_length
2025-09-02 14:32:47.593 | INFO     | Pendulum.PendulumAPP:_processSerialData:120 - 📏 串口长度数据已更新: L30.132893 -> physical_length=30.132893
2025-09-02 14:32:47.594 | INFO     | Pendulum.PendulumAPP:_processSerialData:121 - 🔄 数据来源: 串口接收 -> PendulumState.physical_length
2025-09-02 14:32:47.640 | INFO     | Pendulum.PendulumAPP:_processSerialData:120 - 📏 串口长度数据已更新: L30.132893 -> physical_length=30.132893
2025-09-02 14:32:47.640 | INFO     | Pendulum.PendulumAPP:_processSerialData:121 - 🔄 数据来源: 串口接收 -> PendulumState.physical_length
2025-09-02 14:32:47.686 | INFO     | Pendulum.PendulumAPP:_processSerialData:120 - 📏 串口长度数据已更新: L30.132893 -> physical_length=30.132893
2025-09-02 14:32:47.689 | INFO     | Pendulum.PendulumAPP:_processSerialData:121 - 🔄 数据来源: 串口接收 -> PendulumState.physical_length
2025-09-02 14:32:47.732 | INFO     | Pendulum.PendulumAPP:_processSerialData:120 - 📏 串口长度数据已更新: L30.132893 -> physical_length=30.132893
2025-09-02 14:32:47.733 | INFO     | Pendulum.PendulumAPP:_processSerialData:121 - 🔄 数据来源: 串口接收 -> PendulumState.physical_length
2025-09-02 14:32:47.778 | INFO     | Pendulum.PendulumAPP:_processSerialData:120 - 📏 串口长度数据已更新: L30.132893 -> physical_length=30.132893
2025-09-02 14:32:47.780 | INFO     | Pendulum.PendulumAPP:_processSerialData:121 - 🔄 数据来源: 串口接收 -> PendulumState.physical_length
2025-09-02 14:32:47.816 | INFO     | Pendulum.PendulumAPP:_keyEventWeb:271 - u1
2025-09-02 14:32:47.819 | INFO     | Pendulum.SerialConncet:send:199 - sendu1
2025-09-02 14:32:47.821 | INFO     | Pendulum.SerialConncet:send:201 - [发送] u1
2025-09-02 14:32:47.825 | INFO     | Pendulum.PendulumAPP:_processSerialData:120 - 📏 串口长度数据已更新: L30.132893 -> physical_length=30.132893
2025-09-02 14:32:47.827 | INFO     | Pendulum.PendulumAPP:_processSerialData:121 - 🔄 数据来源: 串口接收 -> PendulumState.physical_length
2025-09-02 14:32:47.871 | INFO     | Pendulum.PendulumAPP:_processSerialData:120 - 📏 串口长度数据已更新: L30.132893 -> physical_length=30.132893
2025-09-02 14:32:47.871 | INFO     | Pendulum.PendulumAPP:_processSerialData:121 - 🔄 数据来源: 串口接收 -> PendulumState.physical_length
2025-09-02 14:32:47.918 | INFO     | Pendulum.PendulumAPP:_processSerialData:120 - 📏 串口长度数据已更新: L30.132893 -> physical_length=30.132893
2025-09-02 14:32:47.919 | INFO     | Pendulum.PendulumAPP:_processSerialData:121 - 🔄 数据来源: 串口接收 -> PendulumState.physical_length
2025-09-02 14:32:47.966 | INFO     | Pendulum.PendulumAPP:_processSerialData:120 - 📏 串口长度数据已更新: L30.132893 -> physical_length=30.132893
2025-09-02 14:32:47.968 | INFO     | Pendulum.PendulumAPP:_processSerialData:121 - 🔄 数据来源: 串口接收 -> PendulumState.physical_length
2025-09-02 14:32:48.013 | INFO     | Pendulum.PendulumAPP:_processSerialData:120 - 📏 串口长度数据已更新: L30.132893 -> physical_length=30.132893
2025-09-02 14:32:48.014 | INFO     | Pendulum.PendulumAPP:_processSerialData:121 - 🔄 数据来源: 串口接收 -> PendulumState.physical_length
2025-09-02 14:32:48.059 | INFO     | Pendulum.PendulumAPP:_processSerialData:120 - 📏 串口长度数据已更新: L30.132893 -> physical_length=30.132893
2025-09-02 14:32:48.059 | INFO     | Pendulum.PendulumAPP:_processSerialData:121 - 🔄 数据来源: 串口接收 -> PendulumState.physical_length
2025-09-02 14:32:48.105 | INFO     | Pendulum.PendulumAPP:_processSerialData:120 - 📏 串口长度数据已更新: L30.132893 -> physical_length=30.132893
2025-09-02 14:32:48.106 | INFO     | Pendulum.PendulumAPP:_processSerialData:121 - 🔄 数据来源: 串口接收 -> PendulumState.physical_length
2025-09-02 14:32:48.151 | INFO     | Pendulum.PendulumAPP:_processSerialData:120 - 📏 串口长度数据已更新: L30.132893 -> physical_length=30.132893
2025-09-02 14:32:48.151 | INFO     | Pendulum.PendulumAPP:_processSerialData:121 - 🔄 数据来源: 串口接收 -> PendulumState.physical_length
2025-09-02 14:32:48.197 | INFO     | Pendulum.PendulumAPP:_processSerialData:120 - 📏 串口长度数据已更新: L30.132893 -> physical_length=30.132893
2025-09-02 14:32:48.199 | INFO     | Pendulum.PendulumAPP:_processSerialData:121 - 🔄 数据来源: 串口接收 -> PendulumState.physical_length
2025-09-02 14:32:48.244 | INFO     | Pendulum.PendulumAPP:_processSerialData:120 - 📏 串口长度数据已更新: L30.132893 -> physical_length=30.132893
2025-09-02 14:32:48.244 | INFO     | Pendulum.PendulumAPP:_processSerialData:121 - 🔄 数据来源: 串口接收 -> PendulumState.physical_length
2025-09-02 14:32:48.290 | INFO     | Pendulum.PendulumAPP:_processSerialData:120 - 📏 串口长度数据已更新: L30.132893 -> physical_length=30.132893
2025-09-02 14:32:48.291 | INFO     | Pendulum.PendulumAPP:_processSerialData:121 - 🔄 数据来源: 串口接收 -> PendulumState.physical_length
2025-09-02 14:32:48.336 | INFO     | Pendulum.PendulumAPP:_processSerialData:120 - 📏 串口长度数据已更新: L30.132893 -> physical_length=30.132893
2025-09-02 14:32:48.337 | INFO     | Pendulum.PendulumAPP:_processSerialData:121 - 🔄 数据来源: 串口接收 -> PendulumState.physical_length
2025-09-02 14:32:48.383 | INFO     | Pendulum.PendulumAPP:_processSerialData:120 - 📏 串口长度数据已更新: L30.132893 -> physical_length=30.132893
2025-09-02 14:32:48.384 | INFO     | Pendulum.PendulumAPP:_processSerialData:121 - 🔄 数据来源: 串口接收 -> PendulumState.physical_length
2025-09-02 14:32:48.430 | INFO     | Pendulum.PendulumAPP:_processSerialData:120 - 📏 串口长度数据已更新: L30.132893 -> physical_length=30.132893
2025-09-02 14:32:48.431 | INFO     | Pendulum.PendulumAPP:_processSerialData:121 - 🔄 数据来源: 串口接收 -> PendulumState.physical_length
2025-09-02 14:32:48.477 | INFO     | Pendulum.PendulumAPP:_processSerialData:120 - 📏 串口长度数据已更新: L30.132893 -> physical_length=30.132893
2025-09-02 14:32:48.478 | INFO     | Pendulum.PendulumAPP:_processSerialData:121 - 🔄 数据来源: 串口接收 -> PendulumState.physical_length
2025-09-02 14:32:48.524 | INFO     | Pendulum.PendulumAPP:_processSerialData:120 - 📏 串口长度数据已更新: L30.132893 -> physical_length=30.132893
2025-09-02 14:32:48.525 | INFO     | Pendulum.PendulumAPP:_processSerialData:121 - 🔄 数据来源: 串口接收 -> PendulumState.physical_length
2025-09-02 14:32:48.569 | INFO     | Pendulum.PendulumAPP:_processSerialData:120 - 📏 串口长度数据已更新: L30.132893 -> physical_length=30.132893
2025-09-02 14:32:48.570 | INFO     | Pendulum.PendulumAPP:_processSerialData:121 - 🔄 数据来源: 串口接收 -> PendulumState.physical_length
2025-09-02 14:32:48.616 | INFO     | Pendulum.PendulumAPP:_processSerialData:120 - 📏 串口长度数据已更新: L30.132893 -> physical_length=30.132893
2025-09-02 14:32:48.619 | INFO     | Pendulum.PendulumAPP:_processSerialData:121 - 🔄 数据来源: 串口接收 -> PendulumState.physical_length
2025-09-02 14:32:48.662 | INFO     | Pendulum.PendulumAPP:_processSerialData:120 - 📏 串口长度数据已更新: L30.132893 -> physical_length=30.132893
2025-09-02 14:32:48.662 | INFO     | Pendulum.PendulumAPP:_processSerialData:121 - 🔄 数据来源: 串口接收 -> PendulumState.physical_length
2025-09-02 14:32:48.708 | INFO     | Pendulum.PendulumAPP:_processSerialData:120 - 📏 串口长度数据已更新: L30.132893 -> physical_length=30.132893
2025-09-02 14:32:48.711 | INFO     | Pendulum.PendulumAPP:_processSerialData:121 - 🔄 数据来源: 串口接收 -> PendulumState.physical_length
2025-09-02 14:32:48.754 | INFO     | Pendulum.PendulumAPP:_processSerialData:120 - 📏 串口长度数据已更新: L30.132893 -> physical_length=30.132893
2025-09-02 14:32:48.757 | INFO     | Pendulum.PendulumAPP:_processSerialData:121 - 🔄 数据来源: 串口接收 -> PendulumState.physical_length
2025-09-02 14:32:48.801 | INFO     | Pendulum.PendulumAPP:_processSerialData:120 - 📏 串口长度数据已更新: L30.132893 -> physical_length=30.132893
2025-09-02 14:32:48.802 | INFO     | Pendulum.PendulumAPP:_processSerialData:121 - 🔄 数据来源: 串口接收 -> PendulumState.physical_length
2025-09-02 14:32:48.848 | INFO     | Pendulum.PendulumAPP:_processSerialData:120 - 📏 串口长度数据已更新: L30.132893 -> physical_length=30.132893
2025-09-02 14:32:48.849 | INFO     | Pendulum.PendulumAPP:_processSerialData:121 - 🔄 数据来源: 串口接收 -> PendulumState.physical_length
2025-09-02 14:32:48.895 | INFO     | Pendulum.PendulumAPP:_processSerialData:120 - 📏 串口长度数据已更新: L30.132893 -> physical_length=30.132893
2025-09-02 14:32:48.897 | INFO     | Pendulum.PendulumAPP:_processSerialData:121 - 🔄 数据来源: 串口接收 -> PendulumState.physical_length
2025-09-02 14:32:48.941 | INFO     | Pendulum.PendulumAPP:_processSerialData:120 - 📏 串口长度数据已更新: L30.132893 -> physical_length=30.132893
2025-09-02 14:32:48.942 | INFO     | Pendulum.PendulumAPP:_processSerialData:121 - 🔄 数据来源: 串口接收 -> PendulumState.physical_length
2025-09-02 14:32:48.988 | INFO     | Pendulum.PendulumAPP:_processSerialData:120 - 📏 串口长度数据已更新: L30.132893 -> physical_length=30.132893
2025-09-02 14:32:48.988 | INFO     | Pendulum.PendulumAPP:_processSerialData:121 - 🔄 数据来源: 串口接收 -> PendulumState.physical_length
2025-09-02 14:32:49.035 | INFO     | Pendulum.PendulumAPP:_processSerialData:120 - 📏 串口长度数据已更新: L30.132893 -> physical_length=30.132893
2025-09-02 14:32:49.037 | INFO     | Pendulum.PendulumAPP:_processSerialData:121 - 🔄 数据来源: 串口接收 -> PendulumState.physical_length
2025-09-02 14:32:49.082 | INFO     | Pendulum.PendulumAPP:_processSerialData:120 - 📏 串口长度数据已更新: L30.132893 -> physical_length=30.132893
2025-09-02 14:32:49.082 | INFO     | Pendulum.PendulumAPP:_processSerialData:121 - 🔄 数据来源: 串口接收 -> PendulumState.physical_length
2025-09-02 14:32:49.128 | INFO     | Pendulum.PendulumAPP:_processSerialData:120 - 📏 串口长度数据已更新: L30.132893 -> physical_length=30.132893
2025-09-02 14:32:49.129 | INFO     | Pendulum.PendulumAPP:_processSerialData:121 - 🔄 数据来源: 串口接收 -> PendulumState.physical_length
2025-09-02 14:32:49.175 | INFO     | Pendulum.PendulumAPP:_processSerialData:120 - 📏 串口长度数据已更新: L30.132893 -> physical_length=30.132893
2025-09-02 14:32:49.176 | INFO     | Pendulum.PendulumAPP:_processSerialData:121 - 🔄 数据来源: 串口接收 -> PendulumState.physical_length
2025-09-02 14:32:49.221 | INFO     | Pendulum.PendulumAPP:_processSerialData:120 - 📏 串口长度数据已更新: L30.132893 -> physical_length=30.132893
2025-09-02 14:32:49.222 | INFO     | Pendulum.PendulumAPP:_processSerialData:121 - 🔄 数据来源: 串口接收 -> PendulumState.physical_length
2025-09-02 14:32:49.268 | INFO     | Pendulum.PendulumAPP:_processSerialData:120 - 📏 串口长度数据已更新: L30.132893 -> physical_length=30.132893
2025-09-02 14:32:49.269 | INFO     | Pendulum.PendulumAPP:_processSerialData:121 - 🔄 数据来源: 串口接收 -> PendulumState.physical_length
2025-09-02 14:32:49.314 | INFO     | Pendulum.PendulumAPP:_processSerialData:120 - 📏 串口长度数据已更新: L30.132893 -> physical_length=30.132893
2025-09-02 14:32:49.315 | INFO     | Pendulum.PendulumAPP:_processSerialData:121 - 🔄 数据来源: 串口接收 -> PendulumState.physical_length
2025-09-02 14:32:49.347 | INFO     | Pendulum.PendulumAPP:_keyEventWeb:274 - u0
2025-09-02 14:32:49.348 | INFO     | Pendulum.SerialConncet:send:199 - sendu0
2025-09-02 14:32:49.350 | INFO     | Pendulum.SerialConncet:send:201 - [发送] u0
2025-09-02 14:32:49.362 | INFO     | Pendulum.PendulumAPP:_processSerialData:120 - 📏 串口长度数据已更新: L30.132893 -> physical_length=30.132893
2025-09-02 14:32:49.363 | INFO     | Pendulum.PendulumAPP:_processSerialData:121 - 🔄 数据来源: 串口接收 -> PendulumState.physical_length
2025-09-02 14:32:49.409 | INFO     | Pendulum.PendulumAPP:_processSerialData:120 - 📏 串口长度数据已更新: L30.132893 -> physical_length=30.132893
2025-09-02 14:32:49.410 | INFO     | Pendulum.PendulumAPP:_processSerialData:121 - 🔄 数据来源: 串口接收 -> PendulumState.physical_length
2025-09-02 14:32:49.455 | INFO     | Pendulum.PendulumAPP:_processSerialData:120 - 📏 串口长度数据已更新: L30.132893 -> physical_length=30.132893
2025-09-02 14:32:49.456 | INFO     | Pendulum.PendulumAPP:_processSerialData:121 - 🔄 数据来源: 串口接收 -> PendulumState.physical_length
2025-09-02 14:32:49.500 | INFO     | Pendulum.PendulumAPP:_processSerialData:120 - 📏 串口长度数据已更新: L30.132893 -> physical_length=30.132893
2025-09-02 14:32:49.501 | INFO     | Pendulum.PendulumAPP:_processSerialData:121 - 🔄 数据来源: 串口接收 -> PendulumState.physical_length
2025-09-02 14:32:49.547 | INFO     | Pendulum.PendulumAPP:_processSerialData:120 - 📏 串口长度数据已更新: L30.132893 -> physical_length=30.132893
2025-09-02 14:32:49.549 | INFO     | Pendulum.PendulumAPP:_processSerialData:121 - 🔄 数据来源: 串口接收 -> PendulumState.physical_length
2025-09-02 14:32:49.593 | INFO     | Pendulum.PendulumAPP:_processSerialData:120 - 📏 串口长度数据已更新: L30.132893 -> physical_length=30.132893
2025-09-02 14:32:49.594 | INFO     | Pendulum.PendulumAPP:_processSerialData:121 - 🔄 数据来源: 串口接收 -> PendulumState.physical_length
2025-09-02 14:32:49.639 | INFO     | Pendulum.PendulumAPP:_processSerialData:120 - 📏 串口长度数据已更新: L30.132893 -> physical_length=30.132893
2025-09-02 14:32:49.641 | INFO     | Pendulum.PendulumAPP:_processSerialData:121 - 🔄 数据来源: 串口接收 -> PendulumState.physical_length
2025-09-02 14:32:49.686 | INFO     | Pendulum.PendulumAPP:_processSerialData:120 - 📏 串口长度数据已更新: L30.132893 -> physical_length=30.132893
2025-09-02 14:32:49.686 | INFO     | Pendulum.PendulumAPP:_processSerialData:121 - 🔄 数据来源: 串口接收 -> PendulumState.physical_length
2025-09-02 14:32:49.733 | INFO     | Pendulum.PendulumAPP:_processSerialData:120 - 📏 串口长度数据已更新: L30.132893 -> physical_length=30.132893
2025-09-02 14:32:49.734 | INFO     | Pendulum.PendulumAPP:_processSerialData:121 - 🔄 数据来源: 串口接收 -> PendulumState.physical_length
2025-09-02 14:32:49.778 | INFO     | Pendulum.PendulumAPP:_processSerialData:120 - 📏 串口长度数据已更新: L30.132893 -> physical_length=30.132893
2025-09-02 14:32:49.779 | INFO     | Pendulum.PendulumAPP:_processSerialData:121 - 🔄 数据来源: 串口接收 -> PendulumState.physical_length
2025-09-02 14:32:49.826 | INFO     | Pendulum.PendulumAPP:_processSerialData:120 - 📏 串口长度数据已更新: L30.132893 -> physical_length=30.132893
2025-09-02 14:32:49.827 | INFO     | Pendulum.PendulumAPP:_processSerialData:121 - 🔄 数据来源: 串口接收 -> PendulumState.physical_length
2025-09-02 14:32:49.871 | INFO     | Pendulum.PendulumAPP:_processSerialData:120 - 📏 串口长度数据已更新: L30.132893 -> physical_length=30.132893
2025-09-02 14:32:49.871 | INFO     | Pendulum.PendulumAPP:_processSerialData:121 - 🔄 数据来源: 串口接收 -> PendulumState.physical_length
2025-09-02 14:32:49.918 | INFO     | Pendulum.PendulumAPP:_processSerialData:120 - 📏 串口长度数据已更新: L30.132893 -> physical_length=30.132893
2025-09-02 14:32:49.918 | INFO     | Pendulum.PendulumAPP:_processSerialData:121 - 🔄 数据来源: 串口接收 -> PendulumState.physical_length
2025-09-02 14:32:49.965 | INFO     | Pendulum.PendulumAPP:_processSerialData:120 - 📏 串口长度数据已更新: L30.132893 -> physical_length=30.132893
2025-09-02 14:32:49.966 | INFO     | Pendulum.PendulumAPP:_processSerialData:121 - 🔄 数据来源: 串口接收 -> PendulumState.physical_length
2025-09-02 14:32:50.011 | INFO     | Pendulum.PendulumAPP:_processSerialData:120 - 📏 串口长度数据已更新: L30.132893 -> physical_length=30.132893
2025-09-02 14:32:50.013 | INFO     | Pendulum.PendulumAPP:_processSerialData:121 - 🔄 数据来源: 串口接收 -> PendulumState.physical_length
2025-09-02 14:32:50.058 | INFO     | Pendulum.PendulumAPP:_processSerialData:120 - 📏 串口长度数据已更新: L30.132893 -> physical_length=30.132893
2025-09-02 14:32:50.059 | INFO     | Pendulum.PendulumAPP:_processSerialData:121 - 🔄 数据来源: 串口接收 -> PendulumState.physical_length
2025-09-02 14:32:50.104 | INFO     | Pendulum.PendulumAPP:_processSerialData:120 - 📏 串口长度数据已更新: L30.132893 -> physical_length=30.132893
2025-09-02 14:32:50.105 | INFO     | Pendulum.PendulumAPP:_processSerialData:121 - 🔄 数据来源: 串口接收 -> PendulumState.physical_length
2025-09-02 14:32:50.151 | INFO     | Pendulum.PendulumAPP:_processSerialData:120 - 📏 串口长度数据已更新: L30.132893 -> physical_length=30.132893
2025-09-02 14:32:50.153 | INFO     | Pendulum.PendulumAPP:_processSerialData:121 - 🔄 数据来源: 串口接收 -> PendulumState.physical_length
2025-09-02 14:32:50.197 | INFO     | Pendulum.PendulumAPP:_processSerialData:120 - 📏 串口长度数据已更新: L30.132893 -> physical_length=30.132893
2025-09-02 14:32:50.198 | INFO     | Pendulum.PendulumAPP:_processSerialData:121 - 🔄 数据来源: 串口接收 -> PendulumState.physical_length
2025-09-02 14:32:50.243 | INFO     | Pendulum.PendulumAPP:_processSerialData:120 - 📏 串口长度数据已更新: L30.132893 -> physical_length=30.132893
2025-09-02 14:32:50.245 | INFO     | Pendulum.PendulumAPP:_processSerialData:121 - 🔄 数据来源: 串口接收 -> PendulumState.physical_length
2025-09-02 14:32:50.289 | INFO     | Pendulum.PendulumAPP:_processSerialData:120 - 📏 串口长度数据已更新: L30.132893 -> physical_length=30.132893
2025-09-02 14:32:50.289 | INFO     | Pendulum.PendulumAPP:_processSerialData:121 - 🔄 数据来源: 串口接收 -> PendulumState.physical_length
2025-09-02 14:32:50.336 | INFO     | Pendulum.PendulumAPP:_processSerialData:120 - 📏 串口长度数据已更新: L30.132893 -> physical_length=30.132893
2025-09-02 14:32:50.336 | INFO     | Pendulum.PendulumAPP:_processSerialData:121 - 🔄 数据来源: 串口接收 -> PendulumState.physical_length
2025-09-02 14:32:50.382 | INFO     | Pendulum.PendulumAPP:_processSerialData:120 - 📏 串口长度数据已更新: L30.132893 -> physical_length=30.132893
2025-09-02 14:32:50.383 | INFO     | Pendulum.PendulumAPP:_processSerialData:121 - 🔄 数据来源: 串口接收 -> PendulumState.physical_length
2025-09-02 14:32:50.429 | INFO     | Pendulum.PendulumAPP:_processSerialData:120 - 📏 串口长度数据已更新: L30.132893 -> physical_length=30.132893
2025-09-02 14:32:50.429 | INFO     | Pendulum.PendulumAPP:_processSerialData:121 - 🔄 数据来源: 串口接收 -> PendulumState.physical_length
2025-09-02 14:32:50.476 | INFO     | Pendulum.PendulumAPP:_processSerialData:120 - 📏 串口长度数据已更新: L30.132893 -> physical_length=30.132893
2025-09-02 14:32:50.476 | INFO     | Pendulum.PendulumAPP:_processSerialData:121 - 🔄 数据来源: 串口接收 -> PendulumState.physical_length
2025-09-02 14:32:50.521 | INFO     | Pendulum.PendulumAPP:_processSerialData:120 - 📏 串口长度数据已更新: L30.132893 -> physical_length=30.132893
2025-09-02 14:32:50.523 | INFO     | Pendulum.PendulumAPP:_processSerialData:121 - 🔄 数据来源: 串口接收 -> PendulumState.physical_length
2025-09-02 14:32:50.567 | INFO     | Pendulum.PendulumAPP:_processSerialData:120 - 📏 串口长度数据已更新: L30.132893 -> physical_length=30.132893
2025-09-02 14:32:50.572 | INFO     | Pendulum.PendulumAPP:_processSerialData:121 - 🔄 数据来源: 串口接收 -> PendulumState.physical_length
2025-09-02 14:32:50.615 | INFO     | Pendulum.PendulumAPP:_processSerialData:120 - 📏 串口长度数据已更新: L30.132893 -> physical_length=30.132893
2025-09-02 14:32:50.616 | INFO     | Pendulum.PendulumAPP:_processSerialData:121 - 🔄 数据来源: 串口接收 -> PendulumState.physical_length
2025-09-02 14:32:50.661 | INFO     | Pendulum.PendulumAPP:_processSerialData:120 - 📏 串口长度数据已更新: L30.132893 -> physical_length=30.132893
2025-09-02 14:32:50.662 | INFO     | Pendulum.PendulumAPP:_processSerialData:121 - 🔄 数据来源: 串口接收 -> PendulumState.physical_length
2025-09-02 14:32:50.708 | INFO     | Pendulum.PendulumAPP:_processSerialData:120 - 📏 串口长度数据已更新: L30.132893 -> physical_length=30.132893
2025-09-02 14:32:50.709 | INFO     | Pendulum.PendulumAPP:_processSerialData:121 - 🔄 数据来源: 串口接收 -> PendulumState.physical_length
2025-09-02 14:32:50.753 | INFO     | Pendulum.PendulumAPP:_processSerialData:120 - 📏 串口长度数据已更新: L30.132893 -> physical_length=30.132893
2025-09-02 14:32:50.757 | INFO     | Pendulum.PendulumAPP:_processSerialData:121 - 🔄 数据来源: 串口接收 -> PendulumState.physical_length
2025-09-02 14:32:50.799 | INFO     | Pendulum.PendulumAPP:_processSerialData:120 - 📏 串口长度数据已更新: L30.132893 -> physical_length=30.132893
2025-09-02 14:32:50.799 | INFO     | Pendulum.PendulumAPP:_processSerialData:121 - 🔄 数据来源: 串口接收 -> PendulumState.physical_length
2025-09-02 14:32:50.845 | INFO     | Pendulum.PendulumAPP:_processSerialData:120 - 📏 串口长度数据已更新: L30.132893 -> physical_length=30.132893
2025-09-02 14:32:50.846 | INFO     | Pendulum.PendulumAPP:_processSerialData:121 - 🔄 数据来源: 串口接收 -> PendulumState.physical_length
2025-09-02 14:32:50.891 | INFO     | Pendulum.PendulumAPP:_processSerialData:120 - 📏 串口长度数据已更新: L30.132893 -> physical_length=30.132893
2025-09-02 14:32:50.891 | INFO     | Pendulum.PendulumAPP:_processSerialData:121 - 🔄 数据来源: 串口接收 -> PendulumState.physical_length
2025-09-02 14:32:50.940 | INFO     | Pendulum.PendulumAPP:_processSerialData:120 - 📏 串口长度数据已更新: L30.132893 -> physical_length=30.132893
2025-09-02 14:32:50.942 | INFO     | Pendulum.PendulumAPP:_processSerialData:121 - 🔄 数据来源: 串口接收 -> PendulumState.physical_length
2025-09-02 14:32:50.987 | INFO     | Pendulum.PendulumAPP:_processSerialData:120 - 📏 串口长度数据已更新: L30.132893 -> physical_length=30.132893
2025-09-02 14:32:50.988 | INFO     | Pendulum.PendulumAPP:_processSerialData:121 - 🔄 数据来源: 串口接收 -> PendulumState.physical_length
2025-09-02 14:32:51.023 | INFO     | Pendulum.PendulumAPP:_keyEventWeb:289 - d1
2025-09-02 14:32:51.024 | INFO     | Pendulum.SerialConncet:send:199 - sendd1
2025-09-02 14:32:51.024 | INFO     | Pendulum.SerialConncet:send:201 - [发送] d1
2025-09-02 14:32:51.033 | INFO     | Pendulum.PendulumAPP:_processSerialData:120 - 📏 串口长度数据已更新: L30.132893 -> physical_length=30.132893
2025-09-02 14:32:51.035 | INFO     | Pendulum.PendulumAPP:_processSerialData:121 - 🔄 数据来源: 串口接收 -> PendulumState.physical_length
2025-09-02 14:32:51.080 | INFO     | Pendulum.PendulumAPP:_processSerialData:120 - 📏 串口长度数据已更新: L30.132893 -> physical_length=30.132893
2025-09-02 14:32:51.082 | INFO     | Pendulum.PendulumAPP:_processSerialData:121 - 🔄 数据来源: 串口接收 -> PendulumState.physical_length
2025-09-02 14:32:51.128 | INFO     | Pendulum.PendulumAPP:_processSerialData:120 - 📏 串口长度数据已更新: L30.132893 -> physical_length=30.132893
2025-09-02 14:32:51.130 | INFO     | Pendulum.PendulumAPP:_processSerialData:121 - 🔄 数据来源: 串口接收 -> PendulumState.physical_length
2025-09-02 14:32:51.175 | INFO     | Pendulum.PendulumAPP:_processSerialData:120 - 📏 串口长度数据已更新: L30.132893 -> physical_length=30.132893
2025-09-02 14:32:51.175 | INFO     | Pendulum.PendulumAPP:_processSerialData:121 - 🔄 数据来源: 串口接收 -> PendulumState.physical_length
2025-09-02 14:32:51.222 | INFO     | Pendulum.PendulumAPP:_processSerialData:120 - 📏 串口长度数据已更新: L30.132893 -> physical_length=30.132893
2025-09-02 14:32:51.225 | INFO     | Pendulum.PendulumAPP:_processSerialData:121 - 🔄 数据来源: 串口接收 -> PendulumState.physical_length
2025-09-02 14:32:51.270 | INFO     | Pendulum.PendulumAPP:_processSerialData:120 - 📏 串口长度数据已更新: L30.132893 -> physical_length=30.132893
2025-09-02 14:32:51.271 | INFO     | Pendulum.PendulumAPP:_processSerialData:121 - 🔄 数据来源: 串口接收 -> PendulumState.physical_length
2025-09-02 14:32:51.315 | INFO     | Pendulum.PendulumAPP:_processSerialData:120 - 📏 串口长度数据已更新: L30.132893 -> physical_length=30.132893
2025-09-02 14:32:51.316 | INFO     | Pendulum.PendulumAPP:_processSerialData:121 - 🔄 数据来源: 串口接收 -> PendulumState.physical_length
2025-09-02 14:32:51.363 | INFO     | Pendulum.PendulumAPP:_processSerialData:120 - 📏 串口长度数据已更新: L30.132893 -> physical_length=30.132893
2025-09-02 14:32:51.364 | INFO     | Pendulum.PendulumAPP:_processSerialData:121 - 🔄 数据来源: 串口接收 -> PendulumState.physical_length
2025-09-02 14:32:51.408 | INFO     | Pendulum.PendulumAPP:_processSerialData:120 - 📏 串口长度数据已更新: L30.132893 -> physical_length=30.132893
2025-09-02 14:32:51.409 | INFO     | Pendulum.PendulumAPP:_processSerialData:121 - 🔄 数据来源: 串口接收 -> PendulumState.physical_length
2025-09-02 14:32:51.454 | INFO     | Pendulum.PendulumAPP:_processSerialData:120 - 📏 串口长度数据已更新: L30.132893 -> physical_length=30.132893
2025-09-02 14:32:51.455 | INFO     | Pendulum.PendulumAPP:_processSerialData:121 - 🔄 数据来源: 串口接收 -> PendulumState.physical_length
2025-09-02 14:32:51.501 | INFO     | Pendulum.PendulumAPP:_processSerialData:120 - 📏 串口长度数据已更新: L30.132893 -> physical_length=30.132893
2025-09-02 14:32:51.502 | INFO     | Pendulum.PendulumAPP:_processSerialData:121 - 🔄 数据来源: 串口接收 -> PendulumState.physical_length
2025-09-02 14:32:51.548 | INFO     | Pendulum.PendulumAPP:_processSerialData:120 - 📏 串口长度数据已更新: L30.132893 -> physical_length=30.132893
2025-09-02 14:32:51.549 | INFO     | Pendulum.PendulumAPP:_processSerialData:121 - 🔄 数据来源: 串口接收 -> PendulumState.physical_length
2025-09-02 14:32:51.593 | INFO     | Pendulum.PendulumAPP:_processSerialData:120 - 📏 串口长度数据已更新: L30.132893 -> physical_length=30.132893
2025-09-02 14:32:51.596 | INFO     | Pendulum.PendulumAPP:_processSerialData:121 - 🔄 数据来源: 串口接收 -> PendulumState.physical_length
2025-09-02 14:32:51.641 | INFO     | Pendulum.PendulumAPP:_processSerialData:120 - 📏 串口长度数据已更新: L30.132893 -> physical_length=30.132893
2025-09-02 14:32:51.642 | INFO     | Pendulum.PendulumAPP:_processSerialData:121 - 🔄 数据来源: 串口接收 -> PendulumState.physical_length
2025-09-02 14:32:51.686 | INFO     | Pendulum.PendulumAPP:_processSerialData:120 - 📏 串口长度数据已更新: L30.132893 -> physical_length=30.132893
2025-09-02 14:32:51.687 | INFO     | Pendulum.PendulumAPP:_processSerialData:121 - 🔄 数据来源: 串口接收 -> PendulumState.physical_length
2025-09-02 14:32:51.733 | INFO     | Pendulum.PendulumAPP:_processSerialData:120 - 📏 串口长度数据已更新: L30.132893 -> physical_length=30.132893
2025-09-02 14:32:51.734 | INFO     | Pendulum.PendulumAPP:_processSerialData:121 - 🔄 数据来源: 串口接收 -> PendulumState.physical_length
2025-09-02 14:32:51.780 | INFO     | Pendulum.PendulumAPP:_processSerialData:120 - 📏 串口长度数据已更新: L30.132893 -> physical_length=30.132893
2025-09-02 14:32:51.781 | INFO     | Pendulum.PendulumAPP:_processSerialData:121 - 🔄 数据来源: 串口接收 -> PendulumState.physical_length
2025-09-02 14:32:51.827 | INFO     | Pendulum.PendulumAPP:_processSerialData:120 - 📏 串口长度数据已更新: L30.132893 -> physical_length=30.132893
2025-09-02 14:32:51.827 | INFO     | Pendulum.PendulumAPP:_processSerialData:121 - 🔄 数据来源: 串口接收 -> PendulumState.physical_length
2025-09-02 14:32:51.873 | INFO     | Pendulum.PendulumAPP:_processSerialData:120 - 📏 串口长度数据已更新: L30.132893 -> physical_length=30.132893
2025-09-02 14:32:51.879 | INFO     | Pendulum.PendulumAPP:_processSerialData:121 - 🔄 数据来源: 串口接收 -> PendulumState.physical_length
2025-09-02 14:32:51.920 | INFO     | Pendulum.PendulumAPP:_processSerialData:120 - 📏 串口长度数据已更新: L30.132893 -> physical_length=30.132893
2025-09-02 14:32:51.921 | INFO     | Pendulum.PendulumAPP:_processSerialData:121 - 🔄 数据来源: 串口接收 -> PendulumState.physical_length
2025-09-02 14:32:51.967 | INFO     | Pendulum.PendulumAPP:_processSerialData:120 - 📏 串口长度数据已更新: L30.132893 -> physical_length=30.132893
2025-09-02 14:32:51.968 | INFO     | Pendulum.PendulumAPP:_processSerialData:121 - 🔄 数据来源: 串口接收 -> PendulumState.physical_length
2025-09-02 14:32:52.013 | INFO     | Pendulum.PendulumAPP:_processSerialData:120 - 📏 串口长度数据已更新: L30.132893 -> physical_length=30.132893
2025-09-02 14:32:52.014 | INFO     | Pendulum.PendulumAPP:_processSerialData:121 - 🔄 数据来源: 串口接收 -> PendulumState.physical_length
2025-09-02 14:32:52.060 | INFO     | Pendulum.PendulumAPP:_processSerialData:120 - 📏 串口长度数据已更新: L30.132893 -> physical_length=30.132893
2025-09-02 14:32:52.061 | INFO     | Pendulum.PendulumAPP:_processSerialData:121 - 🔄 数据来源: 串口接收 -> PendulumState.physical_length
2025-09-02 14:32:52.106 | INFO     | Pendulum.PendulumAPP:_processSerialData:120 - 📏 串口长度数据已更新: L30.132893 -> physical_length=30.132893
2025-09-02 14:32:52.107 | INFO     | Pendulum.PendulumAPP:_processSerialData:121 - 🔄 数据来源: 串口接收 -> PendulumState.physical_length
2025-09-02 14:32:52.152 | INFO     | Pendulum.PendulumAPP:_processSerialData:120 - 📏 串口长度数据已更新: L30.132893 -> physical_length=30.132893
2025-09-02 14:32:52.154 | INFO     | Pendulum.PendulumAPP:_processSerialData:121 - 🔄 数据来源: 串口接收 -> PendulumState.physical_length
2025-09-02 14:32:52.197 | INFO     | Pendulum.PendulumAPP:_processSerialData:120 - 📏 串口长度数据已更新: L30.132893 -> physical_length=30.132893
2025-09-02 14:32:52.198 | INFO     | Pendulum.PendulumAPP:_processSerialData:121 - 🔄 数据来源: 串口接收 -> PendulumState.physical_length
2025-09-02 14:32:52.231 | INFO     | Pendulum.PendulumAPP:_keyEventWeb:268 - u2
2025-09-02 14:32:52.231 | INFO     | Pendulum.SerialConncet:send:199 - sendu2
2025-09-02 14:32:52.232 | INFO     | Pendulum.SerialConncet:send:201 - [发送] u2
2025-09-02 14:32:52.243 | INFO     | Pendulum.PendulumAPP:_processSerialData:120 - 📏 串口长度数据已更新: L30.132893 -> physical_length=30.132893
2025-09-02 14:32:52.244 | INFO     | Pendulum.PendulumAPP:_processSerialData:121 - 🔄 数据来源: 串口接收 -> PendulumState.physical_length
2025-09-02 14:32:52.288 | INFO     | Pendulum.PendulumAPP:_processSerialData:120 - 📏 串口长度数据已更新: L30.132893 -> physical_length=30.132893
2025-09-02 14:32:52.289 | INFO     | Pendulum.PendulumAPP:_processSerialData:121 - 🔄 数据来源: 串口接收 -> PendulumState.physical_length
2025-09-02 14:32:52.335 | INFO     | Pendulum.PendulumAPP:_processSerialData:120 - 📏 串口长度数据已更新: L30.132893 -> physical_length=30.132893
2025-09-02 14:32:52.335 | INFO     | Pendulum.PendulumAPP:_processSerialData:121 - 🔄 数据来源: 串口接收 -> PendulumState.physical_length
2025-09-02 14:32:52.382 | INFO     | Pendulum.PendulumAPP:_processSerialData:120 - 📏 串口长度数据已更新: L30.132893 -> physical_length=30.132893
2025-09-02 14:32:52.383 | INFO     | Pendulum.PendulumAPP:_processSerialData:121 - 🔄 数据来源: 串口接收 -> PendulumState.physical_length
2025-09-02 14:32:52.428 | INFO     | Pendulum.PendulumAPP:_processSerialData:120 - 📏 串口长度数据已更新: L30.132893 -> physical_length=30.132893
2025-09-02 14:32:52.429 | INFO     | Pendulum.PendulumAPP:_processSerialData:121 - 🔄 数据来源: 串口接收 -> PendulumState.physical_length
2025-09-02 14:32:52.476 | INFO     | Pendulum.PendulumAPP:_processSerialData:120 - 📏 串口长度数据已更新: L30.132893 -> physical_length=30.132893
2025-09-02 14:32:52.477 | INFO     | Pendulum.PendulumAPP:_processSerialData:121 - 🔄 数据来源: 串口接收 -> PendulumState.physical_length
2025-09-02 14:32:52.523 | INFO     | Pendulum.PendulumAPP:_processSerialData:120 - 📏 串口长度数据已更新: L30.132893 -> physical_length=30.132893
2025-09-02 14:32:52.523 | INFO     | Pendulum.PendulumAPP:_processSerialData:121 - 🔄 数据来源: 串口接收 -> PendulumState.physical_length
2025-09-02 14:32:52.570 | INFO     | Pendulum.PendulumAPP:_processSerialData:120 - 📏 串口长度数据已更新: L30.132893 -> physical_length=30.132893
2025-09-02 14:32:52.572 | INFO     | Pendulum.PendulumAPP:_processSerialData:121 - 🔄 数据来源: 串口接收 -> PendulumState.physical_length
2025-09-02 14:32:52.616 | INFO     | Pendulum.PendulumAPP:_processSerialData:120 - 📏 串口长度数据已更新: L30.132893 -> physical_length=30.132893
2025-09-02 14:32:52.616 | INFO     | Pendulum.PendulumAPP:_processSerialData:121 - 🔄 数据来源: 串口接收 -> PendulumState.physical_length
2025-09-02 14:32:52.662 | INFO     | Pendulum.PendulumAPP:_processSerialData:120 - 📏 串口长度数据已更新: L30.132893 -> physical_length=30.132893
2025-09-02 14:32:52.664 | INFO     | Pendulum.PendulumAPP:_processSerialData:121 - 🔄 数据来源: 串口接收 -> PendulumState.physical_length
2025-09-02 14:32:52.707 | INFO     | Pendulum.PendulumAPP:_processSerialData:120 - 📏 串口长度数据已更新: L30.132893 -> physical_length=30.132893
2025-09-02 14:32:52.710 | INFO     | Pendulum.PendulumAPP:_processSerialData:121 - 🔄 数据来源: 串口接收 -> PendulumState.physical_length
2025-09-02 14:32:52.753 | INFO     | Pendulum.PendulumAPP:_processSerialData:120 - 📏 串口长度数据已更新: L30.132893 -> physical_length=30.132893
2025-09-02 14:32:52.754 | INFO     | Pendulum.PendulumAPP:_processSerialData:121 - 🔄 数据来源: 串口接收 -> PendulumState.physical_length
2025-09-02 14:32:52.801 | INFO     | Pendulum.PendulumAPP:_processSerialData:120 - 📏 串口长度数据已更新: L30.132893 -> physical_length=30.132893
2025-09-02 14:32:52.802 | INFO     | Pendulum.PendulumAPP:_processSerialData:121 - 🔄 数据来源: 串口接收 -> PendulumState.physical_length
2025-09-02 14:32:52.847 | INFO     | Pendulum.PendulumAPP:_processSerialData:120 - 📏 串口长度数据已更新: L30.132893 -> physical_length=30.132893
2025-09-02 14:32:52.847 | INFO     | Pendulum.PendulumAPP:_processSerialData:121 - 🔄 数据来源: 串口接收 -> PendulumState.physical_length
2025-09-02 14:32:52.893 | INFO     | Pendulum.PendulumAPP:_processSerialData:120 - 📏 串口长度数据已更新: L30.132893 -> physical_length=30.132893
2025-09-02 14:32:52.894 | INFO     | Pendulum.PendulumAPP:_processSerialData:121 - 🔄 数据来源: 串口接收 -> PendulumState.physical_length
2025-09-02 14:32:52.940 | INFO     | Pendulum.PendulumAPP:_processSerialData:120 - 📏 串口长度数据已更新: L30.132893 -> physical_length=30.132893
2025-09-02 14:32:52.943 | INFO     | Pendulum.PendulumAPP:_processSerialData:121 - 🔄 数据来源: 串口接收 -> PendulumState.physical_length
2025-09-02 14:32:52.987 | INFO     | Pendulum.PendulumAPP:_processSerialData:120 - 📏 串口长度数据已更新: L30.132893 -> physical_length=30.132893
2025-09-02 14:32:52.989 | INFO     | Pendulum.PendulumAPP:_processSerialData:121 - 🔄 数据来源: 串口接收 -> PendulumState.physical_length
2025-09-02 14:32:53.034 | INFO     | Pendulum.PendulumAPP:_processSerialData:120 - 📏 串口长度数据已更新: L30.132893 -> physical_length=30.132893
2025-09-02 14:32:53.035 | INFO     | Pendulum.PendulumAPP:_processSerialData:121 - 🔄 数据来源: 串口接收 -> PendulumState.physical_length
2025-09-02 14:32:53.079 | INFO     | Pendulum.PendulumAPP:_processSerialData:120 - 📏 串口长度数据已更新: L30.132893 -> physical_length=30.132893
2025-09-02 14:32:53.082 | INFO     | Pendulum.PendulumAPP:_processSerialData:121 - 🔄 数据来源: 串口接收 -> PendulumState.physical_length
2025-09-02 14:32:53.126 | INFO     | Pendulum.PendulumAPP:_processSerialData:120 - 📏 串口长度数据已更新: L30.132893 -> physical_length=30.132893
2025-09-02 14:32:53.128 | INFO     | Pendulum.PendulumAPP:_processSerialData:121 - 🔄 数据来源: 串口接收 -> PendulumState.physical_length
2025-09-02 14:32:53.172 | INFO     | Pendulum.PendulumAPP:_processSerialData:120 - 📏 串口长度数据已更新: L30.132893 -> physical_length=30.132893
2025-09-02 14:32:53.172 | INFO     | Pendulum.PendulumAPP:_processSerialData:121 - 🔄 数据来源: 串口接收 -> PendulumState.physical_length
2025-09-02 14:32:53.219 | INFO     | Pendulum.PendulumAPP:_processSerialData:120 - 📏 串口长度数据已更新: L30.132893 -> physical_length=30.132893
2025-09-02 14:32:53.222 | INFO     | Pendulum.PendulumAPP:_processSerialData:121 - 🔄 数据来源: 串口接收 -> PendulumState.physical_length
2025-09-02 14:32:53.264 | INFO     | Pendulum.PendulumAPP:_processSerialData:120 - 📏 串口长度数据已更新: L30.132893 -> physical_length=30.132893
2025-09-02 14:32:53.264 | INFO     | Pendulum.PendulumAPP:_processSerialData:121 - 🔄 数据来源: 串口接收 -> PendulumState.physical_length
2025-09-02 14:32:53.311 | INFO     | Pendulum.PendulumAPP:_processSerialData:120 - 📏 串口长度数据已更新: L30.132893 -> physical_length=30.132893
2025-09-02 14:32:53.312 | INFO     | Pendulum.PendulumAPP:_processSerialData:121 - 🔄 数据来源: 串口接收 -> PendulumState.physical_length
2025-09-02 14:32:53.357 | INFO     | Pendulum.PendulumAPP:_processSerialData:120 - 📏 串口长度数据已更新: L30.132893 -> physical_length=30.132893
2025-09-02 14:32:53.358 | INFO     | Pendulum.PendulumAPP:_processSerialData:121 - 🔄 数据来源: 串口接收 -> PendulumState.physical_length
2025-09-02 14:32:53.402 | INFO     | Pendulum.PendulumAPP:_processSerialData:120 - 📏 串口长度数据已更新: L30.132893 -> physical_length=30.132893
2025-09-02 14:32:53.403 | INFO     | Pendulum.PendulumAPP:_processSerialData:121 - 🔄 数据来源: 串口接收 -> PendulumState.physical_length
2025-09-02 14:32:53.447 | INFO     | Pendulum.PendulumAPP:_processSerialData:120 - 📏 串口长度数据已更新: L30.132893 -> physical_length=30.132893
2025-09-02 14:32:53.448 | INFO     | Pendulum.PendulumAPP:_processSerialData:121 - 🔄 数据来源: 串口接收 -> PendulumState.physical_length
2025-09-02 14:32:53.496 | INFO     | Pendulum.PendulumAPP:_processSerialData:120 - 📏 串口长度数据已更新: L30.132893 -> physical_length=30.132893
2025-09-02 14:32:53.501 | INFO     | Pendulum.PendulumAPP:_processSerialData:121 - 🔄 数据来源: 串口接收 -> PendulumState.physical_length
2025-09-02 14:32:53.541 | INFO     | Pendulum.PendulumAPP:_processSerialData:120 - 📏 串口长度数据已更新: L30.132893 -> physical_length=30.132893
2025-09-02 14:32:53.542 | INFO     | Pendulum.PendulumAPP:_processSerialData:121 - 🔄 数据来源: 串口接收 -> PendulumState.physical_length
2025-09-02 14:32:53.588 | INFO     | Pendulum.PendulumAPP:_processSerialData:120 - 📏 串口长度数据已更新: L30.132893 -> physical_length=30.132893
2025-09-02 14:32:53.589 | INFO     | Pendulum.PendulumAPP:_processSerialData:121 - 🔄 数据来源: 串口接收 -> PendulumState.physical_length
2025-09-02 14:32:53.635 | INFO     | Pendulum.PendulumAPP:_processSerialData:120 - 📏 串口长度数据已更新: L30.132893 -> physical_length=30.132893
2025-09-02 14:32:53.636 | INFO     | Pendulum.PendulumAPP:_processSerialData:121 - 🔄 数据来源: 串口接收 -> PendulumState.physical_length
2025-09-02 14:32:53.682 | INFO     | Pendulum.PendulumAPP:_processSerialData:120 - 📏 串口长度数据已更新: L30.132893 -> physical_length=30.132893
2025-09-02 14:32:53.683 | INFO     | Pendulum.PendulumAPP:_processSerialData:121 - 🔄 数据来源: 串口接收 -> PendulumState.physical_length
2025-09-02 14:32:53.728 | INFO     | Pendulum.PendulumAPP:_processSerialData:120 - 📏 串口长度数据已更新: L30.132893 -> physical_length=30.132893
2025-09-02 14:32:53.729 | INFO     | Pendulum.PendulumAPP:_processSerialData:121 - 🔄 数据来源: 串口接收 -> PendulumState.physical_length
2025-09-02 14:32:53.775 | INFO     | Pendulum.PendulumAPP:_processSerialData:120 - 📏 串口长度数据已更新: L30.132893 -> physical_length=30.132893
2025-09-02 14:32:53.775 | INFO     | Pendulum.PendulumAPP:_processSerialData:121 - 🔄 数据来源: 串口接收 -> PendulumState.physical_length
2025-09-02 14:32:53.822 | INFO     | Pendulum.PendulumAPP:_processSerialData:120 - 📏 串口长度数据已更新: L30.132893 -> physical_length=30.132893
2025-09-02 14:32:53.823 | INFO     | Pendulum.PendulumAPP:_processSerialData:121 - 🔄 数据来源: 串口接收 -> PendulumState.physical_length
2025-09-02 14:32:53.869 | INFO     | Pendulum.PendulumAPP:_processSerialData:120 - 📏 串口长度数据已更新: L30.132893 -> physical_length=30.132893
2025-09-02 14:32:53.870 | INFO     | Pendulum.PendulumAPP:_processSerialData:121 - 🔄 数据来源: 串口接收 -> PendulumState.physical_length
2025-09-02 14:32:53.916 | INFO     | Pendulum.PendulumAPP:_processSerialData:120 - 📏 串口长度数据已更新: L30.132893 -> physical_length=30.132893
2025-09-02 14:32:53.917 | INFO     | Pendulum.PendulumAPP:_processSerialData:121 - 🔄 数据来源: 串口接收 -> PendulumState.physical_length
2025-09-02 14:32:53.962 | INFO     | Pendulum.PendulumAPP:_processSerialData:120 - 📏 串口长度数据已更新: L30.132893 -> physical_length=30.132893
2025-09-02 14:32:53.963 | INFO     | Pendulum.PendulumAPP:_processSerialData:121 - 🔄 数据来源: 串口接收 -> PendulumState.physical_length
2025-09-02 14:32:54.011 | INFO     | Pendulum.PendulumAPP:_processSerialData:120 - 📏 串口长度数据已更新: L30.132893 -> physical_length=30.132893
2025-09-02 14:32:54.012 | INFO     | Pendulum.PendulumAPP:_processSerialData:121 - 🔄 数据来源: 串口接收 -> PendulumState.physical_length
2025-09-02 14:32:54.056 | INFO     | Pendulum.PendulumAPP:_processSerialData:120 - 📏 串口长度数据已更新: L30.132893 -> physical_length=30.132893
2025-09-02 14:32:54.058 | INFO     | Pendulum.PendulumAPP:_processSerialData:121 - 🔄 数据来源: 串口接收 -> PendulumState.physical_length
2025-09-02 14:32:54.103 | INFO     | Pendulum.PendulumAPP:_processSerialData:120 - 📏 串口长度数据已更新: L30.132893 -> physical_length=30.132893
2025-09-02 14:32:54.103 | INFO     | Pendulum.PendulumAPP:_processSerialData:121 - 🔄 数据来源: 串口接收 -> PendulumState.physical_length
2025-09-02 14:32:54.151 | INFO     | Pendulum.PendulumAPP:_processSerialData:120 - 📏 串口长度数据已更新: L30.132893 -> physical_length=30.132893
2025-09-02 14:32:54.151 | INFO     | Pendulum.PendulumAPP:_processSerialData:121 - 🔄 数据来源: 串口接收 -> PendulumState.physical_length
2025-09-02 14:32:54.196 | INFO     | Pendulum.PendulumAPP:_processSerialData:120 - 📏 串口长度数据已更新: L30.132893 -> physical_length=30.132893
2025-09-02 14:32:54.197 | INFO     | Pendulum.PendulumAPP:_processSerialData:121 - 🔄 数据来源: 串口接收 -> PendulumState.physical_length
2025-09-02 14:32:54.242 | INFO     | Pendulum.PendulumAPP:_processSerialData:120 - 📏 串口长度数据已更新: L30.132893 -> physical_length=30.132893
2025-09-02 14:32:54.242 | INFO     | Pendulum.PendulumAPP:_processSerialData:121 - 🔄 数据来源: 串口接收 -> PendulumState.physical_length
2025-09-02 14:32:54.289 | INFO     | Pendulum.PendulumAPP:_processSerialData:120 - 📏 串口长度数据已更新: L30.132893 -> physical_length=30.132893
2025-09-02 14:32:54.290 | INFO     | Pendulum.PendulumAPP:_processSerialData:121 - 🔄 数据来源: 串口接收 -> PendulumState.physical_length
2025-09-02 14:32:54.335 | INFO     | Pendulum.PendulumAPP:_processSerialData:120 - 📏 串口长度数据已更新: L30.132893 -> physical_length=30.132893
2025-09-02 14:32:54.336 | INFO     | Pendulum.PendulumAPP:_processSerialData:121 - 🔄 数据来源: 串口接收 -> PendulumState.physical_length
2025-09-02 14:32:54.382 | INFO     | Pendulum.PendulumAPP:_processSerialData:120 - 📏 串口长度数据已更新: L30.132893 -> physical_length=30.132893
2025-09-02 14:32:54.383 | INFO     | Pendulum.PendulumAPP:_processSerialData:121 - 🔄 数据来源: 串口接收 -> PendulumState.physical_length
2025-09-02 14:32:54.428 | INFO     | Pendulum.PendulumAPP:_processSerialData:120 - 📏 串口长度数据已更新: L30.132893 -> physical_length=30.132893
2025-09-02 14:32:54.430 | INFO     | Pendulum.PendulumAPP:_processSerialData:121 - 🔄 数据来源: 串口接收 -> PendulumState.physical_length
2025-09-02 14:32:54.475 | INFO     | Pendulum.PendulumAPP:_processSerialData:120 - 📏 串口长度数据已更新: L30.132893 -> physical_length=30.132893
2025-09-02 14:32:54.478 | INFO     | Pendulum.PendulumAPP:_processSerialData:121 - 🔄 数据来源: 串口接收 -> PendulumState.physical_length
2025-09-02 14:32:54.521 | INFO     | Pendulum.PendulumAPP:_processSerialData:120 - 📏 串口长度数据已更新: L30.132893 -> physical_length=30.132893
2025-09-02 14:32:54.521 | INFO     | Pendulum.PendulumAPP:_processSerialData:121 - 🔄 数据来源: 串口接收 -> PendulumState.physical_length
2025-09-02 14:32:54.570 | INFO     | Pendulum.PendulumAPP:_processSerialData:120 - 📏 串口长度数据已更新: L30.132893 -> physical_length=30.132893
2025-09-02 14:32:54.571 | INFO     | Pendulum.PendulumAPP:_processSerialData:121 - 🔄 数据来源: 串口接收 -> PendulumState.physical_length
2025-09-02 14:32:54.611 | INFO     | Pendulum.PendulumAPP:_keyEventWeb:274 - u0
2025-09-02 14:32:54.613 | INFO     | Pendulum.SerialConncet:send:199 - sendu0
2025-09-02 14:32:54.614 | INFO     | Pendulum.SerialConncet:send:201 - [发送] u0
2025-09-02 14:32:54.631 | INFO     | Pendulum.PendulumAPP:_processSerialData:120 - 📏 串口长度数据已更新: L30.132893 -> physical_length=30.132893
2025-09-02 14:32:54.632 | INFO     | Pendulum.PendulumAPP:_processSerialData:121 - 🔄 数据来源: 串口接收 -> PendulumState.physical_length
2025-09-02 14:32:54.678 | INFO     | Pendulum.PendulumAPP:_processSerialData:120 - 📏 串口长度数据已更新: L30.132893 -> physical_length=30.132893
2025-09-02 14:32:54.679 | INFO     | Pendulum.PendulumAPP:_processSerialData:121 - 🔄 数据来源: 串口接收 -> PendulumState.physical_length
2025-09-02 14:32:54.725 | INFO     | Pendulum.PendulumAPP:_processSerialData:120 - 📏 串口长度数据已更新: L30.132893 -> physical_length=30.132893
2025-09-02 14:32:54.727 | INFO     | Pendulum.PendulumAPP:_processSerialData:121 - 🔄 数据来源: 串口接收 -> PendulumState.physical_length
2025-09-02 14:32:54.773 | INFO     | Pendulum.PendulumAPP:_processSerialData:120 - 📏 串口长度数据已更新: L30.132893 -> physical_length=30.132893
2025-09-02 14:32:54.774 | INFO     | Pendulum.PendulumAPP:_processSerialData:121 - 🔄 数据来源: 串口接收 -> PendulumState.physical_length
2025-09-02 14:32:54.819 | INFO     | Pendulum.PendulumAPP:_processSerialData:120 - 📏 串口长度数据已更新: L30.132893 -> physical_length=30.132893
2025-09-02 14:32:54.820 | INFO     | Pendulum.PendulumAPP:_processSerialData:121 - 🔄 数据来源: 串口接收 -> PendulumState.physical_length
2025-09-02 14:32:54.867 | INFO     | Pendulum.PendulumAPP:_processSerialData:120 - 📏 串口长度数据已更新: L30.132893 -> physical_length=30.132893
2025-09-02 14:32:54.868 | INFO     | Pendulum.PendulumAPP:_processSerialData:121 - 🔄 数据来源: 串口接收 -> PendulumState.physical_length
2025-09-02 14:32:54.912 | INFO     | Pendulum.PendulumAPP:_processSerialData:120 - 📏 串口长度数据已更新: L30.132893 -> physical_length=30.132893
2025-09-02 14:32:54.913 | INFO     | Pendulum.PendulumAPP:_processSerialData:121 - 🔄 数据来源: 串口接收 -> PendulumState.physical_length
2025-09-02 14:32:54.958 | INFO     | Pendulum.PendulumAPP:_processSerialData:120 - 📏 串口长度数据已更新: L30.132893 -> physical_length=30.132893
2025-09-02 14:32:54.959 | INFO     | Pendulum.PendulumAPP:_processSerialData:121 - 🔄 数据来源: 串口接收 -> PendulumState.physical_length
2025-09-02 14:32:55.005 | INFO     | Pendulum.PendulumAPP:_processSerialData:120 - 📏 串口长度数据已更新: L30.132893 -> physical_length=30.132893
2025-09-02 14:32:55.006 | INFO     | Pendulum.PendulumAPP:_processSerialData:121 - 🔄 数据来源: 串口接收 -> PendulumState.physical_length
2025-09-02 14:32:55.052 | INFO     | Pendulum.PendulumAPP:_processSerialData:120 - 📏 串口长度数据已更新: L30.132893 -> physical_length=30.132893
2025-09-02 14:32:55.053 | INFO     | Pendulum.PendulumAPP:_processSerialData:121 - 🔄 数据来源: 串口接收 -> PendulumState.physical_length
2025-09-02 14:32:55.099 | INFO     | Pendulum.PendulumAPP:_processSerialData:120 - 📏 串口长度数据已更新: L30.132893 -> physical_length=30.132893
2025-09-02 14:32:55.100 | INFO     | Pendulum.PendulumAPP:_processSerialData:121 - 🔄 数据来源: 串口接收 -> PendulumState.physical_length
2025-09-02 14:32:55.148 | INFO     | Pendulum.PendulumAPP:_processSerialData:120 - 📏 串口长度数据已更新: L30.132893 -> physical_length=30.132893
2025-09-02 14:32:55.149 | INFO     | Pendulum.PendulumAPP:_processSerialData:121 - 🔄 数据来源: 串口接收 -> PendulumState.physical_length
2025-09-02 14:32:55.192 | INFO     | Pendulum.PendulumAPP:_processSerialData:120 - 📏 串口长度数据已更新: L30.132893 -> physical_length=30.132893
2025-09-02 14:32:55.194 | INFO     | Pendulum.PendulumAPP:_processSerialData:121 - 🔄 数据来源: 串口接收 -> PendulumState.physical_length
2025-09-02 14:32:55.239 | INFO     | Pendulum.PendulumAPP:_processSerialData:120 - 📏 串口长度数据已更新: L30.132893 -> physical_length=30.132893
2025-09-02 14:32:55.240 | INFO     | Pendulum.PendulumAPP:_processSerialData:121 - 🔄 数据来源: 串口接收 -> PendulumState.physical_length
2025-09-02 14:32:55.286 | INFO     | Pendulum.PendulumAPP:_processSerialData:120 - 📏 串口长度数据已更新: L30.132893 -> physical_length=30.132893
2025-09-02 14:32:55.286 | INFO     | Pendulum.PendulumAPP:_processSerialData:121 - 🔄 数据来源: 串口接收 -> PendulumState.physical_length
2025-09-02 14:32:55.333 | INFO     | Pendulum.PendulumAPP:_processSerialData:120 - 📏 串口长度数据已更新: L30.132893 -> physical_length=30.132893
2025-09-02 14:32:55.334 | INFO     | Pendulum.PendulumAPP:_processSerialData:121 - 🔄 数据来源: 串口接收 -> PendulumState.physical_length
2025-09-02 14:32:55.380 | INFO     | Pendulum.PendulumAPP:_processSerialData:120 - 📏 串口长度数据已更新: L30.132893 -> physical_length=30.132893
2025-09-02 14:32:55.382 | INFO     | Pendulum.PendulumAPP:_processSerialData:121 - 🔄 数据来源: 串口接收 -> PendulumState.physical_length
2025-09-02 14:32:55.426 | INFO     | Pendulum.PendulumAPP:_processSerialData:120 - 📏 串口长度数据已更新: L30.132893 -> physical_length=30.132893
2025-09-02 14:32:55.427 | INFO     | Pendulum.PendulumAPP:_processSerialData:121 - 🔄 数据来源: 串口接收 -> PendulumState.physical_length
2025-09-02 14:32:55.473 | INFO     | Pendulum.PendulumAPP:_processSerialData:120 - 📏 串口长度数据已更新: L30.132893 -> physical_length=30.132893
2025-09-02 14:32:55.474 | INFO     | Pendulum.PendulumAPP:_processSerialData:121 - 🔄 数据来源: 串口接收 -> PendulumState.physical_length
2025-09-02 14:32:55.519 | INFO     | Pendulum.PendulumAPP:_processSerialData:120 - 📏 串口长度数据已更新: L30.132893 -> physical_length=30.132893
2025-09-02 14:32:55.520 | INFO     | Pendulum.PendulumAPP:_processSerialData:121 - 🔄 数据来源: 串口接收 -> PendulumState.physical_length
2025-09-02 14:32:55.566 | INFO     | Pendulum.PendulumAPP:_processSerialData:120 - 📏 串口长度数据已更新: L30.132893 -> physical_length=30.132893
2025-09-02 14:32:55.567 | INFO     | Pendulum.PendulumAPP:_processSerialData:121 - 🔄 数据来源: 串口接收 -> PendulumState.physical_length
2025-09-02 14:32:55.611 | INFO     | Pendulum.PendulumAPP:_processSerialData:120 - 📏 串口长度数据已更新: L30.132893 -> physical_length=30.132893
2025-09-02 14:32:55.612 | INFO     | Pendulum.PendulumAPP:_processSerialData:121 - 🔄 数据来源: 串口接收 -> PendulumState.physical_length
2025-09-02 14:32:55.657 | INFO     | Pendulum.PendulumAPP:_processSerialData:120 - 📏 串口长度数据已更新: L30.132893 -> physical_length=30.132893
2025-09-02 14:32:55.658 | INFO     | Pendulum.PendulumAPP:_processSerialData:121 - 🔄 数据来源: 串口接收 -> PendulumState.physical_length
2025-09-02 14:32:55.703 | INFO     | Pendulum.PendulumAPP:_processSerialData:120 - 📏 串口长度数据已更新: L30.132893 -> physical_length=30.132893
2025-09-02 14:32:55.706 | INFO     | Pendulum.PendulumAPP:_processSerialData:121 - 🔄 数据来源: 串口接收 -> PendulumState.physical_length
2025-09-02 14:32:55.750 | INFO     | Pendulum.PendulumAPP:_processSerialData:120 - 📏 串口长度数据已更新: L30.132893 -> physical_length=30.132893
2025-09-02 14:32:55.751 | INFO     | Pendulum.PendulumAPP:_processSerialData:121 - 🔄 数据来源: 串口接收 -> PendulumState.physical_length
2025-09-02 14:32:55.795 | INFO     | Pendulum.PendulumAPP:_processSerialData:120 - 📏 串口长度数据已更新: L30.132893 -> physical_length=30.132893
2025-09-02 14:32:55.796 | INFO     | Pendulum.PendulumAPP:_processSerialData:121 - 🔄 数据来源: 串口接收 -> PendulumState.physical_length
2025-09-02 14:32:55.842 | INFO     | Pendulum.PendulumAPP:_processSerialData:120 - 📏 串口长度数据已更新: L30.132893 -> physical_length=30.132893
2025-09-02 14:32:55.843 | INFO     | Pendulum.PendulumAPP:_processSerialData:121 - 🔄 数据来源: 串口接收 -> PendulumState.physical_length
2025-09-02 14:32:55.888 | INFO     | Pendulum.PendulumAPP:_processSerialData:120 - 📏 串口长度数据已更新: L30.132893 -> physical_length=30.132893
2025-09-02 14:32:55.889 | INFO     | Pendulum.PendulumAPP:_processSerialData:121 - 🔄 数据来源: 串口接收 -> PendulumState.physical_length
2025-09-02 14:32:55.934 | INFO     | Pendulum.PendulumAPP:_processSerialData:120 - 📏 串口长度数据已更新: L30.132893 -> physical_length=30.132893
2025-09-02 14:32:55.935 | INFO     | Pendulum.PendulumAPP:_processSerialData:121 - 🔄 数据来源: 串口接收 -> PendulumState.physical_length
2025-09-02 14:32:55.980 | INFO     | Pendulum.PendulumAPP:_processSerialData:120 - 📏 串口长度数据已更新: L30.132893 -> physical_length=30.132893
2025-09-02 14:32:55.981 | INFO     | Pendulum.PendulumAPP:_processSerialData:121 - 🔄 数据来源: 串口接收 -> PendulumState.physical_length
2025-09-02 14:32:56.027 | INFO     | Pendulum.PendulumAPP:_processSerialData:120 - 📏 串口长度数据已更新: L30.132893 -> physical_length=30.132893
2025-09-02 14:32:56.027 | INFO     | Pendulum.PendulumAPP:_processSerialData:121 - 🔄 数据来源: 串口接收 -> PendulumState.physical_length
2025-09-02 14:32:56.074 | INFO     | Pendulum.PendulumAPP:_processSerialData:120 - 📏 串口长度数据已更新: L30.132893 -> physical_length=30.132893
2025-09-02 14:32:56.076 | INFO     | Pendulum.PendulumAPP:_processSerialData:121 - 🔄 数据来源: 串口接收 -> PendulumState.physical_length
2025-09-02 14:32:56.120 | INFO     | Pendulum.PendulumAPP:_processSerialData:120 - 📏 串口长度数据已更新: L30.132893 -> physical_length=30.132893
2025-09-02 14:32:56.121 | INFO     | Pendulum.PendulumAPP:_processSerialData:121 - 🔄 数据来源: 串口接收 -> PendulumState.physical_length
2025-09-02 14:32:56.167 | INFO     | Pendulum.PendulumAPP:_processSerialData:120 - 📏 串口长度数据已更新: L30.132893 -> physical_length=30.132893
2025-09-02 14:32:56.170 | INFO     | Pendulum.PendulumAPP:_processSerialData:121 - 🔄 数据来源: 串口接收 -> PendulumState.physical_length
2025-09-02 14:32:56.214 | INFO     | Pendulum.PendulumAPP:_processSerialData:120 - 📏 串口长度数据已更新: L30.132893 -> physical_length=30.132893
2025-09-02 14:32:56.216 | INFO     | Pendulum.PendulumAPP:_processSerialData:121 - 🔄 数据来源: 串口接收 -> PendulumState.physical_length
2025-09-02 14:32:56.261 | INFO     | Pendulum.PendulumAPP:_processSerialData:120 - 📏 串口长度数据已更新: L30.132893 -> physical_length=30.132893
2025-09-02 14:32:56.264 | INFO     | Pendulum.PendulumAPP:_processSerialData:121 - 🔄 数据来源: 串口接收 -> PendulumState.physical_length
2025-09-02 14:32:56.307 | INFO     | Pendulum.PendulumAPP:_processSerialData:120 - 📏 串口长度数据已更新: L30.132893 -> physical_length=30.132893
2025-09-02 14:32:56.308 | INFO     | Pendulum.PendulumAPP:_processSerialData:121 - 🔄 数据来源: 串口接收 -> PendulumState.physical_length
2025-09-02 14:32:56.354 | INFO     | Pendulum.PendulumAPP:_processSerialData:120 - 📏 串口长度数据已更新: L30.132893 -> physical_length=30.132893
2025-09-02 14:32:56.355 | INFO     | Pendulum.PendulumAPP:_processSerialData:121 - 🔄 数据来源: 串口接收 -> PendulumState.physical_length
2025-09-02 14:32:56.399 | INFO     | Pendulum.PendulumAPP:_processSerialData:120 - 📏 串口长度数据已更新: L30.132893 -> physical_length=30.132893
2025-09-02 14:32:56.400 | INFO     | Pendulum.PendulumAPP:_processSerialData:121 - 🔄 数据来源: 串口接收 -> PendulumState.physical_length
2025-09-02 14:32:56.445 | INFO     | Pendulum.PendulumAPP:_processSerialData:120 - 📏 串口长度数据已更新: L30.132893 -> physical_length=30.132893
2025-09-02 14:32:56.446 | INFO     | Pendulum.PendulumAPP:_processSerialData:121 - 🔄 数据来源: 串口接收 -> PendulumState.physical_length
2025-09-02 14:32:56.491 | INFO     | Pendulum.PendulumAPP:_processSerialData:120 - 📏 串口长度数据已更新: L30.132893 -> physical_length=30.132893
2025-09-02 14:32:56.494 | INFO     | Pendulum.PendulumAPP:_processSerialData:121 - 🔄 数据来源: 串口接收 -> PendulumState.physical_length
2025-09-02 14:32:56.539 | INFO     | Pendulum.PendulumAPP:_processSerialData:120 - 📏 串口长度数据已更新: L30.132893 -> physical_length=30.132893
2025-09-02 14:32:56.541 | INFO     | Pendulum.PendulumAPP:_processSerialData:121 - 🔄 数据来源: 串口接收 -> PendulumState.physical_length
2025-09-02 14:32:56.585 | INFO     | Pendulum.PendulumAPP:_processSerialData:120 - 📏 串口长度数据已更新: L30.132893 -> physical_length=30.132893
2025-09-02 14:32:56.585 | INFO     | Pendulum.PendulumAPP:_processSerialData:121 - 🔄 数据来源: 串口接收 -> PendulumState.physical_length
2025-09-02 14:32:56.632 | INFO     | Pendulum.PendulumAPP:_processSerialData:120 - 📏 串口长度数据已更新: L30.132893 -> physical_length=30.132893
2025-09-02 14:32:56.635 | INFO     | Pendulum.PendulumAPP:_processSerialData:121 - 🔄 数据来源: 串口接收 -> PendulumState.physical_length
2025-09-02 14:32:56.679 | INFO     | Pendulum.PendulumAPP:_processSerialData:120 - 📏 串口长度数据已更新: L30.132893 -> physical_length=30.132893
2025-09-02 14:32:56.681 | INFO     | Pendulum.PendulumAPP:_processSerialData:121 - 🔄 数据来源: 串口接收 -> PendulumState.physical_length
2025-09-02 14:32:56.724 | INFO     | Pendulum.PendulumAPP:_processSerialData:120 - 📏 串口长度数据已更新: L30.132893 -> physical_length=30.132893
2025-09-02 14:32:56.724 | INFO     | Pendulum.PendulumAPP:_processSerialData:121 - 🔄 数据来源: 串口接收 -> PendulumState.physical_length
2025-09-02 14:32:56.771 | INFO     | Pendulum.PendulumAPP:_processSerialData:120 - 📏 串口长度数据已更新: L30.132893 -> physical_length=30.132893
2025-09-02 14:32:56.773 | INFO     | Pendulum.PendulumAPP:_processSerialData:121 - 🔄 数据来源: 串口接收 -> PendulumState.physical_length
2025-09-02 14:32:56.818 | INFO     | Pendulum.PendulumAPP:_processSerialData:120 - 📏 串口长度数据已更新: L30.132893 -> physical_length=30.132893
2025-09-02 14:32:56.818 | INFO     | Pendulum.PendulumAPP:_processSerialData:121 - 🔄 数据来源: 串口接收 -> PendulumState.physical_length
2025-09-02 14:32:56.863 | INFO     | Pendulum.PendulumAPP:_processSerialData:120 - 📏 串口长度数据已更新: L30.132893 -> physical_length=30.132893
2025-09-02 14:32:56.864 | INFO     | Pendulum.PendulumAPP:_processSerialData:121 - 🔄 数据来源: 串口接收 -> PendulumState.physical_length
2025-09-02 14:32:56.909 | INFO     | Pendulum.PendulumAPP:_processSerialData:120 - 📏 串口长度数据已更新: L30.132893 -> physical_length=30.132893
2025-09-02 14:32:56.910 | INFO     | Pendulum.PendulumAPP:_processSerialData:121 - 🔄 数据来源: 串口接收 -> PendulumState.physical_length
2025-09-02 14:32:56.958 | INFO     | Pendulum.PendulumAPP:_processSerialData:120 - 📏 串口长度数据已更新: L30.132893 -> physical_length=30.132893
2025-09-02 14:32:56.960 | INFO     | Pendulum.PendulumAPP:_processSerialData:121 - 🔄 数据来源: 串口接收 -> PendulumState.physical_length
2025-09-02 14:32:56.992 | INFO     | Pendulum.PendulumAPP:_keyEventWeb:252 - 清除数据
2025-09-02 14:32:56.993 | INFO     | Pendulum.SerialConncet:send:199 - sendr
2025-09-02 14:32:56.994 | INFO     | Pendulum.SerialConncet:send:201 - [发送] r
2025-09-02 14:32:56.997 | INFO     | Pendulum.SerialConncet:_run:176 - [接收] R
2025-09-02 14:32:57.040 | INFO     | Pendulum.PendulumAPP:_keyEventWeb:286 - d0
2025-09-02 14:32:57.040 | INFO     | Pendulum.SerialConncet:send:199 - sendd0
2025-09-02 14:32:57.042 | INFO     | Pendulum.SerialConncet:send:201 - [发送] d0
2025-09-02 14:32:57.636 | INFO     | Pendulum.SerialConncet:_run:176 - [接收] T0.000000,0.000000,0.000000
2025-09-02 14:32:59.834 | INFO     | Pendulum.SerialConncet:_run:176 - [接收] T1.000000,1.105784,1.105784
2025-09-02 14:32:59.836 | INFO     | Pendulum.SerialConncet:_run:176 - [接收] L30.214327
2025-09-02 14:32:59.851 | INFO     | Pendulum.PendulumAPP:_processSerialData:120 - 📏 串口长度数据已更新: L30.214327 -> physical_length=30.214327
2025-09-02 14:32:59.854 | INFO     | Pendulum.PendulumAPP:_processSerialData:121 - 🔄 数据来源: 串口接收 -> PendulumState.physical_length
2025-09-02 14:32:59.897 | INFO     | Pendulum.PendulumAPP:_processSerialData:120 - 📏 串口长度数据已更新: L30.214327 -> physical_length=30.214327
2025-09-02 14:32:59.898 | INFO     | Pendulum.PendulumAPP:_processSerialData:121 - 🔄 数据来源: 串口接收 -> PendulumState.physical_length
2025-09-02 14:32:59.943 | INFO     | Pendulum.PendulumAPP:_processSerialData:120 - 📏 串口长度数据已更新: L30.214327 -> physical_length=30.214327
2025-09-02 14:32:59.945 | INFO     | Pendulum.PendulumAPP:_processSerialData:121 - 🔄 数据来源: 串口接收 -> PendulumState.physical_length
2025-09-02 14:32:59.988 | INFO     | Pendulum.PendulumAPP:_processSerialData:120 - 📏 串口长度数据已更新: L30.214327 -> physical_length=30.214327
2025-09-02 14:32:59.989 | INFO     | Pendulum.PendulumAPP:_processSerialData:121 - 🔄 数据来源: 串口接收 -> PendulumState.physical_length
2025-09-02 14:33:00.035 | INFO     | Pendulum.PendulumAPP:_processSerialData:120 - 📏 串口长度数据已更新: L30.214327 -> physical_length=30.214327
2025-09-02 14:33:00.037 | INFO     | Pendulum.PendulumAPP:_processSerialData:121 - 🔄 数据来源: 串口接收 -> PendulumState.physical_length
2025-09-02 14:33:00.083 | INFO     | Pendulum.PendulumAPP:_processSerialData:120 - 📏 串口长度数据已更新: L30.214327 -> physical_length=30.214327
2025-09-02 14:33:00.085 | INFO     | Pendulum.PendulumAPP:_processSerialData:121 - 🔄 数据来源: 串口接收 -> PendulumState.physical_length
2025-09-02 14:33:00.130 | INFO     | Pendulum.PendulumAPP:_processSerialData:120 - 📏 串口长度数据已更新: L30.214327 -> physical_length=30.214327
2025-09-02 14:33:00.132 | INFO     | Pendulum.PendulumAPP:_processSerialData:121 - 🔄 数据来源: 串口接收 -> PendulumState.physical_length
2025-09-02 14:33:00.176 | INFO     | Pendulum.PendulumAPP:_processSerialData:120 - 📏 串口长度数据已更新: L30.214327 -> physical_length=30.214327
2025-09-02 14:33:00.177 | INFO     | Pendulum.PendulumAPP:_processSerialData:121 - 🔄 数据来源: 串口接收 -> PendulumState.physical_length
2025-09-02 14:33:00.221 | INFO     | Pendulum.PendulumAPP:_processSerialData:120 - 📏 串口长度数据已更新: L30.214327 -> physical_length=30.214327
2025-09-02 14:33:00.222 | INFO     | Pendulum.PendulumAPP:_processSerialData:121 - 🔄 数据来源: 串口接收 -> PendulumState.physical_length
2025-09-02 14:33:00.269 | INFO     | Pendulum.PendulumAPP:_processSerialData:120 - 📏 串口长度数据已更新: L30.214327 -> physical_length=30.214327
2025-09-02 14:33:00.270 | INFO     | Pendulum.PendulumAPP:_processSerialData:121 - 🔄 数据来源: 串口接收 -> PendulumState.physical_length
2025-09-02 14:33:00.316 | INFO     | Pendulum.PendulumAPP:_processSerialData:120 - 📏 串口长度数据已更新: L30.214327 -> physical_length=30.214327
2025-09-02 14:33:00.318 | INFO     | Pendulum.PendulumAPP:_processSerialData:121 - 🔄 数据来源: 串口接收 -> PendulumState.physical_length
2025-09-02 14:33:00.362 | INFO     | Pendulum.PendulumAPP:_processSerialData:120 - 📏 串口长度数据已更新: L30.214327 -> physical_length=30.214327
2025-09-02 14:33:00.364 | INFO     | Pendulum.PendulumAPP:_processSerialData:121 - 🔄 数据来源: 串口接收 -> PendulumState.physical_length
2025-09-02 14:33:00.408 | INFO     | Pendulum.PendulumAPP:_processSerialData:120 - 📏 串口长度数据已更新: L30.214327 -> physical_length=30.214327
2025-09-02 14:33:00.409 | INFO     | Pendulum.PendulumAPP:_processSerialData:121 - 🔄 数据来源: 串口接收 -> PendulumState.physical_length
2025-09-02 14:33:00.454 | INFO     | Pendulum.PendulumAPP:_processSerialData:120 - 📏 串口长度数据已更新: L30.214327 -> physical_length=30.214327
2025-09-02 14:33:00.457 | INFO     | Pendulum.PendulumAPP:_processSerialData:121 - 🔄 数据来源: 串口接收 -> PendulumState.physical_length
2025-09-02 14:33:00.501 | INFO     | Pendulum.PendulumAPP:_processSerialData:120 - 📏 串口长度数据已更新: L30.214327 -> physical_length=30.214327
2025-09-02 14:33:00.503 | INFO     | Pendulum.PendulumAPP:_processSerialData:121 - 🔄 数据来源: 串口接收 -> PendulumState.physical_length
2025-09-02 14:33:00.548 | INFO     | Pendulum.PendulumAPP:_processSerialData:120 - 📏 串口长度数据已更新: L30.214327 -> physical_length=30.214327
2025-09-02 14:33:00.549 | INFO     | Pendulum.PendulumAPP:_processSerialData:121 - 🔄 数据来源: 串口接收 -> PendulumState.physical_length
2025-09-02 14:33:00.595 | INFO     | Pendulum.PendulumAPP:_processSerialData:120 - 📏 串口长度数据已更新: L30.214327 -> physical_length=30.214327
2025-09-02 14:33:00.596 | INFO     | Pendulum.PendulumAPP:_processSerialData:121 - 🔄 数据来源: 串口接收 -> PendulumState.physical_length
2025-09-02 14:33:00.642 | INFO     | Pendulum.PendulumAPP:_processSerialData:120 - 📏 串口长度数据已更新: L30.214327 -> physical_length=30.214327
2025-09-02 14:33:00.643 | INFO     | Pendulum.PendulumAPP:_processSerialData:121 - 🔄 数据来源: 串口接收 -> PendulumState.physical_length
2025-09-02 14:33:00.673 | INFO     | Pendulum.PendulumAPP:_processSerialData:120 - 📏 串口长度数据已更新: L30.214327 -> physical_length=30.214327
2025-09-02 14:33:00.674 | INFO     | Pendulum.PendulumAPP:_processSerialData:121 - 🔄 数据来源: 串口接收 -> PendulumState.physical_length
2025-09-02 14:33:00.720 | INFO     | Pendulum.PendulumAPP:_processSerialData:120 - 📏 串口长度数据已更新: L30.214327 -> physical_length=30.214327
2025-09-02 14:33:00.721 | INFO     | Pendulum.PendulumAPP:_processSerialData:121 - 🔄 数据来源: 串口接收 -> PendulumState.physical_length
2025-09-02 14:33:00.766 | INFO     | Pendulum.PendulumAPP:_processSerialData:120 - 📏 串口长度数据已更新: L30.214327 -> physical_length=30.214327
2025-09-02 14:33:00.767 | INFO     | Pendulum.PendulumAPP:_processSerialData:121 - 🔄 数据来源: 串口接收 -> PendulumState.physical_length
2025-09-02 14:33:00.813 | INFO     | Pendulum.PendulumAPP:_processSerialData:120 - 📏 串口长度数据已更新: L30.214327 -> physical_length=30.214327
2025-09-02 14:33:00.814 | INFO     | Pendulum.PendulumAPP:_processSerialData:121 - 🔄 数据来源: 串口接收 -> PendulumState.physical_length
2025-09-02 14:33:00.858 | INFO     | Pendulum.PendulumAPP:_processSerialData:120 - 📏 串口长度数据已更新: L30.214327 -> physical_length=30.214327
2025-09-02 14:33:00.860 | INFO     | Pendulum.PendulumAPP:_processSerialData:121 - 🔄 数据来源: 串口接收 -> PendulumState.physical_length
2025-09-02 14:33:00.904 | INFO     | Pendulum.PendulumAPP:_processSerialData:120 - 📏 串口长度数据已更新: L30.214327 -> physical_length=30.214327
2025-09-02 14:33:00.905 | INFO     | Pendulum.PendulumAPP:_processSerialData:121 - 🔄 数据来源: 串口接收 -> PendulumState.physical_length
2025-09-02 14:33:00.936 | INFO     | Pendulum.SerialConncet:_run:176 - [接收] T2.000000,1.101425,2.207209
2025-09-02 14:33:02.034 | INFO     | Pendulum.SerialConncet:_run:176 - [接收] T3.000000,1.103677,3.310886
2025-09-02 14:33:03.133 | INFO     | Pendulum.SerialConncet:_run:176 - [接收] T4.000000,1.106099,4.416985
2025-09-02 14:33:04.234 | INFO     | Pendulum.SerialConncet:_run:176 - [接收] T5.000000,1.100711,5.517695
2025-09-02 14:33:05.331 | INFO     | Pendulum.SerialConncet:_run:176 - [接收] T6.000000,1.104055,6.621751
2025-09-02 14:33:06.430 | INFO     | Pendulum.SerialConncet:_run:176 - [接收] T7.000000,1.102774,7.724525
2025-09-02 14:33:07.530 | INFO     | Pendulum.SerialConncet:_run:176 - [接收] T8.000000,1.103607,8.828133
2025-09-02 14:33:08.630 | INFO     | Pendulum.SerialConncet:_run:176 - [接收] T9.000000,1.104373,9.932507
2025-09-02 14:33:09.729 | INFO     | Pendulum.SerialConncet:_run:176 - [接收] T10.000000,1.102639,11.035145
2025-09-02 14:33:10.827 | INFO     | Pendulum.SerialConncet:_run:176 - [接收] T11.000000,1.103692,12.138837
2025-09-02 14:33:11.926 | INFO     | Pendulum.SerialConncet:_run:176 - [接收] T12.000000,1.103933,13.242769
2025-09-02 14:33:13.026 | INFO     | Pendulum.SerialConncet:_run:176 - [接收] T13.000000,1.102906,14.345675
2025-09-02 14:33:14.125 | INFO     | Pendulum.SerialConncet:_run:176 - [接收] T14.000000,1.103418,15.449093
2025-09-02 14:33:15.225 | INFO     | Pendulum.SerialConncet:_run:176 - [接收] T15.000000,1.100183,16.549276
2025-09-02 14:33:16.324 | INFO     | Pendulum.SerialConncet:_run:176 - [接收] T16.000000,1.103468,17.652744
2025-09-02 14:33:17.421 | INFO     | Pendulum.SerialConncet:_run:176 - [接收] T17.000000,1.103140,18.755884
2025-09-02 14:33:18.524 | INFO     | Pendulum.SerialConncet:_run:176 - [接收] T18.000000,1.103784,19.859669
2025-09-02 14:33:19.621 | INFO     | Pendulum.SerialConncet:_run:176 - [接收] T19.000000,1.103552,20.963221
2025-09-02 14:33:20.720 | INFO     | Pendulum.SerialConncet:_run:176 - [接收] T20.000000,1.103184,22.066404
2025-09-02 14:33:32.484 | INFO     | Pendulum.PendulumAPP:_keyEventWeb:277 - n2
2025-09-02 14:33:32.485 | INFO     | Pendulum.SerialConncet:send:199 - sendn2
2025-09-02 14:33:32.486 | INFO     | Pendulum.SerialConncet:send:201 - [发送] n2
2025-09-02 14:33:37.106 | INFO     | Pendulum.PendulumAPP:_keyEventWeb:283 - n0
2025-09-02 14:33:37.107 | INFO     | Pendulum.SerialConncet:send:199 - sendn0
2025-09-02 14:33:37.108 | INFO     | Pendulum.SerialConncet:send:201 - [发送] n0
2025-09-02 14:33:38.644 | INFO     | Pendulum.PendulumAPP:_keyEventWeb:246 - ↓
2025-09-02 14:33:38.645 | INFO     | Pendulum.SerialConncet:send:199 - sendm1
2025-09-02 14:33:38.647 | INFO     | Pendulum.SerialConncet:send:201 - [发送] m1
2025-09-02 14:33:38.669 | INFO     | Pendulum.SerialConncet:_run:176 - [接收] L30.239847
2025-09-02 14:33:38.690 | INFO     | Pendulum.SerialConncet:_run:176 - [接收] L30.265369
2025-09-02 14:33:38.711 | INFO     | Pendulum.SerialConncet:_run:176 - [接收] L30.290890
2025-09-02 14:33:38.719 | INFO     | Pendulum.PendulumAPP:_processSerialData:120 - 📏 串口长度数据已更新: L30.290890 -> physical_length=30.290890
2025-09-02 14:33:38.720 | INFO     | Pendulum.PendulumAPP:_processSerialData:121 - 🔄 数据来源: 串口接收 -> PendulumState.physical_length
2025-09-02 14:33:38.731 | INFO     | Pendulum.SerialConncet:_run:176 - [接收] L30.316410
2025-09-02 14:33:38.754 | INFO     | Pendulum.SerialConncet:_run:176 - [接收] L30.341932
2025-09-02 14:33:38.767 | INFO     | Pendulum.PendulumAPP:_processSerialData:120 - 📏 串口长度数据已更新: L30.341932 -> physical_length=30.341932
2025-09-02 14:33:38.768 | INFO     | Pendulum.PendulumAPP:_processSerialData:121 - 🔄 数据来源: 串口接收 -> PendulumState.physical_length
2025-09-02 14:33:38.774 | INFO     | Pendulum.SerialConncet:_run:176 - [接收] L30.367453
2025-09-02 14:33:38.794 | INFO     | Pendulum.SerialConncet:_run:176 - [接收] L30.392973
2025-09-02 14:33:38.813 | INFO     | Pendulum.PendulumAPP:_processSerialData:120 - 📏 串口长度数据已更新: L30.392973 -> physical_length=30.392973
2025-09-02 14:33:38.815 | INFO     | Pendulum.PendulumAPP:_processSerialData:121 - 🔄 数据来源: 串口接收 -> PendulumState.physical_length
2025-09-02 14:33:38.817 | INFO     | Pendulum.SerialConncet:_run:176 - [接收] L30.418495
2025-09-02 14:33:38.837 | INFO     | Pendulum.SerialConncet:_run:176 - [接收] L30.444016
2025-09-02 14:33:38.857 | INFO     | Pendulum.SerialConncet:_run:176 - [接收] L30.469536
2025-09-02 14:33:38.858 | INFO     | Pendulum.PendulumAPP:_processSerialData:120 - 📏 串口长度数据已更新: L30.444016 -> physical_length=30.444016
2025-09-02 14:33:38.859 | INFO     | Pendulum.PendulumAPP:_processSerialData:121 - 🔄 数据来源: 串口接收 -> PendulumState.physical_length
2025-09-02 14:33:38.878 | INFO     | Pendulum.SerialConncet:_run:176 - [接收] L30.495056
2025-09-02 14:33:38.898 | INFO     | Pendulum.SerialConncet:_run:176 - [接收] L30.520578
2025-09-02 14:33:38.905 | INFO     | Pendulum.PendulumAPP:_processSerialData:120 - 📏 串口长度数据已更新: L30.520578 -> physical_length=30.520578
2025-09-02 14:33:38.906 | INFO     | Pendulum.PendulumAPP:_processSerialData:121 - 🔄 数据来源: 串口接收 -> PendulumState.physical_length
2025-09-02 14:33:38.920 | INFO     | Pendulum.SerialConncet:_run:176 - [接收] L30.546099
2025-09-02 14:33:38.940 | INFO     | Pendulum.SerialConncet:_run:176 - [接收] L30.571619
2025-09-02 14:33:38.950 | INFO     | Pendulum.PendulumAPP:_processSerialData:120 - 📏 串口长度数据已更新: L30.571619 -> physical_length=30.571619
2025-09-02 14:33:38.950 | INFO     | Pendulum.PendulumAPP:_processSerialData:121 - 🔄 数据来源: 串口接收 -> PendulumState.physical_length
2025-09-02 14:33:38.962 | INFO     | Pendulum.SerialConncet:_run:176 - [接收] L30.597143
2025-09-02 14:33:38.982 | INFO     | Pendulum.SerialConncet:_run:176 - [接收] L30.622662
2025-09-02 14:33:38.997 | INFO     | Pendulum.PendulumAPP:_processSerialData:120 - 📏 串口长度数据已更新: L30.622662 -> physical_length=30.622662
2025-09-02 14:33:38.998 | INFO     | Pendulum.PendulumAPP:_processSerialData:121 - 🔄 数据来源: 串口接收 -> PendulumState.physical_length
2025-09-02 14:33:39.003 | INFO     | Pendulum.SerialConncet:_run:176 - [接收] L30.648182
2025-09-02 14:33:39.024 | INFO     | Pendulum.SerialConncet:_run:176 - [接收] L30.673706
2025-09-02 14:33:39.044 | INFO     | Pendulum.PendulumAPP:_processSerialData:120 - 📏 串口长度数据已更新: L30.673706 -> physical_length=30.673706
2025-09-02 14:33:39.044 | INFO     | Pendulum.PendulumAPP:_processSerialData:121 - 🔄 数据来源: 串口接收 -> PendulumState.physical_length
2025-09-02 14:33:39.047 | INFO     | Pendulum.SerialConncet:_run:176 - [接收] L30.699226
2025-09-02 14:33:39.067 | INFO     | Pendulum.SerialConncet:_run:176 - [接收] L30.724745
2025-09-02 14:33:39.087 | INFO     | Pendulum.SerialConncet:_run:176 - [接收] L30.750269
2025-09-02 14:33:39.090 | INFO     | Pendulum.PendulumAPP:_processSerialData:120 - 📏 串口长度数据已更新: L30.750269 -> physical_length=30.750269
2025-09-02 14:33:39.090 | INFO     | Pendulum.PendulumAPP:_processSerialData:121 - 🔄 数据来源: 串口接收 -> PendulumState.physical_length
2025-09-02 14:33:39.110 | INFO     | Pendulum.SerialConncet:_run:176 - [接收] L30.775789
2025-09-02 14:33:39.129 | INFO     | Pendulum.SerialConncet:_run:176 - [接收] L30.801310
2025-09-02 14:33:39.150 | INFO     | Pendulum.SerialConncet:_run:176 - [接收] L30.826828
2025-09-02 14:33:39.152 | INFO     | Pendulum.PendulumAPP:_processSerialData:120 - 📏 串口长度数据已更新: L30.826828 -> physical_length=30.826828
2025-09-02 14:33:39.152 | INFO     | Pendulum.PendulumAPP:_processSerialData:121 - 🔄 数据来源: 串口接收 -> PendulumState.physical_length
2025-09-02 14:33:39.170 | INFO     | Pendulum.SerialConncet:_run:176 - [接收] L30.852352
2025-09-02 14:33:39.193 | INFO     | Pendulum.SerialConncet:_run:176 - [接收] L30.877872
2025-09-02 14:33:39.197 | INFO     | Pendulum.PendulumAPP:_processSerialData:120 - 📏 串口长度数据已更新: L30.877872 -> physical_length=30.877872
2025-09-02 14:33:39.198 | INFO     | Pendulum.PendulumAPP:_processSerialData:121 - 🔄 数据来源: 串口接收 -> PendulumState.physical_length
2025-09-02 14:33:39.213 | INFO     | Pendulum.SerialConncet:_run:176 - [接收] L30.903393
2025-09-02 14:33:39.234 | INFO     | Pendulum.SerialConncet:_run:176 - [接收] L30.928915
2025-09-02 14:33:39.244 | INFO     | Pendulum.PendulumAPP:_processSerialData:120 - 📏 串口长度数据已更新: L30.928915 -> physical_length=30.928915
2025-09-02 14:33:39.246 | INFO     | Pendulum.PendulumAPP:_processSerialData:121 - 🔄 数据来源: 串口接收 -> PendulumState.physical_length
2025-09-02 14:33:39.254 | INFO     | Pendulum.SerialConncet:_run:176 - [接收] L30.954435
2025-09-02 14:33:39.277 | INFO     | Pendulum.SerialConncet:_run:176 - [接收] L30.979956
2025-09-02 14:33:39.292 | INFO     | Pendulum.PendulumAPP:_processSerialData:120 - 📏 串口长度数据已更新: L30.979956 -> physical_length=30.979956
2025-09-02 14:33:39.293 | INFO     | Pendulum.PendulumAPP:_processSerialData:121 - 🔄 数据来源: 串口接收 -> PendulumState.physical_length
2025-09-02 14:33:39.296 | INFO     | Pendulum.SerialConncet:_run:176 - [接收] L31.005478
2025-09-02 14:33:39.317 | INFO     | Pendulum.SerialConncet:_run:176 - [接收] L31.030998
2025-09-02 14:33:39.344 | INFO     | Pendulum.SerialConncet:_run:176 - [接收] L31.056519
2025-09-02 14:33:39.352 | INFO     | Pendulum.PendulumAPP:_processSerialData:120 - 📏 串口长度数据已更新: L31.056519 -> physical_length=31.056519
2025-09-02 14:33:39.353 | INFO     | Pendulum.PendulumAPP:_processSerialData:121 - 🔄 数据来源: 串口接收 -> PendulumState.physical_length
2025-09-02 14:33:39.359 | INFO     | Pendulum.SerialConncet:_run:176 - [接收] L31.082041
2025-09-02 14:33:39.380 | INFO     | Pendulum.SerialConncet:_run:176 - [接收] L31.107561
2025-09-02 14:33:39.398 | INFO     | Pendulum.PendulumAPP:_processSerialData:120 - 📏 串口长度数据已更新: L31.107561 -> physical_length=31.107561
2025-09-02 14:33:39.401 | INFO     | Pendulum.PendulumAPP:_processSerialData:121 - 🔄 数据来源: 串口接收 -> PendulumState.physical_length
2025-09-02 14:33:39.407 | INFO     | Pendulum.SerialConncet:_run:176 - [接收] L31.133081
2025-09-02 14:33:39.422 | INFO     | Pendulum.SerialConncet:_run:176 - [接收] L31.158606
2025-09-02 14:33:39.442 | INFO     | Pendulum.SerialConncet:_run:176 - [接收] L31.184124
2025-09-02 14:33:39.445 | INFO     | Pendulum.PendulumAPP:_processSerialData:120 - 📏 串口长度数据已更新: L31.184124 -> physical_length=31.184124
2025-09-02 14:33:39.445 | INFO     | Pendulum.PendulumAPP:_processSerialData:121 - 🔄 数据来源: 串口接收 -> PendulumState.physical_length
2025-09-02 14:33:39.466 | INFO     | Pendulum.SerialConncet:_run:176 - [接收] L31.209644
2025-09-02 14:33:39.484 | INFO     | Pendulum.SerialConncet:_run:176 - [接收] L31.235168
2025-09-02 14:33:39.491 | INFO     | Pendulum.PendulumAPP:_processSerialData:120 - 📏 串口长度数据已更新: L31.235168 -> physical_length=31.235168
2025-09-02 14:33:39.493 | INFO     | Pendulum.PendulumAPP:_processSerialData:121 - 🔄 数据来源: 串口接收 -> PendulumState.physical_length
2025-09-02 14:33:39.505 | INFO     | Pendulum.SerialConncet:_run:176 - [接收] L31.260689
2025-09-02 14:33:39.534 | INFO     | Pendulum.SerialConncet:_run:176 - [接收] L31.286207
2025-09-02 14:33:39.539 | INFO     | Pendulum.PendulumAPP:_processSerialData:120 - 📏 串口长度数据已更新: L31.286207 -> physical_length=31.286207
2025-09-02 14:33:39.542 | INFO     | Pendulum.PendulumAPP:_processSerialData:121 - 🔄 数据来源: 串口接收 -> PendulumState.physical_length
2025-09-02 14:33:39.547 | INFO     | Pendulum.SerialConncet:_run:176 - [接收] L31.311728
2025-09-02 14:33:39.569 | INFO     | Pendulum.SerialConncet:_run:176 - [接收] L31.337252
2025-09-02 14:33:39.585 | INFO     | Pendulum.PendulumAPP:_processSerialData:120 - 📏 串口长度数据已更新: L31.337252 -> physical_length=31.337252
2025-09-02 14:33:39.586 | INFO     | Pendulum.PendulumAPP:_processSerialData:121 - 🔄 数据来源: 串口接收 -> PendulumState.physical_length
2025-09-02 14:33:39.590 | INFO     | Pendulum.SerialConncet:_run:176 - [接收] L31.362772
2025-09-02 14:33:39.610 | INFO     | Pendulum.SerialConncet:_run:176 - [接收] L31.388290
2025-09-02 14:33:39.618 | INFO     | Pendulum.PendulumAPP:_processSerialData:120 - 📏 串口长度数据已更新: L31.388290 -> physical_length=31.388290
2025-09-02 14:33:39.620 | INFO     | Pendulum.PendulumAPP:_processSerialData:121 - 🔄 数据来源: 串口接收 -> PendulumState.physical_length
2025-09-02 14:33:39.632 | INFO     | Pendulum.SerialConncet:_run:176 - [接收] L31.413815
2025-09-02 14:33:39.653 | INFO     | Pendulum.SerialConncet:_run:176 - [接收] L31.439335
2025-09-02 14:33:39.664 | INFO     | Pendulum.PendulumAPP:_processSerialData:120 - 📏 串口长度数据已更新: L31.439335 -> physical_length=31.439335
2025-09-02 14:33:39.665 | INFO     | Pendulum.PendulumAPP:_processSerialData:121 - 🔄 数据来源: 串口接收 -> PendulumState.physical_length
2025-09-02 14:33:39.673 | INFO     | Pendulum.SerialConncet:_run:176 - [接收] L31.464855
2025-09-02 14:33:39.693 | INFO     | Pendulum.SerialConncet:_run:176 - [接收] L31.490377
2025-09-02 14:33:39.710 | INFO     | Pendulum.PendulumAPP:_processSerialData:120 - 📏 串口长度数据已更新: L31.490377 -> physical_length=31.490377
2025-09-02 14:33:39.711 | INFO     | Pendulum.PendulumAPP:_processSerialData:121 - 🔄 数据来源: 串口接收 -> PendulumState.physical_length
2025-09-02 14:33:39.715 | INFO     | Pendulum.SerialConncet:_run:176 - [接收] L31.515898
2025-09-02 14:33:39.737 | INFO     | Pendulum.SerialConncet:_run:176 - [接收] L31.541418
2025-09-02 14:33:39.756 | INFO     | Pendulum.PendulumAPP:_processSerialData:120 - 📏 串口长度数据已更新: L31.541418 -> physical_length=31.541418
2025-09-02 14:33:39.758 | INFO     | Pendulum.PendulumAPP:_processSerialData:121 - 🔄 数据来源: 串口接收 -> PendulumState.physical_length
2025-09-02 14:33:39.760 | INFO     | Pendulum.SerialConncet:_run:176 - [接收] L31.566940
2025-09-02 14:33:39.777 | INFO     | Pendulum.SerialConncet:_run:176 - [接收] L31.592461
2025-09-02 14:33:39.801 | INFO     | Pendulum.SerialConncet:_run:176 - [接收] L31.617981
2025-09-02 14:33:39.804 | INFO     | Pendulum.PendulumAPP:_processSerialData:120 - 📏 串口长度数据已更新: L31.617981 -> physical_length=31.617981
2025-09-02 14:33:39.804 | INFO     | Pendulum.PendulumAPP:_processSerialData:121 - 🔄 数据来源: 串口接收 -> PendulumState.physical_length
2025-09-02 14:33:39.820 | INFO     | Pendulum.SerialConncet:_run:176 - [接收] L31.643501
2025-09-02 14:33:39.840 | INFO     | Pendulum.SerialConncet:_run:176 - [接收] L31.669024
2025-09-02 14:33:39.851 | INFO     | Pendulum.PendulumAPP:_processSerialData:120 - 📏 串口长度数据已更新: L31.669024 -> physical_length=31.669024
2025-09-02 14:33:39.852 | INFO     | Pendulum.PendulumAPP:_processSerialData:121 - 🔄 数据来源: 串口接收 -> PendulumState.physical_length
2025-09-02 14:33:39.861 | INFO     | Pendulum.SerialConncet:_run:176 - [接收] L31.694544
2025-09-02 14:33:39.882 | INFO     | Pendulum.SerialConncet:_run:176 - [接收] L31.720064
2025-09-02 14:33:39.898 | INFO     | Pendulum.PendulumAPP:_processSerialData:120 - 📏 串口长度数据已更新: L31.720064 -> physical_length=31.720064
2025-09-02 14:33:39.899 | INFO     | Pendulum.PendulumAPP:_processSerialData:121 - 🔄 数据来源: 串口接收 -> PendulumState.physical_length
2025-09-02 14:33:39.902 | INFO     | Pendulum.SerialConncet:_run:176 - [接收] L31.745586
2025-09-02 14:33:39.924 | INFO     | Pendulum.SerialConncet:_run:176 - [接收] L31.771107
2025-09-02 14:33:39.943 | INFO     | Pendulum.PendulumAPP:_processSerialData:120 - 📏 串口长度数据已更新: L31.771107 -> physical_length=31.771107
2025-09-02 14:33:39.944 | INFO     | Pendulum.PendulumAPP:_processSerialData:121 - 🔄 数据来源: 串口接收 -> PendulumState.physical_length
2025-09-02 14:33:39.949 | INFO     | Pendulum.SerialConncet:_run:176 - [接收] L31.796627
2025-09-02 14:33:39.966 | INFO     | Pendulum.SerialConncet:_run:176 - [接收] L31.822151
2025-09-02 14:33:39.987 | INFO     | Pendulum.SerialConncet:_run:176 - [接收] L31.847670
2025-09-02 14:33:39.989 | INFO     | Pendulum.PendulumAPP:_processSerialData:120 - 📏 串口长度数据已更新: L31.847670 -> physical_length=31.847670
2025-09-02 14:33:39.991 | INFO     | Pendulum.PendulumAPP:_processSerialData:121 - 🔄 数据来源: 串口接收 -> PendulumState.physical_length
2025-09-02 14:33:40.008 | INFO     | Pendulum.SerialConncet:_run:176 - [接收] L31.873190
2025-09-02 14:33:40.028 | INFO     | Pendulum.SerialConncet:_run:176 - [接收] L31.898714
2025-09-02 14:33:40.037 | INFO     | Pendulum.PendulumAPP:_processSerialData:120 - 📏 串口长度数据已更新: L31.898714 -> physical_length=31.898714
2025-09-02 14:33:40.039 | INFO     | Pendulum.PendulumAPP:_processSerialData:121 - 🔄 数据来源: 串口接收 -> PendulumState.physical_length
2025-09-02 14:33:40.049 | INFO     | Pendulum.SerialConncet:_run:176 - [接收] L31.924234
2025-09-02 14:33:40.070 | INFO     | Pendulum.SerialConncet:_run:176 - [接收] L31.949753
2025-09-02 14:33:40.082 | INFO     | Pendulum.PendulumAPP:_processSerialData:120 - 📏 串口长度数据已更新: L31.949753 -> physical_length=31.949753
2025-09-02 14:33:40.082 | INFO     | Pendulum.PendulumAPP:_processSerialData:121 - 🔄 数据来源: 串口接收 -> PendulumState.physical_length
2025-09-02 14:33:40.092 | INFO     | Pendulum.SerialConncet:_run:176 - [接收] L31.975277
2025-09-02 14:33:40.111 | INFO     | Pendulum.SerialConncet:_run:176 - [接收] L32.000797
2025-09-02 14:33:40.132 | INFO     | Pendulum.SerialConncet:_run:176 - [接收] L32.026318
2025-09-02 14:33:40.155 | INFO     | Pendulum.SerialConncet:_run:176 - [接收] L32.051842
2025-09-02 14:33:40.159 | INFO     | Pendulum.PendulumAPP:_processSerialData:120 - 📏 串口长度数据已更新: L32.051842 -> physical_length=32.051842
2025-09-02 14:33:40.160 | INFO     | Pendulum.PendulumAPP:_processSerialData:121 - 🔄 数据来源: 串口接收 -> PendulumState.physical_length
2025-09-02 14:33:40.176 | INFO     | Pendulum.SerialConncet:_run:176 - [接收] L32.077358
2025-09-02 14:33:40.197 | INFO     | Pendulum.SerialConncet:_run:176 - [接收] L32.102879
2025-09-02 14:33:40.205 | INFO     | Pendulum.PendulumAPP:_processSerialData:120 - 📏 串口长度数据已更新: L32.102879 -> physical_length=32.102879
2025-09-02 14:33:40.206 | INFO     | Pendulum.PendulumAPP:_processSerialData:121 - 🔄 数据来源: 串口接收 -> PendulumState.physical_length
2025-09-02 14:33:40.218 | INFO     | Pendulum.SerialConncet:_run:176 - [接收] L32.128399
2025-09-02 14:33:40.240 | INFO     | Pendulum.SerialConncet:_run:176 - [接收] L32.153923
2025-09-02 14:33:40.251 | INFO     | Pendulum.PendulumAPP:_processSerialData:120 - 📏 串口长度数据已更新: L32.153923 -> physical_length=32.153923
2025-09-02 14:33:40.252 | INFO     | Pendulum.PendulumAPP:_processSerialData:121 - 🔄 数据来源: 串口接收 -> PendulumState.physical_length
2025-09-02 14:33:40.259 | INFO     | Pendulum.SerialConncet:_run:176 - [接收] L32.179443
2025-09-02 14:33:40.284 | INFO     | Pendulum.SerialConncet:_run:176 - [接收] L32.204964
2025-09-02 14:33:40.298 | INFO     | Pendulum.PendulumAPP:_processSerialData:120 - 📏 串口长度数据已更新: L32.204964 -> physical_length=32.204964
2025-09-02 14:33:40.299 | INFO     | Pendulum.PendulumAPP:_processSerialData:121 - 🔄 数据来源: 串口接收 -> PendulumState.physical_length
2025-09-02 14:33:40.301 | INFO     | Pendulum.SerialConncet:_run:176 - [接收] L32.230488
2025-09-02 14:33:40.321 | INFO     | Pendulum.SerialConncet:_run:176 - [接收] L32.256008
2025-09-02 14:33:40.343 | INFO     | Pendulum.PendulumAPP:_processSerialData:120 - 📏 串口长度数据已更新: L32.256008 -> physical_length=32.256008
2025-09-02 14:33:40.345 | INFO     | Pendulum.PendulumAPP:_processSerialData:121 - 🔄 数据来源: 串口接收 -> PendulumState.physical_length
2025-09-02 14:33:40.349 | INFO     | Pendulum.SerialConncet:_run:176 - [接收] L32.281525
2025-09-02 14:33:40.362 | INFO     | Pendulum.SerialConncet:_run:176 - [接收] L32.307049
2025-09-02 14:33:40.383 | INFO     | Pendulum.SerialConncet:_run:176 - [接收] L32.332569
2025-09-02 14:33:40.389 | INFO     | Pendulum.PendulumAPP:_processSerialData:120 - 📏 串口长度数据已更新: L32.332569 -> physical_length=32.332569
2025-09-02 14:33:40.390 | INFO     | Pendulum.PendulumAPP:_processSerialData:121 - 🔄 数据来源: 串口接收 -> PendulumState.physical_length
2025-09-02 14:33:40.409 | INFO     | Pendulum.SerialConncet:_run:176 - [接收] L32.358089
2025-09-02 14:33:40.426 | INFO     | Pendulum.SerialConncet:_run:176 - [接收] L32.383614
2025-09-02 14:33:40.435 | INFO     | Pendulum.PendulumAPP:_processSerialData:120 - 📏 串口长度数据已更新: L32.383614 -> physical_length=32.383614
2025-09-02 14:33:40.437 | INFO     | Pendulum.PendulumAPP:_processSerialData:121 - 🔄 数据来源: 串口接收 -> PendulumState.physical_length
2025-09-02 14:33:40.446 | INFO     | Pendulum.SerialConncet:_run:176 - [接收] L32.409134
2025-09-02 14:33:40.467 | INFO     | Pendulum.SerialConncet:_run:176 - [接收] L32.434654
2025-09-02 14:33:40.482 | INFO     | Pendulum.PendulumAPP:_processSerialData:120 - 📏 串口长度数据已更新: L32.434654 -> physical_length=32.434654
2025-09-02 14:33:40.483 | INFO     | Pendulum.PendulumAPP:_processSerialData:121 - 🔄 数据来源: 串口接收 -> PendulumState.physical_length
2025-09-02 14:33:40.489 | INFO     | Pendulum.SerialConncet:_run:176 - [接收] L32.460175
2025-09-02 14:33:40.509 | INFO     | Pendulum.SerialConncet:_run:176 - [接收] L32.485695
2025-09-02 14:33:40.529 | INFO     | Pendulum.PendulumAPP:_processSerialData:120 - 📏 串口长度数据已更新: L32.485695 -> physical_length=32.485695
2025-09-02 14:33:40.530 | INFO     | Pendulum.PendulumAPP:_processSerialData:121 - 🔄 数据来源: 串口接收 -> PendulumState.physical_length
2025-09-02 14:33:40.532 | INFO     | Pendulum.SerialConncet:_run:176 - [接收] L32.511215
2025-09-02 14:33:40.556 | INFO     | Pendulum.SerialConncet:_run:176 - [接收] L32.536736
2025-09-02 14:33:40.572 | INFO     | Pendulum.SerialConncet:_run:176 - [接收] L32.562260
2025-09-02 14:33:40.576 | INFO     | Pendulum.PendulumAPP:_processSerialData:120 - 📏 串口长度数据已更新: L32.562260 -> physical_length=32.562260
2025-09-02 14:33:40.577 | INFO     | Pendulum.PendulumAPP:_processSerialData:121 - 🔄 数据来源: 串口接收 -> PendulumState.physical_length
2025-09-02 14:33:40.594 | INFO     | Pendulum.SerialConncet:_run:176 - [接收] L32.587780
2025-09-02 14:33:40.614 | INFO     | Pendulum.SerialConncet:_run:176 - [接收] L32.613300
2025-09-02 14:33:40.624 | INFO     | Pendulum.PendulumAPP:_processSerialData:120 - 📏 串口长度数据已更新: L32.613300 -> physical_length=32.613300
2025-09-02 14:33:40.626 | INFO     | Pendulum.PendulumAPP:_processSerialData:121 - 🔄 数据来源: 串口接收 -> PendulumState.physical_length
2025-09-02 14:33:40.636 | INFO     | Pendulum.SerialConncet:_run:176 - [接收] L32.638821
2025-09-02 14:33:40.655 | INFO     | Pendulum.SerialConncet:_run:176 - [接收] L32.664341
2025-09-02 14:33:40.670 | INFO     | Pendulum.PendulumAPP:_processSerialData:120 - 📏 串口长度数据已更新: L32.664341 -> physical_length=32.664341
2025-09-02 14:33:40.670 | INFO     | Pendulum.PendulumAPP:_processSerialData:121 - 🔄 数据来源: 串口接收 -> PendulumState.physical_length
2025-09-02 14:33:40.676 | INFO     | Pendulum.SerialConncet:_run:176 - [接收] L32.689861
2025-09-02 14:33:40.699 | INFO     | Pendulum.SerialConncet:_run:176 - [接收] L32.715385
2025-09-02 14:33:40.716 | INFO     | Pendulum.PendulumAPP:_processSerialData:120 - 📏 串口长度数据已更新: L32.715385 -> physical_length=32.715385
2025-09-02 14:33:40.717 | INFO     | Pendulum.PendulumAPP:_processSerialData:121 - 🔄 数据来源: 串口接收 -> PendulumState.physical_length
2025-09-02 14:33:40.719 | INFO     | Pendulum.SerialConncet:_run:176 - [接收] L32.740906
2025-09-02 14:33:40.744 | INFO     | Pendulum.SerialConncet:_run:176 - [接收] L32.766426
2025-09-02 14:33:40.755 | INFO     | Pendulum.PendulumAPP:_keyEventWeb:249 - stop
2025-09-02 14:33:40.756 | INFO     | Pendulum.SerialConncet:send:199 - sendm0
2025-09-02 14:33:40.760 | INFO     | Pendulum.SerialConncet:send:201 - [发送] m0
2025-09-02 14:33:40.764 | INFO     | Pendulum.PendulumAPP:_processSerialData:120 - 📏 串口长度数据已更新: L32.766426 -> physical_length=32.766426
2025-09-02 14:33:40.766 | INFO     | Pendulum.PendulumAPP:_processSerialData:121 - 🔄 数据来源: 串口接收 -> PendulumState.physical_length
2025-09-02 14:33:40.768 | INFO     | Pendulum.SerialConncet:_run:176 - [接收] L32.791950
2025-09-02 14:33:40.811 | INFO     | Pendulum.PendulumAPP:_processSerialData:120 - 📏 串口长度数据已更新: L32.791950 -> physical_length=32.791950
2025-09-02 14:33:40.812 | INFO     | Pendulum.PendulumAPP:_processSerialData:121 - 🔄 数据来源: 串口接收 -> PendulumState.physical_length
2025-09-02 14:33:40.873 | INFO     | Pendulum.PendulumAPP:_processSerialData:120 - 📏 串口长度数据已更新: L32.791950 -> physical_length=32.791950
2025-09-02 14:33:40.875 | INFO     | Pendulum.PendulumAPP:_processSerialData:121 - 🔄 数据来源: 串口接收 -> PendulumState.physical_length
2025-09-02 14:33:40.921 | INFO     | Pendulum.PendulumAPP:_processSerialData:120 - 📏 串口长度数据已更新: L32.791950 -> physical_length=32.791950
2025-09-02 14:33:40.921 | INFO     | Pendulum.PendulumAPP:_processSerialData:121 - 🔄 数据来源: 串口接收 -> PendulumState.physical_length
2025-09-02 14:33:40.967 | INFO     | Pendulum.PendulumAPP:_processSerialData:120 - 📏 串口长度数据已更新: L32.791950 -> physical_length=32.791950
2025-09-02 14:33:40.968 | INFO     | Pendulum.PendulumAPP:_processSerialData:121 - 🔄 数据来源: 串口接收 -> PendulumState.physical_length
2025-09-02 14:33:41.013 | INFO     | Pendulum.PendulumAPP:_processSerialData:120 - 📏 串口长度数据已更新: L32.791950 -> physical_length=32.791950
2025-09-02 14:33:41.015 | INFO     | Pendulum.PendulumAPP:_processSerialData:121 - 🔄 数据来源: 串口接收 -> PendulumState.physical_length
2025-09-02 14:33:41.059 | INFO     | Pendulum.PendulumAPP:_processSerialData:120 - 📏 串口长度数据已更新: L32.791950 -> physical_length=32.791950
2025-09-02 14:33:41.060 | INFO     | Pendulum.PendulumAPP:_processSerialData:121 - 🔄 数据来源: 串口接收 -> PendulumState.physical_length
2025-09-02 14:33:41.106 | INFO     | Pendulum.PendulumAPP:_processSerialData:120 - 📏 串口长度数据已更新: L32.791950 -> physical_length=32.791950
2025-09-02 14:33:41.106 | INFO     | Pendulum.PendulumAPP:_processSerialData:121 - 🔄 数据来源: 串口接收 -> PendulumState.physical_length
2025-09-02 14:33:41.152 | INFO     | Pendulum.PendulumAPP:_processSerialData:120 - 📏 串口长度数据已更新: L32.791950 -> physical_length=32.791950
2025-09-02 14:33:41.152 | INFO     | Pendulum.PendulumAPP:_processSerialData:121 - 🔄 数据来源: 串口接收 -> PendulumState.physical_length
2025-09-02 14:33:41.198 | INFO     | Pendulum.PendulumAPP:_processSerialData:120 - 📏 串口长度数据已更新: L32.791950 -> physical_length=32.791950
2025-09-02 14:33:41.199 | INFO     | Pendulum.PendulumAPP:_processSerialData:121 - 🔄 数据来源: 串口接收 -> PendulumState.physical_length
2025-09-02 14:33:41.246 | INFO     | Pendulum.PendulumAPP:_processSerialData:120 - 📏 串口长度数据已更新: L32.791950 -> physical_length=32.791950
2025-09-02 14:33:41.247 | INFO     | Pendulum.PendulumAPP:_processSerialData:121 - 🔄 数据来源: 串口接收 -> PendulumState.physical_length
2025-09-02 14:33:41.291 | INFO     | Pendulum.PendulumAPP:_processSerialData:120 - 📏 串口长度数据已更新: L32.791950 -> physical_length=32.791950
2025-09-02 14:33:41.294 | INFO     | Pendulum.PendulumAPP:_processSerialData:121 - 🔄 数据来源: 串口接收 -> PendulumState.physical_length
2025-09-02 14:33:41.338 | INFO     | Pendulum.PendulumAPP:_processSerialData:120 - 📏 串口长度数据已更新: L32.791950 -> physical_length=32.791950
2025-09-02 14:33:41.340 | INFO     | Pendulum.PendulumAPP:_processSerialData:121 - 🔄 数据来源: 串口接收 -> PendulumState.physical_length
2025-09-02 14:33:41.385 | INFO     | Pendulum.PendulumAPP:_processSerialData:120 - 📏 串口长度数据已更新: L32.791950 -> physical_length=32.791950
2025-09-02 14:33:41.387 | INFO     | Pendulum.PendulumAPP:_processSerialData:121 - 🔄 数据来源: 串口接收 -> PendulumState.physical_length
2025-09-02 14:33:41.431 | INFO     | Pendulum.PendulumAPP:_processSerialData:120 - 📏 串口长度数据已更新: L32.791950 -> physical_length=32.791950
2025-09-02 14:33:41.432 | INFO     | Pendulum.PendulumAPP:_processSerialData:121 - 🔄 数据来源: 串口接收 -> PendulumState.physical_length
2025-09-02 14:33:41.478 | INFO     | Pendulum.PendulumAPP:_processSerialData:120 - 📏 串口长度数据已更新: L32.791950 -> physical_length=32.791950
2025-09-02 14:33:41.479 | INFO     | Pendulum.PendulumAPP:_processSerialData:121 - 🔄 数据来源: 串口接收 -> PendulumState.physical_length
2025-09-02 14:33:41.526 | INFO     | Pendulum.PendulumAPP:_processSerialData:120 - 📏 串口长度数据已更新: L32.791950 -> physical_length=32.791950
2025-09-02 14:33:41.527 | INFO     | Pendulum.PendulumAPP:_processSerialData:121 - 🔄 数据来源: 串口接收 -> PendulumState.physical_length
2025-09-02 14:33:41.604 | INFO     | Pendulum.PendulumAPP:_processSerialData:120 - 📏 串口长度数据已更新: L32.791950 -> physical_length=32.791950
2025-09-02 14:33:41.605 | INFO     | Pendulum.PendulumAPP:_processSerialData:121 - 🔄 数据来源: 串口接收 -> PendulumState.physical_length
2025-09-02 14:33:41.651 | INFO     | Pendulum.PendulumAPP:_processSerialData:120 - 📏 串口长度数据已更新: L32.791950 -> physical_length=32.791950
2025-09-02 14:33:41.653 | INFO     | Pendulum.PendulumAPP:_processSerialData:121 - 🔄 数据来源: 串口接收 -> PendulumState.physical_length
2025-09-02 14:33:41.697 | INFO     | Pendulum.PendulumAPP:_processSerialData:120 - 📏 串口长度数据已更新: L32.791950 -> physical_length=32.791950
2025-09-02 14:33:41.698 | INFO     | Pendulum.PendulumAPP:_processSerialData:121 - 🔄 数据来源: 串口接收 -> PendulumState.physical_length
2025-09-02 14:33:41.744 | INFO     | Pendulum.PendulumAPP:_processSerialData:120 - 📏 串口长度数据已更新: L32.791950 -> physical_length=32.791950
2025-09-02 14:33:41.745 | INFO     | Pendulum.PendulumAPP:_processSerialData:121 - 🔄 数据来源: 串口接收 -> PendulumState.physical_length
2025-09-02 14:33:41.790 | INFO     | Pendulum.PendulumAPP:_processSerialData:120 - 📏 串口长度数据已更新: L32.791950 -> physical_length=32.791950
2025-09-02 14:33:41.791 | INFO     | Pendulum.PendulumAPP:_processSerialData:121 - 🔄 数据来源: 串口接收 -> PendulumState.physical_length
2025-09-02 14:33:41.835 | INFO     | Pendulum.PendulumAPP:_processSerialData:120 - 📏 串口长度数据已更新: L32.791950 -> physical_length=32.791950
2025-09-02 14:33:41.837 | INFO     | Pendulum.PendulumAPP:_processSerialData:121 - 🔄 数据来源: 串口接收 -> PendulumState.physical_length
2025-09-02 14:33:41.882 | INFO     | Pendulum.PendulumAPP:_processSerialData:120 - 📏 串口长度数据已更新: L32.791950 -> physical_length=32.791950
2025-09-02 14:33:41.884 | INFO     | Pendulum.PendulumAPP:_processSerialData:121 - 🔄 数据来源: 串口接收 -> PendulumState.physical_length
2025-09-02 14:33:41.927 | INFO     | Pendulum.PendulumAPP:_processSerialData:120 - 📏 串口长度数据已更新: L32.791950 -> physical_length=32.791950
2025-09-02 14:33:41.930 | INFO     | Pendulum.PendulumAPP:_processSerialData:121 - 🔄 数据来源: 串口接收 -> PendulumState.physical_length
2025-09-02 14:33:41.973 | INFO     | Pendulum.PendulumAPP:_processSerialData:120 - 📏 串口长度数据已更新: L32.791950 -> physical_length=32.791950
2025-09-02 14:33:41.975 | INFO     | Pendulum.PendulumAPP:_processSerialData:121 - 🔄 数据来源: 串口接收 -> PendulumState.physical_length
2025-09-02 14:33:42.021 | INFO     | Pendulum.PendulumAPP:_processSerialData:120 - 📏 串口长度数据已更新: L32.791950 -> physical_length=32.791950
2025-09-02 14:33:42.022 | INFO     | Pendulum.PendulumAPP:_processSerialData:121 - 🔄 数据来源: 串口接收 -> PendulumState.physical_length
2025-09-02 14:33:42.068 | INFO     | Pendulum.PendulumAPP:_processSerialData:120 - 📏 串口长度数据已更新: L32.791950 -> physical_length=32.791950
2025-09-02 14:33:42.069 | INFO     | Pendulum.PendulumAPP:_processSerialData:121 - 🔄 数据来源: 串口接收 -> PendulumState.physical_length
2025-09-02 14:33:42.115 | INFO     | Pendulum.PendulumAPP:_processSerialData:120 - 📏 串口长度数据已更新: L32.791950 -> physical_length=32.791950
2025-09-02 14:33:42.118 | INFO     | Pendulum.PendulumAPP:_processSerialData:121 - 🔄 数据来源: 串口接收 -> PendulumState.physical_length
2025-09-02 14:33:42.161 | INFO     | Pendulum.PendulumAPP:_processSerialData:120 - 📏 串口长度数据已更新: L32.791950 -> physical_length=32.791950
2025-09-02 14:33:42.162 | INFO     | Pendulum.PendulumAPP:_processSerialData:121 - 🔄 数据来源: 串口接收 -> PendulumState.physical_length
2025-09-02 14:33:42.238 | INFO     | Pendulum.PendulumAPP:_processSerialData:120 - 📏 串口长度数据已更新: L32.791950 -> physical_length=32.791950
2025-09-02 14:33:42.239 | INFO     | Pendulum.PendulumAPP:_processSerialData:121 - 🔄 数据来源: 串口接收 -> PendulumState.physical_length
2025-09-02 14:33:42.284 | INFO     | Pendulum.PendulumAPP:_processSerialData:120 - 📏 串口长度数据已更新: L32.791950 -> physical_length=32.791950
2025-09-02 14:33:42.285 | INFO     | Pendulum.PendulumAPP:_processSerialData:121 - 🔄 数据来源: 串口接收 -> PendulumState.physical_length
2025-09-02 14:33:42.330 | INFO     | Pendulum.PendulumAPP:_processSerialData:120 - 📏 串口长度数据已更新: L32.791950 -> physical_length=32.791950
2025-09-02 14:33:42.332 | INFO     | Pendulum.PendulumAPP:_processSerialData:121 - 🔄 数据来源: 串口接收 -> PendulumState.physical_length
2025-09-02 14:33:42.376 | INFO     | Pendulum.PendulumAPP:_processSerialData:120 - 📏 串口长度数据已更新: L32.791950 -> physical_length=32.791950
2025-09-02 14:33:42.378 | INFO     | Pendulum.PendulumAPP:_processSerialData:121 - 🔄 数据来源: 串口接收 -> PendulumState.physical_length
2025-09-02 14:33:42.422 | INFO     | Pendulum.PendulumAPP:_processSerialData:120 - 📏 串口长度数据已更新: L32.791950 -> physical_length=32.791950
2025-09-02 14:33:42.425 | INFO     | Pendulum.PendulumAPP:_processSerialData:121 - 🔄 数据来源: 串口接收 -> PendulumState.physical_length
2025-09-02 14:33:42.468 | INFO     | Pendulum.PendulumAPP:_processSerialData:120 - 📏 串口长度数据已更新: L32.791950 -> physical_length=32.791950
2025-09-02 14:33:42.468 | INFO     | Pendulum.PendulumAPP:_processSerialData:121 - 🔄 数据来源: 串口接收 -> PendulumState.physical_length
2025-09-02 14:33:42.515 | INFO     | Pendulum.PendulumAPP:_processSerialData:120 - 📏 串口长度数据已更新: L32.791950 -> physical_length=32.791950
2025-09-02 14:33:42.516 | INFO     | Pendulum.PendulumAPP:_processSerialData:121 - 🔄 数据来源: 串口接收 -> PendulumState.physical_length
2025-09-02 14:33:42.561 | INFO     | Pendulum.PendulumAPP:_processSerialData:120 - 📏 串口长度数据已更新: L32.791950 -> physical_length=32.791950
2025-09-02 14:33:42.562 | INFO     | Pendulum.PendulumAPP:_processSerialData:121 - 🔄 数据来源: 串口接收 -> PendulumState.physical_length
2025-09-02 14:33:42.609 | INFO     | Pendulum.PendulumAPP:_processSerialData:120 - 📏 串口长度数据已更新: L32.791950 -> physical_length=32.791950
2025-09-02 14:33:42.609 | INFO     | Pendulum.PendulumAPP:_processSerialData:121 - 🔄 数据来源: 串口接收 -> PendulumState.physical_length
2025-09-02 14:33:42.656 | INFO     | Pendulum.PendulumAPP:_processSerialData:120 - 📏 串口长度数据已更新: L32.791950 -> physical_length=32.791950
2025-09-02 14:33:42.656 | INFO     | Pendulum.PendulumAPP:_processSerialData:121 - 🔄 数据来源: 串口接收 -> PendulumState.physical_length
2025-09-02 14:33:42.703 | INFO     | Pendulum.PendulumAPP:_processSerialData:120 - 📏 串口长度数据已更新: L32.791950 -> physical_length=32.791950
2025-09-02 14:33:42.704 | INFO     | Pendulum.PendulumAPP:_processSerialData:121 - 🔄 数据来源: 串口接收 -> PendulumState.physical_length
2025-09-02 14:33:42.750 | INFO     | Pendulum.PendulumAPP:_processSerialData:120 - 📏 串口长度数据已更新: L32.791950 -> physical_length=32.791950
2025-09-02 14:33:42.751 | INFO     | Pendulum.PendulumAPP:_processSerialData:121 - 🔄 数据来源: 串口接收 -> PendulumState.physical_length
2025-09-02 14:33:42.798 | INFO     | Pendulum.PendulumAPP:_processSerialData:120 - 📏 串口长度数据已更新: L32.791950 -> physical_length=32.791950
2025-09-02 14:33:42.799 | INFO     | Pendulum.PendulumAPP:_processSerialData:121 - 🔄 数据来源: 串口接收 -> PendulumState.physical_length
2025-09-02 14:33:42.844 | INFO     | Pendulum.PendulumAPP:_processSerialData:120 - 📏 串口长度数据已更新: L32.791950 -> physical_length=32.791950
2025-09-02 14:33:42.845 | INFO     | Pendulum.PendulumAPP:_processSerialData:121 - 🔄 数据来源: 串口接收 -> PendulumState.physical_length
2025-09-02 14:33:42.891 | INFO     | Pendulum.PendulumAPP:_processSerialData:120 - 📏 串口长度数据已更新: L32.791950 -> physical_length=32.791950
2025-09-02 14:33:42.892 | INFO     | Pendulum.PendulumAPP:_processSerialData:121 - 🔄 数据来源: 串口接收 -> PendulumState.physical_length
2025-09-02 14:33:42.951 | INFO     | Pendulum.PendulumAPP:_processSerialData:120 - 📏 串口长度数据已更新: L32.791950 -> physical_length=32.791950
2025-09-02 14:33:42.951 | INFO     | Pendulum.PendulumAPP:_processSerialData:121 - 🔄 数据来源: 串口接收 -> PendulumState.physical_length
2025-09-02 14:33:42.998 | INFO     | Pendulum.PendulumAPP:_processSerialData:120 - 📏 串口长度数据已更新: L32.791950 -> physical_length=32.791950
2025-09-02 14:33:42.999 | INFO     | Pendulum.PendulumAPP:_processSerialData:121 - 🔄 数据来源: 串口接收 -> PendulumState.physical_length
2025-09-02 14:33:43.045 | INFO     | Pendulum.PendulumAPP:_processSerialData:120 - 📏 串口长度数据已更新: L32.791950 -> physical_length=32.791950
2025-09-02 14:33:43.045 | INFO     | Pendulum.PendulumAPP:_processSerialData:121 - 🔄 数据来源: 串口接收 -> PendulumState.physical_length
2025-09-02 14:33:43.092 | INFO     | Pendulum.PendulumAPP:_processSerialData:120 - 📏 串口长度数据已更新: L32.791950 -> physical_length=32.791950
2025-09-02 14:33:43.093 | INFO     | Pendulum.PendulumAPP:_processSerialData:121 - 🔄 数据来源: 串口接收 -> PendulumState.physical_length
2025-09-02 14:33:43.138 | INFO     | Pendulum.PendulumAPP:_processSerialData:120 - 📏 串口长度数据已更新: L32.791950 -> physical_length=32.791950
2025-09-02 14:33:43.140 | INFO     | Pendulum.PendulumAPP:_processSerialData:121 - 🔄 数据来源: 串口接收 -> PendulumState.physical_length
2025-09-02 14:33:43.185 | INFO     | Pendulum.PendulumAPP:_processSerialData:120 - 📏 串口长度数据已更新: L32.791950 -> physical_length=32.791950
2025-09-02 14:33:43.185 | INFO     | Pendulum.PendulumAPP:_processSerialData:121 - 🔄 数据来源: 串口接收 -> PendulumState.physical_length
2025-09-02 14:33:43.231 | INFO     | Pendulum.PendulumAPP:_processSerialData:120 - 📏 串口长度数据已更新: L32.791950 -> physical_length=32.791950
2025-09-02 14:33:43.231 | INFO     | Pendulum.PendulumAPP:_processSerialData:121 - 🔄 数据来源: 串口接收 -> PendulumState.physical_length
2025-09-02 14:33:43.277 | INFO     | Pendulum.PendulumAPP:_processSerialData:120 - 📏 串口长度数据已更新: L32.791950 -> physical_length=32.791950
2025-09-02 14:33:43.277 | INFO     | Pendulum.PendulumAPP:_processSerialData:121 - 🔄 数据来源: 串口接收 -> PendulumState.physical_length
2025-09-02 14:33:43.324 | INFO     | Pendulum.PendulumAPP:_processSerialData:120 - 📏 串口长度数据已更新: L32.791950 -> physical_length=32.791950
2025-09-02 14:33:43.325 | INFO     | Pendulum.PendulumAPP:_processSerialData:121 - 🔄 数据来源: 串口接收 -> PendulumState.physical_length
2025-09-02 14:33:43.372 | INFO     | Pendulum.PendulumAPP:_processSerialData:120 - 📏 串口长度数据已更新: L32.791950 -> physical_length=32.791950
2025-09-02 14:33:43.373 | INFO     | Pendulum.PendulumAPP:_processSerialData:121 - 🔄 数据来源: 串口接收 -> PendulumState.physical_length
2025-09-02 14:33:43.418 | INFO     | Pendulum.PendulumAPP:_processSerialData:120 - 📏 串口长度数据已更新: L32.791950 -> physical_length=32.791950
2025-09-02 14:33:43.421 | INFO     | Pendulum.PendulumAPP:_processSerialData:121 - 🔄 数据来源: 串口接收 -> PendulumState.physical_length
2025-09-02 14:33:43.462 | INFO     | Pendulum.PendulumAPP:_processSerialData:120 - 📏 串口长度数据已更新: L32.791950 -> physical_length=32.791950
2025-09-02 14:33:43.462 | INFO     | Pendulum.PendulumAPP:_processSerialData:121 - 🔄 数据来源: 串口接收 -> PendulumState.physical_length
2025-09-02 14:33:43.510 | INFO     | Pendulum.PendulumAPP:_processSerialData:120 - 📏 串口长度数据已更新: L32.791950 -> physical_length=32.791950
2025-09-02 14:33:43.511 | INFO     | Pendulum.PendulumAPP:_processSerialData:121 - 🔄 数据来源: 串口接收 -> PendulumState.physical_length
2025-09-02 14:33:43.555 | INFO     | Pendulum.PendulumAPP:_processSerialData:120 - 📏 串口长度数据已更新: L32.791950 -> physical_length=32.791950
2025-09-02 14:33:43.556 | INFO     | Pendulum.PendulumAPP:_processSerialData:121 - 🔄 数据来源: 串口接收 -> PendulumState.physical_length
2025-09-02 14:33:43.602 | INFO     | Pendulum.PendulumAPP:_processSerialData:120 - 📏 串口长度数据已更新: L32.791950 -> physical_length=32.791950
2025-09-02 14:33:43.603 | INFO     | Pendulum.PendulumAPP:_processSerialData:121 - 🔄 数据来源: 串口接收 -> PendulumState.physical_length
2025-09-02 14:33:43.648 | INFO     | Pendulum.PendulumAPP:_processSerialData:120 - 📏 串口长度数据已更新: L32.791950 -> physical_length=32.791950
2025-09-02 14:33:43.650 | INFO     | Pendulum.PendulumAPP:_processSerialData:121 - 🔄 数据来源: 串口接收 -> PendulumState.physical_length
2025-09-02 14:33:43.694 | INFO     | Pendulum.PendulumAPP:_processSerialData:120 - 📏 串口长度数据已更新: L32.791950 -> physical_length=32.791950
2025-09-02 14:33:43.694 | INFO     | Pendulum.PendulumAPP:_processSerialData:121 - 🔄 数据来源: 串口接收 -> PendulumState.physical_length
2025-09-02 14:33:43.755 | INFO     | Pendulum.PendulumAPP:_processSerialData:120 - 📏 串口长度数据已更新: L32.791950 -> physical_length=32.791950
2025-09-02 14:33:43.757 | INFO     | Pendulum.PendulumAPP:_processSerialData:121 - 🔄 数据来源: 串口接收 -> PendulumState.physical_length
2025-09-02 14:33:43.802 | INFO     | Pendulum.PendulumAPP:_processSerialData:120 - 📏 串口长度数据已更新: L32.791950 -> physical_length=32.791950
2025-09-02 14:33:43.805 | INFO     | Pendulum.PendulumAPP:_processSerialData:121 - 🔄 数据来源: 串口接收 -> PendulumState.physical_length
2025-09-02 14:33:43.848 | INFO     | Pendulum.PendulumAPP:_processSerialData:120 - 📏 串口长度数据已更新: L32.791950 -> physical_length=32.791950
2025-09-02 14:33:43.849 | INFO     | Pendulum.PendulumAPP:_processSerialData:121 - 🔄 数据来源: 串口接收 -> PendulumState.physical_length
2025-09-02 14:33:43.895 | INFO     | Pendulum.PendulumAPP:_processSerialData:120 - 📏 串口长度数据已更新: L32.791950 -> physical_length=32.791950
2025-09-02 14:33:43.895 | INFO     | Pendulum.PendulumAPP:_processSerialData:121 - 🔄 数据来源: 串口接收 -> PendulumState.physical_length
2025-09-02 14:33:43.942 | INFO     | Pendulum.PendulumAPP:_processSerialData:120 - 📏 串口长度数据已更新: L32.791950 -> physical_length=32.791950
2025-09-02 14:33:43.943 | INFO     | Pendulum.PendulumAPP:_processSerialData:121 - 🔄 数据来源: 串口接收 -> PendulumState.physical_length
2025-09-02 14:33:43.988 | INFO     | Pendulum.PendulumAPP:_processSerialData:120 - 📏 串口长度数据已更新: L32.791950 -> physical_length=32.791950
2025-09-02 14:33:43.989 | INFO     | Pendulum.PendulumAPP:_processSerialData:121 - 🔄 数据来源: 串口接收 -> PendulumState.physical_length
2025-09-02 14:33:44.035 | INFO     | Pendulum.PendulumAPP:_processSerialData:120 - 📏 串口长度数据已更新: L32.791950 -> physical_length=32.791950
2025-09-02 14:33:44.036 | INFO     | Pendulum.PendulumAPP:_processSerialData:121 - 🔄 数据来源: 串口接收 -> PendulumState.physical_length
2025-09-02 14:33:44.081 | INFO     | Pendulum.PendulumAPP:_processSerialData:120 - 📏 串口长度数据已更新: L32.791950 -> physical_length=32.791950
2025-09-02 14:33:44.082 | INFO     | Pendulum.PendulumAPP:_processSerialData:121 - 🔄 数据来源: 串口接收 -> PendulumState.physical_length
2025-09-02 14:33:44.128 | INFO     | Pendulum.PendulumAPP:_processSerialData:120 - 📏 串口长度数据已更新: L32.791950 -> physical_length=32.791950
2025-09-02 14:33:44.128 | INFO     | Pendulum.PendulumAPP:_processSerialData:121 - 🔄 数据来源: 串口接收 -> PendulumState.physical_length
2025-09-02 14:33:44.176 | INFO     | Pendulum.PendulumAPP:_processSerialData:120 - 📏 串口长度数据已更新: L32.791950 -> physical_length=32.791950
2025-09-02 14:33:44.177 | INFO     | Pendulum.PendulumAPP:_processSerialData:121 - 🔄 数据来源: 串口接收 -> PendulumState.physical_length
2025-09-02 14:33:44.222 | INFO     | Pendulum.PendulumAPP:_processSerialData:120 - 📏 串口长度数据已更新: L32.791950 -> physical_length=32.791950
2025-09-02 14:33:44.222 | INFO     | Pendulum.PendulumAPP:_processSerialData:121 - 🔄 数据来源: 串口接收 -> PendulumState.physical_length
2025-09-02 14:33:44.270 | INFO     | Pendulum.PendulumAPP:_processSerialData:120 - 📏 串口长度数据已更新: L32.791950 -> physical_length=32.791950
2025-09-02 14:33:44.271 | INFO     | Pendulum.PendulumAPP:_processSerialData:121 - 🔄 数据来源: 串口接收 -> PendulumState.physical_length
2025-09-02 14:33:44.316 | INFO     | Pendulum.PendulumAPP:_processSerialData:120 - 📏 串口长度数据已更新: L32.791950 -> physical_length=32.791950
2025-09-02 14:33:44.317 | INFO     | Pendulum.PendulumAPP:_processSerialData:121 - 🔄 数据来源: 串口接收 -> PendulumState.physical_length
2025-09-02 14:33:44.363 | INFO     | Pendulum.PendulumAPP:_processSerialData:120 - 📏 串口长度数据已更新: L32.791950 -> physical_length=32.791950
2025-09-02 14:33:44.364 | INFO     | Pendulum.PendulumAPP:_processSerialData:121 - 🔄 数据来源: 串口接收 -> PendulumState.physical_length
2025-09-02 14:33:44.409 | INFO     | Pendulum.PendulumAPP:_processSerialData:120 - 📏 串口长度数据已更新: L32.791950 -> physical_length=32.791950
2025-09-02 14:33:44.410 | INFO     | Pendulum.PendulumAPP:_processSerialData:121 - 🔄 数据来源: 串口接收 -> PendulumState.physical_length
2025-09-02 14:33:44.471 | INFO     | Pendulum.PendulumAPP:_processSerialData:120 - 📏 串口长度数据已更新: L32.791950 -> physical_length=32.791950
2025-09-02 14:33:44.472 | INFO     | Pendulum.PendulumAPP:_processSerialData:121 - 🔄 数据来源: 串口接收 -> PendulumState.physical_length
2025-09-02 14:33:44.517 | INFO     | Pendulum.PendulumAPP:_processSerialData:120 - 📏 串口长度数据已更新: L32.791950 -> physical_length=32.791950
2025-09-02 14:33:44.519 | INFO     | Pendulum.PendulumAPP:_processSerialData:121 - 🔄 数据来源: 串口接收 -> PendulumState.physical_length
2025-09-02 14:33:44.562 | INFO     | Pendulum.PendulumAPP:_processSerialData:120 - 📏 串口长度数据已更新: L32.791950 -> physical_length=32.791950
2025-09-02 14:33:44.563 | INFO     | Pendulum.PendulumAPP:_processSerialData:121 - 🔄 数据来源: 串口接收 -> PendulumState.physical_length
2025-09-02 14:33:44.608 | INFO     | Pendulum.PendulumAPP:_processSerialData:120 - 📏 串口长度数据已更新: L32.791950 -> physical_length=32.791950
2025-09-02 14:33:44.608 | INFO     | Pendulum.PendulumAPP:_processSerialData:121 - 🔄 数据来源: 串口接收 -> PendulumState.physical_length
2025-09-02 14:33:44.654 | INFO     | Pendulum.PendulumAPP:_processSerialData:120 - 📏 串口长度数据已更新: L32.791950 -> physical_length=32.791950
2025-09-02 14:33:44.655 | INFO     | Pendulum.PendulumAPP:_processSerialData:121 - 🔄 数据来源: 串口接收 -> PendulumState.physical_length
2025-09-02 14:33:44.701 | INFO     | Pendulum.PendulumAPP:_processSerialData:120 - 📏 串口长度数据已更新: L32.791950 -> physical_length=32.791950
2025-09-02 14:33:44.702 | INFO     | Pendulum.PendulumAPP:_processSerialData:121 - 🔄 数据来源: 串口接收 -> PendulumState.physical_length
2025-09-02 14:33:44.749 | INFO     | Pendulum.PendulumAPP:_processSerialData:120 - 📏 串口长度数据已更新: L32.791950 -> physical_length=32.791950
2025-09-02 14:33:44.750 | INFO     | Pendulum.PendulumAPP:_processSerialData:121 - 🔄 数据来源: 串口接收 -> PendulumState.physical_length
2025-09-02 14:33:44.796 | INFO     | Pendulum.PendulumAPP:_processSerialData:120 - 📏 串口长度数据已更新: L32.791950 -> physical_length=32.791950
2025-09-02 14:33:44.798 | INFO     | Pendulum.PendulumAPP:_processSerialData:121 - 🔄 数据来源: 串口接收 -> PendulumState.physical_length
2025-09-02 14:33:44.843 | INFO     | Pendulum.PendulumAPP:_processSerialData:120 - 📏 串口长度数据已更新: L32.791950 -> physical_length=32.791950
2025-09-02 14:33:44.845 | INFO     | Pendulum.PendulumAPP:_processSerialData:121 - 🔄 数据来源: 串口接收 -> PendulumState.physical_length
2025-09-02 14:33:44.889 | INFO     | Pendulum.PendulumAPP:_processSerialData:120 - 📏 串口长度数据已更新: L32.791950 -> physical_length=32.791950
2025-09-02 14:33:44.890 | INFO     | Pendulum.PendulumAPP:_processSerialData:121 - 🔄 数据来源: 串口接收 -> PendulumState.physical_length
2025-09-02 14:33:44.936 | INFO     | Pendulum.PendulumAPP:_processSerialData:120 - 📏 串口长度数据已更新: L32.791950 -> physical_length=32.791950
2025-09-02 14:33:44.938 | INFO     | Pendulum.PendulumAPP:_processSerialData:121 - 🔄 数据来源: 串口接收 -> PendulumState.physical_length
2025-09-02 14:33:44.982 | INFO     | Pendulum.PendulumAPP:_processSerialData:120 - 📏 串口长度数据已更新: L32.791950 -> physical_length=32.791950
2025-09-02 14:33:44.983 | INFO     | Pendulum.PendulumAPP:_processSerialData:121 - 🔄 数据来源: 串口接收 -> PendulumState.physical_length
2025-09-02 14:33:45.025 | INFO     | Pendulum.PendulumAPP:_keyEventWeb:271 - u1
2025-09-02 14:33:45.026 | INFO     | Pendulum.SerialConncet:send:199 - sendu1
2025-09-02 14:33:45.028 | INFO     | Pendulum.SerialConncet:send:201 - [发送] u1
2025-09-02 14:33:45.045 | INFO     | Pendulum.PendulumAPP:_processSerialData:120 - 📏 串口长度数据已更新: L32.791950 -> physical_length=32.791950
2025-09-02 14:33:45.046 | INFO     | Pendulum.PendulumAPP:_processSerialData:121 - 🔄 数据来源: 串口接收 -> PendulumState.physical_length
2025-09-02 14:33:45.092 | INFO     | Pendulum.PendulumAPP:_processSerialData:120 - 📏 串口长度数据已更新: L32.791950 -> physical_length=32.791950
2025-09-02 14:33:45.093 | INFO     | Pendulum.PendulumAPP:_processSerialData:121 - 🔄 数据来源: 串口接收 -> PendulumState.physical_length
2025-09-02 14:33:45.138 | INFO     | Pendulum.PendulumAPP:_processSerialData:120 - 📏 串口长度数据已更新: L32.791950 -> physical_length=32.791950
2025-09-02 14:33:45.139 | INFO     | Pendulum.PendulumAPP:_processSerialData:121 - 🔄 数据来源: 串口接收 -> PendulumState.physical_length
2025-09-02 14:33:45.199 | INFO     | Pendulum.PendulumAPP:_processSerialData:120 - 📏 串口长度数据已更新: L32.791950 -> physical_length=32.791950
2025-09-02 14:33:45.201 | INFO     | Pendulum.PendulumAPP:_processSerialData:121 - 🔄 数据来源: 串口接收 -> PendulumState.physical_length
2025-09-02 14:33:45.247 | INFO     | Pendulum.PendulumAPP:_processSerialData:120 - 📏 串口长度数据已更新: L32.791950 -> physical_length=32.791950
2025-09-02 14:33:45.249 | INFO     | Pendulum.PendulumAPP:_processSerialData:121 - 🔄 数据来源: 串口接收 -> PendulumState.physical_length
2025-09-02 14:33:45.292 | INFO     | Pendulum.PendulumAPP:_processSerialData:120 - 📏 串口长度数据已更新: L32.791950 -> physical_length=32.791950
2025-09-02 14:33:45.293 | INFO     | Pendulum.PendulumAPP:_processSerialData:121 - 🔄 数据来源: 串口接收 -> PendulumState.physical_length
2025-09-02 14:33:45.339 | INFO     | Pendulum.PendulumAPP:_processSerialData:120 - 📏 串口长度数据已更新: L32.791950 -> physical_length=32.791950
2025-09-02 14:33:45.339 | INFO     | Pendulum.PendulumAPP:_processSerialData:121 - 🔄 数据来源: 串口接收 -> PendulumState.physical_length
2025-09-02 14:33:45.387 | INFO     | Pendulum.PendulumAPP:_processSerialData:120 - 📏 串口长度数据已更新: L32.791950 -> physical_length=32.791950
2025-09-02 14:33:45.387 | INFO     | Pendulum.PendulumAPP:_processSerialData:121 - 🔄 数据来源: 串口接收 -> PendulumState.physical_length
2025-09-02 14:33:45.432 | INFO     | Pendulum.PendulumAPP:_processSerialData:120 - 📏 串口长度数据已更新: L32.791950 -> physical_length=32.791950
2025-09-02 14:33:45.435 | INFO     | Pendulum.PendulumAPP:_processSerialData:121 - 🔄 数据来源: 串口接收 -> PendulumState.physical_length
2025-09-02 14:33:45.478 | INFO     | Pendulum.PendulumAPP:_processSerialData:120 - 📏 串口长度数据已更新: L32.791950 -> physical_length=32.791950
2025-09-02 14:33:45.479 | INFO     | Pendulum.PendulumAPP:_processSerialData:121 - 🔄 数据来源: 串口接收 -> PendulumState.physical_length
2025-09-02 14:33:45.525 | INFO     | Pendulum.PendulumAPP:_processSerialData:120 - 📏 串口长度数据已更新: L32.791950 -> physical_length=32.791950
2025-09-02 14:33:45.527 | INFO     | Pendulum.PendulumAPP:_processSerialData:121 - 🔄 数据来源: 串口接收 -> PendulumState.physical_length
2025-09-02 14:33:45.571 | INFO     | Pendulum.PendulumAPP:_processSerialData:120 - 📏 串口长度数据已更新: L32.791950 -> physical_length=32.791950
2025-09-02 14:33:45.572 | INFO     | Pendulum.PendulumAPP:_processSerialData:121 - 🔄 数据来源: 串口接收 -> PendulumState.physical_length
2025-09-02 14:33:45.617 | INFO     | Pendulum.PendulumAPP:_processSerialData:120 - 📏 串口长度数据已更新: L32.791950 -> physical_length=32.791950
2025-09-02 14:33:45.619 | INFO     | Pendulum.PendulumAPP:_processSerialData:121 - 🔄 数据来源: 串口接收 -> PendulumState.physical_length
2025-09-02 14:33:45.663 | INFO     | Pendulum.PendulumAPP:_processSerialData:120 - 📏 串口长度数据已更新: L32.791950 -> physical_length=32.791950
2025-09-02 14:33:45.663 | INFO     | Pendulum.PendulumAPP:_processSerialData:121 - 🔄 数据来源: 串口接收 -> PendulumState.physical_length
2025-09-02 14:33:45.709 | INFO     | Pendulum.PendulumAPP:_processSerialData:120 - 📏 串口长度数据已更新: L32.791950 -> physical_length=32.791950
2025-09-02 14:33:45.710 | INFO     | Pendulum.PendulumAPP:_processSerialData:121 - 🔄 数据来源: 串口接收 -> PendulumState.physical_length
2025-09-02 14:33:45.754 | INFO     | Pendulum.PendulumAPP:_processSerialData:120 - 📏 串口长度数据已更新: L32.791950 -> physical_length=32.791950
2025-09-02 14:33:45.756 | INFO     | Pendulum.PendulumAPP:_processSerialData:121 - 🔄 数据来源: 串口接收 -> PendulumState.physical_length
2025-09-02 14:33:45.802 | INFO     | Pendulum.PendulumAPP:_processSerialData:120 - 📏 串口长度数据已更新: L32.791950 -> physical_length=32.791950
2025-09-02 14:33:45.803 | INFO     | Pendulum.PendulumAPP:_processSerialData:121 - 🔄 数据来源: 串口接收 -> PendulumState.physical_length
2025-09-02 14:33:45.849 | INFO     | Pendulum.PendulumAPP:_processSerialData:120 - 📏 串口长度数据已更新: L32.791950 -> physical_length=32.791950
2025-09-02 14:33:45.849 | INFO     | Pendulum.PendulumAPP:_processSerialData:121 - 🔄 数据来源: 串口接收 -> PendulumState.physical_length
2025-09-02 14:33:45.911 | INFO     | Pendulum.PendulumAPP:_processSerialData:120 - 📏 串口长度数据已更新: L32.791950 -> physical_length=32.791950
2025-09-02 14:33:45.912 | INFO     | Pendulum.PendulumAPP:_processSerialData:121 - 🔄 数据来源: 串口接收 -> PendulumState.physical_length
2025-09-02 14:33:45.957 | INFO     | Pendulum.PendulumAPP:_processSerialData:120 - 📏 串口长度数据已更新: L32.791950 -> physical_length=32.791950
2025-09-02 14:33:45.958 | INFO     | Pendulum.PendulumAPP:_processSerialData:121 - 🔄 数据来源: 串口接收 -> PendulumState.physical_length
2025-09-02 14:33:46.004 | INFO     | Pendulum.PendulumAPP:_processSerialData:120 - 📏 串口长度数据已更新: L32.791950 -> physical_length=32.791950
2025-09-02 14:33:46.008 | INFO     | Pendulum.PendulumAPP:_processSerialData:121 - 🔄 数据来源: 串口接收 -> PendulumState.physical_length
2025-09-02 14:33:46.050 | INFO     | Pendulum.PendulumAPP:_processSerialData:120 - 📏 串口长度数据已更新: L32.791950 -> physical_length=32.791950
2025-09-02 14:33:46.050 | INFO     | Pendulum.PendulumAPP:_processSerialData:121 - 🔄 数据来源: 串口接收 -> PendulumState.physical_length
2025-09-02 14:33:46.096 | INFO     | Pendulum.PendulumAPP:_processSerialData:120 - 📏 串口长度数据已更新: L32.791950 -> physical_length=32.791950
2025-09-02 14:33:46.096 | INFO     | Pendulum.PendulumAPP:_processSerialData:121 - 🔄 数据来源: 串口接收 -> PendulumState.physical_length
2025-09-02 14:33:46.142 | INFO     | Pendulum.PendulumAPP:_processSerialData:120 - 📏 串口长度数据已更新: L32.791950 -> physical_length=32.791950
2025-09-02 14:33:46.143 | INFO     | Pendulum.PendulumAPP:_processSerialData:121 - 🔄 数据来源: 串口接收 -> PendulumState.physical_length
2025-09-02 14:33:46.189 | INFO     | Pendulum.PendulumAPP:_processSerialData:120 - 📏 串口长度数据已更新: L32.791950 -> physical_length=32.791950
2025-09-02 14:33:46.190 | INFO     | Pendulum.PendulumAPP:_processSerialData:121 - 🔄 数据来源: 串口接收 -> PendulumState.physical_length
2025-09-02 14:33:46.236 | INFO     | Pendulum.PendulumAPP:_processSerialData:120 - 📏 串口长度数据已更新: L32.791950 -> physical_length=32.791950
2025-09-02 14:33:46.237 | INFO     | Pendulum.PendulumAPP:_processSerialData:121 - 🔄 数据来源: 串口接收 -> PendulumState.physical_length
2025-09-02 14:33:46.281 | INFO     | Pendulum.PendulumAPP:_processSerialData:120 - 📏 串口长度数据已更新: L32.791950 -> physical_length=32.791950
2025-09-02 14:33:46.283 | INFO     | Pendulum.PendulumAPP:_processSerialData:121 - 🔄 数据来源: 串口接收 -> PendulumState.physical_length
2025-09-02 14:33:46.328 | INFO     | Pendulum.PendulumAPP:_processSerialData:120 - 📏 串口长度数据已更新: L32.791950 -> physical_length=32.791950
2025-09-02 14:33:46.329 | INFO     | Pendulum.PendulumAPP:_processSerialData:121 - 🔄 数据来源: 串口接收 -> PendulumState.physical_length
2025-09-02 14:33:46.373 | INFO     | Pendulum.PendulumAPP:_processSerialData:120 - 📏 串口长度数据已更新: L32.791950 -> physical_length=32.791950
2025-09-02 14:33:46.375 | INFO     | Pendulum.PendulumAPP:_processSerialData:121 - 🔄 数据来源: 串口接收 -> PendulumState.physical_length
2025-09-02 14:33:46.420 | INFO     | Pendulum.PendulumAPP:_processSerialData:120 - 📏 串口长度数据已更新: L32.791950 -> physical_length=32.791950
2025-09-02 14:33:46.421 | INFO     | Pendulum.PendulumAPP:_processSerialData:121 - 🔄 数据来源: 串口接收 -> PendulumState.physical_length
2025-09-02 14:33:46.456 | INFO     | Pendulum.PendulumAPP:_keyEventWeb:274 - u0
2025-09-02 14:33:46.457 | INFO     | Pendulum.SerialConncet:send:199 - sendu0
2025-09-02 14:33:46.459 | INFO     | Pendulum.SerialConncet:send:201 - [发送] u0
2025-09-02 14:33:46.466 | INFO     | Pendulum.PendulumAPP:_processSerialData:120 - 📏 串口长度数据已更新: L32.791950 -> physical_length=32.791950
2025-09-02 14:33:46.468 | INFO     | Pendulum.PendulumAPP:_processSerialData:121 - 🔄 数据来源: 串口接收 -> PendulumState.physical_length
2025-09-02 14:33:46.513 | INFO     | Pendulum.PendulumAPP:_processSerialData:120 - 📏 串口长度数据已更新: L32.791950 -> physical_length=32.791950
2025-09-02 14:33:46.514 | INFO     | Pendulum.PendulumAPP:_processSerialData:121 - 🔄 数据来源: 串口接收 -> PendulumState.physical_length
2025-09-02 14:33:46.560 | INFO     | Pendulum.PendulumAPP:_processSerialData:120 - 📏 串口长度数据已更新: L32.791950 -> physical_length=32.791950
2025-09-02 14:33:46.561 | INFO     | Pendulum.PendulumAPP:_processSerialData:121 - 🔄 数据来源: 串口接收 -> PendulumState.physical_length
2025-09-02 14:33:46.607 | INFO     | Pendulum.PendulumAPP:_processSerialData:120 - 📏 串口长度数据已更新: L32.791950 -> physical_length=32.791950
2025-09-02 14:33:46.608 | INFO     | Pendulum.PendulumAPP:_processSerialData:121 - 🔄 数据来源: 串口接收 -> PendulumState.physical_length
2025-09-02 14:33:46.653 | INFO     | Pendulum.PendulumAPP:_processSerialData:120 - 📏 串口长度数据已更新: L32.791950 -> physical_length=32.791950
2025-09-02 14:33:46.653 | INFO     | Pendulum.PendulumAPP:_processSerialData:121 - 🔄 数据来源: 串口接收 -> PendulumState.physical_length
2025-09-02 14:33:46.714 | INFO     | Pendulum.PendulumAPP:_processSerialData:120 - 📏 串口长度数据已更新: L32.791950 -> physical_length=32.791950
2025-09-02 14:33:46.715 | INFO     | Pendulum.PendulumAPP:_processSerialData:121 - 🔄 数据来源: 串口接收 -> PendulumState.physical_length
2025-09-02 14:33:46.762 | INFO     | Pendulum.PendulumAPP:_processSerialData:120 - 📏 串口长度数据已更新: L32.791950 -> physical_length=32.791950
2025-09-02 14:33:46.763 | INFO     | Pendulum.PendulumAPP:_processSerialData:121 - 🔄 数据来源: 串口接收 -> PendulumState.physical_length
2025-09-02 14:33:46.808 | INFO     | Pendulum.PendulumAPP:_processSerialData:120 - 📏 串口长度数据已更新: L32.791950 -> physical_length=32.791950
2025-09-02 14:33:46.810 | INFO     | Pendulum.PendulumAPP:_processSerialData:121 - 🔄 数据来源: 串口接收 -> PendulumState.physical_length
2025-09-02 14:33:46.854 | INFO     | Pendulum.PendulumAPP:_processSerialData:120 - 📏 串口长度数据已更新: L32.791950 -> physical_length=32.791950
2025-09-02 14:33:46.855 | INFO     | Pendulum.PendulumAPP:_processSerialData:121 - 🔄 数据来源: 串口接收 -> PendulumState.physical_length
2025-09-02 14:33:46.901 | INFO     | Pendulum.PendulumAPP:_processSerialData:120 - 📏 串口长度数据已更新: L32.791950 -> physical_length=32.791950
2025-09-02 14:33:46.902 | INFO     | Pendulum.PendulumAPP:_processSerialData:121 - 🔄 数据来源: 串口接收 -> PendulumState.physical_length
2025-09-02 14:33:46.947 | INFO     | Pendulum.PendulumAPP:_processSerialData:120 - 📏 串口长度数据已更新: L32.791950 -> physical_length=32.791950
2025-09-02 14:33:46.949 | INFO     | Pendulum.PendulumAPP:_processSerialData:121 - 🔄 数据来源: 串口接收 -> PendulumState.physical_length
2025-09-02 14:33:46.993 | INFO     | Pendulum.PendulumAPP:_processSerialData:120 - 📏 串口长度数据已更新: L32.791950 -> physical_length=32.791950
2025-09-02 14:33:46.994 | INFO     | Pendulum.PendulumAPP:_processSerialData:121 - 🔄 数据来源: 串口接收 -> PendulumState.physical_length
2025-09-02 14:33:47.039 | INFO     | Pendulum.PendulumAPP:_processSerialData:120 - 📏 串口长度数据已更新: L32.791950 -> physical_length=32.791950
2025-09-02 14:33:47.039 | INFO     | Pendulum.PendulumAPP:_processSerialData:121 - 🔄 数据来源: 串口接收 -> PendulumState.physical_length
2025-09-02 14:33:47.085 | INFO     | Pendulum.PendulumAPP:_processSerialData:120 - 📏 串口长度数据已更新: L32.791950 -> physical_length=32.791950
2025-09-02 14:33:47.086 | INFO     | Pendulum.PendulumAPP:_processSerialData:121 - 🔄 数据来源: 串口接收 -> PendulumState.physical_length
2025-09-02 14:33:47.131 | INFO     | Pendulum.PendulumAPP:_processSerialData:120 - 📏 串口长度数据已更新: L32.791950 -> physical_length=32.791950
2025-09-02 14:33:47.133 | INFO     | Pendulum.PendulumAPP:_processSerialData:121 - 🔄 数据来源: 串口接收 -> PendulumState.physical_length
2025-09-02 14:33:47.177 | INFO     | Pendulum.PendulumAPP:_processSerialData:120 - 📏 串口长度数据已更新: L32.791950 -> physical_length=32.791950
2025-09-02 14:33:47.179 | INFO     | Pendulum.PendulumAPP:_processSerialData:121 - 🔄 数据来源: 串口接收 -> PendulumState.physical_length
2025-09-02 14:33:47.223 | INFO     | Pendulum.PendulumAPP:_processSerialData:120 - 📏 串口长度数据已更新: L32.791950 -> physical_length=32.791950
2025-09-02 14:33:47.224 | INFO     | Pendulum.PendulumAPP:_processSerialData:121 - 🔄 数据来源: 串口接收 -> PendulumState.physical_length
2025-09-02 14:33:47.270 | INFO     | Pendulum.PendulumAPP:_processSerialData:120 - 📏 串口长度数据已更新: L32.791950 -> physical_length=32.791950
2025-09-02 14:33:47.271 | INFO     | Pendulum.PendulumAPP:_processSerialData:121 - 🔄 数据来源: 串口接收 -> PendulumState.physical_length
2025-09-02 14:33:47.317 | INFO     | Pendulum.PendulumAPP:_processSerialData:120 - 📏 串口长度数据已更新: L32.791950 -> physical_length=32.791950
2025-09-02 14:33:47.318 | INFO     | Pendulum.PendulumAPP:_processSerialData:121 - 🔄 数据来源: 串口接收 -> PendulumState.physical_length
2025-09-02 14:33:47.367 | INFO     | Pendulum.PendulumAPP:_processSerialData:120 - 📏 串口长度数据已更新: L32.791950 -> physical_length=32.791950
2025-09-02 14:33:47.368 | INFO     | Pendulum.PendulumAPP:_processSerialData:121 - 🔄 数据来源: 串口接收 -> PendulumState.physical_length
2025-09-02 14:33:47.443 | INFO     | Pendulum.PendulumAPP:_processSerialData:120 - 📏 串口长度数据已更新: L32.791950 -> physical_length=32.791950
2025-09-02 14:33:47.444 | INFO     | Pendulum.PendulumAPP:_processSerialData:121 - 🔄 数据来源: 串口接收 -> PendulumState.physical_length
2025-09-02 14:33:47.490 | INFO     | Pendulum.PendulumAPP:_processSerialData:120 - 📏 串口长度数据已更新: L32.791950 -> physical_length=32.791950
2025-09-02 14:33:47.494 | INFO     | Pendulum.PendulumAPP:_processSerialData:121 - 🔄 数据来源: 串口接收 -> PendulumState.physical_length
2025-09-02 14:33:47.536 | INFO     | Pendulum.PendulumAPP:_processSerialData:120 - 📏 串口长度数据已更新: L32.791950 -> physical_length=32.791950
2025-09-02 14:33:47.537 | INFO     | Pendulum.PendulumAPP:_processSerialData:121 - 🔄 数据来源: 串口接收 -> PendulumState.physical_length
2025-09-02 14:33:47.583 | INFO     | Pendulum.PendulumAPP:_processSerialData:120 - 📏 串口长度数据已更新: L32.791950 -> physical_length=32.791950
2025-09-02 14:33:47.584 | INFO     | Pendulum.PendulumAPP:_processSerialData:121 - 🔄 数据来源: 串口接收 -> PendulumState.physical_length
2025-09-02 14:33:47.629 | INFO     | Pendulum.PendulumAPP:_processSerialData:120 - 📏 串口长度数据已更新: L32.791950 -> physical_length=32.791950
2025-09-02 14:33:47.630 | INFO     | Pendulum.PendulumAPP:_processSerialData:121 - 🔄 数据来源: 串口接收 -> PendulumState.physical_length
2025-09-02 14:33:47.676 | INFO     | Pendulum.PendulumAPP:_processSerialData:120 - 📏 串口长度数据已更新: L32.791950 -> physical_length=32.791950
2025-09-02 14:33:47.677 | INFO     | Pendulum.PendulumAPP:_processSerialData:121 - 🔄 数据来源: 串口接收 -> PendulumState.physical_length
2025-09-02 14:33:47.722 | INFO     | Pendulum.PendulumAPP:_processSerialData:120 - 📏 串口长度数据已更新: L32.791950 -> physical_length=32.791950
2025-09-02 14:33:47.723 | INFO     | Pendulum.PendulumAPP:_processSerialData:121 - 🔄 数据来源: 串口接收 -> PendulumState.physical_length
2025-09-02 14:33:47.768 | INFO     | Pendulum.PendulumAPP:_processSerialData:120 - 📏 串口长度数据已更新: L32.791950 -> physical_length=32.791950
2025-09-02 14:33:47.769 | INFO     | Pendulum.PendulumAPP:_processSerialData:121 - 🔄 数据来源: 串口接收 -> PendulumState.physical_length
2025-09-02 14:33:47.814 | INFO     | Pendulum.PendulumAPP:_processSerialData:120 - 📏 串口长度数据已更新: L32.791950 -> physical_length=32.791950
2025-09-02 14:33:47.815 | INFO     | Pendulum.PendulumAPP:_processSerialData:121 - 🔄 数据来源: 串口接收 -> PendulumState.physical_length
2025-09-02 14:33:47.862 | INFO     | Pendulum.PendulumAPP:_processSerialData:120 - 📏 串口长度数据已更新: L32.791950 -> physical_length=32.791950
2025-09-02 14:33:47.866 | INFO     | Pendulum.PendulumAPP:_processSerialData:121 - 🔄 数据来源: 串口接收 -> PendulumState.physical_length
2025-09-02 14:33:47.908 | INFO     | Pendulum.PendulumAPP:_processSerialData:120 - 📏 串口长度数据已更新: L32.791950 -> physical_length=32.791950
2025-09-02 14:33:47.910 | INFO     | Pendulum.PendulumAPP:_processSerialData:121 - 🔄 数据来源: 串口接收 -> PendulumState.physical_length
2025-09-02 14:33:47.955 | INFO     | Pendulum.PendulumAPP:_processSerialData:120 - 📏 串口长度数据已更新: L32.791950 -> physical_length=32.791950
2025-09-02 14:33:47.956 | INFO     | Pendulum.PendulumAPP:_processSerialData:121 - 🔄 数据来源: 串口接收 -> PendulumState.physical_length
2025-09-02 14:33:48.001 | INFO     | Pendulum.PendulumAPP:_processSerialData:120 - 📏 串口长度数据已更新: L32.791950 -> physical_length=32.791950
2025-09-02 14:33:48.002 | INFO     | Pendulum.PendulumAPP:_processSerialData:121 - 🔄 数据来源: 串口接收 -> PendulumState.physical_length
2025-09-02 14:33:48.066 | INFO     | Pendulum.PendulumAPP:_keyEventWeb:289 - d1
2025-09-02 14:33:48.067 | INFO     | Pendulum.SerialConncet:send:199 - sendd1
2025-09-02 14:33:48.069 | INFO     | Pendulum.SerialConncet:send:201 - [发送] d1
2025-09-02 14:33:48.078 | INFO     | Pendulum.PendulumAPP:_processSerialData:120 - 📏 串口长度数据已更新: L32.791950 -> physical_length=32.791950
2025-09-02 14:33:48.079 | INFO     | Pendulum.PendulumAPP:_processSerialData:121 - 🔄 数据来源: 串口接收 -> PendulumState.physical_length
2025-09-02 14:33:48.125 | INFO     | Pendulum.PendulumAPP:_processSerialData:120 - 📏 串口长度数据已更新: L32.791950 -> physical_length=32.791950
2025-09-02 14:33:48.126 | INFO     | Pendulum.PendulumAPP:_processSerialData:121 - 🔄 数据来源: 串口接收 -> PendulumState.physical_length
2025-09-02 14:33:48.171 | INFO     | Pendulum.PendulumAPP:_processSerialData:120 - 📏 串口长度数据已更新: L32.791950 -> physical_length=32.791950
2025-09-02 14:33:48.172 | INFO     | Pendulum.PendulumAPP:_processSerialData:121 - 🔄 数据来源: 串口接收 -> PendulumState.physical_length
2025-09-02 14:33:48.219 | INFO     | Pendulum.PendulumAPP:_processSerialData:120 - 📏 串口长度数据已更新: L32.791950 -> physical_length=32.791950
2025-09-02 14:33:48.220 | INFO     | Pendulum.PendulumAPP:_processSerialData:121 - 🔄 数据来源: 串口接收 -> PendulumState.physical_length
2025-09-02 14:33:48.267 | INFO     | Pendulum.PendulumAPP:_processSerialData:120 - 📏 串口长度数据已更新: L32.791950 -> physical_length=32.791950
2025-09-02 14:33:48.268 | INFO     | Pendulum.PendulumAPP:_processSerialData:121 - 🔄 数据来源: 串口接收 -> PendulumState.physical_length
2025-09-02 14:33:48.314 | INFO     | Pendulum.PendulumAPP:_processSerialData:120 - 📏 串口长度数据已更新: L32.791950 -> physical_length=32.791950
2025-09-02 14:33:48.315 | INFO     | Pendulum.PendulumAPP:_processSerialData:121 - 🔄 数据来源: 串口接收 -> PendulumState.physical_length
2025-09-02 14:33:48.345 | INFO     | Pendulum.PendulumAPP:_processSerialData:120 - 📏 串口长度数据已更新: L32.791950 -> physical_length=32.791950
2025-09-02 14:33:48.346 | INFO     | Pendulum.PendulumAPP:_processSerialData:121 - 🔄 数据来源: 串口接收 -> PendulumState.physical_length
2025-09-02 14:33:48.394 | INFO     | Pendulum.PendulumAPP:_processSerialData:120 - 📏 串口长度数据已更新: L32.791950 -> physical_length=32.791950
2025-09-02 14:33:48.395 | INFO     | Pendulum.PendulumAPP:_processSerialData:121 - 🔄 数据来源: 串口接收 -> PendulumState.physical_length
2025-09-02 14:33:48.439 | INFO     | Pendulum.PendulumAPP:_processSerialData:120 - 📏 串口长度数据已更新: L32.791950 -> physical_length=32.791950
2025-09-02 14:33:48.441 | INFO     | Pendulum.PendulumAPP:_processSerialData:121 - 🔄 数据来源: 串口接收 -> PendulumState.physical_length
2025-09-02 14:33:48.487 | INFO     | Pendulum.PendulumAPP:_processSerialData:120 - 📏 串口长度数据已更新: L32.791950 -> physical_length=32.791950
2025-09-02 14:33:48.487 | INFO     | Pendulum.PendulumAPP:_processSerialData:121 - 🔄 数据来源: 串口接收 -> PendulumState.physical_length
2025-09-02 14:33:48.532 | INFO     | Pendulum.PendulumAPP:_processSerialData:120 - 📏 串口长度数据已更新: L32.791950 -> physical_length=32.791950
2025-09-02 14:33:48.532 | INFO     | Pendulum.PendulumAPP:_processSerialData:121 - 🔄 数据来源: 串口接收 -> PendulumState.physical_length
2025-09-02 14:33:48.577 | INFO     | Pendulum.PendulumAPP:_processSerialData:120 - 📏 串口长度数据已更新: L32.791950 -> physical_length=32.791950
2025-09-02 14:33:48.578 | INFO     | Pendulum.PendulumAPP:_processSerialData:121 - 🔄 数据来源: 串口接收 -> PendulumState.physical_length
2025-09-02 14:33:48.624 | INFO     | Pendulum.PendulumAPP:_processSerialData:120 - 📏 串口长度数据已更新: L32.791950 -> physical_length=32.791950
2025-09-02 14:33:48.625 | INFO     | Pendulum.PendulumAPP:_processSerialData:121 - 🔄 数据来源: 串口接收 -> PendulumState.physical_length
2025-09-02 14:33:48.671 | INFO     | Pendulum.PendulumAPP:_processSerialData:120 - 📏 串口长度数据已更新: L32.791950 -> physical_length=32.791950
2025-09-02 14:33:48.673 | INFO     | Pendulum.PendulumAPP:_processSerialData:121 - 🔄 数据来源: 串口接收 -> PendulumState.physical_length
2025-09-02 14:33:48.717 | INFO     | Pendulum.PendulumAPP:_processSerialData:120 - 📏 串口长度数据已更新: L32.791950 -> physical_length=32.791950
2025-09-02 14:33:48.718 | INFO     | Pendulum.PendulumAPP:_processSerialData:121 - 🔄 数据来源: 串口接收 -> PendulumState.physical_length
2025-09-02 14:33:48.764 | INFO     | Pendulum.PendulumAPP:_processSerialData:120 - 📏 串口长度数据已更新: L32.791950 -> physical_length=32.791950
2025-09-02 14:33:48.765 | INFO     | Pendulum.PendulumAPP:_processSerialData:121 - 🔄 数据来源: 串口接收 -> PendulumState.physical_length
2025-09-02 14:33:48.810 | INFO     | Pendulum.PendulumAPP:_processSerialData:120 - 📏 串口长度数据已更新: L32.791950 -> physical_length=32.791950
2025-09-02 14:33:48.811 | INFO     | Pendulum.PendulumAPP:_processSerialData:121 - 🔄 数据来源: 串口接收 -> PendulumState.physical_length
2025-09-02 14:33:48.873 | INFO     | Pendulum.PendulumAPP:_processSerialData:120 - 📏 串口长度数据已更新: L32.791950 -> physical_length=32.791950
2025-09-02 14:33:48.874 | INFO     | Pendulum.PendulumAPP:_processSerialData:121 - 🔄 数据来源: 串口接收 -> PendulumState.physical_length
2025-09-02 14:33:48.917 | INFO     | Pendulum.PendulumAPP:_processSerialData:120 - 📏 串口长度数据已更新: L32.791950 -> physical_length=32.791950
2025-09-02 14:33:48.920 | INFO     | Pendulum.PendulumAPP:_processSerialData:121 - 🔄 数据来源: 串口接收 -> PendulumState.physical_length
2025-09-02 14:33:48.964 | INFO     | Pendulum.PendulumAPP:_processSerialData:120 - 📏 串口长度数据已更新: L32.791950 -> physical_length=32.791950
2025-09-02 14:33:48.965 | INFO     | Pendulum.PendulumAPP:_processSerialData:121 - 🔄 数据来源: 串口接收 -> PendulumState.physical_length
2025-09-02 14:33:49.010 | INFO     | Pendulum.PendulumAPP:_processSerialData:120 - 📏 串口长度数据已更新: L32.791950 -> physical_length=32.791950
2025-09-02 14:33:49.010 | INFO     | Pendulum.PendulumAPP:_processSerialData:121 - 🔄 数据来源: 串口接收 -> PendulumState.physical_length
2025-09-02 14:33:49.057 | INFO     | Pendulum.PendulumAPP:_processSerialData:120 - 📏 串口长度数据已更新: L32.791950 -> physical_length=32.791950
2025-09-02 14:33:49.057 | INFO     | Pendulum.PendulumAPP:_processSerialData:121 - 🔄 数据来源: 串口接收 -> PendulumState.physical_length
2025-09-02 14:33:49.103 | INFO     | Pendulum.PendulumAPP:_processSerialData:120 - 📏 串口长度数据已更新: L32.791950 -> physical_length=32.791950
2025-09-02 14:33:49.104 | INFO     | Pendulum.PendulumAPP:_processSerialData:121 - 🔄 数据来源: 串口接收 -> PendulumState.physical_length
2025-09-02 14:33:49.150 | INFO     | Pendulum.PendulumAPP:_processSerialData:120 - 📏 串口长度数据已更新: L32.791950 -> physical_length=32.791950
2025-09-02 14:33:49.152 | INFO     | Pendulum.PendulumAPP:_processSerialData:121 - 🔄 数据来源: 串口接收 -> PendulumState.physical_length
2025-09-02 14:33:49.197 | INFO     | Pendulum.PendulumAPP:_processSerialData:120 - 📏 串口长度数据已更新: L32.791950 -> physical_length=32.791950
2025-09-02 14:33:49.198 | INFO     | Pendulum.PendulumAPP:_processSerialData:121 - 🔄 数据来源: 串口接收 -> PendulumState.physical_length
2025-09-02 14:33:49.243 | INFO     | Pendulum.PendulumAPP:_processSerialData:120 - 📏 串口长度数据已更新: L32.791950 -> physical_length=32.791950
2025-09-02 14:33:49.244 | INFO     | Pendulum.PendulumAPP:_processSerialData:121 - 🔄 数据来源: 串口接收 -> PendulumState.physical_length
2025-09-02 14:33:49.288 | INFO     | Pendulum.PendulumAPP:_processSerialData:120 - 📏 串口长度数据已更新: L32.791950 -> physical_length=32.791950
2025-09-02 14:33:49.289 | INFO     | Pendulum.PendulumAPP:_processSerialData:121 - 🔄 数据来源: 串口接收 -> PendulumState.physical_length
2025-09-02 14:33:49.335 | INFO     | Pendulum.PendulumAPP:_processSerialData:120 - 📏 串口长度数据已更新: L32.791950 -> physical_length=32.791950
2025-09-02 14:33:49.337 | INFO     | Pendulum.PendulumAPP:_processSerialData:121 - 🔄 数据来源: 串口接收 -> PendulumState.physical_length
2025-09-02 14:33:49.382 | INFO     | Pendulum.PendulumAPP:_processSerialData:120 - 📏 串口长度数据已更新: L32.791950 -> physical_length=32.791950
2025-09-02 14:33:49.383 | INFO     | Pendulum.PendulumAPP:_processSerialData:121 - 🔄 数据来源: 串口接收 -> PendulumState.physical_length
2025-09-02 14:33:49.428 | INFO     | Pendulum.PendulumAPP:_processSerialData:120 - 📏 串口长度数据已更新: L32.791950 -> physical_length=32.791950
2025-09-02 14:33:49.429 | INFO     | Pendulum.PendulumAPP:_processSerialData:121 - 🔄 数据来源: 串口接收 -> PendulumState.physical_length
2025-09-02 14:33:49.475 | INFO     | Pendulum.PendulumAPP:_processSerialData:120 - 📏 串口长度数据已更新: L32.791950 -> physical_length=32.791950
2025-09-02 14:33:49.476 | INFO     | Pendulum.PendulumAPP:_processSerialData:121 - 🔄 数据来源: 串口接收 -> PendulumState.physical_length
2025-09-02 14:33:49.521 | INFO     | Pendulum.PendulumAPP:_processSerialData:120 - 📏 串口长度数据已更新: L32.791950 -> physical_length=32.791950
2025-09-02 14:33:49.523 | INFO     | Pendulum.PendulumAPP:_processSerialData:121 - 🔄 数据来源: 串口接收 -> PendulumState.physical_length
2025-09-02 14:33:49.599 | INFO     | Pendulum.PendulumAPP:_processSerialData:120 - 📏 串口长度数据已更新: L32.791950 -> physical_length=32.791950
2025-09-02 14:33:49.600 | INFO     | Pendulum.PendulumAPP:_processSerialData:121 - 🔄 数据来源: 串口接收 -> PendulumState.physical_length
2025-09-02 14:33:49.646 | INFO     | Pendulum.PendulumAPP:_processSerialData:120 - 📏 串口长度数据已更新: L32.791950 -> physical_length=32.791950
2025-09-02 14:33:49.646 | INFO     | Pendulum.PendulumAPP:_processSerialData:121 - 🔄 数据来源: 串口接收 -> PendulumState.physical_length
2025-09-02 14:33:49.693 | INFO     | Pendulum.PendulumAPP:_processSerialData:120 - 📏 串口长度数据已更新: L32.791950 -> physical_length=32.791950
2025-09-02 14:33:49.694 | INFO     | Pendulum.PendulumAPP:_processSerialData:121 - 🔄 数据来源: 串口接收 -> PendulumState.physical_length
2025-09-02 14:33:49.739 | INFO     | Pendulum.PendulumAPP:_processSerialData:120 - 📏 串口长度数据已更新: L32.791950 -> physical_length=32.791950
2025-09-02 14:33:49.740 | INFO     | Pendulum.PendulumAPP:_processSerialData:121 - 🔄 数据来源: 串口接收 -> PendulumState.physical_length
2025-09-02 14:33:49.786 | INFO     | Pendulum.PendulumAPP:_processSerialData:120 - 📏 串口长度数据已更新: L32.791950 -> physical_length=32.791950
2025-09-02 14:33:49.788 | INFO     | Pendulum.PendulumAPP:_processSerialData:121 - 🔄 数据来源: 串口接收 -> PendulumState.physical_length
2025-09-02 14:33:49.831 | INFO     | Pendulum.PendulumAPP:_processSerialData:120 - 📏 串口长度数据已更新: L32.791950 -> physical_length=32.791950
2025-09-02 14:33:49.831 | INFO     | Pendulum.PendulumAPP:_processSerialData:121 - 🔄 数据来源: 串口接收 -> PendulumState.physical_length
2025-09-02 14:33:49.878 | INFO     | Pendulum.PendulumAPP:_processSerialData:120 - 📏 串口长度数据已更新: L32.791950 -> physical_length=32.791950
2025-09-02 14:33:49.879 | INFO     | Pendulum.PendulumAPP:_processSerialData:121 - 🔄 数据来源: 串口接收 -> PendulumState.physical_length
2025-09-02 14:33:49.924 | INFO     | Pendulum.PendulumAPP:_processSerialData:120 - 📏 串口长度数据已更新: L32.791950 -> physical_length=32.791950
2025-09-02 14:33:49.925 | INFO     | Pendulum.PendulumAPP:_processSerialData:121 - 🔄 数据来源: 串口接收 -> PendulumState.physical_length
2025-09-02 14:33:49.970 | INFO     | Pendulum.PendulumAPP:_processSerialData:120 - 📏 串口长度数据已更新: L32.791950 -> physical_length=32.791950
2025-09-02 14:33:49.971 | INFO     | Pendulum.PendulumAPP:_processSerialData:121 - 🔄 数据来源: 串口接收 -> PendulumState.physical_length
2025-09-02 14:33:50.016 | INFO     | Pendulum.PendulumAPP:_processSerialData:120 - 📏 串口长度数据已更新: L32.791950 -> physical_length=32.791950
2025-09-02 14:33:50.017 | INFO     | Pendulum.PendulumAPP:_processSerialData:121 - 🔄 数据来源: 串口接收 -> PendulumState.physical_length
2025-09-02 14:33:50.062 | INFO     | Pendulum.PendulumAPP:_processSerialData:120 - 📏 串口长度数据已更新: L32.791950 -> physical_length=32.791950
2025-09-02 14:33:50.063 | INFO     | Pendulum.PendulumAPP:_processSerialData:121 - 🔄 数据来源: 串口接收 -> PendulumState.physical_length
2025-09-02 14:33:50.108 | INFO     | Pendulum.PendulumAPP:_processSerialData:120 - 📏 串口长度数据已更新: L32.791950 -> physical_length=32.791950
2025-09-02 14:33:50.109 | INFO     | Pendulum.PendulumAPP:_processSerialData:121 - 🔄 数据来源: 串口接收 -> PendulumState.physical_length
2025-09-02 14:33:50.154 | INFO     | Pendulum.PendulumAPP:_processSerialData:120 - 📏 串口长度数据已更新: L32.791950 -> physical_length=32.791950
2025-09-02 14:33:50.155 | INFO     | Pendulum.PendulumAPP:_processSerialData:121 - 🔄 数据来源: 串口接收 -> PendulumState.physical_length
2025-09-02 14:33:50.201 | INFO     | Pendulum.PendulumAPP:_processSerialData:120 - 📏 串口长度数据已更新: L32.791950 -> physical_length=32.791950
2025-09-02 14:33:50.205 | INFO     | Pendulum.PendulumAPP:_processSerialData:121 - 🔄 数据来源: 串口接收 -> PendulumState.physical_length
2025-09-02 14:33:50.248 | INFO     | Pendulum.PendulumAPP:_processSerialData:120 - 📏 串口长度数据已更新: L32.791950 -> physical_length=32.791950
2025-09-02 14:33:50.248 | INFO     | Pendulum.PendulumAPP:_processSerialData:121 - 🔄 数据来源: 串口接收 -> PendulumState.physical_length
2025-09-02 14:33:50.311 | INFO     | Pendulum.PendulumAPP:_processSerialData:120 - 📏 串口长度数据已更新: L32.791950 -> physical_length=32.791950
2025-09-02 14:33:50.312 | INFO     | Pendulum.PendulumAPP:_processSerialData:121 - 🔄 数据来源: 串口接收 -> PendulumState.physical_length
2025-09-02 14:33:50.356 | INFO     | Pendulum.PendulumAPP:_processSerialData:120 - 📏 串口长度数据已更新: L32.791950 -> physical_length=32.791950
2025-09-02 14:33:50.361 | INFO     | Pendulum.PendulumAPP:_processSerialData:121 - 🔄 数据来源: 串口接收 -> PendulumState.physical_length
2025-09-02 14:33:50.391 | INFO     | Pendulum.PendulumAPP:_keyEventWeb:268 - u2
2025-09-02 14:33:50.392 | INFO     | Pendulum.SerialConncet:send:199 - sendu2
2025-09-02 14:33:50.395 | INFO     | Pendulum.SerialConncet:send:201 - [发送] u2
2025-09-02 14:33:50.402 | INFO     | Pendulum.PendulumAPP:_processSerialData:120 - 📏 串口长度数据已更新: L32.791950 -> physical_length=32.791950
2025-09-02 14:33:50.403 | INFO     | Pendulum.PendulumAPP:_processSerialData:121 - 🔄 数据来源: 串口接收 -> PendulumState.physical_length
2025-09-02 14:33:50.449 | INFO     | Pendulum.PendulumAPP:_processSerialData:120 - 📏 串口长度数据已更新: L32.791950 -> physical_length=32.791950
2025-09-02 14:33:50.451 | INFO     | Pendulum.PendulumAPP:_processSerialData:121 - 🔄 数据来源: 串口接收 -> PendulumState.physical_length
2025-09-02 14:33:50.495 | INFO     | Pendulum.PendulumAPP:_processSerialData:120 - 📏 串口长度数据已更新: L32.791950 -> physical_length=32.791950
2025-09-02 14:33:50.496 | INFO     | Pendulum.PendulumAPP:_processSerialData:121 - 🔄 数据来源: 串口接收 -> PendulumState.physical_length
2025-09-02 14:33:50.541 | INFO     | Pendulum.PendulumAPP:_processSerialData:120 - 📏 串口长度数据已更新: L32.791950 -> physical_length=32.791950
2025-09-02 14:33:50.542 | INFO     | Pendulum.PendulumAPP:_processSerialData:121 - 🔄 数据来源: 串口接收 -> PendulumState.physical_length
2025-09-02 14:33:50.588 | INFO     | Pendulum.PendulumAPP:_processSerialData:120 - 📏 串口长度数据已更新: L32.791950 -> physical_length=32.791950
2025-09-02 14:33:50.589 | INFO     | Pendulum.PendulumAPP:_processSerialData:121 - 🔄 数据来源: 串口接收 -> PendulumState.physical_length
2025-09-02 14:33:50.635 | INFO     | Pendulum.PendulumAPP:_processSerialData:120 - 📏 串口长度数据已更新: L32.791950 -> physical_length=32.791950
2025-09-02 14:33:50.636 | INFO     | Pendulum.PendulumAPP:_processSerialData:121 - 🔄 数据来源: 串口接收 -> PendulumState.physical_length
2025-09-02 14:33:50.683 | INFO     | Pendulum.PendulumAPP:_processSerialData:120 - 📏 串口长度数据已更新: L32.791950 -> physical_length=32.791950
2025-09-02 14:33:50.684 | INFO     | Pendulum.PendulumAPP:_processSerialData:121 - 🔄 数据来源: 串口接收 -> PendulumState.physical_length
2025-09-02 14:33:50.730 | INFO     | Pendulum.PendulumAPP:_processSerialData:120 - 📏 串口长度数据已更新: L32.791950 -> physical_length=32.791950
2025-09-02 14:33:50.731 | INFO     | Pendulum.PendulumAPP:_processSerialData:121 - 🔄 数据来源: 串口接收 -> PendulumState.physical_length
2025-09-02 14:33:50.775 | INFO     | Pendulum.PendulumAPP:_processSerialData:120 - 📏 串口长度数据已更新: L32.791950 -> physical_length=32.791950
2025-09-02 14:33:50.779 | INFO     | Pendulum.PendulumAPP:_processSerialData:121 - 🔄 数据来源: 串口接收 -> PendulumState.physical_length
2025-09-02 14:33:50.821 | INFO     | Pendulum.PendulumAPP:_processSerialData:120 - 📏 串口长度数据已更新: L32.791950 -> physical_length=32.791950
2025-09-02 14:33:50.823 | INFO     | Pendulum.PendulumAPP:_processSerialData:121 - 🔄 数据来源: 串口接收 -> PendulumState.physical_length
2025-09-02 14:33:50.868 | INFO     | Pendulum.PendulumAPP:_processSerialData:120 - 📏 串口长度数据已更新: L32.791950 -> physical_length=32.791950
2025-09-02 14:33:50.869 | INFO     | Pendulum.PendulumAPP:_processSerialData:121 - 🔄 数据来源: 串口接收 -> PendulumState.physical_length
2025-09-02 14:33:50.914 | INFO     | Pendulum.PendulumAPP:_processSerialData:120 - 📏 串口长度数据已更新: L32.791950 -> physical_length=32.791950
2025-09-02 14:33:50.915 | INFO     | Pendulum.PendulumAPP:_processSerialData:121 - 🔄 数据来源: 串口接收 -> PendulumState.physical_length
2025-09-02 14:33:50.961 | INFO     | Pendulum.PendulumAPP:_processSerialData:120 - 📏 串口长度数据已更新: L32.791950 -> physical_length=32.791950
2025-09-02 14:33:50.962 | INFO     | Pendulum.PendulumAPP:_processSerialData:121 - 🔄 数据来源: 串口接收 -> PendulumState.physical_length
2025-09-02 14:33:51.008 | INFO     | Pendulum.PendulumAPP:_processSerialData:120 - 📏 串口长度数据已更新: L32.791950 -> physical_length=32.791950
2025-09-02 14:33:51.010 | INFO     | Pendulum.PendulumAPP:_processSerialData:121 - 🔄 数据来源: 串口接收 -> PendulumState.physical_length
2025-09-02 14:33:51.053 | INFO     | Pendulum.PendulumAPP:_processSerialData:120 - 📏 串口长度数据已更新: L32.791950 -> physical_length=32.791950
2025-09-02 14:33:51.053 | INFO     | Pendulum.PendulumAPP:_processSerialData:121 - 🔄 数据来源: 串口接收 -> PendulumState.physical_length
2025-09-02 14:33:51.116 | INFO     | Pendulum.PendulumAPP:_processSerialData:120 - 📏 串口长度数据已更新: L32.791950 -> physical_length=32.791950
2025-09-02 14:33:51.117 | INFO     | Pendulum.PendulumAPP:_processSerialData:121 - 🔄 数据来源: 串口接收 -> PendulumState.physical_length
2025-09-02 14:33:51.162 | INFO     | Pendulum.PendulumAPP:_processSerialData:120 - 📏 串口长度数据已更新: L32.791950 -> physical_length=32.791950
2025-09-02 14:33:51.163 | INFO     | Pendulum.PendulumAPP:_processSerialData:121 - 🔄 数据来源: 串口接收 -> PendulumState.physical_length
2025-09-02 14:33:51.209 | INFO     | Pendulum.PendulumAPP:_processSerialData:120 - 📏 串口长度数据已更新: L32.791950 -> physical_length=32.791950
2025-09-02 14:33:51.210 | INFO     | Pendulum.PendulumAPP:_processSerialData:121 - 🔄 数据来源: 串口接收 -> PendulumState.physical_length
2025-09-02 14:33:51.255 | INFO     | Pendulum.PendulumAPP:_processSerialData:120 - 📏 串口长度数据已更新: L32.791950 -> physical_length=32.791950
2025-09-02 14:33:51.257 | INFO     | Pendulum.PendulumAPP:_processSerialData:121 - 🔄 数据来源: 串口接收 -> PendulumState.physical_length
2025-09-02 14:33:51.288 | INFO     | Pendulum.PendulumAPP:_keyEventWeb:274 - u0
2025-09-02 14:33:51.289 | INFO     | Pendulum.SerialConncet:send:199 - sendu0
2025-09-02 14:33:51.293 | INFO     | Pendulum.SerialConncet:send:201 - [发送] u0
2025-09-02 14:33:51.301 | INFO     | Pendulum.PendulumAPP:_processSerialData:120 - 📏 串口长度数据已更新: L32.791950 -> physical_length=32.791950
2025-09-02 14:33:51.303 | INFO     | Pendulum.PendulumAPP:_processSerialData:121 - 🔄 数据来源: 串口接收 -> PendulumState.physical_length
2025-09-02 14:33:51.348 | INFO     | Pendulum.PendulumAPP:_processSerialData:120 - 📏 串口长度数据已更新: L32.791950 -> physical_length=32.791950
2025-09-02 14:33:51.351 | INFO     | Pendulum.PendulumAPP:_processSerialData:121 - 🔄 数据来源: 串口接收 -> PendulumState.physical_length
2025-09-02 14:33:51.395 | INFO     | Pendulum.PendulumAPP:_processSerialData:120 - 📏 串口长度数据已更新: L32.791950 -> physical_length=32.791950
2025-09-02 14:33:51.396 | INFO     | Pendulum.PendulumAPP:_processSerialData:121 - 🔄 数据来源: 串口接收 -> PendulumState.physical_length
2025-09-02 14:33:51.441 | INFO     | Pendulum.PendulumAPP:_processSerialData:120 - 📏 串口长度数据已更新: L32.791950 -> physical_length=32.791950
2025-09-02 14:33:51.442 | INFO     | Pendulum.PendulumAPP:_processSerialData:121 - 🔄 数据来源: 串口接收 -> PendulumState.physical_length
2025-09-02 14:33:51.487 | INFO     | Pendulum.PendulumAPP:_processSerialData:120 - 📏 串口长度数据已更新: L32.791950 -> physical_length=32.791950
2025-09-02 14:33:51.488 | INFO     | Pendulum.PendulumAPP:_processSerialData:121 - 🔄 数据来源: 串口接收 -> PendulumState.physical_length
2025-09-02 14:33:51.532 | INFO     | Pendulum.PendulumAPP:_processSerialData:120 - 📏 串口长度数据已更新: L32.791950 -> physical_length=32.791950
2025-09-02 14:33:51.533 | INFO     | Pendulum.PendulumAPP:_processSerialData:121 - 🔄 数据来源: 串口接收 -> PendulumState.physical_length
2025-09-02 14:33:51.579 | INFO     | Pendulum.PendulumAPP:_processSerialData:120 - 📏 串口长度数据已更新: L32.791950 -> physical_length=32.791950
2025-09-02 14:33:51.580 | INFO     | Pendulum.PendulumAPP:_processSerialData:121 - 🔄 数据来源: 串口接收 -> PendulumState.physical_length
2025-09-02 14:33:51.624 | INFO     | Pendulum.PendulumAPP:_processSerialData:120 - 📏 串口长度数据已更新: L32.791950 -> physical_length=32.791950
2025-09-02 14:33:51.626 | INFO     | Pendulum.PendulumAPP:_processSerialData:121 - 🔄 数据来源: 串口接收 -> PendulumState.physical_length
2025-09-02 14:33:51.671 | INFO     | Pendulum.PendulumAPP:_processSerialData:120 - 📏 串口长度数据已更新: L32.791950 -> physical_length=32.791950
2025-09-02 14:33:51.672 | INFO     | Pendulum.PendulumAPP:_processSerialData:121 - 🔄 数据来源: 串口接收 -> PendulumState.physical_length
2025-09-02 14:33:51.717 | INFO     | Pendulum.PendulumAPP:_processSerialData:120 - 📏 串口长度数据已更新: L32.791950 -> physical_length=32.791950
2025-09-02 14:33:51.718 | INFO     | Pendulum.PendulumAPP:_processSerialData:121 - 🔄 数据来源: 串口接收 -> PendulumState.physical_length
2025-09-02 14:33:51.764 | INFO     | Pendulum.PendulumAPP:_processSerialData:120 - 📏 串口长度数据已更新: L32.791950 -> physical_length=32.791950
2025-09-02 14:33:51.765 | INFO     | Pendulum.PendulumAPP:_processSerialData:121 - 🔄 数据来源: 串口接收 -> PendulumState.physical_length
2025-09-02 14:33:51.809 | INFO     | Pendulum.PendulumAPP:_processSerialData:120 - 📏 串口长度数据已更新: L32.791950 -> physical_length=32.791950
2025-09-02 14:33:51.810 | INFO     | Pendulum.PendulumAPP:_processSerialData:121 - 🔄 数据来源: 串口接收 -> PendulumState.physical_length
2025-09-02 14:33:51.856 | INFO     | Pendulum.PendulumAPP:_processSerialData:120 - 📏 串口长度数据已更新: L32.791950 -> physical_length=32.791950
2025-09-02 14:33:51.856 | INFO     | Pendulum.PendulumAPP:_processSerialData:121 - 🔄 数据来源: 串口接收 -> PendulumState.physical_length
2025-09-02 14:33:51.918 | INFO     | Pendulum.PendulumAPP:_processSerialData:120 - 📏 串口长度数据已更新: L32.791950 -> physical_length=32.791950
2025-09-02 14:33:51.919 | INFO     | Pendulum.PendulumAPP:_processSerialData:121 - 🔄 数据来源: 串口接收 -> PendulumState.physical_length
2025-09-02 14:33:51.964 | INFO     | Pendulum.PendulumAPP:_processSerialData:120 - 📏 串口长度数据已更新: L32.791950 -> physical_length=32.791950
2025-09-02 14:33:51.964 | INFO     | Pendulum.PendulumAPP:_processSerialData:121 - 🔄 数据来源: 串口接收 -> PendulumState.physical_length
2025-09-02 14:33:52.011 | INFO     | Pendulum.PendulumAPP:_processSerialData:120 - 📏 串口长度数据已更新: L32.791950 -> physical_length=32.791950
2025-09-02 14:33:52.014 | INFO     | Pendulum.PendulumAPP:_processSerialData:121 - 🔄 数据来源: 串口接收 -> PendulumState.physical_length
2025-09-02 14:33:52.058 | INFO     | Pendulum.PendulumAPP:_processSerialData:120 - 📏 串口长度数据已更新: L32.791950 -> physical_length=32.791950
2025-09-02 14:33:52.059 | INFO     | Pendulum.PendulumAPP:_processSerialData:121 - 🔄 数据来源: 串口接收 -> PendulumState.physical_length
2025-09-02 14:33:52.103 | INFO     | Pendulum.PendulumAPP:_processSerialData:120 - 📏 串口长度数据已更新: L32.791950 -> physical_length=32.791950
2025-09-02 14:33:52.104 | INFO     | Pendulum.PendulumAPP:_processSerialData:121 - 🔄 数据来源: 串口接收 -> PendulumState.physical_length
2025-09-02 14:33:52.152 | INFO     | Pendulum.PendulumAPP:_processSerialData:120 - 📏 串口长度数据已更新: L32.791950 -> physical_length=32.791950
2025-09-02 14:33:52.152 | INFO     | Pendulum.PendulumAPP:_processSerialData:121 - 🔄 数据来源: 串口接收 -> PendulumState.physical_length
2025-09-02 14:33:52.197 | INFO     | Pendulum.PendulumAPP:_processSerialData:120 - 📏 串口长度数据已更新: L32.791950 -> physical_length=32.791950
2025-09-02 14:33:52.197 | INFO     | Pendulum.PendulumAPP:_processSerialData:121 - 🔄 数据来源: 串口接收 -> PendulumState.physical_length
2025-09-02 14:33:52.245 | INFO     | Pendulum.PendulumAPP:_processSerialData:120 - 📏 串口长度数据已更新: L32.791950 -> physical_length=32.791950
2025-09-02 14:33:52.245 | INFO     | Pendulum.PendulumAPP:_processSerialData:121 - 🔄 数据来源: 串口接收 -> PendulumState.physical_length
2025-09-02 14:33:52.292 | INFO     | Pendulum.PendulumAPP:_processSerialData:120 - 📏 串口长度数据已更新: L32.791950 -> physical_length=32.791950
2025-09-02 14:33:52.293 | INFO     | Pendulum.PendulumAPP:_processSerialData:121 - 🔄 数据来源: 串口接收 -> PendulumState.physical_length
2025-09-02 14:33:52.340 | INFO     | Pendulum.PendulumAPP:_processSerialData:120 - 📏 串口长度数据已更新: L32.791950 -> physical_length=32.791950
2025-09-02 14:33:52.340 | INFO     | Pendulum.PendulumAPP:_processSerialData:121 - 🔄 数据来源: 串口接收 -> PendulumState.physical_length
2025-09-02 14:33:52.385 | INFO     | Pendulum.PendulumAPP:_processSerialData:120 - 📏 串口长度数据已更新: L32.791950 -> physical_length=32.791950
2025-09-02 14:33:52.385 | INFO     | Pendulum.PendulumAPP:_processSerialData:121 - 🔄 数据来源: 串口接收 -> PendulumState.physical_length
2025-09-02 14:33:52.432 | INFO     | Pendulum.PendulumAPP:_processSerialData:120 - 📏 串口长度数据已更新: L32.791950 -> physical_length=32.791950
2025-09-02 14:33:52.432 | INFO     | Pendulum.PendulumAPP:_processSerialData:121 - 🔄 数据来源: 串口接收 -> PendulumState.physical_length
2025-09-02 14:33:52.478 | INFO     | Pendulum.PendulumAPP:_processSerialData:120 - 📏 串口长度数据已更新: L32.791950 -> physical_length=32.791950
2025-09-02 14:33:52.479 | INFO     | Pendulum.PendulumAPP:_processSerialData:121 - 🔄 数据来源: 串口接收 -> PendulumState.physical_length
2025-09-02 14:33:52.526 | INFO     | Pendulum.PendulumAPP:_processSerialData:120 - 📏 串口长度数据已更新: L32.791950 -> physical_length=32.791950
2025-09-02 14:33:52.527 | INFO     | Pendulum.PendulumAPP:_processSerialData:121 - 🔄 数据来源: 串口接收 -> PendulumState.physical_length
2025-09-02 14:33:52.573 | INFO     | Pendulum.PendulumAPP:_processSerialData:120 - 📏 串口长度数据已更新: L32.791950 -> physical_length=32.791950
2025-09-02 14:33:52.575 | INFO     | Pendulum.PendulumAPP:_processSerialData:121 - 🔄 数据来源: 串口接收 -> PendulumState.physical_length
2025-09-02 14:33:52.635 | INFO     | Pendulum.PendulumAPP:_processSerialData:120 - 📏 串口长度数据已更新: L32.791950 -> physical_length=32.791950
2025-09-02 14:33:52.636 | INFO     | Pendulum.PendulumAPP:_processSerialData:121 - 🔄 数据来源: 串口接收 -> PendulumState.physical_length
2025-09-02 14:33:52.682 | INFO     | Pendulum.PendulumAPP:_processSerialData:120 - 📏 串口长度数据已更新: L32.791950 -> physical_length=32.791950
2025-09-02 14:33:52.683 | INFO     | Pendulum.PendulumAPP:_processSerialData:121 - 🔄 数据来源: 串口接收 -> PendulumState.physical_length
2025-09-02 14:33:52.728 | INFO     | Pendulum.PendulumAPP:_processSerialData:120 - 📏 串口长度数据已更新: L32.791950 -> physical_length=32.791950
2025-09-02 14:33:52.730 | INFO     | Pendulum.PendulumAPP:_processSerialData:121 - 🔄 数据来源: 串口接收 -> PendulumState.physical_length
2025-09-02 14:33:52.773 | INFO     | Pendulum.PendulumAPP:_processSerialData:120 - 📏 串口长度数据已更新: L32.791950 -> physical_length=32.791950
2025-09-02 14:33:52.773 | INFO     | Pendulum.PendulumAPP:_processSerialData:121 - 🔄 数据来源: 串口接收 -> PendulumState.physical_length
2025-09-02 14:33:52.819 | INFO     | Pendulum.PendulumAPP:_processSerialData:120 - 📏 串口长度数据已更新: L32.791950 -> physical_length=32.791950
2025-09-02 14:33:52.821 | INFO     | Pendulum.PendulumAPP:_processSerialData:121 - 🔄 数据来源: 串口接收 -> PendulumState.physical_length
2025-09-02 14:33:52.865 | INFO     | Pendulum.PendulumAPP:_processSerialData:120 - 📏 串口长度数据已更新: L32.791950 -> physical_length=32.791950
2025-09-02 14:33:52.866 | INFO     | Pendulum.PendulumAPP:_processSerialData:121 - 🔄 数据来源: 串口接收 -> PendulumState.physical_length
2025-09-02 14:33:52.912 | INFO     | Pendulum.PendulumAPP:_processSerialData:120 - 📏 串口长度数据已更新: L32.791950 -> physical_length=32.791950
2025-09-02 14:33:52.912 | INFO     | Pendulum.PendulumAPP:_processSerialData:121 - 🔄 数据来源: 串口接收 -> PendulumState.physical_length
2025-09-02 14:33:52.960 | INFO     | Pendulum.PendulumAPP:_processSerialData:120 - 📏 串口长度数据已更新: L32.791950 -> physical_length=32.791950
2025-09-02 14:33:52.960 | INFO     | Pendulum.PendulumAPP:_processSerialData:121 - 🔄 数据来源: 串口接收 -> PendulumState.physical_length
2025-09-02 14:33:53.006 | INFO     | Pendulum.PendulumAPP:_processSerialData:120 - 📏 串口长度数据已更新: L32.791950 -> physical_length=32.791950
2025-09-02 14:33:53.007 | INFO     | Pendulum.PendulumAPP:_processSerialData:121 - 🔄 数据来源: 串口接收 -> PendulumState.physical_length
2025-09-02 14:33:53.052 | INFO     | Pendulum.PendulumAPP:_processSerialData:120 - 📏 串口长度数据已更新: L32.791950 -> physical_length=32.791950
2025-09-02 14:33:53.054 | INFO     | Pendulum.PendulumAPP:_processSerialData:121 - 🔄 数据来源: 串口接收 -> PendulumState.physical_length
2025-09-02 14:33:53.099 | INFO     | Pendulum.PendulumAPP:_processSerialData:120 - 📏 串口长度数据已更新: L32.791950 -> physical_length=32.791950
2025-09-02 14:33:53.101 | INFO     | Pendulum.PendulumAPP:_processSerialData:121 - 🔄 数据来源: 串口接收 -> PendulumState.physical_length
2025-09-02 14:33:53.146 | INFO     | Pendulum.PendulumAPP:_processSerialData:120 - 📏 串口长度数据已更新: L32.791950 -> physical_length=32.791950
2025-09-02 14:33:53.147 | INFO     | Pendulum.PendulumAPP:_processSerialData:121 - 🔄 数据来源: 串口接收 -> PendulumState.physical_length
2025-09-02 14:33:53.193 | INFO     | Pendulum.PendulumAPP:_processSerialData:120 - 📏 串口长度数据已更新: L32.791950 -> physical_length=32.791950
2025-09-02 14:33:53.194 | INFO     | Pendulum.PendulumAPP:_processSerialData:121 - 🔄 数据来源: 串口接收 -> PendulumState.physical_length
2025-09-02 14:33:53.238 | INFO     | Pendulum.PendulumAPP:_processSerialData:120 - 📏 串口长度数据已更新: L32.791950 -> physical_length=32.791950
2025-09-02 14:33:53.239 | INFO     | Pendulum.PendulumAPP:_processSerialData:121 - 🔄 数据来源: 串口接收 -> PendulumState.physical_length
2025-09-02 14:33:53.284 | INFO     | Pendulum.PendulumAPP:_processSerialData:120 - 📏 串口长度数据已更新: L32.791950 -> physical_length=32.791950
2025-09-02 14:33:53.285 | INFO     | Pendulum.PendulumAPP:_processSerialData:121 - 🔄 数据来源: 串口接收 -> PendulumState.physical_length
2025-09-02 14:33:53.362 | INFO     | Pendulum.PendulumAPP:_processSerialData:120 - 📏 串口长度数据已更新: L32.791950 -> physical_length=32.791950
2025-09-02 14:33:53.365 | INFO     | Pendulum.PendulumAPP:_processSerialData:121 - 🔄 数据来源: 串口接收 -> PendulumState.physical_length
2025-09-02 14:33:53.402 | INFO     | Pendulum.PendulumAPP:_keyEventWeb:257 - 清除数据
2025-09-02 14:33:53.403 | INFO     | Pendulum.SerialConncet:send:199 - sendr
2025-09-02 14:33:53.406 | INFO     | Pendulum.SerialConncet:send:201 - [发送] r
2025-09-02 14:33:53.408 | INFO     | Pendulum.SerialConncet:_run:176 - [接收] R
2025-09-02 14:33:56.643 | INFO     | Pendulum.PendulumAPP:_keyEventWeb:252 - 清除数据
2025-09-02 14:33:56.645 | INFO     | Pendulum.SerialConncet:send:199 - sendr
2025-09-02 14:33:56.647 | INFO     | Pendulum.SerialConncet:send:201 - [发送] r
2025-09-02 14:33:56.650 | INFO     | Pendulum.SerialConncet:_run:176 - [接收] R
2025-09-02 14:33:56.706 | INFO     | Pendulum.PendulumAPP:_keyEventWeb:286 - d0
2025-09-02 14:33:56.707 | INFO     | Pendulum.SerialConncet:send:199 - sendd0
2025-09-02 14:33:56.708 | INFO     | Pendulum.SerialConncet:send:201 - [发送] d0
2025-09-02 14:34:53.106 | INFO     | Pendulum.SerialConncet:_run:176 - [接收] T0.000000,0.000000,0.000000
2025-09-02 14:34:55.391 | INFO     | Pendulum.SerialConncet:_run:176 - [接收] T1.000000,1.146846,1.146846
2025-09-02 14:34:55.393 | INFO     | Pendulum.SerialConncet:_run:176 - [接收] L32.499920
2025-09-02 14:34:55.417 | INFO     | Pendulum.PendulumAPP:_processSerialData:120 - 📏 串口长度数据已更新: L32.499920 -> physical_length=32.499920
2025-09-02 14:34:55.418 | INFO     | Pendulum.PendulumAPP:_processSerialData:121 - 🔄 数据来源: 串口接收 -> PendulumState.physical_length
2025-09-02 14:34:55.464 | INFO     | Pendulum.PendulumAPP:_processSerialData:120 - 📏 串口长度数据已更新: L32.499920 -> physical_length=32.499920
2025-09-02 14:34:55.464 | INFO     | Pendulum.PendulumAPP:_processSerialData:121 - 🔄 数据来源: 串口接收 -> PendulumState.physical_length
2025-09-02 14:34:55.511 | INFO     | Pendulum.PendulumAPP:_processSerialData:120 - 📏 串口长度数据已更新: L32.499920 -> physical_length=32.499920
2025-09-02 14:34:55.514 | INFO     | Pendulum.PendulumAPP:_processSerialData:121 - 🔄 数据来源: 串口接收 -> PendulumState.physical_length
2025-09-02 14:34:55.557 | INFO     | Pendulum.PendulumAPP:_processSerialData:120 - 📏 串口长度数据已更新: L32.499920 -> physical_length=32.499920
2025-09-02 14:34:55.558 | INFO     | Pendulum.PendulumAPP:_processSerialData:121 - 🔄 数据来源: 串口接收 -> PendulumState.physical_length
2025-09-02 14:34:55.604 | INFO     | Pendulum.PendulumAPP:_processSerialData:120 - 📏 串口长度数据已更新: L32.499920 -> physical_length=32.499920
2025-09-02 14:34:55.605 | INFO     | Pendulum.PendulumAPP:_processSerialData:121 - 🔄 数据来源: 串口接收 -> PendulumState.physical_length
2025-09-02 14:34:55.681 | INFO     | Pendulum.PendulumAPP:_processSerialData:120 - 📏 串口长度数据已更新: L32.499920 -> physical_length=32.499920
2025-09-02 14:34:55.682 | INFO     | Pendulum.PendulumAPP:_processSerialData:121 - 🔄 数据来源: 串口接收 -> PendulumState.physical_length
2025-09-02 14:34:55.728 | INFO     | Pendulum.PendulumAPP:_processSerialData:120 - 📏 串口长度数据已更新: L32.499920 -> physical_length=32.499920
2025-09-02 14:34:55.729 | INFO     | Pendulum.PendulumAPP:_processSerialData:121 - 🔄 数据来源: 串口接收 -> PendulumState.physical_length
2025-09-02 14:34:55.775 | INFO     | Pendulum.PendulumAPP:_processSerialData:120 - 📏 串口长度数据已更新: L32.499920 -> physical_length=32.499920
2025-09-02 14:34:55.776 | INFO     | Pendulum.PendulumAPP:_processSerialData:121 - 🔄 数据来源: 串口接收 -> PendulumState.physical_length
2025-09-02 14:34:55.821 | INFO     | Pendulum.PendulumAPP:_processSerialData:120 - 📏 串口长度数据已更新: L32.499920 -> physical_length=32.499920
2025-09-02 14:34:55.822 | INFO     | Pendulum.PendulumAPP:_processSerialData:121 - 🔄 数据来源: 串口接收 -> PendulumState.physical_length
2025-09-02 14:34:55.869 | INFO     | Pendulum.PendulumAPP:_processSerialData:120 - 📏 串口长度数据已更新: L32.499920 -> physical_length=32.499920
2025-09-02 14:34:55.870 | INFO     | Pendulum.PendulumAPP:_processSerialData:121 - 🔄 数据来源: 串口接收 -> PendulumState.physical_length
2025-09-02 14:34:55.917 | INFO     | Pendulum.PendulumAPP:_processSerialData:120 - 📏 串口长度数据已更新: L32.499920 -> physical_length=32.499920
2025-09-02 14:34:55.918 | INFO     | Pendulum.PendulumAPP:_processSerialData:121 - 🔄 数据来源: 串口接收 -> PendulumState.physical_length
2025-09-02 14:34:55.964 | INFO     | Pendulum.PendulumAPP:_processSerialData:120 - 📏 串口长度数据已更新: L32.499920 -> physical_length=32.499920
2025-09-02 14:34:55.965 | INFO     | Pendulum.PendulumAPP:_processSerialData:121 - 🔄 数据来源: 串口接收 -> PendulumState.physical_length
2025-09-02 14:34:56.011 | INFO     | Pendulum.PendulumAPP:_processSerialData:120 - 📏 串口长度数据已更新: L32.499920 -> physical_length=32.499920
2025-09-02 14:34:56.012 | INFO     | Pendulum.PendulumAPP:_processSerialData:121 - 🔄 数据来源: 串口接收 -> PendulumState.physical_length
2025-09-02 14:34:56.056 | INFO     | Pendulum.PendulumAPP:_processSerialData:120 - 📏 串口长度数据已更新: L32.499920 -> physical_length=32.499920
2025-09-02 14:34:56.058 | INFO     | Pendulum.PendulumAPP:_processSerialData:121 - 🔄 数据来源: 串口接收 -> PendulumState.physical_length
2025-09-02 14:34:56.102 | INFO     | Pendulum.PendulumAPP:_processSerialData:120 - 📏 串口长度数据已更新: L32.499920 -> physical_length=32.499920
2025-09-02 14:34:56.105 | INFO     | Pendulum.PendulumAPP:_processSerialData:121 - 🔄 数据来源: 串口接收 -> PendulumState.physical_length
2025-09-02 14:34:56.147 | INFO     | Pendulum.PendulumAPP:_processSerialData:120 - 📏 串口长度数据已更新: L32.499920 -> physical_length=32.499920
2025-09-02 14:34:56.148 | INFO     | Pendulum.PendulumAPP:_processSerialData:121 - 🔄 数据来源: 串口接收 -> PendulumState.physical_length
2025-09-02 14:34:56.194 | INFO     | Pendulum.PendulumAPP:_processSerialData:120 - 📏 串口长度数据已更新: L32.499920 -> physical_length=32.499920
2025-09-02 14:34:56.195 | INFO     | Pendulum.PendulumAPP:_processSerialData:121 - 🔄 数据来源: 串口接收 -> PendulumState.physical_length
2025-09-02 14:34:56.241 | INFO     | Pendulum.PendulumAPP:_processSerialData:120 - 📏 串口长度数据已更新: L32.499920 -> physical_length=32.499920
2025-09-02 14:34:56.241 | INFO     | Pendulum.PendulumAPP:_processSerialData:121 - 🔄 数据来源: 串口接收 -> PendulumState.physical_length
2025-09-02 14:34:56.286 | INFO     | Pendulum.PendulumAPP:_processSerialData:120 - 📏 串口长度数据已更新: L32.499920 -> physical_length=32.499920
2025-09-02 14:34:56.287 | INFO     | Pendulum.PendulumAPP:_processSerialData:121 - 🔄 数据来源: 串口接收 -> PendulumState.physical_length
2025-09-02 14:34:56.335 | INFO     | Pendulum.PendulumAPP:_processSerialData:120 - 📏 串口长度数据已更新: L32.499920 -> physical_length=32.499920
2025-09-02 14:34:56.335 | INFO     | Pendulum.PendulumAPP:_processSerialData:121 - 🔄 数据来源: 串口接收 -> PendulumState.physical_length
2025-09-02 14:34:56.394 | INFO     | Pendulum.PendulumAPP:_processSerialData:120 - 📏 串口长度数据已更新: L32.499920 -> physical_length=32.499920
2025-09-02 14:34:56.395 | INFO     | Pendulum.PendulumAPP:_processSerialData:121 - 🔄 数据来源: 串口接收 -> PendulumState.physical_length
2025-09-02 14:34:56.440 | INFO     | Pendulum.PendulumAPP:_processSerialData:120 - 📏 串口长度数据已更新: L32.499920 -> physical_length=32.499920
2025-09-02 14:34:56.443 | INFO     | Pendulum.PendulumAPP:_processSerialData:121 - 🔄 数据来源: 串口接收 -> PendulumState.physical_length
2025-09-02 14:34:56.487 | INFO     | Pendulum.PendulumAPP:_processSerialData:120 - 📏 串口长度数据已更新: L32.499920 -> physical_length=32.499920
2025-09-02 14:34:56.489 | INFO     | Pendulum.PendulumAPP:_processSerialData:121 - 🔄 数据来源: 串口接收 -> PendulumState.physical_length
2025-09-02 14:34:56.534 | INFO     | Pendulum.PendulumAPP:_processSerialData:120 - 📏 串口长度数据已更新: L32.499920 -> physical_length=32.499920
2025-09-02 14:34:56.537 | INFO     | Pendulum.PendulumAPP:_processSerialData:121 - 🔄 数据来源: 串口接收 -> PendulumState.physical_length
2025-09-02 14:34:56.539 | INFO     | Pendulum.SerialConncet:_run:176 - [接收] T2.000000,1.148784,2.295630
2025-09-02 14:34:57.679 | INFO     | Pendulum.SerialConncet:_run:176 - [接收] T3.000000,1.147732,3.443362
2025-09-02 14:34:58.822 | INFO     | Pendulum.SerialConncet:_run:176 - [接收] T4.000000,1.147173,4.590535
2025-09-02 14:34:59.966 | INFO     | Pendulum.SerialConncet:_run:176 - [接收] T5.000000,1.148308,5.738843
2025-09-02 14:35:01.109 | INFO     | Pendulum.SerialConncet:_run:176 - [接收] T6.000000,1.144584,6.883428
2025-09-02 14:35:02.253 | INFO     | Pendulum.SerialConncet:_run:176 - [接收] T7.000000,1.150965,8.034393
2025-09-02 14:35:03.395 | INFO     | Pendulum.SerialConncet:_run:176 - [接收] T8.000000,1.145008,9.179401
2025-09-02 14:35:04.539 | INFO     | Pendulum.SerialConncet:_run:176 - [接收] T9.000000,1.147888,10.327290
2025-09-02 14:35:05.682 | INFO     | Pendulum.SerialConncet:_run:176 - [接收] T10.000000,1.147823,11.475112
2025-09-02 14:35:06.827 | INFO     | Pendulum.SerialConncet:_run:176 - [接收] T11.000000,1.147453,12.622565
2025-09-02 14:35:07.969 | INFO     | Pendulum.SerialConncet:_run:176 - [接收] T12.000000,1.147770,13.770335
2025-09-02 14:35:09.115 | INFO     | Pendulum.SerialConncet:_run:176 - [接收] T13.000000,1.146975,14.917310
2025-09-02 14:35:10.256 | INFO     | Pendulum.SerialConncet:_run:176 - [接收] T14.000000,1.144083,16.061394
2025-09-02 14:35:11.401 | INFO     | Pendulum.SerialConncet:_run:176 - [接收] T15.000000,1.147876,17.209270
2025-09-02 14:35:12.542 | INFO     | Pendulum.SerialConncet:_run:176 - [接收] T16.000000,1.147881,18.357151
2025-09-02 14:35:13.686 | INFO     | Pendulum.SerialConncet:_run:176 - [接收] T17.000000,1.146749,19.503901
2025-09-02 14:35:14.829 | INFO     | Pendulum.SerialConncet:_run:176 - [接收] T18.000000,1.147282,20.651182
2025-09-02 14:35:15.973 | INFO     | Pendulum.SerialConncet:_run:176 - [接收] T19.000000,1.147243,21.798426
2025-09-02 14:35:17.116 | INFO     | Pendulum.SerialConncet:_run:176 - [接收] T20.000000,1.147167,22.945593
2025-09-02 14:36:01.565 | INFO     | Pendulum.PendulumAPP:_keyEventWeb:277 - n2
2025-09-02 14:36:01.566 | INFO     | Pendulum.SerialConncet:send:199 - sendn2
2025-09-02 14:36:01.567 | INFO     | Pendulum.SerialConncet:send:201 - [发送] n2
2025-09-02 14:36:06.979 | INFO     | Pendulum.PendulumAPP:_keyEventWeb:283 - n0
2025-09-02 14:36:06.980 | INFO     | Pendulum.SerialConncet:send:199 - sendn0
2025-09-02 14:36:06.981 | INFO     | Pendulum.SerialConncet:send:201 - [发送] n0
2025-09-02 14:36:08.282 | INFO     | Pendulum.PendulumAPP:_keyEventWeb:246 - ↓
2025-09-02 14:36:08.283 | INFO     | Pendulum.SerialConncet:send:199 - sendm1
2025-09-02 14:36:08.284 | INFO     | Pendulum.SerialConncet:send:201 - [发送] m1
2025-09-02 14:36:08.306 | INFO     | Pendulum.SerialConncet:_run:176 - [接收] L32.525440
2025-09-02 14:36:08.328 | INFO     | Pendulum.SerialConncet:_run:176 - [接收] L32.550964
2025-09-02 14:36:08.345 | INFO     | Pendulum.PendulumAPP:_processSerialData:120 - 📏 串口长度数据已更新: L32.550964 -> physical_length=32.550964
2025-09-02 14:36:08.346 | INFO     | Pendulum.PendulumAPP:_processSerialData:121 - 🔄 数据来源: 串口接收 -> PendulumState.physical_length
2025-09-02 14:36:08.349 | INFO     | Pendulum.SerialConncet:_run:176 - [接收] L32.576485
2025-09-02 14:36:08.370 | INFO     | Pendulum.SerialConncet:_run:176 - [接收] L32.602005
2025-09-02 14:36:08.390 | INFO     | Pendulum.SerialConncet:_run:176 - [接收] L32.627525
2025-09-02 14:36:08.401 | INFO     | Pendulum.PendulumAPP:_processSerialData:120 - 📏 串口长度数据已更新: L32.627525 -> physical_length=32.627525
2025-09-02 14:36:08.401 | INFO     | Pendulum.PendulumAPP:_processSerialData:121 - 🔄 数据来源: 串口接收 -> PendulumState.physical_length
2025-09-02 14:36:08.411 | INFO     | Pendulum.SerialConncet:_run:176 - [接收] L32.653046
2025-09-02 14:36:08.432 | INFO     | Pendulum.SerialConncet:_run:176 - [接收] L32.678566
2025-09-02 14:36:08.448 | INFO     | Pendulum.PendulumAPP:_processSerialData:120 - 📏 串口长度数据已更新: L32.678566 -> physical_length=32.678566
2025-09-02 14:36:08.449 | INFO     | Pendulum.PendulumAPP:_processSerialData:121 - 🔄 数据来源: 串口接收 -> PendulumState.physical_length
2025-09-02 14:36:08.454 | INFO     | Pendulum.SerialConncet:_run:176 - [接收] L32.704090
2025-09-02 14:36:08.476 | INFO     | Pendulum.SerialConncet:_run:176 - [接收] L32.729610
2025-09-02 14:36:08.493 | INFO     | Pendulum.PendulumAPP:_processSerialData:120 - 📏 串口长度数据已更新: L32.729610 -> physical_length=32.729610
2025-09-02 14:36:08.494 | INFO     | Pendulum.PendulumAPP:_processSerialData:121 - 🔄 数据来源: 串口接收 -> PendulumState.physical_length
2025-09-02 14:36:08.496 | INFO     | Pendulum.SerialConncet:_run:176 - [接收] L32.755131
2025-09-02 14:36:08.516 | INFO     | Pendulum.SerialConncet:_run:176 - [接收] L32.780651
2025-09-02 14:36:08.538 | INFO     | Pendulum.SerialConncet:_run:176 - [接收] L32.806171
2025-09-02 14:36:08.540 | INFO     | Pendulum.PendulumAPP:_processSerialData:120 - 📏 串口长度数据已更新: L32.806171 -> physical_length=32.806171
2025-09-02 14:36:08.541 | INFO     | Pendulum.PendulumAPP:_processSerialData:121 - 🔄 数据来源: 串口接收 -> PendulumState.physical_length
2025-09-02 14:36:08.557 | INFO     | Pendulum.SerialConncet:_run:176 - [接收] L32.831692
2025-09-02 14:36:08.583 | INFO     | Pendulum.SerialConncet:_run:176 - [接收] L32.857212
2025-09-02 14:36:08.599 | INFO     | Pendulum.SerialConncet:_run:176 - [接收] L32.882736
2025-09-02 14:36:08.601 | INFO     | Pendulum.PendulumAPP:_processSerialData:120 - 📏 串口长度数据已更新: L32.857212 -> physical_length=32.857212
2025-09-02 14:36:08.605 | INFO     | Pendulum.PendulumAPP:_processSerialData:121 - 🔄 数据来源: 串口接收 -> PendulumState.physical_length
2025-09-02 14:36:08.620 | INFO     | Pendulum.SerialConncet:_run:176 - [接收] L32.908257
2025-09-02 14:36:08.641 | INFO     | Pendulum.SerialConncet:_run:176 - [接收] L32.933777
2025-09-02 14:36:08.647 | INFO     | Pendulum.PendulumAPP:_processSerialData:120 - 📏 串口长度数据已更新: L32.933777 -> physical_length=32.933777
2025-09-02 14:36:08.649 | INFO     | Pendulum.PendulumAPP:_processSerialData:121 - 🔄 数据来源: 串口接收 -> PendulumState.physical_length
2025-09-02 14:36:08.662 | INFO     | Pendulum.SerialConncet:_run:176 - [接收] L32.959301
2025-09-02 14:36:08.683 | INFO     | Pendulum.SerialConncet:_run:176 - [接收] L32.984818
2025-09-02 14:36:08.694 | INFO     | Pendulum.PendulumAPP:_processSerialData:120 - 📏 串口长度数据已更新: L32.984818 -> physical_length=32.984818
2025-09-02 14:36:08.696 | INFO     | Pendulum.PendulumAPP:_processSerialData:121 - 🔄 数据来源: 串口接收 -> PendulumState.physical_length
2025-09-02 14:36:08.705 | INFO     | Pendulum.SerialConncet:_run:176 - [接收] L33.010338
2025-09-02 14:36:08.725 | INFO     | Pendulum.SerialConncet:_run:176 - [接收] L33.035862
2025-09-02 14:36:08.741 | INFO     | Pendulum.PendulumAPP:_processSerialData:120 - 📏 串口长度数据已更新: L33.035862 -> physical_length=33.035862
2025-09-02 14:36:08.744 | INFO     | Pendulum.PendulumAPP:_processSerialData:121 - 🔄 数据来源: 串口接收 -> PendulumState.physical_length
2025-09-02 14:36:08.748 | INFO     | Pendulum.SerialConncet:_run:176 - [接收] L33.061382
2025-09-02 14:36:08.767 | INFO     | Pendulum.SerialConncet:_run:176 - [接收] L33.086903
2025-09-02 14:36:08.788 | INFO     | Pendulum.SerialConncet:_run:176 - [接收] L33.112423
2025-09-02 14:36:08.803 | INFO     | Pendulum.PendulumAPP:_processSerialData:120 - 📏 串口长度数据已更新: L33.112423 -> physical_length=33.112423
2025-09-02 14:36:08.805 | INFO     | Pendulum.PendulumAPP:_processSerialData:121 - 🔄 数据来源: 串口接收 -> PendulumState.physical_length
2025-09-02 14:36:08.810 | INFO     | Pendulum.SerialConncet:_run:176 - [接收] L33.137947
2025-09-02 14:36:08.828 | INFO     | Pendulum.SerialConncet:_run:176 - [接收] L33.163467
2025-09-02 14:36:08.849 | INFO     | Pendulum.PendulumAPP:_processSerialData:120 - 📏 串口长度数据已更新: L33.163467 -> physical_length=33.163467
2025-09-02 14:36:08.850 | INFO     | Pendulum.PendulumAPP:_processSerialData:121 - 🔄 数据来源: 串口接收 -> PendulumState.physical_length
2025-09-02 14:36:08.852 | INFO     | Pendulum.SerialConncet:_run:176 - [接收] L33.188984
2025-09-02 14:36:08.872 | INFO     | Pendulum.SerialConncet:_run:176 - [接收] L33.214508
2025-09-02 14:36:08.893 | INFO     | Pendulum.SerialConncet:_run:176 - [接收] L33.240028
2025-09-02 14:36:08.895 | INFO     | Pendulum.PendulumAPP:_processSerialData:120 - 📏 串口长度数据已更新: L33.240028 -> physical_length=33.240028
2025-09-02 14:36:08.896 | INFO     | Pendulum.PendulumAPP:_processSerialData:121 - 🔄 数据来源: 串口接收 -> PendulumState.physical_length
2025-09-02 14:36:08.913 | INFO     | Pendulum.SerialConncet:_run:176 - [接收] L33.265549
2025-09-02 14:36:08.934 | INFO     | Pendulum.SerialConncet:_run:176 - [接收] L33.291073
2025-09-02 14:36:08.940 | INFO     | Pendulum.PendulumAPP:_processSerialData:120 - 📏 串口长度数据已更新: L33.291073 -> physical_length=33.291073
2025-09-02 14:36:08.940 | INFO     | Pendulum.PendulumAPP:_processSerialData:121 - 🔄 数据来源: 串口接收 -> PendulumState.physical_length
2025-09-02 14:36:08.956 | INFO     | Pendulum.SerialConncet:_run:176 - [接收] L33.316593
2025-09-02 14:36:08.977 | INFO     | Pendulum.SerialConncet:_run:176 - [接收] L33.342113
2025-09-02 14:36:08.987 | INFO     | Pendulum.PendulumAPP:_processSerialData:120 - 📏 串口长度数据已更新: L33.342113 -> physical_length=33.342113
2025-09-02 14:36:08.991 | INFO     | Pendulum.PendulumAPP:_processSerialData:121 - 🔄 数据来源: 串口接收 -> PendulumState.physical_length
2025-09-02 14:36:08.997 | INFO     | Pendulum.SerialConncet:_run:176 - [接收] L33.367634
2025-09-02 14:36:09.020 | INFO     | Pendulum.SerialConncet:_run:176 - [接收] L33.393154
2025-09-02 14:36:09.033 | INFO     | Pendulum.PendulumAPP:_processSerialData:120 - 📏 串口长度数据已更新: L33.393154 -> physical_length=33.393154
2025-09-02 14:36:09.034 | INFO     | Pendulum.PendulumAPP:_processSerialData:121 - 🔄 数据来源: 串口接收 -> PendulumState.physical_length
2025-09-02 14:36:09.039 | INFO     | Pendulum.SerialConncet:_run:176 - [接收] L33.418674
2025-09-02 14:36:09.062 | INFO     | Pendulum.SerialConncet:_run:176 - [接收] L33.444199
2025-09-02 14:36:09.079 | INFO     | Pendulum.PendulumAPP:_processSerialData:120 - 📏 串口长度数据已更新: L33.444199 -> physical_length=33.444199
2025-09-02 14:36:09.084 | INFO     | Pendulum.PendulumAPP:_processSerialData:121 - 🔄 数据来源: 串口接收 -> PendulumState.physical_length
2025-09-02 14:36:09.087 | INFO     | Pendulum.SerialConncet:_run:176 - [接收] L33.469719
2025-09-02 14:36:09.101 | INFO     | Pendulum.SerialConncet:_run:176 - [接收] L33.495239
2025-09-02 14:36:09.122 | INFO     | Pendulum.SerialConncet:_run:176 - [接收] L33.520763
2025-09-02 14:36:09.125 | INFO     | Pendulum.PendulumAPP:_processSerialData:120 - 📏 串口长度数据已更新: L33.520763 -> physical_length=33.520763
2025-09-02 14:36:09.127 | INFO     | Pendulum.PendulumAPP:_processSerialData:121 - 🔄 数据来源: 串口接收 -> PendulumState.physical_length
2025-09-02 14:36:09.143 | INFO     | Pendulum.SerialConncet:_run:176 - [接收] L33.546280
2025-09-02 14:36:09.165 | INFO     | Pendulum.SerialConncet:_run:176 - [接收] L33.571800
2025-09-02 14:36:09.173 | INFO     | Pendulum.PendulumAPP:_processSerialData:120 - 📏 串口长度数据已更新: L33.571800 -> physical_length=33.571800
2025-09-02 14:36:09.174 | INFO     | Pendulum.PendulumAPP:_processSerialData:121 - 🔄 数据来源: 串口接收 -> PendulumState.physical_length
2025-09-02 14:36:09.185 | INFO     | Pendulum.SerialConncet:_run:176 - [接收] L33.597321
2025-09-02 14:36:09.206 | INFO     | Pendulum.SerialConncet:_run:176 - [接收] L33.622845
2025-09-02 14:36:09.220 | INFO     | Pendulum.PendulumAPP:_processSerialData:120 - 📏 串口长度数据已更新: L33.622845 -> physical_length=33.622845
2025-09-02 14:36:09.222 | INFO     | Pendulum.PendulumAPP:_processSerialData:121 - 🔄 数据来源: 串口接收 -> PendulumState.physical_length
2025-09-02 14:36:09.228 | INFO     | Pendulum.SerialConncet:_run:176 - [接收] L33.648365
2025-09-02 14:36:09.248 | INFO     | Pendulum.SerialConncet:_run:176 - [接收] L33.673885
2025-09-02 14:36:09.266 | INFO     | Pendulum.PendulumAPP:_processSerialData:120 - 📏 串口长度数据已更新: L33.673885 -> physical_length=33.673885
2025-09-02 14:36:09.267 | INFO     | Pendulum.PendulumAPP:_processSerialData:121 - 🔄 数据来源: 串口接收 -> PendulumState.physical_length
2025-09-02 14:36:09.270 | INFO     | Pendulum.SerialConncet:_run:176 - [接收] L33.699409
2025-09-02 14:36:09.291 | INFO     | Pendulum.SerialConncet:_run:176 - [接收] L33.724930
2025-09-02 14:36:09.312 | INFO     | Pendulum.PendulumAPP:_processSerialData:120 - 📏 串口长度数据已更新: L33.724930 -> physical_length=33.724930
2025-09-02 14:36:09.313 | INFO     | Pendulum.PendulumAPP:_processSerialData:121 - 🔄 数据来源: 串口接收 -> PendulumState.physical_length
2025-09-02 14:36:09.315 | INFO     | Pendulum.SerialConncet:_run:176 - [接收] L33.750446
2025-09-02 14:36:09.332 | INFO     | Pendulum.SerialConncet:_run:176 - [接收] L33.775970
2025-09-02 14:36:09.353 | INFO     | Pendulum.SerialConncet:_run:176 - [接收] L33.801491
2025-09-02 14:36:09.358 | INFO     | Pendulum.PendulumAPP:_processSerialData:120 - 📏 串口长度数据已更新: L33.801491 -> physical_length=33.801491
2025-09-02 14:36:09.359 | INFO     | Pendulum.PendulumAPP:_processSerialData:121 - 🔄 数据来源: 串口接收 -> PendulumState.physical_length
2025-09-02 14:36:09.373 | INFO     | Pendulum.SerialConncet:_run:176 - [接收] L33.827011
2025-09-02 14:36:09.394 | INFO     | Pendulum.SerialConncet:_run:176 - [接收] L33.852535
2025-09-02 14:36:09.404 | INFO     | Pendulum.PendulumAPP:_processSerialData:120 - 📏 串口长度数据已更新: L33.852535 -> physical_length=33.852535
2025-09-02 14:36:09.405 | INFO     | Pendulum.PendulumAPP:_processSerialData:121 - 🔄 数据来源: 串口接收 -> PendulumState.physical_length
2025-09-02 14:36:09.416 | INFO     | Pendulum.SerialConncet:_run:176 - [接收] L33.878056
2025-09-02 14:36:09.436 | INFO     | Pendulum.SerialConncet:_run:176 - [接收] L33.903576
2025-09-02 14:36:09.451 | INFO     | Pendulum.PendulumAPP:_processSerialData:120 - 📏 串口长度数据已更新: L33.903576 -> physical_length=33.903576
2025-09-02 14:36:09.452 | INFO     | Pendulum.PendulumAPP:_processSerialData:121 - 🔄 数据来源: 串口接收 -> PendulumState.physical_length
2025-09-02 14:36:09.457 | INFO     | Pendulum.SerialConncet:_run:176 - [接收] L33.929096
2025-09-02 14:36:09.481 | INFO     | Pendulum.SerialConncet:_run:176 - [接收] L33.954617
2025-09-02 14:36:09.498 | INFO     | Pendulum.PendulumAPP:_processSerialData:120 - 📏 串口长度数据已更新: L33.954617 -> physical_length=33.954617
2025-09-02 14:36:09.501 | INFO     | Pendulum.PendulumAPP:_processSerialData:121 - 🔄 数据来源: 串口接收 -> PendulumState.physical_length
2025-09-02 14:36:09.502 | INFO     | Pendulum.SerialConncet:_run:176 - [接收] L33.980137
2025-09-02 14:36:09.521 | INFO     | Pendulum.SerialConncet:_run:176 - [接收] L34.005657
2025-09-02 14:36:09.540 | INFO     | Pendulum.SerialConncet:_run:176 - [接收] L34.031181
2025-09-02 14:36:09.544 | INFO     | Pendulum.PendulumAPP:_processSerialData:120 - 📏 串口长度数据已更新: L34.031181 -> physical_length=34.031181
2025-09-02 14:36:09.545 | INFO     | Pendulum.PendulumAPP:_processSerialData:121 - 🔄 数据来源: 串口接收 -> PendulumState.physical_length
2025-09-02 14:36:09.563 | INFO     | Pendulum.SerialConncet:_run:176 - [接收] L34.056702
2025-09-02 14:36:09.582 | INFO     | Pendulum.SerialConncet:_run:176 - [接收] L34.082222
2025-09-02 14:36:09.604 | INFO     | Pendulum.SerialConncet:_run:176 - [接收] L34.107742
2025-09-02 14:36:09.605 | INFO     | Pendulum.PendulumAPP:_processSerialData:120 - 📏 串口长度数据已更新: L34.107742 -> physical_length=34.107742
2025-09-02 14:36:09.606 | INFO     | Pendulum.PendulumAPP:_processSerialData:121 - 🔄 数据来源: 串口接收 -> PendulumState.physical_length
2025-09-02 14:36:09.627 | INFO     | Pendulum.SerialConncet:_run:176 - [接收] L34.133263
2025-09-02 14:36:09.647 | INFO     | Pendulum.SerialConncet:_run:176 - [接收] L34.158783
2025-09-02 14:36:09.651 | INFO     | Pendulum.PendulumAPP:_processSerialData:120 - 📏 串口长度数据已更新: L34.158783 -> physical_length=34.158783
2025-09-02 14:36:09.653 | INFO     | Pendulum.PendulumAPP:_processSerialData:121 - 🔄 数据来源: 串口接收 -> PendulumState.physical_length
2025-09-02 14:36:09.666 | INFO     | Pendulum.SerialConncet:_run:176 - [接收] L34.184307
2025-09-02 14:36:09.690 | INFO     | Pendulum.SerialConncet:_run:176 - [接收] L34.209827
2025-09-02 14:36:09.707 | INFO     | Pendulum.SerialConncet:_run:176 - [接收] L34.235348
2025-09-02 14:36:09.711 | INFO     | Pendulum.PendulumAPP:_processSerialData:120 - 📏 串口长度数据已更新: L34.235348 -> physical_length=34.235348
2025-09-02 14:36:09.712 | INFO     | Pendulum.PendulumAPP:_processSerialData:121 - 🔄 数据来源: 串口接收 -> PendulumState.physical_length
2025-09-02 14:36:09.729 | INFO     | Pendulum.SerialConncet:_run:176 - [接收] L34.260872
2025-09-02 14:36:09.750 | INFO     | Pendulum.SerialConncet:_run:176 - [接收] L34.286392
2025-09-02 14:36:09.759 | INFO     | Pendulum.PendulumAPP:_processSerialData:120 - 📏 串口长度数据已更新: L34.286392 -> physical_length=34.286392
2025-09-02 14:36:09.761 | INFO     | Pendulum.PendulumAPP:_processSerialData:121 - 🔄 数据来源: 串口接收 -> PendulumState.physical_length
2025-09-02 14:36:09.772 | INFO     | Pendulum.SerialConncet:_run:176 - [接收] L34.311909
2025-09-02 14:36:09.793 | INFO     | Pendulum.SerialConncet:_run:176 - [接收] L34.337433
2025-09-02 14:36:09.804 | INFO     | Pendulum.PendulumAPP:_processSerialData:120 - 📏 串口长度数据已更新: L34.337433 -> physical_length=34.337433
2025-09-02 14:36:09.806 | INFO     | Pendulum.PendulumAPP:_processSerialData:121 - 🔄 数据来源: 串口接收 -> PendulumState.physical_length
2025-09-02 14:36:09.812 | INFO     | Pendulum.SerialConncet:_run:176 - [接收] L34.362953
2025-09-02 14:36:09.835 | INFO     | Pendulum.SerialConncet:_run:176 - [接收] L34.388474
2025-09-02 14:36:09.852 | INFO     | Pendulum.PendulumAPP:_processSerialData:120 - 📏 串口长度数据已更新: L34.388474 -> physical_length=34.388474
2025-09-02 14:36:09.855 | INFO     | Pendulum.PendulumAPP:_processSerialData:121 - 🔄 数据来源: 串口接收 -> PendulumState.physical_length
2025-09-02 14:36:09.857 | INFO     | Pendulum.SerialConncet:_run:176 - [接收] L34.413994
2025-09-02 14:36:09.876 | INFO     | Pendulum.SerialConncet:_run:176 - [接收] L34.439518
2025-09-02 14:36:09.896 | INFO     | Pendulum.SerialConncet:_run:176 - [接收] L34.465038
2025-09-02 14:36:09.902 | INFO     | Pendulum.PendulumAPP:_processSerialData:120 - 📏 串口长度数据已更新: L34.465038 -> physical_length=34.465038
2025-09-02 14:36:09.904 | INFO     | Pendulum.PendulumAPP:_processSerialData:121 - 🔄 数据来源: 串口接收 -> PendulumState.physical_length
2025-09-02 14:36:09.918 | INFO     | Pendulum.SerialConncet:_run:176 - [接收] L34.490559
2025-09-02 14:36:09.937 | INFO     | Pendulum.SerialConncet:_run:176 - [接收] L34.516079
2025-09-02 14:36:09.947 | INFO     | Pendulum.PendulumAPP:_processSerialData:120 - 📏 串口长度数据已更新: L34.516079 -> physical_length=34.516079
2025-09-02 14:36:09.948 | INFO     | Pendulum.PendulumAPP:_processSerialData:121 - 🔄 数据来源: 串口接收 -> PendulumState.physical_length
2025-09-02 14:36:09.965 | INFO     | Pendulum.SerialConncet:_run:176 - [接收] L34.541599
2025-09-02 14:36:09.980 | INFO     | Pendulum.SerialConncet:_run:176 - [接收] L34.567120
2025-09-02 14:36:09.995 | INFO     | Pendulum.PendulumAPP:_processSerialData:120 - 📏 串口长度数据已更新: L34.567120 -> physical_length=34.567120
2025-09-02 14:36:09.997 | INFO     | Pendulum.PendulumAPP:_processSerialData:121 - 🔄 数据来源: 串口接收 -> PendulumState.physical_length
2025-09-02 14:36:10.001 | INFO     | Pendulum.SerialConncet:_run:176 - [接收] L34.592644
2025-09-02 14:36:10.023 | INFO     | Pendulum.SerialConncet:_run:176 - [接收] L34.618164
2025-09-02 14:36:10.042 | INFO     | Pendulum.PendulumAPP:_processSerialData:120 - 📏 串口长度数据已更新: L34.618164 -> physical_length=34.618164
2025-09-02 14:36:10.043 | INFO     | Pendulum.PendulumAPP:_processSerialData:121 - 🔄 数据来源: 串口接收 -> PendulumState.physical_length
2025-09-02 14:36:10.045 | INFO     | Pendulum.SerialConncet:_run:176 - [接收] L34.643684
2025-09-02 14:36:10.063 | INFO     | Pendulum.SerialConncet:_run:176 - [接收] L34.669205
2025-09-02 14:36:10.089 | INFO     | Pendulum.PendulumAPP:_processSerialData:120 - 📏 串口长度数据已更新: L34.669205 -> physical_length=34.669205
2025-09-02 14:36:10.090 | INFO     | Pendulum.PendulumAPP:_processSerialData:121 - 🔄 数据来源: 串口接收 -> PendulumState.physical_length
2025-09-02 14:36:10.092 | INFO     | Pendulum.SerialConncet:_run:176 - [接收] L34.694725
2025-09-02 14:36:10.107 | INFO     | Pendulum.SerialConncet:_run:176 - [接收] L34.720245
2025-09-02 14:36:10.124 | INFO     | Pendulum.PendulumAPP:_keyEventWeb:249 - stop
2025-09-02 14:36:10.126 | INFO     | Pendulum.SerialConncet:send:199 - sendm0
2025-09-02 14:36:10.126 | INFO     | Pendulum.SerialConncet:send:201 - [发送] m0
2025-09-02 14:36:10.128 | INFO     | Pendulum.SerialConncet:_run:176 - [接收] L34.745766
2025-09-02 14:36:10.134 | INFO     | Pendulum.PendulumAPP:_processSerialData:120 - 📏 串口长度数据已更新: L34.745766 -> physical_length=34.745766
2025-09-02 14:36:10.135 | INFO     | Pendulum.PendulumAPP:_processSerialData:121 - 🔄 数据来源: 串口接收 -> PendulumState.physical_length
2025-09-02 14:36:10.151 | INFO     | Pendulum.SerialConncet:_run:176 - [接收] L34.771290
2025-09-02 14:36:10.182 | INFO     | Pendulum.PendulumAPP:_processSerialData:120 - 📏 串口长度数据已更新: L34.771290 -> physical_length=34.771290
2025-09-02 14:36:10.183 | INFO     | Pendulum.PendulumAPP:_processSerialData:121 - 🔄 数据来源: 串口接收 -> PendulumState.physical_length
2025-09-02 14:36:10.228 | INFO     | Pendulum.PendulumAPP:_processSerialData:120 - 📏 串口长度数据已更新: L34.771290 -> physical_length=34.771290
2025-09-02 14:36:10.231 | INFO     | Pendulum.PendulumAPP:_processSerialData:121 - 🔄 数据来源: 串口接收 -> PendulumState.physical_length
2025-09-02 14:36:10.275 | INFO     | Pendulum.PendulumAPP:_processSerialData:120 - 📏 串口长度数据已更新: L34.771290 -> physical_length=34.771290
2025-09-02 14:36:10.276 | INFO     | Pendulum.PendulumAPP:_processSerialData:121 - 🔄 数据来源: 串口接收 -> PendulumState.physical_length
2025-09-02 14:36:10.320 | INFO     | Pendulum.PendulumAPP:_processSerialData:120 - 📏 串口长度数据已更新: L34.771290 -> physical_length=34.771290
2025-09-02 14:36:10.321 | INFO     | Pendulum.PendulumAPP:_processSerialData:121 - 🔄 数据来源: 串口接收 -> PendulumState.physical_length
2025-09-02 14:36:10.369 | INFO     | Pendulum.PendulumAPP:_processSerialData:120 - 📏 串口长度数据已更新: L34.771290 -> physical_length=34.771290
2025-09-02 14:36:10.370 | INFO     | Pendulum.PendulumAPP:_processSerialData:121 - 🔄 数据来源: 串口接收 -> PendulumState.physical_length
2025-09-02 14:36:10.415 | INFO     | Pendulum.PendulumAPP:_processSerialData:120 - 📏 串口长度数据已更新: L34.771290 -> physical_length=34.771290
2025-09-02 14:36:10.416 | INFO     | Pendulum.PendulumAPP:_processSerialData:121 - 🔄 数据来源: 串口接收 -> PendulumState.physical_length
2025-09-02 14:36:10.463 | INFO     | Pendulum.PendulumAPP:_processSerialData:120 - 📏 串口长度数据已更新: L34.771290 -> physical_length=34.771290
2025-09-02 14:36:10.464 | INFO     | Pendulum.PendulumAPP:_processSerialData:121 - 🔄 数据来源: 串口接收 -> PendulumState.physical_length
2025-09-02 14:36:10.509 | INFO     | Pendulum.PendulumAPP:_processSerialData:120 - 📏 串口长度数据已更新: L34.771290 -> physical_length=34.771290
2025-09-02 14:36:10.512 | INFO     | Pendulum.PendulumAPP:_processSerialData:121 - 🔄 数据来源: 串口接收 -> PendulumState.physical_length
2025-09-02 14:36:10.556 | INFO     | Pendulum.PendulumAPP:_processSerialData:120 - 📏 串口长度数据已更新: L34.771290 -> physical_length=34.771290
2025-09-02 14:36:10.558 | INFO     | Pendulum.PendulumAPP:_processSerialData:121 - 🔄 数据来源: 串口接收 -> PendulumState.physical_length
2025-09-02 14:36:10.602 | INFO     | Pendulum.PendulumAPP:_processSerialData:120 - 📏 串口长度数据已更新: L34.771290 -> physical_length=34.771290
2025-09-02 14:36:10.604 | INFO     | Pendulum.PendulumAPP:_processSerialData:121 - 🔄 数据来源: 串口接收 -> PendulumState.physical_length
2025-09-02 14:36:10.650 | INFO     | Pendulum.PendulumAPP:_processSerialData:120 - 📏 串口长度数据已更新: L34.771290 -> physical_length=34.771290
2025-09-02 14:36:10.651 | INFO     | Pendulum.PendulumAPP:_processSerialData:121 - 🔄 数据来源: 串口接收 -> PendulumState.physical_length
2025-09-02 14:36:10.695 | INFO     | Pendulum.PendulumAPP:_processSerialData:120 - 📏 串口长度数据已更新: L34.771290 -> physical_length=34.771290
2025-09-02 14:36:10.698 | INFO     | Pendulum.PendulumAPP:_processSerialData:121 - 🔄 数据来源: 串口接收 -> PendulumState.physical_length
2025-09-02 14:36:10.742 | INFO     | Pendulum.PendulumAPP:_processSerialData:120 - 📏 串口长度数据已更新: L34.771290 -> physical_length=34.771290
2025-09-02 14:36:10.743 | INFO     | Pendulum.PendulumAPP:_processSerialData:121 - 🔄 数据来源: 串口接收 -> PendulumState.physical_length
2025-09-02 14:36:10.790 | INFO     | Pendulum.PendulumAPP:_processSerialData:120 - 📏 串口长度数据已更新: L34.771290 -> physical_length=34.771290
2025-09-02 14:36:10.790 | INFO     | Pendulum.PendulumAPP:_processSerialData:121 - 🔄 数据来源: 串口接收 -> PendulumState.physical_length
2025-09-02 14:36:10.837 | INFO     | Pendulum.PendulumAPP:_processSerialData:120 - 📏 串口长度数据已更新: L34.771290 -> physical_length=34.771290
2025-09-02 14:36:10.838 | INFO     | Pendulum.PendulumAPP:_processSerialData:121 - 🔄 数据来源: 串口接收 -> PendulumState.physical_length
2025-09-02 14:36:10.884 | INFO     | Pendulum.PendulumAPP:_processSerialData:120 - 📏 串口长度数据已更新: L34.771290 -> physical_length=34.771290
2025-09-02 14:36:10.885 | INFO     | Pendulum.PendulumAPP:_processSerialData:121 - 🔄 数据来源: 串口接收 -> PendulumState.physical_length
2025-09-02 14:36:10.932 | INFO     | Pendulum.PendulumAPP:_processSerialData:120 - 📏 串口长度数据已更新: L34.771290 -> physical_length=34.771290
2025-09-02 14:36:10.934 | INFO     | Pendulum.PendulumAPP:_processSerialData:121 - 🔄 数据来源: 串口接收 -> PendulumState.physical_length
2025-09-02 14:36:10.977 | INFO     | Pendulum.PendulumAPP:_processSerialData:120 - 📏 串口长度数据已更新: L34.771290 -> physical_length=34.771290
2025-09-02 14:36:10.977 | INFO     | Pendulum.PendulumAPP:_processSerialData:121 - 🔄 数据来源: 串口接收 -> PendulumState.physical_length
2025-09-02 14:36:11.025 | INFO     | Pendulum.PendulumAPP:_processSerialData:120 - 📏 串口长度数据已更新: L34.771290 -> physical_length=34.771290
2025-09-02 14:36:11.025 | INFO     | Pendulum.PendulumAPP:_processSerialData:121 - 🔄 数据来源: 串口接收 -> PendulumState.physical_length
2025-09-02 14:36:11.071 | INFO     | Pendulum.PendulumAPP:_processSerialData:120 - 📏 串口长度数据已更新: L34.771290 -> physical_length=34.771290
2025-09-02 14:36:11.080 | INFO     | Pendulum.PendulumAPP:_processSerialData:121 - 🔄 数据来源: 串口接收 -> PendulumState.physical_length
2025-09-02 14:36:11.110 | INFO     | Pendulum.PendulumAPP:_keyEventWeb:246 - ↓
2025-09-02 14:36:11.111 | INFO     | Pendulum.SerialConncet:send:199 - sendm1
2025-09-02 14:36:11.114 | INFO     | Pendulum.SerialConncet:send:201 - [发送] m1
2025-09-02 14:36:11.119 | INFO     | Pendulum.PendulumAPP:_processSerialData:120 - 📏 串口长度数据已更新: L34.771290 -> physical_length=34.771290
2025-09-02 14:36:11.120 | INFO     | Pendulum.PendulumAPP:_processSerialData:121 - 🔄 数据来源: 串口接收 -> PendulumState.physical_length
2025-09-02 14:36:11.138 | INFO     | Pendulum.SerialConncet:_run:176 - [接收] L34.796810
2025-09-02 14:36:11.158 | INFO     | Pendulum.SerialConncet:_run:176 - [接收] L34.822330
2025-09-02 14:36:11.164 | INFO     | Pendulum.PendulumAPP:_processSerialData:120 - 📏 串口长度数据已更新: L34.822330 -> physical_length=34.822330
2025-09-02 14:36:11.165 | INFO     | Pendulum.PendulumAPP:_processSerialData:121 - 🔄 数据来源: 串口接收 -> PendulumState.physical_length
2025-09-02 14:36:11.182 | INFO     | Pendulum.SerialConncet:_run:176 - [接收] L34.847855
2025-09-02 14:36:11.199 | INFO     | Pendulum.SerialConncet:_run:176 - [接收] L34.873371
2025-09-02 14:36:11.215 | INFO     | Pendulum.PendulumAPP:_processSerialData:120 - 📏 串口长度数据已更新: L34.873371 -> physical_length=34.873371
2025-09-02 14:36:11.216 | INFO     | Pendulum.PendulumAPP:_processSerialData:121 - 🔄 数据来源: 串口接收 -> PendulumState.physical_length
2025-09-02 14:36:11.220 | INFO     | Pendulum.SerialConncet:_run:176 - [接收] L34.898891
2025-09-02 14:36:11.242 | INFO     | Pendulum.SerialConncet:_run:176 - [接收] L34.924416
2025-09-02 14:36:11.258 | INFO     | Pendulum.PendulumAPP:_processSerialData:120 - 📏 串口长度数据已更新: L34.924416 -> physical_length=34.924416
2025-09-02 14:36:11.259 | INFO     | Pendulum.PendulumAPP:_processSerialData:121 - 🔄 数据来源: 串口接收 -> PendulumState.physical_length
2025-09-02 14:36:11.263 | INFO     | Pendulum.SerialConncet:_run:176 - [接收] L34.949936
2025-09-02 14:36:11.288 | INFO     | Pendulum.SerialConncet:_run:176 - [接收] L34.975456
2025-09-02 14:36:11.304 | INFO     | Pendulum.PendulumAPP:_keyEventWeb:249 - stop
2025-09-02 14:36:11.305 | INFO     | Pendulum.SerialConncet:send:199 - sendm0
2025-09-02 14:36:11.309 | INFO     | Pendulum.SerialConncet:send:201 - [发送] m0
2025-09-02 14:36:11.311 | INFO     | Pendulum.SerialConncet:_run:176 - [接收] L35.000980
2025-09-02 14:36:11.319 | INFO     | Pendulum.PendulumAPP:_processSerialData:120 - 📏 串口长度数据已更新: L35.000980 -> physical_length=35.000980
2025-09-02 14:36:11.322 | INFO     | Pendulum.PendulumAPP:_processSerialData:121 - 🔄 数据来源: 串口接收 -> PendulumState.physical_length
2025-09-02 14:36:11.325 | INFO     | Pendulum.SerialConncet:_run:176 - [接收] L35.026501
2025-09-02 14:36:11.381 | INFO     | Pendulum.PendulumAPP:_processSerialData:120 - 📏 串口长度数据已更新: L35.026501 -> physical_length=35.026501
2025-09-02 14:36:11.382 | INFO     | Pendulum.PendulumAPP:_processSerialData:121 - 🔄 数据来源: 串口接收 -> PendulumState.physical_length
2025-09-02 14:36:11.428 | INFO     | Pendulum.PendulumAPP:_processSerialData:120 - 📏 串口长度数据已更新: L35.026501 -> physical_length=35.026501
2025-09-02 14:36:11.429 | INFO     | Pendulum.PendulumAPP:_processSerialData:121 - 🔄 数据来源: 串口接收 -> PendulumState.physical_length
2025-09-02 14:36:11.475 | INFO     | Pendulum.PendulumAPP:_processSerialData:120 - 📏 串口长度数据已更新: L35.026501 -> physical_length=35.026501
2025-09-02 14:36:11.476 | INFO     | Pendulum.PendulumAPP:_processSerialData:121 - 🔄 数据来源: 串口接收 -> PendulumState.physical_length
2025-09-02 14:36:11.521 | INFO     | Pendulum.PendulumAPP:_processSerialData:120 - 📏 串口长度数据已更新: L35.026501 -> physical_length=35.026501
2025-09-02 14:36:11.522 | INFO     | Pendulum.PendulumAPP:_processSerialData:121 - 🔄 数据来源: 串口接收 -> PendulumState.physical_length
2025-09-02 14:36:11.568 | INFO     | Pendulum.PendulumAPP:_processSerialData:120 - 📏 串口长度数据已更新: L35.026501 -> physical_length=35.026501
2025-09-02 14:36:11.569 | INFO     | Pendulum.PendulumAPP:_processSerialData:121 - 🔄 数据来源: 串口接收 -> PendulumState.physical_length
2025-09-02 14:36:11.614 | INFO     | Pendulum.PendulumAPP:_processSerialData:120 - 📏 串口长度数据已更新: L35.026501 -> physical_length=35.026501
2025-09-02 14:36:11.615 | INFO     | Pendulum.PendulumAPP:_processSerialData:121 - 🔄 数据来源: 串口接收 -> PendulumState.physical_length
2025-09-02 14:36:11.660 | INFO     | Pendulum.PendulumAPP:_processSerialData:120 - 📏 串口长度数据已更新: L35.026501 -> physical_length=35.026501
2025-09-02 14:36:11.661 | INFO     | Pendulum.PendulumAPP:_processSerialData:121 - 🔄 数据来源: 串口接收 -> PendulumState.physical_length
2025-09-02 14:36:11.705 | INFO     | Pendulum.PendulumAPP:_processSerialData:120 - 📏 串口长度数据已更新: L35.026501 -> physical_length=35.026501
2025-09-02 14:36:11.706 | INFO     | Pendulum.PendulumAPP:_processSerialData:121 - 🔄 数据来源: 串口接收 -> PendulumState.physical_length
2025-09-02 14:36:11.751 | INFO     | Pendulum.PendulumAPP:_processSerialData:120 - 📏 串口长度数据已更新: L35.026501 -> physical_length=35.026501
2025-09-02 14:36:11.755 | INFO     | Pendulum.PendulumAPP:_processSerialData:121 - 🔄 数据来源: 串口接收 -> PendulumState.physical_length
2025-09-02 14:36:11.797 | INFO     | Pendulum.PendulumAPP:_processSerialData:120 - 📏 串口长度数据已更新: L35.026501 -> physical_length=35.026501
2025-09-02 14:36:11.798 | INFO     | Pendulum.PendulumAPP:_processSerialData:121 - 🔄 数据来源: 串口接收 -> PendulumState.physical_length
2025-09-02 14:36:11.845 | INFO     | Pendulum.PendulumAPP:_processSerialData:120 - 📏 串口长度数据已更新: L35.026501 -> physical_length=35.026501
2025-09-02 14:36:11.846 | INFO     | Pendulum.PendulumAPP:_processSerialData:121 - 🔄 数据来源: 串口接收 -> PendulumState.physical_length
2025-09-02 14:36:11.892 | INFO     | Pendulum.PendulumAPP:_processSerialData:120 - 📏 串口长度数据已更新: L35.026501 -> physical_length=35.026501
2025-09-02 14:36:11.895 | INFO     | Pendulum.PendulumAPP:_processSerialData:121 - 🔄 数据来源: 串口接收 -> PendulumState.physical_length
2025-09-02 14:36:11.938 | INFO     | Pendulum.PendulumAPP:_processSerialData:120 - 📏 串口长度数据已更新: L35.026501 -> physical_length=35.026501
2025-09-02 14:36:11.939 | INFO     | Pendulum.PendulumAPP:_processSerialData:121 - 🔄 数据来源: 串口接收 -> PendulumState.physical_length
2025-09-02 14:36:11.984 | INFO     | Pendulum.PendulumAPP:_processSerialData:120 - 📏 串口长度数据已更新: L35.026501 -> physical_length=35.026501
2025-09-02 14:36:11.985 | INFO     | Pendulum.PendulumAPP:_processSerialData:121 - 🔄 数据来源: 串口接收 -> PendulumState.physical_length
2025-09-02 14:36:12.032 | INFO     | Pendulum.PendulumAPP:_processSerialData:120 - 📏 串口长度数据已更新: L35.026501 -> physical_length=35.026501
2025-09-02 14:36:12.033 | INFO     | Pendulum.PendulumAPP:_processSerialData:121 - 🔄 数据来源: 串口接收 -> PendulumState.physical_length
2025-09-02 14:36:12.077 | INFO     | Pendulum.PendulumAPP:_processSerialData:120 - 📏 串口长度数据已更新: L35.026501 -> physical_length=35.026501
2025-09-02 14:36:12.078 | INFO     | Pendulum.PendulumAPP:_processSerialData:121 - 🔄 数据来源: 串口接收 -> PendulumState.physical_length
2025-09-02 14:36:12.124 | INFO     | Pendulum.PendulumAPP:_processSerialData:120 - 📏 串口长度数据已更新: L35.026501 -> physical_length=35.026501
2025-09-02 14:36:12.127 | INFO     | Pendulum.PendulumAPP:_processSerialData:121 - 🔄 数据来源: 串口接收 -> PendulumState.physical_length
2025-09-02 14:36:12.170 | INFO     | Pendulum.PendulumAPP:_processSerialData:120 - 📏 串口长度数据已更新: L35.026501 -> physical_length=35.026501
2025-09-02 14:36:12.171 | INFO     | Pendulum.PendulumAPP:_processSerialData:121 - 🔄 数据来源: 串口接收 -> PendulumState.physical_length
2025-09-02 14:36:12.218 | INFO     | Pendulum.PendulumAPP:_processSerialData:120 - 📏 串口长度数据已更新: L35.026501 -> physical_length=35.026501
2025-09-02 14:36:12.220 | INFO     | Pendulum.PendulumAPP:_processSerialData:121 - 🔄 数据来源: 串口接收 -> PendulumState.physical_length
2025-09-02 14:36:12.265 | INFO     | Pendulum.PendulumAPP:_processSerialData:120 - 📏 串口长度数据已更新: L35.026501 -> physical_length=35.026501
2025-09-02 14:36:12.266 | INFO     | Pendulum.PendulumAPP:_processSerialData:121 - 🔄 数据来源: 串口接收 -> PendulumState.physical_length
2025-09-02 14:36:12.310 | INFO     | Pendulum.PendulumAPP:_processSerialData:120 - 📏 串口长度数据已更新: L35.026501 -> physical_length=35.026501
2025-09-02 14:36:12.311 | INFO     | Pendulum.PendulumAPP:_processSerialData:121 - 🔄 数据来源: 串口接收 -> PendulumState.physical_length
2025-09-02 14:36:12.357 | INFO     | Pendulum.PendulumAPP:_processSerialData:120 - 📏 串口长度数据已更新: L35.026501 -> physical_length=35.026501
2025-09-02 14:36:12.361 | INFO     | Pendulum.PendulumAPP:_processSerialData:121 - 🔄 数据来源: 串口接收 -> PendulumState.physical_length
2025-09-02 14:36:12.404 | INFO     | Pendulum.PendulumAPP:_processSerialData:120 - 📏 串口长度数据已更新: L35.026501 -> physical_length=35.026501
2025-09-02 14:36:12.405 | INFO     | Pendulum.PendulumAPP:_processSerialData:121 - 🔄 数据来源: 串口接收 -> PendulumState.physical_length
2025-09-02 14:36:12.449 | INFO     | Pendulum.PendulumAPP:_processSerialData:120 - 📏 串口长度数据已更新: L35.026501 -> physical_length=35.026501
2025-09-02 14:36:12.450 | INFO     | Pendulum.PendulumAPP:_processSerialData:121 - 🔄 数据来源: 串口接收 -> PendulumState.physical_length
2025-09-02 14:36:12.495 | INFO     | Pendulum.PendulumAPP:_processSerialData:120 - 📏 串口长度数据已更新: L35.026501 -> physical_length=35.026501
2025-09-02 14:36:12.496 | INFO     | Pendulum.PendulumAPP:_processSerialData:121 - 🔄 数据来源: 串口接收 -> PendulumState.physical_length
2025-09-02 14:36:12.540 | INFO     | Pendulum.PendulumAPP:_processSerialData:120 - 📏 串口长度数据已更新: L35.026501 -> physical_length=35.026501
2025-09-02 14:36:12.542 | INFO     | Pendulum.PendulumAPP:_processSerialData:121 - 🔄 数据来源: 串口接收 -> PendulumState.physical_length
2025-09-02 14:36:12.586 | INFO     | Pendulum.PendulumAPP:_processSerialData:120 - 📏 串口长度数据已更新: L35.026501 -> physical_length=35.026501
2025-09-02 14:36:12.587 | INFO     | Pendulum.PendulumAPP:_processSerialData:121 - 🔄 数据来源: 串口接收 -> PendulumState.physical_length
2025-09-02 14:36:12.633 | INFO     | Pendulum.PendulumAPP:_processSerialData:120 - 📏 串口长度数据已更新: L35.026501 -> physical_length=35.026501
2025-09-02 14:36:12.634 | INFO     | Pendulum.PendulumAPP:_processSerialData:121 - 🔄 数据来源: 串口接收 -> PendulumState.physical_length
2025-09-02 14:36:12.681 | INFO     | Pendulum.PendulumAPP:_processSerialData:120 - 📏 串口长度数据已更新: L35.026501 -> physical_length=35.026501
2025-09-02 14:36:12.682 | INFO     | Pendulum.PendulumAPP:_processSerialData:121 - 🔄 数据来源: 串口接收 -> PendulumState.physical_length
2025-09-02 14:36:12.726 | INFO     | Pendulum.PendulumAPP:_processSerialData:120 - 📏 串口长度数据已更新: L35.026501 -> physical_length=35.026501
2025-09-02 14:36:12.726 | INFO     | Pendulum.PendulumAPP:_processSerialData:121 - 🔄 数据来源: 串口接收 -> PendulumState.physical_length
2025-09-02 14:36:12.773 | INFO     | Pendulum.PendulumAPP:_processSerialData:120 - 📏 串口长度数据已更新: L35.026501 -> physical_length=35.026501
2025-09-02 14:36:12.774 | INFO     | Pendulum.PendulumAPP:_processSerialData:121 - 🔄 数据来源: 串口接收 -> PendulumState.physical_length
2025-09-02 14:36:12.820 | INFO     | Pendulum.PendulumAPP:_processSerialData:120 - 📏 串口长度数据已更新: L35.026501 -> physical_length=35.026501
2025-09-02 14:36:12.822 | INFO     | Pendulum.PendulumAPP:_processSerialData:121 - 🔄 数据来源: 串口接收 -> PendulumState.physical_length
2025-09-02 14:36:12.866 | INFO     | Pendulum.PendulumAPP:_processSerialData:120 - 📏 串口长度数据已更新: L35.026501 -> physical_length=35.026501
2025-09-02 14:36:12.867 | INFO     | Pendulum.PendulumAPP:_processSerialData:121 - 🔄 数据来源: 串口接收 -> PendulumState.physical_length
2025-09-02 14:36:12.911 | INFO     | Pendulum.PendulumAPP:_processSerialData:120 - 📏 串口长度数据已更新: L35.026501 -> physical_length=35.026501
2025-09-02 14:36:12.912 | INFO     | Pendulum.PendulumAPP:_processSerialData:121 - 🔄 数据来源: 串口接收 -> PendulumState.physical_length
2025-09-02 14:36:12.959 | INFO     | Pendulum.PendulumAPP:_processSerialData:120 - 📏 串口长度数据已更新: L35.026501 -> physical_length=35.026501
2025-09-02 14:36:12.960 | INFO     | Pendulum.PendulumAPP:_processSerialData:121 - 🔄 数据来源: 串口接收 -> PendulumState.physical_length
2025-09-02 14:36:13.006 | INFO     | Pendulum.PendulumAPP:_processSerialData:120 - 📏 串口长度数据已更新: L35.026501 -> physical_length=35.026501
2025-09-02 14:36:13.007 | INFO     | Pendulum.PendulumAPP:_processSerialData:121 - 🔄 数据来源: 串口接收 -> PendulumState.physical_length
2025-09-02 14:36:13.052 | INFO     | Pendulum.PendulumAPP:_processSerialData:120 - 📏 串口长度数据已更新: L35.026501 -> physical_length=35.026501
2025-09-02 14:36:13.053 | INFO     | Pendulum.PendulumAPP:_processSerialData:121 - 🔄 数据来源: 串口接收 -> PendulumState.physical_length
2025-09-02 14:36:13.099 | INFO     | Pendulum.PendulumAPP:_processSerialData:120 - 📏 串口长度数据已更新: L35.026501 -> physical_length=35.026501
2025-09-02 14:36:13.100 | INFO     | Pendulum.PendulumAPP:_processSerialData:121 - 🔄 数据来源: 串口接收 -> PendulumState.physical_length
2025-09-02 14:36:13.145 | INFO     | Pendulum.PendulumAPP:_processSerialData:120 - 📏 串口长度数据已更新: L35.026501 -> physical_length=35.026501
2025-09-02 14:36:13.146 | INFO     | Pendulum.PendulumAPP:_processSerialData:121 - 🔄 数据来源: 串口接收 -> PendulumState.physical_length
2025-09-02 14:36:13.191 | INFO     | Pendulum.PendulumAPP:_processSerialData:120 - 📏 串口长度数据已更新: L35.026501 -> physical_length=35.026501
2025-09-02 14:36:13.194 | INFO     | Pendulum.PendulumAPP:_processSerialData:121 - 🔄 数据来源: 串口接收 -> PendulumState.physical_length
2025-09-02 14:36:13.238 | INFO     | Pendulum.PendulumAPP:_processSerialData:120 - 📏 串口长度数据已更新: L35.026501 -> physical_length=35.026501
2025-09-02 14:36:13.238 | INFO     | Pendulum.PendulumAPP:_processSerialData:121 - 🔄 数据来源: 串口接收 -> PendulumState.physical_length
2025-09-02 14:36:13.283 | INFO     | Pendulum.PendulumAPP:_processSerialData:120 - 📏 串口长度数据已更新: L35.026501 -> physical_length=35.026501
2025-09-02 14:36:13.284 | INFO     | Pendulum.PendulumAPP:_processSerialData:121 - 🔄 数据来源: 串口接收 -> PendulumState.physical_length
2025-09-02 14:36:13.335 | INFO     | Pendulum.PendulumAPP:_processSerialData:120 - 📏 串口长度数据已更新: L35.026501 -> physical_length=35.026501
2025-09-02 14:36:13.337 | INFO     | Pendulum.PendulumAPP:_processSerialData:121 - 🔄 数据来源: 串口接收 -> PendulumState.physical_length
2025-09-02 14:36:13.377 | INFO     | Pendulum.PendulumAPP:_processSerialData:120 - 📏 串口长度数据已更新: L35.026501 -> physical_length=35.026501
2025-09-02 14:36:13.378 | INFO     | Pendulum.PendulumAPP:_processSerialData:121 - 🔄 数据来源: 串口接收 -> PendulumState.physical_length
2025-09-02 14:36:13.423 | INFO     | Pendulum.PendulumAPP:_processSerialData:120 - 📏 串口长度数据已更新: L35.026501 -> physical_length=35.026501
2025-09-02 14:36:13.424 | INFO     | Pendulum.PendulumAPP:_processSerialData:121 - 🔄 数据来源: 串口接收 -> PendulumState.physical_length
2025-09-02 14:36:13.468 | INFO     | Pendulum.PendulumAPP:_processSerialData:120 - 📏 串口长度数据已更新: L35.026501 -> physical_length=35.026501
2025-09-02 14:36:13.468 | INFO     | Pendulum.PendulumAPP:_processSerialData:121 - 🔄 数据来源: 串口接收 -> PendulumState.physical_length
2025-09-02 14:36:13.514 | INFO     | Pendulum.PendulumAPP:_processSerialData:120 - 📏 串口长度数据已更新: L35.026501 -> physical_length=35.026501
2025-09-02 14:36:13.515 | INFO     | Pendulum.PendulumAPP:_processSerialData:121 - 🔄 数据来源: 串口接收 -> PendulumState.physical_length
2025-09-02 14:36:13.561 | INFO     | Pendulum.PendulumAPP:_processSerialData:120 - 📏 串口长度数据已更新: L35.026501 -> physical_length=35.026501
2025-09-02 14:36:13.564 | INFO     | Pendulum.PendulumAPP:_processSerialData:121 - 🔄 数据来源: 串口接收 -> PendulumState.physical_length
2025-09-02 14:36:13.607 | INFO     | Pendulum.PendulumAPP:_processSerialData:120 - 📏 串口长度数据已更新: L35.026501 -> physical_length=35.026501
2025-09-02 14:36:13.609 | INFO     | Pendulum.PendulumAPP:_processSerialData:121 - 🔄 数据来源: 串口接收 -> PendulumState.physical_length
2025-09-02 14:36:13.654 | INFO     | Pendulum.PendulumAPP:_processSerialData:120 - 📏 串口长度数据已更新: L35.026501 -> physical_length=35.026501
2025-09-02 14:36:13.654 | INFO     | Pendulum.PendulumAPP:_processSerialData:121 - 🔄 数据来源: 串口接收 -> PendulumState.physical_length
2025-09-02 14:36:13.699 | INFO     | Pendulum.PendulumAPP:_processSerialData:120 - 📏 串口长度数据已更新: L35.026501 -> physical_length=35.026501
2025-09-02 14:36:13.701 | INFO     | Pendulum.PendulumAPP:_processSerialData:121 - 🔄 数据来源: 串口接收 -> PendulumState.physical_length
2025-09-02 14:36:13.744 | INFO     | Pendulum.PendulumAPP:_processSerialData:120 - 📏 串口长度数据已更新: L35.026501 -> physical_length=35.026501
2025-09-02 14:36:13.744 | INFO     | Pendulum.PendulumAPP:_processSerialData:121 - 🔄 数据来源: 串口接收 -> PendulumState.physical_length
2025-09-02 14:36:13.791 | INFO     | Pendulum.PendulumAPP:_processSerialData:120 - 📏 串口长度数据已更新: L35.026501 -> physical_length=35.026501
2025-09-02 14:36:13.792 | INFO     | Pendulum.PendulumAPP:_processSerialData:121 - 🔄 数据来源: 串口接收 -> PendulumState.physical_length
2025-09-02 14:36:13.837 | INFO     | Pendulum.PendulumAPP:_processSerialData:120 - 📏 串口长度数据已更新: L35.026501 -> physical_length=35.026501
2025-09-02 14:36:13.839 | INFO     | Pendulum.PendulumAPP:_processSerialData:121 - 🔄 数据来源: 串口接收 -> PendulumState.physical_length
2025-09-02 14:36:13.882 | INFO     | Pendulum.PendulumAPP:_processSerialData:120 - 📏 串口长度数据已更新: L35.026501 -> physical_length=35.026501
2025-09-02 14:36:13.883 | INFO     | Pendulum.PendulumAPP:_processSerialData:121 - 🔄 数据来源: 串口接收 -> PendulumState.physical_length
2025-09-02 14:36:13.928 | INFO     | Pendulum.PendulumAPP:_processSerialData:120 - 📏 串口长度数据已更新: L35.026501 -> physical_length=35.026501
2025-09-02 14:36:13.929 | INFO     | Pendulum.PendulumAPP:_processSerialData:121 - 🔄 数据来源: 串口接收 -> PendulumState.physical_length
2025-09-02 14:36:13.976 | INFO     | Pendulum.PendulumAPP:_processSerialData:120 - 📏 串口长度数据已更新: L35.026501 -> physical_length=35.026501
2025-09-02 14:36:13.979 | INFO     | Pendulum.PendulumAPP:_processSerialData:121 - 🔄 数据来源: 串口接收 -> PendulumState.physical_length
2025-09-02 14:36:14.023 | INFO     | Pendulum.PendulumAPP:_processSerialData:120 - 📏 串口长度数据已更新: L35.026501 -> physical_length=35.026501
2025-09-02 14:36:14.025 | INFO     | Pendulum.PendulumAPP:_processSerialData:121 - 🔄 数据来源: 串口接收 -> PendulumState.physical_length
2025-09-02 14:36:14.070 | INFO     | Pendulum.PendulumAPP:_processSerialData:120 - 📏 串口长度数据已更新: L35.026501 -> physical_length=35.026501
2025-09-02 14:36:14.071 | INFO     | Pendulum.PendulumAPP:_processSerialData:121 - 🔄 数据来源: 串口接收 -> PendulumState.physical_length
2025-09-02 14:36:14.113 | INFO     | Pendulum.PendulumAPP:_keyEventWeb:271 - u1
2025-09-02 14:36:14.115 | INFO     | Pendulum.SerialConncet:send:199 - sendu1
2025-09-02 14:36:14.117 | INFO     | Pendulum.SerialConncet:send:201 - [发送] u1
2025-09-02 14:36:14.132 | INFO     | Pendulum.PendulumAPP:_processSerialData:120 - 📏 串口长度数据已更新: L35.026501 -> physical_length=35.026501
2025-09-02 14:36:14.133 | INFO     | Pendulum.PendulumAPP:_processSerialData:121 - 🔄 数据来源: 串口接收 -> PendulumState.physical_length
2025-09-02 14:36:14.180 | INFO     | Pendulum.PendulumAPP:_processSerialData:120 - 📏 串口长度数据已更新: L35.026501 -> physical_length=35.026501
2025-09-02 14:36:14.182 | INFO     | Pendulum.PendulumAPP:_processSerialData:121 - 🔄 数据来源: 串口接收 -> PendulumState.physical_length
2025-09-02 14:36:14.225 | INFO     | Pendulum.PendulumAPP:_processSerialData:120 - 📏 串口长度数据已更新: L35.026501 -> physical_length=35.026501
2025-09-02 14:36:14.226 | INFO     | Pendulum.PendulumAPP:_processSerialData:121 - 🔄 数据来源: 串口接收 -> PendulumState.physical_length
2025-09-02 14:36:14.273 | INFO     | Pendulum.PendulumAPP:_processSerialData:120 - 📏 串口长度数据已更新: L35.026501 -> physical_length=35.026501
2025-09-02 14:36:14.274 | INFO     | Pendulum.PendulumAPP:_processSerialData:121 - 🔄 数据来源: 串口接收 -> PendulumState.physical_length
2025-09-02 14:36:14.318 | INFO     | Pendulum.PendulumAPP:_processSerialData:120 - 📏 串口长度数据已更新: L35.026501 -> physical_length=35.026501
2025-09-02 14:36:14.319 | INFO     | Pendulum.PendulumAPP:_processSerialData:121 - 🔄 数据来源: 串口接收 -> PendulumState.physical_length
2025-09-02 14:36:14.366 | INFO     | Pendulum.PendulumAPP:_processSerialData:120 - 📏 串口长度数据已更新: L35.026501 -> physical_length=35.026501
2025-09-02 14:36:14.369 | INFO     | Pendulum.PendulumAPP:_processSerialData:121 - 🔄 数据来源: 串口接收 -> PendulumState.physical_length
2025-09-02 14:36:14.412 | INFO     | Pendulum.PendulumAPP:_processSerialData:120 - 📏 串口长度数据已更新: L35.026501 -> physical_length=35.026501
2025-09-02 14:36:14.414 | INFO     | Pendulum.PendulumAPP:_processSerialData:121 - 🔄 数据来源: 串口接收 -> PendulumState.physical_length
2025-09-02 14:36:14.459 | INFO     | Pendulum.PendulumAPP:_processSerialData:120 - 📏 串口长度数据已更新: L35.026501 -> physical_length=35.026501
2025-09-02 14:36:14.460 | INFO     | Pendulum.PendulumAPP:_processSerialData:121 - 🔄 数据来源: 串口接收 -> PendulumState.physical_length
2025-09-02 14:36:14.506 | INFO     | Pendulum.PendulumAPP:_processSerialData:120 - 📏 串口长度数据已更新: L35.026501 -> physical_length=35.026501
2025-09-02 14:36:14.506 | INFO     | Pendulum.PendulumAPP:_processSerialData:121 - 🔄 数据来源: 串口接收 -> PendulumState.physical_length
2025-09-02 14:36:14.552 | INFO     | Pendulum.PendulumAPP:_processSerialData:120 - 📏 串口长度数据已更新: L35.026501 -> physical_length=35.026501
2025-09-02 14:36:14.553 | INFO     | Pendulum.PendulumAPP:_processSerialData:121 - 🔄 数据来源: 串口接收 -> PendulumState.physical_length
2025-09-02 14:36:14.599 | INFO     | Pendulum.PendulumAPP:_processSerialData:120 - 📏 串口长度数据已更新: L35.026501 -> physical_length=35.026501
2025-09-02 14:36:14.599 | INFO     | Pendulum.PendulumAPP:_processSerialData:121 - 🔄 数据来源: 串口接收 -> PendulumState.physical_length
2025-09-02 14:36:14.645 | INFO     | Pendulum.PendulumAPP:_processSerialData:120 - 📏 串口长度数据已更新: L35.026501 -> physical_length=35.026501
2025-09-02 14:36:14.648 | INFO     | Pendulum.PendulumAPP:_processSerialData:121 - 🔄 数据来源: 串口接收 -> PendulumState.physical_length
2025-09-02 14:36:14.692 | INFO     | Pendulum.PendulumAPP:_processSerialData:120 - 📏 串口长度数据已更新: L35.026501 -> physical_length=35.026501
2025-09-02 14:36:14.694 | INFO     | Pendulum.PendulumAPP:_processSerialData:121 - 🔄 数据来源: 串口接收 -> PendulumState.physical_length
2025-09-02 14:36:14.739 | INFO     | Pendulum.PendulumAPP:_processSerialData:120 - 📏 串口长度数据已更新: L35.026501 -> physical_length=35.026501
2025-09-02 14:36:14.742 | INFO     | Pendulum.PendulumAPP:_processSerialData:121 - 🔄 数据来源: 串口接收 -> PendulumState.physical_length
2025-09-02 14:36:14.785 | INFO     | Pendulum.PendulumAPP:_processSerialData:120 - 📏 串口长度数据已更新: L35.026501 -> physical_length=35.026501
2025-09-02 14:36:14.786 | INFO     | Pendulum.PendulumAPP:_processSerialData:121 - 🔄 数据来源: 串口接收 -> PendulumState.physical_length
2025-09-02 14:36:14.833 | INFO     | Pendulum.PendulumAPP:_processSerialData:120 - 📏 串口长度数据已更新: L35.026501 -> physical_length=35.026501
2025-09-02 14:36:14.833 | INFO     | Pendulum.PendulumAPP:_processSerialData:121 - 🔄 数据来源: 串口接收 -> PendulumState.physical_length
2025-09-02 14:36:14.879 | INFO     | Pendulum.PendulumAPP:_processSerialData:120 - 📏 串口长度数据已更新: L35.026501 -> physical_length=35.026501
2025-09-02 14:36:14.882 | INFO     | Pendulum.PendulumAPP:_processSerialData:121 - 🔄 数据来源: 串口接收 -> PendulumState.physical_length
2025-09-02 14:36:14.926 | INFO     | Pendulum.PendulumAPP:_processSerialData:120 - 📏 串口长度数据已更新: L35.026501 -> physical_length=35.026501
2025-09-02 14:36:14.927 | INFO     | Pendulum.PendulumAPP:_processSerialData:121 - 🔄 数据来源: 串口接收 -> PendulumState.physical_length
2025-09-02 14:36:14.974 | INFO     | Pendulum.PendulumAPP:_processSerialData:120 - 📏 串口长度数据已更新: L35.026501 -> physical_length=35.026501
2025-09-02 14:36:14.975 | INFO     | Pendulum.PendulumAPP:_processSerialData:121 - 🔄 数据来源: 串口接收 -> PendulumState.physical_length
2025-09-02 14:36:15.019 | INFO     | Pendulum.PendulumAPP:_processSerialData:120 - 📏 串口长度数据已更新: L35.026501 -> physical_length=35.026501
2025-09-02 14:36:15.020 | INFO     | Pendulum.PendulumAPP:_processSerialData:121 - 🔄 数据来源: 串口接收 -> PendulumState.physical_length
2025-09-02 14:36:15.066 | INFO     | Pendulum.PendulumAPP:_processSerialData:120 - 📏 串口长度数据已更新: L35.026501 -> physical_length=35.026501
2025-09-02 14:36:15.070 | INFO     | Pendulum.PendulumAPP:_processSerialData:121 - 🔄 数据来源: 串口接收 -> PendulumState.physical_length
2025-09-02 14:36:15.111 | INFO     | Pendulum.PendulumAPP:_processSerialData:120 - 📏 串口长度数据已更新: L35.026501 -> physical_length=35.026501
2025-09-02 14:36:15.112 | INFO     | Pendulum.PendulumAPP:_processSerialData:121 - 🔄 数据来源: 串口接收 -> PendulumState.physical_length
2025-09-02 14:36:15.157 | INFO     | Pendulum.PendulumAPP:_processSerialData:120 - 📏 串口长度数据已更新: L35.026501 -> physical_length=35.026501
2025-09-02 14:36:15.158 | INFO     | Pendulum.PendulumAPP:_processSerialData:121 - 🔄 数据来源: 串口接收 -> PendulumState.physical_length
2025-09-02 14:36:15.218 | INFO     | Pendulum.PendulumAPP:_processSerialData:120 - 📏 串口长度数据已更新: L35.026501 -> physical_length=35.026501
2025-09-02 14:36:15.220 | INFO     | Pendulum.PendulumAPP:_processSerialData:121 - 🔄 数据来源: 串口接收 -> PendulumState.physical_length
2025-09-02 14:36:15.265 | INFO     | Pendulum.PendulumAPP:_processSerialData:120 - 📏 串口长度数据已更新: L35.026501 -> physical_length=35.026501
2025-09-02 14:36:15.265 | INFO     | Pendulum.PendulumAPP:_processSerialData:121 - 🔄 数据来源: 串口接收 -> PendulumState.physical_length
2025-09-02 14:36:15.312 | INFO     | Pendulum.PendulumAPP:_processSerialData:120 - 📏 串口长度数据已更新: L35.026501 -> physical_length=35.026501
2025-09-02 14:36:15.313 | INFO     | Pendulum.PendulumAPP:_processSerialData:121 - 🔄 数据来源: 串口接收 -> PendulumState.physical_length
2025-09-02 14:36:15.357 | INFO     | Pendulum.PendulumAPP:_processSerialData:120 - 📏 串口长度数据已更新: L35.026501 -> physical_length=35.026501
2025-09-02 14:36:15.359 | INFO     | Pendulum.PendulumAPP:_processSerialData:121 - 🔄 数据来源: 串口接收 -> PendulumState.physical_length
2025-09-02 14:36:15.404 | INFO     | Pendulum.PendulumAPP:_processSerialData:120 - 📏 串口长度数据已更新: L35.026501 -> physical_length=35.026501
2025-09-02 14:36:15.407 | INFO     | Pendulum.PendulumAPP:_processSerialData:121 - 🔄 数据来源: 串口接收 -> PendulumState.physical_length
2025-09-02 14:36:15.450 | INFO     | Pendulum.PendulumAPP:_processSerialData:120 - 📏 串口长度数据已更新: L35.026501 -> physical_length=35.026501
2025-09-02 14:36:15.451 | INFO     | Pendulum.PendulumAPP:_processSerialData:121 - 🔄 数据来源: 串口接收 -> PendulumState.physical_length
2025-09-02 14:36:15.498 | INFO     | Pendulum.PendulumAPP:_processSerialData:120 - 📏 串口长度数据已更新: L35.026501 -> physical_length=35.026501
2025-09-02 14:36:15.499 | INFO     | Pendulum.PendulumAPP:_processSerialData:121 - 🔄 数据来源: 串口接收 -> PendulumState.physical_length
2025-09-02 14:36:15.544 | INFO     | Pendulum.PendulumAPP:_processSerialData:120 - 📏 串口长度数据已更新: L35.026501 -> physical_length=35.026501
2025-09-02 14:36:15.546 | INFO     | Pendulum.PendulumAPP:_processSerialData:121 - 🔄 数据来源: 串口接收 -> PendulumState.physical_length
2025-09-02 14:36:15.590 | INFO     | Pendulum.PendulumAPP:_processSerialData:120 - 📏 串口长度数据已更新: L35.026501 -> physical_length=35.026501
2025-09-02 14:36:15.591 | INFO     | Pendulum.PendulumAPP:_processSerialData:121 - 🔄 数据来源: 串口接收 -> PendulumState.physical_length
2025-09-02 14:36:15.636 | INFO     | Pendulum.PendulumAPP:_processSerialData:120 - 📏 串口长度数据已更新: L35.026501 -> physical_length=35.026501
2025-09-02 14:36:15.636 | INFO     | Pendulum.PendulumAPP:_processSerialData:121 - 🔄 数据来源: 串口接收 -> PendulumState.physical_length
2025-09-02 14:36:15.682 | INFO     | Pendulum.PendulumAPP:_processSerialData:120 - 📏 串口长度数据已更新: L35.026501 -> physical_length=35.026501
2025-09-02 14:36:15.684 | INFO     | Pendulum.PendulumAPP:_processSerialData:121 - 🔄 数据来源: 串口接收 -> PendulumState.physical_length
2025-09-02 14:36:15.729 | INFO     | Pendulum.PendulumAPP:_processSerialData:120 - 📏 串口长度数据已更新: L35.026501 -> physical_length=35.026501
2025-09-02 14:36:15.730 | INFO     | Pendulum.PendulumAPP:_processSerialData:121 - 🔄 数据来源: 串口接收 -> PendulumState.physical_length
2025-09-02 14:36:15.775 | INFO     | Pendulum.PendulumAPP:_processSerialData:120 - 📏 串口长度数据已更新: L35.026501 -> physical_length=35.026501
2025-09-02 14:36:15.775 | INFO     | Pendulum.PendulumAPP:_processSerialData:121 - 🔄 数据来源: 串口接收 -> PendulumState.physical_length
2025-09-02 14:36:15.822 | INFO     | Pendulum.PendulumAPP:_processSerialData:120 - 📏 串口长度数据已更新: L35.026501 -> physical_length=35.026501
2025-09-02 14:36:15.823 | INFO     | Pendulum.PendulumAPP:_processSerialData:121 - 🔄 数据来源: 串口接收 -> PendulumState.physical_length
2025-09-02 14:36:15.868 | INFO     | Pendulum.PendulumAPP:_processSerialData:120 - 📏 串口长度数据已更新: L35.026501 -> physical_length=35.026501
2025-09-02 14:36:15.871 | INFO     | Pendulum.PendulumAPP:_processSerialData:121 - 🔄 数据来源: 串口接收 -> PendulumState.physical_length
2025-09-02 14:36:15.914 | INFO     | Pendulum.PendulumAPP:_processSerialData:120 - 📏 串口长度数据已更新: L35.026501 -> physical_length=35.026501
2025-09-02 14:36:15.915 | INFO     | Pendulum.PendulumAPP:_processSerialData:121 - 🔄 数据来源: 串口接收 -> PendulumState.physical_length
2025-09-02 14:36:15.961 | INFO     | Pendulum.PendulumAPP:_processSerialData:120 - 📏 串口长度数据已更新: L35.026501 -> physical_length=35.026501
2025-09-02 14:36:15.962 | INFO     | Pendulum.PendulumAPP:_processSerialData:121 - 🔄 数据来源: 串口接收 -> PendulumState.physical_length
2025-09-02 14:36:16.009 | INFO     | Pendulum.PendulumAPP:_processSerialData:120 - 📏 串口长度数据已更新: L35.026501 -> physical_length=35.026501
2025-09-02 14:36:16.010 | INFO     | Pendulum.PendulumAPP:_processSerialData:121 - 🔄 数据来源: 串口接收 -> PendulumState.physical_length
2025-09-02 14:36:16.070 | INFO     | Pendulum.PendulumAPP:_processSerialData:120 - 📏 串口长度数据已更新: L35.026501 -> physical_length=35.026501
2025-09-02 14:36:16.071 | INFO     | Pendulum.PendulumAPP:_processSerialData:121 - 🔄 数据来源: 串口接收 -> PendulumState.physical_length
2025-09-02 14:36:16.117 | INFO     | Pendulum.PendulumAPP:_processSerialData:120 - 📏 串口长度数据已更新: L35.026501 -> physical_length=35.026501
2025-09-02 14:36:16.118 | INFO     | Pendulum.PendulumAPP:_processSerialData:121 - 🔄 数据来源: 串口接收 -> PendulumState.physical_length
2025-09-02 14:36:16.163 | INFO     | Pendulum.PendulumAPP:_processSerialData:120 - 📏 串口长度数据已更新: L35.026501 -> physical_length=35.026501
2025-09-02 14:36:16.166 | INFO     | Pendulum.PendulumAPP:_processSerialData:121 - 🔄 数据来源: 串口接收 -> PendulumState.physical_length
2025-09-02 14:36:16.210 | INFO     | Pendulum.PendulumAPP:_processSerialData:120 - 📏 串口长度数据已更新: L35.026501 -> physical_length=35.026501
2025-09-02 14:36:16.211 | INFO     | Pendulum.PendulumAPP:_processSerialData:121 - 🔄 数据来源: 串口接收 -> PendulumState.physical_length
2025-09-02 14:36:16.257 | INFO     | Pendulum.PendulumAPP:_processSerialData:120 - 📏 串口长度数据已更新: L35.026501 -> physical_length=35.026501
2025-09-02 14:36:16.258 | INFO     | Pendulum.PendulumAPP:_processSerialData:121 - 🔄 数据来源: 串口接收 -> PendulumState.physical_length
2025-09-02 14:36:16.303 | INFO     | Pendulum.PendulumAPP:_processSerialData:120 - 📏 串口长度数据已更新: L35.026501 -> physical_length=35.026501
2025-09-02 14:36:16.305 | INFO     | Pendulum.PendulumAPP:_processSerialData:121 - 🔄 数据来源: 串口接收 -> PendulumState.physical_length
2025-09-02 14:36:16.349 | INFO     | Pendulum.PendulumAPP:_processSerialData:120 - 📏 串口长度数据已更新: L35.026501 -> physical_length=35.026501
2025-09-02 14:36:16.350 | INFO     | Pendulum.PendulumAPP:_processSerialData:121 - 🔄 数据来源: 串口接收 -> PendulumState.physical_length
2025-09-02 14:36:16.394 | INFO     | Pendulum.PendulumAPP:_processSerialData:120 - 📏 串口长度数据已更新: L35.026501 -> physical_length=35.026501
2025-09-02 14:36:16.395 | INFO     | Pendulum.PendulumAPP:_processSerialData:121 - 🔄 数据来源: 串口接收 -> PendulumState.physical_length
2025-09-02 14:36:16.440 | INFO     | Pendulum.PendulumAPP:_processSerialData:120 - 📏 串口长度数据已更新: L35.026501 -> physical_length=35.026501
2025-09-02 14:36:16.442 | INFO     | Pendulum.PendulumAPP:_processSerialData:121 - 🔄 数据来源: 串口接收 -> PendulumState.physical_length
2025-09-02 14:36:16.487 | INFO     | Pendulum.PendulumAPP:_processSerialData:120 - 📏 串口长度数据已更新: L35.026501 -> physical_length=35.026501
2025-09-02 14:36:16.490 | INFO     | Pendulum.PendulumAPP:_processSerialData:121 - 🔄 数据来源: 串口接收 -> PendulumState.physical_length
2025-09-02 14:36:16.535 | INFO     | Pendulum.PendulumAPP:_processSerialData:120 - 📏 串口长度数据已更新: L35.026501 -> physical_length=35.026501
2025-09-02 14:36:16.535 | INFO     | Pendulum.PendulumAPP:_processSerialData:121 - 🔄 数据来源: 串口接收 -> PendulumState.physical_length
2025-09-02 14:36:16.581 | INFO     | Pendulum.PendulumAPP:_processSerialData:120 - 📏 串口长度数据已更新: L35.026501 -> physical_length=35.026501
2025-09-02 14:36:16.583 | INFO     | Pendulum.PendulumAPP:_processSerialData:121 - 🔄 数据来源: 串口接收 -> PendulumState.physical_length
2025-09-02 14:36:16.622 | INFO     | Pendulum.PendulumAPP:_keyEventWeb:274 - u0
2025-09-02 14:36:16.623 | INFO     | Pendulum.SerialConncet:send:199 - sendu0
2025-09-02 14:36:16.624 | INFO     | Pendulum.SerialConncet:send:201 - [发送] u0
2025-09-02 14:36:16.642 | INFO     | Pendulum.PendulumAPP:_processSerialData:120 - 📏 串口长度数据已更新: L35.026501 -> physical_length=35.026501
2025-09-02 14:36:16.643 | INFO     | Pendulum.PendulumAPP:_processSerialData:121 - 🔄 数据来源: 串口接收 -> PendulumState.physical_length
2025-09-02 14:36:16.688 | INFO     | Pendulum.PendulumAPP:_processSerialData:120 - 📏 串口长度数据已更新: L35.026501 -> physical_length=35.026501
2025-09-02 14:36:16.689 | INFO     | Pendulum.PendulumAPP:_processSerialData:121 - 🔄 数据来源: 串口接收 -> PendulumState.physical_length
2025-09-02 14:36:16.734 | INFO     | Pendulum.PendulumAPP:_processSerialData:120 - 📏 串口长度数据已更新: L35.026501 -> physical_length=35.026501
2025-09-02 14:36:16.735 | INFO     | Pendulum.PendulumAPP:_processSerialData:121 - 🔄 数据来源: 串口接收 -> PendulumState.physical_length
2025-09-02 14:36:16.781 | INFO     | Pendulum.PendulumAPP:_processSerialData:120 - 📏 串口长度数据已更新: L35.026501 -> physical_length=35.026501
2025-09-02 14:36:16.782 | INFO     | Pendulum.PendulumAPP:_processSerialData:121 - 🔄 数据来源: 串口接收 -> PendulumState.physical_length
2025-09-02 14:36:16.828 | INFO     | Pendulum.PendulumAPP:_processSerialData:120 - 📏 串口长度数据已更新: L35.026501 -> physical_length=35.026501
2025-09-02 14:36:16.831 | INFO     | Pendulum.PendulumAPP:_processSerialData:121 - 🔄 数据来源: 串口接收 -> PendulumState.physical_length
2025-09-02 14:36:16.875 | INFO     | Pendulum.PendulumAPP:_processSerialData:120 - 📏 串口长度数据已更新: L35.026501 -> physical_length=35.026501
2025-09-02 14:36:16.877 | INFO     | Pendulum.PendulumAPP:_processSerialData:121 - 🔄 数据来源: 串口接收 -> PendulumState.physical_length
2025-09-02 14:36:16.921 | INFO     | Pendulum.PendulumAPP:_processSerialData:120 - 📏 串口长度数据已更新: L35.026501 -> physical_length=35.026501
2025-09-02 14:36:16.921 | INFO     | Pendulum.PendulumAPP:_processSerialData:121 - 🔄 数据来源: 串口接收 -> PendulumState.physical_length
2025-09-02 14:36:16.968 | INFO     | Pendulum.PendulumAPP:_processSerialData:120 - 📏 串口长度数据已更新: L35.026501 -> physical_length=35.026501
2025-09-02 14:36:16.971 | INFO     | Pendulum.PendulumAPP:_processSerialData:121 - 🔄 数据来源: 串口接收 -> PendulumState.physical_length
2025-09-02 14:36:17.014 | INFO     | Pendulum.PendulumAPP:_processSerialData:120 - 📏 串口长度数据已更新: L35.026501 -> physical_length=35.026501
2025-09-02 14:36:17.018 | INFO     | Pendulum.PendulumAPP:_processSerialData:121 - 🔄 数据来源: 串口接收 -> PendulumState.physical_length
2025-09-02 14:36:17.061 | INFO     | Pendulum.PendulumAPP:_processSerialData:120 - 📏 串口长度数据已更新: L35.026501 -> physical_length=35.026501
2025-09-02 14:36:17.062 | INFO     | Pendulum.PendulumAPP:_processSerialData:121 - 🔄 数据来源: 串口接收 -> PendulumState.physical_length
2025-09-02 14:36:17.108 | INFO     | Pendulum.PendulumAPP:_processSerialData:120 - 📏 串口长度数据已更新: L35.026501 -> physical_length=35.026501
2025-09-02 14:36:17.109 | INFO     | Pendulum.PendulumAPP:_processSerialData:121 - 🔄 数据来源: 串口接收 -> PendulumState.physical_length
2025-09-02 14:36:17.153 | INFO     | Pendulum.PendulumAPP:_processSerialData:120 - 📏 串口长度数据已更新: L35.026501 -> physical_length=35.026501
2025-09-02 14:36:17.153 | INFO     | Pendulum.PendulumAPP:_processSerialData:121 - 🔄 数据来源: 串口接收 -> PendulumState.physical_length
2025-09-02 14:36:17.200 | INFO     | Pendulum.PendulumAPP:_processSerialData:120 - 📏 串口长度数据已更新: L35.026501 -> physical_length=35.026501
2025-09-02 14:36:17.201 | INFO     | Pendulum.PendulumAPP:_processSerialData:121 - 🔄 数据来源: 串口接收 -> PendulumState.physical_length
2025-09-02 14:36:17.246 | INFO     | Pendulum.PendulumAPP:_processSerialData:120 - 📏 串口长度数据已更新: L35.026501 -> physical_length=35.026501
2025-09-02 14:36:17.254 | INFO     | Pendulum.PendulumAPP:_processSerialData:121 - 🔄 数据来源: 串口接收 -> PendulumState.physical_length
2025-09-02 14:36:17.294 | INFO     | Pendulum.PendulumAPP:_processSerialData:120 - 📏 串口长度数据已更新: L35.026501 -> physical_length=35.026501
2025-09-02 14:36:17.294 | INFO     | Pendulum.PendulumAPP:_processSerialData:121 - 🔄 数据来源: 串口接收 -> PendulumState.physical_length
2025-09-02 14:36:17.339 | INFO     | Pendulum.PendulumAPP:_processSerialData:120 - 📏 串口长度数据已更新: L35.026501 -> physical_length=35.026501
2025-09-02 14:36:17.340 | INFO     | Pendulum.PendulumAPP:_processSerialData:121 - 🔄 数据来源: 串口接收 -> PendulumState.physical_length
2025-09-02 14:36:17.385 | INFO     | Pendulum.PendulumAPP:_processSerialData:120 - 📏 串口长度数据已更新: L35.026501 -> physical_length=35.026501
2025-09-02 14:36:17.386 | INFO     | Pendulum.PendulumAPP:_processSerialData:121 - 🔄 数据来源: 串口接收 -> PendulumState.physical_length
2025-09-02 14:36:17.431 | INFO     | Pendulum.PendulumAPP:_processSerialData:120 - 📏 串口长度数据已更新: L35.026501 -> physical_length=35.026501
2025-09-02 14:36:17.435 | INFO     | Pendulum.PendulumAPP:_processSerialData:121 - 🔄 数据来源: 串口接收 -> PendulumState.physical_length
2025-09-02 14:36:17.479 | INFO     | Pendulum.PendulumAPP:_processSerialData:120 - 📏 串口长度数据已更新: L35.026501 -> physical_length=35.026501
2025-09-02 14:36:17.481 | INFO     | Pendulum.PendulumAPP:_processSerialData:121 - 🔄 数据来源: 串口接收 -> PendulumState.physical_length
2025-09-02 14:36:17.524 | INFO     | Pendulum.PendulumAPP:_processSerialData:120 - 📏 串口长度数据已更新: L35.026501 -> physical_length=35.026501
2025-09-02 14:36:17.526 | INFO     | Pendulum.PendulumAPP:_processSerialData:121 - 🔄 数据来源: 串口接收 -> PendulumState.physical_length
2025-09-02 14:36:17.570 | INFO     | Pendulum.PendulumAPP:_processSerialData:120 - 📏 串口长度数据已更新: L35.026501 -> physical_length=35.026501
2025-09-02 14:36:17.571 | INFO     | Pendulum.PendulumAPP:_processSerialData:121 - 🔄 数据来源: 串口接收 -> PendulumState.physical_length
2025-09-02 14:36:17.616 | INFO     | Pendulum.PendulumAPP:_processSerialData:120 - 📏 串口长度数据已更新: L35.026501 -> physical_length=35.026501
2025-09-02 14:36:17.618 | INFO     | Pendulum.PendulumAPP:_processSerialData:121 - 🔄 数据来源: 串口接收 -> PendulumState.physical_length
2025-09-02 14:36:17.663 | INFO     | Pendulum.PendulumAPP:_processSerialData:120 - 📏 串口长度数据已更新: L35.026501 -> physical_length=35.026501
2025-09-02 14:36:17.664 | INFO     | Pendulum.PendulumAPP:_processSerialData:121 - 🔄 数据来源: 串口接收 -> PendulumState.physical_length
2025-09-02 14:36:17.710 | INFO     | Pendulum.PendulumAPP:_processSerialData:120 - 📏 串口长度数据已更新: L35.026501 -> physical_length=35.026501
2025-09-02 14:36:17.712 | INFO     | Pendulum.PendulumAPP:_processSerialData:121 - 🔄 数据来源: 串口接收 -> PendulumState.physical_length
2025-09-02 14:36:17.757 | INFO     | Pendulum.PendulumAPP:_processSerialData:120 - 📏 串口长度数据已更新: L35.026501 -> physical_length=35.026501
2025-09-02 14:36:17.760 | INFO     | Pendulum.PendulumAPP:_processSerialData:121 - 🔄 数据来源: 串口接收 -> PendulumState.physical_length
2025-09-02 14:36:17.803 | INFO     | Pendulum.PendulumAPP:_processSerialData:120 - 📏 串口长度数据已更新: L35.026501 -> physical_length=35.026501
2025-09-02 14:36:17.803 | INFO     | Pendulum.PendulumAPP:_processSerialData:121 - 🔄 数据来源: 串口接收 -> PendulumState.physical_length
2025-09-02 14:36:17.850 | INFO     | Pendulum.PendulumAPP:_processSerialData:120 - 📏 串口长度数据已更新: L35.026501 -> physical_length=35.026501
2025-09-02 14:36:17.851 | INFO     | Pendulum.PendulumAPP:_processSerialData:121 - 🔄 数据来源: 串口接收 -> PendulumState.physical_length
2025-09-02 14:36:17.895 | INFO     | Pendulum.PendulumAPP:_processSerialData:120 - 📏 串口长度数据已更新: L35.026501 -> physical_length=35.026501
2025-09-02 14:36:17.897 | INFO     | Pendulum.PendulumAPP:_processSerialData:121 - 🔄 数据来源: 串口接收 -> PendulumState.physical_length
2025-09-02 14:36:17.941 | INFO     | Pendulum.PendulumAPP:_processSerialData:120 - 📏 串口长度数据已更新: L35.026501 -> physical_length=35.026501
2025-09-02 14:36:17.942 | INFO     | Pendulum.PendulumAPP:_processSerialData:121 - 🔄 数据来源: 串口接收 -> PendulumState.physical_length
2025-09-02 14:36:17.988 | INFO     | Pendulum.PendulumAPP:_processSerialData:120 - 📏 串口长度数据已更新: L35.026501 -> physical_length=35.026501
2025-09-02 14:36:17.989 | INFO     | Pendulum.PendulumAPP:_processSerialData:121 - 🔄 数据来源: 串口接收 -> PendulumState.physical_length
2025-09-02 14:36:18.034 | INFO     | Pendulum.PendulumAPP:_processSerialData:120 - 📏 串口长度数据已更新: L35.026501 -> physical_length=35.026501
2025-09-02 14:36:18.034 | INFO     | Pendulum.PendulumAPP:_processSerialData:121 - 🔄 数据来源: 串口接收 -> PendulumState.physical_length
2025-09-02 14:36:18.079 | INFO     | Pendulum.PendulumAPP:_processSerialData:120 - 📏 串口长度数据已更新: L35.026501 -> physical_length=35.026501
2025-09-02 14:36:18.080 | INFO     | Pendulum.PendulumAPP:_processSerialData:121 - 🔄 数据来源: 串口接收 -> PendulumState.physical_length
2025-09-02 14:36:18.127 | INFO     | Pendulum.PendulumAPP:_processSerialData:120 - 📏 串口长度数据已更新: L35.026501 -> physical_length=35.026501
2025-09-02 14:36:18.128 | INFO     | Pendulum.PendulumAPP:_processSerialData:121 - 🔄 数据来源: 串口接收 -> PendulumState.physical_length
2025-09-02 14:36:18.171 | INFO     | Pendulum.PendulumAPP:_keyEventWeb:289 - d1
2025-09-02 14:36:18.172 | INFO     | Pendulum.SerialConncet:send:199 - sendd1
2025-09-02 14:36:18.174 | INFO     | Pendulum.SerialConncet:send:201 - [发送] d1
2025-09-02 14:36:18.189 | INFO     | Pendulum.PendulumAPP:_processSerialData:120 - 📏 串口长度数据已更新: L35.026501 -> physical_length=35.026501
2025-09-02 14:36:18.190 | INFO     | Pendulum.PendulumAPP:_processSerialData:121 - 🔄 数据来源: 串口接收 -> PendulumState.physical_length
2025-09-02 14:36:18.235 | INFO     | Pendulum.PendulumAPP:_processSerialData:120 - 📏 串口长度数据已更新: L35.026501 -> physical_length=35.026501
2025-09-02 14:36:18.236 | INFO     | Pendulum.PendulumAPP:_processSerialData:121 - 🔄 数据来源: 串口接收 -> PendulumState.physical_length
2025-09-02 14:36:18.283 | INFO     | Pendulum.PendulumAPP:_processSerialData:120 - 📏 串口长度数据已更新: L35.026501 -> physical_length=35.026501
2025-09-02 14:36:18.283 | INFO     | Pendulum.PendulumAPP:_processSerialData:121 - 🔄 数据来源: 串口接收 -> PendulumState.physical_length
2025-09-02 14:36:18.329 | INFO     | Pendulum.PendulumAPP:_processSerialData:120 - 📏 串口长度数据已更新: L35.026501 -> physical_length=35.026501
2025-09-02 14:36:18.330 | INFO     | Pendulum.PendulumAPP:_processSerialData:121 - 🔄 数据来源: 串口接收 -> PendulumState.physical_length
2025-09-02 14:36:18.376 | INFO     | Pendulum.PendulumAPP:_processSerialData:120 - 📏 串口长度数据已更新: L35.026501 -> physical_length=35.026501
2025-09-02 14:36:18.377 | INFO     | Pendulum.PendulumAPP:_processSerialData:121 - 🔄 数据来源: 串口接收 -> PendulumState.physical_length
2025-09-02 14:36:18.423 | INFO     | Pendulum.PendulumAPP:_processSerialData:120 - 📏 串口长度数据已更新: L35.026501 -> physical_length=35.026501
2025-09-02 14:36:18.427 | INFO     | Pendulum.PendulumAPP:_processSerialData:121 - 🔄 数据来源: 串口接收 -> PendulumState.physical_length
2025-09-02 14:36:18.470 | INFO     | Pendulum.PendulumAPP:_processSerialData:120 - 📏 串口长度数据已更新: L35.026501 -> physical_length=35.026501
2025-09-02 14:36:18.470 | INFO     | Pendulum.PendulumAPP:_processSerialData:121 - 🔄 数据来源: 串口接收 -> PendulumState.physical_length
2025-09-02 14:36:18.516 | INFO     | Pendulum.PendulumAPP:_processSerialData:120 - 📏 串口长度数据已更新: L35.026501 -> physical_length=35.026501
2025-09-02 14:36:18.517 | INFO     | Pendulum.PendulumAPP:_processSerialData:121 - 🔄 数据来源: 串口接收 -> PendulumState.physical_length
2025-09-02 14:36:18.562 | INFO     | Pendulum.PendulumAPP:_processSerialData:120 - 📏 串口长度数据已更新: L35.026501 -> physical_length=35.026501
2025-09-02 14:36:18.563 | INFO     | Pendulum.PendulumAPP:_processSerialData:121 - 🔄 数据来源: 串口接收 -> PendulumState.physical_length
2025-09-02 14:36:18.610 | INFO     | Pendulum.PendulumAPP:_processSerialData:120 - 📏 串口长度数据已更新: L35.026501 -> physical_length=35.026501
2025-09-02 14:36:18.611 | INFO     | Pendulum.PendulumAPP:_processSerialData:121 - 🔄 数据来源: 串口接收 -> PendulumState.physical_length
2025-09-02 14:36:18.657 | INFO     | Pendulum.PendulumAPP:_processSerialData:120 - 📏 串口长度数据已更新: L35.026501 -> physical_length=35.026501
2025-09-02 14:36:18.658 | INFO     | Pendulum.PendulumAPP:_processSerialData:121 - 🔄 数据来源: 串口接收 -> PendulumState.physical_length
2025-09-02 14:36:18.703 | INFO     | Pendulum.PendulumAPP:_processSerialData:120 - 📏 串口长度数据已更新: L35.026501 -> physical_length=35.026501
2025-09-02 14:36:18.704 | INFO     | Pendulum.PendulumAPP:_processSerialData:121 - 🔄 数据来源: 串口接收 -> PendulumState.physical_length
2025-09-02 14:36:18.748 | INFO     | Pendulum.PendulumAPP:_processSerialData:120 - 📏 串口长度数据已更新: L35.026501 -> physical_length=35.026501
2025-09-02 14:36:18.749 | INFO     | Pendulum.PendulumAPP:_processSerialData:121 - 🔄 数据来源: 串口接收 -> PendulumState.physical_length
2025-09-02 14:36:18.794 | INFO     | Pendulum.PendulumAPP:_processSerialData:120 - 📏 串口长度数据已更新: L35.026501 -> physical_length=35.026501
2025-09-02 14:36:18.794 | INFO     | Pendulum.PendulumAPP:_processSerialData:121 - 🔄 数据来源: 串口接收 -> PendulumState.physical_length
2025-09-02 14:36:18.840 | INFO     | Pendulum.PendulumAPP:_processSerialData:120 - 📏 串口长度数据已更新: L35.026501 -> physical_length=35.026501
2025-09-02 14:36:18.843 | INFO     | Pendulum.PendulumAPP:_processSerialData:121 - 🔄 数据来源: 串口接收 -> PendulumState.physical_length
2025-09-02 14:36:18.887 | INFO     | Pendulum.PendulumAPP:_processSerialData:120 - 📏 串口长度数据已更新: L35.026501 -> physical_length=35.026501
2025-09-02 14:36:18.888 | INFO     | Pendulum.PendulumAPP:_processSerialData:121 - 🔄 数据来源: 串口接收 -> PendulumState.physical_length
2025-09-02 14:36:18.933 | INFO     | Pendulum.PendulumAPP:_processSerialData:120 - 📏 串口长度数据已更新: L35.026501 -> physical_length=35.026501
2025-09-02 14:36:18.934 | INFO     | Pendulum.PendulumAPP:_processSerialData:121 - 🔄 数据来源: 串口接收 -> PendulumState.physical_length
2025-09-02 14:36:18.979 | INFO     | Pendulum.PendulumAPP:_processSerialData:120 - 📏 串口长度数据已更新: L35.026501 -> physical_length=35.026501
2025-09-02 14:36:18.980 | INFO     | Pendulum.PendulumAPP:_processSerialData:121 - 🔄 数据来源: 串口接收 -> PendulumState.physical_length
2025-09-02 14:36:19.027 | INFO     | Pendulum.PendulumAPP:_processSerialData:120 - 📏 串口长度数据已更新: L35.026501 -> physical_length=35.026501
2025-09-02 14:36:19.028 | INFO     | Pendulum.PendulumAPP:_processSerialData:121 - 🔄 数据来源: 串口接收 -> PendulumState.physical_length
2025-09-02 14:36:19.071 | INFO     | Pendulum.PendulumAPP:_processSerialData:120 - 📏 串口长度数据已更新: L35.026501 -> physical_length=35.026501
2025-09-02 14:36:19.072 | INFO     | Pendulum.PendulumAPP:_processSerialData:121 - 🔄 数据来源: 串口接收 -> PendulumState.physical_length
2025-09-02 14:36:19.117 | INFO     | Pendulum.PendulumAPP:_processSerialData:120 - 📏 串口长度数据已更新: L35.026501 -> physical_length=35.026501
2025-09-02 14:36:19.119 | INFO     | Pendulum.PendulumAPP:_processSerialData:121 - 🔄 数据来源: 串口接收 -> PendulumState.physical_length
2025-09-02 14:36:19.164 | INFO     | Pendulum.PendulumAPP:_processSerialData:120 - 📏 串口长度数据已更新: L35.026501 -> physical_length=35.026501
2025-09-02 14:36:19.165 | INFO     | Pendulum.PendulumAPP:_processSerialData:121 - 🔄 数据来源: 串口接收 -> PendulumState.physical_length
2025-09-02 14:36:19.210 | INFO     | Pendulum.PendulumAPP:_processSerialData:120 - 📏 串口长度数据已更新: L35.026501 -> physical_length=35.026501
2025-09-02 14:36:19.212 | INFO     | Pendulum.PendulumAPP:_processSerialData:121 - 🔄 数据来源: 串口接收 -> PendulumState.physical_length
2025-09-02 14:36:19.250 | INFO     | Pendulum.PendulumAPP:_keyEventWeb:268 - u2
2025-09-02 14:36:19.251 | INFO     | Pendulum.SerialConncet:send:199 - sendu2
2025-09-02 14:36:19.253 | INFO     | Pendulum.SerialConncet:send:201 - [发送] u2
2025-09-02 14:36:19.261 | INFO     | Pendulum.PendulumAPP:_processSerialData:120 - 📏 串口长度数据已更新: L35.026501 -> physical_length=35.026501
2025-09-02 14:36:19.263 | INFO     | Pendulum.PendulumAPP:_processSerialData:121 - 🔄 数据来源: 串口接收 -> PendulumState.physical_length
2025-09-02 14:36:19.301 | INFO     | Pendulum.PendulumAPP:_processSerialData:120 - 📏 串口长度数据已更新: L35.026501 -> physical_length=35.026501
2025-09-02 14:36:19.303 | INFO     | Pendulum.PendulumAPP:_processSerialData:121 - 🔄 数据来源: 串口接收 -> PendulumState.physical_length
2025-09-02 14:36:19.348 | INFO     | Pendulum.PendulumAPP:_processSerialData:120 - 📏 串口长度数据已更新: L35.026501 -> physical_length=35.026501
2025-09-02 14:36:19.349 | INFO     | Pendulum.PendulumAPP:_processSerialData:121 - 🔄 数据来源: 串口接收 -> PendulumState.physical_length
2025-09-02 14:36:19.394 | INFO     | Pendulum.PendulumAPP:_processSerialData:120 - 📏 串口长度数据已更新: L35.026501 -> physical_length=35.026501
2025-09-02 14:36:19.395 | INFO     | Pendulum.PendulumAPP:_processSerialData:121 - 🔄 数据来源: 串口接收 -> PendulumState.physical_length
2025-09-02 14:36:19.442 | INFO     | Pendulum.PendulumAPP:_processSerialData:120 - 📏 串口长度数据已更新: L35.026501 -> physical_length=35.026501
2025-09-02 14:36:19.442 | INFO     | Pendulum.PendulumAPP:_processSerialData:121 - 🔄 数据来源: 串口接收 -> PendulumState.physical_length
2025-09-02 14:36:19.489 | INFO     | Pendulum.PendulumAPP:_processSerialData:120 - 📏 串口长度数据已更新: L35.026501 -> physical_length=35.026501
2025-09-02 14:36:19.490 | INFO     | Pendulum.PendulumAPP:_processSerialData:121 - 🔄 数据来源: 串口接收 -> PendulumState.physical_length
2025-09-02 14:36:19.535 | INFO     | Pendulum.PendulumAPP:_processSerialData:120 - 📏 串口长度数据已更新: L35.026501 -> physical_length=35.026501
2025-09-02 14:36:19.536 | INFO     | Pendulum.PendulumAPP:_processSerialData:121 - 🔄 数据来源: 串口接收 -> PendulumState.physical_length
2025-09-02 14:36:19.582 | INFO     | Pendulum.PendulumAPP:_processSerialData:120 - 📏 串口长度数据已更新: L35.026501 -> physical_length=35.026501
2025-09-02 14:36:19.583 | INFO     | Pendulum.PendulumAPP:_processSerialData:121 - 🔄 数据来源: 串口接收 -> PendulumState.physical_length
2025-09-02 14:36:19.628 | INFO     | Pendulum.PendulumAPP:_processSerialData:120 - 📏 串口长度数据已更新: L35.026501 -> physical_length=35.026501
2025-09-02 14:36:19.632 | INFO     | Pendulum.PendulumAPP:_processSerialData:121 - 🔄 数据来源: 串口接收 -> PendulumState.physical_length
2025-09-02 14:36:19.675 | INFO     | Pendulum.PendulumAPP:_processSerialData:120 - 📏 串口长度数据已更新: L35.026501 -> physical_length=35.026501
2025-09-02 14:36:19.675 | INFO     | Pendulum.PendulumAPP:_processSerialData:121 - 🔄 数据来源: 串口接收 -> PendulumState.physical_length
2025-09-02 14:36:19.720 | INFO     | Pendulum.PendulumAPP:_processSerialData:120 - 📏 串口长度数据已更新: L35.026501 -> physical_length=35.026501
2025-09-02 14:36:19.722 | INFO     | Pendulum.PendulumAPP:_processSerialData:121 - 🔄 数据来源: 串口接收 -> PendulumState.physical_length
2025-09-02 14:36:19.768 | INFO     | Pendulum.PendulumAPP:_processSerialData:120 - 📏 串口长度数据已更新: L35.026501 -> physical_length=35.026501
2025-09-02 14:36:19.771 | INFO     | Pendulum.PendulumAPP:_processSerialData:121 - 🔄 数据来源: 串口接收 -> PendulumState.physical_length
2025-09-02 14:36:19.814 | INFO     | Pendulum.PendulumAPP:_processSerialData:120 - 📏 串口长度数据已更新: L35.026501 -> physical_length=35.026501
2025-09-02 14:36:19.815 | INFO     | Pendulum.PendulumAPP:_processSerialData:121 - 🔄 数据来源: 串口接收 -> PendulumState.physical_length
2025-09-02 14:36:19.860 | INFO     | Pendulum.PendulumAPP:_processSerialData:120 - 📏 串口长度数据已更新: L35.026501 -> physical_length=35.026501
2025-09-02 14:36:19.862 | INFO     | Pendulum.PendulumAPP:_processSerialData:121 - 🔄 数据来源: 串口接收 -> PendulumState.physical_length
2025-09-02 14:36:19.908 | INFO     | Pendulum.PendulumAPP:_processSerialData:120 - 📏 串口长度数据已更新: L35.026501 -> physical_length=35.026501
2025-09-02 14:36:19.909 | INFO     | Pendulum.PendulumAPP:_processSerialData:121 - 🔄 数据来源: 串口接收 -> PendulumState.physical_length
2025-09-02 14:36:19.954 | INFO     | Pendulum.PendulumAPP:_processSerialData:120 - 📏 串口长度数据已更新: L35.026501 -> physical_length=35.026501
2025-09-02 14:36:19.955 | INFO     | Pendulum.PendulumAPP:_processSerialData:121 - 🔄 数据来源: 串口接收 -> PendulumState.physical_length
2025-09-02 14:36:20.001 | INFO     | Pendulum.PendulumAPP:_processSerialData:120 - 📏 串口长度数据已更新: L35.026501 -> physical_length=35.026501
2025-09-02 14:36:20.002 | INFO     | Pendulum.PendulumAPP:_processSerialData:121 - 🔄 数据来源: 串口接收 -> PendulumState.physical_length
2025-09-02 14:36:20.048 | INFO     | Pendulum.PendulumAPP:_processSerialData:120 - 📏 串口长度数据已更新: L35.026501 -> physical_length=35.026501
2025-09-02 14:36:20.049 | INFO     | Pendulum.PendulumAPP:_processSerialData:121 - 🔄 数据来源: 串口接收 -> PendulumState.physical_length
2025-09-02 14:36:20.095 | INFO     | Pendulum.PendulumAPP:_processSerialData:120 - 📏 串口长度数据已更新: L35.026501 -> physical_length=35.026501
2025-09-02 14:36:20.096 | INFO     | Pendulum.PendulumAPP:_processSerialData:121 - 🔄 数据来源: 串口接收 -> PendulumState.physical_length
2025-09-02 14:36:20.141 | INFO     | Pendulum.PendulumAPP:_processSerialData:120 - 📏 串口长度数据已更新: L35.026501 -> physical_length=35.026501
2025-09-02 14:36:20.142 | INFO     | Pendulum.PendulumAPP:_processSerialData:121 - 🔄 数据来源: 串口接收 -> PendulumState.physical_length
2025-09-02 14:36:20.187 | INFO     | Pendulum.PendulumAPP:_processSerialData:120 - 📏 串口长度数据已更新: L35.026501 -> physical_length=35.026501
2025-09-02 14:36:20.188 | INFO     | Pendulum.PendulumAPP:_processSerialData:121 - 🔄 数据来源: 串口接收 -> PendulumState.physical_length
2025-09-02 14:36:20.235 | INFO     | Pendulum.PendulumAPP:_processSerialData:120 - 📏 串口长度数据已更新: L35.026501 -> physical_length=35.026501
2025-09-02 14:36:20.235 | INFO     | Pendulum.PendulumAPP:_processSerialData:121 - 🔄 数据来源: 串口接收 -> PendulumState.physical_length
2025-09-02 14:36:20.280 | INFO     | Pendulum.PendulumAPP:_processSerialData:120 - 📏 串口长度数据已更新: L35.026501 -> physical_length=35.026501
2025-09-02 14:36:20.281 | INFO     | Pendulum.PendulumAPP:_processSerialData:121 - 🔄 数据来源: 串口接收 -> PendulumState.physical_length
2025-09-02 14:36:20.329 | INFO     | Pendulum.PendulumAPP:_processSerialData:120 - 📏 串口长度数据已更新: L35.026501 -> physical_length=35.026501
2025-09-02 14:36:20.331 | INFO     | Pendulum.PendulumAPP:_processSerialData:121 - 🔄 数据来源: 串口接收 -> PendulumState.physical_length
2025-09-02 14:36:20.375 | INFO     | Pendulum.PendulumAPP:_processSerialData:120 - 📏 串口长度数据已更新: L35.026501 -> physical_length=35.026501
2025-09-02 14:36:20.376 | INFO     | Pendulum.PendulumAPP:_processSerialData:121 - 🔄 数据来源: 串口接收 -> PendulumState.physical_length
2025-09-02 14:36:20.422 | INFO     | Pendulum.PendulumAPP:_processSerialData:120 - 📏 串口长度数据已更新: L35.026501 -> physical_length=35.026501
2025-09-02 14:36:20.424 | INFO     | Pendulum.PendulumAPP:_processSerialData:121 - 🔄 数据来源: 串口接收 -> PendulumState.physical_length
2025-09-02 14:36:20.468 | INFO     | Pendulum.PendulumAPP:_processSerialData:120 - 📏 串口长度数据已更新: L35.026501 -> physical_length=35.026501
2025-09-02 14:36:20.471 | INFO     | Pendulum.PendulumAPP:_processSerialData:121 - 🔄 数据来源: 串口接收 -> PendulumState.physical_length
2025-09-02 14:36:20.515 | INFO     | Pendulum.PendulumAPP:_processSerialData:120 - 📏 串口长度数据已更新: L35.026501 -> physical_length=35.026501
2025-09-02 14:36:20.517 | INFO     | Pendulum.PendulumAPP:_processSerialData:121 - 🔄 数据来源: 串口接收 -> PendulumState.physical_length
2025-09-02 14:36:20.562 | INFO     | Pendulum.PendulumAPP:_processSerialData:120 - 📏 串口长度数据已更新: L35.026501 -> physical_length=35.026501
2025-09-02 14:36:20.562 | INFO     | Pendulum.PendulumAPP:_processSerialData:121 - 🔄 数据来源: 串口接收 -> PendulumState.physical_length
2025-09-02 14:36:20.609 | INFO     | Pendulum.PendulumAPP:_processSerialData:120 - 📏 串口长度数据已更新: L35.026501 -> physical_length=35.026501
2025-09-02 14:36:20.609 | INFO     | Pendulum.PendulumAPP:_processSerialData:121 - 🔄 数据来源: 串口接收 -> PendulumState.physical_length
2025-09-02 14:36:20.655 | INFO     | Pendulum.PendulumAPP:_processSerialData:120 - 📏 串口长度数据已更新: L35.026501 -> physical_length=35.026501
2025-09-02 14:36:20.656 | INFO     | Pendulum.PendulumAPP:_processSerialData:121 - 🔄 数据来源: 串口接收 -> PendulumState.physical_length
2025-09-02 14:36:20.703 | INFO     | Pendulum.PendulumAPP:_processSerialData:120 - 📏 串口长度数据已更新: L35.026501 -> physical_length=35.026501
2025-09-02 14:36:20.706 | INFO     | Pendulum.PendulumAPP:_processSerialData:121 - 🔄 数据来源: 串口接收 -> PendulumState.physical_length
2025-09-02 14:36:20.748 | INFO     | Pendulum.PendulumAPP:_processSerialData:120 - 📏 串口长度数据已更新: L35.026501 -> physical_length=35.026501
2025-09-02 14:36:20.749 | INFO     | Pendulum.PendulumAPP:_processSerialData:121 - 🔄 数据来源: 串口接收 -> PendulumState.physical_length
2025-09-02 14:36:20.794 | INFO     | Pendulum.PendulumAPP:_processSerialData:120 - 📏 串口长度数据已更新: L35.026501 -> physical_length=35.026501
2025-09-02 14:36:20.795 | INFO     | Pendulum.PendulumAPP:_processSerialData:121 - 🔄 数据来源: 串口接收 -> PendulumState.physical_length
2025-09-02 14:36:20.841 | INFO     | Pendulum.PendulumAPP:_processSerialData:120 - 📏 串口长度数据已更新: L35.026501 -> physical_length=35.026501
2025-09-02 14:36:20.843 | INFO     | Pendulum.PendulumAPP:_processSerialData:121 - 🔄 数据来源: 串口接收 -> PendulumState.physical_length
2025-09-02 14:36:20.886 | INFO     | Pendulum.PendulumAPP:_processSerialData:120 - 📏 串口长度数据已更新: L35.026501 -> physical_length=35.026501
2025-09-02 14:36:20.887 | INFO     | Pendulum.PendulumAPP:_processSerialData:121 - 🔄 数据来源: 串口接收 -> PendulumState.physical_length
2025-09-02 14:36:20.933 | INFO     | Pendulum.PendulumAPP:_processSerialData:120 - 📏 串口长度数据已更新: L35.026501 -> physical_length=35.026501
2025-09-02 14:36:20.937 | INFO     | Pendulum.PendulumAPP:_processSerialData:121 - 🔄 数据来源: 串口接收 -> PendulumState.physical_length
2025-09-02 14:36:20.980 | INFO     | Pendulum.PendulumAPP:_processSerialData:120 - 📏 串口长度数据已更新: L35.026501 -> physical_length=35.026501
2025-09-02 14:36:20.981 | INFO     | Pendulum.PendulumAPP:_processSerialData:121 - 🔄 数据来源: 串口接收 -> PendulumState.physical_length
2025-09-02 14:36:21.026 | INFO     | Pendulum.PendulumAPP:_processSerialData:120 - 📏 串口长度数据已更新: L35.026501 -> physical_length=35.026501
2025-09-02 14:36:21.027 | INFO     | Pendulum.PendulumAPP:_processSerialData:121 - 🔄 数据来源: 串口接收 -> PendulumState.physical_length
2025-09-02 14:36:21.072 | INFO     | Pendulum.PendulumAPP:_processSerialData:120 - 📏 串口长度数据已更新: L35.026501 -> physical_length=35.026501
2025-09-02 14:36:21.074 | INFO     | Pendulum.PendulumAPP:_processSerialData:121 - 🔄 数据来源: 串口接收 -> PendulumState.physical_length
2025-09-02 14:36:21.118 | INFO     | Pendulum.PendulumAPP:_processSerialData:120 - 📏 串口长度数据已更新: L35.026501 -> physical_length=35.026501
2025-09-02 14:36:21.119 | INFO     | Pendulum.PendulumAPP:_processSerialData:121 - 🔄 数据来源: 串口接收 -> PendulumState.physical_length
2025-09-02 14:36:21.165 | INFO     | Pendulum.PendulumAPP:_processSerialData:120 - 📏 串口长度数据已更新: L35.026501 -> physical_length=35.026501
2025-09-02 14:36:21.166 | INFO     | Pendulum.PendulumAPP:_processSerialData:121 - 🔄 数据来源: 串口接收 -> PendulumState.physical_length
2025-09-02 14:36:21.212 | INFO     | Pendulum.PendulumAPP:_processSerialData:120 - 📏 串口长度数据已更新: L35.026501 -> physical_length=35.026501
2025-09-02 14:36:21.214 | INFO     | Pendulum.PendulumAPP:_processSerialData:121 - 🔄 数据来源: 串口接收 -> PendulumState.physical_length
2025-09-02 14:36:21.257 | INFO     | Pendulum.PendulumAPP:_processSerialData:120 - 📏 串口长度数据已更新: L35.026501 -> physical_length=35.026501
2025-09-02 14:36:21.257 | INFO     | Pendulum.PendulumAPP:_processSerialData:121 - 🔄 数据来源: 串口接收 -> PendulumState.physical_length
2025-09-02 14:36:21.303 | INFO     | Pendulum.PendulumAPP:_processSerialData:120 - 📏 串口长度数据已更新: L35.026501 -> physical_length=35.026501
2025-09-02 14:36:21.305 | INFO     | Pendulum.PendulumAPP:_processSerialData:121 - 🔄 数据来源: 串口接收 -> PendulumState.physical_length
2025-09-02 14:36:21.349 | INFO     | Pendulum.PendulumAPP:_processSerialData:120 - 📏 串口长度数据已更新: L35.026501 -> physical_length=35.026501
2025-09-02 14:36:21.350 | INFO     | Pendulum.PendulumAPP:_processSerialData:121 - 🔄 数据来源: 串口接收 -> PendulumState.physical_length
2025-09-02 14:36:21.386 | INFO     | Pendulum.PendulumAPP:_keyEventWeb:274 - u0
2025-09-02 14:36:21.386 | INFO     | Pendulum.SerialConncet:send:199 - sendu0
2025-09-02 14:36:21.387 | INFO     | Pendulum.SerialConncet:send:201 - [发送] u0
2025-09-02 14:36:21.395 | INFO     | Pendulum.PendulumAPP:_processSerialData:120 - 📏 串口长度数据已更新: L35.026501 -> physical_length=35.026501
2025-09-02 14:36:21.396 | INFO     | Pendulum.PendulumAPP:_processSerialData:121 - 🔄 数据来源: 串口接收 -> PendulumState.physical_length
2025-09-02 14:36:21.442 | INFO     | Pendulum.PendulumAPP:_processSerialData:120 - 📏 串口长度数据已更新: L35.026501 -> physical_length=35.026501
2025-09-02 14:36:21.443 | INFO     | Pendulum.PendulumAPP:_processSerialData:121 - 🔄 数据来源: 串口接收 -> PendulumState.physical_length
2025-09-02 14:36:21.489 | INFO     | Pendulum.PendulumAPP:_processSerialData:120 - 📏 串口长度数据已更新: L35.026501 -> physical_length=35.026501
2025-09-02 14:36:21.490 | INFO     | Pendulum.PendulumAPP:_processSerialData:121 - 🔄 数据来源: 串口接收 -> PendulumState.physical_length
2025-09-02 14:36:21.536 | INFO     | Pendulum.PendulumAPP:_processSerialData:120 - 📏 串口长度数据已更新: L35.026501 -> physical_length=35.026501
2025-09-02 14:36:21.537 | INFO     | Pendulum.PendulumAPP:_processSerialData:121 - 🔄 数据来源: 串口接收 -> PendulumState.physical_length
2025-09-02 14:36:21.583 | INFO     | Pendulum.PendulumAPP:_processSerialData:120 - 📏 串口长度数据已更新: L35.026501 -> physical_length=35.026501
2025-09-02 14:36:21.584 | INFO     | Pendulum.PendulumAPP:_processSerialData:121 - 🔄 数据来源: 串口接收 -> PendulumState.physical_length
2025-09-02 14:36:21.629 | INFO     | Pendulum.PendulumAPP:_processSerialData:120 - 📏 串口长度数据已更新: L35.026501 -> physical_length=35.026501
2025-09-02 14:36:21.631 | INFO     | Pendulum.PendulumAPP:_processSerialData:121 - 🔄 数据来源: 串口接收 -> PendulumState.physical_length
2025-09-02 14:36:21.676 | INFO     | Pendulum.PendulumAPP:_processSerialData:120 - 📏 串口长度数据已更新: L35.026501 -> physical_length=35.026501
2025-09-02 14:36:21.677 | INFO     | Pendulum.PendulumAPP:_processSerialData:121 - 🔄 数据来源: 串口接收 -> PendulumState.physical_length
2025-09-02 14:36:21.722 | INFO     | Pendulum.PendulumAPP:_processSerialData:120 - 📏 串口长度数据已更新: L35.026501 -> physical_length=35.026501
2025-09-02 14:36:21.723 | INFO     | Pendulum.PendulumAPP:_processSerialData:121 - 🔄 数据来源: 串口接收 -> PendulumState.physical_length
2025-09-02 14:36:21.767 | INFO     | Pendulum.PendulumAPP:_processSerialData:120 - 📏 串口长度数据已更新: L35.026501 -> physical_length=35.026501
2025-09-02 14:36:21.769 | INFO     | Pendulum.PendulumAPP:_processSerialData:121 - 🔄 数据来源: 串口接收 -> PendulumState.physical_length
2025-09-02 14:36:21.813 | INFO     | Pendulum.PendulumAPP:_processSerialData:120 - 📏 串口长度数据已更新: L35.026501 -> physical_length=35.026501
2025-09-02 14:36:21.814 | INFO     | Pendulum.PendulumAPP:_processSerialData:121 - 🔄 数据来源: 串口接收 -> PendulumState.physical_length
2025-09-02 14:36:21.860 | INFO     | Pendulum.PendulumAPP:_processSerialData:120 - 📏 串口长度数据已更新: L35.026501 -> physical_length=35.026501
2025-09-02 14:36:21.861 | INFO     | Pendulum.PendulumAPP:_processSerialData:121 - 🔄 数据来源: 串口接收 -> PendulumState.physical_length
2025-09-02 14:36:21.907 | INFO     | Pendulum.PendulumAPP:_processSerialData:120 - 📏 串口长度数据已更新: L35.026501 -> physical_length=35.026501
2025-09-02 14:36:21.908 | INFO     | Pendulum.PendulumAPP:_processSerialData:121 - 🔄 数据来源: 串口接收 -> PendulumState.physical_length
2025-09-02 14:36:21.954 | INFO     | Pendulum.PendulumAPP:_processSerialData:120 - 📏 串口长度数据已更新: L35.026501 -> physical_length=35.026501
2025-09-02 14:36:21.957 | INFO     | Pendulum.PendulumAPP:_processSerialData:121 - 🔄 数据来源: 串口接收 -> PendulumState.physical_length
2025-09-02 14:36:22.001 | INFO     | Pendulum.PendulumAPP:_processSerialData:120 - 📏 串口长度数据已更新: L35.026501 -> physical_length=35.026501
2025-09-02 14:36:22.001 | INFO     | Pendulum.PendulumAPP:_processSerialData:121 - 🔄 数据来源: 串口接收 -> PendulumState.physical_length
2025-09-02 14:36:22.048 | INFO     | Pendulum.PendulumAPP:_processSerialData:120 - 📏 串口长度数据已更新: L35.026501 -> physical_length=35.026501
2025-09-02 14:36:22.048 | INFO     | Pendulum.PendulumAPP:_processSerialData:121 - 🔄 数据来源: 串口接收 -> PendulumState.physical_length
2025-09-02 14:36:22.093 | INFO     | Pendulum.PendulumAPP:_processSerialData:120 - 📏 串口长度数据已更新: L35.026501 -> physical_length=35.026501
2025-09-02 14:36:22.094 | INFO     | Pendulum.PendulumAPP:_processSerialData:121 - 🔄 数据来源: 串口接收 -> PendulumState.physical_length
2025-09-02 14:36:22.139 | INFO     | Pendulum.PendulumAPP:_processSerialData:120 - 📏 串口长度数据已更新: L35.026501 -> physical_length=35.026501
2025-09-02 14:36:22.140 | INFO     | Pendulum.PendulumAPP:_processSerialData:121 - 🔄 数据来源: 串口接收 -> PendulumState.physical_length
2025-09-02 14:36:22.185 | INFO     | Pendulum.PendulumAPP:_processSerialData:120 - 📏 串口长度数据已更新: L35.026501 -> physical_length=35.026501
2025-09-02 14:36:22.187 | INFO     | Pendulum.PendulumAPP:_processSerialData:121 - 🔄 数据来源: 串口接收 -> PendulumState.physical_length
2025-09-02 14:36:22.233 | INFO     | Pendulum.PendulumAPP:_processSerialData:120 - 📏 串口长度数据已更新: L35.026501 -> physical_length=35.026501
2025-09-02 14:36:22.235 | INFO     | Pendulum.PendulumAPP:_processSerialData:121 - 🔄 数据来源: 串口接收 -> PendulumState.physical_length
2025-09-02 14:36:22.278 | INFO     | Pendulum.PendulumAPP:_processSerialData:120 - 📏 串口长度数据已更新: L35.026501 -> physical_length=35.026501
2025-09-02 14:36:22.279 | INFO     | Pendulum.PendulumAPP:_processSerialData:121 - 🔄 数据来源: 串口接收 -> PendulumState.physical_length
2025-09-02 14:36:22.323 | INFO     | Pendulum.PendulumAPP:_processSerialData:120 - 📏 串口长度数据已更新: L35.026501 -> physical_length=35.026501
2025-09-02 14:36:22.325 | INFO     | Pendulum.PendulumAPP:_processSerialData:121 - 🔄 数据来源: 串口接收 -> PendulumState.physical_length
2025-09-02 14:36:22.371 | INFO     | Pendulum.PendulumAPP:_processSerialData:120 - 📏 串口长度数据已更新: L35.026501 -> physical_length=35.026501
2025-09-02 14:36:22.372 | INFO     | Pendulum.PendulumAPP:_processSerialData:121 - 🔄 数据来源: 串口接收 -> PendulumState.physical_length
2025-09-02 14:36:22.417 | INFO     | Pendulum.PendulumAPP:_processSerialData:120 - 📏 串口长度数据已更新: L35.026501 -> physical_length=35.026501
2025-09-02 14:36:22.418 | INFO     | Pendulum.PendulumAPP:_processSerialData:121 - 🔄 数据来源: 串口接收 -> PendulumState.physical_length
2025-09-02 14:36:22.465 | INFO     | Pendulum.PendulumAPP:_processSerialData:120 - 📏 串口长度数据已更新: L35.026501 -> physical_length=35.026501
2025-09-02 14:36:22.466 | INFO     | Pendulum.PendulumAPP:_processSerialData:121 - 🔄 数据来源: 串口接收 -> PendulumState.physical_length
2025-09-02 14:36:22.510 | INFO     | Pendulum.PendulumAPP:_processSerialData:120 - 📏 串口长度数据已更新: L35.026501 -> physical_length=35.026501
2025-09-02 14:36:22.510 | INFO     | Pendulum.PendulumAPP:_processSerialData:121 - 🔄 数据来源: 串口接收 -> PendulumState.physical_length
2025-09-02 14:36:22.557 | INFO     | Pendulum.PendulumAPP:_processSerialData:120 - 📏 串口长度数据已更新: L35.026501 -> physical_length=35.026501
2025-09-02 14:36:22.557 | INFO     | Pendulum.PendulumAPP:_processSerialData:121 - 🔄 数据来源: 串口接收 -> PendulumState.physical_length
2025-09-02 14:36:22.604 | INFO     | Pendulum.PendulumAPP:_processSerialData:120 - 📏 串口长度数据已更新: L35.026501 -> physical_length=35.026501
2025-09-02 14:36:22.605 | INFO     | Pendulum.PendulumAPP:_processSerialData:121 - 🔄 数据来源: 串口接收 -> PendulumState.physical_length
2025-09-02 14:36:22.650 | INFO     | Pendulum.PendulumAPP:_processSerialData:120 - 📏 串口长度数据已更新: L35.026501 -> physical_length=35.026501
2025-09-02 14:36:22.651 | INFO     | Pendulum.PendulumAPP:_processSerialData:121 - 🔄 数据来源: 串口接收 -> PendulumState.physical_length
2025-09-02 14:36:22.696 | INFO     | Pendulum.PendulumAPP:_processSerialData:120 - 📏 串口长度数据已更新: L35.026501 -> physical_length=35.026501
2025-09-02 14:36:22.697 | INFO     | Pendulum.PendulumAPP:_processSerialData:121 - 🔄 数据来源: 串口接收 -> PendulumState.physical_length
2025-09-02 14:36:22.744 | INFO     | Pendulum.PendulumAPP:_processSerialData:120 - 📏 串口长度数据已更新: L35.026501 -> physical_length=35.026501
2025-09-02 14:36:22.745 | INFO     | Pendulum.PendulumAPP:_processSerialData:121 - 🔄 数据来源: 串口接收 -> PendulumState.physical_length
2025-09-02 14:36:22.789 | INFO     | Pendulum.PendulumAPP:_processSerialData:120 - 📏 串口长度数据已更新: L35.026501 -> physical_length=35.026501
2025-09-02 14:36:22.789 | INFO     | Pendulum.PendulumAPP:_processSerialData:121 - 🔄 数据来源: 串口接收 -> PendulumState.physical_length
2025-09-02 14:36:22.835 | INFO     | Pendulum.PendulumAPP:_processSerialData:120 - 📏 串口长度数据已更新: L35.026501 -> physical_length=35.026501
2025-09-02 14:36:22.835 | INFO     | Pendulum.PendulumAPP:_processSerialData:121 - 🔄 数据来源: 串口接收 -> PendulumState.physical_length
2025-09-02 14:36:22.883 | INFO     | Pendulum.PendulumAPP:_processSerialData:120 - 📏 串口长度数据已更新: L35.026501 -> physical_length=35.026501
2025-09-02 14:36:22.885 | INFO     | Pendulum.PendulumAPP:_processSerialData:121 - 🔄 数据来源: 串口接收 -> PendulumState.physical_length
2025-09-02 14:36:22.929 | INFO     | Pendulum.PendulumAPP:_processSerialData:120 - 📏 串口长度数据已更新: L35.026501 -> physical_length=35.026501
2025-09-02 14:36:22.930 | INFO     | Pendulum.PendulumAPP:_processSerialData:121 - 🔄 数据来源: 串口接收 -> PendulumState.physical_length
2025-09-02 14:36:22.977 | INFO     | Pendulum.PendulumAPP:_processSerialData:120 - 📏 串口长度数据已更新: L35.026501 -> physical_length=35.026501
2025-09-02 14:36:22.978 | INFO     | Pendulum.PendulumAPP:_processSerialData:121 - 🔄 数据来源: 串口接收 -> PendulumState.physical_length
2025-09-02 14:36:23.023 | INFO     | Pendulum.PendulumAPP:_processSerialData:120 - 📏 串口长度数据已更新: L35.026501 -> physical_length=35.026501
2025-09-02 14:36:23.023 | INFO     | Pendulum.PendulumAPP:_processSerialData:121 - 🔄 数据来源: 串口接收 -> PendulumState.physical_length
2025-09-02 14:36:23.071 | INFO     | Pendulum.PendulumAPP:_processSerialData:120 - 📏 串口长度数据已更新: L35.026501 -> physical_length=35.026501
2025-09-02 14:36:23.072 | INFO     | Pendulum.PendulumAPP:_processSerialData:121 - 🔄 数据来源: 串口接收 -> PendulumState.physical_length
2025-09-02 14:36:23.116 | INFO     | Pendulum.PendulumAPP:_processSerialData:120 - 📏 串口长度数据已更新: L35.026501 -> physical_length=35.026501
2025-09-02 14:36:23.117 | INFO     | Pendulum.PendulumAPP:_processSerialData:121 - 🔄 数据来源: 串口接收 -> PendulumState.physical_length
2025-09-02 14:36:23.162 | INFO     | Pendulum.PendulumAPP:_processSerialData:120 - 📏 串口长度数据已更新: L35.026501 -> physical_length=35.026501
2025-09-02 14:36:23.163 | INFO     | Pendulum.PendulumAPP:_processSerialData:121 - 🔄 数据来源: 串口接收 -> PendulumState.physical_length
2025-09-02 14:36:23.209 | INFO     | Pendulum.PendulumAPP:_processSerialData:120 - 📏 串口长度数据已更新: L35.026501 -> physical_length=35.026501
2025-09-02 14:36:23.210 | INFO     | Pendulum.PendulumAPP:_processSerialData:121 - 🔄 数据来源: 串口接收 -> PendulumState.physical_length
2025-09-02 14:36:23.256 | INFO     | Pendulum.PendulumAPP:_processSerialData:120 - 📏 串口长度数据已更新: L35.026501 -> physical_length=35.026501
2025-09-02 14:36:23.258 | INFO     | Pendulum.PendulumAPP:_processSerialData:121 - 🔄 数据来源: 串口接收 -> PendulumState.physical_length
2025-09-02 14:36:23.303 | INFO     | Pendulum.PendulumAPP:_processSerialData:120 - 📏 串口长度数据已更新: L35.026501 -> physical_length=35.026501
2025-09-02 14:36:23.304 | INFO     | Pendulum.PendulumAPP:_processSerialData:121 - 🔄 数据来源: 串口接收 -> PendulumState.physical_length
2025-09-02 14:36:23.351 | INFO     | Pendulum.PendulumAPP:_processSerialData:120 - 📏 串口长度数据已更新: L35.026501 -> physical_length=35.026501
2025-09-02 14:36:23.353 | INFO     | Pendulum.PendulumAPP:_processSerialData:121 - 🔄 数据来源: 串口接收 -> PendulumState.physical_length
2025-09-02 14:36:23.397 | INFO     | Pendulum.PendulumAPP:_processSerialData:120 - 📏 串口长度数据已更新: L35.026501 -> physical_length=35.026501
2025-09-02 14:36:23.398 | INFO     | Pendulum.PendulumAPP:_processSerialData:121 - 🔄 数据来源: 串口接收 -> PendulumState.physical_length
2025-09-02 14:36:23.443 | INFO     | Pendulum.PendulumAPP:_processSerialData:120 - 📏 串口长度数据已更新: L35.026501 -> physical_length=35.026501
2025-09-02 14:36:23.444 | INFO     | Pendulum.PendulumAPP:_processSerialData:121 - 🔄 数据来源: 串口接收 -> PendulumState.physical_length
2025-09-02 14:36:23.489 | INFO     | Pendulum.PendulumAPP:_processSerialData:120 - 📏 串口长度数据已更新: L35.026501 -> physical_length=35.026501
2025-09-02 14:36:23.490 | INFO     | Pendulum.PendulumAPP:_processSerialData:121 - 🔄 数据来源: 串口接收 -> PendulumState.physical_length
2025-09-02 14:36:23.536 | INFO     | Pendulum.PendulumAPP:_processSerialData:120 - 📏 串口长度数据已更新: L35.026501 -> physical_length=35.026501
2025-09-02 14:36:23.537 | INFO     | Pendulum.PendulumAPP:_processSerialData:121 - 🔄 数据来源: 串口接收 -> PendulumState.physical_length
2025-09-02 14:36:23.582 | INFO     | Pendulum.PendulumAPP:_processSerialData:120 - 📏 串口长度数据已更新: L35.026501 -> physical_length=35.026501
2025-09-02 14:36:23.584 | INFO     | Pendulum.PendulumAPP:_processSerialData:121 - 🔄 数据来源: 串口接收 -> PendulumState.physical_length
2025-09-02 14:36:23.630 | INFO     | Pendulum.PendulumAPP:_processSerialData:120 - 📏 串口长度数据已更新: L35.026501 -> physical_length=35.026501
2025-09-02 14:36:23.634 | INFO     | Pendulum.PendulumAPP:_processSerialData:121 - 🔄 数据来源: 串口接收 -> PendulumState.physical_length
2025-09-02 14:36:23.677 | INFO     | Pendulum.PendulumAPP:_processSerialData:120 - 📏 串口长度数据已更新: L35.026501 -> physical_length=35.026501
2025-09-02 14:36:23.680 | INFO     | Pendulum.PendulumAPP:_processSerialData:121 - 🔄 数据来源: 串口接收 -> PendulumState.physical_length
2025-09-02 14:36:23.724 | INFO     | Pendulum.PendulumAPP:_processSerialData:120 - 📏 串口长度数据已更新: L35.026501 -> physical_length=35.026501
2025-09-02 14:36:23.725 | INFO     | Pendulum.PendulumAPP:_processSerialData:121 - 🔄 数据来源: 串口接收 -> PendulumState.physical_length
2025-09-02 14:36:23.769 | INFO     | Pendulum.PendulumAPP:_processSerialData:120 - 📏 串口长度数据已更新: L35.026501 -> physical_length=35.026501
2025-09-02 14:36:23.770 | INFO     | Pendulum.PendulumAPP:_processSerialData:121 - 🔄 数据来源: 串口接收 -> PendulumState.physical_length
2025-09-02 14:36:23.815 | INFO     | Pendulum.PendulumAPP:_processSerialData:120 - 📏 串口长度数据已更新: L35.026501 -> physical_length=35.026501
2025-09-02 14:36:23.815 | INFO     | Pendulum.PendulumAPP:_processSerialData:121 - 🔄 数据来源: 串口接收 -> PendulumState.physical_length
2025-09-02 14:36:23.861 | INFO     | Pendulum.PendulumAPP:_processSerialData:120 - 📏 串口长度数据已更新: L35.026501 -> physical_length=35.026501
2025-09-02 14:36:23.863 | INFO     | Pendulum.PendulumAPP:_processSerialData:121 - 🔄 数据来源: 串口接收 -> PendulumState.physical_length
2025-09-02 14:36:23.907 | INFO     | Pendulum.PendulumAPP:_processSerialData:120 - 📏 串口长度数据已更新: L35.026501 -> physical_length=35.026501
2025-09-02 14:36:23.908 | INFO     | Pendulum.PendulumAPP:_processSerialData:121 - 🔄 数据来源: 串口接收 -> PendulumState.physical_length
2025-09-02 14:36:23.953 | INFO     | Pendulum.PendulumAPP:_processSerialData:120 - 📏 串口长度数据已更新: L35.026501 -> physical_length=35.026501
2025-09-02 14:36:23.955 | INFO     | Pendulum.PendulumAPP:_processSerialData:121 - 🔄 数据来源: 串口接收 -> PendulumState.physical_length
2025-09-02 14:36:23.991 | INFO     | Pendulum.PendulumAPP:_keyEventWeb:257 - 清除数据
2025-09-02 14:36:23.994 | INFO     | Pendulum.SerialConncet:send:199 - sendr
2025-09-02 14:36:23.996 | INFO     | Pendulum.SerialConncet:send:201 - [发送] r
2025-09-02 14:36:24.002 | INFO     | Pendulum.SerialConncet:_run:176 - [接收] R
2025-09-02 14:36:26.935 | INFO     | Pendulum.PendulumAPP:_keyEventWeb:252 - 清除数据
2025-09-02 14:36:26.938 | INFO     | Pendulum.SerialConncet:send:199 - sendr
2025-09-02 14:36:26.941 | INFO     | Pendulum.SerialConncet:send:201 - [发送] r
2025-09-02 14:36:26.943 | INFO     | Pendulum.SerialConncet:_run:176 - [接收] R
2025-09-02 14:36:26.986 | INFO     | Pendulum.PendulumAPP:_keyEventWeb:286 - d0
2025-09-02 14:36:26.988 | INFO     | Pendulum.SerialConncet:send:199 - sendd0
2025-09-02 14:36:26.989 | INFO     | Pendulum.SerialConncet:send:201 - [发送] d0
2025-09-02 14:36:27.435 | INFO     | Pendulum.SerialConncet:_run:176 - [接收] T0.000000,0.000000,0.000000
2025-09-02 14:36:29.806 | INFO     | Pendulum.SerialConncet:_run:176 - [接收] T1.000000,1.189220,1.189220
2025-09-02 14:36:29.809 | INFO     | Pendulum.SerialConncet:_run:176 - [接收] L34.945889
2025-09-02 14:36:29.839 | INFO     | Pendulum.PendulumAPP:_processSerialData:120 - 📏 串口长度数据已更新: L34.945889 -> physical_length=34.945889
2025-09-02 14:36:29.840 | INFO     | Pendulum.PendulumAPP:_processSerialData:121 - 🔄 数据来源: 串口接收 -> PendulumState.physical_length
2025-09-02 14:36:29.887 | INFO     | Pendulum.PendulumAPP:_processSerialData:120 - 📏 串口长度数据已更新: L34.945889 -> physical_length=34.945889
2025-09-02 14:36:29.889 | INFO     | Pendulum.PendulumAPP:_processSerialData:121 - 🔄 数据来源: 串口接收 -> PendulumState.physical_length
2025-09-02 14:36:29.934 | INFO     | Pendulum.PendulumAPP:_processSerialData:120 - 📏 串口长度数据已更新: L34.945889 -> physical_length=34.945889
2025-09-02 14:36:29.935 | INFO     | Pendulum.PendulumAPP:_processSerialData:121 - 🔄 数据来源: 串口接收 -> PendulumState.physical_length
2025-09-02 14:36:29.980 | INFO     | Pendulum.PendulumAPP:_processSerialData:120 - 📏 串口长度数据已更新: L34.945889 -> physical_length=34.945889
2025-09-02 14:36:29.981 | INFO     | Pendulum.PendulumAPP:_processSerialData:121 - 🔄 数据来源: 串口接收 -> PendulumState.physical_length
2025-09-02 14:36:30.027 | INFO     | Pendulum.PendulumAPP:_processSerialData:120 - 📏 串口长度数据已更新: L34.945889 -> physical_length=34.945889
2025-09-02 14:36:30.027 | INFO     | Pendulum.PendulumAPP:_processSerialData:121 - 🔄 数据来源: 串口接收 -> PendulumState.physical_length
2025-09-02 14:36:30.074 | INFO     | Pendulum.PendulumAPP:_processSerialData:120 - 📏 串口长度数据已更新: L34.945889 -> physical_length=34.945889
2025-09-02 14:36:30.075 | INFO     | Pendulum.PendulumAPP:_processSerialData:121 - 🔄 数据来源: 串口接收 -> PendulumState.physical_length
2025-09-02 14:36:30.121 | INFO     | Pendulum.PendulumAPP:_processSerialData:120 - 📏 串口长度数据已更新: L34.945889 -> physical_length=34.945889
2025-09-02 14:36:30.122 | INFO     | Pendulum.PendulumAPP:_processSerialData:121 - 🔄 数据来源: 串口接收 -> PendulumState.physical_length
2025-09-02 14:36:30.170 | INFO     | Pendulum.PendulumAPP:_processSerialData:120 - 📏 串口长度数据已更新: L34.945889 -> physical_length=34.945889
2025-09-02 14:36:30.174 | INFO     | Pendulum.PendulumAPP:_processSerialData:121 - 🔄 数据来源: 串口接收 -> PendulumState.physical_length
2025-09-02 14:36:30.217 | INFO     | Pendulum.PendulumAPP:_processSerialData:120 - 📏 串口长度数据已更新: L34.945889 -> physical_length=34.945889
2025-09-02 14:36:30.218 | INFO     | Pendulum.PendulumAPP:_processSerialData:121 - 🔄 数据来源: 串口接收 -> PendulumState.physical_length
2025-09-02 14:36:30.263 | INFO     | Pendulum.PendulumAPP:_processSerialData:120 - 📏 串口长度数据已更新: L34.945889 -> physical_length=34.945889
2025-09-02 14:36:30.264 | INFO     | Pendulum.PendulumAPP:_processSerialData:121 - 🔄 数据来源: 串口接收 -> PendulumState.physical_length
2025-09-02 14:36:30.325 | INFO     | Pendulum.PendulumAPP:_processSerialData:120 - 📏 串口长度数据已更新: L34.945889 -> physical_length=34.945889
2025-09-02 14:36:30.327 | INFO     | Pendulum.PendulumAPP:_processSerialData:121 - 🔄 数据来源: 串口接收 -> PendulumState.physical_length
2025-09-02 14:36:30.372 | INFO     | Pendulum.PendulumAPP:_processSerialData:120 - 📏 串口长度数据已更新: L34.945889 -> physical_length=34.945889
2025-09-02 14:36:30.373 | INFO     | Pendulum.PendulumAPP:_processSerialData:121 - 🔄 数据来源: 串口接收 -> PendulumState.physical_length
2025-09-02 14:36:30.418 | INFO     | Pendulum.PendulumAPP:_processSerialData:120 - 📏 串口长度数据已更新: L34.945889 -> physical_length=34.945889
2025-09-02 14:36:30.419 | INFO     | Pendulum.PendulumAPP:_processSerialData:121 - 🔄 数据来源: 串口接收 -> PendulumState.physical_length
2025-09-02 14:36:30.465 | INFO     | Pendulum.PendulumAPP:_processSerialData:120 - 📏 串口长度数据已更新: L34.945889 -> physical_length=34.945889
2025-09-02 14:36:30.466 | INFO     | Pendulum.PendulumAPP:_processSerialData:121 - 🔄 数据来源: 串口接收 -> PendulumState.physical_length
2025-09-02 14:36:30.511 | INFO     | Pendulum.PendulumAPP:_processSerialData:120 - 📏 串口长度数据已更新: L34.945889 -> physical_length=34.945889
2025-09-02 14:36:30.513 | INFO     | Pendulum.PendulumAPP:_processSerialData:121 - 🔄 数据来源: 串口接收 -> PendulumState.physical_length
2025-09-02 14:36:30.557 | INFO     | Pendulum.PendulumAPP:_processSerialData:120 - 📏 串口长度数据已更新: L34.945889 -> physical_length=34.945889
2025-09-02 14:36:30.559 | INFO     | Pendulum.PendulumAPP:_processSerialData:121 - 🔄 数据来源: 串口接收 -> PendulumState.physical_length
2025-09-02 14:36:30.604 | INFO     | Pendulum.PendulumAPP:_processSerialData:120 - 📏 串口长度数据已更新: L34.945889 -> physical_length=34.945889
2025-09-02 14:36:30.608 | INFO     | Pendulum.PendulumAPP:_processSerialData:121 - 🔄 数据来源: 串口接收 -> PendulumState.physical_length
2025-09-02 14:36:30.650 | INFO     | Pendulum.PendulumAPP:_processSerialData:120 - 📏 串口长度数据已更新: L34.945889 -> physical_length=34.945889
2025-09-02 14:36:30.652 | INFO     | Pendulum.PendulumAPP:_processSerialData:121 - 🔄 数据来源: 串口接收 -> PendulumState.physical_length
2025-09-02 14:36:30.696 | INFO     | Pendulum.PendulumAPP:_processSerialData:120 - 📏 串口长度数据已更新: L34.945889 -> physical_length=34.945889
2025-09-02 14:36:30.700 | INFO     | Pendulum.PendulumAPP:_processSerialData:121 - 🔄 数据来源: 串口接收 -> PendulumState.physical_length
2025-09-02 14:36:30.743 | INFO     | Pendulum.PendulumAPP:_processSerialData:120 - 📏 串口长度数据已更新: L34.945889 -> physical_length=34.945889
2025-09-02 14:36:30.745 | INFO     | Pendulum.PendulumAPP:_processSerialData:121 - 🔄 数据来源: 串口接收 -> PendulumState.physical_length
2025-09-02 14:36:30.789 | INFO     | Pendulum.PendulumAPP:_processSerialData:120 - 📏 串口长度数据已更新: L34.945889 -> physical_length=34.945889
2025-09-02 14:36:30.791 | INFO     | Pendulum.PendulumAPP:_processSerialData:121 - 🔄 数据来源: 串口接收 -> PendulumState.physical_length
2025-09-02 14:36:30.836 | INFO     | Pendulum.PendulumAPP:_processSerialData:120 - 📏 串口长度数据已更新: L34.945889 -> physical_length=34.945889
2025-09-02 14:36:30.837 | INFO     | Pendulum.PendulumAPP:_processSerialData:121 - 🔄 数据来源: 串口接收 -> PendulumState.physical_length
2025-09-02 14:36:30.882 | INFO     | Pendulum.PendulumAPP:_processSerialData:120 - 📏 串口长度数据已更新: L34.945889 -> physical_length=34.945889
2025-09-02 14:36:30.882 | INFO     | Pendulum.PendulumAPP:_processSerialData:121 - 🔄 数据来源: 串口接收 -> PendulumState.physical_length
2025-09-02 14:36:30.929 | INFO     | Pendulum.PendulumAPP:_processSerialData:120 - 📏 串口长度数据已更新: L34.945889 -> physical_length=34.945889
2025-09-02 14:36:30.929 | INFO     | Pendulum.PendulumAPP:_processSerialData:121 - 🔄 数据来源: 串口接收 -> PendulumState.physical_length
2025-09-02 14:36:30.975 | INFO     | Pendulum.PendulumAPP:_processSerialData:120 - 📏 串口长度数据已更新: L34.945889 -> physical_length=34.945889
2025-09-02 14:36:30.975 | INFO     | Pendulum.PendulumAPP:_processSerialData:121 - 🔄 数据来源: 串口接收 -> PendulumState.physical_length
2025-09-02 14:36:30.992 | INFO     | Pendulum.SerialConncet:_run:176 - [接收] T2.000000,1.189507,2.378727
2025-09-02 14:36:32.177 | INFO     | Pendulum.SerialConncet:_run:176 - [接收] T3.000000,1.190065,3.568792
2025-09-02 14:36:33.362 | INFO     | Pendulum.SerialConncet:_run:176 - [接收] T4.000000,1.189672,4.758464
2025-09-02 14:36:34.547 | INFO     | Pendulum.SerialConncet:_run:176 - [接收] T5.000000,1.188810,5.947274
2025-09-02 14:36:35.735 | INFO     | Pendulum.SerialConncet:_run:176 - [接收] T6.000000,1.190051,7.137326
2025-09-02 14:36:36.919 | INFO     | Pendulum.SerialConncet:_run:176 - [接收] T7.000000,1.189139,8.326465
2025-09-02 14:36:38.106 | INFO     | Pendulum.SerialConncet:_run:176 - [接收] T8.000000,1.189631,9.516096
2025-09-02 14:36:39.290 | INFO     | Pendulum.SerialConncet:_run:176 - [接收] T9.000000,1.186035,10.702131
2025-09-02 14:36:40.476 | INFO     | Pendulum.SerialConncet:_run:176 - [接收] T10.000000,1.189616,11.891747
2025-09-02 14:36:41.661 | INFO     | Pendulum.SerialConncet:_run:176 - [接收] T11.000000,1.190210,13.081958
2025-09-02 14:36:42.848 | INFO     | Pendulum.SerialConncet:_run:176 - [接收] T12.000000,1.189798,14.271756
2025-09-02 14:36:44.033 | INFO     | Pendulum.SerialConncet:_run:176 - [接收] T13.000000,1.189510,15.461266
2025-09-02 14:36:45.219 | INFO     | Pendulum.SerialConncet:_run:176 - [接收] T14.000000,1.190104,16.651369
2025-09-02 14:36:46.406 | INFO     | Pendulum.SerialConncet:_run:176 - [接收] T15.000000,1.189847,17.841217
2025-09-02 14:36:47.590 | INFO     | Pendulum.SerialConncet:_run:176 - [接收] T16.000000,1.190066,19.031282
2025-09-02 14:36:48.777 | INFO     | Pendulum.SerialConncet:_run:176 - [接收] T17.000000,1.189611,20.220894
2025-09-02 14:36:49.962 | INFO     | Pendulum.SerialConncet:_run:176 - [接收] T18.000000,1.186043,21.406937
2025-09-02 14:36:51.146 | INFO     | Pendulum.SerialConncet:_run:176 - [接收] T19.000000,1.189785,22.596722
2025-09-02 14:36:52.332 | INFO     | Pendulum.SerialConncet:_run:176 - [接收] T20.000000,1.189372,23.786093
2025-09-02 14:37:02.529 | INFO     | Pendulum.PendulumAPP:_keyEventWeb:277 - n2
2025-09-02 14:37:02.531 | INFO     | Pendulum.SerialConncet:send:199 - sendn2
2025-09-02 14:37:02.531 | INFO     | Pendulum.SerialConncet:send:201 - [发送] n2
2025-09-02 14:37:07.024 | INFO     | Pendulum.PendulumAPP:_keyEventWeb:283 - n0
2025-09-02 14:37:07.025 | INFO     | Pendulum.SerialConncet:send:199 - sendn0
2025-09-02 14:37:07.026 | INFO     | Pendulum.SerialConncet:send:201 - [发送] n0
2025-09-02 14:37:08.323 | INFO     | Pendulum.PendulumAPP:_keyEventWeb:246 - ↓
2025-09-02 14:37:08.324 | INFO     | Pendulum.SerialConncet:send:199 - sendm1
2025-09-02 14:37:08.325 | INFO     | Pendulum.SerialConncet:send:201 - [发送] m1
2025-09-02 14:37:08.349 | INFO     | Pendulum.SerialConncet:_run:176 - [接收] L34.971409
2025-09-02 14:37:08.370 | INFO     | Pendulum.SerialConncet:_run:176 - [接收] L34.996933
2025-09-02 14:37:08.382 | INFO     | Pendulum.PendulumAPP:_processSerialData:120 - 📏 串口长度数据已更新: L34.996933 -> physical_length=34.996933
2025-09-02 14:37:08.384 | INFO     | Pendulum.PendulumAPP:_processSerialData:121 - 🔄 数据来源: 串口接收 -> PendulumState.physical_length
2025-09-02 14:37:08.391 | INFO     | Pendulum.SerialConncet:_run:176 - [接收] L35.022449
2025-09-02 14:37:08.412 | INFO     | Pendulum.SerialConncet:_run:176 - [接收] L35.047970
2025-09-02 14:37:08.428 | INFO     | Pendulum.PendulumAPP:_processSerialData:120 - 📏 串口长度数据已更新: L35.047970 -> physical_length=35.047970
2025-09-02 14:37:08.429 | INFO     | Pendulum.PendulumAPP:_processSerialData:121 - 🔄 数据来源: 串口接收 -> PendulumState.physical_length
2025-09-02 14:37:08.432 | INFO     | Pendulum.SerialConncet:_run:176 - [接收] L35.073494
2025-09-02 14:37:08.454 | INFO     | Pendulum.SerialConncet:_run:176 - [接收] L35.099014
2025-09-02 14:37:08.474 | INFO     | Pendulum.SerialConncet:_run:176 - [接收] L35.124535
2025-09-02 14:37:08.474 | INFO     | Pendulum.PendulumAPP:_processSerialData:120 - 📏 串口长度数据已更新: L35.099014 -> physical_length=35.099014
2025-09-02 14:37:08.475 | INFO     | Pendulum.PendulumAPP:_processSerialData:121 - 🔄 数据来源: 串口接收 -> PendulumState.physical_length
2025-09-02 14:37:08.495 | INFO     | Pendulum.SerialConncet:_run:176 - [接收] L35.150055
2025-09-02 14:37:08.516 | INFO     | Pendulum.SerialConncet:_run:176 - [接收] L35.175579
2025-09-02 14:37:08.520 | INFO     | Pendulum.PendulumAPP:_processSerialData:120 - 📏 串口长度数据已更新: L35.175579 -> physical_length=35.175579
2025-09-02 14:37:08.521 | INFO     | Pendulum.PendulumAPP:_processSerialData:121 - 🔄 数据来源: 串口接收 -> PendulumState.physical_length
2025-09-02 14:37:08.537 | INFO     | Pendulum.SerialConncet:_run:176 - [接收] L35.201099
2025-09-02 14:37:08.558 | INFO     | Pendulum.SerialConncet:_run:176 - [接收] L35.226616
2025-09-02 14:37:08.566 | INFO     | Pendulum.PendulumAPP:_processSerialData:120 - 📏 串口长度数据已更新: L35.226616 -> physical_length=35.226616
2025-09-02 14:37:08.568 | INFO     | Pendulum.PendulumAPP:_processSerialData:121 - 🔄 数据来源: 串口接收 -> PendulumState.physical_length
2025-09-02 14:37:08.580 | INFO     | Pendulum.SerialConncet:_run:176 - [接收] L35.252140
2025-09-02 14:37:08.600 | INFO     | Pendulum.SerialConncet:_run:176 - [接收] L35.277660
2025-09-02 14:37:08.614 | INFO     | Pendulum.PendulumAPP:_processSerialData:120 - 📏 串口长度数据已更新: L35.277660 -> physical_length=35.277660
2025-09-02 14:37:08.615 | INFO     | Pendulum.PendulumAPP:_processSerialData:121 - 🔄 数据来源: 串口接收 -> PendulumState.physical_length
2025-09-02 14:37:08.620 | INFO     | Pendulum.SerialConncet:_run:176 - [接收] L35.303181
2025-09-02 14:37:08.643 | INFO     | Pendulum.SerialConncet:_run:176 - [接收] L35.328705
2025-09-02 14:37:08.660 | INFO     | Pendulum.PendulumAPP:_processSerialData:120 - 📏 串口长度数据已更新: L35.328705 -> physical_length=35.328705
2025-09-02 14:37:08.661 | INFO     | Pendulum.PendulumAPP:_processSerialData:121 - 🔄 数据来源: 串口接收 -> PendulumState.physical_length
2025-09-02 14:37:08.663 | INFO     | Pendulum.SerialConncet:_run:176 - [接收] L35.354225
2025-09-02 14:37:08.683 | INFO     | Pendulum.SerialConncet:_run:176 - [接收] L35.379745
2025-09-02 14:37:08.705 | INFO     | Pendulum.SerialConncet:_run:176 - [接收] L35.405266
2025-09-02 14:37:08.707 | INFO     | Pendulum.PendulumAPP:_processSerialData:120 - 📏 串口长度数据已更新: L35.405266 -> physical_length=35.405266
2025-09-02 14:37:08.710 | INFO     | Pendulum.PendulumAPP:_processSerialData:121 - 🔄 数据来源: 串口接收 -> PendulumState.physical_length
2025-09-02 14:37:08.725 | INFO     | Pendulum.SerialConncet:_run:176 - [接收] L35.430786
2025-09-02 14:37:08.746 | INFO     | Pendulum.SerialConncet:_run:176 - [接收] L35.456306
2025-09-02 14:37:08.753 | INFO     | Pendulum.PendulumAPP:_processSerialData:120 - 📏 串口长度数据已更新: L35.456306 -> physical_length=35.456306
2025-09-02 14:37:08.754 | INFO     | Pendulum.PendulumAPP:_processSerialData:121 - 🔄 数据来源: 串口接收 -> PendulumState.physical_length
2025-09-02 14:37:08.767 | INFO     | Pendulum.SerialConncet:_run:176 - [接收] L35.481831
2025-09-02 14:37:08.788 | INFO     | Pendulum.SerialConncet:_run:176 - [接收] L35.507351
2025-09-02 14:37:08.800 | INFO     | Pendulum.PendulumAPP:_processSerialData:120 - 📏 串口长度数据已更新: L35.507351 -> physical_length=35.507351
2025-09-02 14:37:08.801 | INFO     | Pendulum.PendulumAPP:_processSerialData:121 - 🔄 数据来源: 串口接收 -> PendulumState.physical_length
2025-09-02 14:37:08.810 | INFO     | Pendulum.SerialConncet:_run:176 - [接收] L35.532871
2025-09-02 14:37:08.830 | INFO     | Pendulum.SerialConncet:_run:176 - [接收] L35.558395
2025-09-02 14:37:08.847 | INFO     | Pendulum.PendulumAPP:_processSerialData:120 - 📏 串口长度数据已更新: L35.558395 -> physical_length=35.558395
2025-09-02 14:37:08.847 | INFO     | Pendulum.PendulumAPP:_processSerialData:121 - 🔄 数据来源: 串口接收 -> PendulumState.physical_length
2025-09-02 14:37:08.851 | INFO     | Pendulum.SerialConncet:_run:176 - [接收] L35.583912
2025-09-02 14:37:08.872 | INFO     | Pendulum.SerialConncet:_run:176 - [接收] L35.609432
2025-09-02 14:37:08.894 | INFO     | Pendulum.PendulumAPP:_processSerialData:120 - 📏 串口长度数据已更新: L35.609432 -> physical_length=35.609432
2025-09-02 14:37:08.895 | INFO     | Pendulum.PendulumAPP:_processSerialData:121 - 🔄 数据来源: 串口接收 -> PendulumState.physical_length
2025-09-02 14:37:08.896 | INFO     | Pendulum.SerialConncet:_run:176 - [接收] L35.634953
2025-09-02 14:37:08.915 | INFO     | Pendulum.SerialConncet:_run:176 - [接收] L35.660477
2025-09-02 14:37:08.935 | INFO     | Pendulum.SerialConncet:_run:176 - [接收] L35.685997
2025-09-02 14:37:08.939 | INFO     | Pendulum.PendulumAPP:_processSerialData:120 - 📏 串口长度数据已更新: L35.685997 -> physical_length=35.685997
2025-09-02 14:37:08.941 | INFO     | Pendulum.PendulumAPP:_processSerialData:121 - 🔄 数据来源: 串口接收 -> PendulumState.physical_length
2025-09-02 14:37:08.955 | INFO     | Pendulum.SerialConncet:_run:176 - [接收] L35.711517
2025-09-02 14:37:08.977 | INFO     | Pendulum.SerialConncet:_run:176 - [接收] L35.737041
2025-09-02 14:37:08.986 | INFO     | Pendulum.PendulumAPP:_processSerialData:120 - 📏 串口长度数据已更新: L35.737041 -> physical_length=35.737041
2025-09-02 14:37:08.986 | INFO     | Pendulum.PendulumAPP:_processSerialData:121 - 🔄 数据来源: 串口接收 -> PendulumState.physical_length
2025-09-02 14:37:08.997 | INFO     | Pendulum.SerialConncet:_run:176 - [接收] L35.762562
2025-09-02 14:37:09.020 | INFO     | Pendulum.SerialConncet:_run:176 - [接收] L35.788078
2025-09-02 14:37:09.031 | INFO     | Pendulum.PendulumAPP:_processSerialData:120 - 📏 串口长度数据已更新: L35.788078 -> physical_length=35.788078
2025-09-02 14:37:09.032 | INFO     | Pendulum.PendulumAPP:_processSerialData:121 - 🔄 数据来源: 串口接收 -> PendulumState.physical_length
2025-09-02 14:37:09.039 | INFO     | Pendulum.SerialConncet:_run:176 - [接收] L35.813602
2025-09-02 14:37:09.060 | INFO     | Pendulum.SerialConncet:_run:176 - [接收] L35.839123
2025-09-02 14:37:09.078 | INFO     | Pendulum.PendulumAPP:_processSerialData:120 - 📏 串口长度数据已更新: L35.839123 -> physical_length=35.839123
2025-09-02 14:37:09.080 | INFO     | Pendulum.PendulumAPP:_processSerialData:121 - 🔄 数据来源: 串口接收 -> PendulumState.physical_length
2025-09-02 14:37:09.084 | INFO     | Pendulum.SerialConncet:_run:176 - [接收] L35.864643
2025-09-02 14:37:09.102 | INFO     | Pendulum.SerialConncet:_run:176 - [接收] L35.890167
2025-09-02 14:37:09.123 | INFO     | Pendulum.SerialConncet:_run:176 - [接收] L35.915688
2025-09-02 14:37:09.125 | INFO     | Pendulum.PendulumAPP:_processSerialData:120 - 📏 串口长度数据已更新: L35.915688 -> physical_length=35.915688
2025-09-02 14:37:09.126 | INFO     | Pendulum.PendulumAPP:_processSerialData:121 - 🔄 数据来源: 串口接收 -> PendulumState.physical_length
2025-09-02 14:37:09.143 | INFO     | Pendulum.SerialConncet:_run:176 - [接收] L35.941208
2025-09-02 14:37:09.165 | INFO     | Pendulum.SerialConncet:_run:176 - [接收] L35.966728
2025-09-02 14:37:09.171 | INFO     | Pendulum.PendulumAPP:_processSerialData:120 - 📏 串口长度数据已更新: L35.966728 -> physical_length=35.966728
2025-09-02 14:37:09.172 | INFO     | Pendulum.PendulumAPP:_processSerialData:121 - 🔄 数据来源: 串口接收 -> PendulumState.physical_length
2025-09-02 14:37:09.186 | INFO     | Pendulum.SerialConncet:_run:176 - [接收] L35.992249
2025-09-02 14:37:09.206 | INFO     | Pendulum.SerialConncet:_run:176 - [接收] L36.017769
2025-09-02 14:37:09.218 | INFO     | Pendulum.PendulumAPP:_processSerialData:120 - 📏 串口长度数据已更新: L36.017769 -> physical_length=36.017769
2025-09-02 14:37:09.219 | INFO     | Pendulum.PendulumAPP:_processSerialData:121 - 🔄 数据来源: 串口接收 -> PendulumState.physical_length
2025-09-02 14:37:09.228 | INFO     | Pendulum.SerialConncet:_run:176 - [接收] L36.043289
2025-09-02 14:37:09.251 | INFO     | Pendulum.SerialConncet:_run:176 - [接收] L36.068813
2025-09-02 14:37:09.266 | INFO     | Pendulum.PendulumAPP:_processSerialData:120 - 📏 串口长度数据已更新: L36.068813 -> physical_length=36.068813
2025-09-02 14:37:09.266 | INFO     | Pendulum.PendulumAPP:_processSerialData:121 - 🔄 数据来源: 串口接收 -> PendulumState.physical_length
2025-09-02 14:37:09.270 | INFO     | Pendulum.SerialConncet:_run:176 - [接收] L36.094334
2025-09-02 14:37:09.290 | INFO     | Pendulum.SerialConncet:_run:176 - [接收] L36.119854
2025-09-02 14:37:09.311 | INFO     | Pendulum.SerialConncet:_run:176 - [接收] L36.145374
2025-09-02 14:37:09.313 | INFO     | Pendulum.PendulumAPP:_processSerialData:120 - 📏 串口长度数据已更新: L36.145374 -> physical_length=36.145374
2025-09-02 14:37:09.315 | INFO     | Pendulum.PendulumAPP:_processSerialData:121 - 🔄 数据来源: 串口接收 -> PendulumState.physical_length
2025-09-02 14:37:09.332 | INFO     | Pendulum.SerialConncet:_run:176 - [接收] L36.170895
2025-09-02 14:37:09.353 | INFO     | Pendulum.SerialConncet:_run:176 - [接收] L36.196415
2025-09-02 14:37:09.359 | INFO     | Pendulum.PendulumAPP:_processSerialData:120 - 📏 串口长度数据已更新: L36.196415 -> physical_length=36.196415
2025-09-02 14:37:09.360 | INFO     | Pendulum.PendulumAPP:_processSerialData:121 - 🔄 数据来源: 串口接收 -> PendulumState.physical_length
2025-09-02 14:37:09.373 | INFO     | Pendulum.SerialConncet:_run:176 - [接收] L36.221939
2025-09-02 14:37:09.394 | INFO     | Pendulum.SerialConncet:_run:176 - [接收] L36.247459
2025-09-02 14:37:09.405 | INFO     | Pendulum.PendulumAPP:_processSerialData:120 - 📏 串口长度数据已更新: L36.247459 -> physical_length=36.247459
2025-09-02 14:37:09.405 | INFO     | Pendulum.PendulumAPP:_processSerialData:121 - 🔄 数据来源: 串口接收 -> PendulumState.physical_length
2025-09-02 14:37:09.417 | INFO     | Pendulum.SerialConncet:_run:176 - [接收] L36.272980
2025-09-02 14:37:09.437 | INFO     | Pendulum.SerialConncet:_run:176 - [接收] L36.298504
2025-09-02 14:37:09.452 | INFO     | Pendulum.PendulumAPP:_processSerialData:120 - 📏 串口长度数据已更新: L36.298504 -> physical_length=36.298504
2025-09-02 14:37:09.452 | INFO     | Pendulum.PendulumAPP:_processSerialData:121 - 🔄 数据来源: 串口接收 -> PendulumState.physical_length
2025-09-02 14:37:09.457 | INFO     | Pendulum.SerialConncet:_run:176 - [接收] L36.324024
2025-09-02 14:37:09.479 | INFO     | Pendulum.SerialConncet:_run:176 - [接收] L36.349541
2025-09-02 14:37:09.498 | INFO     | Pendulum.PendulumAPP:_processSerialData:120 - 📏 串口长度数据已更新: L36.349541 -> physical_length=36.349541
2025-09-02 14:37:09.499 | INFO     | Pendulum.PendulumAPP:_processSerialData:121 - 🔄 数据来源: 串口接收 -> PendulumState.physical_length
2025-09-02 14:37:09.502 | INFO     | Pendulum.SerialConncet:_run:176 - [接收] L36.375065
2025-09-02 14:37:09.522 | INFO     | Pendulum.SerialConncet:_run:176 - [接收] L36.400585
2025-09-02 14:37:09.542 | INFO     | Pendulum.SerialConncet:_run:176 - [接收] L36.426105
2025-09-02 14:37:09.546 | INFO     | Pendulum.PendulumAPP:_processSerialData:120 - 📏 串口长度数据已更新: L36.426105 -> physical_length=36.426105
2025-09-02 14:37:09.546 | INFO     | Pendulum.PendulumAPP:_processSerialData:121 - 🔄 数据来源: 串口接收 -> PendulumState.physical_length
2025-09-02 14:37:09.563 | INFO     | Pendulum.SerialConncet:_run:176 - [接收] L36.451626
2025-09-02 14:37:09.583 | INFO     | Pendulum.SerialConncet:_run:176 - [接收] L36.477150
2025-09-02 14:37:09.590 | INFO     | Pendulum.PendulumAPP:_processSerialData:120 - 📏 串口长度数据已更新: L36.477150 -> physical_length=36.477150
2025-09-02 14:37:09.591 | INFO     | Pendulum.PendulumAPP:_processSerialData:121 - 🔄 数据来源: 串口接收 -> PendulumState.physical_length
2025-09-02 14:37:09.604 | INFO     | Pendulum.SerialConncet:_run:176 - [接收] L36.502670
2025-09-02 14:37:09.625 | INFO     | Pendulum.SerialConncet:_run:176 - [接收] L36.528191
2025-09-02 14:37:09.637 | INFO     | Pendulum.PendulumAPP:_processSerialData:120 - 📏 串口长度数据已更新: L36.528191 -> physical_length=36.528191
2025-09-02 14:37:09.638 | INFO     | Pendulum.PendulumAPP:_processSerialData:121 - 🔄 数据来源: 串口接收 -> PendulumState.physical_length
2025-09-02 14:37:09.646 | INFO     | Pendulum.SerialConncet:_run:176 - [接收] L36.553711
2025-09-02 14:37:09.667 | INFO     | Pendulum.SerialConncet:_run:176 - [接收] L36.579231
2025-09-02 14:37:09.683 | INFO     | Pendulum.PendulumAPP:_processSerialData:120 - 📏 串口长度数据已更新: L36.579231 -> physical_length=36.579231
2025-09-02 14:37:09.685 | INFO     | Pendulum.PendulumAPP:_processSerialData:121 - 🔄 数据来源: 串口接收 -> PendulumState.physical_length
2025-09-02 14:37:09.688 | INFO     | Pendulum.SerialConncet:_run:176 - [接收] L36.604752
2025-09-02 14:37:09.713 | INFO     | Pendulum.SerialConncet:_run:176 - [接收] L36.630276
2025-09-02 14:37:09.729 | INFO     | Pendulum.PendulumAPP:_processSerialData:120 - 📏 串口长度数据已更新: L36.630276 -> physical_length=36.630276
2025-09-02 14:37:09.730 | INFO     | Pendulum.PendulumAPP:_processSerialData:121 - 🔄 数据来源: 串口接收 -> PendulumState.physical_length
2025-09-02 14:37:09.733 | INFO     | Pendulum.SerialConncet:_run:176 - [接收] L36.655796
2025-09-02 14:37:09.750 | INFO     | Pendulum.SerialConncet:_run:176 - [接收] L36.681316
2025-09-02 14:37:09.771 | INFO     | Pendulum.SerialConncet:_run:176 - [接收] L36.706837
2025-09-02 14:37:09.792 | INFO     | Pendulum.PendulumAPP:_processSerialData:120 - 📏 串口长度数据已更新: L36.706837 -> physical_length=36.706837
2025-09-02 14:37:09.793 | INFO     | Pendulum.PendulumAPP:_processSerialData:121 - 🔄 数据来源: 串口接收 -> PendulumState.physical_length
2025-09-02 14:37:09.795 | INFO     | Pendulum.SerialConncet:_run:176 - [接收] L36.732357
2025-09-02 14:37:09.813 | INFO     | Pendulum.SerialConncet:_run:176 - [接收] L36.757877
2025-09-02 14:37:09.836 | INFO     | Pendulum.SerialConncet:_run:176 - [接收] L36.783398
2025-09-02 14:37:09.838 | INFO     | Pendulum.PendulumAPP:_processSerialData:120 - 📏 串口长度数据已更新: L36.783398 -> physical_length=36.783398
2025-09-02 14:37:09.839 | INFO     | Pendulum.PendulumAPP:_processSerialData:121 - 🔄 数据来源: 串口接收 -> PendulumState.physical_length
2025-09-02 14:37:09.854 | INFO     | Pendulum.SerialConncet:_run:176 - [接收] L36.808922
2025-09-02 14:37:09.877 | INFO     | Pendulum.SerialConncet:_run:176 - [接收] L36.834442
2025-09-02 14:37:09.885 | INFO     | Pendulum.PendulumAPP:_processSerialData:120 - 📏 串口长度数据已更新: L36.834442 -> physical_length=36.834442
2025-09-02 14:37:09.885 | INFO     | Pendulum.PendulumAPP:_processSerialData:121 - 🔄 数据来源: 串口接收 -> PendulumState.physical_length
2025-09-02 14:37:09.897 | INFO     | Pendulum.SerialConncet:_run:176 - [接收] L36.859962
2025-09-02 14:37:09.918 | INFO     | Pendulum.SerialConncet:_run:176 - [接收] L36.885487
2025-09-02 14:37:09.931 | INFO     | Pendulum.PendulumAPP:_processSerialData:120 - 📏 串口长度数据已更新: L36.885487 -> physical_length=36.885487
2025-09-02 14:37:09.933 | INFO     | Pendulum.PendulumAPP:_processSerialData:121 - 🔄 数据来源: 串口接收 -> PendulumState.physical_length
2025-09-02 14:37:09.939 | INFO     | Pendulum.SerialConncet:_run:176 - [接收] L36.911003
2025-09-02 14:37:09.962 | INFO     | Pendulum.SerialConncet:_run:176 - [接收] L36.936523
2025-09-02 14:37:09.978 | INFO     | Pendulum.PendulumAPP:_processSerialData:120 - 📏 串口长度数据已更新: L36.936523 -> physical_length=36.936523
2025-09-02 14:37:09.979 | INFO     | Pendulum.PendulumAPP:_processSerialData:121 - 🔄 数据来源: 串口接收 -> PendulumState.physical_length
2025-09-02 14:37:09.982 | INFO     | Pendulum.SerialConncet:_run:176 - [接收] L36.962048
2025-09-02 14:37:10.001 | INFO     | Pendulum.SerialConncet:_run:176 - [接收] L36.987568
2025-09-02 14:37:10.023 | INFO     | Pendulum.SerialConncet:_run:176 - [接收] L37.013088
2025-09-02 14:37:10.025 | INFO     | Pendulum.PendulumAPP:_processSerialData:120 - 📏 串口长度数据已更新: L36.987568 -> physical_length=36.987568
2025-09-02 14:37:10.026 | INFO     | Pendulum.PendulumAPP:_processSerialData:121 - 🔄 数据来源: 串口接收 -> PendulumState.physical_length
2025-09-02 14:37:10.043 | INFO     | Pendulum.SerialConncet:_run:176 - [接收] L37.038612
2025-09-02 14:37:10.064 | INFO     | Pendulum.SerialConncet:_run:176 - [接收] L37.064133
2025-09-02 14:37:10.070 | INFO     | Pendulum.PendulumAPP:_processSerialData:120 - 📏 串口长度数据已更新: L37.064133 -> physical_length=37.064133
2025-09-02 14:37:10.072 | INFO     | Pendulum.PendulumAPP:_processSerialData:121 - 🔄 数据来源: 串口接收 -> PendulumState.physical_length
2025-09-02 14:37:10.085 | INFO     | Pendulum.SerialConncet:_run:176 - [接收] L37.089653
2025-09-02 14:37:10.104 | INFO     | Pendulum.PendulumAPP:_keyEventWeb:249 - stop
2025-09-02 14:37:10.104 | INFO     | Pendulum.SerialConncet:send:199 - sendm0
2025-09-02 14:37:10.108 | INFO     | Pendulum.SerialConncet:send:201 - [发送] m0
2025-09-02 14:37:10.111 | INFO     | Pendulum.SerialConncet:_run:176 - [接收] L37.115173
2025-09-02 14:37:10.117 | INFO     | Pendulum.PendulumAPP:_processSerialData:120 - 📏 串口长度数据已更新: L37.115173 -> physical_length=37.115173
2025-09-02 14:37:10.119 | INFO     | Pendulum.PendulumAPP:_processSerialData:121 - 🔄 数据来源: 串口接收 -> PendulumState.physical_length
2025-09-02 14:37:10.127 | INFO     | Pendulum.SerialConncet:_run:176 - [接收] L37.140694
2025-09-02 14:37:10.164 | INFO     | Pendulum.PendulumAPP:_processSerialData:120 - 📏 串口长度数据已更新: L37.140694 -> physical_length=37.140694
2025-09-02 14:37:10.165 | INFO     | Pendulum.PendulumAPP:_processSerialData:121 - 🔄 数据来源: 串口接收 -> PendulumState.physical_length
2025-09-02 14:37:10.210 | INFO     | Pendulum.PendulumAPP:_processSerialData:120 - 📏 串口长度数据已更新: L37.140694 -> physical_length=37.140694
2025-09-02 14:37:10.211 | INFO     | Pendulum.PendulumAPP:_processSerialData:121 - 🔄 数据来源: 串口接收 -> PendulumState.physical_length
2025-09-02 14:37:10.258 | INFO     | Pendulum.PendulumAPP:_processSerialData:120 - 📏 串口长度数据已更新: L37.140694 -> physical_length=37.140694
2025-09-02 14:37:10.260 | INFO     | Pendulum.PendulumAPP:_processSerialData:121 - 🔄 数据来源: 串口接收 -> PendulumState.physical_length
2025-09-02 14:37:10.304 | INFO     | Pendulum.PendulumAPP:_processSerialData:120 - 📏 串口长度数据已更新: L37.140694 -> physical_length=37.140694
2025-09-02 14:37:10.304 | INFO     | Pendulum.PendulumAPP:_processSerialData:121 - 🔄 数据来源: 串口接收 -> PendulumState.physical_length
2025-09-02 14:37:10.352 | INFO     | Pendulum.PendulumAPP:_processSerialData:120 - 📏 串口长度数据已更新: L37.140694 -> physical_length=37.140694
2025-09-02 14:37:10.352 | INFO     | Pendulum.PendulumAPP:_processSerialData:121 - 🔄 数据来源: 串口接收 -> PendulumState.physical_length
2025-09-02 14:37:10.398 | INFO     | Pendulum.PendulumAPP:_processSerialData:120 - 📏 串口长度数据已更新: L37.140694 -> physical_length=37.140694
2025-09-02 14:37:10.399 | INFO     | Pendulum.PendulumAPP:_processSerialData:121 - 🔄 数据来源: 串口接收 -> PendulumState.physical_length
2025-09-02 14:37:10.444 | INFO     | Pendulum.PendulumAPP:_processSerialData:120 - 📏 串口长度数据已更新: L37.140694 -> physical_length=37.140694
2025-09-02 14:37:10.445 | INFO     | Pendulum.PendulumAPP:_processSerialData:121 - 🔄 数据来源: 串口接收 -> PendulumState.physical_length
2025-09-02 14:37:10.490 | INFO     | Pendulum.PendulumAPP:_processSerialData:120 - 📏 串口长度数据已更新: L37.140694 -> physical_length=37.140694
2025-09-02 14:37:10.491 | INFO     | Pendulum.PendulumAPP:_processSerialData:121 - 🔄 数据来源: 串口接收 -> PendulumState.physical_length
2025-09-02 14:37:10.537 | INFO     | Pendulum.PendulumAPP:_processSerialData:120 - 📏 串口长度数据已更新: L37.140694 -> physical_length=37.140694
2025-09-02 14:37:10.537 | INFO     | Pendulum.PendulumAPP:_processSerialData:121 - 🔄 数据来源: 串口接收 -> PendulumState.physical_length
2025-09-02 14:37:10.583 | INFO     | Pendulum.PendulumAPP:_processSerialData:120 - 📏 串口长度数据已更新: L37.140694 -> physical_length=37.140694
2025-09-02 14:37:10.585 | INFO     | Pendulum.PendulumAPP:_processSerialData:121 - 🔄 数据来源: 串口接收 -> PendulumState.physical_length
2025-09-02 14:37:10.630 | INFO     | Pendulum.PendulumAPP:_processSerialData:120 - 📏 串口长度数据已更新: L37.140694 -> physical_length=37.140694
2025-09-02 14:37:10.632 | INFO     | Pendulum.PendulumAPP:_processSerialData:121 - 🔄 数据来源: 串口接收 -> PendulumState.physical_length
2025-09-02 14:37:10.677 | INFO     | Pendulum.PendulumAPP:_processSerialData:120 - 📏 串口长度数据已更新: L37.140694 -> physical_length=37.140694
2025-09-02 14:37:10.678 | INFO     | Pendulum.PendulumAPP:_processSerialData:121 - 🔄 数据来源: 串口接收 -> PendulumState.physical_length
2025-09-02 14:37:10.723 | INFO     | Pendulum.PendulumAPP:_processSerialData:120 - 📏 串口长度数据已更新: L37.140694 -> physical_length=37.140694
2025-09-02 14:37:10.725 | INFO     | Pendulum.PendulumAPP:_processSerialData:121 - 🔄 数据来源: 串口接收 -> PendulumState.physical_length
2025-09-02 14:37:10.770 | INFO     | Pendulum.PendulumAPP:_processSerialData:120 - 📏 串口长度数据已更新: L37.140694 -> physical_length=37.140694
2025-09-02 14:37:10.771 | INFO     | Pendulum.PendulumAPP:_processSerialData:121 - 🔄 数据来源: 串口接收 -> PendulumState.physical_length
2025-09-02 14:37:10.816 | INFO     | Pendulum.PendulumAPP:_processSerialData:120 - 📏 串口长度数据已更新: L37.140694 -> physical_length=37.140694
2025-09-02 14:37:10.818 | INFO     | Pendulum.PendulumAPP:_processSerialData:121 - 🔄 数据来源: 串口接收 -> PendulumState.physical_length
2025-09-02 14:37:10.863 | INFO     | Pendulum.PendulumAPP:_processSerialData:120 - 📏 串口长度数据已更新: L37.140694 -> physical_length=37.140694
2025-09-02 14:37:10.863 | INFO     | Pendulum.PendulumAPP:_processSerialData:121 - 🔄 数据来源: 串口接收 -> PendulumState.physical_length
2025-09-02 14:37:10.910 | INFO     | Pendulum.PendulumAPP:_processSerialData:120 - 📏 串口长度数据已更新: L37.140694 -> physical_length=37.140694
2025-09-02 14:37:10.911 | INFO     | Pendulum.PendulumAPP:_processSerialData:121 - 🔄 数据来源: 串口接收 -> PendulumState.physical_length
2025-09-02 14:37:10.957 | INFO     | Pendulum.PendulumAPP:_processSerialData:120 - 📏 串口长度数据已更新: L37.140694 -> physical_length=37.140694
2025-09-02 14:37:10.958 | INFO     | Pendulum.PendulumAPP:_processSerialData:121 - 🔄 数据来源: 串口接收 -> PendulumState.physical_length
2025-09-02 14:37:11.003 | INFO     | Pendulum.PendulumAPP:_processSerialData:120 - 📏 串口长度数据已更新: L37.140694 -> physical_length=37.140694
2025-09-02 14:37:11.005 | INFO     | Pendulum.PendulumAPP:_processSerialData:121 - 🔄 数据来源: 串口接收 -> PendulumState.physical_length
2025-09-02 14:37:11.049 | INFO     | Pendulum.PendulumAPP:_processSerialData:120 - 📏 串口长度数据已更新: L37.140694 -> physical_length=37.140694
2025-09-02 14:37:11.050 | INFO     | Pendulum.PendulumAPP:_processSerialData:121 - 🔄 数据来源: 串口接收 -> PendulumState.physical_length
2025-09-02 14:37:11.095 | INFO     | Pendulum.PendulumAPP:_processSerialData:120 - 📏 串口长度数据已更新: L37.140694 -> physical_length=37.140694
2025-09-02 14:37:11.096 | INFO     | Pendulum.PendulumAPP:_processSerialData:121 - 🔄 数据来源: 串口接收 -> PendulumState.physical_length
2025-09-02 14:37:11.142 | INFO     | Pendulum.PendulumAPP:_processSerialData:120 - 📏 串口长度数据已更新: L37.140694 -> physical_length=37.140694
2025-09-02 14:37:11.145 | INFO     | Pendulum.PendulumAPP:_processSerialData:121 - 🔄 数据来源: 串口接收 -> PendulumState.physical_length
2025-09-02 14:37:11.189 | INFO     | Pendulum.PendulumAPP:_processSerialData:120 - 📏 串口长度数据已更新: L37.140694 -> physical_length=37.140694
2025-09-02 14:37:11.190 | INFO     | Pendulum.PendulumAPP:_processSerialData:121 - 🔄 数据来源: 串口接收 -> PendulumState.physical_length
2025-09-02 14:37:11.235 | INFO     | Pendulum.PendulumAPP:_processSerialData:120 - 📏 串口长度数据已更新: L37.140694 -> physical_length=37.140694
2025-09-02 14:37:11.236 | INFO     | Pendulum.PendulumAPP:_processSerialData:121 - 🔄 数据来源: 串口接收 -> PendulumState.physical_length
2025-09-02 14:37:11.283 | INFO     | Pendulum.PendulumAPP:_processSerialData:120 - 📏 串口长度数据已更新: L37.140694 -> physical_length=37.140694
2025-09-02 14:37:11.284 | INFO     | Pendulum.PendulumAPP:_processSerialData:121 - 🔄 数据来源: 串口接收 -> PendulumState.physical_length
2025-09-02 14:37:11.330 | INFO     | Pendulum.PendulumAPP:_processSerialData:120 - 📏 串口长度数据已更新: L37.140694 -> physical_length=37.140694
2025-09-02 14:37:11.332 | INFO     | Pendulum.PendulumAPP:_processSerialData:121 - 🔄 数据来源: 串口接收 -> PendulumState.physical_length
2025-09-02 14:37:11.377 | INFO     | Pendulum.PendulumAPP:_processSerialData:120 - 📏 串口长度数据已更新: L37.140694 -> physical_length=37.140694
2025-09-02 14:37:11.378 | INFO     | Pendulum.PendulumAPP:_processSerialData:121 - 🔄 数据来源: 串口接收 -> PendulumState.physical_length
2025-09-02 14:37:11.422 | INFO     | Pendulum.PendulumAPP:_processSerialData:120 - 📏 串口长度数据已更新: L37.140694 -> physical_length=37.140694
2025-09-02 14:37:11.422 | INFO     | Pendulum.PendulumAPP:_processSerialData:121 - 🔄 数据来源: 串口接收 -> PendulumState.physical_length
2025-09-02 14:37:11.469 | INFO     | Pendulum.PendulumAPP:_processSerialData:120 - 📏 串口长度数据已更新: L37.140694 -> physical_length=37.140694
2025-09-02 14:37:11.469 | INFO     | Pendulum.PendulumAPP:_processSerialData:121 - 🔄 数据来源: 串口接收 -> PendulumState.physical_length
2025-09-02 14:37:11.516 | INFO     | Pendulum.PendulumAPP:_processSerialData:120 - 📏 串口长度数据已更新: L37.140694 -> physical_length=37.140694
2025-09-02 14:37:11.517 | INFO     | Pendulum.PendulumAPP:_processSerialData:121 - 🔄 数据来源: 串口接收 -> PendulumState.physical_length
2025-09-02 14:37:11.563 | INFO     | Pendulum.PendulumAPP:_processSerialData:120 - 📏 串口长度数据已更新: L37.140694 -> physical_length=37.140694
2025-09-02 14:37:11.564 | INFO     | Pendulum.PendulumAPP:_processSerialData:121 - 🔄 数据来源: 串口接收 -> PendulumState.physical_length
2025-09-02 14:37:11.609 | INFO     | Pendulum.PendulumAPP:_processSerialData:120 - 📏 串口长度数据已更新: L37.140694 -> physical_length=37.140694
2025-09-02 14:37:11.612 | INFO     | Pendulum.PendulumAPP:_processSerialData:121 - 🔄 数据来源: 串口接收 -> PendulumState.physical_length
2025-09-02 14:37:11.657 | INFO     | Pendulum.PendulumAPP:_processSerialData:120 - 📏 串口长度数据已更新: L37.140694 -> physical_length=37.140694
2025-09-02 14:37:11.658 | INFO     | Pendulum.PendulumAPP:_processSerialData:121 - 🔄 数据来源: 串口接收 -> PendulumState.physical_length
2025-09-02 14:37:11.703 | INFO     | Pendulum.PendulumAPP:_processSerialData:120 - 📏 串口长度数据已更新: L37.140694 -> physical_length=37.140694
2025-09-02 14:37:11.705 | INFO     | Pendulum.PendulumAPP:_processSerialData:121 - 🔄 数据来源: 串口接收 -> PendulumState.physical_length
2025-09-02 14:37:11.750 | INFO     | Pendulum.PendulumAPP:_processSerialData:120 - 📏 串口长度数据已更新: L37.140694 -> physical_length=37.140694
2025-09-02 14:37:11.751 | INFO     | Pendulum.PendulumAPP:_processSerialData:121 - 🔄 数据来源: 串口接收 -> PendulumState.physical_length
2025-09-02 14:37:11.796 | INFO     | Pendulum.PendulumAPP:_processSerialData:120 - 📏 串口长度数据已更新: L37.140694 -> physical_length=37.140694
2025-09-02 14:37:11.798 | INFO     | Pendulum.PendulumAPP:_processSerialData:121 - 🔄 数据来源: 串口接收 -> PendulumState.physical_length
2025-09-02 14:37:11.844 | INFO     | Pendulum.PendulumAPP:_processSerialData:120 - 📏 串口长度数据已更新: L37.140694 -> physical_length=37.140694
2025-09-02 14:37:11.845 | INFO     | Pendulum.PendulumAPP:_processSerialData:121 - 🔄 数据来源: 串口接收 -> PendulumState.physical_length
2025-09-02 14:37:11.890 | INFO     | Pendulum.PendulumAPP:_processSerialData:120 - 📏 串口长度数据已更新: L37.140694 -> physical_length=37.140694
2025-09-02 14:37:11.892 | INFO     | Pendulum.PendulumAPP:_processSerialData:121 - 🔄 数据来源: 串口接收 -> PendulumState.physical_length
2025-09-02 14:37:11.937 | INFO     | Pendulum.PendulumAPP:_processSerialData:120 - 📏 串口长度数据已更新: L37.140694 -> physical_length=37.140694
2025-09-02 14:37:11.938 | INFO     | Pendulum.PendulumAPP:_processSerialData:121 - 🔄 数据来源: 串口接收 -> PendulumState.physical_length
2025-09-02 14:37:11.984 | INFO     | Pendulum.PendulumAPP:_processSerialData:120 - 📏 串口长度数据已更新: L37.140694 -> physical_length=37.140694
2025-09-02 14:37:11.984 | INFO     | Pendulum.PendulumAPP:_processSerialData:121 - 🔄 数据来源: 串口接收 -> PendulumState.physical_length
2025-09-02 14:37:12.031 | INFO     | Pendulum.PendulumAPP:_processSerialData:120 - 📏 串口长度数据已更新: L37.140694 -> physical_length=37.140694
2025-09-02 14:37:12.031 | INFO     | Pendulum.PendulumAPP:_processSerialData:121 - 🔄 数据来源: 串口接收 -> PendulumState.physical_length
2025-09-02 14:37:12.076 | INFO     | Pendulum.PendulumAPP:_processSerialData:120 - 📏 串口长度数据已更新: L37.140694 -> physical_length=37.140694
2025-09-02 14:37:12.078 | INFO     | Pendulum.PendulumAPP:_processSerialData:121 - 🔄 数据来源: 串口接收 -> PendulumState.physical_length
2025-09-02 14:37:12.124 | INFO     | Pendulum.PendulumAPP:_processSerialData:120 - 📏 串口长度数据已更新: L37.140694 -> physical_length=37.140694
2025-09-02 14:37:12.125 | INFO     | Pendulum.PendulumAPP:_processSerialData:121 - 🔄 数据来源: 串口接收 -> PendulumState.physical_length
2025-09-02 14:37:12.170 | INFO     | Pendulum.PendulumAPP:_processSerialData:120 - 📏 串口长度数据已更新: L37.140694 -> physical_length=37.140694
2025-09-02 14:37:12.172 | INFO     | Pendulum.PendulumAPP:_processSerialData:121 - 🔄 数据来源: 串口接收 -> PendulumState.physical_length
2025-09-02 14:37:12.216 | INFO     | Pendulum.PendulumAPP:_processSerialData:120 - 📏 串口长度数据已更新: L37.140694 -> physical_length=37.140694
2025-09-02 14:37:12.218 | INFO     | Pendulum.PendulumAPP:_processSerialData:121 - 🔄 数据来源: 串口接收 -> PendulumState.physical_length
2025-09-02 14:37:12.263 | INFO     | Pendulum.PendulumAPP:_processSerialData:120 - 📏 串口长度数据已更新: L37.140694 -> physical_length=37.140694
2025-09-02 14:37:12.265 | INFO     | Pendulum.PendulumAPP:_processSerialData:121 - 🔄 数据来源: 串口接收 -> PendulumState.physical_length
2025-09-02 14:37:12.310 | INFO     | Pendulum.PendulumAPP:_processSerialData:120 - 📏 串口长度数据已更新: L37.140694 -> physical_length=37.140694
2025-09-02 14:37:12.313 | INFO     | Pendulum.PendulumAPP:_processSerialData:121 - 🔄 数据来源: 串口接收 -> PendulumState.physical_length
2025-09-02 14:37:12.356 | INFO     | Pendulum.PendulumAPP:_processSerialData:120 - 📏 串口长度数据已更新: L37.140694 -> physical_length=37.140694
2025-09-02 14:37:12.357 | INFO     | Pendulum.PendulumAPP:_processSerialData:121 - 🔄 数据来源: 串口接收 -> PendulumState.physical_length
2025-09-02 14:37:12.402 | INFO     | Pendulum.PendulumAPP:_processSerialData:120 - 📏 串口长度数据已更新: L37.140694 -> physical_length=37.140694
2025-09-02 14:37:12.402 | INFO     | Pendulum.PendulumAPP:_processSerialData:121 - 🔄 数据来源: 串口接收 -> PendulumState.physical_length
2025-09-02 14:37:12.448 | INFO     | Pendulum.PendulumAPP:_processSerialData:120 - 📏 串口长度数据已更新: L37.140694 -> physical_length=37.140694
2025-09-02 14:37:12.449 | INFO     | Pendulum.PendulumAPP:_processSerialData:121 - 🔄 数据来源: 串口接收 -> PendulumState.physical_length
2025-09-02 14:37:12.495 | INFO     | Pendulum.PendulumAPP:_processSerialData:120 - 📏 串口长度数据已更新: L37.140694 -> physical_length=37.140694
2025-09-02 14:37:12.496 | INFO     | Pendulum.PendulumAPP:_processSerialData:121 - 🔄 数据来源: 串口接收 -> PendulumState.physical_length
2025-09-02 14:37:12.541 | INFO     | Pendulum.PendulumAPP:_processSerialData:120 - 📏 串口长度数据已更新: L37.140694 -> physical_length=37.140694
2025-09-02 14:37:12.542 | INFO     | Pendulum.PendulumAPP:_processSerialData:121 - 🔄 数据来源: 串口接收 -> PendulumState.physical_length
2025-09-02 14:37:12.587 | INFO     | Pendulum.PendulumAPP:_processSerialData:120 - 📏 串口长度数据已更新: L37.140694 -> physical_length=37.140694
2025-09-02 14:37:12.589 | INFO     | Pendulum.PendulumAPP:_processSerialData:121 - 🔄 数据来源: 串口接收 -> PendulumState.physical_length
2025-09-02 14:37:12.632 | INFO     | Pendulum.PendulumAPP:_processSerialData:120 - 📏 串口长度数据已更新: L37.140694 -> physical_length=37.140694
2025-09-02 14:37:12.634 | INFO     | Pendulum.PendulumAPP:_processSerialData:121 - 🔄 数据来源: 串口接收 -> PendulumState.physical_length
2025-09-02 14:37:12.679 | INFO     | Pendulum.PendulumAPP:_processSerialData:120 - 📏 串口长度数据已更新: L37.140694 -> physical_length=37.140694
2025-09-02 14:37:12.681 | INFO     | Pendulum.PendulumAPP:_processSerialData:121 - 🔄 数据来源: 串口接收 -> PendulumState.physical_length
2025-09-02 14:37:12.726 | INFO     | Pendulum.PendulumAPP:_processSerialData:120 - 📏 串口长度数据已更新: L37.140694 -> physical_length=37.140694
2025-09-02 14:37:12.727 | INFO     | Pendulum.PendulumAPP:_processSerialData:121 - 🔄 数据来源: 串口接收 -> PendulumState.physical_length
2025-09-02 14:37:12.773 | INFO     | Pendulum.PendulumAPP:_processSerialData:120 - 📏 串口长度数据已更新: L37.140694 -> physical_length=37.140694
2025-09-02 14:37:12.774 | INFO     | Pendulum.PendulumAPP:_processSerialData:121 - 🔄 数据来源: 串口接收 -> PendulumState.physical_length
2025-09-02 14:37:12.821 | INFO     | Pendulum.PendulumAPP:_processSerialData:120 - 📏 串口长度数据已更新: L37.140694 -> physical_length=37.140694
2025-09-02 14:37:12.822 | INFO     | Pendulum.PendulumAPP:_processSerialData:121 - 🔄 数据来源: 串口接收 -> PendulumState.physical_length
2025-09-02 14:37:12.856 | INFO     | Pendulum.PendulumAPP:_keyEventWeb:271 - u1
2025-09-02 14:37:12.858 | INFO     | Pendulum.SerialConncet:send:199 - sendu1
2025-09-02 14:37:12.860 | INFO     | Pendulum.SerialConncet:send:201 - [发送] u1
2025-09-02 14:37:12.867 | INFO     | Pendulum.PendulumAPP:_processSerialData:120 - 📏 串口长度数据已更新: L37.140694 -> physical_length=37.140694
2025-09-02 14:37:12.868 | INFO     | Pendulum.PendulumAPP:_processSerialData:121 - 🔄 数据来源: 串口接收 -> PendulumState.physical_length
2025-09-02 14:37:12.913 | INFO     | Pendulum.PendulumAPP:_processSerialData:120 - 📏 串口长度数据已更新: L37.140694 -> physical_length=37.140694
2025-09-02 14:37:12.914 | INFO     | Pendulum.PendulumAPP:_processSerialData:121 - 🔄 数据来源: 串口接收 -> PendulumState.physical_length
2025-09-02 14:37:12.959 | INFO     | Pendulum.PendulumAPP:_processSerialData:120 - 📏 串口长度数据已更新: L37.140694 -> physical_length=37.140694
2025-09-02 14:37:12.960 | INFO     | Pendulum.PendulumAPP:_processSerialData:121 - 🔄 数据来源: 串口接收 -> PendulumState.physical_length
2025-09-02 14:37:13.006 | INFO     | Pendulum.PendulumAPP:_processSerialData:120 - 📏 串口长度数据已更新: L37.140694 -> physical_length=37.140694
2025-09-02 14:37:13.007 | INFO     | Pendulum.PendulumAPP:_processSerialData:121 - 🔄 数据来源: 串口接收 -> PendulumState.physical_length
2025-09-02 14:37:13.053 | INFO     | Pendulum.PendulumAPP:_processSerialData:120 - 📏 串口长度数据已更新: L37.140694 -> physical_length=37.140694
2025-09-02 14:37:13.053 | INFO     | Pendulum.PendulumAPP:_processSerialData:121 - 🔄 数据来源: 串口接收 -> PendulumState.physical_length
2025-09-02 14:37:13.101 | INFO     | Pendulum.PendulumAPP:_processSerialData:120 - 📏 串口长度数据已更新: L37.140694 -> physical_length=37.140694
2025-09-02 14:37:13.101 | INFO     | Pendulum.PendulumAPP:_processSerialData:121 - 🔄 数据来源: 串口接收 -> PendulumState.physical_length
2025-09-02 14:37:13.146 | INFO     | Pendulum.PendulumAPP:_processSerialData:120 - 📏 串口长度数据已更新: L37.140694 -> physical_length=37.140694
2025-09-02 14:37:13.146 | INFO     | Pendulum.PendulumAPP:_processSerialData:121 - 🔄 数据来源: 串口接收 -> PendulumState.physical_length
2025-09-02 14:37:13.193 | INFO     | Pendulum.PendulumAPP:_processSerialData:120 - 📏 串口长度数据已更新: L37.140694 -> physical_length=37.140694
2025-09-02 14:37:13.198 | INFO     | Pendulum.PendulumAPP:_processSerialData:121 - 🔄 数据来源: 串口接收 -> PendulumState.physical_length
2025-09-02 14:37:13.240 | INFO     | Pendulum.PendulumAPP:_processSerialData:120 - 📏 串口长度数据已更新: L37.140694 -> physical_length=37.140694
2025-09-02 14:37:13.242 | INFO     | Pendulum.PendulumAPP:_processSerialData:121 - 🔄 数据来源: 串口接收 -> PendulumState.physical_length
2025-09-02 14:37:13.287 | INFO     | Pendulum.PendulumAPP:_processSerialData:120 - 📏 串口长度数据已更新: L37.140694 -> physical_length=37.140694
2025-09-02 14:37:13.290 | INFO     | Pendulum.PendulumAPP:_processSerialData:121 - 🔄 数据来源: 串口接收 -> PendulumState.physical_length
2025-09-02 14:37:13.334 | INFO     | Pendulum.PendulumAPP:_processSerialData:120 - 📏 串口长度数据已更新: L37.140694 -> physical_length=37.140694
2025-09-02 14:37:13.335 | INFO     | Pendulum.PendulumAPP:_processSerialData:121 - 🔄 数据来源: 串口接收 -> PendulumState.physical_length
2025-09-02 14:37:13.381 | INFO     | Pendulum.PendulumAPP:_processSerialData:120 - 📏 串口长度数据已更新: L37.140694 -> physical_length=37.140694
2025-09-02 14:37:13.382 | INFO     | Pendulum.PendulumAPP:_processSerialData:121 - 🔄 数据来源: 串口接收 -> PendulumState.physical_length
2025-09-02 14:37:13.428 | INFO     | Pendulum.PendulumAPP:_processSerialData:120 - 📏 串口长度数据已更新: L37.140694 -> physical_length=37.140694
2025-09-02 14:37:13.429 | INFO     | Pendulum.PendulumAPP:_processSerialData:121 - 🔄 数据来源: 串口接收 -> PendulumState.physical_length
2025-09-02 14:37:13.474 | INFO     | Pendulum.PendulumAPP:_processSerialData:120 - 📏 串口长度数据已更新: L37.140694 -> physical_length=37.140694
2025-09-02 14:37:13.475 | INFO     | Pendulum.PendulumAPP:_processSerialData:121 - 🔄 数据来源: 串口接收 -> PendulumState.physical_length
2025-09-02 14:37:13.520 | INFO     | Pendulum.PendulumAPP:_processSerialData:120 - 📏 串口长度数据已更新: L37.140694 -> physical_length=37.140694
2025-09-02 14:37:13.521 | INFO     | Pendulum.PendulumAPP:_processSerialData:121 - 🔄 数据来源: 串口接收 -> PendulumState.physical_length
2025-09-02 14:37:13.567 | INFO     | Pendulum.PendulumAPP:_processSerialData:120 - 📏 串口长度数据已更新: L37.140694 -> physical_length=37.140694
2025-09-02 14:37:13.568 | INFO     | Pendulum.PendulumAPP:_processSerialData:121 - 🔄 数据来源: 串口接收 -> PendulumState.physical_length
2025-09-02 14:37:13.613 | INFO     | Pendulum.PendulumAPP:_processSerialData:120 - 📏 串口长度数据已更新: L37.140694 -> physical_length=37.140694
2025-09-02 14:37:13.614 | INFO     | Pendulum.PendulumAPP:_processSerialData:121 - 🔄 数据来源: 串口接收 -> PendulumState.physical_length
2025-09-02 14:37:13.659 | INFO     | Pendulum.PendulumAPP:_processSerialData:120 - 📏 串口长度数据已更新: L37.140694 -> physical_length=37.140694
2025-09-02 14:37:13.660 | INFO     | Pendulum.PendulumAPP:_processSerialData:121 - 🔄 数据来源: 串口接收 -> PendulumState.physical_length
2025-09-02 14:37:13.706 | INFO     | Pendulum.PendulumAPP:_processSerialData:120 - 📏 串口长度数据已更新: L37.140694 -> physical_length=37.140694
2025-09-02 14:37:13.708 | INFO     | Pendulum.PendulumAPP:_processSerialData:121 - 🔄 数据来源: 串口接收 -> PendulumState.physical_length
2025-09-02 14:37:13.751 | INFO     | Pendulum.PendulumAPP:_processSerialData:120 - 📏 串口长度数据已更新: L37.140694 -> physical_length=37.140694
2025-09-02 14:37:13.754 | INFO     | Pendulum.PendulumAPP:_processSerialData:121 - 🔄 数据来源: 串口接收 -> PendulumState.physical_length
2025-09-02 14:37:13.798 | INFO     | Pendulum.PendulumAPP:_processSerialData:120 - 📏 串口长度数据已更新: L37.140694 -> physical_length=37.140694
2025-09-02 14:37:13.801 | INFO     | Pendulum.PendulumAPP:_processSerialData:121 - 🔄 数据来源: 串口接收 -> PendulumState.physical_length
2025-09-02 14:37:13.844 | INFO     | Pendulum.PendulumAPP:_processSerialData:120 - 📏 串口长度数据已更新: L37.140694 -> physical_length=37.140694
2025-09-02 14:37:13.845 | INFO     | Pendulum.PendulumAPP:_processSerialData:121 - 🔄 数据来源: 串口接收 -> PendulumState.physical_length
2025-09-02 14:37:13.893 | INFO     | Pendulum.PendulumAPP:_processSerialData:120 - 📏 串口长度数据已更新: L37.140694 -> physical_length=37.140694
2025-09-02 14:37:13.894 | INFO     | Pendulum.PendulumAPP:_processSerialData:121 - 🔄 数据来源: 串口接收 -> PendulumState.physical_length
2025-09-02 14:37:13.939 | INFO     | Pendulum.PendulumAPP:_processSerialData:120 - 📏 串口长度数据已更新: L37.140694 -> physical_length=37.140694
2025-09-02 14:37:13.940 | INFO     | Pendulum.PendulumAPP:_processSerialData:121 - 🔄 数据来源: 串口接收 -> PendulumState.physical_length
2025-09-02 14:37:13.986 | INFO     | Pendulum.PendulumAPP:_processSerialData:120 - 📏 串口长度数据已更新: L37.140694 -> physical_length=37.140694
2025-09-02 14:37:13.988 | INFO     | Pendulum.PendulumAPP:_processSerialData:121 - 🔄 数据来源: 串口接收 -> PendulumState.physical_length
2025-09-02 14:37:14.032 | INFO     | Pendulum.PendulumAPP:_processSerialData:120 - 📏 串口长度数据已更新: L37.140694 -> physical_length=37.140694
2025-09-02 14:37:14.033 | INFO     | Pendulum.PendulumAPP:_processSerialData:121 - 🔄 数据来源: 串口接收 -> PendulumState.physical_length
2025-09-02 14:37:14.080 | INFO     | Pendulum.PendulumAPP:_processSerialData:120 - 📏 串口长度数据已更新: L37.140694 -> physical_length=37.140694
2025-09-02 14:37:14.081 | INFO     | Pendulum.PendulumAPP:_processSerialData:121 - 🔄 数据来源: 串口接收 -> PendulumState.physical_length
2025-09-02 14:37:14.127 | INFO     | Pendulum.PendulumAPP:_processSerialData:120 - 📏 串口长度数据已更新: L37.140694 -> physical_length=37.140694
2025-09-02 14:37:14.128 | INFO     | Pendulum.PendulumAPP:_processSerialData:121 - 🔄 数据来源: 串口接收 -> PendulumState.physical_length
2025-09-02 14:37:14.172 | INFO     | Pendulum.PendulumAPP:_processSerialData:120 - 📏 串口长度数据已更新: L37.140694 -> physical_length=37.140694
2025-09-02 14:37:14.174 | INFO     | Pendulum.PendulumAPP:_processSerialData:121 - 🔄 数据来源: 串口接收 -> PendulumState.physical_length
2025-09-02 14:37:14.219 | INFO     | Pendulum.PendulumAPP:_processSerialData:120 - 📏 串口长度数据已更新: L37.140694 -> physical_length=37.140694
2025-09-02 14:37:14.220 | INFO     | Pendulum.PendulumAPP:_processSerialData:121 - 🔄 数据来源: 串口接收 -> PendulumState.physical_length
2025-09-02 14:37:14.266 | INFO     | Pendulum.PendulumAPP:_processSerialData:120 - 📏 串口长度数据已更新: L37.140694 -> physical_length=37.140694
2025-09-02 14:37:14.267 | INFO     | Pendulum.PendulumAPP:_processSerialData:121 - 🔄 数据来源: 串口接收 -> PendulumState.physical_length
2025-09-02 14:37:14.312 | INFO     | Pendulum.PendulumAPP:_processSerialData:120 - 📏 串口长度数据已更新: L37.140694 -> physical_length=37.140694
2025-09-02 14:37:14.313 | INFO     | Pendulum.PendulumAPP:_processSerialData:121 - 🔄 数据来源: 串口接收 -> PendulumState.physical_length
2025-09-02 14:37:14.359 | INFO     | Pendulum.PendulumAPP:_processSerialData:120 - 📏 串口长度数据已更新: L37.140694 -> physical_length=37.140694
2025-09-02 14:37:14.361 | INFO     | Pendulum.PendulumAPP:_processSerialData:121 - 🔄 数据来源: 串口接收 -> PendulumState.physical_length
2025-09-02 14:37:14.405 | INFO     | Pendulum.PendulumAPP:_processSerialData:120 - 📏 串口长度数据已更新: L37.140694 -> physical_length=37.140694
2025-09-02 14:37:14.406 | INFO     | Pendulum.PendulumAPP:_processSerialData:121 - 🔄 数据来源: 串口接收 -> PendulumState.physical_length
2025-09-02 14:37:14.451 | INFO     | Pendulum.PendulumAPP:_processSerialData:120 - 📏 串口长度数据已更新: L37.140694 -> physical_length=37.140694
2025-09-02 14:37:14.453 | INFO     | Pendulum.PendulumAPP:_processSerialData:121 - 🔄 数据来源: 串口接收 -> PendulumState.physical_length
2025-09-02 14:37:14.497 | INFO     | Pendulum.PendulumAPP:_processSerialData:120 - 📏 串口长度数据已更新: L37.140694 -> physical_length=37.140694
2025-09-02 14:37:14.498 | INFO     | Pendulum.PendulumAPP:_processSerialData:121 - 🔄 数据来源: 串口接收 -> PendulumState.physical_length
2025-09-02 14:37:14.545 | INFO     | Pendulum.PendulumAPP:_processSerialData:120 - 📏 串口长度数据已更新: L37.140694 -> physical_length=37.140694
2025-09-02 14:37:14.547 | INFO     | Pendulum.PendulumAPP:_processSerialData:121 - 🔄 数据来源: 串口接收 -> PendulumState.physical_length
2025-09-02 14:37:14.592 | INFO     | Pendulum.PendulumAPP:_processSerialData:120 - 📏 串口长度数据已更新: L37.140694 -> physical_length=37.140694
2025-09-02 14:37:14.593 | INFO     | Pendulum.PendulumAPP:_processSerialData:121 - 🔄 数据来源: 串口接收 -> PendulumState.physical_length
2025-09-02 14:37:14.639 | INFO     | Pendulum.PendulumAPP:_processSerialData:120 - 📏 串口长度数据已更新: L37.140694 -> physical_length=37.140694
2025-09-02 14:37:14.640 | INFO     | Pendulum.PendulumAPP:_processSerialData:121 - 🔄 数据来源: 串口接收 -> PendulumState.physical_length
2025-09-02 14:37:14.685 | INFO     | Pendulum.PendulumAPP:_processSerialData:120 - 📏 串口长度数据已更新: L37.140694 -> physical_length=37.140694
2025-09-02 14:37:14.686 | INFO     | Pendulum.PendulumAPP:_processSerialData:121 - 🔄 数据来源: 串口接收 -> PendulumState.physical_length
2025-09-02 14:37:14.732 | INFO     | Pendulum.PendulumAPP:_processSerialData:120 - 📏 串口长度数据已更新: L37.140694 -> physical_length=37.140694
2025-09-02 14:37:14.733 | INFO     | Pendulum.PendulumAPP:_processSerialData:121 - 🔄 数据来源: 串口接收 -> PendulumState.physical_length
2025-09-02 14:37:14.779 | INFO     | Pendulum.PendulumAPP:_processSerialData:120 - 📏 串口长度数据已更新: L37.140694 -> physical_length=37.140694
2025-09-02 14:37:14.781 | INFO     | Pendulum.PendulumAPP:_processSerialData:121 - 🔄 数据来源: 串口接收 -> PendulumState.physical_length
2025-09-02 14:37:14.825 | INFO     | Pendulum.PendulumAPP:_processSerialData:120 - 📏 串口长度数据已更新: L37.140694 -> physical_length=37.140694
2025-09-02 14:37:14.825 | INFO     | Pendulum.PendulumAPP:_processSerialData:121 - 🔄 数据来源: 串口接收 -> PendulumState.physical_length
2025-09-02 14:37:14.870 | INFO     | Pendulum.PendulumAPP:_processSerialData:120 - 📏 串口长度数据已更新: L37.140694 -> physical_length=37.140694
2025-09-02 14:37:14.871 | INFO     | Pendulum.PendulumAPP:_processSerialData:121 - 🔄 数据来源: 串口接收 -> PendulumState.physical_length
2025-09-02 14:37:14.918 | INFO     | Pendulum.PendulumAPP:_processSerialData:120 - 📏 串口长度数据已更新: L37.140694 -> physical_length=37.140694
2025-09-02 14:37:14.919 | INFO     | Pendulum.PendulumAPP:_processSerialData:121 - 🔄 数据来源: 串口接收 -> PendulumState.physical_length
2025-09-02 14:37:14.963 | INFO     | Pendulum.PendulumAPP:_processSerialData:120 - 📏 串口长度数据已更新: L37.140694 -> physical_length=37.140694
2025-09-02 14:37:14.965 | INFO     | Pendulum.PendulumAPP:_processSerialData:121 - 🔄 数据来源: 串口接收 -> PendulumState.physical_length
2025-09-02 14:37:15.010 | INFO     | Pendulum.PendulumAPP:_processSerialData:120 - 📏 串口长度数据已更新: L37.140694 -> physical_length=37.140694
2025-09-02 14:37:15.011 | INFO     | Pendulum.PendulumAPP:_processSerialData:121 - 🔄 数据来源: 串口接收 -> PendulumState.physical_length
2025-09-02 14:37:15.057 | INFO     | Pendulum.PendulumAPP:_processSerialData:120 - 📏 串口长度数据已更新: L37.140694 -> physical_length=37.140694
2025-09-02 14:37:15.058 | INFO     | Pendulum.PendulumAPP:_processSerialData:121 - 🔄 数据来源: 串口接收 -> PendulumState.physical_length
2025-09-02 14:37:15.104 | INFO     | Pendulum.PendulumAPP:_processSerialData:120 - 📏 串口长度数据已更新: L37.140694 -> physical_length=37.140694
2025-09-02 14:37:15.105 | INFO     | Pendulum.PendulumAPP:_processSerialData:121 - 🔄 数据来源: 串口接收 -> PendulumState.physical_length
2025-09-02 14:37:15.151 | INFO     | Pendulum.PendulumAPP:_processSerialData:120 - 📏 串口长度数据已更新: L37.140694 -> physical_length=37.140694
2025-09-02 14:37:15.152 | INFO     | Pendulum.PendulumAPP:_processSerialData:121 - 🔄 数据来源: 串口接收 -> PendulumState.physical_length
2025-09-02 14:37:15.198 | INFO     | Pendulum.PendulumAPP:_processSerialData:120 - 📏 串口长度数据已更新: L37.140694 -> physical_length=37.140694
2025-09-02 14:37:15.199 | INFO     | Pendulum.PendulumAPP:_processSerialData:121 - 🔄 数据来源: 串口接收 -> PendulumState.physical_length
2025-09-02 14:37:15.243 | INFO     | Pendulum.PendulumAPP:_processSerialData:120 - 📏 串口长度数据已更新: L37.140694 -> physical_length=37.140694
2025-09-02 14:37:15.245 | INFO     | Pendulum.PendulumAPP:_processSerialData:121 - 🔄 数据来源: 串口接收 -> PendulumState.physical_length
2025-09-02 14:37:15.291 | INFO     | Pendulum.PendulumAPP:_processSerialData:120 - 📏 串口长度数据已更新: L37.140694 -> physical_length=37.140694
2025-09-02 14:37:15.293 | INFO     | Pendulum.PendulumAPP:_processSerialData:121 - 🔄 数据来源: 串口接收 -> PendulumState.physical_length
2025-09-02 14:37:15.338 | INFO     | Pendulum.PendulumAPP:_processSerialData:120 - 📏 串口长度数据已更新: L37.140694 -> physical_length=37.140694
2025-09-02 14:37:15.340 | INFO     | Pendulum.PendulumAPP:_processSerialData:121 - 🔄 数据来源: 串口接收 -> PendulumState.physical_length
2025-09-02 14:37:15.386 | INFO     | Pendulum.PendulumAPP:_processSerialData:120 - 📏 串口长度数据已更新: L37.140694 -> physical_length=37.140694
2025-09-02 14:37:15.387 | INFO     | Pendulum.PendulumAPP:_processSerialData:121 - 🔄 数据来源: 串口接收 -> PendulumState.physical_length
2025-09-02 14:37:15.432 | INFO     | Pendulum.PendulumAPP:_processSerialData:120 - 📏 串口长度数据已更新: L37.140694 -> physical_length=37.140694
2025-09-02 14:37:15.434 | INFO     | Pendulum.PendulumAPP:_processSerialData:121 - 🔄 数据来源: 串口接收 -> PendulumState.physical_length
2025-09-02 14:37:15.480 | INFO     | Pendulum.PendulumAPP:_processSerialData:120 - 📏 串口长度数据已更新: L37.140694 -> physical_length=37.140694
2025-09-02 14:37:15.482 | INFO     | Pendulum.PendulumAPP:_processSerialData:121 - 🔄 数据来源: 串口接收 -> PendulumState.physical_length
2025-09-02 14:37:15.525 | INFO     | Pendulum.PendulumAPP:_processSerialData:120 - 📏 串口长度数据已更新: L37.140694 -> physical_length=37.140694
2025-09-02 14:37:15.527 | INFO     | Pendulum.PendulumAPP:_processSerialData:121 - 🔄 数据来源: 串口接收 -> PendulumState.physical_length
2025-09-02 14:37:15.572 | INFO     | Pendulum.PendulumAPP:_processSerialData:120 - 📏 串口长度数据已更新: L37.140694 -> physical_length=37.140694
2025-09-02 14:37:15.574 | INFO     | Pendulum.PendulumAPP:_processSerialData:121 - 🔄 数据来源: 串口接收 -> PendulumState.physical_length
2025-09-02 14:37:15.619 | INFO     | Pendulum.PendulumAPP:_processSerialData:120 - 📏 串口长度数据已更新: L37.140694 -> physical_length=37.140694
2025-09-02 14:37:15.620 | INFO     | Pendulum.PendulumAPP:_processSerialData:121 - 🔄 数据来源: 串口接收 -> PendulumState.physical_length
2025-09-02 14:37:15.665 | INFO     | Pendulum.PendulumAPP:_processSerialData:120 - 📏 串口长度数据已更新: L37.140694 -> physical_length=37.140694
2025-09-02 14:37:15.666 | INFO     | Pendulum.PendulumAPP:_processSerialData:121 - 🔄 数据来源: 串口接收 -> PendulumState.physical_length
2025-09-02 14:37:15.711 | INFO     | Pendulum.PendulumAPP:_processSerialData:120 - 📏 串口长度数据已更新: L37.140694 -> physical_length=37.140694
2025-09-02 14:37:15.712 | INFO     | Pendulum.PendulumAPP:_processSerialData:121 - 🔄 数据来源: 串口接收 -> PendulumState.physical_length
2025-09-02 14:37:15.757 | INFO     | Pendulum.PendulumAPP:_processSerialData:120 - 📏 串口长度数据已更新: L37.140694 -> physical_length=37.140694
2025-09-02 14:37:15.759 | INFO     | Pendulum.PendulumAPP:_processSerialData:121 - 🔄 数据来源: 串口接收 -> PendulumState.physical_length
2025-09-02 14:37:15.803 | INFO     | Pendulum.PendulumAPP:_processSerialData:120 - 📏 串口长度数据已更新: L37.140694 -> physical_length=37.140694
2025-09-02 14:37:15.804 | INFO     | Pendulum.PendulumAPP:_processSerialData:121 - 🔄 数据来源: 串口接收 -> PendulumState.physical_length
2025-09-02 14:37:15.850 | INFO     | Pendulum.PendulumAPP:_processSerialData:120 - 📏 串口长度数据已更新: L37.140694 -> physical_length=37.140694
2025-09-02 14:37:15.851 | INFO     | Pendulum.PendulumAPP:_processSerialData:121 - 🔄 数据来源: 串口接收 -> PendulumState.physical_length
2025-09-02 14:37:15.896 | INFO     | Pendulum.PendulumAPP:_processSerialData:120 - 📏 串口长度数据已更新: L37.140694 -> physical_length=37.140694
2025-09-02 14:37:15.896 | INFO     | Pendulum.PendulumAPP:_processSerialData:121 - 🔄 数据来源: 串口接收 -> PendulumState.physical_length
2025-09-02 14:37:15.942 | INFO     | Pendulum.PendulumAPP:_processSerialData:120 - 📏 串口长度数据已更新: L37.140694 -> physical_length=37.140694
2025-09-02 14:37:15.943 | INFO     | Pendulum.PendulumAPP:_processSerialData:121 - 🔄 数据来源: 串口接收 -> PendulumState.physical_length
2025-09-02 14:37:15.976 | INFO     | Pendulum.PendulumAPP:_keyEventWeb:274 - u0
2025-09-02 14:37:15.977 | INFO     | Pendulum.SerialConncet:send:199 - sendu0
2025-09-02 14:37:15.979 | INFO     | Pendulum.SerialConncet:send:201 - [发送] u0
2025-09-02 14:37:15.990 | INFO     | Pendulum.PendulumAPP:_processSerialData:120 - 📏 串口长度数据已更新: L37.140694 -> physical_length=37.140694
2025-09-02 14:37:15.991 | INFO     | Pendulum.PendulumAPP:_processSerialData:121 - 🔄 数据来源: 串口接收 -> PendulumState.physical_length
2025-09-02 14:37:16.035 | INFO     | Pendulum.PendulumAPP:_processSerialData:120 - 📏 串口长度数据已更新: L37.140694 -> physical_length=37.140694
2025-09-02 14:37:16.036 | INFO     | Pendulum.PendulumAPP:_processSerialData:121 - 🔄 数据来源: 串口接收 -> PendulumState.physical_length
2025-09-02 14:37:16.082 | INFO     | Pendulum.PendulumAPP:_processSerialData:120 - 📏 串口长度数据已更新: L37.140694 -> physical_length=37.140694
2025-09-02 14:37:16.083 | INFO     | Pendulum.PendulumAPP:_processSerialData:121 - 🔄 数据来源: 串口接收 -> PendulumState.physical_length
2025-09-02 14:37:16.130 | INFO     | Pendulum.PendulumAPP:_processSerialData:120 - 📏 串口长度数据已更新: L37.140694 -> physical_length=37.140694
2025-09-02 14:37:16.132 | INFO     | Pendulum.PendulumAPP:_processSerialData:121 - 🔄 数据来源: 串口接收 -> PendulumState.physical_length
2025-09-02 14:37:16.176 | INFO     | Pendulum.PendulumAPP:_processSerialData:120 - 📏 串口长度数据已更新: L37.140694 -> physical_length=37.140694
2025-09-02 14:37:16.176 | INFO     | Pendulum.PendulumAPP:_processSerialData:121 - 🔄 数据来源: 串口接收 -> PendulumState.physical_length
2025-09-02 14:37:16.223 | INFO     | Pendulum.PendulumAPP:_processSerialData:120 - 📏 串口长度数据已更新: L37.140694 -> physical_length=37.140694
2025-09-02 14:37:16.224 | INFO     | Pendulum.PendulumAPP:_processSerialData:121 - 🔄 数据来源: 串口接收 -> PendulumState.physical_length
2025-09-02 14:37:16.269 | INFO     | Pendulum.PendulumAPP:_processSerialData:120 - 📏 串口长度数据已更新: L37.140694 -> physical_length=37.140694
2025-09-02 14:37:16.270 | INFO     | Pendulum.PendulumAPP:_processSerialData:121 - 🔄 数据来源: 串口接收 -> PendulumState.physical_length
2025-09-02 14:37:16.314 | INFO     | Pendulum.PendulumAPP:_processSerialData:120 - 📏 串口长度数据已更新: L37.140694 -> physical_length=37.140694
2025-09-02 14:37:16.315 | INFO     | Pendulum.PendulumAPP:_processSerialData:121 - 🔄 数据来源: 串口接收 -> PendulumState.physical_length
2025-09-02 14:37:16.360 | INFO     | Pendulum.PendulumAPP:_processSerialData:120 - 📏 串口长度数据已更新: L37.140694 -> physical_length=37.140694
2025-09-02 14:37:16.363 | INFO     | Pendulum.PendulumAPP:_processSerialData:121 - 🔄 数据来源: 串口接收 -> PendulumState.physical_length
2025-09-02 14:37:16.406 | INFO     | Pendulum.PendulumAPP:_processSerialData:120 - 📏 串口长度数据已更新: L37.140694 -> physical_length=37.140694
2025-09-02 14:37:16.407 | INFO     | Pendulum.PendulumAPP:_processSerialData:121 - 🔄 数据来源: 串口接收 -> PendulumState.physical_length
2025-09-02 14:37:16.454 | INFO     | Pendulum.PendulumAPP:_processSerialData:120 - 📏 串口长度数据已更新: L37.140694 -> physical_length=37.140694
2025-09-02 14:37:16.455 | INFO     | Pendulum.PendulumAPP:_processSerialData:121 - 🔄 数据来源: 串口接收 -> PendulumState.physical_length
2025-09-02 14:37:16.501 | INFO     | Pendulum.PendulumAPP:_processSerialData:120 - 📏 串口长度数据已更新: L37.140694 -> physical_length=37.140694
2025-09-02 14:37:16.503 | INFO     | Pendulum.PendulumAPP:_processSerialData:121 - 🔄 数据来源: 串口接收 -> PendulumState.physical_length
2025-09-02 14:37:16.547 | INFO     | Pendulum.PendulumAPP:_processSerialData:120 - 📏 串口长度数据已更新: L37.140694 -> physical_length=37.140694
2025-09-02 14:37:16.548 | INFO     | Pendulum.PendulumAPP:_processSerialData:121 - 🔄 数据来源: 串口接收 -> PendulumState.physical_length
2025-09-02 14:37:16.592 | INFO     | Pendulum.PendulumAPP:_processSerialData:120 - 📏 串口长度数据已更新: L37.140694 -> physical_length=37.140694
2025-09-02 14:37:16.593 | INFO     | Pendulum.PendulumAPP:_processSerialData:121 - 🔄 数据来源: 串口接收 -> PendulumState.physical_length
2025-09-02 14:37:16.639 | INFO     | Pendulum.PendulumAPP:_processSerialData:120 - 📏 串口长度数据已更新: L37.140694 -> physical_length=37.140694
2025-09-02 14:37:16.640 | INFO     | Pendulum.PendulumAPP:_processSerialData:121 - 🔄 数据来源: 串口接收 -> PendulumState.physical_length
2025-09-02 14:37:16.686 | INFO     | Pendulum.PendulumAPP:_processSerialData:120 - 📏 串口长度数据已更新: L37.140694 -> physical_length=37.140694
2025-09-02 14:37:16.687 | INFO     | Pendulum.PendulumAPP:_processSerialData:121 - 🔄 数据来源: 串口接收 -> PendulumState.physical_length
2025-09-02 14:37:16.733 | INFO     | Pendulum.PendulumAPP:_processSerialData:120 - 📏 串口长度数据已更新: L37.140694 -> physical_length=37.140694
2025-09-02 14:37:16.734 | INFO     | Pendulum.PendulumAPP:_processSerialData:121 - 🔄 数据来源: 串口接收 -> PendulumState.physical_length
2025-09-02 14:37:16.779 | INFO     | Pendulum.PendulumAPP:_processSerialData:120 - 📏 串口长度数据已更新: L37.140694 -> physical_length=37.140694
2025-09-02 14:37:16.780 | INFO     | Pendulum.PendulumAPP:_processSerialData:121 - 🔄 数据来源: 串口接收 -> PendulumState.physical_length
2025-09-02 14:37:16.825 | INFO     | Pendulum.PendulumAPP:_processSerialData:120 - 📏 串口长度数据已更新: L37.140694 -> physical_length=37.140694
2025-09-02 14:37:16.826 | INFO     | Pendulum.PendulumAPP:_processSerialData:121 - 🔄 数据来源: 串口接收 -> PendulumState.physical_length
2025-09-02 14:37:16.871 | INFO     | Pendulum.PendulumAPP:_processSerialData:120 - 📏 串口长度数据已更新: L37.140694 -> physical_length=37.140694
2025-09-02 14:37:16.874 | INFO     | Pendulum.PendulumAPP:_processSerialData:121 - 🔄 数据来源: 串口接收 -> PendulumState.physical_length
2025-09-02 14:37:16.918 | INFO     | Pendulum.PendulumAPP:_processSerialData:120 - 📏 串口长度数据已更新: L37.140694 -> physical_length=37.140694
2025-09-02 14:37:16.919 | INFO     | Pendulum.PendulumAPP:_processSerialData:121 - 🔄 数据来源: 串口接收 -> PendulumState.physical_length
2025-09-02 14:37:16.966 | INFO     | Pendulum.PendulumAPP:_processSerialData:120 - 📏 串口长度数据已更新: L37.140694 -> physical_length=37.140694
2025-09-02 14:37:16.968 | INFO     | Pendulum.PendulumAPP:_processSerialData:121 - 🔄 数据来源: 串口接收 -> PendulumState.physical_length
2025-09-02 14:37:17.011 | INFO     | Pendulum.PendulumAPP:_processSerialData:120 - 📏 串口长度数据已更新: L37.140694 -> physical_length=37.140694
2025-09-02 14:37:17.012 | INFO     | Pendulum.PendulumAPP:_processSerialData:121 - 🔄 数据来源: 串口接收 -> PendulumState.physical_length
2025-09-02 14:37:17.059 | INFO     | Pendulum.PendulumAPP:_processSerialData:120 - 📏 串口长度数据已更新: L37.140694 -> physical_length=37.140694
2025-09-02 14:37:17.060 | INFO     | Pendulum.PendulumAPP:_processSerialData:121 - 🔄 数据来源: 串口接收 -> PendulumState.physical_length
2025-09-02 14:37:17.106 | INFO     | Pendulum.PendulumAPP:_processSerialData:120 - 📏 串口长度数据已更新: L37.140694 -> physical_length=37.140694
2025-09-02 14:37:17.107 | INFO     | Pendulum.PendulumAPP:_processSerialData:121 - 🔄 数据来源: 串口接收 -> PendulumState.physical_length
2025-09-02 14:37:17.153 | INFO     | Pendulum.PendulumAPP:_processSerialData:120 - 📏 串口长度数据已更新: L37.140694 -> physical_length=37.140694
2025-09-02 14:37:17.154 | INFO     | Pendulum.PendulumAPP:_processSerialData:121 - 🔄 数据来源: 串口接收 -> PendulumState.physical_length
2025-09-02 14:37:17.199 | INFO     | Pendulum.PendulumAPP:_processSerialData:120 - 📏 串口长度数据已更新: L37.140694 -> physical_length=37.140694
2025-09-02 14:37:17.201 | INFO     | Pendulum.PendulumAPP:_processSerialData:121 - 🔄 数据来源: 串口接收 -> PendulumState.physical_length
2025-09-02 14:37:17.245 | INFO     | Pendulum.PendulumAPP:_processSerialData:120 - 📏 串口长度数据已更新: L37.140694 -> physical_length=37.140694
2025-09-02 14:37:17.245 | INFO     | Pendulum.PendulumAPP:_processSerialData:121 - 🔄 数据来源: 串口接收 -> PendulumState.physical_length
2025-09-02 14:37:17.291 | INFO     | Pendulum.PendulumAPP:_processSerialData:120 - 📏 串口长度数据已更新: L37.140694 -> physical_length=37.140694
2025-09-02 14:37:17.292 | INFO     | Pendulum.PendulumAPP:_processSerialData:121 - 🔄 数据来源: 串口接收 -> PendulumState.physical_length
2025-09-02 14:37:17.335 | INFO     | Pendulum.PendulumAPP:_keyEventWeb:289 - d1
2025-09-02 14:37:17.340 | INFO     | Pendulum.SerialConncet:send:199 - sendd1
2025-09-02 14:37:17.342 | INFO     | Pendulum.SerialConncet:send:201 - [发送] d1
2025-09-02 14:37:17.353 | INFO     | Pendulum.PendulumAPP:_processSerialData:120 - 📏 串口长度数据已更新: L37.140694 -> physical_length=37.140694
2025-09-02 14:37:17.354 | INFO     | Pendulum.PendulumAPP:_processSerialData:121 - 🔄 数据来源: 串口接收 -> PendulumState.physical_length
2025-09-02 14:37:17.400 | INFO     | Pendulum.PendulumAPP:_processSerialData:120 - 📏 串口长度数据已更新: L37.140694 -> physical_length=37.140694
2025-09-02 14:37:17.401 | INFO     | Pendulum.PendulumAPP:_processSerialData:121 - 🔄 数据来源: 串口接收 -> PendulumState.physical_length
2025-09-02 14:37:17.447 | INFO     | Pendulum.PendulumAPP:_processSerialData:120 - 📏 串口长度数据已更新: L37.140694 -> physical_length=37.140694
2025-09-02 14:37:17.449 | INFO     | Pendulum.PendulumAPP:_processSerialData:121 - 🔄 数据来源: 串口接收 -> PendulumState.physical_length
2025-09-02 14:37:17.494 | INFO     | Pendulum.PendulumAPP:_processSerialData:120 - 📏 串口长度数据已更新: L37.140694 -> physical_length=37.140694
2025-09-02 14:37:17.494 | INFO     | Pendulum.PendulumAPP:_processSerialData:121 - 🔄 数据来源: 串口接收 -> PendulumState.physical_length
2025-09-02 14:37:17.540 | INFO     | Pendulum.PendulumAPP:_processSerialData:120 - 📏 串口长度数据已更新: L37.140694 -> physical_length=37.140694
2025-09-02 14:37:17.541 | INFO     | Pendulum.PendulumAPP:_processSerialData:121 - 🔄 数据来源: 串口接收 -> PendulumState.physical_length
2025-09-02 14:37:17.586 | INFO     | Pendulum.PendulumAPP:_processSerialData:120 - 📏 串口长度数据已更新: L37.140694 -> physical_length=37.140694
2025-09-02 14:37:17.587 | INFO     | Pendulum.PendulumAPP:_processSerialData:121 - 🔄 数据来源: 串口接收 -> PendulumState.physical_length
2025-09-02 14:37:17.632 | INFO     | Pendulum.PendulumAPP:_processSerialData:120 - 📏 串口长度数据已更新: L37.140694 -> physical_length=37.140694
2025-09-02 14:37:17.634 | INFO     | Pendulum.PendulumAPP:_processSerialData:121 - 🔄 数据来源: 串口接收 -> PendulumState.physical_length
2025-09-02 14:37:17.680 | INFO     | Pendulum.PendulumAPP:_processSerialData:120 - 📏 串口长度数据已更新: L37.140694 -> physical_length=37.140694
2025-09-02 14:37:17.680 | INFO     | Pendulum.PendulumAPP:_processSerialData:121 - 🔄 数据来源: 串口接收 -> PendulumState.physical_length
2025-09-02 14:37:17.726 | INFO     | Pendulum.PendulumAPP:_processSerialData:120 - 📏 串口长度数据已更新: L37.140694 -> physical_length=37.140694
2025-09-02 14:37:17.728 | INFO     | Pendulum.PendulumAPP:_processSerialData:121 - 🔄 数据来源: 串口接收 -> PendulumState.physical_length
2025-09-02 14:37:17.787 | INFO     | Pendulum.PendulumAPP:_processSerialData:120 - 📏 串口长度数据已更新: L37.140694 -> physical_length=37.140694
2025-09-02 14:37:17.788 | INFO     | Pendulum.PendulumAPP:_processSerialData:121 - 🔄 数据来源: 串口接收 -> PendulumState.physical_length
2025-09-02 14:37:17.850 | INFO     | Pendulum.PendulumAPP:_processSerialData:120 - 📏 串口长度数据已更新: L37.140694 -> physical_length=37.140694
2025-09-02 14:37:17.851 | INFO     | Pendulum.PendulumAPP:_processSerialData:121 - 🔄 数据来源: 串口接收 -> PendulumState.physical_length
2025-09-02 14:37:17.898 | INFO     | Pendulum.PendulumAPP:_processSerialData:120 - 📏 串口长度数据已更新: L37.140694 -> physical_length=37.140694
2025-09-02 14:37:17.898 | INFO     | Pendulum.PendulumAPP:_processSerialData:121 - 🔄 数据来源: 串口接收 -> PendulumState.physical_length
2025-09-02 14:37:17.944 | INFO     | Pendulum.PendulumAPP:_processSerialData:120 - 📏 串口长度数据已更新: L37.140694 -> physical_length=37.140694
2025-09-02 14:37:17.946 | INFO     | Pendulum.PendulumAPP:_processSerialData:121 - 🔄 数据来源: 串口接收 -> PendulumState.physical_length
2025-09-02 14:37:17.992 | INFO     | Pendulum.PendulumAPP:_processSerialData:120 - 📏 串口长度数据已更新: L37.140694 -> physical_length=37.140694
2025-09-02 14:37:17.994 | INFO     | Pendulum.PendulumAPP:_processSerialData:121 - 🔄 数据来源: 串口接收 -> PendulumState.physical_length
2025-09-02 14:37:18.038 | INFO     | Pendulum.PendulumAPP:_processSerialData:120 - 📏 串口长度数据已更新: L37.140694 -> physical_length=37.140694
2025-09-02 14:37:18.039 | INFO     | Pendulum.PendulumAPP:_processSerialData:121 - 🔄 数据来源: 串口接收 -> PendulumState.physical_length
2025-09-02 14:37:18.086 | INFO     | Pendulum.PendulumAPP:_processSerialData:120 - 📏 串口长度数据已更新: L37.140694 -> physical_length=37.140694
2025-09-02 14:37:18.087 | INFO     | Pendulum.PendulumAPP:_processSerialData:121 - 🔄 数据来源: 串口接收 -> PendulumState.physical_length
2025-09-02 14:37:18.130 | INFO     | Pendulum.PendulumAPP:_processSerialData:120 - 📏 串口长度数据已更新: L37.140694 -> physical_length=37.140694
2025-09-02 14:37:18.132 | INFO     | Pendulum.PendulumAPP:_processSerialData:121 - 🔄 数据来源: 串口接收 -> PendulumState.physical_length
2025-09-02 14:37:18.177 | INFO     | Pendulum.PendulumAPP:_processSerialData:120 - 📏 串口长度数据已更新: L37.140694 -> physical_length=37.140694
2025-09-02 14:37:18.177 | INFO     | Pendulum.PendulumAPP:_processSerialData:121 - 🔄 数据来源: 串口接收 -> PendulumState.physical_length
2025-09-02 14:37:18.223 | INFO     | Pendulum.PendulumAPP:_processSerialData:120 - 📏 串口长度数据已更新: L37.140694 -> physical_length=37.140694
2025-09-02 14:37:18.225 | INFO     | Pendulum.PendulumAPP:_processSerialData:121 - 🔄 数据来源: 串口接收 -> PendulumState.physical_length
2025-09-02 14:37:18.270 | INFO     | Pendulum.PendulumAPP:_processSerialData:120 - 📏 串口长度数据已更新: L37.140694 -> physical_length=37.140694
2025-09-02 14:37:18.271 | INFO     | Pendulum.PendulumAPP:_processSerialData:121 - 🔄 数据来源: 串口接收 -> PendulumState.physical_length
2025-09-02 14:37:18.316 | INFO     | Pendulum.PendulumAPP:_processSerialData:120 - 📏 串口长度数据已更新: L37.140694 -> physical_length=37.140694
2025-09-02 14:37:18.317 | INFO     | Pendulum.PendulumAPP:_processSerialData:121 - 🔄 数据来源: 串口接收 -> PendulumState.physical_length
2025-09-02 14:37:18.363 | INFO     | Pendulum.PendulumAPP:_processSerialData:120 - 📏 串口长度数据已更新: L37.140694 -> physical_length=37.140694
2025-09-02 14:37:18.364 | INFO     | Pendulum.PendulumAPP:_processSerialData:121 - 🔄 数据来源: 串口接收 -> PendulumState.physical_length
2025-09-02 14:37:18.409 | INFO     | Pendulum.PendulumAPP:_processSerialData:120 - 📏 串口长度数据已更新: L37.140694 -> physical_length=37.140694
2025-09-02 14:37:18.410 | INFO     | Pendulum.PendulumAPP:_processSerialData:121 - 🔄 数据来源: 串口接收 -> PendulumState.physical_length
2025-09-02 14:37:18.455 | INFO     | Pendulum.PendulumAPP:_processSerialData:120 - 📏 串口长度数据已更新: L37.140694 -> physical_length=37.140694
2025-09-02 14:37:18.457 | INFO     | Pendulum.PendulumAPP:_processSerialData:121 - 🔄 数据来源: 串口接收 -> PendulumState.physical_length
2025-09-02 14:37:18.503 | INFO     | Pendulum.PendulumAPP:_processSerialData:120 - 📏 串口长度数据已更新: L37.140694 -> physical_length=37.140694
2025-09-02 14:37:18.504 | INFO     | Pendulum.PendulumAPP:_processSerialData:121 - 🔄 数据来源: 串口接收 -> PendulumState.physical_length
2025-09-02 14:37:18.551 | INFO     | Pendulum.PendulumAPP:_processSerialData:120 - 📏 串口长度数据已更新: L37.140694 -> physical_length=37.140694
2025-09-02 14:37:18.552 | INFO     | Pendulum.PendulumAPP:_processSerialData:121 - 🔄 数据来源: 串口接收 -> PendulumState.physical_length
2025-09-02 14:37:18.583 | INFO     | Pendulum.PendulumAPP:_keyEventWeb:268 - u2
2025-09-02 14:37:18.586 | INFO     | Pendulum.SerialConncet:send:199 - sendu2
2025-09-02 14:37:18.587 | INFO     | Pendulum.SerialConncet:send:201 - [发送] u2
2025-09-02 14:37:18.595 | INFO     | Pendulum.PendulumAPP:_processSerialData:120 - 📏 串口长度数据已更新: L37.140694 -> physical_length=37.140694
2025-09-02 14:37:18.596 | INFO     | Pendulum.PendulumAPP:_processSerialData:121 - 🔄 数据来源: 串口接收 -> PendulumState.physical_length
2025-09-02 14:37:18.640 | INFO     | Pendulum.PendulumAPP:_processSerialData:120 - 📏 串口长度数据已更新: L37.140694 -> physical_length=37.140694
2025-09-02 14:37:18.642 | INFO     | Pendulum.PendulumAPP:_processSerialData:121 - 🔄 数据来源: 串口接收 -> PendulumState.physical_length
2025-09-02 14:37:18.687 | INFO     | Pendulum.PendulumAPP:_processSerialData:120 - 📏 串口长度数据已更新: L37.140694 -> physical_length=37.140694
2025-09-02 14:37:18.688 | INFO     | Pendulum.PendulumAPP:_processSerialData:121 - 🔄 数据来源: 串口接收 -> PendulumState.physical_length
2025-09-02 14:37:18.733 | INFO     | Pendulum.PendulumAPP:_processSerialData:120 - 📏 串口长度数据已更新: L37.140694 -> physical_length=37.140694
2025-09-02 14:37:18.736 | INFO     | Pendulum.PendulumAPP:_processSerialData:121 - 🔄 数据来源: 串口接收 -> PendulumState.physical_length
2025-09-02 14:37:18.778 | INFO     | Pendulum.PendulumAPP:_processSerialData:120 - 📏 串口长度数据已更新: L37.140694 -> physical_length=37.140694
2025-09-02 14:37:18.778 | INFO     | Pendulum.PendulumAPP:_processSerialData:121 - 🔄 数据来源: 串口接收 -> PendulumState.physical_length
2025-09-02 14:37:18.824 | INFO     | Pendulum.PendulumAPP:_processSerialData:120 - 📏 串口长度数据已更新: L37.140694 -> physical_length=37.140694
2025-09-02 14:37:18.825 | INFO     | Pendulum.PendulumAPP:_processSerialData:121 - 🔄 数据来源: 串口接收 -> PendulumState.physical_length
2025-09-02 14:37:18.871 | INFO     | Pendulum.PendulumAPP:_processSerialData:120 - 📏 串口长度数据已更新: L37.140694 -> physical_length=37.140694
2025-09-02 14:37:18.874 | INFO     | Pendulum.PendulumAPP:_processSerialData:121 - 🔄 数据来源: 串口接收 -> PendulumState.physical_length
2025-09-02 14:37:18.918 | INFO     | Pendulum.PendulumAPP:_processSerialData:120 - 📏 串口长度数据已更新: L37.140694 -> physical_length=37.140694
2025-09-02 14:37:18.919 | INFO     | Pendulum.PendulumAPP:_processSerialData:121 - 🔄 数据来源: 串口接收 -> PendulumState.physical_length
2025-09-02 14:37:18.966 | INFO     | Pendulum.PendulumAPP:_processSerialData:120 - 📏 串口长度数据已更新: L37.140694 -> physical_length=37.140694
2025-09-02 14:37:18.968 | INFO     | Pendulum.PendulumAPP:_processSerialData:121 - 🔄 数据来源: 串口接收 -> PendulumState.physical_length
2025-09-02 14:37:19.013 | INFO     | Pendulum.PendulumAPP:_processSerialData:120 - 📏 串口长度数据已更新: L37.140694 -> physical_length=37.140694
2025-09-02 14:37:19.013 | INFO     | Pendulum.PendulumAPP:_processSerialData:121 - 🔄 数据来源: 串口接收 -> PendulumState.physical_length
2025-09-02 14:37:19.058 | INFO     | Pendulum.PendulumAPP:_processSerialData:120 - 📏 串口长度数据已更新: L37.140694 -> physical_length=37.140694
2025-09-02 14:37:19.059 | INFO     | Pendulum.PendulumAPP:_processSerialData:121 - 🔄 数据来源: 串口接收 -> PendulumState.physical_length
2025-09-02 14:37:19.105 | INFO     | Pendulum.PendulumAPP:_processSerialData:120 - 📏 串口长度数据已更新: L37.140694 -> physical_length=37.140694
2025-09-02 14:37:19.106 | INFO     | Pendulum.PendulumAPP:_processSerialData:121 - 🔄 数据来源: 串口接收 -> PendulumState.physical_length
2025-09-02 14:37:19.152 | INFO     | Pendulum.PendulumAPP:_processSerialData:120 - 📏 串口长度数据已更新: L37.140694 -> physical_length=37.140694
2025-09-02 14:37:19.152 | INFO     | Pendulum.PendulumAPP:_processSerialData:121 - 🔄 数据来源: 串口接收 -> PendulumState.physical_length
2025-09-02 14:37:19.199 | INFO     | Pendulum.PendulumAPP:_processSerialData:120 - 📏 串口长度数据已更新: L37.140694 -> physical_length=37.140694
2025-09-02 14:37:19.200 | INFO     | Pendulum.PendulumAPP:_processSerialData:121 - 🔄 数据来源: 串口接收 -> PendulumState.physical_length
2025-09-02 14:37:19.245 | INFO     | Pendulum.PendulumAPP:_processSerialData:120 - 📏 串口长度数据已更新: L37.140694 -> physical_length=37.140694
2025-09-02 14:37:19.248 | INFO     | Pendulum.PendulumAPP:_processSerialData:121 - 🔄 数据来源: 串口接收 -> PendulumState.physical_length
2025-09-02 14:37:19.292 | INFO     | Pendulum.PendulumAPP:_processSerialData:120 - 📏 串口长度数据已更新: L37.140694 -> physical_length=37.140694
2025-09-02 14:37:19.294 | INFO     | Pendulum.PendulumAPP:_processSerialData:121 - 🔄 数据来源: 串口接收 -> PendulumState.physical_length
2025-09-02 14:37:19.339 | INFO     | Pendulum.PendulumAPP:_processSerialData:120 - 📏 串口长度数据已更新: L37.140694 -> physical_length=37.140694
2025-09-02 14:37:19.341 | INFO     | Pendulum.PendulumAPP:_processSerialData:121 - 🔄 数据来源: 串口接收 -> PendulumState.physical_length
2025-09-02 14:37:19.385 | INFO     | Pendulum.PendulumAPP:_processSerialData:120 - 📏 串口长度数据已更新: L37.140694 -> physical_length=37.140694
2025-09-02 14:37:19.386 | INFO     | Pendulum.PendulumAPP:_processSerialData:121 - 🔄 数据来源: 串口接收 -> PendulumState.physical_length
2025-09-02 14:37:19.432 | INFO     | Pendulum.PendulumAPP:_processSerialData:120 - 📏 串口长度数据已更新: L37.140694 -> physical_length=37.140694
2025-09-02 14:37:19.435 | INFO     | Pendulum.PendulumAPP:_processSerialData:121 - 🔄 数据来源: 串口接收 -> PendulumState.physical_length
2025-09-02 14:37:19.478 | INFO     | Pendulum.PendulumAPP:_processSerialData:120 - 📏 串口长度数据已更新: L37.140694 -> physical_length=37.140694
2025-09-02 14:37:19.481 | INFO     | Pendulum.PendulumAPP:_processSerialData:121 - 🔄 数据来源: 串口接收 -> PendulumState.physical_length
2025-09-02 14:37:19.524 | INFO     | Pendulum.PendulumAPP:_processSerialData:120 - 📏 串口长度数据已更新: L37.140694 -> physical_length=37.140694
2025-09-02 14:37:19.526 | INFO     | Pendulum.PendulumAPP:_processSerialData:121 - 🔄 数据来源: 串口接收 -> PendulumState.physical_length
2025-09-02 14:37:19.570 | INFO     | Pendulum.PendulumAPP:_processSerialData:120 - 📏 串口长度数据已更新: L37.140694 -> physical_length=37.140694
2025-09-02 14:37:19.571 | INFO     | Pendulum.PendulumAPP:_processSerialData:121 - 🔄 数据来源: 串口接收 -> PendulumState.physical_length
2025-09-02 14:37:19.615 | INFO     | Pendulum.PendulumAPP:_processSerialData:120 - 📏 串口长度数据已更新: L37.140694 -> physical_length=37.140694
2025-09-02 14:37:19.616 | INFO     | Pendulum.PendulumAPP:_processSerialData:121 - 🔄 数据来源: 串口接收 -> PendulumState.physical_length
2025-09-02 14:37:19.662 | INFO     | Pendulum.PendulumAPP:_processSerialData:120 - 📏 串口长度数据已更新: L37.140694 -> physical_length=37.140694
2025-09-02 14:37:19.663 | INFO     | Pendulum.PendulumAPP:_processSerialData:121 - 🔄 数据来源: 串口接收 -> PendulumState.physical_length
2025-09-02 14:37:19.707 | INFO     | Pendulum.PendulumAPP:_processSerialData:120 - 📏 串口长度数据已更新: L37.140694 -> physical_length=37.140694
2025-09-02 14:37:19.708 | INFO     | Pendulum.PendulumAPP:_processSerialData:121 - 🔄 数据来源: 串口接收 -> PendulumState.physical_length
2025-09-02 14:37:19.753 | INFO     | Pendulum.PendulumAPP:_processSerialData:120 - 📏 串口长度数据已更新: L37.140694 -> physical_length=37.140694
2025-09-02 14:37:19.757 | INFO     | Pendulum.PendulumAPP:_processSerialData:121 - 🔄 数据来源: 串口接收 -> PendulumState.physical_length
2025-09-02 14:37:19.799 | INFO     | Pendulum.PendulumAPP:_processSerialData:120 - 📏 串口长度数据已更新: L37.140694 -> physical_length=37.140694
2025-09-02 14:37:19.801 | INFO     | Pendulum.PendulumAPP:_processSerialData:121 - 🔄 数据来源: 串口接收 -> PendulumState.physical_length
2025-09-02 14:37:19.846 | INFO     | Pendulum.PendulumAPP:_processSerialData:120 - 📏 串口长度数据已更新: L37.140694 -> physical_length=37.140694
2025-09-02 14:37:19.849 | INFO     | Pendulum.PendulumAPP:_processSerialData:121 - 🔄 数据来源: 串口接收 -> PendulumState.physical_length
2025-09-02 14:37:19.893 | INFO     | Pendulum.PendulumAPP:_processSerialData:120 - 📏 串口长度数据已更新: L37.140694 -> physical_length=37.140694
2025-09-02 14:37:19.894 | INFO     | Pendulum.PendulumAPP:_processSerialData:121 - 🔄 数据来源: 串口接收 -> PendulumState.physical_length
2025-09-02 14:37:19.939 | INFO     | Pendulum.PendulumAPP:_processSerialData:120 - 📏 串口长度数据已更新: L37.140694 -> physical_length=37.140694
2025-09-02 14:37:19.940 | INFO     | Pendulum.PendulumAPP:_processSerialData:121 - 🔄 数据来源: 串口接收 -> PendulumState.physical_length
2025-09-02 14:37:19.985 | INFO     | Pendulum.PendulumAPP:_processSerialData:120 - 📏 串口长度数据已更新: L37.140694 -> physical_length=37.140694
2025-09-02 14:37:19.988 | INFO     | Pendulum.PendulumAPP:_processSerialData:121 - 🔄 数据来源: 串口接收 -> PendulumState.physical_length
2025-09-02 14:37:20.032 | INFO     | Pendulum.PendulumAPP:_processSerialData:120 - 📏 串口长度数据已更新: L37.140694 -> physical_length=37.140694
2025-09-02 14:37:20.034 | INFO     | Pendulum.PendulumAPP:_processSerialData:121 - 🔄 数据来源: 串口接收 -> PendulumState.physical_length
2025-09-02 14:37:20.079 | INFO     | Pendulum.PendulumAPP:_processSerialData:120 - 📏 串口长度数据已更新: L37.140694 -> physical_length=37.140694
2025-09-02 14:37:20.081 | INFO     | Pendulum.PendulumAPP:_processSerialData:121 - 🔄 数据来源: 串口接收 -> PendulumState.physical_length
2025-09-02 14:37:20.127 | INFO     | Pendulum.PendulumAPP:_processSerialData:120 - 📏 串口长度数据已更新: L37.140694 -> physical_length=37.140694
2025-09-02 14:37:20.128 | INFO     | Pendulum.PendulumAPP:_processSerialData:121 - 🔄 数据来源: 串口接收 -> PendulumState.physical_length
2025-09-02 14:37:20.173 | INFO     | Pendulum.PendulumAPP:_processSerialData:120 - 📏 串口长度数据已更新: L37.140694 -> physical_length=37.140694
2025-09-02 14:37:20.175 | INFO     | Pendulum.PendulumAPP:_processSerialData:121 - 🔄 数据来源: 串口接收 -> PendulumState.physical_length
2025-09-02 14:37:20.220 | INFO     | Pendulum.PendulumAPP:_processSerialData:120 - 📏 串口长度数据已更新: L37.140694 -> physical_length=37.140694
2025-09-02 14:37:20.221 | INFO     | Pendulum.PendulumAPP:_processSerialData:121 - 🔄 数据来源: 串口接收 -> PendulumState.physical_length
2025-09-02 14:37:20.281 | INFO     | Pendulum.PendulumAPP:_processSerialData:120 - 📏 串口长度数据已更新: L37.140694 -> physical_length=37.140694
2025-09-02 14:37:20.282 | INFO     | Pendulum.PendulumAPP:_processSerialData:121 - 🔄 数据来源: 串口接收 -> PendulumState.physical_length
2025-09-02 14:37:20.343 | INFO     | Pendulum.PendulumAPP:_processSerialData:120 - 📏 串口长度数据已更新: L37.140694 -> physical_length=37.140694
2025-09-02 14:37:20.346 | INFO     | Pendulum.PendulumAPP:_processSerialData:121 - 🔄 数据来源: 串口接收 -> PendulumState.physical_length
2025-09-02 14:37:20.391 | INFO     | Pendulum.PendulumAPP:_processSerialData:120 - 📏 串口长度数据已更新: L37.140694 -> physical_length=37.140694
2025-09-02 14:37:20.392 | INFO     | Pendulum.PendulumAPP:_processSerialData:121 - 🔄 数据来源: 串口接收 -> PendulumState.physical_length
2025-09-02 14:37:20.436 | INFO     | Pendulum.PendulumAPP:_processSerialData:120 - 📏 串口长度数据已更新: L37.140694 -> physical_length=37.140694
2025-09-02 14:37:20.437 | INFO     | Pendulum.PendulumAPP:_processSerialData:121 - 🔄 数据来源: 串口接收 -> PendulumState.physical_length
2025-09-02 14:37:20.482 | INFO     | Pendulum.PendulumAPP:_processSerialData:120 - 📏 串口长度数据已更新: L37.140694 -> physical_length=37.140694
2025-09-02 14:37:20.485 | INFO     | Pendulum.PendulumAPP:_processSerialData:121 - 🔄 数据来源: 串口接收 -> PendulumState.physical_length
2025-09-02 14:37:20.530 | INFO     | Pendulum.PendulumAPP:_processSerialData:120 - 📏 串口长度数据已更新: L37.140694 -> physical_length=37.140694
2025-09-02 14:37:20.531 | INFO     | Pendulum.PendulumAPP:_processSerialData:121 - 🔄 数据来源: 串口接收 -> PendulumState.physical_length
2025-09-02 14:37:20.577 | INFO     | Pendulum.PendulumAPP:_processSerialData:120 - 📏 串口长度数据已更新: L37.140694 -> physical_length=37.140694
2025-09-02 14:37:20.578 | INFO     | Pendulum.PendulumAPP:_processSerialData:121 - 🔄 数据来源: 串口接收 -> PendulumState.physical_length
2025-09-02 14:37:20.623 | INFO     | Pendulum.PendulumAPP:_processSerialData:120 - 📏 串口长度数据已更新: L37.140694 -> physical_length=37.140694
2025-09-02 14:37:20.626 | INFO     | Pendulum.PendulumAPP:_processSerialData:121 - 🔄 数据来源: 串口接收 -> PendulumState.physical_length
2025-09-02 14:37:20.669 | INFO     | Pendulum.PendulumAPP:_processSerialData:120 - 📏 串口长度数据已更新: L37.140694 -> physical_length=37.140694
2025-09-02 14:37:20.670 | INFO     | Pendulum.PendulumAPP:_processSerialData:121 - 🔄 数据来源: 串口接收 -> PendulumState.physical_length
2025-09-02 14:37:20.730 | INFO     | Pendulum.PendulumAPP:_processSerialData:120 - 📏 串口长度数据已更新: L37.140694 -> physical_length=37.140694
2025-09-02 14:37:20.731 | INFO     | Pendulum.PendulumAPP:_processSerialData:121 - 🔄 数据来源: 串口接收 -> PendulumState.physical_length
2025-09-02 14:37:20.792 | INFO     | Pendulum.PendulumAPP:_processSerialData:120 - 📏 串口长度数据已更新: L37.140694 -> physical_length=37.140694
2025-09-02 14:37:20.794 | INFO     | Pendulum.PendulumAPP:_processSerialData:121 - 🔄 数据来源: 串口接收 -> PendulumState.physical_length
2025-09-02 14:37:20.839 | INFO     | Pendulum.PendulumAPP:_processSerialData:120 - 📏 串口长度数据已更新: L37.140694 -> physical_length=37.140694
2025-09-02 14:37:20.840 | INFO     | Pendulum.PendulumAPP:_processSerialData:121 - 🔄 数据来源: 串口接收 -> PendulumState.physical_length
2025-09-02 14:37:20.885 | INFO     | Pendulum.PendulumAPP:_processSerialData:120 - 📏 串口长度数据已更新: L37.140694 -> physical_length=37.140694
2025-09-02 14:37:20.886 | INFO     | Pendulum.PendulumAPP:_processSerialData:121 - 🔄 数据来源: 串口接收 -> PendulumState.physical_length
2025-09-02 14:37:20.932 | INFO     | Pendulum.PendulumAPP:_processSerialData:120 - 📏 串口长度数据已更新: L37.140694 -> physical_length=37.140694
2025-09-02 14:37:20.934 | INFO     | Pendulum.PendulumAPP:_processSerialData:121 - 🔄 数据来源: 串口接收 -> PendulumState.physical_length
2025-09-02 14:37:20.979 | INFO     | Pendulum.PendulumAPP:_processSerialData:120 - 📏 串口长度数据已更新: L37.140694 -> physical_length=37.140694
2025-09-02 14:37:20.980 | INFO     | Pendulum.PendulumAPP:_processSerialData:121 - 🔄 数据来源: 串口接收 -> PendulumState.physical_length
2025-09-02 14:37:21.027 | INFO     | Pendulum.PendulumAPP:_processSerialData:120 - 📏 串口长度数据已更新: L37.140694 -> physical_length=37.140694
2025-09-02 14:37:21.028 | INFO     | Pendulum.PendulumAPP:_processSerialData:121 - 🔄 数据来源: 串口接收 -> PendulumState.physical_length
2025-09-02 14:37:21.075 | INFO     | Pendulum.PendulumAPP:_processSerialData:120 - 📏 串口长度数据已更新: L37.140694 -> physical_length=37.140694
2025-09-02 14:37:21.076 | INFO     | Pendulum.PendulumAPP:_processSerialData:121 - 🔄 数据来源: 串口接收 -> PendulumState.physical_length
2025-09-02 14:37:21.120 | INFO     | Pendulum.PendulumAPP:_processSerialData:120 - 📏 串口长度数据已更新: L37.140694 -> physical_length=37.140694
2025-09-02 14:37:21.121 | INFO     | Pendulum.PendulumAPP:_processSerialData:121 - 🔄 数据来源: 串口接收 -> PendulumState.physical_length
2025-09-02 14:37:21.166 | INFO     | Pendulum.PendulumAPP:_processSerialData:120 - 📏 串口长度数据已更新: L37.140694 -> physical_length=37.140694
2025-09-02 14:37:21.168 | INFO     | Pendulum.PendulumAPP:_processSerialData:121 - 🔄 数据来源: 串口接收 -> PendulumState.physical_length
2025-09-02 14:37:21.213 | INFO     | Pendulum.PendulumAPP:_processSerialData:120 - 📏 串口长度数据已更新: L37.140694 -> physical_length=37.140694
2025-09-02 14:37:21.214 | INFO     | Pendulum.PendulumAPP:_processSerialData:121 - 🔄 数据来源: 串口接收 -> PendulumState.physical_length
2025-09-02 14:37:21.259 | INFO     | Pendulum.PendulumAPP:_processSerialData:120 - 📏 串口长度数据已更新: L37.140694 -> physical_length=37.140694
2025-09-02 14:37:21.260 | INFO     | Pendulum.PendulumAPP:_processSerialData:121 - 🔄 数据来源: 串口接收 -> PendulumState.physical_length
2025-09-02 14:37:21.306 | INFO     | Pendulum.PendulumAPP:_processSerialData:120 - 📏 串口长度数据已更新: L37.140694 -> physical_length=37.140694
2025-09-02 14:37:21.307 | INFO     | Pendulum.PendulumAPP:_processSerialData:121 - 🔄 数据来源: 串口接收 -> PendulumState.physical_length
2025-09-02 14:37:21.353 | INFO     | Pendulum.PendulumAPP:_processSerialData:120 - 📏 串口长度数据已更新: L37.140694 -> physical_length=37.140694
2025-09-02 14:37:21.354 | INFO     | Pendulum.PendulumAPP:_processSerialData:121 - 🔄 数据来源: 串口接收 -> PendulumState.physical_length
2025-09-02 14:37:21.399 | INFO     | Pendulum.PendulumAPP:_processSerialData:120 - 📏 串口长度数据已更新: L37.140694 -> physical_length=37.140694
2025-09-02 14:37:21.401 | INFO     | Pendulum.PendulumAPP:_processSerialData:121 - 🔄 数据来源: 串口接收 -> PendulumState.physical_length
2025-09-02 14:37:21.445 | INFO     | Pendulum.PendulumAPP:_processSerialData:120 - 📏 串口长度数据已更新: L37.140694 -> physical_length=37.140694
2025-09-02 14:37:21.445 | INFO     | Pendulum.PendulumAPP:_processSerialData:121 - 🔄 数据来源: 串口接收 -> PendulumState.physical_length
2025-09-02 14:37:21.491 | INFO     | Pendulum.PendulumAPP:_processSerialData:120 - 📏 串口长度数据已更新: L37.140694 -> physical_length=37.140694
2025-09-02 14:37:21.493 | INFO     | Pendulum.PendulumAPP:_processSerialData:121 - 🔄 数据来源: 串口接收 -> PendulumState.physical_length
2025-09-02 14:37:21.538 | INFO     | Pendulum.PendulumAPP:_processSerialData:120 - 📏 串口长度数据已更新: L37.140694 -> physical_length=37.140694
2025-09-02 14:37:21.540 | INFO     | Pendulum.PendulumAPP:_processSerialData:121 - 🔄 数据来源: 串口接收 -> PendulumState.physical_length
2025-09-02 14:37:21.585 | INFO     | Pendulum.PendulumAPP:_processSerialData:120 - 📏 串口长度数据已更新: L37.140694 -> physical_length=37.140694
2025-09-02 14:37:21.585 | INFO     | Pendulum.PendulumAPP:_processSerialData:121 - 🔄 数据来源: 串口接收 -> PendulumState.physical_length
2025-09-02 14:37:21.627 | INFO     | Pendulum.PendulumAPP:_keyEventWeb:274 - u0
2025-09-02 14:37:21.628 | INFO     | Pendulum.SerialConncet:send:199 - sendu0
2025-09-02 14:37:21.630 | INFO     | Pendulum.SerialConncet:send:201 - [发送] u0
2025-09-02 14:37:21.648 | INFO     | Pendulum.PendulumAPP:_processSerialData:120 - 📏 串口长度数据已更新: L37.140694 -> physical_length=37.140694
2025-09-02 14:37:21.649 | INFO     | Pendulum.PendulumAPP:_processSerialData:121 - 🔄 数据来源: 串口接收 -> PendulumState.physical_length
2025-09-02 14:37:21.699 | INFO     | Pendulum.PendulumAPP:_processSerialData:120 - 📏 串口长度数据已更新: L37.140694 -> physical_length=37.140694
2025-09-02 14:37:21.700 | INFO     | Pendulum.PendulumAPP:_processSerialData:121 - 🔄 数据来源: 串口接收 -> PendulumState.physical_length
2025-09-02 14:37:21.741 | INFO     | Pendulum.PendulumAPP:_processSerialData:120 - 📏 串口长度数据已更新: L37.140694 -> physical_length=37.140694
2025-09-02 14:37:21.742 | INFO     | Pendulum.PendulumAPP:_processSerialData:121 - 🔄 数据来源: 串口接收 -> PendulumState.physical_length
2025-09-02 14:37:21.787 | INFO     | Pendulum.PendulumAPP:_processSerialData:120 - 📏 串口长度数据已更新: L37.140694 -> physical_length=37.140694
2025-09-02 14:37:21.790 | INFO     | Pendulum.PendulumAPP:_processSerialData:121 - 🔄 数据来源: 串口接收 -> PendulumState.physical_length
2025-09-02 14:37:21.833 | INFO     | Pendulum.PendulumAPP:_processSerialData:120 - 📏 串口长度数据已更新: L37.140694 -> physical_length=37.140694
2025-09-02 14:37:21.835 | INFO     | Pendulum.PendulumAPP:_processSerialData:121 - 🔄 数据来源: 串口接收 -> PendulumState.physical_length
2025-09-02 14:37:21.880 | INFO     | Pendulum.PendulumAPP:_processSerialData:120 - 📏 串口长度数据已更新: L37.140694 -> physical_length=37.140694
2025-09-02 14:37:21.881 | INFO     | Pendulum.PendulumAPP:_processSerialData:121 - 🔄 数据来源: 串口接收 -> PendulumState.physical_length
2025-09-02 14:37:21.927 | INFO     | Pendulum.PendulumAPP:_processSerialData:120 - 📏 串口长度数据已更新: L37.140694 -> physical_length=37.140694
2025-09-02 14:37:21.929 | INFO     | Pendulum.PendulumAPP:_processSerialData:121 - 🔄 数据来源: 串口接收 -> PendulumState.physical_length
2025-09-02 14:37:21.973 | INFO     | Pendulum.PendulumAPP:_processSerialData:120 - 📏 串口长度数据已更新: L37.140694 -> physical_length=37.140694
2025-09-02 14:37:21.973 | INFO     | Pendulum.PendulumAPP:_processSerialData:121 - 🔄 数据来源: 串口接收 -> PendulumState.physical_length
2025-09-02 14:37:22.018 | INFO     | Pendulum.PendulumAPP:_processSerialData:120 - 📏 串口长度数据已更新: L37.140694 -> physical_length=37.140694
2025-09-02 14:37:22.019 | INFO     | Pendulum.PendulumAPP:_processSerialData:121 - 🔄 数据来源: 串口接收 -> PendulumState.physical_length
2025-09-02 14:37:22.066 | INFO     | Pendulum.PendulumAPP:_processSerialData:120 - 📏 串口长度数据已更新: L37.140694 -> physical_length=37.140694
2025-09-02 14:37:22.068 | INFO     | Pendulum.PendulumAPP:_processSerialData:121 - 🔄 数据来源: 串口接收 -> PendulumState.physical_length
2025-09-02 14:37:22.112 | INFO     | Pendulum.PendulumAPP:_processSerialData:120 - 📏 串口长度数据已更新: L37.140694 -> physical_length=37.140694
2025-09-02 14:37:22.113 | INFO     | Pendulum.PendulumAPP:_processSerialData:121 - 🔄 数据来源: 串口接收 -> PendulumState.physical_length
2025-09-02 14:37:22.160 | INFO     | Pendulum.PendulumAPP:_processSerialData:120 - 📏 串口长度数据已更新: L37.140694 -> physical_length=37.140694
2025-09-02 14:37:22.161 | INFO     | Pendulum.PendulumAPP:_processSerialData:121 - 🔄 数据来源: 串口接收 -> PendulumState.physical_length
2025-09-02 14:37:22.205 | INFO     | Pendulum.PendulumAPP:_processSerialData:120 - 📏 串口长度数据已更新: L37.140694 -> physical_length=37.140694
2025-09-02 14:37:22.205 | INFO     | Pendulum.PendulumAPP:_processSerialData:121 - 🔄 数据来源: 串口接收 -> PendulumState.physical_length
2025-09-02 14:37:22.251 | INFO     | Pendulum.PendulumAPP:_processSerialData:120 - 📏 串口长度数据已更新: L37.140694 -> physical_length=37.140694
2025-09-02 14:37:22.252 | INFO     | Pendulum.PendulumAPP:_processSerialData:121 - 🔄 数据来源: 串口接收 -> PendulumState.physical_length
2025-09-02 14:37:22.297 | INFO     | Pendulum.PendulumAPP:_processSerialData:120 - 📏 串口长度数据已更新: L37.140694 -> physical_length=37.140694
2025-09-02 14:37:22.298 | INFO     | Pendulum.PendulumAPP:_processSerialData:121 - 🔄 数据来源: 串口接收 -> PendulumState.physical_length
2025-09-02 14:37:22.343 | INFO     | Pendulum.PendulumAPP:_processSerialData:120 - 📏 串口长度数据已更新: L37.140694 -> physical_length=37.140694
2025-09-02 14:37:22.344 | INFO     | Pendulum.PendulumAPP:_processSerialData:121 - 🔄 数据来源: 串口接收 -> PendulumState.physical_length
2025-09-02 14:37:22.390 | INFO     | Pendulum.PendulumAPP:_processSerialData:120 - 📏 串口长度数据已更新: L37.140694 -> physical_length=37.140694
2025-09-02 14:37:22.391 | INFO     | Pendulum.PendulumAPP:_processSerialData:121 - 🔄 数据来源: 串口接收 -> PendulumState.physical_length
2025-09-02 14:37:22.437 | INFO     | Pendulum.PendulumAPP:_processSerialData:120 - 📏 串口长度数据已更新: L37.140694 -> physical_length=37.140694
2025-09-02 14:37:22.438 | INFO     | Pendulum.PendulumAPP:_processSerialData:121 - 🔄 数据来源: 串口接收 -> PendulumState.physical_length
2025-09-02 14:37:22.484 | INFO     | Pendulum.PendulumAPP:_processSerialData:120 - 📏 串口长度数据已更新: L37.140694 -> physical_length=37.140694
2025-09-02 14:37:22.486 | INFO     | Pendulum.PendulumAPP:_processSerialData:121 - 🔄 数据来源: 串口接收 -> PendulumState.physical_length
2025-09-02 14:37:22.531 | INFO     | Pendulum.PendulumAPP:_processSerialData:120 - 📏 串口长度数据已更新: L37.140694 -> physical_length=37.140694
2025-09-02 14:37:22.531 | INFO     | Pendulum.PendulumAPP:_processSerialData:121 - 🔄 数据来源: 串口接收 -> PendulumState.physical_length
2025-09-02 14:37:22.576 | INFO     | Pendulum.PendulumAPP:_processSerialData:120 - 📏 串口长度数据已更新: L37.140694 -> physical_length=37.140694
2025-09-02 14:37:22.579 | INFO     | Pendulum.PendulumAPP:_processSerialData:121 - 🔄 数据来源: 串口接收 -> PendulumState.physical_length
2025-09-02 14:37:22.623 | INFO     | Pendulum.PendulumAPP:_processSerialData:120 - 📏 串口长度数据已更新: L37.140694 -> physical_length=37.140694
2025-09-02 14:37:22.624 | INFO     | Pendulum.PendulumAPP:_processSerialData:121 - 🔄 数据来源: 串口接收 -> PendulumState.physical_length
2025-09-02 14:37:22.670 | INFO     | Pendulum.PendulumAPP:_processSerialData:120 - 📏 串口长度数据已更新: L37.140694 -> physical_length=37.140694
2025-09-02 14:37:22.671 | INFO     | Pendulum.PendulumAPP:_processSerialData:121 - 🔄 数据来源: 串口接收 -> PendulumState.physical_length
2025-09-02 14:37:22.717 | INFO     | Pendulum.PendulumAPP:_processSerialData:120 - 📏 串口长度数据已更新: L37.140694 -> physical_length=37.140694
2025-09-02 14:37:22.718 | INFO     | Pendulum.PendulumAPP:_processSerialData:121 - 🔄 数据来源: 串口接收 -> PendulumState.physical_length
2025-09-02 14:37:22.763 | INFO     | Pendulum.PendulumAPP:_processSerialData:120 - 📏 串口长度数据已更新: L37.140694 -> physical_length=37.140694
2025-09-02 14:37:22.766 | INFO     | Pendulum.PendulumAPP:_processSerialData:121 - 🔄 数据来源: 串口接收 -> PendulumState.physical_length
2025-09-02 14:37:22.809 | INFO     | Pendulum.PendulumAPP:_processSerialData:120 - 📏 串口长度数据已更新: L37.140694 -> physical_length=37.140694
2025-09-02 14:37:22.812 | INFO     | Pendulum.PendulumAPP:_processSerialData:121 - 🔄 数据来源: 串口接收 -> PendulumState.physical_length
2025-09-02 14:37:22.856 | INFO     | Pendulum.PendulumAPP:_processSerialData:120 - 📏 串口长度数据已更新: L37.140694 -> physical_length=37.140694
2025-09-02 14:37:22.858 | INFO     | Pendulum.PendulumAPP:_processSerialData:121 - 🔄 数据来源: 串口接收 -> PendulumState.physical_length
2025-09-02 14:37:22.902 | INFO     | Pendulum.PendulumAPP:_processSerialData:120 - 📏 串口长度数据已更新: L37.140694 -> physical_length=37.140694
2025-09-02 14:37:22.903 | INFO     | Pendulum.PendulumAPP:_processSerialData:121 - 🔄 数据来源: 串口接收 -> PendulumState.physical_length
2025-09-02 14:37:22.949 | INFO     | Pendulum.PendulumAPP:_processSerialData:120 - 📏 串口长度数据已更新: L37.140694 -> physical_length=37.140694
2025-09-02 14:37:22.950 | INFO     | Pendulum.PendulumAPP:_processSerialData:121 - 🔄 数据来源: 串口接收 -> PendulumState.physical_length
2025-09-02 14:37:22.996 | INFO     | Pendulum.PendulumAPP:_processSerialData:120 - 📏 串口长度数据已更新: L37.140694 -> physical_length=37.140694
2025-09-02 14:37:22.997 | INFO     | Pendulum.PendulumAPP:_processSerialData:121 - 🔄 数据来源: 串口接收 -> PendulumState.physical_length
2025-09-02 14:37:23.043 | INFO     | Pendulum.PendulumAPP:_processSerialData:120 - 📏 串口长度数据已更新: L37.140694 -> physical_length=37.140694
2025-09-02 14:37:23.044 | INFO     | Pendulum.PendulumAPP:_processSerialData:121 - 🔄 数据来源: 串口接收 -> PendulumState.physical_length
2025-09-02 14:37:23.090 | INFO     | Pendulum.PendulumAPP:_processSerialData:120 - 📏 串口长度数据已更新: L37.140694 -> physical_length=37.140694
2025-09-02 14:37:23.091 | INFO     | Pendulum.PendulumAPP:_processSerialData:121 - 🔄 数据来源: 串口接收 -> PendulumState.physical_length
2025-09-02 14:37:23.136 | INFO     | Pendulum.PendulumAPP:_processSerialData:120 - 📏 串口长度数据已更新: L37.140694 -> physical_length=37.140694
2025-09-02 14:37:23.138 | INFO     | Pendulum.PendulumAPP:_processSerialData:121 - 🔄 数据来源: 串口接收 -> PendulumState.physical_length
2025-09-02 14:37:23.198 | INFO     | Pendulum.PendulumAPP:_processSerialData:120 - 📏 串口长度数据已更新: L37.140694 -> physical_length=37.140694
2025-09-02 14:37:23.199 | INFO     | Pendulum.PendulumAPP:_processSerialData:121 - 🔄 数据来源: 串口接收 -> PendulumState.physical_length
2025-09-02 14:37:23.247 | INFO     | Pendulum.PendulumAPP:_processSerialData:120 - 📏 串口长度数据已更新: L37.140694 -> physical_length=37.140694
2025-09-02 14:37:23.249 | INFO     | Pendulum.PendulumAPP:_processSerialData:121 - 🔄 数据来源: 串口接收 -> PendulumState.physical_length
2025-09-02 14:37:23.293 | INFO     | Pendulum.PendulumAPP:_processSerialData:120 - 📏 串口长度数据已更新: L37.140694 -> physical_length=37.140694
2025-09-02 14:37:23.294 | INFO     | Pendulum.PendulumAPP:_processSerialData:121 - 🔄 数据来源: 串口接收 -> PendulumState.physical_length
2025-09-02 14:37:23.339 | INFO     | Pendulum.PendulumAPP:_processSerialData:120 - 📏 串口长度数据已更新: L37.140694 -> physical_length=37.140694
2025-09-02 14:37:23.340 | INFO     | Pendulum.PendulumAPP:_processSerialData:121 - 🔄 数据来源: 串口接收 -> PendulumState.physical_length
2025-09-02 14:37:23.386 | INFO     | Pendulum.PendulumAPP:_processSerialData:120 - 📏 串口长度数据已更新: L37.140694 -> physical_length=37.140694
2025-09-02 14:37:23.387 | INFO     | Pendulum.PendulumAPP:_processSerialData:121 - 🔄 数据来源: 串口接收 -> PendulumState.physical_length
2025-09-02 14:37:23.432 | INFO     | Pendulum.PendulumAPP:_processSerialData:120 - 📏 串口长度数据已更新: L37.140694 -> physical_length=37.140694
2025-09-02 14:37:23.436 | INFO     | Pendulum.PendulumAPP:_processSerialData:121 - 🔄 数据来源: 串口接收 -> PendulumState.physical_length
2025-09-02 14:37:23.479 | INFO     | Pendulum.PendulumAPP:_processSerialData:120 - 📏 串口长度数据已更新: L37.140694 -> physical_length=37.140694
2025-09-02 14:37:23.481 | INFO     | Pendulum.PendulumAPP:_processSerialData:121 - 🔄 数据来源: 串口接收 -> PendulumState.physical_length
2025-09-02 14:37:23.525 | INFO     | Pendulum.PendulumAPP:_processSerialData:120 - 📏 串口长度数据已更新: L37.140694 -> physical_length=37.140694
2025-09-02 14:37:23.526 | INFO     | Pendulum.PendulumAPP:_processSerialData:121 - 🔄 数据来源: 串口接收 -> PendulumState.physical_length
2025-09-02 14:37:23.571 | INFO     | Pendulum.PendulumAPP:_processSerialData:120 - 📏 串口长度数据已更新: L37.140694 -> physical_length=37.140694
2025-09-02 14:37:23.573 | INFO     | Pendulum.PendulumAPP:_processSerialData:121 - 🔄 数据来源: 串口接收 -> PendulumState.physical_length
2025-09-02 14:37:23.617 | INFO     | Pendulum.PendulumAPP:_processSerialData:120 - 📏 串口长度数据已更新: L37.140694 -> physical_length=37.140694
2025-09-02 14:37:23.618 | INFO     | Pendulum.PendulumAPP:_processSerialData:121 - 🔄 数据来源: 串口接收 -> PendulumState.physical_length
2025-09-02 14:37:23.665 | INFO     | Pendulum.PendulumAPP:_processSerialData:120 - 📏 串口长度数据已更新: L37.140694 -> physical_length=37.140694
2025-09-02 14:37:23.666 | INFO     | Pendulum.PendulumAPP:_processSerialData:121 - 🔄 数据来源: 串口接收 -> PendulumState.physical_length
2025-09-02 14:37:23.711 | INFO     | Pendulum.PendulumAPP:_processSerialData:120 - 📏 串口长度数据已更新: L37.140694 -> physical_length=37.140694
2025-09-02 14:37:23.711 | INFO     | Pendulum.PendulumAPP:_processSerialData:121 - 🔄 数据来源: 串口接收 -> PendulumState.physical_length
2025-09-02 14:37:23.755 | INFO     | Pendulum.PendulumAPP:_processSerialData:120 - 📏 串口长度数据已更新: L37.140694 -> physical_length=37.140694
2025-09-02 14:37:23.756 | INFO     | Pendulum.PendulumAPP:_processSerialData:121 - 🔄 数据来源: 串口接收 -> PendulumState.physical_length
2025-09-02 14:37:23.802 | INFO     | Pendulum.PendulumAPP:_processSerialData:120 - 📏 串口长度数据已更新: L37.140694 -> physical_length=37.140694
2025-09-02 14:37:23.803 | INFO     | Pendulum.PendulumAPP:_processSerialData:121 - 🔄 数据来源: 串口接收 -> PendulumState.physical_length
2025-09-02 14:37:23.848 | INFO     | Pendulum.PendulumAPP:_processSerialData:120 - 📏 串口长度数据已更新: L37.140694 -> physical_length=37.140694
2025-09-02 14:37:23.849 | INFO     | Pendulum.PendulumAPP:_processSerialData:121 - 🔄 数据来源: 串口接收 -> PendulumState.physical_length
2025-09-02 14:37:23.895 | INFO     | Pendulum.PendulumAPP:_processSerialData:120 - 📏 串口长度数据已更新: L37.140694 -> physical_length=37.140694
2025-09-02 14:37:23.895 | INFO     | Pendulum.PendulumAPP:_processSerialData:121 - 🔄 数据来源: 串口接收 -> PendulumState.physical_length
2025-09-02 14:37:23.943 | INFO     | Pendulum.PendulumAPP:_keyEventWeb:268 - u2
2025-09-02 14:37:23.944 | INFO     | Pendulum.SerialConncet:send:199 - sendu2
2025-09-02 14:37:23.947 | INFO     | Pendulum.SerialConncet:send:201 - [发送] u2
2025-09-02 14:37:23.957 | INFO     | Pendulum.PendulumAPP:_processSerialData:120 - 📏 串口长度数据已更新: L37.140694 -> physical_length=37.140694
2025-09-02 14:37:23.957 | INFO     | Pendulum.PendulumAPP:_processSerialData:121 - 🔄 数据来源: 串口接收 -> PendulumState.physical_length
2025-09-02 14:37:24.003 | INFO     | Pendulum.PendulumAPP:_processSerialData:120 - 📏 串口长度数据已更新: L37.140694 -> physical_length=37.140694
2025-09-02 14:37:24.005 | INFO     | Pendulum.PendulumAPP:_processSerialData:121 - 🔄 数据来源: 串口接收 -> PendulumState.physical_length
2025-09-02 14:37:24.049 | INFO     | Pendulum.PendulumAPP:_processSerialData:120 - 📏 串口长度数据已更新: L37.140694 -> physical_length=37.140694
2025-09-02 14:37:24.050 | INFO     | Pendulum.PendulumAPP:_processSerialData:121 - 🔄 数据来源: 串口接收 -> PendulumState.physical_length
2025-09-02 14:37:24.097 | INFO     | Pendulum.PendulumAPP:_processSerialData:120 - 📏 串口长度数据已更新: L37.140694 -> physical_length=37.140694
2025-09-02 14:37:24.098 | INFO     | Pendulum.PendulumAPP:_processSerialData:121 - 🔄 数据来源: 串口接收 -> PendulumState.physical_length
2025-09-02 14:37:24.144 | INFO     | Pendulum.PendulumAPP:_processSerialData:120 - 📏 串口长度数据已更新: L37.140694 -> physical_length=37.140694
2025-09-02 14:37:24.145 | INFO     | Pendulum.PendulumAPP:_processSerialData:121 - 🔄 数据来源: 串口接收 -> PendulumState.physical_length
2025-09-02 14:37:24.190 | INFO     | Pendulum.PendulumAPP:_processSerialData:120 - 📏 串口长度数据已更新: L37.140694 -> physical_length=37.140694
2025-09-02 14:37:24.193 | INFO     | Pendulum.PendulumAPP:_processSerialData:121 - 🔄 数据来源: 串口接收 -> PendulumState.physical_length
2025-09-02 14:37:24.237 | INFO     | Pendulum.PendulumAPP:_processSerialData:120 - 📏 串口长度数据已更新: L37.140694 -> physical_length=37.140694
2025-09-02 14:37:24.238 | INFO     | Pendulum.PendulumAPP:_processSerialData:121 - 🔄 数据来源: 串口接收 -> PendulumState.physical_length
2025-09-02 14:37:24.283 | INFO     | Pendulum.PendulumAPP:_processSerialData:120 - 📏 串口长度数据已更新: L37.140694 -> physical_length=37.140694
2025-09-02 14:37:24.283 | INFO     | Pendulum.PendulumAPP:_processSerialData:121 - 🔄 数据来源: 串口接收 -> PendulumState.physical_length
2025-09-02 14:37:24.330 | INFO     | Pendulum.PendulumAPP:_processSerialData:120 - 📏 串口长度数据已更新: L37.140694 -> physical_length=37.140694
2025-09-02 14:37:24.331 | INFO     | Pendulum.PendulumAPP:_processSerialData:121 - 🔄 数据来源: 串口接收 -> PendulumState.physical_length
2025-09-02 14:37:24.377 | INFO     | Pendulum.PendulumAPP:_processSerialData:120 - 📏 串口长度数据已更新: L37.140694 -> physical_length=37.140694
2025-09-02 14:37:24.381 | INFO     | Pendulum.PendulumAPP:_processSerialData:121 - 🔄 数据来源: 串口接收 -> PendulumState.physical_length
2025-09-02 14:37:24.422 | INFO     | Pendulum.PendulumAPP:_processSerialData:120 - 📏 串口长度数据已更新: L37.140694 -> physical_length=37.140694
2025-09-02 14:37:24.423 | INFO     | Pendulum.PendulumAPP:_processSerialData:121 - 🔄 数据来源: 串口接收 -> PendulumState.physical_length
2025-09-02 14:37:24.468 | INFO     | Pendulum.PendulumAPP:_processSerialData:120 - 📏 串口长度数据已更新: L37.140694 -> physical_length=37.140694
2025-09-02 14:37:24.469 | INFO     | Pendulum.PendulumAPP:_processSerialData:121 - 🔄 数据来源: 串口接收 -> PendulumState.physical_length
2025-09-02 14:37:24.514 | INFO     | Pendulum.PendulumAPP:_processSerialData:120 - 📏 串口长度数据已更新: L37.140694 -> physical_length=37.140694
2025-09-02 14:37:24.516 | INFO     | Pendulum.PendulumAPP:_processSerialData:121 - 🔄 数据来源: 串口接收 -> PendulumState.physical_length
2025-09-02 14:37:24.561 | INFO     | Pendulum.PendulumAPP:_processSerialData:120 - 📏 串口长度数据已更新: L37.140694 -> physical_length=37.140694
2025-09-02 14:37:24.562 | INFO     | Pendulum.PendulumAPP:_processSerialData:121 - 🔄 数据来源: 串口接收 -> PendulumState.physical_length
2025-09-02 14:37:24.605 | INFO     | Pendulum.PendulumAPP:_processSerialData:120 - 📏 串口长度数据已更新: L37.140694 -> physical_length=37.140694
2025-09-02 14:37:24.606 | INFO     | Pendulum.PendulumAPP:_processSerialData:121 - 🔄 数据来源: 串口接收 -> PendulumState.physical_length
2025-09-02 14:37:24.652 | INFO     | Pendulum.PendulumAPP:_processSerialData:120 - 📏 串口长度数据已更新: L37.140694 -> physical_length=37.140694
2025-09-02 14:37:24.653 | INFO     | Pendulum.PendulumAPP:_processSerialData:121 - 🔄 数据来源: 串口接收 -> PendulumState.physical_length
2025-09-02 14:37:24.697 | INFO     | Pendulum.PendulumAPP:_processSerialData:120 - 📏 串口长度数据已更新: L37.140694 -> physical_length=37.140694
2025-09-02 14:37:24.700 | INFO     | Pendulum.PendulumAPP:_processSerialData:121 - 🔄 数据来源: 串口接收 -> PendulumState.physical_length
2025-09-02 14:37:24.744 | INFO     | Pendulum.PendulumAPP:_processSerialData:120 - 📏 串口长度数据已更新: L37.140694 -> physical_length=37.140694
2025-09-02 14:37:24.745 | INFO     | Pendulum.PendulumAPP:_processSerialData:121 - 🔄 数据来源: 串口接收 -> PendulumState.physical_length
2025-09-02 14:37:24.792 | INFO     | Pendulum.PendulumAPP:_processSerialData:120 - 📏 串口长度数据已更新: L37.140694 -> physical_length=37.140694
2025-09-02 14:37:24.793 | INFO     | Pendulum.PendulumAPP:_processSerialData:121 - 🔄 数据来源: 串口接收 -> PendulumState.physical_length
2025-09-02 14:37:24.838 | INFO     | Pendulum.PendulumAPP:_processSerialData:120 - 📏 串口长度数据已更新: L37.140694 -> physical_length=37.140694
2025-09-02 14:37:24.840 | INFO     | Pendulum.PendulumAPP:_processSerialData:121 - 🔄 数据来源: 串口接收 -> PendulumState.physical_length
2025-09-02 14:37:24.884 | INFO     | Pendulum.PendulumAPP:_processSerialData:120 - 📏 串口长度数据已更新: L37.140694 -> physical_length=37.140694
2025-09-02 14:37:24.884 | INFO     | Pendulum.PendulumAPP:_processSerialData:121 - 🔄 数据来源: 串口接收 -> PendulumState.physical_length
2025-09-02 14:37:24.931 | INFO     | Pendulum.PendulumAPP:_processSerialData:120 - 📏 串口长度数据已更新: L37.140694 -> physical_length=37.140694
2025-09-02 14:37:24.932 | INFO     | Pendulum.PendulumAPP:_processSerialData:121 - 🔄 数据来源: 串口接收 -> PendulumState.physical_length
2025-09-02 14:37:24.978 | INFO     | Pendulum.PendulumAPP:_processSerialData:120 - 📏 串口长度数据已更新: L37.140694 -> physical_length=37.140694
2025-09-02 14:37:24.980 | INFO     | Pendulum.PendulumAPP:_processSerialData:121 - 🔄 数据来源: 串口接收 -> PendulumState.physical_length
2025-09-02 14:37:25.025 | INFO     | Pendulum.PendulumAPP:_processSerialData:120 - 📏 串口长度数据已更新: L37.140694 -> physical_length=37.140694
2025-09-02 14:37:25.026 | INFO     | Pendulum.PendulumAPP:_processSerialData:121 - 🔄 数据来源: 串口接收 -> PendulumState.physical_length
2025-09-02 14:37:25.072 | INFO     | Pendulum.PendulumAPP:_processSerialData:120 - 📏 串口长度数据已更新: L37.140694 -> physical_length=37.140694
2025-09-02 14:37:25.072 | INFO     | Pendulum.PendulumAPP:_processSerialData:121 - 🔄 数据来源: 串口接收 -> PendulumState.physical_length
2025-09-02 14:37:25.115 | INFO     | Pendulum.PendulumAPP:_processSerialData:120 - 📏 串口长度数据已更新: L37.140694 -> physical_length=37.140694
2025-09-02 14:37:25.116 | INFO     | Pendulum.PendulumAPP:_processSerialData:121 - 🔄 数据来源: 串口接收 -> PendulumState.physical_length
2025-09-02 14:37:25.165 | INFO     | Pendulum.PendulumAPP:_processSerialData:120 - 📏 串口长度数据已更新: L37.140694 -> physical_length=37.140694
2025-09-02 14:37:25.166 | INFO     | Pendulum.PendulumAPP:_processSerialData:121 - 🔄 数据来源: 串口接收 -> PendulumState.physical_length
2025-09-02 14:37:25.225 | INFO     | Pendulum.PendulumAPP:_processSerialData:120 - 📏 串口长度数据已更新: L37.140694 -> physical_length=37.140694
2025-09-02 14:37:25.227 | INFO     | Pendulum.PendulumAPP:_processSerialData:121 - 🔄 数据来源: 串口接收 -> PendulumState.physical_length
2025-09-02 14:37:25.287 | INFO     | Pendulum.PendulumAPP:_processSerialData:120 - 📏 串口长度数据已更新: L37.140694 -> physical_length=37.140694
2025-09-02 14:37:25.289 | INFO     | Pendulum.PendulumAPP:_processSerialData:121 - 🔄 数据来源: 串口接收 -> PendulumState.physical_length
2025-09-02 14:37:25.335 | INFO     | Pendulum.PendulumAPP:_processSerialData:120 - 📏 串口长度数据已更新: L37.140694 -> physical_length=37.140694
2025-09-02 14:37:25.336 | INFO     | Pendulum.PendulumAPP:_processSerialData:121 - 🔄 数据来源: 串口接收 -> PendulumState.physical_length
2025-09-02 14:37:25.380 | INFO     | Pendulum.PendulumAPP:_processSerialData:120 - 📏 串口长度数据已更新: L37.140694 -> physical_length=37.140694
2025-09-02 14:37:25.381 | INFO     | Pendulum.PendulumAPP:_processSerialData:121 - 🔄 数据来源: 串口接收 -> PendulumState.physical_length
2025-09-02 14:37:25.425 | INFO     | Pendulum.PendulumAPP:_processSerialData:120 - 📏 串口长度数据已更新: L37.140694 -> physical_length=37.140694
2025-09-02 14:37:25.426 | INFO     | Pendulum.PendulumAPP:_processSerialData:121 - 🔄 数据来源: 串口接收 -> PendulumState.physical_length
2025-09-02 14:37:25.471 | INFO     | Pendulum.PendulumAPP:_processSerialData:120 - 📏 串口长度数据已更新: L37.140694 -> physical_length=37.140694
2025-09-02 14:37:25.472 | INFO     | Pendulum.PendulumAPP:_processSerialData:121 - 🔄 数据来源: 串口接收 -> PendulumState.physical_length
2025-09-02 14:37:25.518 | INFO     | Pendulum.PendulumAPP:_processSerialData:120 - 📏 串口长度数据已更新: L37.140694 -> physical_length=37.140694
2025-09-02 14:37:25.520 | INFO     | Pendulum.PendulumAPP:_processSerialData:121 - 🔄 数据来源: 串口接收 -> PendulumState.physical_length
2025-09-02 14:37:25.564 | INFO     | Pendulum.PendulumAPP:_processSerialData:120 - 📏 串口长度数据已更新: L37.140694 -> physical_length=37.140694
2025-09-02 14:37:25.565 | INFO     | Pendulum.PendulumAPP:_processSerialData:121 - 🔄 数据来源: 串口接收 -> PendulumState.physical_length
2025-09-02 14:37:25.610 | INFO     | Pendulum.PendulumAPP:_processSerialData:120 - 📏 串口长度数据已更新: L37.140694 -> physical_length=37.140694
2025-09-02 14:37:25.611 | INFO     | Pendulum.PendulumAPP:_processSerialData:121 - 🔄 数据来源: 串口接收 -> PendulumState.physical_length
2025-09-02 14:37:25.674 | INFO     | Pendulum.PendulumAPP:_processSerialData:120 - 📏 串口长度数据已更新: L37.140694 -> physical_length=37.140694
2025-09-02 14:37:25.675 | INFO     | Pendulum.PendulumAPP:_processSerialData:121 - 🔄 数据来源: 串口接收 -> PendulumState.physical_length
2025-09-02 14:37:25.721 | INFO     | Pendulum.PendulumAPP:_processSerialData:120 - 📏 串口长度数据已更新: L37.140694 -> physical_length=37.140694
2025-09-02 14:37:25.721 | INFO     | Pendulum.PendulumAPP:_processSerialData:121 - 🔄 数据来源: 串口接收 -> PendulumState.physical_length
2025-09-02 14:37:25.767 | INFO     | Pendulum.PendulumAPP:_processSerialData:120 - 📏 串口长度数据已更新: L37.140694 -> physical_length=37.140694
2025-09-02 14:37:25.769 | INFO     | Pendulum.PendulumAPP:_processSerialData:121 - 🔄 数据来源: 串口接收 -> PendulumState.physical_length
2025-09-02 14:37:25.814 | INFO     | Pendulum.PendulumAPP:_processSerialData:120 - 📏 串口长度数据已更新: L37.140694 -> physical_length=37.140694
2025-09-02 14:37:25.816 | INFO     | Pendulum.PendulumAPP:_processSerialData:121 - 🔄 数据来源: 串口接收 -> PendulumState.physical_length
2025-09-02 14:37:25.860 | INFO     | Pendulum.PendulumAPP:_processSerialData:120 - 📏 串口长度数据已更新: L37.140694 -> physical_length=37.140694
2025-09-02 14:37:25.860 | INFO     | Pendulum.PendulumAPP:_processSerialData:121 - 🔄 数据来源: 串口接收 -> PendulumState.physical_length
2025-09-02 14:37:25.906 | INFO     | Pendulum.PendulumAPP:_processSerialData:120 - 📏 串口长度数据已更新: L37.140694 -> physical_length=37.140694
2025-09-02 14:37:25.907 | INFO     | Pendulum.PendulumAPP:_processSerialData:121 - 🔄 数据来源: 串口接收 -> PendulumState.physical_length
2025-09-02 14:37:25.953 | INFO     | Pendulum.PendulumAPP:_processSerialData:120 - 📏 串口长度数据已更新: L37.140694 -> physical_length=37.140694
2025-09-02 14:37:25.954 | INFO     | Pendulum.PendulumAPP:_processSerialData:121 - 🔄 数据来源: 串口接收 -> PendulumState.physical_length
2025-09-02 14:37:25.999 | INFO     | Pendulum.PendulumAPP:_processSerialData:120 - 📏 串口长度数据已更新: L37.140694 -> physical_length=37.140694
2025-09-02 14:37:26.001 | INFO     | Pendulum.PendulumAPP:_processSerialData:121 - 🔄 数据来源: 串口接收 -> PendulumState.physical_length
2025-09-02 14:37:26.046 | INFO     | Pendulum.PendulumAPP:_processSerialData:120 - 📏 串口长度数据已更新: L37.140694 -> physical_length=37.140694
2025-09-02 14:37:26.047 | INFO     | Pendulum.PendulumAPP:_processSerialData:121 - 🔄 数据来源: 串口接收 -> PendulumState.physical_length
2025-09-02 14:37:26.092 | INFO     | Pendulum.PendulumAPP:_processSerialData:120 - 📏 串口长度数据已更新: L37.140694 -> physical_length=37.140694
2025-09-02 14:37:26.094 | INFO     | Pendulum.PendulumAPP:_processSerialData:121 - 🔄 数据来源: 串口接收 -> PendulumState.physical_length
2025-09-02 14:37:26.138 | INFO     | Pendulum.PendulumAPP:_processSerialData:120 - 📏 串口长度数据已更新: L37.140694 -> physical_length=37.140694
2025-09-02 14:37:26.139 | INFO     | Pendulum.PendulumAPP:_processSerialData:121 - 🔄 数据来源: 串口接收 -> PendulumState.physical_length
2025-09-02 14:37:26.170 | INFO     | Pendulum.PendulumAPP:_processSerialData:120 - 📏 串口长度数据已更新: L37.140694 -> physical_length=37.140694
2025-09-02 14:37:26.171 | INFO     | Pendulum.PendulumAPP:_processSerialData:121 - 🔄 数据来源: 串口接收 -> PendulumState.physical_length
2025-09-02 14:37:26.215 | INFO     | Pendulum.PendulumAPP:_processSerialData:120 - 📏 串口长度数据已更新: L37.140694 -> physical_length=37.140694
2025-09-02 14:37:26.217 | INFO     | Pendulum.PendulumAPP:_processSerialData:121 - 🔄 数据来源: 串口接收 -> PendulumState.physical_length
2025-09-02 14:37:26.261 | INFO     | Pendulum.PendulumAPP:_processSerialData:120 - 📏 串口长度数据已更新: L37.140694 -> physical_length=37.140694
2025-09-02 14:37:26.261 | INFO     | Pendulum.PendulumAPP:_processSerialData:121 - 🔄 数据来源: 串口接收 -> PendulumState.physical_length
2025-09-02 14:37:26.308 | INFO     | Pendulum.PendulumAPP:_processSerialData:120 - 📏 串口长度数据已更新: L37.140694 -> physical_length=37.140694
2025-09-02 14:37:26.309 | INFO     | Pendulum.PendulumAPP:_processSerialData:121 - 🔄 数据来源: 串口接收 -> PendulumState.physical_length
2025-09-02 14:37:26.355 | INFO     | Pendulum.PendulumAPP:_processSerialData:120 - 📏 串口长度数据已更新: L37.140694 -> physical_length=37.140694
2025-09-02 14:37:26.356 | INFO     | Pendulum.PendulumAPP:_processSerialData:121 - 🔄 数据来源: 串口接收 -> PendulumState.physical_length
2025-09-02 14:37:26.403 | INFO     | Pendulum.PendulumAPP:_processSerialData:120 - 📏 串口长度数据已更新: L37.140694 -> physical_length=37.140694
2025-09-02 14:37:26.406 | INFO     | Pendulum.PendulumAPP:_processSerialData:121 - 🔄 数据来源: 串口接收 -> PendulumState.physical_length
2025-09-02 14:37:26.450 | INFO     | Pendulum.PendulumAPP:_processSerialData:120 - 📏 串口长度数据已更新: L37.140694 -> physical_length=37.140694
2025-09-02 14:37:26.455 | INFO     | Pendulum.PendulumAPP:_processSerialData:121 - 🔄 数据来源: 串口接收 -> PendulumState.physical_length
2025-09-02 14:37:26.486 | INFO     | Pendulum.PendulumAPP:_keyEventWeb:274 - u0
2025-09-02 14:37:26.487 | INFO     | Pendulum.SerialConncet:send:199 - sendu0
2025-09-02 14:37:26.491 | INFO     | Pendulum.SerialConncet:send:201 - [发送] u0
2025-09-02 14:37:26.496 | INFO     | Pendulum.PendulumAPP:_processSerialData:120 - 📏 串口长度数据已更新: L37.140694 -> physical_length=37.140694
2025-09-02 14:37:26.497 | INFO     | Pendulum.PendulumAPP:_processSerialData:121 - 🔄 数据来源: 串口接收 -> PendulumState.physical_length
2025-09-02 14:37:26.542 | INFO     | Pendulum.PendulumAPP:_processSerialData:120 - 📏 串口长度数据已更新: L37.140694 -> physical_length=37.140694
2025-09-02 14:37:26.542 | INFO     | Pendulum.PendulumAPP:_processSerialData:121 - 🔄 数据来源: 串口接收 -> PendulumState.physical_length
2025-09-02 14:37:26.589 | INFO     | Pendulum.PendulumAPP:_processSerialData:120 - 📏 串口长度数据已更新: L37.140694 -> physical_length=37.140694
2025-09-02 14:37:26.591 | INFO     | Pendulum.PendulumAPP:_processSerialData:121 - 🔄 数据来源: 串口接收 -> PendulumState.physical_length
2025-09-02 14:37:26.634 | INFO     | Pendulum.PendulumAPP:_processSerialData:120 - 📏 串口长度数据已更新: L37.140694 -> physical_length=37.140694
2025-09-02 14:37:26.635 | INFO     | Pendulum.PendulumAPP:_processSerialData:121 - 🔄 数据来源: 串口接收 -> PendulumState.physical_length
2025-09-02 14:37:26.681 | INFO     | Pendulum.PendulumAPP:_processSerialData:120 - 📏 串口长度数据已更新: L37.140694 -> physical_length=37.140694
2025-09-02 14:37:26.683 | INFO     | Pendulum.PendulumAPP:_processSerialData:121 - 🔄 数据来源: 串口接收 -> PendulumState.physical_length
2025-09-02 14:37:26.727 | INFO     | Pendulum.PendulumAPP:_processSerialData:120 - 📏 串口长度数据已更新: L37.140694 -> physical_length=37.140694
2025-09-02 14:37:26.728 | INFO     | Pendulum.PendulumAPP:_processSerialData:121 - 🔄 数据来源: 串口接收 -> PendulumState.physical_length
2025-09-02 14:37:26.777 | INFO     | Pendulum.PendulumAPP:_processSerialData:120 - 📏 串口长度数据已更新: L37.140694 -> physical_length=37.140694
2025-09-02 14:37:26.777 | INFO     | Pendulum.PendulumAPP:_processSerialData:121 - 🔄 数据来源: 串口接收 -> PendulumState.physical_length
2025-09-02 14:37:26.823 | INFO     | Pendulum.PendulumAPP:_processSerialData:120 - 📏 串口长度数据已更新: L37.140694 -> physical_length=37.140694
2025-09-02 14:37:26.826 | INFO     | Pendulum.PendulumAPP:_processSerialData:121 - 🔄 数据来源: 串口接收 -> PendulumState.physical_length
2025-09-02 14:37:26.869 | INFO     | Pendulum.PendulumAPP:_processSerialData:120 - 📏 串口长度数据已更新: L37.140694 -> physical_length=37.140694
2025-09-02 14:37:26.871 | INFO     | Pendulum.PendulumAPP:_processSerialData:121 - 🔄 数据来源: 串口接收 -> PendulumState.physical_length
2025-09-02 14:37:26.915 | INFO     | Pendulum.PendulumAPP:_processSerialData:120 - 📏 串口长度数据已更新: L37.140694 -> physical_length=37.140694
2025-09-02 14:37:26.916 | INFO     | Pendulum.PendulumAPP:_processSerialData:121 - 🔄 数据来源: 串口接收 -> PendulumState.physical_length
2025-09-02 14:37:26.962 | INFO     | Pendulum.PendulumAPP:_processSerialData:120 - 📏 串口长度数据已更新: L37.140694 -> physical_length=37.140694
2025-09-02 14:37:26.963 | INFO     | Pendulum.PendulumAPP:_processSerialData:121 - 🔄 数据来源: 串口接收 -> PendulumState.physical_length
2025-09-02 14:37:27.007 | INFO     | Pendulum.PendulumAPP:_processSerialData:120 - 📏 串口长度数据已更新: L37.140694 -> physical_length=37.140694
2025-09-02 14:37:27.008 | INFO     | Pendulum.PendulumAPP:_processSerialData:121 - 🔄 数据来源: 串口接收 -> PendulumState.physical_length
2025-09-02 14:37:27.054 | INFO     | Pendulum.PendulumAPP:_processSerialData:120 - 📏 串口长度数据已更新: L37.140694 -> physical_length=37.140694
2025-09-02 14:37:27.056 | INFO     | Pendulum.PendulumAPP:_processSerialData:121 - 🔄 数据来源: 串口接收 -> PendulumState.physical_length
2025-09-02 14:37:27.100 | INFO     | Pendulum.PendulumAPP:_processSerialData:120 - 📏 串口长度数据已更新: L37.140694 -> physical_length=37.140694
2025-09-02 14:37:27.101 | INFO     | Pendulum.PendulumAPP:_processSerialData:121 - 🔄 数据来源: 串口接收 -> PendulumState.physical_length
2025-09-02 14:37:27.146 | INFO     | Pendulum.PendulumAPP:_processSerialData:120 - 📏 串口长度数据已更新: L37.140694 -> physical_length=37.140694
2025-09-02 14:37:27.148 | INFO     | Pendulum.PendulumAPP:_processSerialData:121 - 🔄 数据来源: 串口接收 -> PendulumState.physical_length
2025-09-02 14:37:27.192 | INFO     | Pendulum.PendulumAPP:_processSerialData:120 - 📏 串口长度数据已更新: L37.140694 -> physical_length=37.140694
2025-09-02 14:37:27.195 | INFO     | Pendulum.PendulumAPP:_processSerialData:121 - 🔄 数据来源: 串口接收 -> PendulumState.physical_length
2025-09-02 14:37:27.238 | INFO     | Pendulum.PendulumAPP:_processSerialData:120 - 📏 串口长度数据已更新: L37.140694 -> physical_length=37.140694
2025-09-02 14:37:27.239 | INFO     | Pendulum.PendulumAPP:_processSerialData:121 - 🔄 数据来源: 串口接收 -> PendulumState.physical_length
2025-09-02 14:37:27.285 | INFO     | Pendulum.PendulumAPP:_processSerialData:120 - 📏 串口长度数据已更新: L37.140694 -> physical_length=37.140694
2025-09-02 14:37:27.287 | INFO     | Pendulum.PendulumAPP:_processSerialData:121 - 🔄 数据来源: 串口接收 -> PendulumState.physical_length
2025-09-02 14:37:27.330 | INFO     | Pendulum.PendulumAPP:_processSerialData:120 - 📏 串口长度数据已更新: L37.140694 -> physical_length=37.140694
2025-09-02 14:37:27.331 | INFO     | Pendulum.PendulumAPP:_processSerialData:121 - 🔄 数据来源: 串口接收 -> PendulumState.physical_length
2025-09-02 14:37:27.376 | INFO     | Pendulum.PendulumAPP:_processSerialData:120 - 📏 串口长度数据已更新: L37.140694 -> physical_length=37.140694
2025-09-02 14:37:27.377 | INFO     | Pendulum.PendulumAPP:_processSerialData:121 - 🔄 数据来源: 串口接收 -> PendulumState.physical_length
2025-09-02 14:37:27.423 | INFO     | Pendulum.PendulumAPP:_processSerialData:120 - 📏 串口长度数据已更新: L37.140694 -> physical_length=37.140694
2025-09-02 14:37:27.424 | INFO     | Pendulum.PendulumAPP:_processSerialData:121 - 🔄 数据来源: 串口接收 -> PendulumState.physical_length
2025-09-02 14:37:27.469 | INFO     | Pendulum.PendulumAPP:_processSerialData:120 - 📏 串口长度数据已更新: L37.140694 -> physical_length=37.140694
2025-09-02 14:37:27.470 | INFO     | Pendulum.PendulumAPP:_processSerialData:121 - 🔄 数据来源: 串口接收 -> PendulumState.physical_length
2025-09-02 14:37:27.516 | INFO     | Pendulum.PendulumAPP:_processSerialData:120 - 📏 串口长度数据已更新: L37.140694 -> physical_length=37.140694
2025-09-02 14:37:27.517 | INFO     | Pendulum.PendulumAPP:_processSerialData:121 - 🔄 数据来源: 串口接收 -> PendulumState.physical_length
2025-09-02 14:37:27.563 | INFO     | Pendulum.PendulumAPP:_processSerialData:120 - 📏 串口长度数据已更新: L37.140694 -> physical_length=37.140694
2025-09-02 14:37:27.566 | INFO     | Pendulum.PendulumAPP:_processSerialData:121 - 🔄 数据来源: 串口接收 -> PendulumState.physical_length
2025-09-02 14:37:27.610 | INFO     | Pendulum.PendulumAPP:_processSerialData:120 - 📏 串口长度数据已更新: L37.140694 -> physical_length=37.140694
2025-09-02 14:37:27.610 | INFO     | Pendulum.PendulumAPP:_processSerialData:121 - 🔄 数据来源: 串口接收 -> PendulumState.physical_length
2025-09-02 14:37:27.657 | INFO     | Pendulum.PendulumAPP:_processSerialData:120 - 📏 串口长度数据已更新: L37.140694 -> physical_length=37.140694
2025-09-02 14:37:27.659 | INFO     | Pendulum.PendulumAPP:_processSerialData:121 - 🔄 数据来源: 串口接收 -> PendulumState.physical_length
2025-09-02 14:37:27.704 | INFO     | Pendulum.PendulumAPP:_processSerialData:120 - 📏 串口长度数据已更新: L37.140694 -> physical_length=37.140694
2025-09-02 14:37:27.705 | INFO     | Pendulum.PendulumAPP:_processSerialData:121 - 🔄 数据来源: 串口接收 -> PendulumState.physical_length
2025-09-02 14:37:27.766 | INFO     | Pendulum.PendulumAPP:_processSerialData:120 - 📏 串口长度数据已更新: L37.140694 -> physical_length=37.140694
2025-09-02 14:37:27.767 | INFO     | Pendulum.PendulumAPP:_processSerialData:121 - 🔄 数据来源: 串口接收 -> PendulumState.physical_length
2025-09-02 14:37:27.812 | INFO     | Pendulum.PendulumAPP:_processSerialData:120 - 📏 串口长度数据已更新: L37.140694 -> physical_length=37.140694
2025-09-02 14:37:27.814 | INFO     | Pendulum.PendulumAPP:_processSerialData:121 - 🔄 数据来源: 串口接收 -> PendulumState.physical_length
2025-09-02 14:37:27.858 | INFO     | Pendulum.PendulumAPP:_processSerialData:120 - 📏 串口长度数据已更新: L37.140694 -> physical_length=37.140694
2025-09-02 14:37:27.859 | INFO     | Pendulum.PendulumAPP:_processSerialData:121 - 🔄 数据来源: 串口接收 -> PendulumState.physical_length
2025-09-02 14:37:27.905 | INFO     | Pendulum.PendulumAPP:_processSerialData:120 - 📏 串口长度数据已更新: L37.140694 -> physical_length=37.140694
2025-09-02 14:37:27.906 | INFO     | Pendulum.PendulumAPP:_processSerialData:121 - 🔄 数据来源: 串口接收 -> PendulumState.physical_length
2025-09-02 14:37:27.952 | INFO     | Pendulum.PendulumAPP:_processSerialData:120 - 📏 串口长度数据已更新: L37.140694 -> physical_length=37.140694
2025-09-02 14:37:27.954 | INFO     | Pendulum.PendulumAPP:_processSerialData:121 - 🔄 数据来源: 串口接收 -> PendulumState.physical_length
2025-09-02 14:37:27.999 | INFO     | Pendulum.PendulumAPP:_processSerialData:120 - 📏 串口长度数据已更新: L37.140694 -> physical_length=37.140694
2025-09-02 14:37:28.000 | INFO     | Pendulum.PendulumAPP:_processSerialData:121 - 🔄 数据来源: 串口接收 -> PendulumState.physical_length
2025-09-02 14:37:28.045 | INFO     | Pendulum.PendulumAPP:_processSerialData:120 - 📏 串口长度数据已更新: L37.140694 -> physical_length=37.140694
2025-09-02 14:37:28.046 | INFO     | Pendulum.PendulumAPP:_processSerialData:121 - 🔄 数据来源: 串口接收 -> PendulumState.physical_length
2025-09-02 14:37:28.091 | INFO     | Pendulum.PendulumAPP:_processSerialData:120 - 📏 串口长度数据已更新: L37.140694 -> physical_length=37.140694
2025-09-02 14:37:28.092 | INFO     | Pendulum.PendulumAPP:_processSerialData:121 - 🔄 数据来源: 串口接收 -> PendulumState.physical_length
2025-09-02 14:37:28.138 | INFO     | Pendulum.PendulumAPP:_processSerialData:120 - 📏 串口长度数据已更新: L37.140694 -> physical_length=37.140694
2025-09-02 14:37:28.141 | INFO     | Pendulum.PendulumAPP:_processSerialData:121 - 🔄 数据来源: 串口接收 -> PendulumState.physical_length
2025-09-02 14:37:28.177 | INFO     | Pendulum.PendulumAPP:_keyEventWeb:252 - 清除数据
2025-09-02 14:37:28.178 | INFO     | Pendulum.SerialConncet:send:199 - sendr
2025-09-02 14:37:28.179 | INFO     | Pendulum.SerialConncet:send:201 - [发送] r
2025-09-02 14:37:28.181 | INFO     | Pendulum.SerialConncet:_run:176 - [接收] R
2025-09-02 14:37:28.226 | INFO     | Pendulum.PendulumAPP:_keyEventWeb:286 - d0
2025-09-02 14:37:28.227 | INFO     | Pendulum.SerialConncet:send:199 - sendd0
2025-09-02 14:37:28.229 | INFO     | Pendulum.SerialConncet:send:201 - [发送] d0
2025-09-02 14:37:29.550 | INFO     | Pendulum.SerialConncet:_run:176 - [接收] T0.000000,0.000000,0.000000
2025-09-02 14:37:31.990 | INFO     | Pendulum.SerialConncet:_run:176 - [接收] T1.000000,1.225382,1.225382
2025-09-02 14:37:31.997 | INFO     | Pendulum.SerialConncet:_run:176 - [接收] L37.103500
2025-09-02 14:37:32.002 | INFO     | Pendulum.PendulumAPP:_processSerialData:120 - 📏 串口长度数据已更新: L37.103500 -> physical_length=37.103500
2025-09-02 14:37:32.003 | INFO     | Pendulum.PendulumAPP:_processSerialData:121 - 🔄 数据来源: 串口接收 -> PendulumState.physical_length
2025-09-02 14:37:32.047 | INFO     | Pendulum.PendulumAPP:_processSerialData:120 - 📏 串口长度数据已更新: L37.103500 -> physical_length=37.103500
2025-09-02 14:37:32.049 | INFO     | Pendulum.PendulumAPP:_processSerialData:121 - 🔄 数据来源: 串口接收 -> PendulumState.physical_length
2025-09-02 14:37:32.093 | INFO     | Pendulum.PendulumAPP:_processSerialData:120 - 📏 串口长度数据已更新: L37.103500 -> physical_length=37.103500
2025-09-02 14:37:32.094 | INFO     | Pendulum.PendulumAPP:_processSerialData:121 - 🔄 数据来源: 串口接收 -> PendulumState.physical_length
2025-09-02 14:37:32.139 | INFO     | Pendulum.PendulumAPP:_processSerialData:120 - 📏 串口长度数据已更新: L37.103500 -> physical_length=37.103500
2025-09-02 14:37:32.140 | INFO     | Pendulum.PendulumAPP:_processSerialData:121 - 🔄 数据来源: 串口接收 -> PendulumState.physical_length
2025-09-02 14:37:32.186 | INFO     | Pendulum.PendulumAPP:_processSerialData:120 - 📏 串口长度数据已更新: L37.103500 -> physical_length=37.103500
2025-09-02 14:37:32.187 | INFO     | Pendulum.PendulumAPP:_processSerialData:121 - 🔄 数据来源: 串口接收 -> PendulumState.physical_length
2025-09-02 14:37:32.233 | INFO     | Pendulum.PendulumAPP:_processSerialData:120 - 📏 串口长度数据已更新: L37.103500 -> physical_length=37.103500
2025-09-02 14:37:32.236 | INFO     | Pendulum.PendulumAPP:_processSerialData:121 - 🔄 数据来源: 串口接收 -> PendulumState.physical_length
2025-09-02 14:37:32.278 | INFO     | Pendulum.PendulumAPP:_processSerialData:120 - 📏 串口长度数据已更新: L37.103500 -> physical_length=37.103500
2025-09-02 14:37:32.280 | INFO     | Pendulum.PendulumAPP:_processSerialData:121 - 🔄 数据来源: 串口接收 -> PendulumState.physical_length
2025-09-02 14:37:32.326 | INFO     | Pendulum.PendulumAPP:_processSerialData:120 - 📏 串口长度数据已更新: L37.103500 -> physical_length=37.103500
2025-09-02 14:37:32.327 | INFO     | Pendulum.PendulumAPP:_processSerialData:121 - 🔄 数据来源: 串口接收 -> PendulumState.physical_length
2025-09-02 14:37:32.371 | INFO     | Pendulum.PendulumAPP:_processSerialData:120 - 📏 串口长度数据已更新: L37.103500 -> physical_length=37.103500
2025-09-02 14:37:32.372 | INFO     | Pendulum.PendulumAPP:_processSerialData:121 - 🔄 数据来源: 串口接收 -> PendulumState.physical_length
2025-09-02 14:37:32.420 | INFO     | Pendulum.PendulumAPP:_processSerialData:120 - 📏 串口长度数据已更新: L37.103500 -> physical_length=37.103500
2025-09-02 14:37:32.420 | INFO     | Pendulum.PendulumAPP:_processSerialData:121 - 🔄 数据来源: 串口接收 -> PendulumState.physical_length
2025-09-02 14:37:32.465 | INFO     | Pendulum.PendulumAPP:_processSerialData:120 - 📏 串口长度数据已更新: L37.103500 -> physical_length=37.103500
2025-09-02 14:37:32.465 | INFO     | Pendulum.PendulumAPP:_processSerialData:121 - 🔄 数据来源: 串口接收 -> PendulumState.physical_length
2025-09-02 14:37:32.509 | INFO     | Pendulum.PendulumAPP:_processSerialData:120 - 📏 串口长度数据已更新: L37.103500 -> physical_length=37.103500
2025-09-02 14:37:32.511 | INFO     | Pendulum.PendulumAPP:_processSerialData:121 - 🔄 数据来源: 串口接收 -> PendulumState.physical_length
2025-09-02 14:37:32.555 | INFO     | Pendulum.PendulumAPP:_processSerialData:120 - 📏 串口长度数据已更新: L37.103500 -> physical_length=37.103500
2025-09-02 14:37:32.556 | INFO     | Pendulum.PendulumAPP:_processSerialData:121 - 🔄 数据来源: 串口接收 -> PendulumState.physical_length
2025-09-02 14:37:32.604 | INFO     | Pendulum.PendulumAPP:_processSerialData:120 - 📏 串口长度数据已更新: L37.103500 -> physical_length=37.103500
2025-09-02 14:37:32.605 | INFO     | Pendulum.PendulumAPP:_processSerialData:121 - 🔄 数据来源: 串口接收 -> PendulumState.physical_length
2025-09-02 14:37:32.648 | INFO     | Pendulum.PendulumAPP:_processSerialData:120 - 📏 串口长度数据已更新: L37.103500 -> physical_length=37.103500
2025-09-02 14:37:32.649 | INFO     | Pendulum.PendulumAPP:_processSerialData:121 - 🔄 数据来源: 串口接收 -> PendulumState.physical_length
2025-09-02 14:37:32.697 | INFO     | Pendulum.PendulumAPP:_processSerialData:120 - 📏 串口长度数据已更新: L37.103500 -> physical_length=37.103500
2025-09-02 14:37:32.699 | INFO     | Pendulum.PendulumAPP:_processSerialData:121 - 🔄 数据来源: 串口接收 -> PendulumState.physical_length
2025-09-02 14:37:32.741 | INFO     | Pendulum.PendulumAPP:_processSerialData:120 - 📏 串口长度数据已更新: L37.103500 -> physical_length=37.103500
2025-09-02 14:37:32.742 | INFO     | Pendulum.PendulumAPP:_processSerialData:121 - 🔄 数据来源: 串口接收 -> PendulumState.physical_length
2025-09-02 14:37:32.788 | INFO     | Pendulum.PendulumAPP:_processSerialData:120 - 📏 串口长度数据已更新: L37.103500 -> physical_length=37.103500
2025-09-02 14:37:32.789 | INFO     | Pendulum.PendulumAPP:_processSerialData:121 - 🔄 数据来源: 串口接收 -> PendulumState.physical_length
2025-09-02 14:37:32.834 | INFO     | Pendulum.PendulumAPP:_processSerialData:120 - 📏 串口长度数据已更新: L37.103500 -> physical_length=37.103500
2025-09-02 14:37:32.835 | INFO     | Pendulum.PendulumAPP:_processSerialData:121 - 🔄 数据来源: 串口接收 -> PendulumState.physical_length
2025-09-02 14:37:32.879 | INFO     | Pendulum.PendulumAPP:_processSerialData:120 - 📏 串口长度数据已更新: L37.103500 -> physical_length=37.103500
2025-09-02 14:37:32.881 | INFO     | Pendulum.PendulumAPP:_processSerialData:121 - 🔄 数据来源: 串口接收 -> PendulumState.physical_length
2025-09-02 14:37:32.925 | INFO     | Pendulum.PendulumAPP:_processSerialData:120 - 📏 串口长度数据已更新: L37.103500 -> physical_length=37.103500
2025-09-02 14:37:32.927 | INFO     | Pendulum.PendulumAPP:_processSerialData:121 - 🔄 数据来源: 串口接收 -> PendulumState.physical_length
2025-09-02 14:37:32.971 | INFO     | Pendulum.PendulumAPP:_processSerialData:120 - 📏 串口长度数据已更新: L37.103500 -> physical_length=37.103500
2025-09-02 14:37:32.972 | INFO     | Pendulum.PendulumAPP:_processSerialData:121 - 🔄 数据来源: 串口接收 -> PendulumState.physical_length
2025-09-02 14:37:33.018 | INFO     | Pendulum.PendulumAPP:_processSerialData:120 - 📏 串口长度数据已更新: L37.103500 -> physical_length=37.103500
2025-09-02 14:37:33.019 | INFO     | Pendulum.PendulumAPP:_processSerialData:121 - 🔄 数据来源: 串口接收 -> PendulumState.physical_length
2025-09-02 14:37:33.065 | INFO     | Pendulum.PendulumAPP:_processSerialData:120 - 📏 串口长度数据已更新: L37.103500 -> physical_length=37.103500
2025-09-02 14:37:33.066 | INFO     | Pendulum.PendulumAPP:_processSerialData:121 - 🔄 数据来源: 串口接收 -> PendulumState.physical_length
2025-09-02 14:37:33.112 | INFO     | Pendulum.PendulumAPP:_processSerialData:120 - 📏 串口长度数据已更新: L37.103500 -> physical_length=37.103500
2025-09-02 14:37:33.112 | INFO     | Pendulum.PendulumAPP:_processSerialData:121 - 🔄 数据来源: 串口接收 -> PendulumState.physical_length
2025-09-02 14:37:33.159 | INFO     | Pendulum.PendulumAPP:_processSerialData:120 - 📏 串口长度数据已更新: L37.103500 -> physical_length=37.103500
2025-09-02 14:37:33.160 | INFO     | Pendulum.PendulumAPP:_processSerialData:121 - 🔄 数据来源: 串口接收 -> PendulumState.physical_length
2025-09-02 14:37:33.205 | INFO     | Pendulum.PendulumAPP:_processSerialData:120 - 📏 串口长度数据已更新: L37.103500 -> physical_length=37.103500
2025-09-02 14:37:33.205 | INFO     | Pendulum.PendulumAPP:_processSerialData:121 - 🔄 数据来源: 串口接收 -> PendulumState.physical_length
2025-09-02 14:37:33.214 | INFO     | Pendulum.SerialConncet:_run:176 - [接收] T2.000000,1.226094,2.451476
2025-09-02 14:37:34.434 | INFO     | Pendulum.SerialConncet:_run:176 - [接收] T3.000000,1.225897,3.677373
2025-09-02 14:37:35.655 | INFO     | Pendulum.SerialConncet:_run:176 - [接收] T4.000000,1.226071,4.903444
2025-09-02 14:37:36.877 | INFO     | Pendulum.SerialConncet:_run:176 - [接收] T5.000000,1.225951,6.129395
2025-09-02 14:37:38.099 | INFO     | Pendulum.SerialConncet:_run:176 - [接收] T6.000000,1.226668,7.356063
2025-09-02 14:37:39.322 | INFO     | Pendulum.SerialConncet:_run:176 - [接收] T7.000000,1.226156,8.582219
2025-09-02 14:37:40.541 | INFO     | Pendulum.SerialConncet:_run:176 - [接收] T8.000000,1.226258,9.808476
2025-09-02 14:37:41.764 | INFO     | Pendulum.SerialConncet:_run:176 - [接收] T9.000000,1.222920,11.031397
2025-09-02 14:37:42.984 | INFO     | Pendulum.SerialConncet:_run:176 - [接收] T10.000000,1.226575,12.257973
2025-09-02 14:37:44.204 | INFO     | Pendulum.SerialConncet:_run:176 - [接收] T11.000000,1.226286,13.484259
2025-09-02 14:37:45.425 | INFO     | Pendulum.SerialConncet:_run:176 - [接收] T12.000000,1.226271,14.710529
2025-09-02 14:37:46.650 | INFO     | Pendulum.SerialConncet:_run:176 - [接收] T13.000000,1.226179,15.936707
2025-09-02 14:37:47.868 | INFO     | Pendulum.SerialConncet:_run:176 - [接收] T14.000000,1.226431,17.163137
2025-09-02 14:37:49.090 | INFO     | Pendulum.SerialConncet:_run:176 - [接收] T15.000000,1.226300,18.389437
2025-09-02 14:37:50.311 | INFO     | Pendulum.SerialConncet:_run:176 - [接收] T16.000000,1.226042,19.615479
2025-09-02 14:37:51.532 | INFO     | Pendulum.SerialConncet:_run:176 - [接收] T17.000000,1.226383,20.841862
2025-09-02 14:37:52.755 | INFO     | Pendulum.SerialConncet:_run:176 - [接收] T18.000000,1.226576,22.068438
2025-09-02 14:37:53.975 | INFO     | Pendulum.SerialConncet:_run:176 - [接收] T19.000000,1.225969,23.294407
2025-09-02 14:37:55.201 | INFO     | Pendulum.SerialConncet:_run:176 - [接收] T20.000000,1.226366,24.520773
2025-09-02 14:44:59.697 | INFO     | Pendulum.PendulumAPP:_keyEventWeb:271 - u1
2025-09-02 14:44:59.698 | INFO     | Pendulum.SerialConncet:send:199 - sendu1
2025-09-02 14:44:59.700 | INFO     | Pendulum.SerialConncet:send:201 - [发送] u1
2025-09-02 14:45:06.867 | INFO     | Pendulum.PendulumAPP:_keyEventWeb:274 - u0
2025-09-02 14:45:06.868 | INFO     | Pendulum.SerialConncet:send:199 - sendu0
2025-09-02 14:45:06.869 | INFO     | Pendulum.SerialConncet:send:201 - [发送] u0
2025-09-02 14:45:08.449 | INFO     | Pendulum.PendulumAPP:_keyEventWeb:289 - d1
2025-09-02 14:45:08.450 | INFO     | Pendulum.SerialConncet:send:199 - sendd1
2025-09-02 14:45:08.452 | INFO     | Pendulum.SerialConncet:send:201 - [发送] d1
2025-09-02 14:45:08.870 | INFO     | Pendulum.PendulumAPP:_keyEventWeb:289 - d1
2025-09-02 14:45:08.873 | INFO     | Pendulum.SerialConncet:send:199 - sendd1
2025-09-02 14:45:08.874 | INFO     | Pendulum.SerialConncet:send:201 - [发送] d1
2025-09-02 14:45:10.267 | INFO     | Pendulum.PendulumAPP:_keyEventWeb:268 - u2
2025-09-02 14:45:10.268 | INFO     | Pendulum.SerialConncet:send:199 - sendu2
2025-09-02 14:45:10.269 | INFO     | Pendulum.SerialConncet:send:201 - [发送] u2
2025-09-02 14:45:16.969 | INFO     | Pendulum.PendulumAPP:_keyEventWeb:274 - u0
2025-09-02 14:45:16.970 | INFO     | Pendulum.SerialConncet:send:199 - sendu0
2025-09-02 14:45:16.971 | INFO     | Pendulum.SerialConncet:send:201 - [发送] u0
2025-09-02 14:45:18.881 | INFO     | Pendulum.PendulumAPP:_keyEventWeb:252 - 清除数据
2025-09-02 14:45:18.883 | INFO     | Pendulum.SerialConncet:send:199 - sendr
2025-09-02 14:45:18.884 | INFO     | Pendulum.SerialConncet:send:201 - [发送] r
2025-09-02 14:45:18.891 | INFO     | Pendulum.SerialConncet:_run:176 - [接收] R
2025-09-02 14:45:18.942 | INFO     | Pendulum.PendulumAPP:_keyEventWeb:286 - d0
2025-09-02 14:45:18.944 | INFO     | Pendulum.SerialConncet:send:199 - sendd0
2025-09-02 14:45:18.948 | INFO     | Pendulum.SerialConncet:send:201 - [发送] d0
2025-09-02 14:45:19.319 | INFO     | Pendulum.SerialConncet:_run:176 - [接收] T0.000000,0.000000,0.000000
2025-09-02 14:45:21.760 | INFO     | Pendulum.SerialConncet:_run:176 - [接收] T1.000000,1.226025,1.226025
2025-09-02 14:45:21.762 | INFO     | Pendulum.SerialConncet:_run:176 - [接收] L37.142460
2025-09-02 14:45:21.809 | INFO     | Pendulum.PendulumAPP:_processSerialData:120 - 📏 串口长度数据已更新: L37.142460 -> physical_length=37.142460
2025-09-02 14:45:21.810 | INFO     | Pendulum.PendulumAPP:_processSerialData:121 - 🔄 数据来源: 串口接收 -> PendulumState.physical_length
2025-09-02 14:45:21.855 | INFO     | Pendulum.PendulumAPP:_processSerialData:120 - 📏 串口长度数据已更新: L37.142460 -> physical_length=37.142460
2025-09-02 14:45:21.858 | INFO     | Pendulum.PendulumAPP:_processSerialData:121 - 🔄 数据来源: 串口接收 -> PendulumState.physical_length
2025-09-02 14:45:21.901 | INFO     | Pendulum.PendulumAPP:_processSerialData:120 - 📏 串口长度数据已更新: L37.142460 -> physical_length=37.142460
2025-09-02 14:45:21.902 | INFO     | Pendulum.PendulumAPP:_processSerialData:121 - 🔄 数据来源: 串口接收 -> PendulumState.physical_length
2025-09-02 14:45:21.948 | INFO     | Pendulum.PendulumAPP:_processSerialData:120 - 📏 串口长度数据已更新: L37.142460 -> physical_length=37.142460
2025-09-02 14:45:21.948 | INFO     | Pendulum.PendulumAPP:_processSerialData:121 - 🔄 数据来源: 串口接收 -> PendulumState.physical_length
2025-09-02 14:45:21.994 | INFO     | Pendulum.PendulumAPP:_processSerialData:120 - 📏 串口长度数据已更新: L37.142460 -> physical_length=37.142460
2025-09-02 14:45:21.995 | INFO     | Pendulum.PendulumAPP:_processSerialData:121 - 🔄 数据来源: 串口接收 -> PendulumState.physical_length
2025-09-02 14:45:22.041 | INFO     | Pendulum.PendulumAPP:_processSerialData:120 - 📏 串口长度数据已更新: L37.142460 -> physical_length=37.142460
2025-09-02 14:45:22.045 | INFO     | Pendulum.PendulumAPP:_processSerialData:121 - 🔄 数据来源: 串口接收 -> PendulumState.physical_length
2025-09-02 14:45:22.088 | INFO     | Pendulum.PendulumAPP:_processSerialData:120 - 📏 串口长度数据已更新: L37.142460 -> physical_length=37.142460
2025-09-02 14:45:22.090 | INFO     | Pendulum.PendulumAPP:_processSerialData:121 - 🔄 数据来源: 串口接收 -> PendulumState.physical_length
2025-09-02 14:45:22.134 | INFO     | Pendulum.PendulumAPP:_processSerialData:120 - 📏 串口长度数据已更新: L37.142460 -> physical_length=37.142460
2025-09-02 14:45:22.135 | INFO     | Pendulum.PendulumAPP:_processSerialData:121 - 🔄 数据来源: 串口接收 -> PendulumState.physical_length
2025-09-02 14:45:22.180 | INFO     | Pendulum.PendulumAPP:_processSerialData:120 - 📏 串口长度数据已更新: L37.142460 -> physical_length=37.142460
2025-09-02 14:45:22.181 | INFO     | Pendulum.PendulumAPP:_processSerialData:121 - 🔄 数据来源: 串口接收 -> PendulumState.physical_length
2025-09-02 14:45:22.228 | INFO     | Pendulum.PendulumAPP:_processSerialData:120 - 📏 串口长度数据已更新: L37.142460 -> physical_length=37.142460
2025-09-02 14:45:22.230 | INFO     | Pendulum.PendulumAPP:_processSerialData:121 - 🔄 数据来源: 串口接收 -> PendulumState.physical_length
2025-09-02 14:45:22.273 | INFO     | Pendulum.PendulumAPP:_processSerialData:120 - 📏 串口长度数据已更新: L37.142460 -> physical_length=37.142460
2025-09-02 14:45:22.273 | INFO     | Pendulum.PendulumAPP:_processSerialData:121 - 🔄 数据来源: 串口接收 -> PendulumState.physical_length
2025-09-02 14:45:22.319 | INFO     | Pendulum.PendulumAPP:_processSerialData:120 - 📏 串口长度数据已更新: L37.142460 -> physical_length=37.142460
2025-09-02 14:45:22.320 | INFO     | Pendulum.PendulumAPP:_processSerialData:121 - 🔄 数据来源: 串口接收 -> PendulumState.physical_length
2025-09-02 14:45:22.367 | INFO     | Pendulum.PendulumAPP:_processSerialData:120 - 📏 串口长度数据已更新: L37.142460 -> physical_length=37.142460
2025-09-02 14:45:22.373 | INFO     | Pendulum.PendulumAPP:_processSerialData:121 - 🔄 数据来源: 串口接收 -> PendulumState.physical_length
2025-09-02 14:45:22.413 | INFO     | Pendulum.PendulumAPP:_processSerialData:120 - 📏 串口长度数据已更新: L37.142460 -> physical_length=37.142460
2025-09-02 14:45:22.414 | INFO     | Pendulum.PendulumAPP:_processSerialData:121 - 🔄 数据来源: 串口接收 -> PendulumState.physical_length
2025-09-02 14:45:22.459 | INFO     | Pendulum.PendulumAPP:_processSerialData:120 - 📏 串口长度数据已更新: L37.142460 -> physical_length=37.142460
2025-09-02 14:45:22.461 | INFO     | Pendulum.PendulumAPP:_processSerialData:121 - 🔄 数据来源: 串口接收 -> PendulumState.physical_length
2025-09-02 14:45:22.520 | INFO     | Pendulum.PendulumAPP:_processSerialData:120 - 📏 串口长度数据已更新: L37.142460 -> physical_length=37.142460
2025-09-02 14:45:22.520 | INFO     | Pendulum.PendulumAPP:_processSerialData:121 - 🔄 数据来源: 串口接收 -> PendulumState.physical_length
2025-09-02 14:45:22.567 | INFO     | Pendulum.PendulumAPP:_processSerialData:120 - 📏 串口长度数据已更新: L37.142460 -> physical_length=37.142460
2025-09-02 14:45:22.568 | INFO     | Pendulum.PendulumAPP:_processSerialData:121 - 🔄 数据来源: 串口接收 -> PendulumState.physical_length
2025-09-02 14:45:22.620 | INFO     | Pendulum.PendulumAPP:_processSerialData:120 - 📏 串口长度数据已更新: L37.142460 -> physical_length=37.142460
2025-09-02 14:45:22.622 | INFO     | Pendulum.PendulumAPP:_processSerialData:121 - 🔄 数据来源: 串口接收 -> PendulumState.physical_length
2025-09-02 14:45:22.661 | INFO     | Pendulum.PendulumAPP:_processSerialData:120 - 📏 串口长度数据已更新: L37.142460 -> physical_length=37.142460
2025-09-02 14:45:22.662 | INFO     | Pendulum.PendulumAPP:_processSerialData:121 - 🔄 数据来源: 串口接收 -> PendulumState.physical_length
2025-09-02 14:45:22.707 | INFO     | Pendulum.PendulumAPP:_processSerialData:120 - 📏 串口长度数据已更新: L37.142460 -> physical_length=37.142460
2025-09-02 14:45:22.708 | INFO     | Pendulum.PendulumAPP:_processSerialData:121 - 🔄 数据来源: 串口接收 -> PendulumState.physical_length
2025-09-02 14:45:22.753 | INFO     | Pendulum.PendulumAPP:_processSerialData:120 - 📏 串口长度数据已更新: L37.142460 -> physical_length=37.142460
2025-09-02 14:45:22.754 | INFO     | Pendulum.PendulumAPP:_processSerialData:121 - 🔄 数据来源: 串口接收 -> PendulumState.physical_length
2025-09-02 14:45:22.801 | INFO     | Pendulum.PendulumAPP:_processSerialData:120 - 📏 串口长度数据已更新: L37.142460 -> physical_length=37.142460
2025-09-02 14:45:22.804 | INFO     | Pendulum.PendulumAPP:_processSerialData:121 - 🔄 数据来源: 串口接收 -> PendulumState.physical_length
2025-09-02 14:45:22.848 | INFO     | Pendulum.PendulumAPP:_processSerialData:120 - 📏 串口长度数据已更新: L37.142460 -> physical_length=37.142460
2025-09-02 14:45:22.849 | INFO     | Pendulum.PendulumAPP:_processSerialData:121 - 🔄 数据来源: 串口接收 -> PendulumState.physical_length
2025-09-02 14:45:22.895 | INFO     | Pendulum.PendulumAPP:_processSerialData:120 - 📏 串口长度数据已更新: L37.142460 -> physical_length=37.142460
2025-09-02 14:45:22.897 | INFO     | Pendulum.PendulumAPP:_processSerialData:121 - 🔄 数据来源: 串口接收 -> PendulumState.physical_length
2025-09-02 14:45:22.940 | INFO     | Pendulum.PendulumAPP:_processSerialData:120 - 📏 串口长度数据已更新: L37.142460 -> physical_length=37.142460
2025-09-02 14:45:22.941 | INFO     | Pendulum.PendulumAPP:_processSerialData:121 - 🔄 数据来源: 串口接收 -> PendulumState.physical_length
2025-09-02 14:45:22.980 | INFO     | Pendulum.SerialConncet:_run:176 - [接收] T2.000000,1.223550,2.449575
2025-09-02 14:45:24.202 | INFO     | Pendulum.SerialConncet:_run:176 - [接收] T3.000000,1.228691,3.678266
2025-09-02 14:45:25.424 | INFO     | Pendulum.SerialConncet:_run:176 - [接收] T4.000000,1.225749,4.904016
2025-09-02 14:45:26.647 | INFO     | Pendulum.SerialConncet:_run:176 - [接收] T5.000000,1.222922,6.126938
2025-09-02 14:45:27.865 | INFO     | Pendulum.SerialConncet:_run:176 - [接收] T6.000000,1.226542,7.353480
2025-09-02 14:45:29.085 | INFO     | Pendulum.SerialConncet:_run:176 - [接收] T7.000000,1.225703,8.579184
2025-09-02 14:45:30.306 | INFO     | Pendulum.SerialConncet:_run:176 - [接收] T8.000000,1.225818,9.805001
2025-09-02 14:45:31.528 | INFO     | Pendulum.SerialConncet:_run:176 - [接收] T9.000000,1.225819,11.030820
2025-09-02 14:45:32.750 | INFO     | Pendulum.SerialConncet:_run:176 - [接收] T10.000000,1.226234,12.257054
2025-09-02 14:45:33.971 | INFO     | Pendulum.SerialConncet:_run:176 - [接收] T11.000000,1.226398,13.483452
2025-09-02 14:45:35.191 | INFO     | Pendulum.SerialConncet:_run:176 - [接收] T12.000000,1.226091,14.709543
2025-09-02 14:45:36.414 | INFO     | Pendulum.SerialConncet:_run:176 - [接收] T13.000000,1.226749,15.936292
2025-09-02 14:45:37.632 | INFO     | Pendulum.SerialConncet:_run:176 - [接收] T14.000000,1.225769,17.162060
2025-09-02 14:45:38.854 | INFO     | Pendulum.SerialConncet:_run:176 - [接收] T15.000000,1.225583,18.387642
2025-09-02 14:45:40.076 | INFO     | Pendulum.SerialConncet:_run:176 - [接收] T16.000000,1.226045,19.613686
2025-09-02 14:45:41.297 | INFO     | Pendulum.SerialConncet:_run:176 - [接收] T17.000000,1.225927,20.839613
2025-09-02 14:45:42.516 | INFO     | Pendulum.SerialConncet:_run:176 - [接收] T18.000000,1.222376,22.061989
2025-09-02 14:45:43.737 | INFO     | Pendulum.SerialConncet:_run:176 - [接收] T19.000000,1.225567,23.287556
2025-09-02 14:45:44.958 | INFO     | Pendulum.SerialConncet:_run:176 - [接收] T20.000000,1.226068,24.513624
2025-09-02 14:46:08.478 | INFO     | Pendulum.PendulumAPP:_keyEventWeb:277 - n2
2025-09-02 14:46:08.479 | INFO     | Pendulum.SerialConncet:send:199 - sendn2
2025-09-02 14:46:08.480 | INFO     | Pendulum.SerialConncet:send:201 - [发送] n2
2025-09-02 14:46:12.201 | INFO     | Pendulum.PendulumAPP:_keyEventWeb:283 - n0
2025-09-02 14:46:12.202 | INFO     | Pendulum.SerialConncet:send:199 - sendn0
2025-09-02 14:46:12.204 | INFO     | Pendulum.SerialConncet:send:201 - [发送] n0
2025-09-02 14:46:14.620 | INFO     | Pendulum.PendulumAPP:_keyEventWeb:246 - ↓
2025-09-02 14:46:14.621 | INFO     | Pendulum.SerialConncet:send:199 - sendm1
2025-09-02 14:46:14.622 | INFO     | Pendulum.SerialConncet:send:201 - [发送] m1
2025-09-02 14:46:14.644 | INFO     | Pendulum.SerialConncet:_run:176 - [接收] L37.167980
2025-09-02 14:46:14.666 | INFO     | Pendulum.SerialConncet:_run:176 - [接收] L37.193504
2025-09-02 14:46:14.682 | INFO     | Pendulum.PendulumAPP:_processSerialData:120 - 📏 串口长度数据已更新: L37.193504 -> physical_length=37.193504
2025-09-02 14:46:14.685 | INFO     | Pendulum.PendulumAPP:_processSerialData:121 - 🔄 数据来源: 串口接收 -> PendulumState.physical_length
2025-09-02 14:46:14.688 | INFO     | Pendulum.SerialConncet:_run:176 - [接收] L37.219025
2025-09-02 14:46:14.707 | INFO     | Pendulum.SerialConncet:_run:176 - [接收] L37.244545
2025-09-02 14:46:14.728 | INFO     | Pendulum.PendulumAPP:_processSerialData:120 - 📏 串口长度数据已更新: L37.244545 -> physical_length=37.244545
2025-09-02 14:46:14.729 | INFO     | Pendulum.PendulumAPP:_processSerialData:121 - 🔄 数据来源: 串口接收 -> PendulumState.physical_length
2025-09-02 14:46:14.734 | INFO     | Pendulum.SerialConncet:_run:176 - [接收] L37.270065
2025-09-02 14:46:14.752 | INFO     | Pendulum.SerialConncet:_run:176 - [接收] L37.295586
2025-09-02 14:46:14.770 | INFO     | Pendulum.SerialConncet:_run:176 - [接收] L37.321106
2025-09-02 14:46:14.775 | INFO     | Pendulum.PendulumAPP:_processSerialData:120 - 📏 串口长度数据已更新: L37.321106 -> physical_length=37.321106
2025-09-02 14:46:14.776 | INFO     | Pendulum.PendulumAPP:_processSerialData:121 - 🔄 数据来源: 串口接收 -> PendulumState.physical_length
2025-09-02 14:46:14.792 | INFO     | Pendulum.SerialConncet:_run:176 - [接收] L37.346630
2025-09-02 14:46:14.813 | INFO     | Pendulum.SerialConncet:_run:176 - [接收] L37.372150
2025-09-02 14:46:14.822 | INFO     | Pendulum.PendulumAPP:_processSerialData:120 - 📏 串口长度数据已更新: L37.372150 -> physical_length=37.372150
2025-09-02 14:46:14.823 | INFO     | Pendulum.PendulumAPP:_processSerialData:121 - 🔄 数据来源: 串口接收 -> PendulumState.physical_length
2025-09-02 14:46:14.833 | INFO     | Pendulum.SerialConncet:_run:176 - [接收] L37.397671
2025-09-02 14:46:14.853 | INFO     | Pendulum.SerialConncet:_run:176 - [接收] L37.423191
2025-09-02 14:46:14.867 | INFO     | Pendulum.PendulumAPP:_processSerialData:120 - 📏 串口长度数据已更新: L37.423191 -> physical_length=37.423191
2025-09-02 14:46:14.868 | INFO     | Pendulum.PendulumAPP:_processSerialData:121 - 🔄 数据来源: 串口接收 -> PendulumState.physical_length
2025-09-02 14:46:14.875 | INFO     | Pendulum.SerialConncet:_run:176 - [接收] L37.448715
2025-09-02 14:46:14.898 | INFO     | Pendulum.SerialConncet:_run:176 - [接收] L37.474232
2025-09-02 14:46:14.917 | INFO     | Pendulum.SerialConncet:_run:176 - [接收] L37.499752
2025-09-02 14:46:14.930 | INFO     | Pendulum.PendulumAPP:_processSerialData:120 - 📏 串口长度数据已更新: L37.499752 -> physical_length=37.499752
2025-09-02 14:46:14.932 | INFO     | Pendulum.PendulumAPP:_processSerialData:121 - 🔄 数据来源: 串口接收 -> PendulumState.physical_length
2025-09-02 14:46:14.938 | INFO     | Pendulum.SerialConncet:_run:176 - [接收] L37.525276
2025-09-02 14:46:14.960 | INFO     | Pendulum.SerialConncet:_run:176 - [接收] L37.550797
2025-09-02 14:46:14.977 | INFO     | Pendulum.PendulumAPP:_processSerialData:120 - 📏 串口长度数据已更新: L37.550797 -> physical_length=37.550797
2025-09-02 14:46:14.977 | INFO     | Pendulum.PendulumAPP:_processSerialData:121 - 🔄 数据来源: 串口接收 -> PendulumState.physical_length
2025-09-02 14:46:14.982 | INFO     | Pendulum.SerialConncet:_run:176 - [接收] L37.576317
2025-09-02 14:46:15.001 | INFO     | Pendulum.SerialConncet:_run:176 - [接收] L37.601841
2025-09-02 14:46:15.023 | INFO     | Pendulum.SerialConncet:_run:176 - [接收] L37.627361
2025-09-02 14:46:15.024 | INFO     | Pendulum.PendulumAPP:_processSerialData:120 - 📏 串口长度数据已更新: L37.601841 -> physical_length=37.601841
2025-09-02 14:46:15.025 | INFO     | Pendulum.PendulumAPP:_processSerialData:121 - 🔄 数据来源: 串口接收 -> PendulumState.physical_length
2025-09-02 14:46:15.042 | INFO     | Pendulum.SerialConncet:_run:176 - [接收] L37.652882
2025-09-02 14:46:15.064 | INFO     | Pendulum.SerialConncet:_run:176 - [接收] L37.678402
2025-09-02 14:46:15.069 | INFO     | Pendulum.PendulumAPP:_processSerialData:120 - 📏 串口长度数据已更新: L37.678402 -> physical_length=37.678402
2025-09-02 14:46:15.070 | INFO     | Pendulum.PendulumAPP:_processSerialData:121 - 🔄 数据来源: 串口接收 -> PendulumState.physical_length
2025-09-02 14:46:15.084 | INFO     | Pendulum.SerialConncet:_run:176 - [接收] L37.703922
2025-09-02 14:46:15.106 | INFO     | Pendulum.SerialConncet:_run:176 - [接收] L37.729443
2025-09-02 14:46:15.115 | INFO     | Pendulum.PendulumAPP:_processSerialData:120 - 📏 串口长度数据已更新: L37.729443 -> physical_length=37.729443
2025-09-02 14:46:15.119 | INFO     | Pendulum.PendulumAPP:_processSerialData:121 - 🔄 数据来源: 串口接收 -> PendulumState.physical_length
2025-09-02 14:46:15.126 | INFO     | Pendulum.SerialConncet:_run:176 - [接收] L37.754963
2025-09-02 14:46:15.150 | INFO     | Pendulum.SerialConncet:_run:176 - [接收] L37.780487
2025-09-02 14:46:15.162 | INFO     | Pendulum.PendulumAPP:_processSerialData:120 - 📏 串口长度数据已更新: L37.780487 -> physical_length=37.780487
2025-09-02 14:46:15.163 | INFO     | Pendulum.PendulumAPP:_processSerialData:121 - 🔄 数据来源: 串口接收 -> PendulumState.physical_length
2025-09-02 14:46:15.169 | INFO     | Pendulum.SerialConncet:_run:176 - [接收] L37.806007
2025-09-02 14:46:15.188 | INFO     | Pendulum.SerialConncet:_run:176 - [接收] L37.831528
2025-09-02 14:46:15.209 | INFO     | Pendulum.PendulumAPP:_processSerialData:120 - 📏 串口长度数据已更新: L37.831528 -> physical_length=37.831528
2025-09-02 14:46:15.213 | INFO     | Pendulum.PendulumAPP:_processSerialData:121 - 🔄 数据来源: 串口接收 -> PendulumState.physical_length
2025-09-02 14:46:15.216 | INFO     | Pendulum.SerialConncet:_run:176 - [接收] L37.857048
2025-09-02 14:46:15.231 | INFO     | Pendulum.SerialConncet:_run:176 - [接收] L37.882568
2025-09-02 14:46:15.252 | INFO     | Pendulum.SerialConncet:_run:176 - [接收] L37.908089
2025-09-02 14:46:15.256 | INFO     | Pendulum.PendulumAPP:_processSerialData:120 - 📏 串口长度数据已更新: L37.908089 -> physical_length=37.908089
2025-09-02 14:46:15.257 | INFO     | Pendulum.PendulumAPP:_processSerialData:121 - 🔄 数据来源: 串口接收 -> PendulumState.physical_length
2025-09-02 14:46:15.272 | INFO     | Pendulum.SerialConncet:_run:176 - [接收] L37.933613
2025-09-02 14:46:15.294 | INFO     | Pendulum.SerialConncet:_run:176 - [接收] L37.959133
2025-09-02 14:46:15.301 | INFO     | Pendulum.PendulumAPP:_processSerialData:120 - 📏 串口长度数据已更新: L37.959133 -> physical_length=37.959133
2025-09-02 14:46:15.301 | INFO     | Pendulum.PendulumAPP:_processSerialData:121 - 🔄 数据来源: 串口接收 -> PendulumState.physical_length
2025-09-02 14:46:15.317 | INFO     | Pendulum.SerialConncet:_run:176 - [接收] L37.984653
2025-09-02 14:46:15.335 | INFO     | Pendulum.SerialConncet:_run:176 - [接收] L38.010178
2025-09-02 14:46:15.348 | INFO     | Pendulum.PendulumAPP:_processSerialData:120 - 📏 串口长度数据已更新: L38.010178 -> physical_length=38.010178
2025-09-02 14:46:15.350 | INFO     | Pendulum.PendulumAPP:_processSerialData:121 - 🔄 数据来源: 串口接收 -> PendulumState.physical_length
2025-09-02 14:46:15.358 | INFO     | Pendulum.SerialConncet:_run:176 - [接收] L38.035694
2025-09-02 14:46:15.377 | INFO     | Pendulum.SerialConncet:_run:176 - [接收] L38.061214
2025-09-02 14:46:15.395 | INFO     | Pendulum.PendulumAPP:_processSerialData:120 - 📏 串口长度数据已更新: L38.061214 -> physical_length=38.061214
2025-09-02 14:46:15.396 | INFO     | Pendulum.PendulumAPP:_processSerialData:121 - 🔄 数据来源: 串口接收 -> PendulumState.physical_length
2025-09-02 14:46:15.398 | INFO     | Pendulum.SerialConncet:_run:176 - [接收] L38.086739
2025-09-02 14:46:15.422 | INFO     | Pendulum.SerialConncet:_run:176 - [接收] L38.112259
2025-09-02 14:46:15.439 | INFO     | Pendulum.SerialConncet:_run:176 - [接收] L38.137779
2025-09-02 14:46:15.442 | INFO     | Pendulum.PendulumAPP:_processSerialData:120 - 📏 串口长度数据已更新: L38.137779 -> physical_length=38.137779
2025-09-02 14:46:15.443 | INFO     | Pendulum.PendulumAPP:_processSerialData:121 - 🔄 数据来源: 串口接收 -> PendulumState.physical_length
2025-09-02 14:46:15.461 | INFO     | Pendulum.SerialConncet:_run:176 - [接收] L38.163303
2025-09-02 14:46:15.483 | INFO     | Pendulum.SerialConncet:_run:176 - [接收] L38.188824
2025-09-02 14:46:15.489 | INFO     | Pendulum.PendulumAPP:_processSerialData:120 - 📏 串口长度数据已更新: L38.188824 -> physical_length=38.188824
2025-09-02 14:46:15.490 | INFO     | Pendulum.PendulumAPP:_processSerialData:121 - 🔄 数据来源: 串口接收 -> PendulumState.physical_length
2025-09-02 14:46:15.503 | INFO     | Pendulum.SerialConncet:_run:176 - [接收] L38.214344
2025-09-02 14:46:15.524 | INFO     | Pendulum.SerialConncet:_run:176 - [接收] L38.239861
2025-09-02 14:46:15.535 | INFO     | Pendulum.PendulumAPP:_processSerialData:120 - 📏 串口长度数据已更新: L38.239861 -> physical_length=38.239861
2025-09-02 14:46:15.537 | INFO     | Pendulum.PendulumAPP:_processSerialData:121 - 🔄 数据来源: 串口接收 -> PendulumState.physical_length
2025-09-02 14:46:15.545 | INFO     | Pendulum.SerialConncet:_run:176 - [接收] L38.265385
2025-09-02 14:46:15.567 | INFO     | Pendulum.SerialConncet:_run:176 - [接收] L38.290905
2025-09-02 14:46:15.583 | INFO     | Pendulum.PendulumAPP:_processSerialData:120 - 📏 串口长度数据已更新: L38.290905 -> physical_length=38.290905
2025-09-02 14:46:15.584 | INFO     | Pendulum.PendulumAPP:_processSerialData:121 - 🔄 数据来源: 串口接收 -> PendulumState.physical_length
2025-09-02 14:46:15.587 | INFO     | Pendulum.SerialConncet:_run:176 - [接收] L38.316425
2025-09-02 14:46:15.607 | INFO     | Pendulum.SerialConncet:_run:176 - [接收] L38.341949
2025-09-02 14:46:15.627 | INFO     | Pendulum.PendulumAPP:_processSerialData:120 - 📏 串口长度数据已更新: L38.341949 -> physical_length=38.341949
2025-09-02 14:46:15.629 | INFO     | Pendulum.PendulumAPP:_processSerialData:121 - 🔄 数据来源: 串口接收 -> PendulumState.physical_length
2025-09-02 14:46:15.635 | INFO     | Pendulum.SerialConncet:_run:176 - [接收] L38.367470
2025-09-02 14:46:15.650 | INFO     | Pendulum.SerialConncet:_run:176 - [接收] L38.392990
2025-09-02 14:46:15.670 | INFO     | Pendulum.SerialConncet:_run:176 - [接收] L38.418510
2025-09-02 14:46:15.676 | INFO     | Pendulum.PendulumAPP:_processSerialData:120 - 📏 串口长度数据已更新: L38.418510 -> physical_length=38.418510
2025-09-02 14:46:15.677 | INFO     | Pendulum.PendulumAPP:_processSerialData:121 - 🔄 数据来源: 串口接收 -> PendulumState.physical_length
2025-09-02 14:46:15.691 | INFO     | Pendulum.SerialConncet:_run:176 - [接收] L38.444031
2025-09-02 14:46:15.713 | INFO     | Pendulum.SerialConncet:_run:176 - [接收] L38.469551
2025-09-02 14:46:15.721 | INFO     | Pendulum.PendulumAPP:_processSerialData:120 - 📏 串口长度数据已更新: L38.469551 -> physical_length=38.469551
2025-09-02 14:46:15.723 | INFO     | Pendulum.PendulumAPP:_processSerialData:121 - 🔄 数据来源: 串口接收 -> PendulumState.physical_length
2025-09-02 14:46:15.733 | INFO     | Pendulum.SerialConncet:_run:176 - [接收] L38.495075
2025-09-02 14:46:15.754 | INFO     | Pendulum.SerialConncet:_run:176 - [接收] L38.520596
2025-09-02 14:46:15.767 | INFO     | Pendulum.PendulumAPP:_processSerialData:120 - 📏 串口长度数据已更新: L38.520596 -> physical_length=38.520596
2025-09-02 14:46:15.768 | INFO     | Pendulum.PendulumAPP:_processSerialData:121 - 🔄 数据来源: 串口接收 -> PendulumState.physical_length
2025-09-02 14:46:15.774 | INFO     | Pendulum.SerialConncet:_run:176 - [接收] L38.546116
2025-09-02 14:46:15.795 | INFO     | Pendulum.SerialConncet:_run:176 - [接收] L38.571636
2025-09-02 14:46:15.814 | INFO     | Pendulum.PendulumAPP:_processSerialData:120 - 📏 串口长度数据已更新: L38.571636 -> physical_length=38.571636
2025-09-02 14:46:15.816 | INFO     | Pendulum.PendulumAPP:_processSerialData:121 - 🔄 数据来源: 串口接收 -> PendulumState.physical_length
2025-09-02 14:46:15.818 | INFO     | Pendulum.SerialConncet:_run:176 - [接收] L38.597157
2025-09-02 14:46:15.837 | INFO     | Pendulum.SerialConncet:_run:176 - [接收] L38.622677
2025-09-02 14:46:15.856 | INFO     | Pendulum.PendulumAPP:_keyEventWeb:249 - stop
2025-09-02 14:46:15.856 | INFO     | Pendulum.SerialConncet:send:199 - sendm0
2025-09-02 14:46:15.858 | INFO     | Pendulum.SerialConncet:send:201 - [发送] m0
2025-09-02 14:46:15.860 | INFO     | Pendulum.SerialConncet:_run:176 - [接收] L38.648197
2025-09-02 14:46:15.861 | INFO     | Pendulum.PendulumAPP:_processSerialData:120 - 📏 串口长度数据已更新: L38.648197 -> physical_length=38.648197
2025-09-02 14:46:15.862 | INFO     | Pendulum.PendulumAPP:_processSerialData:121 - 🔄 数据来源: 串口接收 -> PendulumState.physical_length
2025-09-02 14:46:15.879 | INFO     | Pendulum.SerialConncet:_run:176 - [接收] L38.673721
2025-09-02 14:46:15.907 | INFO     | Pendulum.PendulumAPP:_processSerialData:120 - 📏 串口长度数据已更新: L38.673721 -> physical_length=38.673721
2025-09-02 14:46:15.908 | INFO     | Pendulum.PendulumAPP:_processSerialData:121 - 🔄 数据来源: 串口接收 -> PendulumState.physical_length
2025-09-02 14:46:15.953 | INFO     | Pendulum.PendulumAPP:_processSerialData:120 - 📏 串口长度数据已更新: L38.673721 -> physical_length=38.673721
2025-09-02 14:46:15.957 | INFO     | Pendulum.PendulumAPP:_processSerialData:121 - 🔄 数据来源: 串口接收 -> PendulumState.physical_length
2025-09-02 14:46:16.001 | INFO     | Pendulum.PendulumAPP:_processSerialData:120 - 📏 串口长度数据已更新: L38.673721 -> physical_length=38.673721
2025-09-02 14:46:16.002 | INFO     | Pendulum.PendulumAPP:_processSerialData:121 - 🔄 数据来源: 串口接收 -> PendulumState.physical_length
2025-09-02 14:46:16.047 | INFO     | Pendulum.PendulumAPP:_processSerialData:120 - 📏 串口长度数据已更新: L38.673721 -> physical_length=38.673721
2025-09-02 14:46:16.048 | INFO     | Pendulum.PendulumAPP:_processSerialData:121 - 🔄 数据来源: 串口接收 -> PendulumState.physical_length
2025-09-02 14:46:16.095 | INFO     | Pendulum.PendulumAPP:_processSerialData:120 - 📏 串口长度数据已更新: L38.673721 -> physical_length=38.673721
2025-09-02 14:46:16.096 | INFO     | Pendulum.PendulumAPP:_processSerialData:121 - 🔄 数据来源: 串口接收 -> PendulumState.physical_length
2025-09-02 14:46:16.140 | INFO     | Pendulum.PendulumAPP:_processSerialData:120 - 📏 串口长度数据已更新: L38.673721 -> physical_length=38.673721
2025-09-02 14:46:16.141 | INFO     | Pendulum.PendulumAPP:_processSerialData:121 - 🔄 数据来源: 串口接收 -> PendulumState.physical_length
2025-09-02 14:46:16.188 | INFO     | Pendulum.PendulumAPP:_processSerialData:120 - 📏 串口长度数据已更新: L38.673721 -> physical_length=38.673721
2025-09-02 14:46:16.189 | INFO     | Pendulum.PendulumAPP:_processSerialData:121 - 🔄 数据来源: 串口接收 -> PendulumState.physical_length
2025-09-02 14:46:16.234 | INFO     | Pendulum.PendulumAPP:_processSerialData:120 - 📏 串口长度数据已更新: L38.673721 -> physical_length=38.673721
2025-09-02 14:46:16.238 | INFO     | Pendulum.PendulumAPP:_processSerialData:121 - 🔄 数据来源: 串口接收 -> PendulumState.physical_length
2025-09-02 14:46:16.280 | INFO     | Pendulum.PendulumAPP:_processSerialData:120 - 📏 串口长度数据已更新: L38.673721 -> physical_length=38.673721
2025-09-02 14:46:16.280 | INFO     | Pendulum.PendulumAPP:_processSerialData:121 - 🔄 数据来源: 串口接收 -> PendulumState.physical_length
2025-09-02 14:46:16.327 | INFO     | Pendulum.PendulumAPP:_processSerialData:120 - 📏 串口长度数据已更新: L38.673721 -> physical_length=38.673721
2025-09-02 14:46:16.327 | INFO     | Pendulum.PendulumAPP:_processSerialData:121 - 🔄 数据来源: 串口接收 -> PendulumState.physical_length
2025-09-02 14:46:16.374 | INFO     | Pendulum.PendulumAPP:_processSerialData:120 - 📏 串口长度数据已更新: L38.673721 -> physical_length=38.673721
2025-09-02 14:46:16.375 | INFO     | Pendulum.PendulumAPP:_processSerialData:121 - 🔄 数据来源: 串口接收 -> PendulumState.physical_length
2025-09-02 14:46:16.420 | INFO     | Pendulum.PendulumAPP:_processSerialData:120 - 📏 串口长度数据已更新: L38.673721 -> physical_length=38.673721
2025-09-02 14:46:16.421 | INFO     | Pendulum.PendulumAPP:_processSerialData:121 - 🔄 数据来源: 串口接收 -> PendulumState.physical_length
2025-09-02 14:46:16.466 | INFO     | Pendulum.PendulumAPP:_processSerialData:120 - 📏 串口长度数据已更新: L38.673721 -> physical_length=38.673721
2025-09-02 14:46:16.467 | INFO     | Pendulum.PendulumAPP:_processSerialData:121 - 🔄 数据来源: 串口接收 -> PendulumState.physical_length
2025-09-02 14:46:16.511 | INFO     | Pendulum.PendulumAPP:_processSerialData:120 - 📏 串口长度数据已更新: L38.673721 -> physical_length=38.673721
2025-09-02 14:46:16.513 | INFO     | Pendulum.PendulumAPP:_processSerialData:121 - 🔄 数据来源: 串口接收 -> PendulumState.physical_length
2025-09-02 14:46:16.558 | INFO     | Pendulum.PendulumAPP:_processSerialData:120 - 📏 串口长度数据已更新: L38.673721 -> physical_length=38.673721
2025-09-02 14:46:16.561 | INFO     | Pendulum.PendulumAPP:_processSerialData:121 - 🔄 数据来源: 串口接收 -> PendulumState.physical_length
2025-09-02 14:46:16.604 | INFO     | Pendulum.PendulumAPP:_processSerialData:120 - 📏 串口长度数据已更新: L38.673721 -> physical_length=38.673721
2025-09-02 14:46:16.607 | INFO     | Pendulum.PendulumAPP:_processSerialData:121 - 🔄 数据来源: 串口接收 -> PendulumState.physical_length
2025-09-02 14:46:16.651 | INFO     | Pendulum.PendulumAPP:_processSerialData:120 - 📏 串口长度数据已更新: L38.673721 -> physical_length=38.673721
2025-09-02 14:46:16.655 | INFO     | Pendulum.PendulumAPP:_processSerialData:121 - 🔄 数据来源: 串口接收 -> PendulumState.physical_length
2025-09-02 14:46:16.697 | INFO     | Pendulum.PendulumAPP:_processSerialData:120 - 📏 串口长度数据已更新: L38.673721 -> physical_length=38.673721
2025-09-02 14:46:16.698 | INFO     | Pendulum.PendulumAPP:_processSerialData:121 - 🔄 数据来源: 串口接收 -> PendulumState.physical_length
2025-09-02 14:46:16.743 | INFO     | Pendulum.PendulumAPP:_processSerialData:120 - 📏 串口长度数据已更新: L38.673721 -> physical_length=38.673721
2025-09-02 14:46:16.744 | INFO     | Pendulum.PendulumAPP:_processSerialData:121 - 🔄 数据来源: 串口接收 -> PendulumState.physical_length
2025-09-02 14:46:16.790 | INFO     | Pendulum.PendulumAPP:_processSerialData:120 - 📏 串口长度数据已更新: L38.673721 -> physical_length=38.673721
2025-09-02 14:46:16.791 | INFO     | Pendulum.PendulumAPP:_processSerialData:121 - 🔄 数据来源: 串口接收 -> PendulumState.physical_length
2025-09-02 14:46:16.836 | INFO     | Pendulum.PendulumAPP:_processSerialData:120 - 📏 串口长度数据已更新: L38.673721 -> physical_length=38.673721
2025-09-02 14:46:16.836 | INFO     | Pendulum.PendulumAPP:_processSerialData:121 - 🔄 数据来源: 串口接收 -> PendulumState.physical_length
2025-09-02 14:46:16.879 | INFO     | Pendulum.PendulumAPP:_keyEventWeb:246 - ↓
2025-09-02 14:46:16.880 | INFO     | Pendulum.SerialConncet:send:199 - sendm1
2025-09-02 14:46:16.883 | INFO     | Pendulum.SerialConncet:send:201 - [发送] m1
2025-09-02 14:46:16.899 | INFO     | Pendulum.PendulumAPP:_processSerialData:120 - 📏 串口长度数据已更新: L38.673721 -> physical_length=38.673721
2025-09-02 14:46:16.900 | INFO     | Pendulum.PendulumAPP:_processSerialData:121 - 🔄 数据来源: 串口接收 -> PendulumState.physical_length
2025-09-02 14:46:16.906 | INFO     | Pendulum.SerialConncet:_run:176 - [接收] L38.699242
2025-09-02 14:46:16.929 | INFO     | Pendulum.SerialConncet:_run:176 - [接收] L38.724762
2025-09-02 14:46:16.946 | INFO     | Pendulum.PendulumAPP:_processSerialData:120 - 📏 串口长度数据已更新: L38.724762 -> physical_length=38.724762
2025-09-02 14:46:16.947 | INFO     | Pendulum.PendulumAPP:_processSerialData:121 - 🔄 数据来源: 串口接收 -> PendulumState.physical_length
2025-09-02 14:46:16.949 | INFO     | Pendulum.SerialConncet:_run:176 - [接收] L38.750286
2025-09-02 14:46:16.969 | INFO     | Pendulum.SerialConncet:_run:176 - [接收] L38.775806
2025-09-02 14:46:16.990 | INFO     | Pendulum.SerialConncet:_run:176 - [接收] L38.801323
2025-09-02 14:46:16.992 | INFO     | Pendulum.PendulumAPP:_processSerialData:120 - 📏 串口长度数据已更新: L38.801323 -> physical_length=38.801323
2025-09-02 14:46:16.993 | INFO     | Pendulum.PendulumAPP:_processSerialData:121 - 🔄 数据来源: 串口接收 -> PendulumState.physical_length
2025-09-02 14:46:17.010 | INFO     | Pendulum.SerialConncet:_run:176 - [接收] L38.826847
2025-09-02 14:46:17.031 | INFO     | Pendulum.SerialConncet:_run:176 - [接收] L38.852367
2025-09-02 14:46:17.039 | INFO     | Pendulum.PendulumAPP:_processSerialData:120 - 📏 串口长度数据已更新: L38.852367 -> physical_length=38.852367
2025-09-02 14:46:17.040 | INFO     | Pendulum.PendulumAPP:_processSerialData:121 - 🔄 数据来源: 串口接收 -> PendulumState.physical_length
2025-09-02 14:46:17.054 | INFO     | Pendulum.SerialConncet:_run:176 - [接收] L38.877888
2025-09-02 14:46:17.074 | INFO     | Pendulum.SerialConncet:_run:176 - [接收] L38.903412
2025-09-02 14:46:17.086 | INFO     | Pendulum.PendulumAPP:_processSerialData:120 - 📏 串口长度数据已更新: L38.903412 -> physical_length=38.903412
2025-09-02 14:46:17.087 | INFO     | Pendulum.PendulumAPP:_processSerialData:121 - 🔄 数据来源: 串口接收 -> PendulumState.physical_length
2025-09-02 14:46:17.095 | INFO     | Pendulum.SerialConncet:_run:176 - [接收] L38.928932
2025-09-02 14:46:17.116 | INFO     | Pendulum.SerialConncet:_run:176 - [接收] L38.954453
2025-09-02 14:46:17.125 | INFO     | Pendulum.PendulumAPP:_keyEventWeb:249 - stop
2025-09-02 14:46:17.128 | INFO     | Pendulum.SerialConncet:send:199 - sendm0
2025-09-02 14:46:17.130 | INFO     | Pendulum.SerialConncet:send:201 - [发送] m0
2025-09-02 14:46:17.132 | INFO     | Pendulum.PendulumAPP:_processSerialData:120 - 📏 串口长度数据已更新: L38.954453 -> physical_length=38.954453
2025-09-02 14:46:17.132 | INFO     | Pendulum.PendulumAPP:_processSerialData:121 - 🔄 数据来源: 串口接收 -> PendulumState.physical_length
2025-09-02 14:46:17.140 | INFO     | Pendulum.SerialConncet:_run:176 - [接收] L38.979973
2025-09-02 14:46:17.178 | INFO     | Pendulum.PendulumAPP:_processSerialData:120 - 📏 串口长度数据已更新: L38.979973 -> physical_length=38.979973
2025-09-02 14:46:17.184 | INFO     | Pendulum.PendulumAPP:_processSerialData:121 - 🔄 数据来源: 串口接收 -> PendulumState.physical_length
2025-09-02 14:46:17.225 | INFO     | Pendulum.PendulumAPP:_processSerialData:120 - 📏 串口长度数据已更新: L38.979973 -> physical_length=38.979973
2025-09-02 14:46:17.225 | INFO     | Pendulum.PendulumAPP:_processSerialData:121 - 🔄 数据来源: 串口接收 -> PendulumState.physical_length
2025-09-02 14:46:17.273 | INFO     | Pendulum.PendulumAPP:_processSerialData:120 - 📏 串口长度数据已更新: L38.979973 -> physical_length=38.979973
2025-09-02 14:46:17.274 | INFO     | Pendulum.PendulumAPP:_processSerialData:121 - 🔄 数据来源: 串口接收 -> PendulumState.physical_length
2025-09-02 14:46:17.320 | INFO     | Pendulum.PendulumAPP:_processSerialData:120 - 📏 串口长度数据已更新: L38.979973 -> physical_length=38.979973
2025-09-02 14:46:17.321 | INFO     | Pendulum.PendulumAPP:_processSerialData:121 - 🔄 数据来源: 串口接收 -> PendulumState.physical_length
2025-09-02 14:46:17.366 | INFO     | Pendulum.PendulumAPP:_processSerialData:120 - 📏 串口长度数据已更新: L38.979973 -> physical_length=38.979973
2025-09-02 14:46:17.367 | INFO     | Pendulum.PendulumAPP:_processSerialData:121 - 🔄 数据来源: 串口接收 -> PendulumState.physical_length
2025-09-02 14:46:17.412 | INFO     | Pendulum.PendulumAPP:_processSerialData:120 - 📏 串口长度数据已更新: L38.979973 -> physical_length=38.979973
2025-09-02 14:46:17.413 | INFO     | Pendulum.PendulumAPP:_processSerialData:121 - 🔄 数据来源: 串口接收 -> PendulumState.physical_length
2025-09-02 14:46:17.457 | INFO     | Pendulum.PendulumAPP:_processSerialData:120 - 📏 串口长度数据已更新: L38.979973 -> physical_length=38.979973
2025-09-02 14:46:17.457 | INFO     | Pendulum.PendulumAPP:_processSerialData:121 - 🔄 数据来源: 串口接收 -> PendulumState.physical_length
2025-09-02 14:46:17.503 | INFO     | Pendulum.PendulumAPP:_processSerialData:120 - 📏 串口长度数据已更新: L38.979973 -> physical_length=38.979973
2025-09-02 14:46:17.503 | INFO     | Pendulum.PendulumAPP:_processSerialData:121 - 🔄 数据来源: 串口接收 -> PendulumState.physical_length
2025-09-02 14:46:17.549 | INFO     | Pendulum.PendulumAPP:_processSerialData:120 - 📏 串口长度数据已更新: L38.979973 -> physical_length=38.979973
2025-09-02 14:46:17.550 | INFO     | Pendulum.PendulumAPP:_processSerialData:121 - 🔄 数据来源: 串口接收 -> PendulumState.physical_length
2025-09-02 14:46:17.595 | INFO     | Pendulum.PendulumAPP:_processSerialData:120 - 📏 串口长度数据已更新: L38.979973 -> physical_length=38.979973
2025-09-02 14:46:17.597 | INFO     | Pendulum.PendulumAPP:_processSerialData:121 - 🔄 数据来源: 串口接收 -> PendulumState.physical_length
2025-09-02 14:46:17.642 | INFO     | Pendulum.PendulumAPP:_processSerialData:120 - 📏 串口长度数据已更新: L38.979973 -> physical_length=38.979973
2025-09-02 14:46:17.646 | INFO     | Pendulum.PendulumAPP:_processSerialData:121 - 🔄 数据来源: 串口接收 -> PendulumState.physical_length
2025-09-02 14:46:17.689 | INFO     | Pendulum.PendulumAPP:_processSerialData:120 - 📏 串口长度数据已更新: L38.979973 -> physical_length=38.979973
2025-09-02 14:46:17.691 | INFO     | Pendulum.PendulumAPP:_processSerialData:121 - 🔄 数据来源: 串口接收 -> PendulumState.physical_length
2025-09-02 14:46:17.736 | INFO     | Pendulum.PendulumAPP:_processSerialData:120 - 📏 串口长度数据已更新: L38.979973 -> physical_length=38.979973
2025-09-02 14:46:17.736 | INFO     | Pendulum.PendulumAPP:_processSerialData:121 - 🔄 数据来源: 串口接收 -> PendulumState.physical_length
2025-09-02 14:46:17.783 | INFO     | Pendulum.PendulumAPP:_processSerialData:120 - 📏 串口长度数据已更新: L38.979973 -> physical_length=38.979973
2025-09-02 14:46:17.785 | INFO     | Pendulum.PendulumAPP:_processSerialData:121 - 🔄 数据来源: 串口接收 -> PendulumState.physical_length
2025-09-02 14:46:17.830 | INFO     | Pendulum.PendulumAPP:_processSerialData:120 - 📏 串口长度数据已更新: L38.979973 -> physical_length=38.979973
2025-09-02 14:46:17.831 | INFO     | Pendulum.PendulumAPP:_processSerialData:121 - 🔄 数据来源: 串口接收 -> PendulumState.physical_length
2025-09-02 14:46:17.876 | INFO     | Pendulum.PendulumAPP:_processSerialData:120 - 📏 串口长度数据已更新: L38.979973 -> physical_length=38.979973
2025-09-02 14:46:17.876 | INFO     | Pendulum.PendulumAPP:_processSerialData:121 - 🔄 数据来源: 串口接收 -> PendulumState.physical_length
2025-09-02 14:46:17.922 | INFO     | Pendulum.PendulumAPP:_processSerialData:120 - 📏 串口长度数据已更新: L38.979973 -> physical_length=38.979973
2025-09-02 14:46:17.925 | INFO     | Pendulum.PendulumAPP:_processSerialData:121 - 🔄 数据来源: 串口接收 -> PendulumState.physical_length
2025-09-02 14:46:17.970 | INFO     | Pendulum.PendulumAPP:_processSerialData:120 - 📏 串口长度数据已更新: L38.979973 -> physical_length=38.979973
2025-09-02 14:46:17.973 | INFO     | Pendulum.PendulumAPP:_processSerialData:121 - 🔄 数据来源: 串口接收 -> PendulumState.physical_length
2025-09-02 14:46:18.015 | INFO     | Pendulum.PendulumAPP:_processSerialData:120 - 📏 串口长度数据已更新: L38.979973 -> physical_length=38.979973
2025-09-02 14:46:18.015 | INFO     | Pendulum.PendulumAPP:_processSerialData:121 - 🔄 数据来源: 串口接收 -> PendulumState.physical_length
2025-09-02 14:46:18.061 | INFO     | Pendulum.PendulumAPP:_processSerialData:120 - 📏 串口长度数据已更新: L38.979973 -> physical_length=38.979973
2025-09-02 14:46:18.063 | INFO     | Pendulum.PendulumAPP:_processSerialData:121 - 🔄 数据来源: 串口接收 -> PendulumState.physical_length
2025-09-02 14:46:18.107 | INFO     | Pendulum.PendulumAPP:_processSerialData:120 - 📏 串口长度数据已更新: L38.979973 -> physical_length=38.979973
2025-09-02 14:46:18.109 | INFO     | Pendulum.PendulumAPP:_processSerialData:121 - 🔄 数据来源: 串口接收 -> PendulumState.physical_length
2025-09-02 14:46:18.153 | INFO     | Pendulum.PendulumAPP:_processSerialData:120 - 📏 串口长度数据已更新: L38.979973 -> physical_length=38.979973
2025-09-02 14:46:18.153 | INFO     | Pendulum.PendulumAPP:_processSerialData:121 - 🔄 数据来源: 串口接收 -> PendulumState.physical_length
2025-09-02 14:46:18.200 | INFO     | Pendulum.PendulumAPP:_processSerialData:120 - 📏 串口长度数据已更新: L38.979973 -> physical_length=38.979973
2025-09-02 14:46:18.201 | INFO     | Pendulum.PendulumAPP:_processSerialData:121 - 🔄 数据来源: 串口接收 -> PendulumState.physical_length
2025-09-02 14:46:18.246 | INFO     | Pendulum.PendulumAPP:_processSerialData:120 - 📏 串口长度数据已更新: L38.979973 -> physical_length=38.979973
2025-09-02 14:46:18.246 | INFO     | Pendulum.PendulumAPP:_processSerialData:121 - 🔄 数据来源: 串口接收 -> PendulumState.physical_length
2025-09-02 14:46:18.293 | INFO     | Pendulum.PendulumAPP:_processSerialData:120 - 📏 串口长度数据已更新: L38.979973 -> physical_length=38.979973
2025-09-02 14:46:18.294 | INFO     | Pendulum.PendulumAPP:_processSerialData:121 - 🔄 数据来源: 串口接收 -> PendulumState.physical_length
2025-09-02 14:46:18.339 | INFO     | Pendulum.PendulumAPP:_processSerialData:120 - 📏 串口长度数据已更新: L38.979973 -> physical_length=38.979973
2025-09-02 14:46:18.339 | INFO     | Pendulum.PendulumAPP:_processSerialData:121 - 🔄 数据来源: 串口接收 -> PendulumState.physical_length
2025-09-02 14:46:18.385 | INFO     | Pendulum.PendulumAPP:_processSerialData:120 - 📏 串口长度数据已更新: L38.979973 -> physical_length=38.979973
2025-09-02 14:46:18.386 | INFO     | Pendulum.PendulumAPP:_processSerialData:121 - 🔄 数据来源: 串口接收 -> PendulumState.physical_length
2025-09-02 14:46:18.431 | INFO     | Pendulum.PendulumAPP:_processSerialData:120 - 📏 串口长度数据已更新: L38.979973 -> physical_length=38.979973
2025-09-02 14:46:18.432 | INFO     | Pendulum.PendulumAPP:_processSerialData:121 - 🔄 数据来源: 串口接收 -> PendulumState.physical_length
2025-09-02 14:46:18.477 | INFO     | Pendulum.PendulumAPP:_processSerialData:120 - 📏 串口长度数据已更新: L38.979973 -> physical_length=38.979973
2025-09-02 14:46:18.477 | INFO     | Pendulum.PendulumAPP:_processSerialData:121 - 🔄 数据来源: 串口接收 -> PendulumState.physical_length
2025-09-02 14:46:18.524 | INFO     | Pendulum.PendulumAPP:_processSerialData:120 - 📏 串口长度数据已更新: L38.979973 -> physical_length=38.979973
2025-09-02 14:46:18.527 | INFO     | Pendulum.PendulumAPP:_processSerialData:121 - 🔄 数据来源: 串口接收 -> PendulumState.physical_length
2025-09-02 14:46:18.571 | INFO     | Pendulum.PendulumAPP:_processSerialData:120 - 📏 串口长度数据已更新: L38.979973 -> physical_length=38.979973
2025-09-02 14:46:18.572 | INFO     | Pendulum.PendulumAPP:_processSerialData:121 - 🔄 数据来源: 串口接收 -> PendulumState.physical_length
2025-09-02 14:46:18.618 | INFO     | Pendulum.PendulumAPP:_processSerialData:120 - 📏 串口长度数据已更新: L38.979973 -> physical_length=38.979973
2025-09-02 14:46:18.622 | INFO     | Pendulum.PendulumAPP:_processSerialData:121 - 🔄 数据来源: 串口接收 -> PendulumState.physical_length
2025-09-02 14:46:18.663 | INFO     | Pendulum.PendulumAPP:_processSerialData:120 - 📏 串口长度数据已更新: L38.979973 -> physical_length=38.979973
2025-09-02 14:46:18.664 | INFO     | Pendulum.PendulumAPP:_processSerialData:121 - 🔄 数据来源: 串口接收 -> PendulumState.physical_length
2025-09-02 14:46:18.709 | INFO     | Pendulum.PendulumAPP:_processSerialData:120 - 📏 串口长度数据已更新: L38.979973 -> physical_length=38.979973
2025-09-02 14:46:18.710 | INFO     | Pendulum.PendulumAPP:_processSerialData:121 - 🔄 数据来源: 串口接收 -> PendulumState.physical_length
2025-09-02 14:46:18.757 | INFO     | Pendulum.PendulumAPP:_processSerialData:120 - 📏 串口长度数据已更新: L38.979973 -> physical_length=38.979973
2025-09-02 14:46:18.758 | INFO     | Pendulum.PendulumAPP:_processSerialData:121 - 🔄 数据来源: 串口接收 -> PendulumState.physical_length
2025-09-02 14:46:18.802 | INFO     | Pendulum.PendulumAPP:_processSerialData:120 - 📏 串口长度数据已更新: L38.979973 -> physical_length=38.979973
2025-09-02 14:46:18.804 | INFO     | Pendulum.PendulumAPP:_processSerialData:121 - 🔄 数据来源: 串口接收 -> PendulumState.physical_length
2025-09-02 14:46:18.847 | INFO     | Pendulum.PendulumAPP:_processSerialData:120 - 📏 串口长度数据已更新: L38.979973 -> physical_length=38.979973
2025-09-02 14:46:18.852 | INFO     | Pendulum.PendulumAPP:_processSerialData:121 - 🔄 数据来源: 串口接收 -> PendulumState.physical_length
2025-09-02 14:46:18.894 | INFO     | Pendulum.PendulumAPP:_processSerialData:120 - 📏 串口长度数据已更新: L38.979973 -> physical_length=38.979973
2025-09-02 14:46:18.895 | INFO     | Pendulum.PendulumAPP:_processSerialData:121 - 🔄 数据来源: 串口接收 -> PendulumState.physical_length
2025-09-02 14:46:18.940 | INFO     | Pendulum.PendulumAPP:_processSerialData:120 - 📏 串口长度数据已更新: L38.979973 -> physical_length=38.979973
2025-09-02 14:46:18.942 | INFO     | Pendulum.PendulumAPP:_processSerialData:121 - 🔄 数据来源: 串口接收 -> PendulumState.physical_length
2025-09-02 14:46:18.987 | INFO     | Pendulum.PendulumAPP:_processSerialData:120 - 📏 串口长度数据已更新: L38.979973 -> physical_length=38.979973
2025-09-02 14:46:18.988 | INFO     | Pendulum.PendulumAPP:_processSerialData:121 - 🔄 数据来源: 串口接收 -> PendulumState.physical_length
2025-09-02 14:46:19.033 | INFO     | Pendulum.PendulumAPP:_processSerialData:120 - 📏 串口长度数据已更新: L38.979973 -> physical_length=38.979973
2025-09-02 14:46:19.034 | INFO     | Pendulum.PendulumAPP:_processSerialData:121 - 🔄 数据来源: 串口接收 -> PendulumState.physical_length
2025-09-02 14:46:19.078 | INFO     | Pendulum.PendulumAPP:_processSerialData:120 - 📏 串口长度数据已更新: L38.979973 -> physical_length=38.979973
2025-09-02 14:46:19.080 | INFO     | Pendulum.PendulumAPP:_processSerialData:121 - 🔄 数据来源: 串口接收 -> PendulumState.physical_length
2025-09-02 14:46:19.125 | INFO     | Pendulum.PendulumAPP:_processSerialData:120 - 📏 串口长度数据已更新: L38.979973 -> physical_length=38.979973
2025-09-02 14:46:19.126 | INFO     | Pendulum.PendulumAPP:_processSerialData:121 - 🔄 数据来源: 串口接收 -> PendulumState.physical_length
2025-09-02 14:46:19.172 | INFO     | Pendulum.PendulumAPP:_processSerialData:120 - 📏 串口长度数据已更新: L38.979973 -> physical_length=38.979973
2025-09-02 14:46:19.173 | INFO     | Pendulum.PendulumAPP:_processSerialData:121 - 🔄 数据来源: 串口接收 -> PendulumState.physical_length
2025-09-02 14:46:19.218 | INFO     | Pendulum.PendulumAPP:_processSerialData:120 - 📏 串口长度数据已更新: L38.979973 -> physical_length=38.979973
2025-09-02 14:46:19.218 | INFO     | Pendulum.PendulumAPP:_processSerialData:121 - 🔄 数据来源: 串口接收 -> PendulumState.physical_length
2025-09-02 14:46:19.264 | INFO     | Pendulum.PendulumAPP:_processSerialData:120 - 📏 串口长度数据已更新: L38.979973 -> physical_length=38.979973
2025-09-02 14:46:19.265 | INFO     | Pendulum.PendulumAPP:_processSerialData:121 - 🔄 数据来源: 串口接收 -> PendulumState.physical_length
2025-09-02 14:46:19.311 | INFO     | Pendulum.PendulumAPP:_processSerialData:120 - 📏 串口长度数据已更新: L38.979973 -> physical_length=38.979973
2025-09-02 14:46:19.315 | INFO     | Pendulum.PendulumAPP:_processSerialData:121 - 🔄 数据来源: 串口接收 -> PendulumState.physical_length
2025-09-02 14:46:19.357 | INFO     | Pendulum.PendulumAPP:_processSerialData:120 - 📏 串口长度数据已更新: L38.979973 -> physical_length=38.979973
2025-09-02 14:46:19.359 | INFO     | Pendulum.PendulumAPP:_processSerialData:121 - 🔄 数据来源: 串口接收 -> PendulumState.physical_length
2025-09-02 14:46:19.403 | INFO     | Pendulum.PendulumAPP:_processSerialData:120 - 📏 串口长度数据已更新: L38.979973 -> physical_length=38.979973
2025-09-02 14:46:19.405 | INFO     | Pendulum.PendulumAPP:_processSerialData:121 - 🔄 数据来源: 串口接收 -> PendulumState.physical_length
2025-09-02 14:46:19.449 | INFO     | Pendulum.PendulumAPP:_processSerialData:120 - 📏 串口长度数据已更新: L38.979973 -> physical_length=38.979973
2025-09-02 14:46:19.449 | INFO     | Pendulum.PendulumAPP:_processSerialData:121 - 🔄 数据来源: 串口接收 -> PendulumState.physical_length
2025-09-02 14:46:19.495 | INFO     | Pendulum.PendulumAPP:_processSerialData:120 - 📏 串口长度数据已更新: L38.979973 -> physical_length=38.979973
2025-09-02 14:46:19.497 | INFO     | Pendulum.PendulumAPP:_processSerialData:121 - 🔄 数据来源: 串口接收 -> PendulumState.physical_length
2025-09-02 14:46:19.542 | INFO     | Pendulum.PendulumAPP:_processSerialData:120 - 📏 串口长度数据已更新: L38.979973 -> physical_length=38.979973
2025-09-02 14:46:19.542 | INFO     | Pendulum.PendulumAPP:_processSerialData:121 - 🔄 数据来源: 串口接收 -> PendulumState.physical_length
2025-09-02 14:46:19.589 | INFO     | Pendulum.PendulumAPP:_processSerialData:120 - 📏 串口长度数据已更新: L38.979973 -> physical_length=38.979973
2025-09-02 14:46:19.589 | INFO     | Pendulum.PendulumAPP:_processSerialData:121 - 🔄 数据来源: 串口接收 -> PendulumState.physical_length
2025-09-02 14:46:19.635 | INFO     | Pendulum.PendulumAPP:_processSerialData:120 - 📏 串口长度数据已更新: L38.979973 -> physical_length=38.979973
2025-09-02 14:46:19.636 | INFO     | Pendulum.PendulumAPP:_processSerialData:121 - 🔄 数据来源: 串口接收 -> PendulumState.physical_length
2025-09-02 14:46:19.681 | INFO     | Pendulum.PendulumAPP:_processSerialData:120 - 📏 串口长度数据已更新: L38.979973 -> physical_length=38.979973
2025-09-02 14:46:19.683 | INFO     | Pendulum.PendulumAPP:_processSerialData:121 - 🔄 数据来源: 串口接收 -> PendulumState.physical_length
2025-09-02 14:46:19.727 | INFO     | Pendulum.PendulumAPP:_processSerialData:120 - 📏 串口长度数据已更新: L38.979973 -> physical_length=38.979973
2025-09-02 14:46:19.730 | INFO     | Pendulum.PendulumAPP:_processSerialData:121 - 🔄 数据来源: 串口接收 -> PendulumState.physical_length
2025-09-02 14:46:19.774 | INFO     | Pendulum.PendulumAPP:_processSerialData:120 - 📏 串口长度数据已更新: L38.979973 -> physical_length=38.979973
2025-09-02 14:46:19.774 | INFO     | Pendulum.PendulumAPP:_processSerialData:121 - 🔄 数据来源: 串口接收 -> PendulumState.physical_length
2025-09-02 14:46:19.821 | INFO     | Pendulum.PendulumAPP:_processSerialData:120 - 📏 串口长度数据已更新: L38.979973 -> physical_length=38.979973
2025-09-02 14:46:19.826 | INFO     | Pendulum.PendulumAPP:_processSerialData:121 - 🔄 数据来源: 串口接收 -> PendulumState.physical_length
2025-09-02 14:46:19.867 | INFO     | Pendulum.PendulumAPP:_processSerialData:120 - 📏 串口长度数据已更新: L38.979973 -> physical_length=38.979973
2025-09-02 14:46:19.870 | INFO     | Pendulum.PendulumAPP:_processSerialData:121 - 🔄 数据来源: 串口接收 -> PendulumState.physical_length
2025-09-02 14:46:19.913 | INFO     | Pendulum.PendulumAPP:_processSerialData:120 - 📏 串口长度数据已更新: L38.979973 -> physical_length=38.979973
2025-09-02 14:46:19.914 | INFO     | Pendulum.PendulumAPP:_processSerialData:121 - 🔄 数据来源: 串口接收 -> PendulumState.physical_length
2025-09-02 14:46:19.960 | INFO     | Pendulum.PendulumAPP:_processSerialData:120 - 📏 串口长度数据已更新: L38.979973 -> physical_length=38.979973
2025-09-02 14:46:19.961 | INFO     | Pendulum.PendulumAPP:_processSerialData:121 - 🔄 数据来源: 串口接收 -> PendulumState.physical_length
2025-09-02 14:46:20.007 | INFO     | Pendulum.PendulumAPP:_processSerialData:120 - 📏 串口长度数据已更新: L38.979973 -> physical_length=38.979973
2025-09-02 14:46:20.008 | INFO     | Pendulum.PendulumAPP:_processSerialData:121 - 🔄 数据来源: 串口接收 -> PendulumState.physical_length
2025-09-02 14:46:20.053 | INFO     | Pendulum.PendulumAPP:_processSerialData:120 - 📏 串口长度数据已更新: L38.979973 -> physical_length=38.979973
2025-09-02 14:46:20.054 | INFO     | Pendulum.PendulumAPP:_processSerialData:121 - 🔄 数据来源: 串口接收 -> PendulumState.physical_length
2025-09-02 14:46:20.099 | INFO     | Pendulum.PendulumAPP:_processSerialData:120 - 📏 串口长度数据已更新: L38.979973 -> physical_length=38.979973
2025-09-02 14:46:20.099 | INFO     | Pendulum.PendulumAPP:_processSerialData:121 - 🔄 数据来源: 串口接收 -> PendulumState.physical_length
2025-09-02 14:46:20.145 | INFO     | Pendulum.PendulumAPP:_processSerialData:120 - 📏 串口长度数据已更新: L38.979973 -> physical_length=38.979973
2025-09-02 14:46:20.146 | INFO     | Pendulum.PendulumAPP:_processSerialData:121 - 🔄 数据来源: 串口接收 -> PendulumState.physical_length
2025-09-02 14:46:20.192 | INFO     | Pendulum.PendulumAPP:_processSerialData:120 - 📏 串口长度数据已更新: L38.979973 -> physical_length=38.979973
2025-09-02 14:46:20.194 | INFO     | Pendulum.PendulumAPP:_processSerialData:121 - 🔄 数据来源: 串口接收 -> PendulumState.physical_length
2025-09-02 14:46:20.240 | INFO     | Pendulum.PendulumAPP:_processSerialData:120 - 📏 串口长度数据已更新: L38.979973 -> physical_length=38.979973
2025-09-02 14:46:20.241 | INFO     | Pendulum.PendulumAPP:_processSerialData:121 - 🔄 数据来源: 串口接收 -> PendulumState.physical_length
2025-09-02 14:46:20.286 | INFO     | Pendulum.PendulumAPP:_processSerialData:120 - 📏 串口长度数据已更新: L38.979973 -> physical_length=38.979973
2025-09-02 14:46:20.287 | INFO     | Pendulum.PendulumAPP:_processSerialData:121 - 🔄 数据来源: 串口接收 -> PendulumState.physical_length
2025-09-02 14:46:20.333 | INFO     | Pendulum.PendulumAPP:_processSerialData:120 - 📏 串口长度数据已更新: L38.979973 -> physical_length=38.979973
2025-09-02 14:46:20.334 | INFO     | Pendulum.PendulumAPP:_processSerialData:121 - 🔄 数据来源: 串口接收 -> PendulumState.physical_length
2025-09-02 14:46:20.380 | INFO     | Pendulum.PendulumAPP:_processSerialData:120 - 📏 串口长度数据已更新: L38.979973 -> physical_length=38.979973
2025-09-02 14:46:20.381 | INFO     | Pendulum.PendulumAPP:_processSerialData:121 - 🔄 数据来源: 串口接收 -> PendulumState.physical_length
2025-09-02 14:46:20.426 | INFO     | Pendulum.PendulumAPP:_processSerialData:120 - 📏 串口长度数据已更新: L38.979973 -> physical_length=38.979973
2025-09-02 14:46:20.427 | INFO     | Pendulum.PendulumAPP:_processSerialData:121 - 🔄 数据来源: 串口接收 -> PendulumState.physical_length
2025-09-02 14:46:20.471 | INFO     | Pendulum.PendulumAPP:_processSerialData:120 - 📏 串口长度数据已更新: L38.979973 -> physical_length=38.979973
2025-09-02 14:46:20.473 | INFO     | Pendulum.PendulumAPP:_processSerialData:121 - 🔄 数据来源: 串口接收 -> PendulumState.physical_length
2025-09-02 14:46:20.518 | INFO     | Pendulum.PendulumAPP:_processSerialData:120 - 📏 串口长度数据已更新: L38.979973 -> physical_length=38.979973
2025-09-02 14:46:20.519 | INFO     | Pendulum.PendulumAPP:_processSerialData:121 - 🔄 数据来源: 串口接收 -> PendulumState.physical_length
2025-09-02 14:46:20.563 | INFO     | Pendulum.PendulumAPP:_processSerialData:120 - 📏 串口长度数据已更新: L38.979973 -> physical_length=38.979973
2025-09-02 14:46:20.564 | INFO     | Pendulum.PendulumAPP:_processSerialData:121 - 🔄 数据来源: 串口接收 -> PendulumState.physical_length
2025-09-02 14:46:20.609 | INFO     | Pendulum.PendulumAPP:_processSerialData:120 - 📏 串口长度数据已更新: L38.979973 -> physical_length=38.979973
2025-09-02 14:46:20.610 | INFO     | Pendulum.PendulumAPP:_processSerialData:121 - 🔄 数据来源: 串口接收 -> PendulumState.physical_length
2025-09-02 14:46:20.656 | INFO     | Pendulum.PendulumAPP:_processSerialData:120 - 📏 串口长度数据已更新: L38.979973 -> physical_length=38.979973
2025-09-02 14:46:20.656 | INFO     | Pendulum.PendulumAPP:_processSerialData:121 - 🔄 数据来源: 串口接收 -> PendulumState.physical_length
2025-09-02 14:46:20.704 | INFO     | Pendulum.PendulumAPP:_keyEventWeb:271 - u1
2025-09-02 14:46:20.705 | INFO     | Pendulum.SerialConncet:send:199 - sendu1
2025-09-02 14:46:20.705 | INFO     | Pendulum.SerialConncet:send:201 - [发送] u1
2025-09-02 14:46:20.717 | INFO     | Pendulum.PendulumAPP:_processSerialData:120 - 📏 串口长度数据已更新: L38.979973 -> physical_length=38.979973
2025-09-02 14:46:20.719 | INFO     | Pendulum.PendulumAPP:_processSerialData:121 - 🔄 数据来源: 串口接收 -> PendulumState.physical_length
2025-09-02 14:46:20.764 | INFO     | Pendulum.PendulumAPP:_processSerialData:120 - 📏 串口长度数据已更新: L38.979973 -> physical_length=38.979973
2025-09-02 14:46:20.765 | INFO     | Pendulum.PendulumAPP:_processSerialData:121 - 🔄 数据来源: 串口接收 -> PendulumState.physical_length
2025-09-02 14:46:20.810 | INFO     | Pendulum.PendulumAPP:_processSerialData:120 - 📏 串口长度数据已更新: L38.979973 -> physical_length=38.979973
2025-09-02 14:46:20.813 | INFO     | Pendulum.PendulumAPP:_processSerialData:121 - 🔄 数据来源: 串口接收 -> PendulumState.physical_length
2025-09-02 14:46:20.858 | INFO     | Pendulum.PendulumAPP:_processSerialData:120 - 📏 串口长度数据已更新: L38.979973 -> physical_length=38.979973
2025-09-02 14:46:20.858 | INFO     | Pendulum.PendulumAPP:_processSerialData:121 - 🔄 数据来源: 串口接收 -> PendulumState.physical_length
2025-09-02 14:46:20.904 | INFO     | Pendulum.PendulumAPP:_processSerialData:120 - 📏 串口长度数据已更新: L38.979973 -> physical_length=38.979973
2025-09-02 14:46:20.905 | INFO     | Pendulum.PendulumAPP:_processSerialData:121 - 🔄 数据来源: 串口接收 -> PendulumState.physical_length
2025-09-02 14:46:20.951 | INFO     | Pendulum.PendulumAPP:_processSerialData:120 - 📏 串口长度数据已更新: L38.979973 -> physical_length=38.979973
2025-09-02 14:46:20.952 | INFO     | Pendulum.PendulumAPP:_processSerialData:121 - 🔄 数据来源: 串口接收 -> PendulumState.physical_length
2025-09-02 14:46:20.999 | INFO     | Pendulum.PendulumAPP:_processSerialData:120 - 📏 串口长度数据已更新: L38.979973 -> physical_length=38.979973
2025-09-02 14:46:21.000 | INFO     | Pendulum.PendulumAPP:_processSerialData:121 - 🔄 数据来源: 串口接收 -> PendulumState.physical_length
2025-09-02 14:46:21.046 | INFO     | Pendulum.PendulumAPP:_processSerialData:120 - 📏 串口长度数据已更新: L38.979973 -> physical_length=38.979973
2025-09-02 14:46:21.047 | INFO     | Pendulum.PendulumAPP:_processSerialData:121 - 🔄 数据来源: 串口接收 -> PendulumState.physical_length
2025-09-02 14:46:21.092 | INFO     | Pendulum.PendulumAPP:_processSerialData:120 - 📏 串口长度数据已更新: L38.979973 -> physical_length=38.979973
2025-09-02 14:46:21.093 | INFO     | Pendulum.PendulumAPP:_processSerialData:121 - 🔄 数据来源: 串口接收 -> PendulumState.physical_length
2025-09-02 14:46:21.138 | INFO     | Pendulum.PendulumAPP:_processSerialData:120 - 📏 串口长度数据已更新: L38.979973 -> physical_length=38.979973
2025-09-02 14:46:21.139 | INFO     | Pendulum.PendulumAPP:_processSerialData:121 - 🔄 数据来源: 串口接收 -> PendulumState.physical_length
2025-09-02 14:46:21.184 | INFO     | Pendulum.PendulumAPP:_processSerialData:120 - 📏 串口长度数据已更新: L38.979973 -> physical_length=38.979973
2025-09-02 14:46:21.186 | INFO     | Pendulum.PendulumAPP:_processSerialData:121 - 🔄 数据来源: 串口接收 -> PendulumState.physical_length
2025-09-02 14:46:21.231 | INFO     | Pendulum.PendulumAPP:_processSerialData:120 - 📏 串口长度数据已更新: L38.979973 -> physical_length=38.979973
2025-09-02 14:46:21.232 | INFO     | Pendulum.PendulumAPP:_processSerialData:121 - 🔄 数据来源: 串口接收 -> PendulumState.physical_length
2025-09-02 14:46:21.277 | INFO     | Pendulum.PendulumAPP:_processSerialData:120 - 📏 串口长度数据已更新: L38.979973 -> physical_length=38.979973
2025-09-02 14:46:21.278 | INFO     | Pendulum.PendulumAPP:_processSerialData:121 - 🔄 数据来源: 串口接收 -> PendulumState.physical_length
2025-09-02 14:46:21.322 | INFO     | Pendulum.PendulumAPP:_processSerialData:120 - 📏 串口长度数据已更新: L38.979973 -> physical_length=38.979973
2025-09-02 14:46:21.324 | INFO     | Pendulum.PendulumAPP:_processSerialData:121 - 🔄 数据来源: 串口接收 -> PendulumState.physical_length
2025-09-02 14:46:21.369 | INFO     | Pendulum.PendulumAPP:_processSerialData:120 - 📏 串口长度数据已更新: L38.979973 -> physical_length=38.979973
2025-09-02 14:46:21.369 | INFO     | Pendulum.PendulumAPP:_processSerialData:121 - 🔄 数据来源: 串口接收 -> PendulumState.physical_length
2025-09-02 14:46:21.416 | INFO     | Pendulum.PendulumAPP:_processSerialData:120 - 📏 串口长度数据已更新: L38.979973 -> physical_length=38.979973
2025-09-02 14:46:21.417 | INFO     | Pendulum.PendulumAPP:_processSerialData:121 - 🔄 数据来源: 串口接收 -> PendulumState.physical_length
2025-09-02 14:46:21.463 | INFO     | Pendulum.PendulumAPP:_processSerialData:120 - 📏 串口长度数据已更新: L38.979973 -> physical_length=38.979973
2025-09-02 14:46:21.464 | INFO     | Pendulum.PendulumAPP:_processSerialData:121 - 🔄 数据来源: 串口接收 -> PendulumState.physical_length
2025-09-02 14:46:21.508 | INFO     | Pendulum.PendulumAPP:_processSerialData:120 - 📏 串口长度数据已更新: L38.979973 -> physical_length=38.979973
2025-09-02 14:46:21.508 | INFO     | Pendulum.PendulumAPP:_processSerialData:121 - 🔄 数据来源: 串口接收 -> PendulumState.physical_length
2025-09-02 14:46:21.552 | INFO     | Pendulum.PendulumAPP:_processSerialData:120 - 📏 串口长度数据已更新: L38.979973 -> physical_length=38.979973
2025-09-02 14:46:21.553 | INFO     | Pendulum.PendulumAPP:_processSerialData:121 - 🔄 数据来源: 串口接收 -> PendulumState.physical_length
2025-09-02 14:46:21.600 | INFO     | Pendulum.PendulumAPP:_processSerialData:120 - 📏 串口长度数据已更新: L38.979973 -> physical_length=38.979973
2025-09-02 14:46:21.602 | INFO     | Pendulum.PendulumAPP:_processSerialData:121 - 🔄 数据来源: 串口接收 -> PendulumState.physical_length
2025-09-02 14:46:21.646 | INFO     | Pendulum.PendulumAPP:_processSerialData:120 - 📏 串口长度数据已更新: L38.979973 -> physical_length=38.979973
2025-09-02 14:46:21.648 | INFO     | Pendulum.PendulumAPP:_processSerialData:121 - 🔄 数据来源: 串口接收 -> PendulumState.physical_length
2025-09-02 14:46:21.693 | INFO     | Pendulum.PendulumAPP:_processSerialData:120 - 📏 串口长度数据已更新: L38.979973 -> physical_length=38.979973
2025-09-02 14:46:21.694 | INFO     | Pendulum.PendulumAPP:_processSerialData:121 - 🔄 数据来源: 串口接收 -> PendulumState.physical_length
2025-09-02 14:46:21.739 | INFO     | Pendulum.PendulumAPP:_processSerialData:120 - 📏 串口长度数据已更新: L38.979973 -> physical_length=38.979973
2025-09-02 14:46:21.740 | INFO     | Pendulum.PendulumAPP:_processSerialData:121 - 🔄 数据来源: 串口接收 -> PendulumState.physical_length
2025-09-02 14:46:21.784 | INFO     | Pendulum.PendulumAPP:_processSerialData:120 - 📏 串口长度数据已更新: L38.979973 -> physical_length=38.979973
2025-09-02 14:46:21.784 | INFO     | Pendulum.PendulumAPP:_processSerialData:121 - 🔄 数据来源: 串口接收 -> PendulumState.physical_length
2025-09-02 14:46:21.832 | INFO     | Pendulum.PendulumAPP:_processSerialData:120 - 📏 串口长度数据已更新: L38.979973 -> physical_length=38.979973
2025-09-02 14:46:21.833 | INFO     | Pendulum.PendulumAPP:_processSerialData:121 - 🔄 数据来源: 串口接收 -> PendulumState.physical_length
2025-09-02 14:46:21.878 | INFO     | Pendulum.PendulumAPP:_processSerialData:120 - 📏 串口长度数据已更新: L38.979973 -> physical_length=38.979973
2025-09-02 14:46:21.879 | INFO     | Pendulum.PendulumAPP:_processSerialData:121 - 🔄 数据来源: 串口接收 -> PendulumState.physical_length
2025-09-02 14:46:21.924 | INFO     | Pendulum.PendulumAPP:_processSerialData:120 - 📏 串口长度数据已更新: L38.979973 -> physical_length=38.979973
2025-09-02 14:46:21.926 | INFO     | Pendulum.PendulumAPP:_processSerialData:121 - 🔄 数据来源: 串口接收 -> PendulumState.physical_length
2025-09-02 14:46:21.970 | INFO     | Pendulum.PendulumAPP:_processSerialData:120 - 📏 串口长度数据已更新: L38.979973 -> physical_length=38.979973
2025-09-02 14:46:21.971 | INFO     | Pendulum.PendulumAPP:_processSerialData:121 - 🔄 数据来源: 串口接收 -> PendulumState.physical_length
2025-09-02 14:46:22.017 | INFO     | Pendulum.PendulumAPP:_processSerialData:120 - 📏 串口长度数据已更新: L38.979973 -> physical_length=38.979973
2025-09-02 14:46:22.018 | INFO     | Pendulum.PendulumAPP:_processSerialData:121 - 🔄 数据来源: 串口接收 -> PendulumState.physical_length
2025-09-02 14:46:22.062 | INFO     | Pendulum.PendulumAPP:_processSerialData:120 - 📏 串口长度数据已更新: L38.979973 -> physical_length=38.979973
2025-09-02 14:46:22.062 | INFO     | Pendulum.PendulumAPP:_processSerialData:121 - 🔄 数据来源: 串口接收 -> PendulumState.physical_length
2025-09-02 14:46:22.110 | INFO     | Pendulum.PendulumAPP:_processSerialData:120 - 📏 串口长度数据已更新: L38.979973 -> physical_length=38.979973
2025-09-02 14:46:22.113 | INFO     | Pendulum.PendulumAPP:_processSerialData:121 - 🔄 数据来源: 串口接收 -> PendulumState.physical_length
2025-09-02 14:46:22.154 | INFO     | Pendulum.PendulumAPP:_processSerialData:120 - 📏 串口长度数据已更新: L38.979973 -> physical_length=38.979973
2025-09-02 14:46:22.155 | INFO     | Pendulum.PendulumAPP:_processSerialData:121 - 🔄 数据来源: 串口接收 -> PendulumState.physical_length
2025-09-02 14:46:22.201 | INFO     | Pendulum.PendulumAPP:_processSerialData:120 - 📏 串口长度数据已更新: L38.979973 -> physical_length=38.979973
2025-09-02 14:46:22.202 | INFO     | Pendulum.PendulumAPP:_processSerialData:121 - 🔄 数据来源: 串口接收 -> PendulumState.physical_length
2025-09-02 14:46:22.247 | INFO     | Pendulum.PendulumAPP:_processSerialData:120 - 📏 串口长度数据已更新: L38.979973 -> physical_length=38.979973
2025-09-02 14:46:22.248 | INFO     | Pendulum.PendulumAPP:_processSerialData:121 - 🔄 数据来源: 串口接收 -> PendulumState.physical_length
2025-09-02 14:46:22.294 | INFO     | Pendulum.PendulumAPP:_processSerialData:120 - 📏 串口长度数据已更新: L38.979973 -> physical_length=38.979973
2025-09-02 14:46:22.295 | INFO     | Pendulum.PendulumAPP:_processSerialData:121 - 🔄 数据来源: 串口接收 -> PendulumState.physical_length
2025-09-02 14:46:22.340 | INFO     | Pendulum.PendulumAPP:_processSerialData:120 - 📏 串口长度数据已更新: L38.979973 -> physical_length=38.979973
2025-09-02 14:46:22.341 | INFO     | Pendulum.PendulumAPP:_processSerialData:121 - 🔄 数据来源: 串口接收 -> PendulumState.physical_length
2025-09-02 14:46:22.386 | INFO     | Pendulum.PendulumAPP:_processSerialData:120 - 📏 串口长度数据已更新: L38.979973 -> physical_length=38.979973
2025-09-02 14:46:22.388 | INFO     | Pendulum.PendulumAPP:_processSerialData:121 - 🔄 数据来源: 串口接收 -> PendulumState.physical_length
2025-09-02 14:46:22.434 | INFO     | Pendulum.PendulumAPP:_processSerialData:120 - 📏 串口长度数据已更新: L38.979973 -> physical_length=38.979973
2025-09-02 14:46:22.435 | INFO     | Pendulum.PendulumAPP:_processSerialData:121 - 🔄 数据来源: 串口接收 -> PendulumState.physical_length
2025-09-02 14:46:22.481 | INFO     | Pendulum.PendulumAPP:_processSerialData:120 - 📏 串口长度数据已更新: L38.979973 -> physical_length=38.979973
2025-09-02 14:46:22.484 | INFO     | Pendulum.PendulumAPP:_processSerialData:121 - 🔄 数据来源: 串口接收 -> PendulumState.physical_length
2025-09-02 14:46:22.528 | INFO     | Pendulum.PendulumAPP:_processSerialData:120 - 📏 串口长度数据已更新: L38.979973 -> physical_length=38.979973
2025-09-02 14:46:22.528 | INFO     | Pendulum.PendulumAPP:_processSerialData:121 - 🔄 数据来源: 串口接收 -> PendulumState.physical_length
2025-09-02 14:46:22.576 | INFO     | Pendulum.PendulumAPP:_processSerialData:120 - 📏 串口长度数据已更新: L38.979973 -> physical_length=38.979973
2025-09-02 14:46:22.576 | INFO     | Pendulum.PendulumAPP:_processSerialData:121 - 🔄 数据来源: 串口接收 -> PendulumState.physical_length
2025-09-02 14:46:22.637 | INFO     | Pendulum.PendulumAPP:_processSerialData:120 - 📏 串口长度数据已更新: L38.979973 -> physical_length=38.979973
2025-09-02 14:46:22.637 | INFO     | Pendulum.PendulumAPP:_processSerialData:121 - 🔄 数据来源: 串口接收 -> PendulumState.physical_length
2025-09-02 14:46:22.684 | INFO     | Pendulum.PendulumAPP:_processSerialData:120 - 📏 串口长度数据已更新: L38.979973 -> physical_length=38.979973
2025-09-02 14:46:22.684 | INFO     | Pendulum.PendulumAPP:_processSerialData:121 - 🔄 数据来源: 串口接收 -> PendulumState.physical_length
2025-09-02 14:46:22.721 | INFO     | Pendulum.PendulumAPP:_keyEventWeb:274 - u0
2025-09-02 14:46:22.722 | INFO     | Pendulum.SerialConncet:send:199 - sendu0
2025-09-02 14:46:22.722 | INFO     | Pendulum.SerialConncet:send:201 - [发送] u0
2025-09-02 14:46:22.730 | INFO     | Pendulum.PendulumAPP:_processSerialData:120 - 📏 串口长度数据已更新: L38.979973 -> physical_length=38.979973
2025-09-02 14:46:22.734 | INFO     | Pendulum.PendulumAPP:_processSerialData:121 - 🔄 数据来源: 串口接收 -> PendulumState.physical_length
2025-09-02 14:46:22.777 | INFO     | Pendulum.PendulumAPP:_processSerialData:120 - 📏 串口长度数据已更新: L38.979973 -> physical_length=38.979973
2025-09-02 14:46:22.779 | INFO     | Pendulum.PendulumAPP:_processSerialData:121 - 🔄 数据来源: 串口接收 -> PendulumState.physical_length
2025-09-02 14:46:22.824 | INFO     | Pendulum.PendulumAPP:_processSerialData:120 - 📏 串口长度数据已更新: L38.979973 -> physical_length=38.979973
2025-09-02 14:46:22.825 | INFO     | Pendulum.PendulumAPP:_processSerialData:121 - 🔄 数据来源: 串口接收 -> PendulumState.physical_length
2025-09-02 14:46:22.871 | INFO     | Pendulum.PendulumAPP:_processSerialData:120 - 📏 串口长度数据已更新: L38.979973 -> physical_length=38.979973
2025-09-02 14:46:22.872 | INFO     | Pendulum.PendulumAPP:_processSerialData:121 - 🔄 数据来源: 串口接收 -> PendulumState.physical_length
2025-09-02 14:46:22.919 | INFO     | Pendulum.PendulumAPP:_processSerialData:120 - 📏 串口长度数据已更新: L38.979973 -> physical_length=38.979973
2025-09-02 14:46:22.921 | INFO     | Pendulum.PendulumAPP:_processSerialData:121 - 🔄 数据来源: 串口接收 -> PendulumState.physical_length
2025-09-02 14:46:22.965 | INFO     | Pendulum.PendulumAPP:_processSerialData:120 - 📏 串口长度数据已更新: L38.979973 -> physical_length=38.979973
2025-09-02 14:46:22.965 | INFO     | Pendulum.PendulumAPP:_processSerialData:121 - 🔄 数据来源: 串口接收 -> PendulumState.physical_length
2025-09-02 14:46:23.010 | INFO     | Pendulum.PendulumAPP:_processSerialData:120 - 📏 串口长度数据已更新: L38.979973 -> physical_length=38.979973
2025-09-02 14:46:23.011 | INFO     | Pendulum.PendulumAPP:_processSerialData:121 - 🔄 数据来源: 串口接收 -> PendulumState.physical_length
2025-09-02 14:46:23.057 | INFO     | Pendulum.PendulumAPP:_processSerialData:120 - 📏 串口长度数据已更新: L38.979973 -> physical_length=38.979973
2025-09-02 14:46:23.058 | INFO     | Pendulum.PendulumAPP:_processSerialData:121 - 🔄 数据来源: 串口接收 -> PendulumState.physical_length
2025-09-02 14:46:23.105 | INFO     | Pendulum.PendulumAPP:_processSerialData:120 - 📏 串口长度数据已更新: L38.979973 -> physical_length=38.979973
2025-09-02 14:46:23.105 | INFO     | Pendulum.PendulumAPP:_processSerialData:121 - 🔄 数据来源: 串口接收 -> PendulumState.physical_length
2025-09-02 14:46:23.152 | INFO     | Pendulum.PendulumAPP:_processSerialData:120 - 📏 串口长度数据已更新: L38.979973 -> physical_length=38.979973
2025-09-02 14:46:23.153 | INFO     | Pendulum.PendulumAPP:_processSerialData:121 - 🔄 数据来源: 串口接收 -> PendulumState.physical_length
2025-09-02 14:46:23.199 | INFO     | Pendulum.PendulumAPP:_processSerialData:120 - 📏 串口长度数据已更新: L38.979973 -> physical_length=38.979973
2025-09-02 14:46:23.201 | INFO     | Pendulum.PendulumAPP:_processSerialData:121 - 🔄 数据来源: 串口接收 -> PendulumState.physical_length
2025-09-02 14:46:23.245 | INFO     | Pendulum.PendulumAPP:_processSerialData:120 - 📏 串口长度数据已更新: L38.979973 -> physical_length=38.979973
2025-09-02 14:46:23.246 | INFO     | Pendulum.PendulumAPP:_processSerialData:121 - 🔄 数据来源: 串口接收 -> PendulumState.physical_length
2025-09-02 14:46:23.292 | INFO     | Pendulum.PendulumAPP:_processSerialData:120 - 📏 串口长度数据已更新: L38.979973 -> physical_length=38.979973
2025-09-02 14:46:23.294 | INFO     | Pendulum.PendulumAPP:_processSerialData:121 - 🔄 数据来源: 串口接收 -> PendulumState.physical_length
2025-09-02 14:46:23.353 | INFO     | Pendulum.PendulumAPP:_processSerialData:120 - 📏 串口长度数据已更新: L38.979973 -> physical_length=38.979973
2025-09-02 14:46:23.353 | INFO     | Pendulum.PendulumAPP:_processSerialData:121 - 🔄 数据来源: 串口接收 -> PendulumState.physical_length
2025-09-02 14:46:23.399 | INFO     | Pendulum.PendulumAPP:_processSerialData:120 - 📏 串口长度数据已更新: L38.979973 -> physical_length=38.979973
2025-09-02 14:46:23.400 | INFO     | Pendulum.PendulumAPP:_processSerialData:121 - 🔄 数据来源: 串口接收 -> PendulumState.physical_length
2025-09-02 14:46:23.448 | INFO     | Pendulum.PendulumAPP:_processSerialData:120 - 📏 串口长度数据已更新: L38.979973 -> physical_length=38.979973
2025-09-02 14:46:23.449 | INFO     | Pendulum.PendulumAPP:_processSerialData:121 - 🔄 数据来源: 串口接收 -> PendulumState.physical_length
2025-09-02 14:46:23.494 | INFO     | Pendulum.PendulumAPP:_processSerialData:120 - 📏 串口长度数据已更新: L38.979973 -> physical_length=38.979973
2025-09-02 14:46:23.495 | INFO     | Pendulum.PendulumAPP:_processSerialData:121 - 🔄 数据来源: 串口接收 -> PendulumState.physical_length
2025-09-02 14:46:23.540 | INFO     | Pendulum.PendulumAPP:_processSerialData:120 - 📏 串口长度数据已更新: L38.979973 -> physical_length=38.979973
2025-09-02 14:46:23.541 | INFO     | Pendulum.PendulumAPP:_processSerialData:121 - 🔄 数据来源: 串口接收 -> PendulumState.physical_length
2025-09-02 14:46:23.587 | INFO     | Pendulum.PendulumAPP:_processSerialData:120 - 📏 串口长度数据已更新: L38.979973 -> physical_length=38.979973
2025-09-02 14:46:23.588 | INFO     | Pendulum.PendulumAPP:_processSerialData:121 - 🔄 数据来源: 串口接收 -> PendulumState.physical_length
2025-09-02 14:46:23.633 | INFO     | Pendulum.PendulumAPP:_processSerialData:120 - 📏 串口长度数据已更新: L38.979973 -> physical_length=38.979973
2025-09-02 14:46:23.633 | INFO     | Pendulum.PendulumAPP:_processSerialData:121 - 🔄 数据来源: 串口接收 -> PendulumState.physical_length
2025-09-02 14:46:23.680 | INFO     | Pendulum.PendulumAPP:_processSerialData:120 - 📏 串口长度数据已更新: L38.979973 -> physical_length=38.979973
2025-09-02 14:46:23.680 | INFO     | Pendulum.PendulumAPP:_processSerialData:121 - 🔄 数据来源: 串口接收 -> PendulumState.physical_length
2025-09-02 14:46:23.727 | INFO     | Pendulum.PendulumAPP:_processSerialData:120 - 📏 串口长度数据已更新: L38.979973 -> physical_length=38.979973
2025-09-02 14:46:23.729 | INFO     | Pendulum.PendulumAPP:_processSerialData:121 - 🔄 数据来源: 串口接收 -> PendulumState.physical_length
2025-09-02 14:46:23.773 | INFO     | Pendulum.PendulumAPP:_processSerialData:120 - 📏 串口长度数据已更新: L38.979973 -> physical_length=38.979973
2025-09-02 14:46:23.775 | INFO     | Pendulum.PendulumAPP:_processSerialData:121 - 🔄 数据来源: 串口接收 -> PendulumState.physical_length
2025-09-02 14:46:23.821 | INFO     | Pendulum.PendulumAPP:_processSerialData:120 - 📏 串口长度数据已更新: L38.979973 -> physical_length=38.979973
2025-09-02 14:46:23.821 | INFO     | Pendulum.PendulumAPP:_processSerialData:121 - 🔄 数据来源: 串口接收 -> PendulumState.physical_length
2025-09-02 14:46:23.867 | INFO     | Pendulum.PendulumAPP:_processSerialData:120 - 📏 串口长度数据已更新: L38.979973 -> physical_length=38.979973
2025-09-02 14:46:23.869 | INFO     | Pendulum.PendulumAPP:_processSerialData:121 - 🔄 数据来源: 串口接收 -> PendulumState.physical_length
2025-09-02 14:46:23.912 | INFO     | Pendulum.PendulumAPP:_processSerialData:120 - 📏 串口长度数据已更新: L38.979973 -> physical_length=38.979973
2025-09-02 14:46:23.912 | INFO     | Pendulum.PendulumAPP:_processSerialData:121 - 🔄 数据来源: 串口接收 -> PendulumState.physical_length
2025-09-02 14:46:23.959 | INFO     | Pendulum.PendulumAPP:_processSerialData:120 - 📏 串口长度数据已更新: L38.979973 -> physical_length=38.979973
2025-09-02 14:46:23.959 | INFO     | Pendulum.PendulumAPP:_processSerialData:121 - 🔄 数据来源: 串口接收 -> PendulumState.physical_length
2025-09-02 14:46:24.007 | INFO     | Pendulum.PendulumAPP:_processSerialData:120 - 📏 串口长度数据已更新: L38.979973 -> physical_length=38.979973
2025-09-02 14:46:24.008 | INFO     | Pendulum.PendulumAPP:_processSerialData:121 - 🔄 数据来源: 串口接收 -> PendulumState.physical_length
2025-09-02 14:46:24.054 | INFO     | Pendulum.PendulumAPP:_processSerialData:120 - 📏 串口长度数据已更新: L38.979973 -> physical_length=38.979973
2025-09-02 14:46:24.055 | INFO     | Pendulum.PendulumAPP:_processSerialData:121 - 🔄 数据来源: 串口接收 -> PendulumState.physical_length
2025-09-02 14:46:24.100 | INFO     | Pendulum.PendulumAPP:_processSerialData:120 - 📏 串口长度数据已更新: L38.979973 -> physical_length=38.979973
2025-09-02 14:46:24.100 | INFO     | Pendulum.PendulumAPP:_processSerialData:121 - 🔄 数据来源: 串口接收 -> PendulumState.physical_length
2025-09-02 14:46:24.147 | INFO     | Pendulum.PendulumAPP:_processSerialData:120 - 📏 串口长度数据已更新: L38.979973 -> physical_length=38.979973
2025-09-02 14:46:24.149 | INFO     | Pendulum.PendulumAPP:_processSerialData:121 - 🔄 数据来源: 串口接收 -> PendulumState.physical_length
2025-09-02 14:46:24.191 | INFO     | Pendulum.PendulumAPP:_keyEventWeb:289 - d1
2025-09-02 14:46:24.192 | INFO     | Pendulum.SerialConncet:send:199 - sendd1
2025-09-02 14:46:24.193 | INFO     | Pendulum.SerialConncet:send:201 - [发送] d1
2025-09-02 14:46:24.197 | INFO     | Pendulum.PendulumAPP:_processSerialData:120 - 📏 串口长度数据已更新: L38.979973 -> physical_length=38.979973
2025-09-02 14:46:24.197 | INFO     | Pendulum.PendulumAPP:_processSerialData:121 - 🔄 数据来源: 串口接收 -> PendulumState.physical_length
2025-09-02 14:46:24.240 | INFO     | Pendulum.PendulumAPP:_processSerialData:120 - 📏 串口长度数据已更新: L38.979973 -> physical_length=38.979973
2025-09-02 14:46:24.241 | INFO     | Pendulum.PendulumAPP:_processSerialData:121 - 🔄 数据来源: 串口接收 -> PendulumState.physical_length
2025-09-02 14:46:24.286 | INFO     | Pendulum.PendulumAPP:_processSerialData:120 - 📏 串口长度数据已更新: L38.979973 -> physical_length=38.979973
2025-09-02 14:46:24.286 | INFO     | Pendulum.PendulumAPP:_processSerialData:121 - 🔄 数据来源: 串口接收 -> PendulumState.physical_length
2025-09-02 14:46:24.332 | INFO     | Pendulum.PendulumAPP:_processSerialData:120 - 📏 串口长度数据已更新: L38.979973 -> physical_length=38.979973
2025-09-02 14:46:24.333 | INFO     | Pendulum.PendulumAPP:_processSerialData:121 - 🔄 数据来源: 串口接收 -> PendulumState.physical_length
2025-09-02 14:46:24.377 | INFO     | Pendulum.PendulumAPP:_processSerialData:120 - 📏 串口长度数据已更新: L38.979973 -> physical_length=38.979973
2025-09-02 14:46:24.377 | INFO     | Pendulum.PendulumAPP:_processSerialData:121 - 🔄 数据来源: 串口接收 -> PendulumState.physical_length
2025-09-02 14:46:24.423 | INFO     | Pendulum.PendulumAPP:_processSerialData:120 - 📏 串口长度数据已更新: L38.979973 -> physical_length=38.979973
2025-09-02 14:46:24.424 | INFO     | Pendulum.PendulumAPP:_processSerialData:121 - 🔄 数据来源: 串口接收 -> PendulumState.physical_length
2025-09-02 14:46:24.470 | INFO     | Pendulum.PendulumAPP:_processSerialData:120 - 📏 串口长度数据已更新: L38.979973 -> physical_length=38.979973
2025-09-02 14:46:24.470 | INFO     | Pendulum.PendulumAPP:_processSerialData:121 - 🔄 数据来源: 串口接收 -> PendulumState.physical_length
2025-09-02 14:46:24.517 | INFO     | Pendulum.PendulumAPP:_processSerialData:120 - 📏 串口长度数据已更新: L38.979973 -> physical_length=38.979973
2025-09-02 14:46:24.518 | INFO     | Pendulum.PendulumAPP:_processSerialData:121 - 🔄 数据来源: 串口接收 -> PendulumState.physical_length
2025-09-02 14:46:24.564 | INFO     | Pendulum.PendulumAPP:_processSerialData:120 - 📏 串口长度数据已更新: L38.979973 -> physical_length=38.979973
2025-09-02 14:46:24.565 | INFO     | Pendulum.PendulumAPP:_processSerialData:121 - 🔄 数据来源: 串口接收 -> PendulumState.physical_length
2025-09-02 14:46:24.609 | INFO     | Pendulum.PendulumAPP:_processSerialData:120 - 📏 串口长度数据已更新: L38.979973 -> physical_length=38.979973
2025-09-02 14:46:24.610 | INFO     | Pendulum.PendulumAPP:_processSerialData:121 - 🔄 数据来源: 串口接收 -> PendulumState.physical_length
2025-09-02 14:46:24.655 | INFO     | Pendulum.PendulumAPP:_processSerialData:120 - 📏 串口长度数据已更新: L38.979973 -> physical_length=38.979973
2025-09-02 14:46:24.656 | INFO     | Pendulum.PendulumAPP:_processSerialData:121 - 🔄 数据来源: 串口接收 -> PendulumState.physical_length
2025-09-02 14:46:24.702 | INFO     | Pendulum.PendulumAPP:_processSerialData:120 - 📏 串口长度数据已更新: L38.979973 -> physical_length=38.979973
2025-09-02 14:46:24.702 | INFO     | Pendulum.PendulumAPP:_processSerialData:121 - 🔄 数据来源: 串口接收 -> PendulumState.physical_length
2025-09-02 14:46:24.748 | INFO     | Pendulum.PendulumAPP:_processSerialData:120 - 📏 串口长度数据已更新: L38.979973 -> physical_length=38.979973
2025-09-02 14:46:24.749 | INFO     | Pendulum.PendulumAPP:_processSerialData:121 - 🔄 数据来源: 串口接收 -> PendulumState.physical_length
2025-09-02 14:46:24.792 | INFO     | Pendulum.PendulumAPP:_processSerialData:120 - 📏 串口长度数据已更新: L38.979973 -> physical_length=38.979973
2025-09-02 14:46:24.793 | INFO     | Pendulum.PendulumAPP:_processSerialData:121 - 🔄 数据来源: 串口接收 -> PendulumState.physical_length
2025-09-02 14:46:24.839 | INFO     | Pendulum.PendulumAPP:_processSerialData:120 - 📏 串口长度数据已更新: L38.979973 -> physical_length=38.979973
2025-09-02 14:46:24.840 | INFO     | Pendulum.PendulumAPP:_processSerialData:121 - 🔄 数据来源: 串口接收 -> PendulumState.physical_length
2025-09-02 14:46:24.887 | INFO     | Pendulum.PendulumAPP:_processSerialData:120 - 📏 串口长度数据已更新: L38.979973 -> physical_length=38.979973
2025-09-02 14:46:24.888 | INFO     | Pendulum.PendulumAPP:_processSerialData:121 - 🔄 数据来源: 串口接收 -> PendulumState.physical_length
2025-09-02 14:46:24.933 | INFO     | Pendulum.PendulumAPP:_processSerialData:120 - 📏 串口长度数据已更新: L38.979973 -> physical_length=38.979973
2025-09-02 14:46:24.933 | INFO     | Pendulum.PendulumAPP:_processSerialData:121 - 🔄 数据来源: 串口接收 -> PendulumState.physical_length
2025-09-02 14:46:24.979 | INFO     | Pendulum.PendulumAPP:_processSerialData:120 - 📏 串口长度数据已更新: L38.979973 -> physical_length=38.979973
2025-09-02 14:46:24.980 | INFO     | Pendulum.PendulumAPP:_processSerialData:121 - 🔄 数据来源: 串口接收 -> PendulumState.physical_length
2025-09-02 14:46:25.024 | INFO     | Pendulum.PendulumAPP:_processSerialData:120 - 📏 串口长度数据已更新: L38.979973 -> physical_length=38.979973
2025-09-02 14:46:25.026 | INFO     | Pendulum.PendulumAPP:_processSerialData:121 - 🔄 数据来源: 串口接收 -> PendulumState.physical_length
2025-09-02 14:46:25.087 | INFO     | Pendulum.PendulumAPP:_processSerialData:120 - 📏 串口长度数据已更新: L38.979973 -> physical_length=38.979973
2025-09-02 14:46:25.089 | INFO     | Pendulum.PendulumAPP:_processSerialData:121 - 🔄 数据来源: 串口接收 -> PendulumState.physical_length
2025-09-02 14:46:25.133 | INFO     | Pendulum.PendulumAPP:_processSerialData:120 - 📏 串口长度数据已更新: L38.979973 -> physical_length=38.979973
2025-09-02 14:46:25.133 | INFO     | Pendulum.PendulumAPP:_processSerialData:121 - 🔄 数据来源: 串口接收 -> PendulumState.physical_length
2025-09-02 14:46:25.180 | INFO     | Pendulum.PendulumAPP:_processSerialData:120 - 📏 串口长度数据已更新: L38.979973 -> physical_length=38.979973
2025-09-02 14:46:25.183 | INFO     | Pendulum.PendulumAPP:_processSerialData:121 - 🔄 数据来源: 串口接收 -> PendulumState.physical_length
2025-09-02 14:46:25.227 | INFO     | Pendulum.PendulumAPP:_processSerialData:120 - 📏 串口长度数据已更新: L38.979973 -> physical_length=38.979973
2025-09-02 14:46:25.228 | INFO     | Pendulum.PendulumAPP:_processSerialData:121 - 🔄 数据来源: 串口接收 -> PendulumState.physical_length
2025-09-02 14:46:25.273 | INFO     | Pendulum.PendulumAPP:_processSerialData:120 - 📏 串口长度数据已更新: L38.979973 -> physical_length=38.979973
2025-09-02 14:46:25.275 | INFO     | Pendulum.PendulumAPP:_processSerialData:121 - 🔄 数据来源: 串口接收 -> PendulumState.physical_length
2025-09-02 14:46:25.320 | INFO     | Pendulum.PendulumAPP:_processSerialData:120 - 📏 串口长度数据已更新: L38.979973 -> physical_length=38.979973
2025-09-02 14:46:25.320 | INFO     | Pendulum.PendulumAPP:_processSerialData:121 - 🔄 数据来源: 串口接收 -> PendulumState.physical_length
2025-09-02 14:46:25.367 | INFO     | Pendulum.PendulumAPP:_processSerialData:120 - 📏 串口长度数据已更新: L38.979973 -> physical_length=38.979973
2025-09-02 14:46:25.368 | INFO     | Pendulum.PendulumAPP:_processSerialData:121 - 🔄 数据来源: 串口接收 -> PendulumState.physical_length
2025-09-02 14:46:25.414 | INFO     | Pendulum.PendulumAPP:_processSerialData:120 - 📏 串口长度数据已更新: L38.979973 -> physical_length=38.979973
2025-09-02 14:46:25.415 | INFO     | Pendulum.PendulumAPP:_processSerialData:121 - 🔄 数据来源: 串口接收 -> PendulumState.physical_length
2025-09-02 14:46:25.460 | INFO     | Pendulum.PendulumAPP:_processSerialData:120 - 📏 串口长度数据已更新: L38.979973 -> physical_length=38.979973
2025-09-02 14:46:25.462 | INFO     | Pendulum.PendulumAPP:_processSerialData:121 - 🔄 数据来源: 串口接收 -> PendulumState.physical_length
2025-09-02 14:46:25.507 | INFO     | Pendulum.PendulumAPP:_processSerialData:120 - 📏 串口长度数据已更新: L38.979973 -> physical_length=38.979973
2025-09-02 14:46:25.509 | INFO     | Pendulum.PendulumAPP:_processSerialData:121 - 🔄 数据来源: 串口接收 -> PendulumState.physical_length
2025-09-02 14:46:25.554 | INFO     | Pendulum.PendulumAPP:_processSerialData:120 - 📏 串口长度数据已更新: L38.979973 -> physical_length=38.979973
2025-09-02 14:46:25.556 | INFO     | Pendulum.PendulumAPP:_processSerialData:121 - 🔄 数据来源: 串口接收 -> PendulumState.physical_length
2025-09-02 14:46:25.600 | INFO     | Pendulum.PendulumAPP:_processSerialData:120 - 📏 串口长度数据已更新: L38.979973 -> physical_length=38.979973
2025-09-02 14:46:25.600 | INFO     | Pendulum.PendulumAPP:_processSerialData:121 - 🔄 数据来源: 串口接收 -> PendulumState.physical_length
2025-09-02 14:46:25.648 | INFO     | Pendulum.PendulumAPP:_processSerialData:120 - 📏 串口长度数据已更新: L38.979973 -> physical_length=38.979973
2025-09-02 14:46:25.648 | INFO     | Pendulum.PendulumAPP:_processSerialData:121 - 🔄 数据来源: 串口接收 -> PendulumState.physical_length
2025-09-02 14:46:25.694 | INFO     | Pendulum.PendulumAPP:_processSerialData:120 - 📏 串口长度数据已更新: L38.979973 -> physical_length=38.979973
2025-09-02 14:46:25.695 | INFO     | Pendulum.PendulumAPP:_processSerialData:121 - 🔄 数据来源: 串口接收 -> PendulumState.physical_length
2025-09-02 14:46:25.741 | INFO     | Pendulum.PendulumAPP:_processSerialData:120 - 📏 串口长度数据已更新: L38.979973 -> physical_length=38.979973
2025-09-02 14:46:25.742 | INFO     | Pendulum.PendulumAPP:_processSerialData:121 - 🔄 数据来源: 串口接收 -> PendulumState.physical_length
2025-09-02 14:46:25.788 | INFO     | Pendulum.PendulumAPP:_processSerialData:120 - 📏 串口长度数据已更新: L38.979973 -> physical_length=38.979973
2025-09-02 14:46:25.790 | INFO     | Pendulum.PendulumAPP:_processSerialData:121 - 🔄 数据来源: 串口接收 -> PendulumState.physical_length
2025-09-02 14:46:25.834 | INFO     | Pendulum.PendulumAPP:_processSerialData:120 - 📏 串口长度数据已更新: L38.979973 -> physical_length=38.979973
2025-09-02 14:46:25.836 | INFO     | Pendulum.PendulumAPP:_processSerialData:121 - 🔄 数据来源: 串口接收 -> PendulumState.physical_length
2025-09-02 14:46:25.880 | INFO     | Pendulum.PendulumAPP:_processSerialData:120 - 📏 串口长度数据已更新: L38.979973 -> physical_length=38.979973
2025-09-02 14:46:25.880 | INFO     | Pendulum.PendulumAPP:_processSerialData:121 - 🔄 数据来源: 串口接收 -> PendulumState.physical_length
2025-09-02 14:46:25.927 | INFO     | Pendulum.PendulumAPP:_processSerialData:120 - 📏 串口长度数据已更新: L38.979973 -> physical_length=38.979973
2025-09-02 14:46:25.927 | INFO     | Pendulum.PendulumAPP:_processSerialData:121 - 🔄 数据来源: 串口接收 -> PendulumState.physical_length
2025-09-02 14:46:25.974 | INFO     | Pendulum.PendulumAPP:_processSerialData:120 - 📏 串口长度数据已更新: L38.979973 -> physical_length=38.979973
2025-09-02 14:46:25.975 | INFO     | Pendulum.PendulumAPP:_processSerialData:121 - 🔄 数据来源: 串口接收 -> PendulumState.physical_length
2025-09-02 14:46:26.020 | INFO     | Pendulum.PendulumAPP:_processSerialData:120 - 📏 串口长度数据已更新: L38.979973 -> physical_length=38.979973
2025-09-02 14:46:26.021 | INFO     | Pendulum.PendulumAPP:_processSerialData:121 - 🔄 数据来源: 串口接收 -> PendulumState.physical_length
2025-09-02 14:46:26.067 | INFO     | Pendulum.PendulumAPP:_processSerialData:120 - 📏 串口长度数据已更新: L38.979973 -> physical_length=38.979973
2025-09-02 14:46:26.067 | INFO     | Pendulum.PendulumAPP:_processSerialData:121 - 🔄 数据来源: 串口接收 -> PendulumState.physical_length
2025-09-02 14:46:26.111 | INFO     | Pendulum.PendulumAPP:_keyEventWeb:268 - u2
2025-09-02 14:46:26.113 | INFO     | Pendulum.SerialConncet:send:199 - sendu2
2025-09-02 14:46:26.115 | INFO     | Pendulum.SerialConncet:send:201 - [发送] u2
2025-09-02 14:46:26.128 | INFO     | Pendulum.PendulumAPP:_processSerialData:120 - 📏 串口长度数据已更新: L38.979973 -> physical_length=38.979973
2025-09-02 14:46:26.129 | INFO     | Pendulum.PendulumAPP:_processSerialData:121 - 🔄 数据来源: 串口接收 -> PendulumState.physical_length
2025-09-02 14:46:26.174 | INFO     | Pendulum.PendulumAPP:_processSerialData:120 - 📏 串口长度数据已更新: L38.979973 -> physical_length=38.979973
2025-09-02 14:46:26.175 | INFO     | Pendulum.PendulumAPP:_processSerialData:121 - 🔄 数据来源: 串口接收 -> PendulumState.physical_length
2025-09-02 14:46:26.220 | INFO     | Pendulum.PendulumAPP:_processSerialData:120 - 📏 串口长度数据已更新: L38.979973 -> physical_length=38.979973
2025-09-02 14:46:26.221 | INFO     | Pendulum.PendulumAPP:_processSerialData:121 - 🔄 数据来源: 串口接收 -> PendulumState.physical_length
2025-09-02 14:46:26.267 | INFO     | Pendulum.PendulumAPP:_processSerialData:120 - 📏 串口长度数据已更新: L38.979973 -> physical_length=38.979973
2025-09-02 14:46:26.267 | INFO     | Pendulum.PendulumAPP:_processSerialData:121 - 🔄 数据来源: 串口接收 -> PendulumState.physical_length
2025-09-02 14:46:26.314 | INFO     | Pendulum.PendulumAPP:_processSerialData:120 - 📏 串口长度数据已更新: L38.979973 -> physical_length=38.979973
2025-09-02 14:46:26.315 | INFO     | Pendulum.PendulumAPP:_processSerialData:121 - 🔄 数据来源: 串口接收 -> PendulumState.physical_length
2025-09-02 14:46:26.361 | INFO     | Pendulum.PendulumAPP:_processSerialData:120 - 📏 串口长度数据已更新: L38.979973 -> physical_length=38.979973
2025-09-02 14:46:26.362 | INFO     | Pendulum.PendulumAPP:_processSerialData:121 - 🔄 数据来源: 串口接收 -> PendulumState.physical_length
2025-09-02 14:46:26.407 | INFO     | Pendulum.PendulumAPP:_processSerialData:120 - 📏 串口长度数据已更新: L38.979973 -> physical_length=38.979973
2025-09-02 14:46:26.408 | INFO     | Pendulum.PendulumAPP:_processSerialData:121 - 🔄 数据来源: 串口接收 -> PendulumState.physical_length
2025-09-02 14:46:26.453 | INFO     | Pendulum.PendulumAPP:_processSerialData:120 - 📏 串口长度数据已更新: L38.979973 -> physical_length=38.979973
2025-09-02 14:46:26.454 | INFO     | Pendulum.PendulumAPP:_processSerialData:121 - 🔄 数据来源: 串口接收 -> PendulumState.physical_length
2025-09-02 14:46:26.501 | INFO     | Pendulum.PendulumAPP:_processSerialData:120 - 📏 串口长度数据已更新: L38.979973 -> physical_length=38.979973
2025-09-02 14:46:26.503 | INFO     | Pendulum.PendulumAPP:_processSerialData:121 - 🔄 数据来源: 串口接收 -> PendulumState.physical_length
2025-09-02 14:46:26.545 | INFO     | Pendulum.PendulumAPP:_processSerialData:120 - 📏 串口长度数据已更新: L38.979973 -> physical_length=38.979973
2025-09-02 14:46:26.546 | INFO     | Pendulum.PendulumAPP:_processSerialData:121 - 🔄 数据来源: 串口接收 -> PendulumState.physical_length
2025-09-02 14:46:26.575 | INFO     | Pendulum.PendulumAPP:_processSerialData:120 - 📏 串口长度数据已更新: L38.979973 -> physical_length=38.979973
2025-09-02 14:46:26.575 | INFO     | Pendulum.PendulumAPP:_processSerialData:121 - 🔄 数据来源: 串口接收 -> PendulumState.physical_length
2025-09-02 14:46:26.622 | INFO     | Pendulum.PendulumAPP:_processSerialData:120 - 📏 串口长度数据已更新: L38.979973 -> physical_length=38.979973
2025-09-02 14:46:26.624 | INFO     | Pendulum.PendulumAPP:_processSerialData:121 - 🔄 数据来源: 串口接收 -> PendulumState.physical_length
2025-09-02 14:46:26.669 | INFO     | Pendulum.PendulumAPP:_processSerialData:120 - 📏 串口长度数据已更新: L38.979973 -> physical_length=38.979973
2025-09-02 14:46:26.671 | INFO     | Pendulum.PendulumAPP:_processSerialData:121 - 🔄 数据来源: 串口接收 -> PendulumState.physical_length
2025-09-02 14:46:26.716 | INFO     | Pendulum.PendulumAPP:_processSerialData:120 - 📏 串口长度数据已更新: L38.979973 -> physical_length=38.979973
2025-09-02 14:46:26.717 | INFO     | Pendulum.PendulumAPP:_processSerialData:121 - 🔄 数据来源: 串口接收 -> PendulumState.physical_length
2025-09-02 14:46:26.762 | INFO     | Pendulum.PendulumAPP:_processSerialData:120 - 📏 串口长度数据已更新: L38.979973 -> physical_length=38.979973
2025-09-02 14:46:26.763 | INFO     | Pendulum.PendulumAPP:_processSerialData:121 - 🔄 数据来源: 串口接收 -> PendulumState.physical_length
2025-09-02 14:46:26.807 | INFO     | Pendulum.PendulumAPP:_processSerialData:120 - 📏 串口长度数据已更新: L38.979973 -> physical_length=38.979973
2025-09-02 14:46:26.808 | INFO     | Pendulum.PendulumAPP:_processSerialData:121 - 🔄 数据来源: 串口接收 -> PendulumState.physical_length
2025-09-02 14:46:26.853 | INFO     | Pendulum.PendulumAPP:_processSerialData:120 - 📏 串口长度数据已更新: L38.979973 -> physical_length=38.979973
2025-09-02 14:46:26.854 | INFO     | Pendulum.PendulumAPP:_processSerialData:121 - 🔄 数据来源: 串口接收 -> PendulumState.physical_length
2025-09-02 14:46:26.900 | INFO     | Pendulum.PendulumAPP:_processSerialData:120 - 📏 串口长度数据已更新: L38.979973 -> physical_length=38.979973
2025-09-02 14:46:26.901 | INFO     | Pendulum.PendulumAPP:_processSerialData:121 - 🔄 数据来源: 串口接收 -> PendulumState.physical_length
2025-09-02 14:46:26.948 | INFO     | Pendulum.PendulumAPP:_processSerialData:120 - 📏 串口长度数据已更新: L38.979973 -> physical_length=38.979973
2025-09-02 14:46:26.949 | INFO     | Pendulum.PendulumAPP:_processSerialData:121 - 🔄 数据来源: 串口接收 -> PendulumState.physical_length
2025-09-02 14:46:26.995 | INFO     | Pendulum.PendulumAPP:_processSerialData:120 - 📏 串口长度数据已更新: L38.979973 -> physical_length=38.979973
2025-09-02 14:46:26.995 | INFO     | Pendulum.PendulumAPP:_processSerialData:121 - 🔄 数据来源: 串口接收 -> PendulumState.physical_length
2025-09-02 14:46:27.041 | INFO     | Pendulum.PendulumAPP:_processSerialData:120 - 📏 串口长度数据已更新: L38.979973 -> physical_length=38.979973
2025-09-02 14:46:27.042 | INFO     | Pendulum.PendulumAPP:_processSerialData:121 - 🔄 数据来源: 串口接收 -> PendulumState.physical_length
2025-09-02 14:46:27.089 | INFO     | Pendulum.PendulumAPP:_processSerialData:120 - 📏 串口长度数据已更新: L38.979973 -> physical_length=38.979973
2025-09-02 14:46:27.091 | INFO     | Pendulum.PendulumAPP:_processSerialData:121 - 🔄 数据来源: 串口接收 -> PendulumState.physical_length
2025-09-02 14:46:27.134 | INFO     | Pendulum.PendulumAPP:_processSerialData:120 - 📏 串口长度数据已更新: L38.979973 -> physical_length=38.979973
2025-09-02 14:46:27.134 | INFO     | Pendulum.PendulumAPP:_processSerialData:121 - 🔄 数据来源: 串口接收 -> PendulumState.physical_length
2025-09-02 14:46:27.182 | INFO     | Pendulum.PendulumAPP:_processSerialData:120 - 📏 串口长度数据已更新: L38.979973 -> physical_length=38.979973
2025-09-02 14:46:27.183 | INFO     | Pendulum.PendulumAPP:_processSerialData:121 - 🔄 数据来源: 串口接收 -> PendulumState.physical_length
2025-09-02 14:46:27.228 | INFO     | Pendulum.PendulumAPP:_processSerialData:120 - 📏 串口长度数据已更新: L38.979973 -> physical_length=38.979973
2025-09-02 14:46:27.229 | INFO     | Pendulum.PendulumAPP:_processSerialData:121 - 🔄 数据来源: 串口接收 -> PendulumState.physical_length
2025-09-02 14:46:27.275 | INFO     | Pendulum.PendulumAPP:_processSerialData:120 - 📏 串口长度数据已更新: L38.979973 -> physical_length=38.979973
2025-09-02 14:46:27.279 | INFO     | Pendulum.PendulumAPP:_processSerialData:121 - 🔄 数据来源: 串口接收 -> PendulumState.physical_length
2025-09-02 14:46:27.322 | INFO     | Pendulum.PendulumAPP:_processSerialData:120 - 📏 串口长度数据已更新: L38.979973 -> physical_length=38.979973
2025-09-02 14:46:27.323 | INFO     | Pendulum.PendulumAPP:_processSerialData:121 - 🔄 数据来源: 串口接收 -> PendulumState.physical_length
2025-09-02 14:46:27.368 | INFO     | Pendulum.PendulumAPP:_processSerialData:120 - 📏 串口长度数据已更新: L38.979973 -> physical_length=38.979973
2025-09-02 14:46:27.369 | INFO     | Pendulum.PendulumAPP:_processSerialData:121 - 🔄 数据来源: 串口接收 -> PendulumState.physical_length
2025-09-02 14:46:27.415 | INFO     | Pendulum.PendulumAPP:_processSerialData:120 - 📏 串口长度数据已更新: L38.979973 -> physical_length=38.979973
2025-09-02 14:46:27.416 | INFO     | Pendulum.PendulumAPP:_processSerialData:121 - 🔄 数据来源: 串口接收 -> PendulumState.physical_length
2025-09-02 14:46:27.461 | INFO     | Pendulum.PendulumAPP:_processSerialData:120 - 📏 串口长度数据已更新: L38.979973 -> physical_length=38.979973
2025-09-02 14:46:27.462 | INFO     | Pendulum.PendulumAPP:_processSerialData:121 - 🔄 数据来源: 串口接收 -> PendulumState.physical_length
2025-09-02 14:46:27.508 | INFO     | Pendulum.PendulumAPP:_processSerialData:120 - 📏 串口长度数据已更新: L38.979973 -> physical_length=38.979973
2025-09-02 14:46:27.510 | INFO     | Pendulum.PendulumAPP:_processSerialData:121 - 🔄 数据来源: 串口接收 -> PendulumState.physical_length
2025-09-02 14:46:27.554 | INFO     | Pendulum.PendulumAPP:_processSerialData:120 - 📏 串口长度数据已更新: L38.979973 -> physical_length=38.979973
2025-09-02 14:46:27.554 | INFO     | Pendulum.PendulumAPP:_processSerialData:121 - 🔄 数据来源: 串口接收 -> PendulumState.physical_length
2025-09-02 14:46:27.601 | INFO     | Pendulum.PendulumAPP:_processSerialData:120 - 📏 串口长度数据已更新: L38.979973 -> physical_length=38.979973
2025-09-02 14:46:27.602 | INFO     | Pendulum.PendulumAPP:_processSerialData:121 - 🔄 数据来源: 串口接收 -> PendulumState.physical_length
2025-09-02 14:46:27.649 | INFO     | Pendulum.PendulumAPP:_processSerialData:120 - 📏 串口长度数据已更新: L38.979973 -> physical_length=38.979973
2025-09-02 14:46:27.650 | INFO     | Pendulum.PendulumAPP:_processSerialData:121 - 🔄 数据来源: 串口接收 -> PendulumState.physical_length
2025-09-02 14:46:27.696 | INFO     | Pendulum.PendulumAPP:_processSerialData:120 - 📏 串口长度数据已更新: L38.979973 -> physical_length=38.979973
2025-09-02 14:46:27.696 | INFO     | Pendulum.PendulumAPP:_processSerialData:121 - 🔄 数据来源: 串口接收 -> PendulumState.physical_length
2025-09-02 14:46:27.743 | INFO     | Pendulum.PendulumAPP:_processSerialData:120 - 📏 串口长度数据已更新: L38.979973 -> physical_length=38.979973
2025-09-02 14:46:27.744 | INFO     | Pendulum.PendulumAPP:_processSerialData:121 - 🔄 数据来源: 串口接收 -> PendulumState.physical_length
2025-09-02 14:46:27.789 | INFO     | Pendulum.PendulumAPP:_processSerialData:120 - 📏 串口长度数据已更新: L38.979973 -> physical_length=38.979973
2025-09-02 14:46:27.790 | INFO     | Pendulum.PendulumAPP:_processSerialData:121 - 🔄 数据来源: 串口接收 -> PendulumState.physical_length
2025-09-02 14:46:27.835 | INFO     | Pendulum.PendulumAPP:_processSerialData:120 - 📏 串口长度数据已更新: L38.979973 -> physical_length=38.979973
2025-09-02 14:46:27.837 | INFO     | Pendulum.PendulumAPP:_processSerialData:121 - 🔄 数据来源: 串口接收 -> PendulumState.physical_length
2025-09-02 14:46:27.882 | INFO     | Pendulum.PendulumAPP:_processSerialData:120 - 📏 串口长度数据已更新: L38.979973 -> physical_length=38.979973
2025-09-02 14:46:27.883 | INFO     | Pendulum.PendulumAPP:_processSerialData:121 - 🔄 数据来源: 串口接收 -> PendulumState.physical_length
2025-09-02 14:46:27.929 | INFO     | Pendulum.PendulumAPP:_processSerialData:120 - 📏 串口长度数据已更新: L38.979973 -> physical_length=38.979973
2025-09-02 14:46:27.930 | INFO     | Pendulum.PendulumAPP:_processSerialData:121 - 🔄 数据来源: 串口接收 -> PendulumState.physical_length
2025-09-02 14:46:27.977 | INFO     | Pendulum.PendulumAPP:_processSerialData:120 - 📏 串口长度数据已更新: L38.979973 -> physical_length=38.979973
2025-09-02 14:46:27.978 | INFO     | Pendulum.PendulumAPP:_processSerialData:121 - 🔄 数据来源: 串口接收 -> PendulumState.physical_length
2025-09-02 14:46:28.022 | INFO     | Pendulum.PendulumAPP:_processSerialData:120 - 📏 串口长度数据已更新: L38.979973 -> physical_length=38.979973
2025-09-02 14:46:28.022 | INFO     | Pendulum.PendulumAPP:_processSerialData:121 - 🔄 数据来源: 串口接收 -> PendulumState.physical_length
2025-09-02 14:46:28.070 | INFO     | Pendulum.PendulumAPP:_processSerialData:120 - 📏 串口长度数据已更新: L38.979973 -> physical_length=38.979973
2025-09-02 14:46:28.070 | INFO     | Pendulum.PendulumAPP:_processSerialData:121 - 🔄 数据来源: 串口接收 -> PendulumState.physical_length
2025-09-02 14:46:28.117 | INFO     | Pendulum.PendulumAPP:_processSerialData:120 - 📏 串口长度数据已更新: L38.979973 -> physical_length=38.979973
2025-09-02 14:46:28.119 | INFO     | Pendulum.PendulumAPP:_processSerialData:121 - 🔄 数据来源: 串口接收 -> PendulumState.physical_length
2025-09-02 14:46:28.163 | INFO     | Pendulum.PendulumAPP:_processSerialData:120 - 📏 串口长度数据已更新: L38.979973 -> physical_length=38.979973
2025-09-02 14:46:28.164 | INFO     | Pendulum.PendulumAPP:_processSerialData:121 - 🔄 数据来源: 串口接收 -> PendulumState.physical_length
2025-09-02 14:46:28.210 | INFO     | Pendulum.PendulumAPP:_processSerialData:120 - 📏 串口长度数据已更新: L38.979973 -> physical_length=38.979973
2025-09-02 14:46:28.212 | INFO     | Pendulum.PendulumAPP:_processSerialData:121 - 🔄 数据来源: 串口接收 -> PendulumState.physical_length
2025-09-02 14:46:28.257 | INFO     | Pendulum.PendulumAPP:_processSerialData:120 - 📏 串口长度数据已更新: L38.979973 -> physical_length=38.979973
2025-09-02 14:46:28.259 | INFO     | Pendulum.PendulumAPP:_processSerialData:121 - 🔄 数据来源: 串口接收 -> PendulumState.physical_length
2025-09-02 14:46:28.303 | INFO     | Pendulum.PendulumAPP:_processSerialData:120 - 📏 串口长度数据已更新: L38.979973 -> physical_length=38.979973
2025-09-02 14:46:28.304 | INFO     | Pendulum.PendulumAPP:_processSerialData:121 - 🔄 数据来源: 串口接收 -> PendulumState.physical_length
2025-09-02 14:46:28.349 | INFO     | Pendulum.PendulumAPP:_processSerialData:120 - 📏 串口长度数据已更新: L38.979973 -> physical_length=38.979973
2025-09-02 14:46:28.352 | INFO     | Pendulum.PendulumAPP:_processSerialData:121 - 🔄 数据来源: 串口接收 -> PendulumState.physical_length
2025-09-02 14:46:28.396 | INFO     | Pendulum.PendulumAPP:_processSerialData:120 - 📏 串口长度数据已更新: L38.979973 -> physical_length=38.979973
2025-09-02 14:46:28.399 | INFO     | Pendulum.PendulumAPP:_processSerialData:121 - 🔄 数据来源: 串口接收 -> PendulumState.physical_length
2025-09-02 14:46:28.441 | INFO     | Pendulum.PendulumAPP:_processSerialData:120 - 📏 串口长度数据已更新: L38.979973 -> physical_length=38.979973
2025-09-02 14:46:28.442 | INFO     | Pendulum.PendulumAPP:_processSerialData:121 - 🔄 数据来源: 串口接收 -> PendulumState.physical_length
2025-09-02 14:46:28.487 | INFO     | Pendulum.PendulumAPP:_processSerialData:120 - 📏 串口长度数据已更新: L38.979973 -> physical_length=38.979973
2025-09-02 14:46:28.488 | INFO     | Pendulum.PendulumAPP:_processSerialData:121 - 🔄 数据来源: 串口接收 -> PendulumState.physical_length
2025-09-02 14:46:28.534 | INFO     | Pendulum.PendulumAPP:_processSerialData:120 - 📏 串口长度数据已更新: L38.979973 -> physical_length=38.979973
2025-09-02 14:46:28.536 | INFO     | Pendulum.PendulumAPP:_processSerialData:121 - 🔄 数据来源: 串口接收 -> PendulumState.physical_length
2025-09-02 14:46:28.581 | INFO     | Pendulum.PendulumAPP:_processSerialData:120 - 📏 串口长度数据已更新: L38.979973 -> physical_length=38.979973
2025-09-02 14:46:28.582 | INFO     | Pendulum.PendulumAPP:_processSerialData:121 - 🔄 数据来源: 串口接收 -> PendulumState.physical_length
2025-09-02 14:46:28.627 | INFO     | Pendulum.PendulumAPP:_processSerialData:120 - 📏 串口长度数据已更新: L38.979973 -> physical_length=38.979973
2025-09-02 14:46:28.628 | INFO     | Pendulum.PendulumAPP:_processSerialData:121 - 🔄 数据来源: 串口接收 -> PendulumState.physical_length
2025-09-02 14:46:28.674 | INFO     | Pendulum.PendulumAPP:_processSerialData:120 - 📏 串口长度数据已更新: L38.979973 -> physical_length=38.979973
2025-09-02 14:46:28.675 | INFO     | Pendulum.PendulumAPP:_processSerialData:121 - 🔄 数据来源: 串口接收 -> PendulumState.physical_length
2025-09-02 14:46:28.720 | INFO     | Pendulum.PendulumAPP:_processSerialData:120 - 📏 串口长度数据已更新: L38.979973 -> physical_length=38.979973
2025-09-02 14:46:28.721 | INFO     | Pendulum.PendulumAPP:_processSerialData:121 - 🔄 数据来源: 串口接收 -> PendulumState.physical_length
2025-09-02 14:46:28.782 | INFO     | Pendulum.PendulumAPP:_processSerialData:120 - 📏 串口长度数据已更新: L38.979973 -> physical_length=38.979973
2025-09-02 14:46:28.783 | INFO     | Pendulum.PendulumAPP:_processSerialData:121 - 🔄 数据来源: 串口接收 -> PendulumState.physical_length
2025-09-02 14:46:28.822 | INFO     | Pendulum.PendulumAPP:_keyEventWeb:274 - u0
2025-09-02 14:46:28.823 | INFO     | Pendulum.SerialConncet:send:199 - sendu0
2025-09-02 14:46:28.825 | INFO     | Pendulum.SerialConncet:send:201 - [发送] u0
2025-09-02 14:46:28.829 | INFO     | Pendulum.PendulumAPP:_processSerialData:120 - 📏 串口长度数据已更新: L38.979973 -> physical_length=38.979973
2025-09-02 14:46:28.830 | INFO     | Pendulum.PendulumAPP:_processSerialData:121 - 🔄 数据来源: 串口接收 -> PendulumState.physical_length
2025-09-02 14:46:28.876 | INFO     | Pendulum.PendulumAPP:_processSerialData:120 - 📏 串口长度数据已更新: L38.979973 -> physical_length=38.979973
2025-09-02 14:46:28.877 | INFO     | Pendulum.PendulumAPP:_processSerialData:121 - 🔄 数据来源: 串口接收 -> PendulumState.physical_length
2025-09-02 14:46:28.922 | INFO     | Pendulum.PendulumAPP:_processSerialData:120 - 📏 串口长度数据已更新: L38.979973 -> physical_length=38.979973
2025-09-02 14:46:28.923 | INFO     | Pendulum.PendulumAPP:_processSerialData:121 - 🔄 数据来源: 串口接收 -> PendulumState.physical_length
2025-09-02 14:46:28.970 | INFO     | Pendulum.PendulumAPP:_processSerialData:120 - 📏 串口长度数据已更新: L38.979973 -> physical_length=38.979973
2025-09-02 14:46:28.970 | INFO     | Pendulum.PendulumAPP:_processSerialData:121 - 🔄 数据来源: 串口接收 -> PendulumState.physical_length
2025-09-02 14:46:29.017 | INFO     | Pendulum.PendulumAPP:_processSerialData:120 - 📏 串口长度数据已更新: L38.979973 -> physical_length=38.979973
2025-09-02 14:46:29.018 | INFO     | Pendulum.PendulumAPP:_processSerialData:121 - 🔄 数据来源: 串口接收 -> PendulumState.physical_length
2025-09-02 14:46:29.066 | INFO     | Pendulum.PendulumAPP:_processSerialData:120 - 📏 串口长度数据已更新: L38.979973 -> physical_length=38.979973
2025-09-02 14:46:29.067 | INFO     | Pendulum.PendulumAPP:_processSerialData:121 - 🔄 数据来源: 串口接收 -> PendulumState.physical_length
2025-09-02 14:46:29.112 | INFO     | Pendulum.PendulumAPP:_processSerialData:120 - 📏 串口长度数据已更新: L38.979973 -> physical_length=38.979973
2025-09-02 14:46:29.113 | INFO     | Pendulum.PendulumAPP:_processSerialData:121 - 🔄 数据来源: 串口接收 -> PendulumState.physical_length
2025-09-02 14:46:29.158 | INFO     | Pendulum.PendulumAPP:_processSerialData:120 - 📏 串口长度数据已更新: L38.979973 -> physical_length=38.979973
2025-09-02 14:46:29.158 | INFO     | Pendulum.PendulumAPP:_processSerialData:121 - 🔄 数据来源: 串口接收 -> PendulumState.physical_length
2025-09-02 14:46:29.203 | INFO     | Pendulum.PendulumAPP:_processSerialData:120 - 📏 串口长度数据已更新: L38.979973 -> physical_length=38.979973
2025-09-02 14:46:29.204 | INFO     | Pendulum.PendulumAPP:_processSerialData:121 - 🔄 数据来源: 串口接收 -> PendulumState.physical_length
2025-09-02 14:46:29.250 | INFO     | Pendulum.PendulumAPP:_processSerialData:120 - 📏 串口长度数据已更新: L38.979973 -> physical_length=38.979973
2025-09-02 14:46:29.251 | INFO     | Pendulum.PendulumAPP:_processSerialData:121 - 🔄 数据来源: 串口接收 -> PendulumState.physical_length
2025-09-02 14:46:29.296 | INFO     | Pendulum.PendulumAPP:_processSerialData:120 - 📏 串口长度数据已更新: L38.979973 -> physical_length=38.979973
2025-09-02 14:46:29.298 | INFO     | Pendulum.PendulumAPP:_processSerialData:121 - 🔄 数据来源: 串口接收 -> PendulumState.physical_length
2025-09-02 14:46:29.343 | INFO     | Pendulum.PendulumAPP:_processSerialData:120 - 📏 串口长度数据已更新: L38.979973 -> physical_length=38.979973
2025-09-02 14:46:29.344 | INFO     | Pendulum.PendulumAPP:_processSerialData:121 - 🔄 数据来源: 串口接收 -> PendulumState.physical_length
2025-09-02 14:46:29.388 | INFO     | Pendulum.PendulumAPP:_processSerialData:120 - 📏 串口长度数据已更新: L38.979973 -> physical_length=38.979973
2025-09-02 14:46:29.389 | INFO     | Pendulum.PendulumAPP:_processSerialData:121 - 🔄 数据来源: 串口接收 -> PendulumState.physical_length
2025-09-02 14:46:29.435 | INFO     | Pendulum.PendulumAPP:_processSerialData:120 - 📏 串口长度数据已更新: L38.979973 -> physical_length=38.979973
2025-09-02 14:46:29.436 | INFO     | Pendulum.PendulumAPP:_processSerialData:121 - 🔄 数据来源: 串口接收 -> PendulumState.physical_length
2025-09-02 14:46:29.481 | INFO     | Pendulum.PendulumAPP:_processSerialData:120 - 📏 串口长度数据已更新: L38.979973 -> physical_length=38.979973
2025-09-02 14:46:29.484 | INFO     | Pendulum.PendulumAPP:_processSerialData:121 - 🔄 数据来源: 串口接收 -> PendulumState.physical_length
2025-09-02 14:46:29.528 | INFO     | Pendulum.PendulumAPP:_processSerialData:120 - 📏 串口长度数据已更新: L38.979973 -> physical_length=38.979973
2025-09-02 14:46:29.528 | INFO     | Pendulum.PendulumAPP:_processSerialData:121 - 🔄 数据来源: 串口接收 -> PendulumState.physical_length
2025-09-02 14:46:29.576 | INFO     | Pendulum.PendulumAPP:_processSerialData:120 - 📏 串口长度数据已更新: L38.979973 -> physical_length=38.979973
2025-09-02 14:46:29.577 | INFO     | Pendulum.PendulumAPP:_processSerialData:121 - 🔄 数据来源: 串口接收 -> PendulumState.physical_length
2025-09-02 14:46:29.621 | INFO     | Pendulum.PendulumAPP:_processSerialData:120 - 📏 串口长度数据已更新: L38.979973 -> physical_length=38.979973
2025-09-02 14:46:29.622 | INFO     | Pendulum.PendulumAPP:_processSerialData:121 - 🔄 数据来源: 串口接收 -> PendulumState.physical_length
2025-09-02 14:46:29.668 | INFO     | Pendulum.PendulumAPP:_processSerialData:120 - 📏 串口长度数据已更新: L38.979973 -> physical_length=38.979973
2025-09-02 14:46:29.669 | INFO     | Pendulum.PendulumAPP:_processSerialData:121 - 🔄 数据来源: 串口接收 -> PendulumState.physical_length
2025-09-02 14:46:29.716 | INFO     | Pendulum.PendulumAPP:_processSerialData:120 - 📏 串口长度数据已更新: L38.979973 -> physical_length=38.979973
2025-09-02 14:46:29.717 | INFO     | Pendulum.PendulumAPP:_processSerialData:121 - 🔄 数据来源: 串口接收 -> PendulumState.physical_length
2025-09-02 14:46:29.763 | INFO     | Pendulum.PendulumAPP:_processSerialData:120 - 📏 串口长度数据已更新: L38.979973 -> physical_length=38.979973
2025-09-02 14:46:29.764 | INFO     | Pendulum.PendulumAPP:_processSerialData:121 - 🔄 数据来源: 串口接收 -> PendulumState.physical_length
2025-09-02 14:46:29.813 | INFO     | Pendulum.PendulumAPP:_processSerialData:120 - 📏 串口长度数据已更新: L38.979973 -> physical_length=38.979973
2025-09-02 14:46:29.815 | INFO     | Pendulum.PendulumAPP:_processSerialData:121 - 🔄 数据来源: 串口接收 -> PendulumState.physical_length
2025-09-02 14:46:29.846 | INFO     | Pendulum.PendulumAPP:_keyEventWeb:252 - 清除数据
2025-09-02 14:46:29.847 | INFO     | Pendulum.SerialConncet:send:199 - sendr
2025-09-02 14:46:29.848 | INFO     | Pendulum.SerialConncet:send:201 - [发送] r
2025-09-02 14:46:29.851 | INFO     | Pendulum.SerialConncet:_run:176 - [接收] R
2025-09-02 14:46:29.898 | INFO     | Pendulum.PendulumAPP:_keyEventWeb:286 - d0
2025-09-02 14:46:29.898 | INFO     | Pendulum.SerialConncet:send:199 - sendd0
2025-09-02 14:46:29.899 | INFO     | Pendulum.SerialConncet:send:201 - [发送] d0
2025-09-02 14:46:32.677 | INFO     | Pendulum.SerialConncet:_run:176 - [接收] T0.000000,0.000000,0.000000
2025-09-02 14:46:35.176 | INFO     | Pendulum.SerialConncet:_run:176 - [接收] T1.000000,1.255812,1.255812
2025-09-02 14:46:35.179 | INFO     | Pendulum.SerialConncet:_run:176 - [接收] L38.969196
2025-09-02 14:46:35.195 | INFO     | Pendulum.PendulumAPP:_processSerialData:120 - 📏 串口长度数据已更新: L38.969196 -> physical_length=38.969196
2025-09-02 14:46:35.196 | INFO     | Pendulum.PendulumAPP:_processSerialData:121 - 🔄 数据来源: 串口接收 -> PendulumState.physical_length
2025-09-02 14:46:35.242 | INFO     | Pendulum.PendulumAPP:_processSerialData:120 - 📏 串口长度数据已更新: L38.969196 -> physical_length=38.969196
2025-09-02 14:46:35.244 | INFO     | Pendulum.PendulumAPP:_processSerialData:121 - 🔄 数据来源: 串口接收 -> PendulumState.physical_length
2025-09-02 14:46:35.287 | INFO     | Pendulum.PendulumAPP:_processSerialData:120 - 📏 串口长度数据已更新: L38.969196 -> physical_length=38.969196
2025-09-02 14:46:35.288 | INFO     | Pendulum.PendulumAPP:_processSerialData:121 - 🔄 数据来源: 串口接收 -> PendulumState.physical_length
2025-09-02 14:46:35.334 | INFO     | Pendulum.PendulumAPP:_processSerialData:120 - 📏 串口长度数据已更新: L38.969196 -> physical_length=38.969196
2025-09-02 14:46:35.336 | INFO     | Pendulum.PendulumAPP:_processSerialData:121 - 🔄 数据来源: 串口接收 -> PendulumState.physical_length
2025-09-02 14:46:35.381 | INFO     | Pendulum.PendulumAPP:_processSerialData:120 - 📏 串口长度数据已更新: L38.969196 -> physical_length=38.969196
2025-09-02 14:46:35.382 | INFO     | Pendulum.PendulumAPP:_processSerialData:121 - 🔄 数据来源: 串口接收 -> PendulumState.physical_length
2025-09-02 14:46:35.428 | INFO     | Pendulum.PendulumAPP:_processSerialData:120 - 📏 串口长度数据已更新: L38.969196 -> physical_length=38.969196
2025-09-02 14:46:35.429 | INFO     | Pendulum.PendulumAPP:_processSerialData:121 - 🔄 数据来源: 串口接收 -> PendulumState.physical_length
2025-09-02 14:46:35.473 | INFO     | Pendulum.PendulumAPP:_processSerialData:120 - 📏 串口长度数据已更新: L38.969196 -> physical_length=38.969196
2025-09-02 14:46:35.474 | INFO     | Pendulum.PendulumAPP:_processSerialData:121 - 🔄 数据来源: 串口接收 -> PendulumState.physical_length
2025-09-02 14:46:35.520 | INFO     | Pendulum.PendulumAPP:_processSerialData:120 - 📏 串口长度数据已更新: L38.969196 -> physical_length=38.969196
2025-09-02 14:46:35.520 | INFO     | Pendulum.PendulumAPP:_processSerialData:121 - 🔄 数据来源: 串口接收 -> PendulumState.physical_length
2025-09-02 14:46:35.566 | INFO     | Pendulum.PendulumAPP:_processSerialData:120 - 📏 串口长度数据已更新: L38.969196 -> physical_length=38.969196
2025-09-02 14:46:35.568 | INFO     | Pendulum.PendulumAPP:_processSerialData:121 - 🔄 数据来源: 串口接收 -> PendulumState.physical_length
2025-09-02 14:46:35.613 | INFO     | Pendulum.PendulumAPP:_processSerialData:120 - 📏 串口长度数据已更新: L38.969196 -> physical_length=38.969196
2025-09-02 14:46:35.614 | INFO     | Pendulum.PendulumAPP:_processSerialData:121 - 🔄 数据来源: 串口接收 -> PendulumState.physical_length
2025-09-02 14:46:35.659 | INFO     | Pendulum.PendulumAPP:_processSerialData:120 - 📏 串口长度数据已更新: L38.969196 -> physical_length=38.969196
2025-09-02 14:46:35.660 | INFO     | Pendulum.PendulumAPP:_processSerialData:121 - 🔄 数据来源: 串口接收 -> PendulumState.physical_length
2025-09-02 14:46:35.706 | INFO     | Pendulum.PendulumAPP:_processSerialData:120 - 📏 串口长度数据已更新: L38.969196 -> physical_length=38.969196
2025-09-02 14:46:35.706 | INFO     | Pendulum.PendulumAPP:_processSerialData:121 - 🔄 数据来源: 串口接收 -> PendulumState.physical_length
2025-09-02 14:46:35.752 | INFO     | Pendulum.PendulumAPP:_processSerialData:120 - 📏 串口长度数据已更新: L38.969196 -> physical_length=38.969196
2025-09-02 14:46:35.752 | INFO     | Pendulum.PendulumAPP:_processSerialData:121 - 🔄 数据来源: 串口接收 -> PendulumState.physical_length
2025-09-02 14:46:35.799 | INFO     | Pendulum.PendulumAPP:_processSerialData:120 - 📏 串口长度数据已更新: L38.969196 -> physical_length=38.969196
2025-09-02 14:46:35.800 | INFO     | Pendulum.PendulumAPP:_processSerialData:121 - 🔄 数据来源: 串口接收 -> PendulumState.physical_length
2025-09-02 14:46:35.846 | INFO     | Pendulum.PendulumAPP:_processSerialData:120 - 📏 串口长度数据已更新: L38.969196 -> physical_length=38.969196
2025-09-02 14:46:35.847 | INFO     | Pendulum.PendulumAPP:_processSerialData:121 - 🔄 数据来源: 串口接收 -> PendulumState.physical_length
2025-09-02 14:46:35.892 | INFO     | Pendulum.PendulumAPP:_processSerialData:120 - 📏 串口长度数据已更新: L38.969196 -> physical_length=38.969196
2025-09-02 14:46:35.893 | INFO     | Pendulum.PendulumAPP:_processSerialData:121 - 🔄 数据来源: 串口接收 -> PendulumState.physical_length
2025-09-02 14:46:35.938 | INFO     | Pendulum.PendulumAPP:_processSerialData:120 - 📏 串口长度数据已更新: L38.969196 -> physical_length=38.969196
2025-09-02 14:46:35.939 | INFO     | Pendulum.PendulumAPP:_processSerialData:121 - 🔄 数据来源: 串口接收 -> PendulumState.physical_length
2025-09-02 14:46:35.985 | INFO     | Pendulum.PendulumAPP:_processSerialData:120 - 📏 串口长度数据已更新: L38.969196 -> physical_length=38.969196
2025-09-02 14:46:35.986 | INFO     | Pendulum.PendulumAPP:_processSerialData:121 - 🔄 数据来源: 串口接收 -> PendulumState.physical_length
2025-09-02 14:46:36.031 | INFO     | Pendulum.PendulumAPP:_processSerialData:120 - 📏 串口长度数据已更新: L38.969196 -> physical_length=38.969196
2025-09-02 14:46:36.032 | INFO     | Pendulum.PendulumAPP:_processSerialData:121 - 🔄 数据来源: 串口接收 -> PendulumState.physical_length
2025-09-02 14:46:36.078 | INFO     | Pendulum.PendulumAPP:_processSerialData:120 - 📏 串口长度数据已更新: L38.969196 -> physical_length=38.969196
2025-09-02 14:46:36.080 | INFO     | Pendulum.PendulumAPP:_processSerialData:121 - 🔄 数据来源: 串口接收 -> PendulumState.physical_length
2025-09-02 14:46:36.123 | INFO     | Pendulum.PendulumAPP:_processSerialData:120 - 📏 串口长度数据已更新: L38.969196 -> physical_length=38.969196
2025-09-02 14:46:36.127 | INFO     | Pendulum.PendulumAPP:_processSerialData:121 - 🔄 数据来源: 串口接收 -> PendulumState.physical_length
2025-09-02 14:46:36.170 | INFO     | Pendulum.PendulumAPP:_processSerialData:120 - 📏 串口长度数据已更新: L38.969196 -> physical_length=38.969196
2025-09-02 14:46:36.172 | INFO     | Pendulum.PendulumAPP:_processSerialData:121 - 🔄 数据来源: 串口接收 -> PendulumState.physical_length
2025-09-02 14:46:36.217 | INFO     | Pendulum.PendulumAPP:_processSerialData:120 - 📏 串口长度数据已更新: L38.969196 -> physical_length=38.969196
2025-09-02 14:46:36.218 | INFO     | Pendulum.PendulumAPP:_processSerialData:121 - 🔄 数据来源: 串口接收 -> PendulumState.physical_length
2025-09-02 14:46:36.264 | INFO     | Pendulum.PendulumAPP:_processSerialData:120 - 📏 串口长度数据已更新: L38.969196 -> physical_length=38.969196
2025-09-02 14:46:36.265 | INFO     | Pendulum.PendulumAPP:_processSerialData:121 - 🔄 数据来源: 串口接收 -> PendulumState.physical_length
2025-09-02 14:46:36.311 | INFO     | Pendulum.PendulumAPP:_processSerialData:120 - 📏 串口长度数据已更新: L38.969196 -> physical_length=38.969196
2025-09-02 14:46:36.312 | INFO     | Pendulum.PendulumAPP:_processSerialData:121 - 🔄 数据来源: 串口接收 -> PendulumState.physical_length
2025-09-02 14:46:36.358 | INFO     | Pendulum.PendulumAPP:_processSerialData:120 - 📏 串口长度数据已更新: L38.969196 -> physical_length=38.969196
2025-09-02 14:46:36.359 | INFO     | Pendulum.PendulumAPP:_processSerialData:121 - 🔄 数据来源: 串口接收 -> PendulumState.physical_length
2025-09-02 14:46:36.404 | INFO     | Pendulum.PendulumAPP:_processSerialData:120 - 📏 串口长度数据已更新: L38.969196 -> physical_length=38.969196
2025-09-02 14:46:36.406 | INFO     | Pendulum.PendulumAPP:_processSerialData:121 - 🔄 数据来源: 串口接收 -> PendulumState.physical_length
2025-09-02 14:46:36.431 | INFO     | Pendulum.SerialConncet:_run:176 - [接收] T2.000000,1.253891,2.509703
2025-09-02 14:46:37.680 | INFO     | Pendulum.SerialConncet:_run:176 - [接收] T3.000000,1.255308,3.765011
2025-09-02 14:46:38.927 | INFO     | Pendulum.SerialConncet:_run:176 - [接收] T4.000000,1.255246,5.020257
2025-09-02 14:46:40.177 | INFO     | Pendulum.SerialConncet:_run:176 - [接收] T5.000000,1.254038,6.274295
2025-09-02 14:46:41.428 | INFO     | Pendulum.SerialConncet:_run:176 - [接收] T6.000000,1.254912,7.529207
2025-09-02 14:46:42.678 | INFO     | Pendulum.SerialConncet:_run:176 - [接收] T7.000000,1.255449,8.784656
2025-09-02 14:46:43.929 | INFO     | Pendulum.SerialConncet:_run:176 - [接收] T8.000000,1.254048,10.038704
2025-09-02 14:46:45.179 | INFO     | Pendulum.SerialConncet:_run:176 - [接收] T9.000000,1.254869,11.293573
2025-09-02 14:46:46.431 | INFO     | Pendulum.SerialConncet:_run:176 - [接收] T10.000000,1.251558,12.545131
2025-09-02 14:46:47.686 | INFO     | Pendulum.SerialConncet:_run:176 - [接收] T11.000000,1.254283,13.799414
2025-09-02 14:46:48.930 | INFO     | Pendulum.SerialConncet:_run:176 - [接收] T12.000000,1.254962,15.054376
2025-09-02 14:46:50.180 | INFO     | Pendulum.SerialConncet:_run:176 - [接收] T13.000000,1.254601,16.308975
2025-09-02 14:46:51.431 | INFO     | Pendulum.SerialConncet:_run:176 - [接收] T14.000000,1.255204,17.564178
2025-09-02 14:46:52.681 | INFO     | Pendulum.SerialConncet:_run:176 - [接收] T15.000000,1.254338,18.818516
2025-09-02 14:46:53.931 | INFO     | Pendulum.SerialConncet:_run:176 - [接收] T16.000000,1.254982,20.073498
2025-09-02 14:46:55.185 | INFO     | Pendulum.SerialConncet:_run:176 - [接收] T17.000000,1.255349,21.328846
2025-09-02 14:46:56.430 | INFO     | Pendulum.SerialConncet:_run:176 - [接收] T18.000000,1.255767,22.584614
2025-09-02 14:46:57.681 | INFO     | Pendulum.SerialConncet:_run:176 - [接收] T19.000000,1.255005,23.839619
2025-09-02 14:46:58.930 | INFO     | Pendulum.SerialConncet:_run:176 - [接收] T20.000000,1.251677,25.091295
2025-09-02 14:47:24.838 | INFO     | Pendulum.PendulumAPP:_keyEventWeb:277 - n2
2025-09-02 14:47:24.839 | INFO     | Pendulum.SerialConncet:send:199 - sendn2
2025-09-02 14:47:24.840 | INFO     | Pendulum.SerialConncet:send:201 - [发送] n2
2025-09-02 14:47:28.524 | INFO     | Pendulum.PendulumAPP:_keyEventWeb:283 - n0
2025-09-02 14:47:28.525 | INFO     | Pendulum.SerialConncet:send:199 - sendn0
2025-09-02 14:47:28.527 | INFO     | Pendulum.SerialConncet:send:201 - [发送] n0
2025-09-02 14:47:29.576 | INFO     | Pendulum.PendulumAPP:_keyEventWeb:246 - ↓
2025-09-02 14:47:29.577 | INFO     | Pendulum.SerialConncet:send:199 - sendm1
2025-09-02 14:47:29.579 | INFO     | Pendulum.SerialConncet:send:201 - [发送] m1
2025-09-02 14:47:29.602 | INFO     | Pendulum.SerialConncet:_run:176 - [接收] L38.994717
2025-09-02 14:47:29.623 | INFO     | Pendulum.SerialConncet:_run:176 - [接收] L39.020241
2025-09-02 14:47:29.641 | INFO     | Pendulum.PendulumAPP:_processSerialData:120 - 📏 串口长度数据已更新: L39.020241 -> physical_length=39.020241
2025-09-02 14:47:29.642 | INFO     | Pendulum.PendulumAPP:_processSerialData:121 - 🔄 数据来源: 串口接收 -> PendulumState.physical_length
2025-09-02 14:47:29.647 | INFO     | Pendulum.SerialConncet:_run:176 - [接收] L39.045761
2025-09-02 14:47:29.665 | INFO     | Pendulum.SerialConncet:_run:176 - [接收] L39.071281
2025-09-02 14:47:29.686 | INFO     | Pendulum.SerialConncet:_run:176 - [接收] L39.096802
2025-09-02 14:47:29.688 | INFO     | Pendulum.PendulumAPP:_processSerialData:120 - 📏 串口长度数据已更新: L39.096802 -> physical_length=39.096802
2025-09-02 14:47:29.688 | INFO     | Pendulum.PendulumAPP:_processSerialData:121 - 🔄 数据来源: 串口接收 -> PendulumState.physical_length
2025-09-02 14:47:29.707 | INFO     | Pendulum.SerialConncet:_run:176 - [接收] L39.122322
2025-09-02 14:47:29.728 | INFO     | Pendulum.SerialConncet:_run:176 - [接收] L39.147842
2025-09-02 14:47:29.734 | INFO     | Pendulum.PendulumAPP:_processSerialData:120 - 📏 串口长度数据已更新: L39.147842 -> physical_length=39.147842
2025-09-02 14:47:29.735 | INFO     | Pendulum.PendulumAPP:_processSerialData:121 - 🔄 数据来源: 串口接收 -> PendulumState.physical_length
2025-09-02 14:47:29.748 | INFO     | Pendulum.SerialConncet:_run:176 - [接收] L39.173363
2025-09-02 14:47:29.773 | INFO     | Pendulum.SerialConncet:_run:176 - [接收] L39.198887
2025-09-02 14:47:29.780 | INFO     | Pendulum.PendulumAPP:_processSerialData:120 - 📏 串口长度数据已更新: L39.198887 -> physical_length=39.198887
2025-09-02 14:47:29.781 | INFO     | Pendulum.PendulumAPP:_processSerialData:121 - 🔄 数据来源: 串口接收 -> PendulumState.physical_length
2025-09-02 14:47:29.790 | INFO     | Pendulum.SerialConncet:_run:176 - [接收] L39.224407
2025-09-02 14:47:29.812 | INFO     | Pendulum.SerialConncet:_run:176 - [接收] L39.249928
2025-09-02 14:47:29.826 | INFO     | Pendulum.PendulumAPP:_processSerialData:120 - 📏 串口长度数据已更新: L39.249928 -> physical_length=39.249928
2025-09-02 14:47:29.827 | INFO     | Pendulum.PendulumAPP:_processSerialData:121 - 🔄 数据来源: 串口接收 -> PendulumState.physical_length
2025-09-02 14:47:29.832 | INFO     | Pendulum.SerialConncet:_run:176 - [接收] L39.275448
2025-09-02 14:47:29.853 | INFO     | Pendulum.SerialConncet:_run:176 - [接收] L39.300968
2025-09-02 14:47:29.874 | INFO     | Pendulum.PendulumAPP:_processSerialData:120 - 📏 串口长度数据已更新: L39.300968 -> physical_length=39.300968
2025-09-02 14:47:29.875 | INFO     | Pendulum.PendulumAPP:_processSerialData:121 - 🔄 数据来源: 串口接收 -> PendulumState.physical_length
2025-09-02 14:47:29.890 | INFO     | Pendulum.SerialConncet:_run:176 - [接收] L39.326488
2025-09-02 14:47:29.895 | INFO     | Pendulum.SerialConncet:_run:176 - [接收] L39.352013
2025-09-02 14:47:29.917 | INFO     | Pendulum.SerialConncet:_run:176 - [接收] L39.377533
2025-09-02 14:47:29.919 | INFO     | Pendulum.PendulumAPP:_processSerialData:120 - 📏 串口长度数据已更新: L39.377533 -> physical_length=39.377533
2025-09-02 14:47:29.921 | INFO     | Pendulum.PendulumAPP:_processSerialData:121 - 🔄 数据来源: 串口接收 -> PendulumState.physical_length
2025-09-02 14:47:29.938 | INFO     | Pendulum.SerialConncet:_run:176 - [接收] L39.403053
2025-09-02 14:47:29.959 | INFO     | Pendulum.SerialConncet:_run:176 - [接收] L39.428577
2025-09-02 14:47:29.965 | INFO     | Pendulum.PendulumAPP:_processSerialData:120 - 📏 串口长度数据已更新: L39.428577 -> physical_length=39.428577
2025-09-02 14:47:29.970 | INFO     | Pendulum.PendulumAPP:_processSerialData:121 - 🔄 数据来源: 串口接收 -> PendulumState.physical_length
2025-09-02 14:47:29.978 | INFO     | Pendulum.SerialConncet:_run:176 - [接收] L39.454098
2025-09-02 14:47:30.000 | INFO     | Pendulum.SerialConncet:_run:176 - [接收] L39.479614
2025-09-02 14:47:30.012 | INFO     | Pendulum.PendulumAPP:_processSerialData:120 - 📏 串口长度数据已更新: L39.479614 -> physical_length=39.479614
2025-09-02 14:47:30.016 | INFO     | Pendulum.PendulumAPP:_processSerialData:121 - 🔄 数据来源: 串口接收 -> PendulumState.physical_length
2025-09-02 14:47:30.020 | INFO     | Pendulum.SerialConncet:_run:176 - [接收] L39.505138
2025-09-02 14:47:30.041 | INFO     | Pendulum.SerialConncet:_run:176 - [接收] L39.530659
2025-09-02 14:47:30.062 | INFO     | Pendulum.PendulumAPP:_processSerialData:120 - 📏 串口长度数据已更新: L39.530659 -> physical_length=39.530659
2025-09-02 14:47:30.063 | INFO     | Pendulum.PendulumAPP:_processSerialData:121 - 🔄 数据来源: 串口接收 -> PendulumState.physical_length
2025-09-02 14:47:30.068 | INFO     | Pendulum.SerialConncet:_run:176 - [接收] L39.556179
2025-09-02 14:47:30.085 | INFO     | Pendulum.SerialConncet:_run:176 - [接收] L39.581703
2025-09-02 14:47:30.103 | INFO     | Pendulum.SerialConncet:_run:176 - [接收] L39.607224
2025-09-02 14:47:30.105 | INFO     | Pendulum.PendulumAPP:_processSerialData:120 - 📏 串口长度数据已更新: L39.607224 -> physical_length=39.607224
2025-09-02 14:47:30.106 | INFO     | Pendulum.PendulumAPP:_processSerialData:121 - 🔄 数据来源: 串口接收 -> PendulumState.physical_length
2025-09-02 14:47:30.126 | INFO     | Pendulum.SerialConncet:_run:176 - [接收] L39.632744
2025-09-02 14:47:30.146 | INFO     | Pendulum.SerialConncet:_run:176 - [接收] L39.658264
2025-09-02 14:47:30.151 | INFO     | Pendulum.PendulumAPP:_processSerialData:120 - 📏 串口长度数据已更新: L39.658264 -> physical_length=39.658264
2025-09-02 14:47:30.152 | INFO     | Pendulum.PendulumAPP:_processSerialData:121 - 🔄 数据来源: 串口接收 -> PendulumState.physical_length
2025-09-02 14:47:30.168 | INFO     | Pendulum.SerialConncet:_run:176 - [接收] L39.683784
2025-09-02 14:47:30.188 | INFO     | Pendulum.SerialConncet:_run:176 - [接收] L39.709305
2025-09-02 14:47:30.198 | INFO     | Pendulum.PendulumAPP:_processSerialData:120 - 📏 串口长度数据已更新: L39.709305 -> physical_length=39.709305
2025-09-02 14:47:30.199 | INFO     | Pendulum.PendulumAPP:_processSerialData:121 - 🔄 数据来源: 串口接收 -> PendulumState.physical_length
2025-09-02 14:47:30.209 | INFO     | Pendulum.SerialConncet:_run:176 - [接收] L39.734825
2025-09-02 14:47:30.229 | INFO     | Pendulum.SerialConncet:_run:176 - [接收] L39.760349
2025-09-02 14:47:30.244 | INFO     | Pendulum.PendulumAPP:_processSerialData:120 - 📏 串口长度数据已更新: L39.760349 -> physical_length=39.760349
2025-09-02 14:47:30.245 | INFO     | Pendulum.PendulumAPP:_processSerialData:121 - 🔄 数据来源: 串口接收 -> PendulumState.physical_length
2025-09-02 14:47:30.250 | INFO     | Pendulum.SerialConncet:_run:176 - [接收] L39.785870
2025-09-02 14:47:30.274 | INFO     | Pendulum.SerialConncet:_run:176 - [接收] L39.811390
2025-09-02 14:47:30.291 | INFO     | Pendulum.PendulumAPP:_processSerialData:120 - 📏 串口长度数据已更新: L39.811390 -> physical_length=39.811390
2025-09-02 14:47:30.292 | INFO     | Pendulum.PendulumAPP:_processSerialData:121 - 🔄 数据来源: 串口接收 -> PendulumState.physical_length
2025-09-02 14:47:30.294 | INFO     | Pendulum.SerialConncet:_run:176 - [接收] L39.836910
2025-09-02 14:47:30.314 | INFO     | Pendulum.SerialConncet:_run:176 - [接收] L39.862431
2025-09-02 14:47:30.335 | INFO     | Pendulum.SerialConncet:_run:176 - [接收] L39.887951
2025-09-02 14:47:30.336 | INFO     | Pendulum.PendulumAPP:_processSerialData:120 - 📏 串口长度数据已更新: L39.887951 -> physical_length=39.887951
2025-09-02 14:47:30.338 | INFO     | Pendulum.PendulumAPP:_processSerialData:121 - 🔄 数据来源: 串口接收 -> PendulumState.physical_length
2025-09-02 14:47:30.355 | INFO     | Pendulum.SerialConncet:_run:176 - [接收] L39.913475
2025-09-02 14:47:30.376 | INFO     | Pendulum.SerialConncet:_run:176 - [接收] L39.938995
2025-09-02 14:47:30.384 | INFO     | Pendulum.PendulumAPP:_processSerialData:120 - 📏 串口长度数据已更新: L39.938995 -> physical_length=39.938995
2025-09-02 14:47:30.384 | INFO     | Pendulum.PendulumAPP:_processSerialData:121 - 🔄 数据来源: 串口接收 -> PendulumState.physical_length
2025-09-02 14:47:30.400 | INFO     | Pendulum.SerialConncet:_run:176 - [接收] L39.964516
2025-09-02 14:47:30.419 | INFO     | Pendulum.SerialConncet:_run:176 - [接收] L39.990036
2025-09-02 14:47:30.431 | INFO     | Pendulum.PendulumAPP:_processSerialData:120 - 📏 串口长度数据已更新: L39.990036 -> physical_length=39.990036
2025-09-02 14:47:30.433 | INFO     | Pendulum.PendulumAPP:_processSerialData:121 - 🔄 数据来源: 串口接收 -> PendulumState.physical_length
2025-09-02 14:47:30.438 | INFO     | Pendulum.SerialConncet:_run:176 - [接收] L40.015560
2025-09-02 14:47:30.463 | INFO     | Pendulum.SerialConncet:_run:176 - [接收] L40.041077
2025-09-02 14:47:30.476 | INFO     | Pendulum.PendulumAPP:_processSerialData:120 - 📏 串口长度数据已更新: L40.041077 -> physical_length=40.041077
2025-09-02 14:47:30.477 | INFO     | Pendulum.PendulumAPP:_processSerialData:121 - 🔄 数据来源: 串口接收 -> PendulumState.physical_length
2025-09-02 14:47:30.480 | INFO     | Pendulum.SerialConncet:_run:176 - [接收] L40.066597
2025-09-02 14:47:30.502 | INFO     | Pendulum.SerialConncet:_run:176 - [接收] L40.092121
2025-09-02 14:47:30.523 | INFO     | Pendulum.SerialConncet:_run:176 - [接收] L40.117641
2025-09-02 14:47:30.524 | INFO     | Pendulum.PendulumAPP:_processSerialData:120 - 📏 串口长度数据已更新: L40.092121 -> physical_length=40.092121
2025-09-02 14:47:30.529 | INFO     | Pendulum.PendulumAPP:_processSerialData:121 - 🔄 数据来源: 串口接收 -> PendulumState.physical_length
2025-09-02 14:47:30.544 | INFO     | Pendulum.SerialConncet:_run:176 - [接收] L40.143162
2025-09-02 14:47:30.564 | INFO     | Pendulum.SerialConncet:_run:176 - [接收] L40.168686
2025-09-02 14:47:30.571 | INFO     | Pendulum.PendulumAPP:_processSerialData:120 - 📏 串口长度数据已更新: L40.168686 -> physical_length=40.168686
2025-09-02 14:47:30.572 | INFO     | Pendulum.PendulumAPP:_processSerialData:121 - 🔄 数据来源: 串口接收 -> PendulumState.physical_length
2025-09-02 14:47:30.585 | INFO     | Pendulum.SerialConncet:_run:176 - [接收] L40.194206
2025-09-02 14:47:30.610 | INFO     | Pendulum.SerialConncet:_run:176 - [接收] L40.219727
2025-09-02 14:47:30.618 | INFO     | Pendulum.PendulumAPP:_processSerialData:120 - 📏 串口长度数据已更新: L40.219727 -> physical_length=40.219727
2025-09-02 14:47:30.619 | INFO     | Pendulum.PendulumAPP:_processSerialData:121 - 🔄 数据来源: 串口接收 -> PendulumState.physical_length
2025-09-02 14:47:30.628 | INFO     | Pendulum.SerialConncet:_run:176 - [接收] L40.245247
2025-09-02 14:47:30.647 | INFO     | Pendulum.SerialConncet:_run:176 - [接收] L40.270767
2025-09-02 14:47:30.663 | INFO     | Pendulum.PendulumAPP:_processSerialData:120 - 📏 串口长度数据已更新: L40.270767 -> physical_length=40.270767
2025-09-02 14:47:30.664 | INFO     | Pendulum.PendulumAPP:_processSerialData:121 - 🔄 数据来源: 串口接收 -> PendulumState.physical_length
2025-09-02 14:47:30.669 | INFO     | Pendulum.SerialConncet:_run:176 - [接收] L40.296288
2025-09-02 14:47:30.691 | INFO     | Pendulum.SerialConncet:_run:176 - [接收] L40.321812
2025-09-02 14:47:30.709 | INFO     | Pendulum.PendulumAPP:_processSerialData:120 - 📏 串口长度数据已更新: L40.321812 -> physical_length=40.321812
2025-09-02 14:47:30.710 | INFO     | Pendulum.PendulumAPP:_processSerialData:121 - 🔄 数据来源: 串口接收 -> PendulumState.physical_length
2025-09-02 14:47:30.712 | INFO     | Pendulum.SerialConncet:_run:176 - [接收] L40.347332
2025-09-02 14:47:30.737 | INFO     | Pendulum.SerialConncet:_run:176 - [接收] L40.372852
2025-09-02 14:47:30.753 | INFO     | Pendulum.SerialConncet:_run:176 - [接收] L40.398373
2025-09-02 14:47:30.755 | INFO     | Pendulum.PendulumAPP:_processSerialData:120 - 📏 串口长度数据已更新: L40.398373 -> physical_length=40.398373
2025-09-02 14:47:30.755 | INFO     | Pendulum.PendulumAPP:_processSerialData:121 - 🔄 数据来源: 串口接收 -> PendulumState.physical_length
2025-09-02 14:47:30.773 | INFO     | Pendulum.SerialConncet:_run:176 - [接收] L40.423893
2025-09-02 14:47:30.797 | INFO     | Pendulum.SerialConncet:_run:176 - [接收] L40.449413
2025-09-02 14:47:30.801 | INFO     | Pendulum.PendulumAPP:_processSerialData:120 - 📏 串口长度数据已更新: L40.449413 -> physical_length=40.449413
2025-09-02 14:47:30.802 | INFO     | Pendulum.PendulumAPP:_processSerialData:121 - 🔄 数据来源: 串口接收 -> PendulumState.physical_length
2025-09-02 14:47:30.815 | INFO     | Pendulum.SerialConncet:_run:176 - [接收] L40.474934
2025-09-02 14:47:30.836 | INFO     | Pendulum.SerialConncet:_run:176 - [接收] L40.500458
2025-09-02 14:47:30.848 | INFO     | Pendulum.PendulumAPP:_processSerialData:120 - 📏 串口长度数据已更新: L40.500458 -> physical_length=40.500458
2025-09-02 14:47:30.850 | INFO     | Pendulum.PendulumAPP:_processSerialData:121 - 🔄 数据来源: 串口接收 -> PendulumState.physical_length
2025-09-02 14:47:30.857 | INFO     | Pendulum.SerialConncet:_run:176 - [接收] L40.525978
2025-09-02 14:47:30.878 | INFO     | Pendulum.SerialConncet:_run:176 - [接收] L40.551498
2025-09-02 14:47:30.895 | INFO     | Pendulum.PendulumAPP:_processSerialData:120 - 📏 串口长度数据已更新: L40.551498 -> physical_length=40.551498
2025-09-02 14:47:30.899 | INFO     | Pendulum.PendulumAPP:_processSerialData:121 - 🔄 数据来源: 串口接收 -> PendulumState.physical_length
2025-09-02 14:47:30.905 | INFO     | Pendulum.SerialConncet:_run:176 - [接收] L40.577023
2025-09-02 14:47:30.921 | INFO     | Pendulum.SerialConncet:_run:176 - [接收] L40.602539
2025-09-02 14:47:30.941 | INFO     | Pendulum.SerialConncet:_run:176 - [接收] L40.628059
2025-09-02 14:47:30.942 | INFO     | Pendulum.PendulumAPP:_processSerialData:120 - 📏 串口长度数据已更新: L40.602539 -> physical_length=40.602539
2025-09-02 14:47:30.943 | INFO     | Pendulum.PendulumAPP:_processSerialData:121 - 🔄 数据来源: 串口接收 -> PendulumState.physical_length
2025-09-02 14:47:30.964 | INFO     | Pendulum.SerialConncet:_run:176 - [接收] L40.653584
2025-09-02 14:47:30.983 | INFO     | Pendulum.SerialConncet:_run:176 - [接收] L40.679104
2025-09-02 14:47:30.989 | INFO     | Pendulum.PendulumAPP:_processSerialData:120 - 📏 串口长度数据已更新: L40.679104 -> physical_length=40.679104
2025-09-02 14:47:30.990 | INFO     | Pendulum.PendulumAPP:_processSerialData:121 - 🔄 数据来源: 串口接收 -> PendulumState.physical_length
2025-09-02 14:47:31.003 | INFO     | Pendulum.SerialConncet:_run:176 - [接收] L40.704624
2025-09-02 14:47:31.026 | INFO     | Pendulum.SerialConncet:_run:176 - [接收] L40.730148
2025-09-02 14:47:31.035 | INFO     | Pendulum.PendulumAPP:_processSerialData:120 - 📏 串口长度数据已更新: L40.730148 -> physical_length=40.730148
2025-09-02 14:47:31.038 | INFO     | Pendulum.PendulumAPP:_processSerialData:121 - 🔄 数据来源: 串口接收 -> PendulumState.physical_length
2025-09-02 14:47:31.046 | INFO     | Pendulum.SerialConncet:_run:176 - [接收] L40.755669
2025-09-02 14:47:31.066 | INFO     | Pendulum.SerialConncet:_run:176 - [接收] L40.781189
2025-09-02 14:47:31.081 | INFO     | Pendulum.PendulumAPP:_processSerialData:120 - 📏 串口长度数据已更新: L40.781189 -> physical_length=40.781189
2025-09-02 14:47:31.086 | INFO     | Pendulum.PendulumAPP:_processSerialData:121 - 🔄 数据来源: 串口接收 -> PendulumState.physical_length
2025-09-02 14:47:31.088 | INFO     | Pendulum.SerialConncet:_run:176 - [接收] L40.806705
2025-09-02 14:47:31.108 | INFO     | Pendulum.SerialConncet:_run:176 - [接收] L40.832230
2025-09-02 14:47:31.128 | INFO     | Pendulum.PendulumAPP:_processSerialData:120 - 📏 串口长度数据已更新: L40.832230 -> physical_length=40.832230
2025-09-02 14:47:31.129 | INFO     | Pendulum.PendulumAPP:_processSerialData:121 - 🔄 数据来源: 串口接收 -> PendulumState.physical_length
2025-09-02 14:47:31.131 | INFO     | Pendulum.SerialConncet:_run:176 - [接收] L40.857750
2025-09-02 14:47:31.149 | INFO     | Pendulum.SerialConncet:_run:176 - [接收] L40.883270
2025-09-02 14:47:31.171 | INFO     | Pendulum.PendulumAPP:_keyEventWeb:249 - stop
2025-09-02 14:47:31.173 | INFO     | Pendulum.SerialConncet:send:199 - sendm0
2025-09-02 14:47:31.175 | INFO     | Pendulum.SerialConncet:send:201 - [发送] m0
2025-09-02 14:47:31.176 | INFO     | Pendulum.SerialConncet:_run:176 - [接收] L40.908794
2025-09-02 14:47:31.188 | INFO     | Pendulum.PendulumAPP:_processSerialData:120 - 📏 串口长度数据已更新: L40.908794 -> physical_length=40.908794
2025-09-02 14:47:31.188 | INFO     | Pendulum.PendulumAPP:_processSerialData:121 - 🔄 数据来源: 串口接收 -> PendulumState.physical_length
2025-09-02 14:47:31.191 | INFO     | Pendulum.SerialConncet:_run:176 - [接收] L40.934315
2025-09-02 14:47:31.234 | INFO     | Pendulum.PendulumAPP:_processSerialData:120 - 📏 串口长度数据已更新: L40.934315 -> physical_length=40.934315
2025-09-02 14:47:31.235 | INFO     | Pendulum.PendulumAPP:_processSerialData:121 - 🔄 数据来源: 串口接收 -> PendulumState.physical_length
2025-09-02 14:47:31.280 | INFO     | Pendulum.PendulumAPP:_processSerialData:120 - 📏 串口长度数据已更新: L40.934315 -> physical_length=40.934315
2025-09-02 14:47:31.281 | INFO     | Pendulum.PendulumAPP:_processSerialData:121 - 🔄 数据来源: 串口接收 -> PendulumState.physical_length
2025-09-02 14:47:31.327 | INFO     | Pendulum.PendulumAPP:_processSerialData:120 - 📏 串口长度数据已更新: L40.934315 -> physical_length=40.934315
2025-09-02 14:47:31.328 | INFO     | Pendulum.PendulumAPP:_processSerialData:121 - 🔄 数据来源: 串口接收 -> PendulumState.physical_length
2025-09-02 14:47:31.374 | INFO     | Pendulum.PendulumAPP:_processSerialData:120 - 📏 串口长度数据已更新: L40.934315 -> physical_length=40.934315
2025-09-02 14:47:31.376 | INFO     | Pendulum.PendulumAPP:_processSerialData:121 - 🔄 数据来源: 串口接收 -> PendulumState.physical_length
2025-09-02 14:47:31.421 | INFO     | Pendulum.PendulumAPP:_processSerialData:120 - 📏 串口长度数据已更新: L40.934315 -> physical_length=40.934315
2025-09-02 14:47:31.423 | INFO     | Pendulum.PendulumAPP:_processSerialData:121 - 🔄 数据来源: 串口接收 -> PendulumState.physical_length
2025-09-02 14:47:31.466 | INFO     | Pendulum.PendulumAPP:_processSerialData:120 - 📏 串口长度数据已更新: L40.934315 -> physical_length=40.934315
2025-09-02 14:47:31.471 | INFO     | Pendulum.PendulumAPP:_processSerialData:121 - 🔄 数据来源: 串口接收 -> PendulumState.physical_length
2025-09-02 14:47:31.513 | INFO     | Pendulum.PendulumAPP:_processSerialData:120 - 📏 串口长度数据已更新: L40.934315 -> physical_length=40.934315
2025-09-02 14:47:31.513 | INFO     | Pendulum.PendulumAPP:_processSerialData:121 - 🔄 数据来源: 串口接收 -> PendulumState.physical_length
2025-09-02 14:47:31.560 | INFO     | Pendulum.PendulumAPP:_processSerialData:120 - 📏 串口长度数据已更新: L40.934315 -> physical_length=40.934315
2025-09-02 14:47:31.561 | INFO     | Pendulum.PendulumAPP:_processSerialData:121 - 🔄 数据来源: 串口接收 -> PendulumState.physical_length
2025-09-02 14:47:31.607 | INFO     | Pendulum.PendulumAPP:_processSerialData:120 - 📏 串口长度数据已更新: L40.934315 -> physical_length=40.934315
2025-09-02 14:47:31.607 | INFO     | Pendulum.PendulumAPP:_processSerialData:121 - 🔄 数据来源: 串口接收 -> PendulumState.physical_length
2025-09-02 14:47:31.653 | INFO     | Pendulum.PendulumAPP:_processSerialData:120 - 📏 串口长度数据已更新: L40.934315 -> physical_length=40.934315
2025-09-02 14:47:31.653 | INFO     | Pendulum.PendulumAPP:_processSerialData:121 - 🔄 数据来源: 串口接收 -> PendulumState.physical_length
2025-09-02 14:47:31.699 | INFO     | Pendulum.PendulumAPP:_processSerialData:120 - 📏 串口长度数据已更新: L40.934315 -> physical_length=40.934315
2025-09-02 14:47:31.700 | INFO     | Pendulum.PendulumAPP:_processSerialData:121 - 🔄 数据来源: 串口接收 -> PendulumState.physical_length
2025-09-02 14:47:31.747 | INFO     | Pendulum.PendulumAPP:_processSerialData:120 - 📏 串口长度数据已更新: L40.934315 -> physical_length=40.934315
2025-09-02 14:47:31.748 | INFO     | Pendulum.PendulumAPP:_processSerialData:121 - 🔄 数据来源: 串口接收 -> PendulumState.physical_length
2025-09-02 14:47:31.792 | INFO     | Pendulum.PendulumAPP:_processSerialData:120 - 📏 串口长度数据已更新: L40.934315 -> physical_length=40.934315
2025-09-02 14:47:31.793 | INFO     | Pendulum.PendulumAPP:_processSerialData:121 - 🔄 数据来源: 串口接收 -> PendulumState.physical_length
2025-09-02 14:47:31.840 | INFO     | Pendulum.PendulumAPP:_processSerialData:120 - 📏 串口长度数据已更新: L40.934315 -> physical_length=40.934315
2025-09-02 14:47:31.841 | INFO     | Pendulum.PendulumAPP:_processSerialData:121 - 🔄 数据来源: 串口接收 -> PendulumState.physical_length
2025-09-02 14:47:31.886 | INFO     | Pendulum.PendulumAPP:_processSerialData:120 - 📏 串口长度数据已更新: L40.934315 -> physical_length=40.934315
2025-09-02 14:47:31.887 | INFO     | Pendulum.PendulumAPP:_processSerialData:121 - 🔄 数据来源: 串口接收 -> PendulumState.physical_length
2025-09-02 14:47:31.932 | INFO     | Pendulum.PendulumAPP:_processSerialData:120 - 📏 串口长度数据已更新: L40.934315 -> physical_length=40.934315
2025-09-02 14:47:31.933 | INFO     | Pendulum.PendulumAPP:_processSerialData:121 - 🔄 数据来源: 串口接收 -> PendulumState.physical_length
2025-09-02 14:47:31.981 | INFO     | Pendulum.PendulumAPP:_processSerialData:120 - 📏 串口长度数据已更新: L40.934315 -> physical_length=40.934315
2025-09-02 14:47:31.982 | INFO     | Pendulum.PendulumAPP:_processSerialData:121 - 🔄 数据来源: 串口接收 -> PendulumState.physical_length
2025-09-02 14:47:32.025 | INFO     | Pendulum.PendulumAPP:_processSerialData:120 - 📏 串口长度数据已更新: L40.934315 -> physical_length=40.934315
2025-09-02 14:47:32.026 | INFO     | Pendulum.PendulumAPP:_processSerialData:121 - 🔄 数据来源: 串口接收 -> PendulumState.physical_length
2025-09-02 14:47:32.072 | INFO     | Pendulum.PendulumAPP:_processSerialData:120 - 📏 串口长度数据已更新: L40.934315 -> physical_length=40.934315
2025-09-02 14:47:32.072 | INFO     | Pendulum.PendulumAPP:_processSerialData:121 - 🔄 数据来源: 串口接收 -> PendulumState.physical_length
2025-09-02 14:47:32.119 | INFO     | Pendulum.PendulumAPP:_processSerialData:120 - 📏 串口长度数据已更新: L40.934315 -> physical_length=40.934315
2025-09-02 14:47:32.120 | INFO     | Pendulum.PendulumAPP:_processSerialData:121 - 🔄 数据来源: 串口接收 -> PendulumState.physical_length
2025-09-02 14:47:32.165 | INFO     | Pendulum.PendulumAPP:_processSerialData:120 - 📏 串口长度数据已更新: L40.934315 -> physical_length=40.934315
2025-09-02 14:47:32.165 | INFO     | Pendulum.PendulumAPP:_processSerialData:121 - 🔄 数据来源: 串口接收 -> PendulumState.physical_length
2025-09-02 14:47:32.212 | INFO     | Pendulum.PendulumAPP:_processSerialData:120 - 📏 串口长度数据已更新: L40.934315 -> physical_length=40.934315
2025-09-02 14:47:32.213 | INFO     | Pendulum.PendulumAPP:_processSerialData:121 - 🔄 数据来源: 串口接收 -> PendulumState.physical_length
2025-09-02 14:47:32.257 | INFO     | Pendulum.PendulumAPP:_processSerialData:120 - 📏 串口长度数据已更新: L40.934315 -> physical_length=40.934315
2025-09-02 14:47:32.259 | INFO     | Pendulum.PendulumAPP:_processSerialData:121 - 🔄 数据来源: 串口接收 -> PendulumState.physical_length
2025-09-02 14:47:32.303 | INFO     | Pendulum.PendulumAPP:_processSerialData:120 - 📏 串口长度数据已更新: L40.934315 -> physical_length=40.934315
2025-09-02 14:47:32.306 | INFO     | Pendulum.PendulumAPP:_processSerialData:121 - 🔄 数据来源: 串口接收 -> PendulumState.physical_length
2025-09-02 14:47:32.351 | INFO     | Pendulum.PendulumAPP:_processSerialData:120 - 📏 串口长度数据已更新: L40.934315 -> physical_length=40.934315
2025-09-02 14:47:32.351 | INFO     | Pendulum.PendulumAPP:_processSerialData:121 - 🔄 数据来源: 串口接收 -> PendulumState.physical_length
2025-09-02 14:47:32.397 | INFO     | Pendulum.PendulumAPP:_processSerialData:120 - 📏 串口长度数据已更新: L40.934315 -> physical_length=40.934315
2025-09-02 14:47:32.397 | INFO     | Pendulum.PendulumAPP:_processSerialData:121 - 🔄 数据来源: 串口接收 -> PendulumState.physical_length
2025-09-02 14:47:32.443 | INFO     | Pendulum.PendulumAPP:_processSerialData:120 - 📏 串口长度数据已更新: L40.934315 -> physical_length=40.934315
2025-09-02 14:47:32.446 | INFO     | Pendulum.PendulumAPP:_processSerialData:121 - 🔄 数据来源: 串口接收 -> PendulumState.physical_length
2025-09-02 14:47:32.489 | INFO     | Pendulum.PendulumAPP:_processSerialData:120 - 📏 串口长度数据已更新: L40.934315 -> physical_length=40.934315
2025-09-02 14:47:32.491 | INFO     | Pendulum.PendulumAPP:_processSerialData:121 - 🔄 数据来源: 串口接收 -> PendulumState.physical_length
2025-09-02 14:47:32.536 | INFO     | Pendulum.PendulumAPP:_processSerialData:120 - 📏 串口长度数据已更新: L40.934315 -> physical_length=40.934315
2025-09-02 14:47:32.537 | INFO     | Pendulum.PendulumAPP:_processSerialData:121 - 🔄 数据来源: 串口接收 -> PendulumState.physical_length
2025-09-02 14:47:32.584 | INFO     | Pendulum.PendulumAPP:_processSerialData:120 - 📏 串口长度数据已更新: L40.934315 -> physical_length=40.934315
2025-09-02 14:47:32.584 | INFO     | Pendulum.PendulumAPP:_processSerialData:121 - 🔄 数据来源: 串口接收 -> PendulumState.physical_length
2025-09-02 14:47:32.630 | INFO     | Pendulum.PendulumAPP:_processSerialData:120 - 📏 串口长度数据已更新: L40.934315 -> physical_length=40.934315
2025-09-02 14:47:32.630 | INFO     | Pendulum.PendulumAPP:_processSerialData:121 - 🔄 数据来源: 串口接收 -> PendulumState.physical_length
2025-09-02 14:47:32.677 | INFO     | Pendulum.PendulumAPP:_processSerialData:120 - 📏 串口长度数据已更新: L40.934315 -> physical_length=40.934315
2025-09-02 14:47:32.678 | INFO     | Pendulum.PendulumAPP:_processSerialData:121 - 🔄 数据来源: 串口接收 -> PendulumState.physical_length
2025-09-02 14:47:32.723 | INFO     | Pendulum.PendulumAPP:_processSerialData:120 - 📏 串口长度数据已更新: L40.934315 -> physical_length=40.934315
2025-09-02 14:47:32.724 | INFO     | Pendulum.PendulumAPP:_processSerialData:121 - 🔄 数据来源: 串口接收 -> PendulumState.physical_length
2025-09-02 14:47:32.770 | INFO     | Pendulum.PendulumAPP:_processSerialData:120 - 📏 串口长度数据已更新: L40.934315 -> physical_length=40.934315
2025-09-02 14:47:32.771 | INFO     | Pendulum.PendulumAPP:_processSerialData:121 - 🔄 数据来源: 串口接收 -> PendulumState.physical_length
2025-09-02 14:47:32.816 | INFO     | Pendulum.PendulumAPP:_processSerialData:120 - 📏 串口长度数据已更新: L40.934315 -> physical_length=40.934315
2025-09-02 14:47:32.817 | INFO     | Pendulum.PendulumAPP:_processSerialData:121 - 🔄 数据来源: 串口接收 -> PendulumState.physical_length
2025-09-02 14:47:32.862 | INFO     | Pendulum.PendulumAPP:_processSerialData:120 - 📏 串口长度数据已更新: L40.934315 -> physical_length=40.934315
2025-09-02 14:47:32.865 | INFO     | Pendulum.PendulumAPP:_processSerialData:121 - 🔄 数据来源: 串口接收 -> PendulumState.physical_length
2025-09-02 14:47:32.910 | INFO     | Pendulum.PendulumAPP:_processSerialData:120 - 📏 串口长度数据已更新: L40.934315 -> physical_length=40.934315
2025-09-02 14:47:32.911 | INFO     | Pendulum.PendulumAPP:_processSerialData:121 - 🔄 数据来源: 串口接收 -> PendulumState.physical_length
2025-09-02 14:47:32.957 | INFO     | Pendulum.PendulumAPP:_processSerialData:120 - 📏 串口长度数据已更新: L40.934315 -> physical_length=40.934315
2025-09-02 14:47:32.958 | INFO     | Pendulum.PendulumAPP:_processSerialData:121 - 🔄 数据来源: 串口接收 -> PendulumState.physical_length
2025-09-02 14:47:33.003 | INFO     | Pendulum.PendulumAPP:_processSerialData:120 - 📏 串口长度数据已更新: L40.934315 -> physical_length=40.934315
2025-09-02 14:47:33.007 | INFO     | Pendulum.PendulumAPP:_processSerialData:121 - 🔄 数据来源: 串口接收 -> PendulumState.physical_length
2025-09-02 14:47:33.053 | INFO     | Pendulum.PendulumAPP:_processSerialData:120 - 📏 串口长度数据已更新: L40.934315 -> physical_length=40.934315
2025-09-02 14:47:33.055 | INFO     | Pendulum.PendulumAPP:_processSerialData:121 - 🔄 数据来源: 串口接收 -> PendulumState.physical_length
2025-09-02 14:47:33.098 | INFO     | Pendulum.PendulumAPP:_processSerialData:120 - 📏 串口长度数据已更新: L40.934315 -> physical_length=40.934315
2025-09-02 14:47:33.099 | INFO     | Pendulum.PendulumAPP:_processSerialData:121 - 🔄 数据来源: 串口接收 -> PendulumState.physical_length
2025-09-02 14:47:33.145 | INFO     | Pendulum.PendulumAPP:_processSerialData:120 - 📏 串口长度数据已更新: L40.934315 -> physical_length=40.934315
2025-09-02 14:47:33.147 | INFO     | Pendulum.PendulumAPP:_processSerialData:121 - 🔄 数据来源: 串口接收 -> PendulumState.physical_length
2025-09-02 14:47:33.191 | INFO     | Pendulum.PendulumAPP:_processSerialData:120 - 📏 串口长度数据已更新: L40.934315 -> physical_length=40.934315
2025-09-02 14:47:33.191 | INFO     | Pendulum.PendulumAPP:_processSerialData:121 - 🔄 数据来源: 串口接收 -> PendulumState.physical_length
2025-09-02 14:47:33.238 | INFO     | Pendulum.PendulumAPP:_processSerialData:120 - 📏 串口长度数据已更新: L40.934315 -> physical_length=40.934315
2025-09-02 14:47:33.239 | INFO     | Pendulum.PendulumAPP:_processSerialData:121 - 🔄 数据来源: 串口接收 -> PendulumState.physical_length
2025-09-02 14:47:33.283 | INFO     | Pendulum.PendulumAPP:_processSerialData:120 - 📏 串口长度数据已更新: L40.934315 -> physical_length=40.934315
2025-09-02 14:47:33.284 | INFO     | Pendulum.PendulumAPP:_processSerialData:121 - 🔄 数据来源: 串口接收 -> PendulumState.physical_length
2025-09-02 14:47:33.330 | INFO     | Pendulum.PendulumAPP:_processSerialData:120 - 📏 串口长度数据已更新: L40.934315 -> physical_length=40.934315
2025-09-02 14:47:33.331 | INFO     | Pendulum.PendulumAPP:_processSerialData:121 - 🔄 数据来源: 串口接收 -> PendulumState.physical_length
2025-09-02 14:47:33.376 | INFO     | Pendulum.PendulumAPP:_processSerialData:120 - 📏 串口长度数据已更新: L40.934315 -> physical_length=40.934315
2025-09-02 14:47:33.377 | INFO     | Pendulum.PendulumAPP:_processSerialData:121 - 🔄 数据来源: 串口接收 -> PendulumState.physical_length
2025-09-02 14:47:33.424 | INFO     | Pendulum.PendulumAPP:_processSerialData:120 - 📏 串口长度数据已更新: L40.934315 -> physical_length=40.934315
2025-09-02 14:47:33.424 | INFO     | Pendulum.PendulumAPP:_processSerialData:121 - 🔄 数据来源: 串口接收 -> PendulumState.physical_length
2025-09-02 14:47:33.470 | INFO     | Pendulum.PendulumAPP:_processSerialData:120 - 📏 串口长度数据已更新: L40.934315 -> physical_length=40.934315
2025-09-02 14:47:33.473 | INFO     | Pendulum.PendulumAPP:_processSerialData:121 - 🔄 数据来源: 串口接收 -> PendulumState.physical_length
2025-09-02 14:47:33.518 | INFO     | Pendulum.PendulumAPP:_processSerialData:120 - 📏 串口长度数据已更新: L40.934315 -> physical_length=40.934315
2025-09-02 14:47:33.519 | INFO     | Pendulum.PendulumAPP:_processSerialData:121 - 🔄 数据来源: 串口接收 -> PendulumState.physical_length
2025-09-02 14:47:33.564 | INFO     | Pendulum.PendulumAPP:_processSerialData:120 - 📏 串口长度数据已更新: L40.934315 -> physical_length=40.934315
2025-09-02 14:47:33.565 | INFO     | Pendulum.PendulumAPP:_processSerialData:121 - 🔄 数据来源: 串口接收 -> PendulumState.physical_length
2025-09-02 14:47:33.611 | INFO     | Pendulum.PendulumAPP:_processSerialData:120 - 📏 串口长度数据已更新: L40.934315 -> physical_length=40.934315
2025-09-02 14:47:33.614 | INFO     | Pendulum.PendulumAPP:_processSerialData:121 - 🔄 数据来源: 串口接收 -> PendulumState.physical_length
2025-09-02 14:47:33.657 | INFO     | Pendulum.PendulumAPP:_processSerialData:120 - 📏 串口长度数据已更新: L40.934315 -> physical_length=40.934315
2025-09-02 14:47:33.657 | INFO     | Pendulum.PendulumAPP:_processSerialData:121 - 🔄 数据来源: 串口接收 -> PendulumState.physical_length
2025-09-02 14:47:33.703 | INFO     | Pendulum.PendulumAPP:_processSerialData:120 - 📏 串口长度数据已更新: L40.934315 -> physical_length=40.934315
2025-09-02 14:47:33.704 | INFO     | Pendulum.PendulumAPP:_processSerialData:121 - 🔄 数据来源: 串口接收 -> PendulumState.physical_length
2025-09-02 14:47:33.749 | INFO     | Pendulum.PendulumAPP:_processSerialData:120 - 📏 串口长度数据已更新: L40.934315 -> physical_length=40.934315
2025-09-02 14:47:33.750 | INFO     | Pendulum.PendulumAPP:_processSerialData:121 - 🔄 数据来源: 串口接收 -> PendulumState.physical_length
2025-09-02 14:47:33.796 | INFO     | Pendulum.PendulumAPP:_processSerialData:120 - 📏 串口长度数据已更新: L40.934315 -> physical_length=40.934315
2025-09-02 14:47:33.796 | INFO     | Pendulum.PendulumAPP:_processSerialData:121 - 🔄 数据来源: 串口接收 -> PendulumState.physical_length
2025-09-02 14:47:33.842 | INFO     | Pendulum.PendulumAPP:_processSerialData:120 - 📏 串口长度数据已更新: L40.934315 -> physical_length=40.934315
2025-09-02 14:47:33.843 | INFO     | Pendulum.PendulumAPP:_processSerialData:121 - 🔄 数据来源: 串口接收 -> PendulumState.physical_length
2025-09-02 14:47:33.889 | INFO     | Pendulum.PendulumAPP:_processSerialData:120 - 📏 串口长度数据已更新: L40.934315 -> physical_length=40.934315
2025-09-02 14:47:33.891 | INFO     | Pendulum.PendulumAPP:_processSerialData:121 - 🔄 数据来源: 串口接收 -> PendulumState.physical_length
2025-09-02 14:47:33.934 | INFO     | Pendulum.PendulumAPP:_processSerialData:120 - 📏 串口长度数据已更新: L40.934315 -> physical_length=40.934315
2025-09-02 14:47:33.935 | INFO     | Pendulum.PendulumAPP:_processSerialData:121 - 🔄 数据来源: 串口接收 -> PendulumState.physical_length
2025-09-02 14:47:33.980 | INFO     | Pendulum.PendulumAPP:_processSerialData:120 - 📏 串口长度数据已更新: L40.934315 -> physical_length=40.934315
2025-09-02 14:47:33.980 | INFO     | Pendulum.PendulumAPP:_processSerialData:121 - 🔄 数据来源: 串口接收 -> PendulumState.physical_length
2025-09-02 14:47:34.026 | INFO     | Pendulum.PendulumAPP:_processSerialData:120 - 📏 串口长度数据已更新: L40.934315 -> physical_length=40.934315
2025-09-02 14:47:34.030 | INFO     | Pendulum.PendulumAPP:_processSerialData:121 - 🔄 数据来源: 串口接收 -> PendulumState.physical_length
2025-09-02 14:47:34.065 | INFO     | Pendulum.PendulumAPP:_keyEventWeb:271 - u1
2025-09-02 14:47:34.065 | INFO     | Pendulum.SerialConncet:send:199 - sendu1
2025-09-02 14:47:34.069 | INFO     | Pendulum.SerialConncet:send:201 - [发送] u1
2025-09-02 14:47:34.087 | INFO     | Pendulum.PendulumAPP:_processSerialData:120 - 📏 串口长度数据已更新: L40.934315 -> physical_length=40.934315
2025-09-02 14:47:34.088 | INFO     | Pendulum.PendulumAPP:_processSerialData:121 - 🔄 数据来源: 串口接收 -> PendulumState.physical_length
2025-09-02 14:47:34.133 | INFO     | Pendulum.PendulumAPP:_processSerialData:120 - 📏 串口长度数据已更新: L40.934315 -> physical_length=40.934315
2025-09-02 14:47:34.135 | INFO     | Pendulum.PendulumAPP:_processSerialData:121 - 🔄 数据来源: 串口接收 -> PendulumState.physical_length
2025-09-02 14:47:34.180 | INFO     | Pendulum.PendulumAPP:_processSerialData:120 - 📏 串口长度数据已更新: L40.934315 -> physical_length=40.934315
2025-09-02 14:47:34.181 | INFO     | Pendulum.PendulumAPP:_processSerialData:121 - 🔄 数据来源: 串口接收 -> PendulumState.physical_length
2025-09-02 14:47:34.228 | INFO     | Pendulum.PendulumAPP:_processSerialData:120 - 📏 串口长度数据已更新: L40.934315 -> physical_length=40.934315
2025-09-02 14:47:34.229 | INFO     | Pendulum.PendulumAPP:_processSerialData:121 - 🔄 数据来源: 串口接收 -> PendulumState.physical_length
2025-09-02 14:47:34.275 | INFO     | Pendulum.PendulumAPP:_processSerialData:120 - 📏 串口长度数据已更新: L40.934315 -> physical_length=40.934315
2025-09-02 14:47:34.275 | INFO     | Pendulum.PendulumAPP:_processSerialData:121 - 🔄 数据来源: 串口接收 -> PendulumState.physical_length
2025-09-02 14:47:34.322 | INFO     | Pendulum.PendulumAPP:_processSerialData:120 - 📏 串口长度数据已更新: L40.934315 -> physical_length=40.934315
2025-09-02 14:47:34.324 | INFO     | Pendulum.PendulumAPP:_processSerialData:121 - 🔄 数据来源: 串口接收 -> PendulumState.physical_length
2025-09-02 14:47:34.369 | INFO     | Pendulum.PendulumAPP:_processSerialData:120 - 📏 串口长度数据已更新: L40.934315 -> physical_length=40.934315
2025-09-02 14:47:34.370 | INFO     | Pendulum.PendulumAPP:_processSerialData:121 - 🔄 数据来源: 串口接收 -> PendulumState.physical_length
2025-09-02 14:47:34.416 | INFO     | Pendulum.PendulumAPP:_processSerialData:120 - 📏 串口长度数据已更新: L40.934315 -> physical_length=40.934315
2025-09-02 14:47:34.417 | INFO     | Pendulum.PendulumAPP:_processSerialData:121 - 🔄 数据来源: 串口接收 -> PendulumState.physical_length
2025-09-02 14:47:34.462 | INFO     | Pendulum.PendulumAPP:_processSerialData:120 - 📏 串口长度数据已更新: L40.934315 -> physical_length=40.934315
2025-09-02 14:47:34.467 | INFO     | Pendulum.PendulumAPP:_processSerialData:121 - 🔄 数据来源: 串口接收 -> PendulumState.physical_length
2025-09-02 14:47:34.508 | INFO     | Pendulum.PendulumAPP:_processSerialData:120 - 📏 串口长度数据已更新: L40.934315 -> physical_length=40.934315
2025-09-02 14:47:34.508 | INFO     | Pendulum.PendulumAPP:_processSerialData:121 - 🔄 数据来源: 串口接收 -> PendulumState.physical_length
2025-09-02 14:47:34.555 | INFO     | Pendulum.PendulumAPP:_processSerialData:120 - 📏 串口长度数据已更新: L40.934315 -> physical_length=40.934315
2025-09-02 14:47:34.558 | INFO     | Pendulum.PendulumAPP:_processSerialData:121 - 🔄 数据来源: 串口接收 -> PendulumState.physical_length
2025-09-02 14:47:34.601 | INFO     | Pendulum.PendulumAPP:_processSerialData:120 - 📏 串口长度数据已更新: L40.934315 -> physical_length=40.934315
2025-09-02 14:47:34.602 | INFO     | Pendulum.PendulumAPP:_processSerialData:121 - 🔄 数据来源: 串口接收 -> PendulumState.physical_length
2025-09-02 14:47:34.647 | INFO     | Pendulum.PendulumAPP:_processSerialData:120 - 📏 串口长度数据已更新: L40.934315 -> physical_length=40.934315
2025-09-02 14:47:34.648 | INFO     | Pendulum.PendulumAPP:_processSerialData:121 - 🔄 数据来源: 串口接收 -> PendulumState.physical_length
2025-09-02 14:47:34.694 | INFO     | Pendulum.PendulumAPP:_processSerialData:120 - 📏 串口长度数据已更新: L40.934315 -> physical_length=40.934315
2025-09-02 14:47:34.695 | INFO     | Pendulum.PendulumAPP:_processSerialData:121 - 🔄 数据来源: 串口接收 -> PendulumState.physical_length
2025-09-02 14:47:34.741 | INFO     | Pendulum.PendulumAPP:_processSerialData:120 - 📏 串口长度数据已更新: L40.934315 -> physical_length=40.934315
2025-09-02 14:47:34.743 | INFO     | Pendulum.PendulumAPP:_processSerialData:121 - 🔄 数据来源: 串口接收 -> PendulumState.physical_length
2025-09-02 14:47:34.788 | INFO     | Pendulum.PendulumAPP:_processSerialData:120 - 📏 串口长度数据已更新: L40.934315 -> physical_length=40.934315
2025-09-02 14:47:34.788 | INFO     | Pendulum.PendulumAPP:_processSerialData:121 - 🔄 数据来源: 串口接收 -> PendulumState.physical_length
2025-09-02 14:47:34.834 | INFO     | Pendulum.PendulumAPP:_processSerialData:120 - 📏 串口长度数据已更新: L40.934315 -> physical_length=40.934315
2025-09-02 14:47:34.835 | INFO     | Pendulum.PendulumAPP:_processSerialData:121 - 🔄 数据来源: 串口接收 -> PendulumState.physical_length
2025-09-02 14:47:34.881 | INFO     | Pendulum.PendulumAPP:_processSerialData:120 - 📏 串口长度数据已更新: L40.934315 -> physical_length=40.934315
2025-09-02 14:47:34.883 | INFO     | Pendulum.PendulumAPP:_processSerialData:121 - 🔄 数据来源: 串口接收 -> PendulumState.physical_length
2025-09-02 14:47:34.926 | INFO     | Pendulum.PendulumAPP:_processSerialData:120 - 📏 串口长度数据已更新: L40.934315 -> physical_length=40.934315
2025-09-02 14:47:34.928 | INFO     | Pendulum.PendulumAPP:_processSerialData:121 - 🔄 数据来源: 串口接收 -> PendulumState.physical_length
2025-09-02 14:47:34.973 | INFO     | Pendulum.PendulumAPP:_processSerialData:120 - 📏 串口长度数据已更新: L40.934315 -> physical_length=40.934315
2025-09-02 14:47:34.975 | INFO     | Pendulum.PendulumAPP:_processSerialData:121 - 🔄 数据来源: 串口接收 -> PendulumState.physical_length
2025-09-02 14:47:35.020 | INFO     | Pendulum.PendulumAPP:_processSerialData:120 - 📏 串口长度数据已更新: L40.934315 -> physical_length=40.934315
2025-09-02 14:47:35.023 | INFO     | Pendulum.PendulumAPP:_processSerialData:121 - 🔄 数据来源: 串口接收 -> PendulumState.physical_length
2025-09-02 14:47:35.065 | INFO     | Pendulum.PendulumAPP:_processSerialData:120 - 📏 串口长度数据已更新: L40.934315 -> physical_length=40.934315
2025-09-02 14:47:35.066 | INFO     | Pendulum.PendulumAPP:_processSerialData:121 - 🔄 数据来源: 串口接收 -> PendulumState.physical_length
2025-09-02 14:47:35.115 | INFO     | Pendulum.PendulumAPP:_processSerialData:120 - 📏 串口长度数据已更新: L40.934315 -> physical_length=40.934315
2025-09-02 14:47:35.117 | INFO     | Pendulum.PendulumAPP:_processSerialData:121 - 🔄 数据来源: 串口接收 -> PendulumState.physical_length
2025-09-02 14:47:35.161 | INFO     | Pendulum.PendulumAPP:_processSerialData:120 - 📏 串口长度数据已更新: L40.934315 -> physical_length=40.934315
2025-09-02 14:47:35.162 | INFO     | Pendulum.PendulumAPP:_processSerialData:121 - 🔄 数据来源: 串口接收 -> PendulumState.physical_length
2025-09-02 14:47:35.208 | INFO     | Pendulum.PendulumAPP:_processSerialData:120 - 📏 串口长度数据已更新: L40.934315 -> physical_length=40.934315
2025-09-02 14:47:35.210 | INFO     | Pendulum.PendulumAPP:_processSerialData:121 - 🔄 数据来源: 串口接收 -> PendulumState.physical_length
2025-09-02 14:47:35.254 | INFO     | Pendulum.PendulumAPP:_processSerialData:120 - 📏 串口长度数据已更新: L40.934315 -> physical_length=40.934315
2025-09-02 14:47:35.255 | INFO     | Pendulum.PendulumAPP:_processSerialData:121 - 🔄 数据来源: 串口接收 -> PendulumState.physical_length
2025-09-02 14:47:35.301 | INFO     | Pendulum.PendulumAPP:_processSerialData:120 - 📏 串口长度数据已更新: L40.934315 -> physical_length=40.934315
2025-09-02 14:47:35.301 | INFO     | Pendulum.PendulumAPP:_processSerialData:121 - 🔄 数据来源: 串口接收 -> PendulumState.physical_length
2025-09-02 14:47:35.347 | INFO     | Pendulum.PendulumAPP:_processSerialData:120 - 📏 串口长度数据已更新: L40.934315 -> physical_length=40.934315
2025-09-02 14:47:35.347 | INFO     | Pendulum.PendulumAPP:_processSerialData:121 - 🔄 数据来源: 串口接收 -> PendulumState.physical_length
2025-09-02 14:47:35.393 | INFO     | Pendulum.PendulumAPP:_processSerialData:120 - 📏 串口长度数据已更新: L40.934315 -> physical_length=40.934315
2025-09-02 14:47:35.395 | INFO     | Pendulum.PendulumAPP:_processSerialData:121 - 🔄 数据来源: 串口接收 -> PendulumState.physical_length
2025-09-02 14:47:35.440 | INFO     | Pendulum.PendulumAPP:_processSerialData:120 - 📏 串口长度数据已更新: L40.934315 -> physical_length=40.934315
2025-09-02 14:47:35.441 | INFO     | Pendulum.PendulumAPP:_processSerialData:121 - 🔄 数据来源: 串口接收 -> PendulumState.physical_length
2025-09-02 14:47:35.486 | INFO     | Pendulum.PendulumAPP:_processSerialData:120 - 📏 串口长度数据已更新: L40.934315 -> physical_length=40.934315
2025-09-02 14:47:35.488 | INFO     | Pendulum.PendulumAPP:_processSerialData:121 - 🔄 数据来源: 串口接收 -> PendulumState.physical_length
2025-09-02 14:47:35.533 | INFO     | Pendulum.PendulumAPP:_processSerialData:120 - 📏 串口长度数据已更新: L40.934315 -> physical_length=40.934315
2025-09-02 14:47:35.534 | INFO     | Pendulum.PendulumAPP:_processSerialData:121 - 🔄 数据来源: 串口接收 -> PendulumState.physical_length
2025-09-02 14:47:35.578 | INFO     | Pendulum.PendulumAPP:_processSerialData:120 - 📏 串口长度数据已更新: L40.934315 -> physical_length=40.934315
2025-09-02 14:47:35.579 | INFO     | Pendulum.PendulumAPP:_processSerialData:121 - 🔄 数据来源: 串口接收 -> PendulumState.physical_length
2025-09-02 14:47:35.626 | INFO     | Pendulum.PendulumAPP:_processSerialData:120 - 📏 串口长度数据已更新: L40.934315 -> physical_length=40.934315
2025-09-02 14:47:35.627 | INFO     | Pendulum.PendulumAPP:_processSerialData:121 - 🔄 数据来源: 串口接收 -> PendulumState.physical_length
2025-09-02 14:47:35.672 | INFO     | Pendulum.PendulumAPP:_processSerialData:120 - 📏 串口长度数据已更新: L40.934315 -> physical_length=40.934315
2025-09-02 14:47:35.673 | INFO     | Pendulum.PendulumAPP:_processSerialData:121 - 🔄 数据来源: 串口接收 -> PendulumState.physical_length
2025-09-02 14:47:35.718 | INFO     | Pendulum.PendulumAPP:_processSerialData:120 - 📏 串口长度数据已更新: L40.934315 -> physical_length=40.934315
2025-09-02 14:47:35.719 | INFO     | Pendulum.PendulumAPP:_processSerialData:121 - 🔄 数据来源: 串口接收 -> PendulumState.physical_length
2025-09-02 14:47:35.764 | INFO     | Pendulum.PendulumAPP:_processSerialData:120 - 📏 串口长度数据已更新: L40.934315 -> physical_length=40.934315
2025-09-02 14:47:35.765 | INFO     | Pendulum.PendulumAPP:_processSerialData:121 - 🔄 数据来源: 串口接收 -> PendulumState.physical_length
2025-09-02 14:47:35.810 | INFO     | Pendulum.PendulumAPP:_processSerialData:120 - 📏 串口长度数据已更新: L40.934315 -> physical_length=40.934315
2025-09-02 14:47:35.811 | INFO     | Pendulum.PendulumAPP:_processSerialData:121 - 🔄 数据来源: 串口接收 -> PendulumState.physical_length
2025-09-02 14:47:35.857 | INFO     | Pendulum.PendulumAPP:_processSerialData:120 - 📏 串口长度数据已更新: L40.934315 -> physical_length=40.934315
2025-09-02 14:47:35.858 | INFO     | Pendulum.PendulumAPP:_processSerialData:121 - 🔄 数据来源: 串口接收 -> PendulumState.physical_length
2025-09-02 14:47:35.902 | INFO     | Pendulum.PendulumAPP:_processSerialData:120 - 📏 串口长度数据已更新: L40.934315 -> physical_length=40.934315
2025-09-02 14:47:35.903 | INFO     | Pendulum.PendulumAPP:_processSerialData:121 - 🔄 数据来源: 串口接收 -> PendulumState.physical_length
2025-09-02 14:47:35.947 | INFO     | Pendulum.PendulumAPP:_processSerialData:120 - 📏 串口长度数据已更新: L40.934315 -> physical_length=40.934315
2025-09-02 14:47:35.950 | INFO     | Pendulum.PendulumAPP:_processSerialData:121 - 🔄 数据来源: 串口接收 -> PendulumState.physical_length
2025-09-02 14:47:35.994 | INFO     | Pendulum.PendulumAPP:_processSerialData:120 - 📏 串口长度数据已更新: L40.934315 -> physical_length=40.934315
2025-09-02 14:47:35.995 | INFO     | Pendulum.PendulumAPP:_processSerialData:121 - 🔄 数据来源: 串口接收 -> PendulumState.physical_length
2025-09-02 14:47:36.026 | INFO     | Pendulum.PendulumAPP:_keyEventWeb:274 - u0
2025-09-02 14:47:36.030 | INFO     | Pendulum.SerialConncet:send:199 - sendu0
2025-09-02 14:47:36.031 | INFO     | Pendulum.SerialConncet:send:201 - [发送] u0
2025-09-02 14:47:36.040 | INFO     | Pendulum.PendulumAPP:_processSerialData:120 - 📏 串口长度数据已更新: L40.934315 -> physical_length=40.934315
2025-09-02 14:47:36.041 | INFO     | Pendulum.PendulumAPP:_processSerialData:121 - 🔄 数据来源: 串口接收 -> PendulumState.physical_length
2025-09-02 14:47:36.086 | INFO     | Pendulum.PendulumAPP:_processSerialData:120 - 📏 串口长度数据已更新: L40.934315 -> physical_length=40.934315
2025-09-02 14:47:36.087 | INFO     | Pendulum.PendulumAPP:_processSerialData:121 - 🔄 数据来源: 串口接收 -> PendulumState.physical_length
2025-09-02 14:47:36.132 | INFO     | Pendulum.PendulumAPP:_processSerialData:120 - 📏 串口长度数据已更新: L40.934315 -> physical_length=40.934315
2025-09-02 14:47:36.133 | INFO     | Pendulum.PendulumAPP:_processSerialData:121 - 🔄 数据来源: 串口接收 -> PendulumState.physical_length
2025-09-02 14:47:36.180 | INFO     | Pendulum.PendulumAPP:_processSerialData:120 - 📏 串口长度数据已更新: L40.934315 -> physical_length=40.934315
2025-09-02 14:47:36.182 | INFO     | Pendulum.PendulumAPP:_processSerialData:121 - 🔄 数据来源: 串口接收 -> PendulumState.physical_length
2025-09-02 14:47:36.227 | INFO     | Pendulum.PendulumAPP:_processSerialData:120 - 📏 串口长度数据已更新: L40.934315 -> physical_length=40.934315
2025-09-02 14:47:36.227 | INFO     | Pendulum.PendulumAPP:_processSerialData:121 - 🔄 数据来源: 串口接收 -> PendulumState.physical_length
2025-09-02 14:47:36.274 | INFO     | Pendulum.PendulumAPP:_processSerialData:120 - 📏 串口长度数据已更新: L40.934315 -> physical_length=40.934315
2025-09-02 14:47:36.275 | INFO     | Pendulum.PendulumAPP:_processSerialData:121 - 🔄 数据来源: 串口接收 -> PendulumState.physical_length
2025-09-02 14:47:36.320 | INFO     | Pendulum.PendulumAPP:_processSerialData:120 - 📏 串口长度数据已更新: L40.934315 -> physical_length=40.934315
2025-09-02 14:47:36.321 | INFO     | Pendulum.PendulumAPP:_processSerialData:121 - 🔄 数据来源: 串口接收 -> PendulumState.physical_length
2025-09-02 14:47:36.367 | INFO     | Pendulum.PendulumAPP:_processSerialData:120 - 📏 串口长度数据已更新: L40.934315 -> physical_length=40.934315
2025-09-02 14:47:36.372 | INFO     | Pendulum.PendulumAPP:_processSerialData:121 - 🔄 数据来源: 串口接收 -> PendulumState.physical_length
2025-09-02 14:47:36.413 | INFO     | Pendulum.PendulumAPP:_processSerialData:120 - 📏 串口长度数据已更新: L40.934315 -> physical_length=40.934315
2025-09-02 14:47:36.413 | INFO     | Pendulum.PendulumAPP:_processSerialData:121 - 🔄 数据来源: 串口接收 -> PendulumState.physical_length
2025-09-02 14:47:36.459 | INFO     | Pendulum.PendulumAPP:_processSerialData:120 - 📏 串口长度数据已更新: L40.934315 -> physical_length=40.934315
2025-09-02 14:47:36.460 | INFO     | Pendulum.PendulumAPP:_processSerialData:121 - 🔄 数据来源: 串口接收 -> PendulumState.physical_length
2025-09-02 14:47:36.506 | INFO     | Pendulum.PendulumAPP:_processSerialData:120 - 📏 串口长度数据已更新: L40.934315 -> physical_length=40.934315
2025-09-02 14:47:36.507 | INFO     | Pendulum.PendulumAPP:_processSerialData:121 - 🔄 数据来源: 串口接收 -> PendulumState.physical_length
2025-09-02 14:47:36.551 | INFO     | Pendulum.PendulumAPP:_processSerialData:120 - 📏 串口长度数据已更新: L40.934315 -> physical_length=40.934315
2025-09-02 14:47:36.553 | INFO     | Pendulum.PendulumAPP:_processSerialData:121 - 🔄 数据来源: 串口接收 -> PendulumState.physical_length
2025-09-02 14:47:36.597 | INFO     | Pendulum.PendulumAPP:_processSerialData:120 - 📏 串口长度数据已更新: L40.934315 -> physical_length=40.934315
2025-09-02 14:47:36.597 | INFO     | Pendulum.PendulumAPP:_processSerialData:121 - 🔄 数据来源: 串口接收 -> PendulumState.physical_length
2025-09-02 14:47:36.643 | INFO     | Pendulum.PendulumAPP:_processSerialData:120 - 📏 串口长度数据已更新: L40.934315 -> physical_length=40.934315
2025-09-02 14:47:36.644 | INFO     | Pendulum.PendulumAPP:_processSerialData:121 - 🔄 数据来源: 串口接收 -> PendulumState.physical_length
2025-09-02 14:47:36.691 | INFO     | Pendulum.PendulumAPP:_processSerialData:120 - 📏 串口长度数据已更新: L40.934315 -> physical_length=40.934315
2025-09-02 14:47:36.693 | INFO     | Pendulum.PendulumAPP:_processSerialData:121 - 🔄 数据来源: 串口接收 -> PendulumState.physical_length
2025-09-02 14:47:36.736 | INFO     | Pendulum.PendulumAPP:_processSerialData:120 - 📏 串口长度数据已更新: L40.934315 -> physical_length=40.934315
2025-09-02 14:47:36.736 | INFO     | Pendulum.PendulumAPP:_processSerialData:121 - 🔄 数据来源: 串口接收 -> PendulumState.physical_length
2025-09-02 14:47:36.783 | INFO     | Pendulum.PendulumAPP:_processSerialData:120 - 📏 串口长度数据已更新: L40.934315 -> physical_length=40.934315
2025-09-02 14:47:36.784 | INFO     | Pendulum.PendulumAPP:_processSerialData:121 - 🔄 数据来源: 串口接收 -> PendulumState.physical_length
2025-09-02 14:47:36.830 | INFO     | Pendulum.PendulumAPP:_processSerialData:120 - 📏 串口长度数据已更新: L40.934315 -> physical_length=40.934315
2025-09-02 14:47:36.833 | INFO     | Pendulum.PendulumAPP:_processSerialData:121 - 🔄 数据来源: 串口接收 -> PendulumState.physical_length
2025-09-02 14:47:36.877 | INFO     | Pendulum.PendulumAPP:_processSerialData:120 - 📏 串口长度数据已更新: L40.934315 -> physical_length=40.934315
2025-09-02 14:47:36.879 | INFO     | Pendulum.PendulumAPP:_processSerialData:121 - 🔄 数据来源: 串口接收 -> PendulumState.physical_length
2025-09-02 14:47:36.924 | INFO     | Pendulum.PendulumAPP:_processSerialData:120 - 📏 串口长度数据已更新: L40.934315 -> physical_length=40.934315
2025-09-02 14:47:36.926 | INFO     | Pendulum.PendulumAPP:_processSerialData:121 - 🔄 数据来源: 串口接收 -> PendulumState.physical_length
2025-09-02 14:47:36.970 | INFO     | Pendulum.PendulumAPP:_processSerialData:120 - 📏 串口长度数据已更新: L40.934315 -> physical_length=40.934315
2025-09-02 14:47:36.971 | INFO     | Pendulum.PendulumAPP:_processSerialData:121 - 🔄 数据来源: 串口接收 -> PendulumState.physical_length
2025-09-02 14:47:37.015 | INFO     | Pendulum.PendulumAPP:_processSerialData:120 - 📏 串口长度数据已更新: L40.934315 -> physical_length=40.934315
2025-09-02 14:47:37.016 | INFO     | Pendulum.PendulumAPP:_processSerialData:121 - 🔄 数据来源: 串口接收 -> PendulumState.physical_length
2025-09-02 14:47:37.062 | INFO     | Pendulum.PendulumAPP:_processSerialData:120 - 📏 串口长度数据已更新: L40.934315 -> physical_length=40.934315
2025-09-02 14:47:37.063 | INFO     | Pendulum.PendulumAPP:_processSerialData:121 - 🔄 数据来源: 串口接收 -> PendulumState.physical_length
2025-09-02 14:47:37.108 | INFO     | Pendulum.PendulumAPP:_processSerialData:120 - 📏 串口长度数据已更新: L40.934315 -> physical_length=40.934315
2025-09-02 14:47:37.110 | INFO     | Pendulum.PendulumAPP:_processSerialData:121 - 🔄 数据来源: 串口接收 -> PendulumState.physical_length
2025-09-02 14:47:37.155 | INFO     | Pendulum.PendulumAPP:_processSerialData:120 - 📏 串口长度数据已更新: L40.934315 -> physical_length=40.934315
2025-09-02 14:47:37.156 | INFO     | Pendulum.PendulumAPP:_processSerialData:121 - 🔄 数据来源: 串口接收 -> PendulumState.physical_length
2025-09-02 14:47:37.200 | INFO     | Pendulum.PendulumAPP:_processSerialData:120 - 📏 串口长度数据已更新: L40.934315 -> physical_length=40.934315
2025-09-02 14:47:37.202 | INFO     | Pendulum.PendulumAPP:_processSerialData:121 - 🔄 数据来源: 串口接收 -> PendulumState.physical_length
2025-09-02 14:47:37.246 | INFO     | Pendulum.PendulumAPP:_processSerialData:120 - 📏 串口长度数据已更新: L40.934315 -> physical_length=40.934315
2025-09-02 14:47:37.246 | INFO     | Pendulum.PendulumAPP:_processSerialData:121 - 🔄 数据来源: 串口接收 -> PendulumState.physical_length
2025-09-02 14:47:37.293 | INFO     | Pendulum.PendulumAPP:_processSerialData:120 - 📏 串口长度数据已更新: L40.934315 -> physical_length=40.934315
2025-09-02 14:47:37.294 | INFO     | Pendulum.PendulumAPP:_processSerialData:121 - 🔄 数据来源: 串口接收 -> PendulumState.physical_length
2025-09-02 14:47:37.339 | INFO     | Pendulum.PendulumAPP:_processSerialData:120 - 📏 串口长度数据已更新: L40.934315 -> physical_length=40.934315
2025-09-02 14:47:37.341 | INFO     | Pendulum.PendulumAPP:_processSerialData:121 - 🔄 数据来源: 串口接收 -> PendulumState.physical_length
2025-09-02 14:47:37.385 | INFO     | Pendulum.PendulumAPP:_processSerialData:120 - 📏 串口长度数据已更新: L40.934315 -> physical_length=40.934315
2025-09-02 14:47:37.385 | INFO     | Pendulum.PendulumAPP:_processSerialData:121 - 🔄 数据来源: 串口接收 -> PendulumState.physical_length
2025-09-02 14:47:37.431 | INFO     | Pendulum.PendulumAPP:_processSerialData:120 - 📏 串口长度数据已更新: L40.934315 -> physical_length=40.934315
2025-09-02 14:47:37.432 | INFO     | Pendulum.PendulumAPP:_processSerialData:121 - 🔄 数据来源: 串口接收 -> PendulumState.physical_length
2025-09-02 14:47:37.477 | INFO     | Pendulum.PendulumAPP:_processSerialData:120 - 📏 串口长度数据已更新: L40.934315 -> physical_length=40.934315
2025-09-02 14:47:37.478 | INFO     | Pendulum.PendulumAPP:_processSerialData:121 - 🔄 数据来源: 串口接收 -> PendulumState.physical_length
2025-09-02 14:47:37.525 | INFO     | Pendulum.PendulumAPP:_processSerialData:120 - 📏 串口长度数据已更新: L40.934315 -> physical_length=40.934315
2025-09-02 14:47:37.525 | INFO     | Pendulum.PendulumAPP:_processSerialData:121 - 🔄 数据来源: 串口接收 -> PendulumState.physical_length
2025-09-02 14:47:37.571 | INFO     | Pendulum.PendulumAPP:_processSerialData:120 - 📏 串口长度数据已更新: L40.934315 -> physical_length=40.934315
2025-09-02 14:47:37.572 | INFO     | Pendulum.PendulumAPP:_processSerialData:121 - 🔄 数据来源: 串口接收 -> PendulumState.physical_length
2025-09-02 14:47:37.618 | INFO     | Pendulum.PendulumAPP:_processSerialData:120 - 📏 串口长度数据已更新: L40.934315 -> physical_length=40.934315
2025-09-02 14:47:37.619 | INFO     | Pendulum.PendulumAPP:_processSerialData:121 - 🔄 数据来源: 串口接收 -> PendulumState.physical_length
2025-09-02 14:47:37.664 | INFO     | Pendulum.PendulumAPP:_processSerialData:120 - 📏 串口长度数据已更新: L40.934315 -> physical_length=40.934315
2025-09-02 14:47:37.664 | INFO     | Pendulum.PendulumAPP:_processSerialData:121 - 🔄 数据来源: 串口接收 -> PendulumState.physical_length
2025-09-02 14:47:37.710 | INFO     | Pendulum.PendulumAPP:_processSerialData:120 - 📏 串口长度数据已更新: L40.934315 -> physical_length=40.934315
2025-09-02 14:47:37.712 | INFO     | Pendulum.PendulumAPP:_processSerialData:121 - 🔄 数据来源: 串口接收 -> PendulumState.physical_length
2025-09-02 14:47:37.758 | INFO     | Pendulum.PendulumAPP:_processSerialData:120 - 📏 串口长度数据已更新: L40.934315 -> physical_length=40.934315
2025-09-02 14:47:37.761 | INFO     | Pendulum.PendulumAPP:_processSerialData:121 - 🔄 数据来源: 串口接收 -> PendulumState.physical_length
2025-09-02 14:47:37.792 | INFO     | Pendulum.PendulumAPP:_keyEventWeb:289 - d1
2025-09-02 14:47:37.792 | INFO     | Pendulum.SerialConncet:send:199 - sendd1
2025-09-02 14:47:37.793 | INFO     | Pendulum.SerialConncet:send:201 - [发送] d1
2025-09-02 14:47:37.805 | INFO     | Pendulum.PendulumAPP:_processSerialData:120 - 📏 串口长度数据已更新: L40.934315 -> physical_length=40.934315
2025-09-02 14:47:37.807 | INFO     | Pendulum.PendulumAPP:_processSerialData:121 - 🔄 数据来源: 串口接收 -> PendulumState.physical_length
2025-09-02 14:47:37.851 | INFO     | Pendulum.PendulumAPP:_processSerialData:120 - 📏 串口长度数据已更新: L40.934315 -> physical_length=40.934315
2025-09-02 14:47:37.854 | INFO     | Pendulum.PendulumAPP:_processSerialData:121 - 🔄 数据来源: 串口接收 -> PendulumState.physical_length
2025-09-02 14:47:37.897 | INFO     | Pendulum.PendulumAPP:_processSerialData:120 - 📏 串口长度数据已更新: L40.934315 -> physical_length=40.934315
2025-09-02 14:47:37.898 | INFO     | Pendulum.PendulumAPP:_processSerialData:121 - 🔄 数据来源: 串口接收 -> PendulumState.physical_length
2025-09-02 14:47:37.943 | INFO     | Pendulum.PendulumAPP:_processSerialData:120 - 📏 串口长度数据已更新: L40.934315 -> physical_length=40.934315
2025-09-02 14:47:37.944 | INFO     | Pendulum.PendulumAPP:_processSerialData:121 - 🔄 数据来源: 串口接收 -> PendulumState.physical_length
2025-09-02 14:47:37.989 | INFO     | Pendulum.PendulumAPP:_processSerialData:120 - 📏 串口长度数据已更新: L40.934315 -> physical_length=40.934315
2025-09-02 14:47:37.991 | INFO     | Pendulum.PendulumAPP:_processSerialData:121 - 🔄 数据来源: 串口接收 -> PendulumState.physical_length
2025-09-02 14:47:38.035 | INFO     | Pendulum.PendulumAPP:_processSerialData:120 - 📏 串口长度数据已更新: L40.934315 -> physical_length=40.934315
2025-09-02 14:47:38.036 | INFO     | Pendulum.PendulumAPP:_processSerialData:121 - 🔄 数据来源: 串口接收 -> PendulumState.physical_length
2025-09-02 14:47:38.082 | INFO     | Pendulum.PendulumAPP:_processSerialData:120 - 📏 串口长度数据已更新: L40.934315 -> physical_length=40.934315
2025-09-02 14:47:38.083 | INFO     | Pendulum.PendulumAPP:_processSerialData:121 - 🔄 数据来源: 串口接收 -> PendulumState.physical_length
2025-09-02 14:47:38.128 | INFO     | Pendulum.PendulumAPP:_processSerialData:120 - 📏 串口长度数据已更新: L40.934315 -> physical_length=40.934315
2025-09-02 14:47:38.128 | INFO     | Pendulum.PendulumAPP:_processSerialData:121 - 🔄 数据来源: 串口接收 -> PendulumState.physical_length
2025-09-02 14:47:38.174 | INFO     | Pendulum.PendulumAPP:_processSerialData:120 - 📏 串口长度数据已更新: L40.934315 -> physical_length=40.934315
2025-09-02 14:47:38.177 | INFO     | Pendulum.PendulumAPP:_processSerialData:121 - 🔄 数据来源: 串口接收 -> PendulumState.physical_length
2025-09-02 14:47:38.220 | INFO     | Pendulum.PendulumAPP:_processSerialData:120 - 📏 串口长度数据已更新: L40.934315 -> physical_length=40.934315
2025-09-02 14:47:38.222 | INFO     | Pendulum.PendulumAPP:_processSerialData:121 - 🔄 数据来源: 串口接收 -> PendulumState.physical_length
2025-09-02 14:47:38.265 | INFO     | Pendulum.PendulumAPP:_processSerialData:120 - 📏 串口长度数据已更新: L40.934315 -> physical_length=40.934315
2025-09-02 14:47:38.265 | INFO     | Pendulum.PendulumAPP:_processSerialData:121 - 🔄 数据来源: 串口接收 -> PendulumState.physical_length
2025-09-02 14:47:38.311 | INFO     | Pendulum.PendulumAPP:_processSerialData:120 - 📏 串口长度数据已更新: L40.934315 -> physical_length=40.934315
2025-09-02 14:47:38.312 | INFO     | Pendulum.PendulumAPP:_processSerialData:121 - 🔄 数据来源: 串口接收 -> PendulumState.physical_length
2025-09-02 14:47:38.356 | INFO     | Pendulum.PendulumAPP:_processSerialData:120 - 📏 串口长度数据已更新: L40.934315 -> physical_length=40.934315
2025-09-02 14:47:38.357 | INFO     | Pendulum.PendulumAPP:_processSerialData:121 - 🔄 数据来源: 串口接收 -> PendulumState.physical_length
2025-09-02 14:47:38.402 | INFO     | Pendulum.PendulumAPP:_processSerialData:120 - 📏 串口长度数据已更新: L40.934315 -> physical_length=40.934315
2025-09-02 14:47:38.403 | INFO     | Pendulum.PendulumAPP:_processSerialData:121 - 🔄 数据来源: 串口接收 -> PendulumState.physical_length
2025-09-02 14:47:38.449 | INFO     | Pendulum.PendulumAPP:_processSerialData:120 - 📏 串口长度数据已更新: L40.934315 -> physical_length=40.934315
2025-09-02 14:47:38.450 | INFO     | Pendulum.PendulumAPP:_processSerialData:121 - 🔄 数据来源: 串口接收 -> PendulumState.physical_length
2025-09-02 14:47:38.495 | INFO     | Pendulum.PendulumAPP:_processSerialData:120 - 📏 串口长度数据已更新: L40.934315 -> physical_length=40.934315
2025-09-02 14:47:38.497 | INFO     | Pendulum.PendulumAPP:_processSerialData:121 - 🔄 数据来源: 串口接收 -> PendulumState.physical_length
2025-09-02 14:47:38.541 | INFO     | Pendulum.PendulumAPP:_processSerialData:120 - 📏 串口长度数据已更新: L40.934315 -> physical_length=40.934315
2025-09-02 14:47:38.542 | INFO     | Pendulum.PendulumAPP:_processSerialData:121 - 🔄 数据来源: 串口接收 -> PendulumState.physical_length
2025-09-02 14:47:38.588 | INFO     | Pendulum.PendulumAPP:_processSerialData:120 - 📏 串口长度数据已更新: L40.934315 -> physical_length=40.934315
2025-09-02 14:47:38.590 | INFO     | Pendulum.PendulumAPP:_processSerialData:121 - 🔄 数据来源: 串口接收 -> PendulumState.physical_length
2025-09-02 14:47:38.635 | INFO     | Pendulum.PendulumAPP:_processSerialData:120 - 📏 串口长度数据已更新: L40.934315 -> physical_length=40.934315
2025-09-02 14:47:38.637 | INFO     | Pendulum.PendulumAPP:_processSerialData:121 - 🔄 数据来源: 串口接收 -> PendulumState.physical_length
2025-09-02 14:47:38.681 | INFO     | Pendulum.PendulumAPP:_processSerialData:120 - 📏 串口长度数据已更新: L40.934315 -> physical_length=40.934315
2025-09-02 14:47:38.682 | INFO     | Pendulum.PendulumAPP:_processSerialData:121 - 🔄 数据来源: 串口接收 -> PendulumState.physical_length
2025-09-02 14:47:38.728 | INFO     | Pendulum.PendulumAPP:_processSerialData:120 - 📏 串口长度数据已更新: L40.934315 -> physical_length=40.934315
2025-09-02 14:47:38.730 | INFO     | Pendulum.PendulumAPP:_processSerialData:121 - 🔄 数据来源: 串口接收 -> PendulumState.physical_length
2025-09-02 14:47:38.775 | INFO     | Pendulum.PendulumAPP:_processSerialData:120 - 📏 串口长度数据已更新: L40.934315 -> physical_length=40.934315
2025-09-02 14:47:38.776 | INFO     | Pendulum.PendulumAPP:_processSerialData:121 - 🔄 数据来源: 串口接收 -> PendulumState.physical_length
2025-09-02 14:47:38.822 | INFO     | Pendulum.PendulumAPP:_processSerialData:120 - 📏 串口长度数据已更新: L40.934315 -> physical_length=40.934315
2025-09-02 14:47:38.823 | INFO     | Pendulum.PendulumAPP:_processSerialData:121 - 🔄 数据来源: 串口接收 -> PendulumState.physical_length
2025-09-02 14:47:38.868 | INFO     | Pendulum.PendulumAPP:_processSerialData:120 - 📏 串口长度数据已更新: L40.934315 -> physical_length=40.934315
2025-09-02 14:47:38.869 | INFO     | Pendulum.PendulumAPP:_processSerialData:121 - 🔄 数据来源: 串口接收 -> PendulumState.physical_length
2025-09-02 14:47:38.914 | INFO     | Pendulum.PendulumAPP:_processSerialData:120 - 📏 串口长度数据已更新: L40.934315 -> physical_length=40.934315
2025-09-02 14:47:38.915 | INFO     | Pendulum.PendulumAPP:_processSerialData:121 - 🔄 数据来源: 串口接收 -> PendulumState.physical_length
2025-09-02 14:47:38.961 | INFO     | Pendulum.PendulumAPP:_processSerialData:120 - 📏 串口长度数据已更新: L40.934315 -> physical_length=40.934315
2025-09-02 14:47:38.962 | INFO     | Pendulum.PendulumAPP:_processSerialData:121 - 🔄 数据来源: 串口接收 -> PendulumState.physical_length
2025-09-02 14:47:39.007 | INFO     | Pendulum.PendulumAPP:_processSerialData:120 - 📏 串口长度数据已更新: L40.934315 -> physical_length=40.934315
2025-09-02 14:47:39.007 | INFO     | Pendulum.PendulumAPP:_processSerialData:121 - 🔄 数据来源: 串口接收 -> PendulumState.physical_length
2025-09-02 14:47:39.054 | INFO     | Pendulum.PendulumAPP:_processSerialData:120 - 📏 串口长度数据已更新: L40.934315 -> physical_length=40.934315
2025-09-02 14:47:39.057 | INFO     | Pendulum.PendulumAPP:_processSerialData:121 - 🔄 数据来源: 串口接收 -> PendulumState.physical_length
2025-09-02 14:47:39.100 | INFO     | Pendulum.PendulumAPP:_processSerialData:120 - 📏 串口长度数据已更新: L40.934315 -> physical_length=40.934315
2025-09-02 14:47:39.102 | INFO     | Pendulum.PendulumAPP:_processSerialData:121 - 🔄 数据来源: 串口接收 -> PendulumState.physical_length
2025-09-02 14:47:39.147 | INFO     | Pendulum.PendulumAPP:_processSerialData:120 - 📏 串口长度数据已更新: L40.934315 -> physical_length=40.934315
2025-09-02 14:47:39.150 | INFO     | Pendulum.PendulumAPP:_processSerialData:121 - 🔄 数据来源: 串口接收 -> PendulumState.physical_length
2025-09-02 14:47:39.193 | INFO     | Pendulum.PendulumAPP:_processSerialData:120 - 📏 串口长度数据已更新: L40.934315 -> physical_length=40.934315
2025-09-02 14:47:39.194 | INFO     | Pendulum.PendulumAPP:_processSerialData:121 - 🔄 数据来源: 串口接收 -> PendulumState.physical_length
2025-09-02 14:47:39.240 | INFO     | Pendulum.PendulumAPP:_processSerialData:120 - 📏 串口长度数据已更新: L40.934315 -> physical_length=40.934315
2025-09-02 14:47:39.241 | INFO     | Pendulum.PendulumAPP:_processSerialData:121 - 🔄 数据来源: 串口接收 -> PendulumState.physical_length
2025-09-02 14:47:39.287 | INFO     | Pendulum.PendulumAPP:_processSerialData:120 - 📏 串口长度数据已更新: L40.934315 -> physical_length=40.934315
2025-09-02 14:47:39.287 | INFO     | Pendulum.PendulumAPP:_processSerialData:121 - 🔄 数据来源: 串口接收 -> PendulumState.physical_length
2025-09-02 14:47:39.333 | INFO     | Pendulum.PendulumAPP:_processSerialData:120 - 📏 串口长度数据已更新: L40.934315 -> physical_length=40.934315
2025-09-02 14:47:39.334 | INFO     | Pendulum.PendulumAPP:_processSerialData:121 - 🔄 数据来源: 串口接收 -> PendulumState.physical_length
2025-09-02 14:47:39.380 | INFO     | Pendulum.PendulumAPP:_processSerialData:120 - 📏 串口长度数据已更新: L40.934315 -> physical_length=40.934315
2025-09-02 14:47:39.380 | INFO     | Pendulum.PendulumAPP:_processSerialData:121 - 🔄 数据来源: 串口接收 -> PendulumState.physical_length
2025-09-02 14:47:39.428 | INFO     | Pendulum.PendulumAPP:_processSerialData:120 - 📏 串口长度数据已更新: L40.934315 -> physical_length=40.934315
2025-09-02 14:47:39.430 | INFO     | Pendulum.PendulumAPP:_processSerialData:121 - 🔄 数据来源: 串口接收 -> PendulumState.physical_length
2025-09-02 14:47:39.475 | INFO     | Pendulum.PendulumAPP:_processSerialData:120 - 📏 串口长度数据已更新: L40.934315 -> physical_length=40.934315
2025-09-02 14:47:39.476 | INFO     | Pendulum.PendulumAPP:_processSerialData:121 - 🔄 数据来源: 串口接收 -> PendulumState.physical_length
2025-09-02 14:47:39.521 | INFO     | Pendulum.PendulumAPP:_processSerialData:120 - 📏 串口长度数据已更新: L40.934315 -> physical_length=40.934315
2025-09-02 14:47:39.521 | INFO     | Pendulum.PendulumAPP:_processSerialData:121 - 🔄 数据来源: 串口接收 -> PendulumState.physical_length
2025-09-02 14:47:39.569 | INFO     | Pendulum.PendulumAPP:_processSerialData:120 - 📏 串口长度数据已更新: L40.934315 -> physical_length=40.934315
2025-09-02 14:47:39.571 | INFO     | Pendulum.PendulumAPP:_processSerialData:121 - 🔄 数据来源: 串口接收 -> PendulumState.physical_length
2025-09-02 14:47:39.616 | INFO     | Pendulum.PendulumAPP:_processSerialData:120 - 📏 串口长度数据已更新: L40.934315 -> physical_length=40.934315
2025-09-02 14:47:39.618 | INFO     | Pendulum.PendulumAPP:_processSerialData:121 - 🔄 数据来源: 串口接收 -> PendulumState.physical_length
2025-09-02 14:47:39.663 | INFO     | Pendulum.PendulumAPP:_processSerialData:120 - 📏 串口长度数据已更新: L40.934315 -> physical_length=40.934315
2025-09-02 14:47:39.668 | INFO     | Pendulum.PendulumAPP:_processSerialData:121 - 🔄 数据来源: 串口接收 -> PendulumState.physical_length
2025-09-02 14:47:39.709 | INFO     | Pendulum.PendulumAPP:_processSerialData:120 - 📏 串口长度数据已更新: L40.934315 -> physical_length=40.934315
2025-09-02 14:47:39.710 | INFO     | Pendulum.PendulumAPP:_processSerialData:121 - 🔄 数据来源: 串口接收 -> PendulumState.physical_length
2025-09-02 14:47:39.758 | INFO     | Pendulum.PendulumAPP:_processSerialData:120 - 📏 串口长度数据已更新: L40.934315 -> physical_length=40.934315
2025-09-02 14:47:39.758 | INFO     | Pendulum.PendulumAPP:_processSerialData:121 - 🔄 数据来源: 串口接收 -> PendulumState.physical_length
2025-09-02 14:47:39.803 | INFO     | Pendulum.PendulumAPP:_processSerialData:120 - 📏 串口长度数据已更新: L40.934315 -> physical_length=40.934315
2025-09-02 14:47:39.804 | INFO     | Pendulum.PendulumAPP:_processSerialData:121 - 🔄 数据来源: 串口接收 -> PendulumState.physical_length
2025-09-02 14:47:39.849 | INFO     | Pendulum.PendulumAPP:_processSerialData:120 - 📏 串口长度数据已更新: L40.934315 -> physical_length=40.934315
2025-09-02 14:47:39.854 | INFO     | Pendulum.PendulumAPP:_processSerialData:121 - 🔄 数据来源: 串口接收 -> PendulumState.physical_length
2025-09-02 14:47:39.896 | INFO     | Pendulum.PendulumAPP:_processSerialData:120 - 📏 串口长度数据已更新: L40.934315 -> physical_length=40.934315
2025-09-02 14:47:39.898 | INFO     | Pendulum.PendulumAPP:_processSerialData:121 - 🔄 数据来源: 串口接收 -> PendulumState.physical_length
2025-09-02 14:47:39.942 | INFO     | Pendulum.PendulumAPP:_processSerialData:120 - 📏 串口长度数据已更新: L40.934315 -> physical_length=40.934315
2025-09-02 14:47:39.942 | INFO     | Pendulum.PendulumAPP:_processSerialData:121 - 🔄 数据来源: 串口接收 -> PendulumState.physical_length
2025-09-02 14:47:39.989 | INFO     | Pendulum.PendulumAPP:_processSerialData:120 - 📏 串口长度数据已更新: L40.934315 -> physical_length=40.934315
2025-09-02 14:47:39.989 | INFO     | Pendulum.PendulumAPP:_processSerialData:121 - 🔄 数据来源: 串口接收 -> PendulumState.physical_length
2025-09-02 14:47:40.034 | INFO     | Pendulum.PendulumAPP:_processSerialData:120 - 📏 串口长度数据已更新: L40.934315 -> physical_length=40.934315
2025-09-02 14:47:40.035 | INFO     | Pendulum.PendulumAPP:_processSerialData:121 - 🔄 数据来源: 串口接收 -> PendulumState.physical_length
2025-09-02 14:47:40.082 | INFO     | Pendulum.PendulumAPP:_processSerialData:120 - 📏 串口长度数据已更新: L40.934315 -> physical_length=40.934315
2025-09-02 14:47:40.083 | INFO     | Pendulum.PendulumAPP:_processSerialData:121 - 🔄 数据来源: 串口接收 -> PendulumState.physical_length
2025-09-02 14:47:40.127 | INFO     | Pendulum.PendulumAPP:_processSerialData:120 - 📏 串口长度数据已更新: L40.934315 -> physical_length=40.934315
2025-09-02 14:47:40.130 | INFO     | Pendulum.PendulumAPP:_processSerialData:121 - 🔄 数据来源: 串口接收 -> PendulumState.physical_length
2025-09-02 14:47:40.174 | INFO     | Pendulum.PendulumAPP:_processSerialData:120 - 📏 串口长度数据已更新: L40.934315 -> physical_length=40.934315
2025-09-02 14:47:40.176 | INFO     | Pendulum.PendulumAPP:_processSerialData:121 - 🔄 数据来源: 串口接收 -> PendulumState.physical_length
2025-09-02 14:47:40.220 | INFO     | Pendulum.PendulumAPP:_processSerialData:120 - 📏 串口长度数据已更新: L40.934315 -> physical_length=40.934315
